cohort,group,world_seed,model_seed,target_id,budget,degree,target_composition_size,target_physical_complexity,test_accuracy
field_symmetry,random_heads,17,17,0,25,1,,3,0.2
field_symmetry,random_heads,17,17,0,25,2,,3,0.208
field_symmetry,random_heads,17,17,0,25,3,,3,0.2
field_symmetry,random_heads,17,17,0,25,4,,3,0.2
field_symmetry,random_heads,17,17,0,50,1,,3,0.176
field_symmetry,random_heads,17,17,0,50,2,,3,0.176
field_symmetry,random_heads,17,17,0,50,3,,3,0.168
field_symmetry,random_heads,17,17,0,50,4,,3,0.168
field_symmetry,random_heads,17,17,1,25,1,,4,0.136
field_symmetry,random_heads,17,17,1,25,2,,4,0.112
field_symmetry,random_heads,17,17,1,25,3,,4,0.128
field_symmetry,random_heads,17,17,1,25,4,,4,0.128
field_symmetry,random_heads,17,17,1,50,1,,4,0.184
field_symmetry,random_heads,17,17,1,50,2,,4,0.176
field_symmetry,random_heads,17,17,1,50,3,,4,0.176
field_symmetry,random_heads,17,17,1,50,4,,4,0.192
field_symmetry,random_heads,17,17,2,25,1,,3,0.176
field_symmetry,random_heads,17,17,2,25,2,,3,0.176
field_symmetry,random_heads,17,17,2,25,3,,3,0.152
field_symmetry,random_heads,17,17,2,25,4,,3,0.152
field_symmetry,random_heads,17,17,2,50,1,,3,0.168
field_symmetry,random_heads,17,17,2,50,2,,3,0.168
field_symmetry,random_heads,17,17,2,50,3,,3,0.168
field_symmetry,random_heads,17,17,2,50,4,,3,0.168
field_symmetry,random_heads,17,17,3,25,1,,4,0.216
field_symmetry,random_heads,17,17,3,25,2,,4,0.224
field_symmetry,random_heads,17,17,3,25,3,,4,0.224
field_symmetry,random_heads,17,17,3,25,4,,4,0.224
field_symmetry,random_heads,17,17,3,50,1,,4,0.224
field_symmetry,random_heads,17,17,3,50,2,,4,0.224
field_symmetry,random_heads,17,17,3,50,3,,4,0.224
field_symmetry,random_heads,17,17,3,50,4,,4,0.224
field_symmetry,random_heads,17,17,4,25,1,,2,0.16
field_symmetry,random_heads,17,17,4,25,2,,2,0.176
field_symmetry,random_heads,17,17,4,25,3,,2,0.184
field_symmetry,random_heads,17,17,4,25,4,,2,0.176
field_symmetry,random_heads,17,17,4,50,1,,2,0.168
field_symmetry,random_heads,17,17,4,50,2,,2,0.16
field_symmetry,random_heads,17,17,4,50,3,,2,0.16
field_symmetry,random_heads,17,17,4,50,4,,2,0.16
field_symmetry,random_heads,17,17,5,25,1,,4,0.224
field_symmetry,random_heads,17,17,5,25,2,,4,0.24
field_symmetry,random_heads,17,17,5,25,3,,4,0.224
field_symmetry,random_heads,17,17,5,25,4,,4,0.224
field_symmetry,random_heads,17,17,5,50,1,,4,0.248
field_symmetry,random_heads,17,17,5,50,2,,4,0.24
field_symmetry,random_heads,17,17,5,50,3,,4,0.232
field_symmetry,random_heads,17,17,5,50,4,,4,0.232
field_symmetry,random_heads,17,17,6,25,1,,3,0.216
field_symmetry,random_heads,17,17,6,25,2,,3,0.208
field_symmetry,random_heads,17,17,6,25,3,,3,0.216
field_symmetry,random_heads,17,17,6,25,4,,3,0.216
field_symmetry,random_heads,17,17,6,50,1,,3,0.152
field_symmetry,random_heads,17,17,6,50,2,,3,0.152
field_symmetry,random_heads,17,17,6,50,3,,3,0.152
field_symmetry,random_heads,17,17,6,50,4,,3,0.152
field_symmetry,random_heads,17,17,7,25,1,,4,0.192
field_symmetry,random_heads,17,17,7,25,2,,4,0.192
field_symmetry,random_heads,17,17,7,25,3,,4,0.192
field_symmetry,random_heads,17,17,7,25,4,,4,0.192
field_symmetry,random_heads,17,17,7,50,1,,4,0.224
field_symmetry,random_heads,17,17,7,50,2,,4,0.2
field_symmetry,random_heads,17,17,7,50,3,,4,0.2
field_symmetry,random_heads,17,17,7,50,4,,4,0.2
field_symmetry,physical_factors,17,17,0,25,1,,3,0.144
field_symmetry,physical_factors,17,17,0,25,2,,3,0.144
field_symmetry,physical_factors,17,17,0,25,3,,3,0.16
field_symmetry,physical_factors,17,17,0,25,4,,3,0.152
field_symmetry,physical_factors,17,17,0,50,1,,3,0.144
field_symmetry,physical_factors,17,17,0,50,2,,3,0.192
field_symmetry,physical_factors,17,17,0,50,3,,3,0.208
field_symmetry,physical_factors,17,17,0,50,4,,3,0.208
field_symmetry,physical_factors,17,17,1,25,1,,4,0.16
field_symmetry,physical_factors,17,17,1,25,2,,4,0.136
field_symmetry,physical_factors,17,17,1,25,3,,4,0.136
field_symmetry,physical_factors,17,17,1,25,4,,4,0.136
field_symmetry,physical_factors,17,17,1,50,1,,4,0.184
field_symmetry,physical_factors,17,17,1,50,2,,4,0.152
field_symmetry,physical_factors,17,17,1,50,3,,4,0.144
field_symmetry,physical_factors,17,17,1,50,4,,4,0.152
field_symmetry,physical_factors,17,17,2,25,1,,3,0.208
field_symmetry,physical_factors,17,17,2,25,2,,3,0.16
field_symmetry,physical_factors,17,17,2,25,3,,3,0.168
field_symmetry,physical_factors,17,17,2,25,4,,3,0.168
field_symmetry,physical_factors,17,17,2,50,1,,3,0.176
field_symmetry,physical_factors,17,17,2,50,2,,3,0.136
field_symmetry,physical_factors,17,17,2,50,3,,3,0.152
field_symmetry,physical_factors,17,17,2,50,4,,3,0.144
field_symmetry,physical_factors,17,17,3,25,1,,4,0.168
field_symmetry,physical_factors,17,17,3,25,2,,4,0.168
field_symmetry,physical_factors,17,17,3,25,3,,4,0.16
field_symmetry,physical_factors,17,17,3,25,4,,4,0.16
field_symmetry,physical_factors,17,17,3,50,1,,4,0.168
field_symmetry,physical_factors,17,17,3,50,2,,4,0.128
field_symmetry,physical_factors,17,17,3,50,3,,4,0.112
field_symmetry,physical_factors,17,17,3,50,4,,4,0.136
field_symmetry,physical_factors,17,17,4,25,1,,2,0.24
field_symmetry,physical_factors,17,17,4,25,2,,2,0.304
field_symmetry,physical_factors,17,17,4,25,3,,2,0.328
field_symmetry,physical_factors,17,17,4,25,4,,2,0.328
field_symmetry,physical_factors,17,17,4,50,1,,2,0.136
field_symmetry,physical_factors,17,17,4,50,2,,2,0.312
field_symmetry,physical_factors,17,17,4,50,3,,2,0.36
field_symmetry,physical_factors,17,17,4,50,4,,2,0.344
field_symmetry,physical_factors,17,17,5,25,1,,4,0.232
field_symmetry,physical_factors,17,17,5,25,2,,4,0.16
field_symmetry,physical_factors,17,17,5,25,3,,4,0.144
field_symmetry,physical_factors,17,17,5,25,4,,4,0.152
field_symmetry,physical_factors,17,17,5,50,1,,4,0.232
field_symmetry,physical_factors,17,17,5,50,2,,4,0.2
field_symmetry,physical_factors,17,17,5,50,3,,4,0.152
field_symmetry,physical_factors,17,17,5,50,4,,4,0.152
field_symmetry,physical_factors,17,17,6,25,1,,3,0.144
field_symmetry,physical_factors,17,17,6,25,2,,3,0.152
field_symmetry,physical_factors,17,17,6,25,3,,3,0.16
field_symmetry,physical_factors,17,17,6,25,4,,3,0.16
field_symmetry,physical_factors,17,17,6,50,1,,3,0.16
field_symmetry,physical_factors,17,17,6,50,2,,3,0.136
field_symmetry,physical_factors,17,17,6,50,3,,3,0.144
field_symmetry,physical_factors,17,17,6,50,4,,3,0.144
field_symmetry,physical_factors,17,17,7,25,1,,4,0.144
field_symmetry,physical_factors,17,17,7,25,2,,4,0.152
field_symmetry,physical_factors,17,17,7,25,3,,4,0.144
field_symmetry,physical_factors,17,17,7,25,4,,4,0.144
field_symmetry,physical_factors,17,17,7,50,1,,4,0.176
field_symmetry,physical_factors,17,17,7,50,2,,4,0.128
field_symmetry,physical_factors,17,17,7,50,3,,4,0.12
field_symmetry,physical_factors,17,17,7,50,4,,4,0.12
field_symmetry,P,17,17,0,25,1,2,3,0.168
field_symmetry,P,17,17,0,25,2,2,3,0.272
field_symmetry,P,17,17,0,25,3,2,3,0.296
field_symmetry,P,17,17,0,25,4,2,3,0.288
field_symmetry,P,17,17,0,50,1,2,3,0.2
field_symmetry,P,17,17,0,50,2,2,3,0.32
field_symmetry,P,17,17,0,50,3,2,3,0.36
field_symmetry,P,17,17,0,50,4,2,3,0.344
field_symmetry,P,17,17,1,25,1,2,4,0.2
field_symmetry,P,17,17,1,25,2,2,4,0.304
field_symmetry,P,17,17,1,25,3,2,4,0.28
field_symmetry,P,17,17,1,25,4,2,4,0.272
field_symmetry,P,17,17,1,50,1,2,4,0.272
field_symmetry,P,17,17,1,50,2,2,4,0.384
field_symmetry,P,17,17,1,50,3,2,4,0.4
field_symmetry,P,17,17,1,50,4,2,4,0.4
field_symmetry,P,17,17,2,25,1,3,3,0.208
field_symmetry,P,17,17,2,25,2,3,3,0.184
field_symmetry,P,17,17,2,25,3,3,3,0.192
field_symmetry,P,17,17,2,25,4,3,3,0.176
field_symmetry,P,17,17,2,50,1,3,3,0.168
field_symmetry,P,17,17,2,50,2,3,3,0.128
field_symmetry,P,17,17,2,50,3,3,3,0.152
field_symmetry,P,17,17,2,50,4,3,3,0.136
field_symmetry,P,17,17,3,25,1,3,4,0.176
field_symmetry,P,17,17,3,25,2,3,4,0.152
field_symmetry,P,17,17,3,25,3,3,4,0.144
field_symmetry,P,17,17,3,25,4,3,4,0.136
field_symmetry,P,17,17,3,50,1,3,4,0.12
field_symmetry,P,17,17,3,50,2,3,4,0.12
field_symmetry,P,17,17,3,50,3,3,4,0.128
field_symmetry,P,17,17,3,50,4,3,4,0.128
field_symmetry,P,17,17,4,25,1,3,2,0.128
field_symmetry,P,17,17,4,25,2,3,2,0.08
field_symmetry,P,17,17,4,25,3,3,2,0.08
field_symmetry,P,17,17,4,25,4,3,2,0.088
field_symmetry,P,17,17,4,50,1,3,2,0.136
field_symmetry,P,17,17,4,50,2,3,2,0.104
field_symmetry,P,17,17,4,50,3,3,2,0.128
field_symmetry,P,17,17,4,50,4,3,2,0.12
field_symmetry,P,17,17,5,25,1,3,4,0.16
field_symmetry,P,17,17,5,25,2,3,4,0.152
field_symmetry,P,17,17,5,25,3,3,4,0.16
field_symmetry,P,17,17,5,25,4,3,4,0.168
field_symmetry,P,17,17,5,50,1,3,4,0.152
field_symmetry,P,17,17,5,50,2,3,4,0.12
field_symmetry,P,17,17,5,50,3,3,4,0.136
field_symmetry,P,17,17,5,50,4,3,4,0.136
field_symmetry,P,17,17,6,25,1,4,3,0.192
field_symmetry,P,17,17,6,25,2,4,3,0.176
field_symmetry,P,17,17,6,25,3,4,3,0.176
field_symmetry,P,17,17,6,25,4,4,3,0.16
field_symmetry,P,17,17,6,50,1,4,3,0.16
field_symmetry,P,17,17,6,50,2,4,3,0.136
field_symmetry,P,17,17,6,50,3,4,3,0.096
field_symmetry,P,17,17,6,50,4,4,3,0.104
field_symmetry,P,17,17,7,25,1,4,4,0.208
field_symmetry,P,17,17,7,25,2,4,4,0.168
field_symmetry,P,17,17,7,25,3,4,4,0.136
field_symmetry,P,17,17,7,25,4,4,4,0.136
field_symmetry,P,17,17,7,50,1,4,4,0.16
field_symmetry,P,17,17,7,50,2,4,4,0.112
field_symmetry,P,17,17,7,50,3,4,4,0.096
field_symmetry,P,17,17,7,50,4,4,4,0.096
field_symmetry,M1,17,17,0,25,1,2,3,0.184
field_symmetry,M1,17,17,0,25,2,2,3,0.256
field_symmetry,M1,17,17,0,25,3,2,3,0.264
field_symmetry,M1,17,17,0,25,4,2,3,0.264
field_symmetry,M1,17,17,0,50,1,2,3,0.2
field_symmetry,M1,17,17,0,50,2,2,3,0.336
field_symmetry,M1,17,17,0,50,3,2,3,0.384
field_symmetry,M1,17,17,0,50,4,2,3,0.36
field_symmetry,M1,17,17,1,25,1,3,4,0.216
field_symmetry,M1,17,17,1,25,2,3,4,0.216
field_symmetry,M1,17,17,1,25,3,3,4,0.208
field_symmetry,M1,17,17,1,25,4,3,4,0.208
field_symmetry,M1,17,17,1,50,1,3,4,0.184
field_symmetry,M1,17,17,1,50,2,3,4,0.184
field_symmetry,M1,17,17,1,50,3,3,4,0.208
field_symmetry,M1,17,17,1,50,4,3,4,0.216
field_symmetry,M1,17,17,2,25,1,2,3,0.232
field_symmetry,M1,17,17,2,25,2,2,3,0.296
field_symmetry,M1,17,17,2,25,3,2,3,0.312
field_symmetry,M1,17,17,2,25,4,2,3,0.296
field_symmetry,M1,17,17,2,50,1,2,3,0.168
field_symmetry,M1,17,17,2,50,2,2,3,0.328
field_symmetry,M1,17,17,2,50,3,2,3,0.352
field_symmetry,M1,17,17,2,50,4,2,3,0.32
field_symmetry,M1,17,17,3,25,1,3,4,0.16
field_symmetry,M1,17,17,3,25,2,3,4,0.136
field_symmetry,M1,17,17,3,25,3,3,4,0.144
field_symmetry,M1,17,17,3,25,4,3,4,0.128
field_symmetry,M1,17,17,3,50,1,3,4,0.176
field_symmetry,M1,17,17,3,50,2,3,4,0.136
field_symmetry,M1,17,17,3,50,3,3,4,0.136
field_symmetry,M1,17,17,3,50,4,3,4,0.136
field_symmetry,M1,17,17,4,25,1,3,2,0.12
field_symmetry,M1,17,17,4,25,2,3,2,0.096
field_symmetry,M1,17,17,4,25,3,3,2,0.096
field_symmetry,M1,17,17,4,25,4,3,2,0.104
field_symmetry,M1,17,17,4,50,1,3,2,0.088
field_symmetry,M1,17,17,4,50,2,3,2,0.112
field_symmetry,M1,17,17,4,50,3,3,2,0.144
field_symmetry,M1,17,17,4,50,4,3,2,0.136
field_symmetry,M1,17,17,5,25,1,3,4,0.176
field_symmetry,M1,17,17,5,25,2,3,4,0.16
field_symmetry,M1,17,17,5,25,3,3,4,0.168
field_symmetry,M1,17,17,5,25,4,3,4,0.16
field_symmetry,M1,17,17,5,50,1,3,4,0.168
field_symmetry,M1,17,17,5,50,2,3,4,0.152
field_symmetry,M1,17,17,5,50,3,3,4,0.168
field_symmetry,M1,17,17,5,50,4,3,4,0.168
field_symmetry,M1,17,17,6,25,1,3,3,0.216
field_symmetry,M1,17,17,6,25,2,3,3,0.192
field_symmetry,M1,17,17,6,25,3,3,3,0.2
field_symmetry,M1,17,17,6,25,4,3,3,0.192
field_symmetry,M1,17,17,6,50,1,3,3,0.144
field_symmetry,M1,17,17,6,50,2,3,3,0.136
field_symmetry,M1,17,17,6,50,3,3,3,0.152
field_symmetry,M1,17,17,6,50,4,3,3,0.168
field_symmetry,M1,17,17,7,25,1,4,4,0.2
field_symmetry,M1,17,17,7,25,2,4,4,0.168
field_symmetry,M1,17,17,7,25,3,4,4,0.136
field_symmetry,M1,17,17,7,25,4,4,4,0.136
field_symmetry,M1,17,17,7,50,1,4,4,0.16
field_symmetry,M1,17,17,7,50,2,4,4,0.144
field_symmetry,M1,17,17,7,50,3,4,4,0.104
field_symmetry,M1,17,17,7,50,4,4,4,0.104
field_symmetry,M4,17,17,0,25,1,2,3,0.176
field_symmetry,M4,17,17,0,25,2,2,3,0.248
field_symmetry,M4,17,17,0,25,3,2,3,0.28
field_symmetry,M4,17,17,0,25,4,2,3,0.28
field_symmetry,M4,17,17,0,50,1,2,3,0.192
field_symmetry,M4,17,17,0,50,2,2,3,0.344
field_symmetry,M4,17,17,0,50,3,2,3,0.392
field_symmetry,M4,17,17,0,50,4,2,3,0.368
field_symmetry,M4,17,17,1,25,1,3,4,0.12
field_symmetry,M4,17,17,1,25,2,3,4,0.16
field_symmetry,M4,17,17,1,25,3,3,4,0.168
field_symmetry,M4,17,17,1,25,4,3,4,0.168
field_symmetry,M4,17,17,1,50,1,3,4,0.192
field_symmetry,M4,17,17,1,50,2,3,4,0.168
field_symmetry,M4,17,17,1,50,3,3,4,0.168
field_symmetry,M4,17,17,1,50,4,3,4,0.176
field_symmetry,M4,17,17,2,25,1,3,3,0.16
field_symmetry,M4,17,17,2,25,2,3,3,0.152
field_symmetry,M4,17,17,2,25,3,3,3,0.136
field_symmetry,M4,17,17,2,25,4,3,3,0.136
field_symmetry,M4,17,17,2,50,1,3,3,0.136
field_symmetry,M4,17,17,2,50,2,3,3,0.16
field_symmetry,M4,17,17,2,50,3,3,3,0.184
field_symmetry,M4,17,17,2,50,4,3,3,0.176
field_symmetry,M4,17,17,3,25,1,3,4,0.152
field_symmetry,M4,17,17,3,25,2,3,4,0.16
field_symmetry,M4,17,17,3,25,3,3,4,0.168
field_symmetry,M4,17,17,3,25,4,3,4,0.16
field_symmetry,M4,17,17,3,50,1,3,4,0.176
field_symmetry,M4,17,17,3,50,2,3,4,0.152
field_symmetry,M4,17,17,3,50,3,3,4,0.168
field_symmetry,M4,17,17,3,50,4,3,4,0.176
field_symmetry,M4,17,17,4,25,1,3,2,0.112
field_symmetry,M4,17,17,4,25,2,3,2,0.08
field_symmetry,M4,17,17,4,25,3,3,2,0.096
field_symmetry,M4,17,17,4,25,4,3,2,0.088
field_symmetry,M4,17,17,4,50,1,3,2,0.128
field_symmetry,M4,17,17,4,50,2,3,2,0.144
field_symmetry,M4,17,17,4,50,3,3,2,0.144
field_symmetry,M4,17,17,4,50,4,3,2,0.16
field_symmetry,M4,17,17,5,25,1,2,4,0.24
field_symmetry,M4,17,17,5,25,2,2,4,0.368
field_symmetry,M4,17,17,5,25,3,2,4,0.376
field_symmetry,M4,17,17,5,25,4,2,4,0.368
field_symmetry,M4,17,17,5,50,1,2,4,0.208
field_symmetry,M4,17,17,5,50,2,2,4,0.352
field_symmetry,M4,17,17,5,50,3,2,4,0.432
field_symmetry,M4,17,17,5,50,4,2,4,0.392
field_symmetry,M4,17,17,6,25,1,4,3,0.24
field_symmetry,M4,17,17,6,25,2,4,3,0.216
field_symmetry,M4,17,17,6,25,3,4,3,0.208
field_symmetry,M4,17,17,6,25,4,4,3,0.208
field_symmetry,M4,17,17,6,50,1,4,3,0.144
field_symmetry,M4,17,17,6,50,2,4,3,0.12
field_symmetry,M4,17,17,6,50,3,4,3,0.096
field_symmetry,M4,17,17,6,50,4,4,3,0.104
field_symmetry,M4,17,17,7,25,1,4,4,0.176
field_symmetry,M4,17,17,7,25,2,4,4,0.128
field_symmetry,M4,17,17,7,25,3,4,4,0.12
field_symmetry,M4,17,17,7,25,4,4,4,0.128
field_symmetry,M4,17,17,7,50,1,4,4,0.16
field_symmetry,M4,17,17,7,50,2,4,4,0.144
field_symmetry,M4,17,17,7,50,3,4,4,0.112
field_symmetry,M4,17,17,7,50,4,4,4,0.112
field_symmetry,M2,17,17,0,25,1,2,3,0.176
field_symmetry,M2,17,17,0,25,2,2,3,0.232
field_symmetry,M2,17,17,0,25,3,2,3,0.248
field_symmetry,M2,17,17,0,25,4,2,3,0.24
field_symmetry,M2,17,17,0,50,1,2,3,0.216
field_symmetry,M2,17,17,0,50,2,2,3,0.328
field_symmetry,M2,17,17,0,50,3,2,3,0.328
field_symmetry,M2,17,17,0,50,4,2,3,0.312
field_symmetry,M2,17,17,1,25,1,3,4,0.184
field_symmetry,M2,17,17,1,25,2,3,4,0.176
field_symmetry,M2,17,17,1,25,3,3,4,0.168
field_symmetry,M2,17,17,1,25,4,3,4,0.168
field_symmetry,M2,17,17,1,50,1,3,4,0.16
field_symmetry,M2,17,17,1,50,2,3,4,0.144
field_symmetry,M2,17,17,1,50,3,3,4,0.176
field_symmetry,M2,17,17,1,50,4,3,4,0.16
field_symmetry,M2,17,17,2,25,1,3,3,0.208
field_symmetry,M2,17,17,2,25,2,3,3,0.192
field_symmetry,M2,17,17,2,25,3,3,3,0.2
field_symmetry,M2,17,17,2,25,4,3,3,0.192
field_symmetry,M2,17,17,2,50,1,3,3,0.2
field_symmetry,M2,17,17,2,50,2,3,3,0.192
field_symmetry,M2,17,17,2,50,3,3,3,0.192
field_symmetry,M2,17,17,2,50,4,3,3,0.192
field_symmetry,M2,17,17,3,25,1,2,4,0.232
field_symmetry,M2,17,17,3,25,2,2,4,0.336
field_symmetry,M2,17,17,3,25,3,2,4,0.36
field_symmetry,M2,17,17,3,25,4,2,4,0.352
field_symmetry,M2,17,17,3,50,1,2,4,0.192
field_symmetry,M2,17,17,3,50,2,2,4,0.296
field_symmetry,M2,17,17,3,50,3,2,4,0.296
field_symmetry,M2,17,17,3,50,4,2,4,0.272
field_symmetry,M2,17,17,4,25,1,3,2,0.104
field_symmetry,M2,17,17,4,25,2,3,2,0.088
field_symmetry,M2,17,17,4,25,3,3,2,0.096
field_symmetry,M2,17,17,4,25,4,3,2,0.112
field_symmetry,M2,17,17,4,50,1,3,2,0.16
field_symmetry,M2,17,17,4,50,2,3,2,0.168
field_symmetry,M2,17,17,4,50,3,3,2,0.184
field_symmetry,M2,17,17,4,50,4,3,2,0.176
field_symmetry,M2,17,17,5,25,1,3,4,0.24
field_symmetry,M2,17,17,5,25,2,3,4,0.208
field_symmetry,M2,17,17,5,25,3,3,4,0.208
field_symmetry,M2,17,17,5,25,4,3,4,0.208
field_symmetry,M2,17,17,5,50,1,3,4,0.2
field_symmetry,M2,17,17,5,50,2,3,4,0.184
field_symmetry,M2,17,17,5,50,3,3,4,0.2
field_symmetry,M2,17,17,5,50,4,3,4,0.192
field_symmetry,M2,17,17,6,25,1,4,3,0.208
field_symmetry,M2,17,17,6,25,2,4,3,0.216
field_symmetry,M2,17,17,6,25,3,4,3,0.208
field_symmetry,M2,17,17,6,25,4,4,3,0.2
field_symmetry,M2,17,17,6,50,1,4,3,0.192
field_symmetry,M2,17,17,6,50,2,4,3,0.16
field_symmetry,M2,17,17,6,50,3,4,3,0.136
field_symmetry,M2,17,17,6,50,4,4,3,0.152
field_symmetry,M2,17,17,7,25,1,3,4,0.144
field_symmetry,M2,17,17,7,25,2,3,4,0.136
field_symmetry,M2,17,17,7,25,3,3,4,0.16
field_symmetry,M2,17,17,7,25,4,3,4,0.168
field_symmetry,M2,17,17,7,50,1,3,4,0.136
field_symmetry,M2,17,17,7,50,2,3,4,0.144
field_symmetry,M2,17,17,7,50,3,3,4,0.144
field_symmetry,M2,17,17,7,50,4,3,4,0.144
field_symmetry,M3,17,17,0,25,1,2,3,0.184
field_symmetry,M3,17,17,0,25,2,2,3,0.264
field_symmetry,M3,17,17,0,25,3,2,3,0.312
field_symmetry,M3,17,17,0,25,4,2,3,0.304
field_symmetry,M3,17,17,0,50,1,2,3,0.184
field_symmetry,M3,17,17,0,50,2,2,3,0.336
field_symmetry,M3,17,17,0,50,3,2,3,0.416
field_symmetry,M3,17,17,0,50,4,2,3,0.368
field_symmetry,M3,17,17,1,25,1,3,4,0.2
field_symmetry,M3,17,17,1,25,2,3,4,0.184
field_symmetry,M3,17,17,1,25,3,3,4,0.192
field_symmetry,M3,17,17,1,25,4,3,4,0.2
field_symmetry,M3,17,17,1,50,1,3,4,0.168
field_symmetry,M3,17,17,1,50,2,3,4,0.168
field_symmetry,M3,17,17,1,50,3,3,4,0.152
field_symmetry,M3,17,17,1,50,4,3,4,0.152
field_symmetry,M3,17,17,2,25,1,3,3,0.16
field_symmetry,M3,17,17,2,25,2,3,3,0.176
field_symmetry,M3,17,17,2,25,3,3,3,0.176
field_symmetry,M3,17,17,2,25,4,3,3,0.184
field_symmetry,M3,17,17,2,50,1,3,3,0.176
field_symmetry,M3,17,17,2,50,2,3,3,0.168
field_symmetry,M3,17,17,2,50,3,3,3,0.216
field_symmetry,M3,17,17,2,50,4,3,3,0.192
field_symmetry,M3,17,17,3,25,1,3,4,0.176
field_symmetry,M3,17,17,3,25,2,3,4,0.152
field_symmetry,M3,17,17,3,25,3,3,4,0.168
field_symmetry,M3,17,17,3,25,4,3,4,0.168
field_symmetry,M3,17,17,3,50,1,3,4,0.152
field_symmetry,M3,17,17,3,50,2,3,4,0.144
field_symmetry,M3,17,17,3,50,3,3,4,0.152
field_symmetry,M3,17,17,3,50,4,3,4,0.152
field_symmetry,M3,17,17,4,25,1,2,2,0.184
field_symmetry,M3,17,17,4,25,2,2,2,0.224
field_symmetry,M3,17,17,4,25,3,2,2,0.224
field_symmetry,M3,17,17,4,25,4,2,2,0.216
field_symmetry,M3,17,17,4,50,1,2,2,0.136
field_symmetry,M3,17,17,4,50,2,2,2,0.264
field_symmetry,M3,17,17,4,50,3,2,2,0.32
field_symmetry,M3,17,17,4,50,4,2,2,0.32
field_symmetry,M3,17,17,5,25,1,3,4,0.192
field_symmetry,M3,17,17,5,25,2,3,4,0.184
field_symmetry,M3,17,17,5,25,3,3,4,0.208
field_symmetry,M3,17,17,5,25,4,3,4,0.216
field_symmetry,M3,17,17,5,50,1,3,4,0.176
field_symmetry,M3,17,17,5,50,2,3,4,0.168
field_symmetry,M3,17,17,5,50,3,3,4,0.184
field_symmetry,M3,17,17,5,50,4,3,4,0.184
field_symmetry,M3,17,17,6,25,1,4,3,0.224
field_symmetry,M3,17,17,6,25,2,4,3,0.208
field_symmetry,M3,17,17,6,25,3,4,3,0.2
field_symmetry,M3,17,17,6,25,4,4,3,0.192
field_symmetry,M3,17,17,6,50,1,4,3,0.152
field_symmetry,M3,17,17,6,50,2,4,3,0.112
field_symmetry,M3,17,17,6,50,3,4,3,0.08
field_symmetry,M3,17,17,6,50,4,4,3,0.088
field_symmetry,M3,17,17,7,25,1,4,4,0.2
field_symmetry,M3,17,17,7,25,2,4,4,0.176
field_symmetry,M3,17,17,7,25,3,4,4,0.16
field_symmetry,M3,17,17,7,25,4,4,4,0.168
field_symmetry,M3,17,17,7,50,1,4,4,0.176
field_symmetry,M3,17,17,7,50,2,4,4,0.144
field_symmetry,M3,17,17,7,50,3,4,4,0.112
field_symmetry,M3,17,17,7,50,4,4,4,0.112
field_symmetry,random_heads,17,42,0,25,1,,3,0.272
field_symmetry,random_heads,17,42,0,25,2,,3,0.264
field_symmetry,random_heads,17,42,0,25,3,,3,0.264
field_symmetry,random_heads,17,42,0,25,4,,3,0.264
field_symmetry,random_heads,17,42,0,50,1,,3,0.224
field_symmetry,random_heads,17,42,0,50,2,,3,0.224
field_symmetry,random_heads,17,42,0,50,3,,3,0.224
field_symmetry,random_heads,17,42,0,50,4,,3,0.24
field_symmetry,random_heads,17,42,1,25,1,,4,0.144
field_symmetry,random_heads,17,42,1,25,2,,4,0.136
field_symmetry,random_heads,17,42,1,25,3,,4,0.136
field_symmetry,random_heads,17,42,1,25,4,,4,0.136
field_symmetry,random_heads,17,42,1,50,1,,4,0.2
field_symmetry,random_heads,17,42,1,50,2,,4,0.2
field_symmetry,random_heads,17,42,1,50,3,,4,0.192
field_symmetry,random_heads,17,42,1,50,4,,4,0.2
field_symmetry,random_heads,17,42,2,25,1,,3,0.144
field_symmetry,random_heads,17,42,2,25,2,,3,0.144
field_symmetry,random_heads,17,42,2,25,3,,3,0.144
field_symmetry,random_heads,17,42,2,25,4,,3,0.144
field_symmetry,random_heads,17,42,2,50,1,,3,0.144
field_symmetry,random_heads,17,42,2,50,2,,3,0.152
field_symmetry,random_heads,17,42,2,50,3,,3,0.144
field_symmetry,random_heads,17,42,2,50,4,,3,0.152
field_symmetry,random_heads,17,42,3,25,1,,4,0.176
field_symmetry,random_heads,17,42,3,25,2,,4,0.176
field_symmetry,random_heads,17,42,3,25,3,,4,0.176
field_symmetry,random_heads,17,42,3,25,4,,4,0.176
field_symmetry,random_heads,17,42,3,50,1,,4,0.152
field_symmetry,random_heads,17,42,3,50,2,,4,0.136
field_symmetry,random_heads,17,42,3,50,3,,4,0.136
field_symmetry,random_heads,17,42,3,50,4,,4,0.136
field_symmetry,random_heads,17,42,4,25,1,,2,0.112
field_symmetry,random_heads,17,42,4,25,2,,2,0.112
field_symmetry,random_heads,17,42,4,25,3,,2,0.104
field_symmetry,random_heads,17,42,4,25,4,,2,0.104
field_symmetry,random_heads,17,42,4,50,1,,2,0.16
field_symmetry,random_heads,17,42,4,50,2,,2,0.16
field_symmetry,random_heads,17,42,4,50,3,,2,0.16
field_symmetry,random_heads,17,42,4,50,4,,2,0.16
field_symmetry,random_heads,17,42,5,25,1,,4,0.192
field_symmetry,random_heads,17,42,5,25,2,,4,0.192
field_symmetry,random_heads,17,42,5,25,3,,4,0.192
field_symmetry,random_heads,17,42,5,25,4,,4,0.2
field_symmetry,random_heads,17,42,5,50,1,,4,0.208
field_symmetry,random_heads,17,42,5,50,2,,4,0.208
field_symmetry,random_heads,17,42,5,50,3,,4,0.192
field_symmetry,random_heads,17,42,5,50,4,,4,0.192
field_symmetry,random_heads,17,42,6,25,1,,3,0.176
field_symmetry,random_heads,17,42,6,25,2,,3,0.168
field_symmetry,random_heads,17,42,6,25,3,,3,0.16
field_symmetry,random_heads,17,42,6,25,4,,3,0.16
field_symmetry,random_heads,17,42,6,50,1,,3,0.168
field_symmetry,random_heads,17,42,6,50,2,,3,0.144
field_symmetry,random_heads,17,42,6,50,3,,3,0.144
field_symmetry,random_heads,17,42,6,50,4,,3,0.144
field_symmetry,random_heads,17,42,7,25,1,,4,0.168
field_symmetry,random_heads,17,42,7,25,2,,4,0.168
field_symmetry,random_heads,17,42,7,25,3,,4,0.168
field_symmetry,random_heads,17,42,7,25,4,,4,0.168
field_symmetry,random_heads,17,42,7,50,1,,4,0.184
field_symmetry,random_heads,17,42,7,50,2,,4,0.184
field_symmetry,random_heads,17,42,7,50,3,,4,0.184
field_symmetry,random_heads,17,42,7,50,4,,4,0.184
field_symmetry,physical_factors,17,42,0,25,1,,3,0.144
field_symmetry,physical_factors,17,42,0,25,2,,3,0.144
field_symmetry,physical_factors,17,42,0,25,3,,3,0.16
field_symmetry,physical_factors,17,42,0,25,4,,3,0.152
field_symmetry,physical_factors,17,42,0,50,1,,3,0.144
field_symmetry,physical_factors,17,42,0,50,2,,3,0.192
field_symmetry,physical_factors,17,42,0,50,3,,3,0.208
field_symmetry,physical_factors,17,42,0,50,4,,3,0.208
field_symmetry,physical_factors,17,42,1,25,1,,4,0.16
field_symmetry,physical_factors,17,42,1,25,2,,4,0.136
field_symmetry,physical_factors,17,42,1,25,3,,4,0.136
field_symmetry,physical_factors,17,42,1,25,4,,4,0.136
field_symmetry,physical_factors,17,42,1,50,1,,4,0.184
field_symmetry,physical_factors,17,42,1,50,2,,4,0.152
field_symmetry,physical_factors,17,42,1,50,3,,4,0.144
field_symmetry,physical_factors,17,42,1,50,4,,4,0.152
field_symmetry,physical_factors,17,42,2,25,1,,3,0.208
field_symmetry,physical_factors,17,42,2,25,2,,3,0.16
field_symmetry,physical_factors,17,42,2,25,3,,3,0.168
field_symmetry,physical_factors,17,42,2,25,4,,3,0.168
field_symmetry,physical_factors,17,42,2,50,1,,3,0.176
field_symmetry,physical_factors,17,42,2,50,2,,3,0.136
field_symmetry,physical_factors,17,42,2,50,3,,3,0.152
field_symmetry,physical_factors,17,42,2,50,4,,3,0.144
field_symmetry,physical_factors,17,42,3,25,1,,4,0.168
field_symmetry,physical_factors,17,42,3,25,2,,4,0.168
field_symmetry,physical_factors,17,42,3,25,3,,4,0.16
field_symmetry,physical_factors,17,42,3,25,4,,4,0.16
field_symmetry,physical_factors,17,42,3,50,1,,4,0.168
field_symmetry,physical_factors,17,42,3,50,2,,4,0.128
field_symmetry,physical_factors,17,42,3,50,3,,4,0.112
field_symmetry,physical_factors,17,42,3,50,4,,4,0.136
field_symmetry,physical_factors,17,42,4,25,1,,2,0.24
field_symmetry,physical_factors,17,42,4,25,2,,2,0.304
field_symmetry,physical_factors,17,42,4,25,3,,2,0.328
field_symmetry,physical_factors,17,42,4,25,4,,2,0.328
field_symmetry,physical_factors,17,42,4,50,1,,2,0.136
field_symmetry,physical_factors,17,42,4,50,2,,2,0.312
field_symmetry,physical_factors,17,42,4,50,3,,2,0.36
field_symmetry,physical_factors,17,42,4,50,4,,2,0.344
field_symmetry,physical_factors,17,42,5,25,1,,4,0.232
field_symmetry,physical_factors,17,42,5,25,2,,4,0.16
field_symmetry,physical_factors,17,42,5,25,3,,4,0.144
field_symmetry,physical_factors,17,42,5,25,4,,4,0.152
field_symmetry,physical_factors,17,42,5,50,1,,4,0.232
field_symmetry,physical_factors,17,42,5,50,2,,4,0.2
field_symmetry,physical_factors,17,42,5,50,3,,4,0.152
field_symmetry,physical_factors,17,42,5,50,4,,4,0.152
field_symmetry,physical_factors,17,42,6,25,1,,3,0.144
field_symmetry,physical_factors,17,42,6,25,2,,3,0.152
field_symmetry,physical_factors,17,42,6,25,3,,3,0.16
field_symmetry,physical_factors,17,42,6,25,4,,3,0.16
field_symmetry,physical_factors,17,42,6,50,1,,3,0.16
field_symmetry,physical_factors,17,42,6,50,2,,3,0.136
field_symmetry,physical_factors,17,42,6,50,3,,3,0.144
field_symmetry,physical_factors,17,42,6,50,4,,3,0.144
field_symmetry,physical_factors,17,42,7,25,1,,4,0.144
field_symmetry,physical_factors,17,42,7,25,2,,4,0.152
field_symmetry,physical_factors,17,42,7,25,3,,4,0.144
field_symmetry,physical_factors,17,42,7,25,4,,4,0.144
field_symmetry,physical_factors,17,42,7,50,1,,4,0.176
field_symmetry,physical_factors,17,42,7,50,2,,4,0.128
field_symmetry,physical_factors,17,42,7,50,3,,4,0.12
field_symmetry,physical_factors,17,42,7,50,4,,4,0.12
field_symmetry,P,17,42,0,25,1,2,3,0.168
field_symmetry,P,17,42,0,25,2,2,3,0.272
field_symmetry,P,17,42,0,25,3,2,3,0.296
field_symmetry,P,17,42,0,25,4,2,3,0.288
field_symmetry,P,17,42,0,50,1,2,3,0.2
field_symmetry,P,17,42,0,50,2,2,3,0.32
field_symmetry,P,17,42,0,50,3,2,3,0.36
field_symmetry,P,17,42,0,50,4,2,3,0.344
field_symmetry,P,17,42,1,25,1,2,4,0.2
field_symmetry,P,17,42,1,25,2,2,4,0.304
field_symmetry,P,17,42,1,25,3,2,4,0.28
field_symmetry,P,17,42,1,25,4,2,4,0.272
field_symmetry,P,17,42,1,50,1,2,4,0.272
field_symmetry,P,17,42,1,50,2,2,4,0.384
field_symmetry,P,17,42,1,50,3,2,4,0.4
field_symmetry,P,17,42,1,50,4,2,4,0.4
field_symmetry,P,17,42,2,25,1,3,3,0.208
field_symmetry,P,17,42,2,25,2,3,3,0.184
field_symmetry,P,17,42,2,25,3,3,3,0.192
field_symmetry,P,17,42,2,25,4,3,3,0.176
field_symmetry,P,17,42,2,50,1,3,3,0.168
field_symmetry,P,17,42,2,50,2,3,3,0.128
field_symmetry,P,17,42,2,50,3,3,3,0.152
field_symmetry,P,17,42,2,50,4,3,3,0.136
field_symmetry,P,17,42,3,25,1,3,4,0.176
field_symmetry,P,17,42,3,25,2,3,4,0.152
field_symmetry,P,17,42,3,25,3,3,4,0.144
field_symmetry,P,17,42,3,25,4,3,4,0.136
field_symmetry,P,17,42,3,50,1,3,4,0.12
field_symmetry,P,17,42,3,50,2,3,4,0.12
field_symmetry,P,17,42,3,50,3,3,4,0.128
field_symmetry,P,17,42,3,50,4,3,4,0.128
field_symmetry,P,17,42,4,25,1,3,2,0.128
field_symmetry,P,17,42,4,25,2,3,2,0.08
field_symmetry,P,17,42,4,25,3,3,2,0.08
field_symmetry,P,17,42,4,25,4,3,2,0.088
field_symmetry,P,17,42,4,50,1,3,2,0.136
field_symmetry,P,17,42,4,50,2,3,2,0.104
field_symmetry,P,17,42,4,50,3,3,2,0.128
field_symmetry,P,17,42,4,50,4,3,2,0.12
field_symmetry,P,17,42,5,25,1,3,4,0.16
field_symmetry,P,17,42,5,25,2,3,4,0.152
field_symmetry,P,17,42,5,25,3,3,4,0.16
field_symmetry,P,17,42,5,25,4,3,4,0.168
field_symmetry,P,17,42,5,50,1,3,4,0.152
field_symmetry,P,17,42,5,50,2,3,4,0.12
field_symmetry,P,17,42,5,50,3,3,4,0.136
field_symmetry,P,17,42,5,50,4,3,4,0.136
field_symmetry,P,17,42,6,25,1,4,3,0.192
field_symmetry,P,17,42,6,25,2,4,3,0.176
field_symmetry,P,17,42,6,25,3,4,3,0.176
field_symmetry,P,17,42,6,25,4,4,3,0.16
field_symmetry,P,17,42,6,50,1,4,3,0.16
field_symmetry,P,17,42,6,50,2,4,3,0.136
field_symmetry,P,17,42,6,50,3,4,3,0.096
field_symmetry,P,17,42,6,50,4,4,3,0.104
field_symmetry,P,17,42,7,25,1,4,4,0.208
field_symmetry,P,17,42,7,25,2,4,4,0.168
field_symmetry,P,17,42,7,25,3,4,4,0.136
field_symmetry,P,17,42,7,25,4,4,4,0.136
field_symmetry,P,17,42,7,50,1,4,4,0.16
field_symmetry,P,17,42,7,50,2,4,4,0.112
field_symmetry,P,17,42,7,50,3,4,4,0.096
field_symmetry,P,17,42,7,50,4,4,4,0.096
field_symmetry,M1,17,42,0,25,1,2,3,0.184
field_symmetry,M1,17,42,0,25,2,2,3,0.256
field_symmetry,M1,17,42,0,25,3,2,3,0.264
field_symmetry,M1,17,42,0,25,4,2,3,0.264
field_symmetry,M1,17,42,0,50,1,2,3,0.2
field_symmetry,M1,17,42,0,50,2,2,3,0.336
field_symmetry,M1,17,42,0,50,3,2,3,0.384
field_symmetry,M1,17,42,0,50,4,2,3,0.36
field_symmetry,M1,17,42,1,25,1,3,4,0.216
field_symmetry,M1,17,42,1,25,2,3,4,0.216
field_symmetry,M1,17,42,1,25,3,3,4,0.208
field_symmetry,M1,17,42,1,25,4,3,4,0.208
field_symmetry,M1,17,42,1,50,1,3,4,0.184
field_symmetry,M1,17,42,1,50,2,3,4,0.184
field_symmetry,M1,17,42,1,50,3,3,4,0.208
field_symmetry,M1,17,42,1,50,4,3,4,0.216
field_symmetry,M1,17,42,2,25,1,2,3,0.232
field_symmetry,M1,17,42,2,25,2,2,3,0.296
field_symmetry,M1,17,42,2,25,3,2,3,0.312
field_symmetry,M1,17,42,2,25,4,2,3,0.296
field_symmetry,M1,17,42,2,50,1,2,3,0.168
field_symmetry,M1,17,42,2,50,2,2,3,0.328
field_symmetry,M1,17,42,2,50,3,2,3,0.352
field_symmetry,M1,17,42,2,50,4,2,3,0.32
field_symmetry,M1,17,42,3,25,1,3,4,0.16
field_symmetry,M1,17,42,3,25,2,3,4,0.136
field_symmetry,M1,17,42,3,25,3,3,4,0.144
field_symmetry,M1,17,42,3,25,4,3,4,0.128
field_symmetry,M1,17,42,3,50,1,3,4,0.176
field_symmetry,M1,17,42,3,50,2,3,4,0.136
field_symmetry,M1,17,42,3,50,3,3,4,0.136
field_symmetry,M1,17,42,3,50,4,3,4,0.136
field_symmetry,M1,17,42,4,25,1,3,2,0.12
field_symmetry,M1,17,42,4,25,2,3,2,0.096
field_symmetry,M1,17,42,4,25,3,3,2,0.096
field_symmetry,M1,17,42,4,25,4,3,2,0.104
field_symmetry,M1,17,42,4,50,1,3,2,0.088
field_symmetry,M1,17,42,4,50,2,3,2,0.112
field_symmetry,M1,17,42,4,50,3,3,2,0.144
field_symmetry,M1,17,42,4,50,4,3,2,0.136
field_symmetry,M1,17,42,5,25,1,3,4,0.176
field_symmetry,M1,17,42,5,25,2,3,4,0.16
field_symmetry,M1,17,42,5,25,3,3,4,0.168
field_symmetry,M1,17,42,5,25,4,3,4,0.16
field_symmetry,M1,17,42,5,50,1,3,4,0.168
field_symmetry,M1,17,42,5,50,2,3,4,0.152
field_symmetry,M1,17,42,5,50,3,3,4,0.168
field_symmetry,M1,17,42,5,50,4,3,4,0.168
field_symmetry,M1,17,42,6,25,1,3,3,0.216
field_symmetry,M1,17,42,6,25,2,3,3,0.192
field_symmetry,M1,17,42,6,25,3,3,3,0.2
field_symmetry,M1,17,42,6,25,4,3,3,0.192
field_symmetry,M1,17,42,6,50,1,3,3,0.144
field_symmetry,M1,17,42,6,50,2,3,3,0.136
field_symmetry,M1,17,42,6,50,3,3,3,0.152
field_symmetry,M1,17,42,6,50,4,3,3,0.168
field_symmetry,M1,17,42,7,25,1,4,4,0.2
field_symmetry,M1,17,42,7,25,2,4,4,0.168
field_symmetry,M1,17,42,7,25,3,4,4,0.136
field_symmetry,M1,17,42,7,25,4,4,4,0.136
field_symmetry,M1,17,42,7,50,1,4,4,0.16
field_symmetry,M1,17,42,7,50,2,4,4,0.144
field_symmetry,M1,17,42,7,50,3,4,4,0.104
field_symmetry,M1,17,42,7,50,4,4,4,0.104
field_symmetry,M4,17,42,0,25,1,2,3,0.176
field_symmetry,M4,17,42,0,25,2,2,3,0.248
field_symmetry,M4,17,42,0,25,3,2,3,0.28
field_symmetry,M4,17,42,0,25,4,2,3,0.28
field_symmetry,M4,17,42,0,50,1,2,3,0.192
field_symmetry,M4,17,42,0,50,2,2,3,0.344
field_symmetry,M4,17,42,0,50,3,2,3,0.392
field_symmetry,M4,17,42,0,50,4,2,3,0.368
field_symmetry,M4,17,42,1,25,1,3,4,0.12
field_symmetry,M4,17,42,1,25,2,3,4,0.16
field_symmetry,M4,17,42,1,25,3,3,4,0.168
field_symmetry,M4,17,42,1,25,4,3,4,0.168
field_symmetry,M4,17,42,1,50,1,3,4,0.192
field_symmetry,M4,17,42,1,50,2,3,4,0.168
field_symmetry,M4,17,42,1,50,3,3,4,0.168
field_symmetry,M4,17,42,1,50,4,3,4,0.176
field_symmetry,M4,17,42,2,25,1,3,3,0.16
field_symmetry,M4,17,42,2,25,2,3,3,0.152
field_symmetry,M4,17,42,2,25,3,3,3,0.136
field_symmetry,M4,17,42,2,25,4,3,3,0.136
field_symmetry,M4,17,42,2,50,1,3,3,0.136
field_symmetry,M4,17,42,2,50,2,3,3,0.16
field_symmetry,M4,17,42,2,50,3,3,3,0.184
field_symmetry,M4,17,42,2,50,4,3,3,0.176
field_symmetry,M4,17,42,3,25,1,3,4,0.152
field_symmetry,M4,17,42,3,25,2,3,4,0.16
field_symmetry,M4,17,42,3,25,3,3,4,0.168
field_symmetry,M4,17,42,3,25,4,3,4,0.16
field_symmetry,M4,17,42,3,50,1,3,4,0.176
field_symmetry,M4,17,42,3,50,2,3,4,0.152
field_symmetry,M4,17,42,3,50,3,3,4,0.168
field_symmetry,M4,17,42,3,50,4,3,4,0.176
field_symmetry,M4,17,42,4,25,1,3,2,0.112
field_symmetry,M4,17,42,4,25,2,3,2,0.08
field_symmetry,M4,17,42,4,25,3,3,2,0.096
field_symmetry,M4,17,42,4,25,4,3,2,0.088
field_symmetry,M4,17,42,4,50,1,3,2,0.128
field_symmetry,M4,17,42,4,50,2,3,2,0.144
field_symmetry,M4,17,42,4,50,3,3,2,0.144
field_symmetry,M4,17,42,4,50,4,3,2,0.16
field_symmetry,M4,17,42,5,25,1,2,4,0.24
field_symmetry,M4,17,42,5,25,2,2,4,0.368
field_symmetry,M4,17,42,5,25,3,2,4,0.376
field_symmetry,M4,17,42,5,25,4,2,4,0.368
field_symmetry,M4,17,42,5,50,1,2,4,0.208
field_symmetry,M4,17,42,5,50,2,2,4,0.352
field_symmetry,M4,17,42,5,50,3,2,4,0.432
field_symmetry,M4,17,42,5,50,4,2,4,0.392
field_symmetry,M4,17,42,6,25,1,4,3,0.24
field_symmetry,M4,17,42,6,25,2,4,3,0.216
field_symmetry,M4,17,42,6,25,3,4,3,0.208
field_symmetry,M4,17,42,6,25,4,4,3,0.208
field_symmetry,M4,17,42,6,50,1,4,3,0.144
field_symmetry,M4,17,42,6,50,2,4,3,0.12
field_symmetry,M4,17,42,6,50,3,4,3,0.096
field_symmetry,M4,17,42,6,50,4,4,3,0.104
field_symmetry,M4,17,42,7,25,1,4,4,0.176
field_symmetry,M4,17,42,7,25,2,4,4,0.128
field_symmetry,M4,17,42,7,25,3,4,4,0.12
field_symmetry,M4,17,42,7,25,4,4,4,0.128
field_symmetry,M4,17,42,7,50,1,4,4,0.16
field_symmetry,M4,17,42,7,50,2,4,4,0.144
field_symmetry,M4,17,42,7,50,3,4,4,0.112
field_symmetry,M4,17,42,7,50,4,4,4,0.112
field_symmetry,M2,17,42,0,25,1,2,3,0.176
field_symmetry,M2,17,42,0,25,2,2,3,0.232
field_symmetry,M2,17,42,0,25,3,2,3,0.248
field_symmetry,M2,17,42,0,25,4,2,3,0.24
field_symmetry,M2,17,42,0,50,1,2,3,0.216
field_symmetry,M2,17,42,0,50,2,2,3,0.328
field_symmetry,M2,17,42,0,50,3,2,3,0.328
field_symmetry,M2,17,42,0,50,4,2,3,0.312
field_symmetry,M2,17,42,1,25,1,3,4,0.184
field_symmetry,M2,17,42,1,25,2,3,4,0.176
field_symmetry,M2,17,42,1,25,3,3,4,0.168
field_symmetry,M2,17,42,1,25,4,3,4,0.168
field_symmetry,M2,17,42,1,50,1,3,4,0.16
field_symmetry,M2,17,42,1,50,2,3,4,0.144
field_symmetry,M2,17,42,1,50,3,3,4,0.176
field_symmetry,M2,17,42,1,50,4,3,4,0.16
field_symmetry,M2,17,42,2,25,1,3,3,0.208
field_symmetry,M2,17,42,2,25,2,3,3,0.192
field_symmetry,M2,17,42,2,25,3,3,3,0.2
field_symmetry,M2,17,42,2,25,4,3,3,0.192
field_symmetry,M2,17,42,2,50,1,3,3,0.2
field_symmetry,M2,17,42,2,50,2,3,3,0.192
field_symmetry,M2,17,42,2,50,3,3,3,0.192
field_symmetry,M2,17,42,2,50,4,3,3,0.192
field_symmetry,M2,17,42,3,25,1,2,4,0.232
field_symmetry,M2,17,42,3,25,2,2,4,0.336
field_symmetry,M2,17,42,3,25,3,2,4,0.36
field_symmetry,M2,17,42,3,25,4,2,4,0.352
field_symmetry,M2,17,42,3,50,1,2,4,0.192
field_symmetry,M2,17,42,3,50,2,2,4,0.296
field_symmetry,M2,17,42,3,50,3,2,4,0.296
field_symmetry,M2,17,42,3,50,4,2,4,0.272
field_symmetry,M2,17,42,4,25,1,3,2,0.104
field_symmetry,M2,17,42,4,25,2,3,2,0.088
field_symmetry,M2,17,42,4,25,3,3,2,0.096
field_symmetry,M2,17,42,4,25,4,3,2,0.112
field_symmetry,M2,17,42,4,50,1,3,2,0.16
field_symmetry,M2,17,42,4,50,2,3,2,0.168
field_symmetry,M2,17,42,4,50,3,3,2,0.184
field_symmetry,M2,17,42,4,50,4,3,2,0.176
field_symmetry,M2,17,42,5,25,1,3,4,0.24
field_symmetry,M2,17,42,5,25,2,3,4,0.208
field_symmetry,M2,17,42,5,25,3,3,4,0.208
field_symmetry,M2,17,42,5,25,4,3,4,0.208
field_symmetry,M2,17,42,5,50,1,3,4,0.2
field_symmetry,M2,17,42,5,50,2,3,4,0.184
field_symmetry,M2,17,42,5,50,3,3,4,0.2
field_symmetry,M2,17,42,5,50,4,3,4,0.192
field_symmetry,M2,17,42,6,25,1,4,3,0.208
field_symmetry,M2,17,42,6,25,2,4,3,0.216
field_symmetry,M2,17,42,6,25,3,4,3,0.208
field_symmetry,M2,17,42,6,25,4,4,3,0.2
field_symmetry,M2,17,42,6,50,1,4,3,0.192
field_symmetry,M2,17,42,6,50,2,4,3,0.16
field_symmetry,M2,17,42,6,50,3,4,3,0.136
field_symmetry,M2,17,42,6,50,4,4,3,0.152
field_symmetry,M2,17,42,7,25,1,3,4,0.144
field_symmetry,M2,17,42,7,25,2,3,4,0.136
field_symmetry,M2,17,42,7,25,3,3,4,0.16
field_symmetry,M2,17,42,7,25,4,3,4,0.168
field_symmetry,M2,17,42,7,50,1,3,4,0.136
field_symmetry,M2,17,42,7,50,2,3,4,0.144
field_symmetry,M2,17,42,7,50,3,3,4,0.144
field_symmetry,M2,17,42,7,50,4,3,4,0.144
field_symmetry,M3,17,42,0,25,1,2,3,0.184
field_symmetry,M3,17,42,0,25,2,2,3,0.264
field_symmetry,M3,17,42,0,25,3,2,3,0.312
field_symmetry,M3,17,42,0,25,4,2,3,0.304
field_symmetry,M3,17,42,0,50,1,2,3,0.184
field_symmetry,M3,17,42,0,50,2,2,3,0.336
field_symmetry,M3,17,42,0,50,3,2,3,0.416
field_symmetry,M3,17,42,0,50,4,2,3,0.368
field_symmetry,M3,17,42,1,25,1,3,4,0.2
field_symmetry,M3,17,42,1,25,2,3,4,0.184
field_symmetry,M3,17,42,1,25,3,3,4,0.192
field_symmetry,M3,17,42,1,25,4,3,4,0.2
field_symmetry,M3,17,42,1,50,1,3,4,0.168
field_symmetry,M3,17,42,1,50,2,3,4,0.168
field_symmetry,M3,17,42,1,50,3,3,4,0.152
field_symmetry,M3,17,42,1,50,4,3,4,0.152
field_symmetry,M3,17,42,2,25,1,3,3,0.16
field_symmetry,M3,17,42,2,25,2,3,3,0.176
field_symmetry,M3,17,42,2,25,3,3,3,0.176
field_symmetry,M3,17,42,2,25,4,3,3,0.184
field_symmetry,M3,17,42,2,50,1,3,3,0.176
field_symmetry,M3,17,42,2,50,2,3,3,0.168
field_symmetry,M3,17,42,2,50,3,3,3,0.216
field_symmetry,M3,17,42,2,50,4,3,3,0.192
field_symmetry,M3,17,42,3,25,1,3,4,0.176
field_symmetry,M3,17,42,3,25,2,3,4,0.152
field_symmetry,M3,17,42,3,25,3,3,4,0.168
field_symmetry,M3,17,42,3,25,4,3,4,0.168
field_symmetry,M3,17,42,3,50,1,3,4,0.152
field_symmetry,M3,17,42,3,50,2,3,4,0.144
field_symmetry,M3,17,42,3,50,3,3,4,0.152
field_symmetry,M3,17,42,3,50,4,3,4,0.152
field_symmetry,M3,17,42,4,25,1,2,2,0.184
field_symmetry,M3,17,42,4,25,2,2,2,0.224
field_symmetry,M3,17,42,4,25,3,2,2,0.224
field_symmetry,M3,17,42,4,25,4,2,2,0.216
field_symmetry,M3,17,42,4,50,1,2,2,0.136
field_symmetry,M3,17,42,4,50,2,2,2,0.264
field_symmetry,M3,17,42,4,50,3,2,2,0.32
field_symmetry,M3,17,42,4,50,4,2,2,0.32
field_symmetry,M3,17,42,5,25,1,3,4,0.192
field_symmetry,M3,17,42,5,25,2,3,4,0.184
field_symmetry,M3,17,42,5,25,3,3,4,0.208
field_symmetry,M3,17,42,5,25,4,3,4,0.216
field_symmetry,M3,17,42,5,50,1,3,4,0.176
field_symmetry,M3,17,42,5,50,2,3,4,0.168
field_symmetry,M3,17,42,5,50,3,3,4,0.184
field_symmetry,M3,17,42,5,50,4,3,4,0.184
field_symmetry,M3,17,42,6,25,1,4,3,0.224
field_symmetry,M3,17,42,6,25,2,4,3,0.208
field_symmetry,M3,17,42,6,25,3,4,3,0.2
field_symmetry,M3,17,42,6,25,4,4,3,0.192
field_symmetry,M3,17,42,6,50,1,4,3,0.152
field_symmetry,M3,17,42,6,50,2,4,3,0.112
field_symmetry,M3,17,42,6,50,3,4,3,0.08
field_symmetry,M3,17,42,6,50,4,4,3,0.088
field_symmetry,M3,17,42,7,25,1,4,4,0.2
field_symmetry,M3,17,42,7,25,2,4,4,0.176
field_symmetry,M3,17,42,7,25,3,4,4,0.16
field_symmetry,M3,17,42,7,25,4,4,4,0.168
field_symmetry,M3,17,42,7,50,1,4,4,0.176
field_symmetry,M3,17,42,7,50,2,4,4,0.144
field_symmetry,M3,17,42,7,50,3,4,4,0.112
field_symmetry,M3,17,42,7,50,4,4,4,0.112
field_symmetry,random_heads,17,101,0,25,1,,3,0.152
field_symmetry,random_heads,17,101,0,25,2,,3,0.144
field_symmetry,random_heads,17,101,0,25,3,,3,0.144
field_symmetry,random_heads,17,101,0,25,4,,3,0.144
field_symmetry,random_heads,17,101,0,50,1,,3,0.152
field_symmetry,random_heads,17,101,0,50,2,,3,0.152
field_symmetry,random_heads,17,101,0,50,3,,3,0.16
field_symmetry,random_heads,17,101,0,50,4,,3,0.16
field_symmetry,random_heads,17,101,1,25,1,,4,0.176
field_symmetry,random_heads,17,101,1,25,2,,4,0.176
field_symmetry,random_heads,17,101,1,25,3,,4,0.176
field_symmetry,random_heads,17,101,1,25,4,,4,0.176
field_symmetry,random_heads,17,101,1,50,1,,4,0.184
field_symmetry,random_heads,17,101,1,50,2,,4,0.208
field_symmetry,random_heads,17,101,1,50,3,,4,0.208
field_symmetry,random_heads,17,101,1,50,4,,4,0.208
field_symmetry,random_heads,17,101,2,25,1,,3,0.192
field_symmetry,random_heads,17,101,2,25,2,,3,0.192
field_symmetry,random_heads,17,101,2,25,3,,3,0.192
field_symmetry,random_heads,17,101,2,25,4,,3,0.192
field_symmetry,random_heads,17,101,2,50,1,,3,0.2
field_symmetry,random_heads,17,101,2,50,2,,3,0.2
field_symmetry,random_heads,17,101,2,50,3,,3,0.208
field_symmetry,random_heads,17,101,2,50,4,,3,0.208
field_symmetry,random_heads,17,101,3,25,1,,4,0.16
field_symmetry,random_heads,17,101,3,25,2,,4,0.16
field_symmetry,random_heads,17,101,3,25,3,,4,0.168
field_symmetry,random_heads,17,101,3,25,4,,4,0.168
field_symmetry,random_heads,17,101,3,50,1,,4,0.168
field_symmetry,random_heads,17,101,3,50,2,,4,0.16
field_symmetry,random_heads,17,101,3,50,3,,4,0.16
field_symmetry,random_heads,17,101,3,50,4,,4,0.16
field_symmetry,random_heads,17,101,4,25,1,,2,0.136
field_symmetry,random_heads,17,101,4,25,2,,2,0.136
field_symmetry,random_heads,17,101,4,25,3,,2,0.136
field_symmetry,random_heads,17,101,4,25,4,,2,0.128
field_symmetry,random_heads,17,101,4,50,1,,2,0.152
field_symmetry,random_heads,17,101,4,50,2,,2,0.144
field_symmetry,random_heads,17,101,4,50,3,,2,0.144
field_symmetry,random_heads,17,101,4,50,4,,2,0.152
field_symmetry,random_heads,17,101,5,25,1,,4,0.16
field_symmetry,random_heads,17,101,5,25,2,,4,0.168
field_symmetry,random_heads,17,101,5,25,3,,4,0.168
field_symmetry,random_heads,17,101,5,25,4,,4,0.168
field_symmetry,random_heads,17,101,5,50,1,,4,0.168
field_symmetry,random_heads,17,101,5,50,2,,4,0.176
field_symmetry,random_heads,17,101,5,50,3,,4,0.176
field_symmetry,random_heads,17,101,5,50,4,,4,0.176
field_symmetry,random_heads,17,101,6,25,1,,3,0.144
field_symmetry,random_heads,17,101,6,25,2,,3,0.152
field_symmetry,random_heads,17,101,6,25,3,,3,0.16
field_symmetry,random_heads,17,101,6,25,4,,3,0.16
field_symmetry,random_heads,17,101,6,50,1,,3,0.184
field_symmetry,random_heads,17,101,6,50,2,,3,0.184
field_symmetry,random_heads,17,101,6,50,3,,3,0.184
field_symmetry,random_heads,17,101,6,50,4,,3,0.184
field_symmetry,random_heads,17,101,7,25,1,,4,0.184
field_symmetry,random_heads,17,101,7,25,2,,4,0.184
field_symmetry,random_heads,17,101,7,25,3,,4,0.184
field_symmetry,random_heads,17,101,7,25,4,,4,0.184
field_symmetry,random_heads,17,101,7,50,1,,4,0.216
field_symmetry,random_heads,17,101,7,50,2,,4,0.216
field_symmetry,random_heads,17,101,7,50,3,,4,0.216
field_symmetry,random_heads,17,101,7,50,4,,4,0.216
field_symmetry,physical_factors,17,101,0,25,1,,3,0.144
field_symmetry,physical_factors,17,101,0,25,2,,3,0.144
field_symmetry,physical_factors,17,101,0,25,3,,3,0.16
field_symmetry,physical_factors,17,101,0,25,4,,3,0.152
field_symmetry,physical_factors,17,101,0,50,1,,3,0.144
field_symmetry,physical_factors,17,101,0,50,2,,3,0.192
field_symmetry,physical_factors,17,101,0,50,3,,3,0.208
field_symmetry,physical_factors,17,101,0,50,4,,3,0.208
field_symmetry,physical_factors,17,101,1,25,1,,4,0.16
field_symmetry,physical_factors,17,101,1,25,2,,4,0.136
field_symmetry,physical_factors,17,101,1,25,3,,4,0.136
field_symmetry,physical_factors,17,101,1,25,4,,4,0.136
field_symmetry,physical_factors,17,101,1,50,1,,4,0.184
field_symmetry,physical_factors,17,101,1,50,2,,4,0.152
field_symmetry,physical_factors,17,101,1,50,3,,4,0.144
field_symmetry,physical_factors,17,101,1,50,4,,4,0.152
field_symmetry,physical_factors,17,101,2,25,1,,3,0.208
field_symmetry,physical_factors,17,101,2,25,2,,3,0.16
field_symmetry,physical_factors,17,101,2,25,3,,3,0.168
field_symmetry,physical_factors,17,101,2,25,4,,3,0.168
field_symmetry,physical_factors,17,101,2,50,1,,3,0.176
field_symmetry,physical_factors,17,101,2,50,2,,3,0.136
field_symmetry,physical_factors,17,101,2,50,3,,3,0.152
field_symmetry,physical_factors,17,101,2,50,4,,3,0.144
field_symmetry,physical_factors,17,101,3,25,1,,4,0.168
field_symmetry,physical_factors,17,101,3,25,2,,4,0.168
field_symmetry,physical_factors,17,101,3,25,3,,4,0.16
field_symmetry,physical_factors,17,101,3,25,4,,4,0.16
field_symmetry,physical_factors,17,101,3,50,1,,4,0.168
field_symmetry,physical_factors,17,101,3,50,2,,4,0.128
field_symmetry,physical_factors,17,101,3,50,3,,4,0.112
field_symmetry,physical_factors,17,101,3,50,4,,4,0.136
field_symmetry,physical_factors,17,101,4,25,1,,2,0.24
field_symmetry,physical_factors,17,101,4,25,2,,2,0.304
field_symmetry,physical_factors,17,101,4,25,3,,2,0.328
field_symmetry,physical_factors,17,101,4,25,4,,2,0.328
field_symmetry,physical_factors,17,101,4,50,1,,2,0.136
field_symmetry,physical_factors,17,101,4,50,2,,2,0.312
field_symmetry,physical_factors,17,101,4,50,3,,2,0.36
field_symmetry,physical_factors,17,101,4,50,4,,2,0.344
field_symmetry,physical_factors,17,101,5,25,1,,4,0.232
field_symmetry,physical_factors,17,101,5,25,2,,4,0.16
field_symmetry,physical_factors,17,101,5,25,3,,4,0.144
field_symmetry,physical_factors,17,101,5,25,4,,4,0.152
field_symmetry,physical_factors,17,101,5,50,1,,4,0.232
field_symmetry,physical_factors,17,101,5,50,2,,4,0.2
field_symmetry,physical_factors,17,101,5,50,3,,4,0.152
field_symmetry,physical_factors,17,101,5,50,4,,4,0.152
field_symmetry,physical_factors,17,101,6,25,1,,3,0.144
field_symmetry,physical_factors,17,101,6,25,2,,3,0.152
field_symmetry,physical_factors,17,101,6,25,3,,3,0.16
field_symmetry,physical_factors,17,101,6,25,4,,3,0.16
field_symmetry,physical_factors,17,101,6,50,1,,3,0.16
field_symmetry,physical_factors,17,101,6,50,2,,3,0.136
field_symmetry,physical_factors,17,101,6,50,3,,3,0.144
field_symmetry,physical_factors,17,101,6,50,4,,3,0.144
field_symmetry,physical_factors,17,101,7,25,1,,4,0.144
field_symmetry,physical_factors,17,101,7,25,2,,4,0.152
field_symmetry,physical_factors,17,101,7,25,3,,4,0.144
field_symmetry,physical_factors,17,101,7,25,4,,4,0.144
field_symmetry,physical_factors,17,101,7,50,1,,4,0.176
field_symmetry,physical_factors,17,101,7,50,2,,4,0.128
field_symmetry,physical_factors,17,101,7,50,3,,4,0.12
field_symmetry,physical_factors,17,101,7,50,4,,4,0.12
field_symmetry,P,17,101,0,25,1,2,3,0.168
field_symmetry,P,17,101,0,25,2,2,3,0.272
field_symmetry,P,17,101,0,25,3,2,3,0.296
field_symmetry,P,17,101,0,25,4,2,3,0.288
field_symmetry,P,17,101,0,50,1,2,3,0.2
field_symmetry,P,17,101,0,50,2,2,3,0.32
field_symmetry,P,17,101,0,50,3,2,3,0.36
field_symmetry,P,17,101,0,50,4,2,3,0.344
field_symmetry,P,17,101,1,25,1,2,4,0.2
field_symmetry,P,17,101,1,25,2,2,4,0.304
field_symmetry,P,17,101,1,25,3,2,4,0.28
field_symmetry,P,17,101,1,25,4,2,4,0.272
field_symmetry,P,17,101,1,50,1,2,4,0.272
field_symmetry,P,17,101,1,50,2,2,4,0.384
field_symmetry,P,17,101,1,50,3,2,4,0.4
field_symmetry,P,17,101,1,50,4,2,4,0.4
field_symmetry,P,17,101,2,25,1,3,3,0.208
field_symmetry,P,17,101,2,25,2,3,3,0.184
field_symmetry,P,17,101,2,25,3,3,3,0.192
field_symmetry,P,17,101,2,25,4,3,3,0.176
field_symmetry,P,17,101,2,50,1,3,3,0.168
field_symmetry,P,17,101,2,50,2,3,3,0.128
field_symmetry,P,17,101,2,50,3,3,3,0.152
field_symmetry,P,17,101,2,50,4,3,3,0.136
field_symmetry,P,17,101,3,25,1,3,4,0.176
field_symmetry,P,17,101,3,25,2,3,4,0.152
field_symmetry,P,17,101,3,25,3,3,4,0.144
field_symmetry,P,17,101,3,25,4,3,4,0.136
field_symmetry,P,17,101,3,50,1,3,4,0.12
field_symmetry,P,17,101,3,50,2,3,4,0.12
field_symmetry,P,17,101,3,50,3,3,4,0.128
field_symmetry,P,17,101,3,50,4,3,4,0.128
field_symmetry,P,17,101,4,25,1,3,2,0.128
field_symmetry,P,17,101,4,25,2,3,2,0.08
field_symmetry,P,17,101,4,25,3,3,2,0.08
field_symmetry,P,17,101,4,25,4,3,2,0.088
field_symmetry,P,17,101,4,50,1,3,2,0.136
field_symmetry,P,17,101,4,50,2,3,2,0.104
field_symmetry,P,17,101,4,50,3,3,2,0.128
field_symmetry,P,17,101,4,50,4,3,2,0.12
field_symmetry,P,17,101,5,25,1,3,4,0.16
field_symmetry,P,17,101,5,25,2,3,4,0.152
field_symmetry,P,17,101,5,25,3,3,4,0.16
field_symmetry,P,17,101,5,25,4,3,4,0.168
field_symmetry,P,17,101,5,50,1,3,4,0.152
field_symmetry,P,17,101,5,50,2,3,4,0.12
field_symmetry,P,17,101,5,50,3,3,4,0.136
field_symmetry,P,17,101,5,50,4,3,4,0.136
field_symmetry,P,17,101,6,25,1,4,3,0.192
field_symmetry,P,17,101,6,25,2,4,3,0.176
field_symmetry,P,17,101,6,25,3,4,3,0.176
field_symmetry,P,17,101,6,25,4,4,3,0.16
field_symmetry,P,17,101,6,50,1,4,3,0.16
field_symmetry,P,17,101,6,50,2,4,3,0.136
field_symmetry,P,17,101,6,50,3,4,3,0.096
field_symmetry,P,17,101,6,50,4,4,3,0.104
field_symmetry,P,17,101,7,25,1,4,4,0.208
field_symmetry,P,17,101,7,25,2,4,4,0.168
field_symmetry,P,17,101,7,25,3,4,4,0.136
field_symmetry,P,17,101,7,25,4,4,4,0.136
field_symmetry,P,17,101,7,50,1,4,4,0.16
field_symmetry,P,17,101,7,50,2,4,4,0.112
field_symmetry,P,17,101,7,50,3,4,4,0.096
field_symmetry,P,17,101,7,50,4,4,4,0.096
field_symmetry,M1,17,101,0,25,1,2,3,0.184
field_symmetry,M1,17,101,0,25,2,2,3,0.256
field_symmetry,M1,17,101,0,25,3,2,3,0.264
field_symmetry,M1,17,101,0,25,4,2,3,0.264
field_symmetry,M1,17,101,0,50,1,2,3,0.2
field_symmetry,M1,17,101,0,50,2,2,3,0.336
field_symmetry,M1,17,101,0,50,3,2,3,0.384
field_symmetry,M1,17,101,0,50,4,2,3,0.36
field_symmetry,M1,17,101,1,25,1,3,4,0.216
field_symmetry,M1,17,101,1,25,2,3,4,0.216
field_symmetry,M1,17,101,1,25,3,3,4,0.208
field_symmetry,M1,17,101,1,25,4,3,4,0.208
field_symmetry,M1,17,101,1,50,1,3,4,0.184
field_symmetry,M1,17,101,1,50,2,3,4,0.184
field_symmetry,M1,17,101,1,50,3,3,4,0.208
field_symmetry,M1,17,101,1,50,4,3,4,0.216
field_symmetry,M1,17,101,2,25,1,2,3,0.232
field_symmetry,M1,17,101,2,25,2,2,3,0.296
field_symmetry,M1,17,101,2,25,3,2,3,0.312
field_symmetry,M1,17,101,2,25,4,2,3,0.296
field_symmetry,M1,17,101,2,50,1,2,3,0.168
field_symmetry,M1,17,101,2,50,2,2,3,0.328
field_symmetry,M1,17,101,2,50,3,2,3,0.352
field_symmetry,M1,17,101,2,50,4,2,3,0.32
field_symmetry,M1,17,101,3,25,1,3,4,0.16
field_symmetry,M1,17,101,3,25,2,3,4,0.136
field_symmetry,M1,17,101,3,25,3,3,4,0.144
field_symmetry,M1,17,101,3,25,4,3,4,0.128
field_symmetry,M1,17,101,3,50,1,3,4,0.176
field_symmetry,M1,17,101,3,50,2,3,4,0.136
field_symmetry,M1,17,101,3,50,3,3,4,0.136
field_symmetry,M1,17,101,3,50,4,3,4,0.136
field_symmetry,M1,17,101,4,25,1,3,2,0.12
field_symmetry,M1,17,101,4,25,2,3,2,0.096
field_symmetry,M1,17,101,4,25,3,3,2,0.096
field_symmetry,M1,17,101,4,25,4,3,2,0.104
field_symmetry,M1,17,101,4,50,1,3,2,0.088
field_symmetry,M1,17,101,4,50,2,3,2,0.112
field_symmetry,M1,17,101,4,50,3,3,2,0.144
field_symmetry,M1,17,101,4,50,4,3,2,0.136
field_symmetry,M1,17,101,5,25,1,3,4,0.176
field_symmetry,M1,17,101,5,25,2,3,4,0.16
field_symmetry,M1,17,101,5,25,3,3,4,0.168
field_symmetry,M1,17,101,5,25,4,3,4,0.16
field_symmetry,M1,17,101,5,50,1,3,4,0.168
field_symmetry,M1,17,101,5,50,2,3,4,0.152
field_symmetry,M1,17,101,5,50,3,3,4,0.168
field_symmetry,M1,17,101,5,50,4,3,4,0.168
field_symmetry,M1,17,101,6,25,1,3,3,0.216
field_symmetry,M1,17,101,6,25,2,3,3,0.192
field_symmetry,M1,17,101,6,25,3,3,3,0.2
field_symmetry,M1,17,101,6,25,4,3,3,0.192
field_symmetry,M1,17,101,6,50,1,3,3,0.144
field_symmetry,M1,17,101,6,50,2,3,3,0.136
field_symmetry,M1,17,101,6,50,3,3,3,0.152
field_symmetry,M1,17,101,6,50,4,3,3,0.168
field_symmetry,M1,17,101,7,25,1,4,4,0.2
field_symmetry,M1,17,101,7,25,2,4,4,0.168
field_symmetry,M1,17,101,7,25,3,4,4,0.136
field_symmetry,M1,17,101,7,25,4,4,4,0.136
field_symmetry,M1,17,101,7,50,1,4,4,0.16
field_symmetry,M1,17,101,7,50,2,4,4,0.144
field_symmetry,M1,17,101,7,50,3,4,4,0.104
field_symmetry,M1,17,101,7,50,4,4,4,0.104
field_symmetry,M4,17,101,0,25,1,2,3,0.176
field_symmetry,M4,17,101,0,25,2,2,3,0.248
field_symmetry,M4,17,101,0,25,3,2,3,0.28
field_symmetry,M4,17,101,0,25,4,2,3,0.28
field_symmetry,M4,17,101,0,50,1,2,3,0.192
field_symmetry,M4,17,101,0,50,2,2,3,0.344
field_symmetry,M4,17,101,0,50,3,2,3,0.392
field_symmetry,M4,17,101,0,50,4,2,3,0.368
field_symmetry,M4,17,101,1,25,1,3,4,0.12
field_symmetry,M4,17,101,1,25,2,3,4,0.16
field_symmetry,M4,17,101,1,25,3,3,4,0.168
field_symmetry,M4,17,101,1,25,4,3,4,0.168
field_symmetry,M4,17,101,1,50,1,3,4,0.192
field_symmetry,M4,17,101,1,50,2,3,4,0.168
field_symmetry,M4,17,101,1,50,3,3,4,0.168
field_symmetry,M4,17,101,1,50,4,3,4,0.176
field_symmetry,M4,17,101,2,25,1,3,3,0.16
field_symmetry,M4,17,101,2,25,2,3,3,0.152
field_symmetry,M4,17,101,2,25,3,3,3,0.136
field_symmetry,M4,17,101,2,25,4,3,3,0.136
field_symmetry,M4,17,101,2,50,1,3,3,0.136
field_symmetry,M4,17,101,2,50,2,3,3,0.16
field_symmetry,M4,17,101,2,50,3,3,3,0.184
field_symmetry,M4,17,101,2,50,4,3,3,0.176
field_symmetry,M4,17,101,3,25,1,3,4,0.152
field_symmetry,M4,17,101,3,25,2,3,4,0.16
field_symmetry,M4,17,101,3,25,3,3,4,0.168
field_symmetry,M4,17,101,3,25,4,3,4,0.16
field_symmetry,M4,17,101,3,50,1,3,4,0.176
field_symmetry,M4,17,101,3,50,2,3,4,0.152
field_symmetry,M4,17,101,3,50,3,3,4,0.168
field_symmetry,M4,17,101,3,50,4,3,4,0.176
field_symmetry,M4,17,101,4,25,1,3,2,0.112
field_symmetry,M4,17,101,4,25,2,3,2,0.08
field_symmetry,M4,17,101,4,25,3,3,2,0.096
field_symmetry,M4,17,101,4,25,4,3,2,0.088
field_symmetry,M4,17,101,4,50,1,3,2,0.128
field_symmetry,M4,17,101,4,50,2,3,2,0.144
field_symmetry,M4,17,101,4,50,3,3,2,0.144
field_symmetry,M4,17,101,4,50,4,3,2,0.16
field_symmetry,M4,17,101,5,25,1,2,4,0.24
field_symmetry,M4,17,101,5,25,2,2,4,0.368
field_symmetry,M4,17,101,5,25,3,2,4,0.376
field_symmetry,M4,17,101,5,25,4,2,4,0.368
field_symmetry,M4,17,101,5,50,1,2,4,0.208
field_symmetry,M4,17,101,5,50,2,2,4,0.352
field_symmetry,M4,17,101,5,50,3,2,4,0.432
field_symmetry,M4,17,101,5,50,4,2,4,0.392
field_symmetry,M4,17,101,6,25,1,4,3,0.24
field_symmetry,M4,17,101,6,25,2,4,3,0.216
field_symmetry,M4,17,101,6,25,3,4,3,0.208
field_symmetry,M4,17,101,6,25,4,4,3,0.208
field_symmetry,M4,17,101,6,50,1,4,3,0.144
field_symmetry,M4,17,101,6,50,2,4,3,0.12
field_symmetry,M4,17,101,6,50,3,4,3,0.096
field_symmetry,M4,17,101,6,50,4,4,3,0.104
field_symmetry,M4,17,101,7,25,1,4,4,0.176
field_symmetry,M4,17,101,7,25,2,4,4,0.128
field_symmetry,M4,17,101,7,25,3,4,4,0.12
field_symmetry,M4,17,101,7,25,4,4,4,0.128
field_symmetry,M4,17,101,7,50,1,4,4,0.16
field_symmetry,M4,17,101,7,50,2,4,4,0.144
field_symmetry,M4,17,101,7,50,3,4,4,0.112
field_symmetry,M4,17,101,7,50,4,4,4,0.112
field_symmetry,M2,17,101,0,25,1,2,3,0.176
field_symmetry,M2,17,101,0,25,2,2,3,0.232
field_symmetry,M2,17,101,0,25,3,2,3,0.248
field_symmetry,M2,17,101,0,25,4,2,3,0.24
field_symmetry,M2,17,101,0,50,1,2,3,0.216
field_symmetry,M2,17,101,0,50,2,2,3,0.328
field_symmetry,M2,17,101,0,50,3,2,3,0.328
field_symmetry,M2,17,101,0,50,4,2,3,0.312
field_symmetry,M2,17,101,1,25,1,3,4,0.184
field_symmetry,M2,17,101,1,25,2,3,4,0.176
field_symmetry,M2,17,101,1,25,3,3,4,0.168
field_symmetry,M2,17,101,1,25,4,3,4,0.168
field_symmetry,M2,17,101,1,50,1,3,4,0.16
field_symmetry,M2,17,101,1,50,2,3,4,0.144
field_symmetry,M2,17,101,1,50,3,3,4,0.176
field_symmetry,M2,17,101,1,50,4,3,4,0.16
field_symmetry,M2,17,101,2,25,1,3,3,0.208
field_symmetry,M2,17,101,2,25,2,3,3,0.192
field_symmetry,M2,17,101,2,25,3,3,3,0.2
field_symmetry,M2,17,101,2,25,4,3,3,0.192
field_symmetry,M2,17,101,2,50,1,3,3,0.2
field_symmetry,M2,17,101,2,50,2,3,3,0.192
field_symmetry,M2,17,101,2,50,3,3,3,0.192
field_symmetry,M2,17,101,2,50,4,3,3,0.192
field_symmetry,M2,17,101,3,25,1,2,4,0.232
field_symmetry,M2,17,101,3,25,2,2,4,0.336
field_symmetry,M2,17,101,3,25,3,2,4,0.36
field_symmetry,M2,17,101,3,25,4,2,4,0.352
field_symmetry,M2,17,101,3,50,1,2,4,0.192
field_symmetry,M2,17,101,3,50,2,2,4,0.296
field_symmetry,M2,17,101,3,50,3,2,4,0.296
field_symmetry,M2,17,101,3,50,4,2,4,0.272
field_symmetry,M2,17,101,4,25,1,3,2,0.104
field_symmetry,M2,17,101,4,25,2,3,2,0.088
field_symmetry,M2,17,101,4,25,3,3,2,0.096
field_symmetry,M2,17,101,4,25,4,3,2,0.112
field_symmetry,M2,17,101,4,50,1,3,2,0.16
field_symmetry,M2,17,101,4,50,2,3,2,0.168
field_symmetry,M2,17,101,4,50,3,3,2,0.184
field_symmetry,M2,17,101,4,50,4,3,2,0.176
field_symmetry,M2,17,101,5,25,1,3,4,0.24
field_symmetry,M2,17,101,5,25,2,3,4,0.208
field_symmetry,M2,17,101,5,25,3,3,4,0.208
field_symmetry,M2,17,101,5,25,4,3,4,0.208
field_symmetry,M2,17,101,5,50,1,3,4,0.2
field_symmetry,M2,17,101,5,50,2,3,4,0.184
field_symmetry,M2,17,101,5,50,3,3,4,0.2
field_symmetry,M2,17,101,5,50,4,3,4,0.192
field_symmetry,M2,17,101,6,25,1,4,3,0.208
field_symmetry,M2,17,101,6,25,2,4,3,0.216
field_symmetry,M2,17,101,6,25,3,4,3,0.208
field_symmetry,M2,17,101,6,25,4,4,3,0.2
field_symmetry,M2,17,101,6,50,1,4,3,0.192
field_symmetry,M2,17,101,6,50,2,4,3,0.16
field_symmetry,M2,17,101,6,50,3,4,3,0.136
field_symmetry,M2,17,101,6,50,4,4,3,0.152
field_symmetry,M2,17,101,7,25,1,3,4,0.144
field_symmetry,M2,17,101,7,25,2,3,4,0.136
field_symmetry,M2,17,101,7,25,3,3,4,0.16
field_symmetry,M2,17,101,7,25,4,3,4,0.168
field_symmetry,M2,17,101,7,50,1,3,4,0.136
field_symmetry,M2,17,101,7,50,2,3,4,0.144
field_symmetry,M2,17,101,7,50,3,3,4,0.144
field_symmetry,M2,17,101,7,50,4,3,4,0.144
field_symmetry,M3,17,101,0,25,1,2,3,0.184
field_symmetry,M3,17,101,0,25,2,2,3,0.264
field_symmetry,M3,17,101,0,25,3,2,3,0.312
field_symmetry,M3,17,101,0,25,4,2,3,0.304
field_symmetry,M3,17,101,0,50,1,2,3,0.184
field_symmetry,M3,17,101,0,50,2,2,3,0.336
field_symmetry,M3,17,101,0,50,3,2,3,0.416
field_symmetry,M3,17,101,0,50,4,2,3,0.368
field_symmetry,M3,17,101,1,25,1,3,4,0.2
field_symmetry,M3,17,101,1,25,2,3,4,0.184
field_symmetry,M3,17,101,1,25,3,3,4,0.192
field_symmetry,M3,17,101,1,25,4,3,4,0.2
field_symmetry,M3,17,101,1,50,1,3,4,0.168
field_symmetry,M3,17,101,1,50,2,3,4,0.168
field_symmetry,M3,17,101,1,50,3,3,4,0.152
field_symmetry,M3,17,101,1,50,4,3,4,0.152
field_symmetry,M3,17,101,2,25,1,3,3,0.16
field_symmetry,M3,17,101,2,25,2,3,3,0.176
field_symmetry,M3,17,101,2,25,3,3,3,0.176
field_symmetry,M3,17,101,2,25,4,3,3,0.184
field_symmetry,M3,17,101,2,50,1,3,3,0.176
field_symmetry,M3,17,101,2,50,2,3,3,0.168
field_symmetry,M3,17,101,2,50,3,3,3,0.216
field_symmetry,M3,17,101,2,50,4,3,3,0.192
field_symmetry,M3,17,101,3,25,1,3,4,0.176
field_symmetry,M3,17,101,3,25,2,3,4,0.152
field_symmetry,M3,17,101,3,25,3,3,4,0.168
field_symmetry,M3,17,101,3,25,4,3,4,0.168
field_symmetry,M3,17,101,3,50,1,3,4,0.152
field_symmetry,M3,17,101,3,50,2,3,4,0.144
field_symmetry,M3,17,101,3,50,3,3,4,0.152
field_symmetry,M3,17,101,3,50,4,3,4,0.152
field_symmetry,M3,17,101,4,25,1,2,2,0.184
field_symmetry,M3,17,101,4,25,2,2,2,0.224
field_symmetry,M3,17,101,4,25,3,2,2,0.224
field_symmetry,M3,17,101,4,25,4,2,2,0.216
field_symmetry,M3,17,101,4,50,1,2,2,0.136
field_symmetry,M3,17,101,4,50,2,2,2,0.264
field_symmetry,M3,17,101,4,50,3,2,2,0.32
field_symmetry,M3,17,101,4,50,4,2,2,0.32
field_symmetry,M3,17,101,5,25,1,3,4,0.192
field_symmetry,M3,17,101,5,25,2,3,4,0.184
field_symmetry,M3,17,101,5,25,3,3,4,0.208
field_symmetry,M3,17,101,5,25,4,3,4,0.216
field_symmetry,M3,17,101,5,50,1,3,4,0.176
field_symmetry,M3,17,101,5,50,2,3,4,0.168
field_symmetry,M3,17,101,5,50,3,3,4,0.184
field_symmetry,M3,17,101,5,50,4,3,4,0.184
field_symmetry,M3,17,101,6,25,1,4,3,0.224
field_symmetry,M3,17,101,6,25,2,4,3,0.208
field_symmetry,M3,17,101,6,25,3,4,3,0.2
field_symmetry,M3,17,101,6,25,4,4,3,0.192
field_symmetry,M3,17,101,6,50,1,4,3,0.152
field_symmetry,M3,17,101,6,50,2,4,3,0.112
field_symmetry,M3,17,101,6,50,3,4,3,0.088
field_symmetry,M3,17,101,6,50,4,4,3,0.088
field_symmetry,M3,17,101,7,25,1,4,4,0.2
field_symmetry,M3,17,101,7,25,2,4,4,0.176
field_symmetry,M3,17,101,7,25,3,4,4,0.16
field_symmetry,M3,17,101,7,25,4,4,4,0.168
field_symmetry,M3,17,101,7,50,1,4,4,0.176
field_symmetry,M3,17,101,7,50,2,4,4,0.144
field_symmetry,M3,17,101,7,50,3,4,4,0.112
field_symmetry,M3,17,101,7,50,4,4,4,0.112
field_symmetry,random_heads,42,17,0,25,1,,3,0.176
field_symmetry,random_heads,42,17,0,25,2,,3,0.176
field_symmetry,random_heads,42,17,0,25,3,,3,0.168
field_symmetry,random_heads,42,17,0,25,4,,3,0.168
field_symmetry,random_heads,42,17,0,50,1,,3,0.152
field_symmetry,random_heads,42,17,0,50,2,,3,0.168
field_symmetry,random_heads,42,17,0,50,3,,3,0.176
field_symmetry,random_heads,42,17,0,50,4,,3,0.176
field_symmetry,random_heads,42,17,1,25,1,,3,0.176
field_symmetry,random_heads,42,17,1,25,2,,3,0.176
field_symmetry,random_heads,42,17,1,25,3,,3,0.176
field_symmetry,random_heads,42,17,1,25,4,,3,0.176
field_symmetry,random_heads,42,17,1,50,1,,3,0.208
field_symmetry,random_heads,42,17,1,50,2,,3,0.216
field_symmetry,random_heads,42,17,1,50,3,,3,0.216
field_symmetry,random_heads,42,17,1,50,4,,3,0.216
field_symmetry,random_heads,42,17,2,25,1,,4,0.216
field_symmetry,random_heads,42,17,2,25,2,,4,0.208
field_symmetry,random_heads,42,17,2,25,3,,4,0.216
field_symmetry,random_heads,42,17,2,25,4,,4,0.232
field_symmetry,random_heads,42,17,2,50,1,,4,0.232
field_symmetry,random_heads,42,17,2,50,2,,4,0.224
field_symmetry,random_heads,42,17,2,50,3,,4,0.224
field_symmetry,random_heads,42,17,2,50,4,,4,0.224
field_symmetry,random_heads,42,17,3,25,1,,4,0.2
field_symmetry,random_heads,42,17,3,25,2,,4,0.216
field_symmetry,random_heads,42,17,3,25,3,,4,0.224
field_symmetry,random_heads,42,17,3,25,4,,4,0.216
field_symmetry,random_heads,42,17,3,50,1,,4,0.16
field_symmetry,random_heads,42,17,3,50,2,,4,0.16
field_symmetry,random_heads,42,17,3,50,3,,4,0.16
field_symmetry,random_heads,42,17,3,50,4,,4,0.168
field_symmetry,random_heads,42,17,4,25,1,,2,0.216
field_symmetry,random_heads,42,17,4,25,2,,2,0.216
field_symmetry,random_heads,42,17,4,25,3,,2,0.192
field_symmetry,random_heads,42,17,4,25,4,,2,0.192
field_symmetry,random_heads,42,17,4,50,1,,2,0.2
field_symmetry,random_heads,42,17,4,50,2,,2,0.2
field_symmetry,random_heads,42,17,4,50,3,,2,0.2
field_symmetry,random_heads,42,17,4,50,4,,2,0.2
field_symmetry,random_heads,42,17,5,25,1,,3,0.16
field_symmetry,random_heads,42,17,5,25,2,,3,0.16
field_symmetry,random_heads,42,17,5,25,3,,3,0.16
field_symmetry,random_heads,42,17,5,25,4,,3,0.16
field_symmetry,random_heads,42,17,5,50,1,,3,0.144
field_symmetry,random_heads,42,17,5,50,2,,3,0.144
field_symmetry,random_heads,42,17,5,50,3,,3,0.144
field_symmetry,random_heads,42,17,5,50,4,,3,0.136
field_symmetry,random_heads,42,17,6,25,1,,3,0.192
field_symmetry,random_heads,42,17,6,25,2,,3,0.192
field_symmetry,random_heads,42,17,6,25,3,,3,0.192
field_symmetry,random_heads,42,17,6,25,4,,3,0.192
field_symmetry,random_heads,42,17,6,50,1,,3,0.2
field_symmetry,random_heads,42,17,6,50,2,,3,0.208
field_symmetry,random_heads,42,17,6,50,3,,3,0.2
field_symmetry,random_heads,42,17,6,50,4,,3,0.192
field_symmetry,random_heads,42,17,7,25,1,,3,0.224
field_symmetry,random_heads,42,17,7,25,2,,3,0.216
field_symmetry,random_heads,42,17,7,25,3,,3,0.208
field_symmetry,random_heads,42,17,7,25,4,,3,0.224
field_symmetry,random_heads,42,17,7,50,1,,3,0.16
field_symmetry,random_heads,42,17,7,50,2,,3,0.16
field_symmetry,random_heads,42,17,7,50,3,,3,0.168
field_symmetry,random_heads,42,17,7,50,4,,3,0.168
field_symmetry,physical_factors,42,17,0,25,1,,3,0.216
field_symmetry,physical_factors,42,17,0,25,2,,3,0.176
field_symmetry,physical_factors,42,17,0,25,3,,3,0.192
field_symmetry,physical_factors,42,17,0,25,4,,3,0.192
field_symmetry,physical_factors,42,17,0,50,1,,3,0.192
field_symmetry,physical_factors,42,17,0,50,2,,3,0.176
field_symmetry,physical_factors,42,17,0,50,3,,3,0.2
field_symmetry,physical_factors,42,17,0,50,4,,3,0.2
field_symmetry,physical_factors,42,17,1,25,1,,3,0.192
field_symmetry,physical_factors,42,17,1,25,2,,3,0.192
field_symmetry,physical_factors,42,17,1,25,3,,3,0.208
field_symmetry,physical_factors,42,17,1,25,4,,3,0.208
field_symmetry,physical_factors,42,17,1,50,1,,3,0.248
field_symmetry,physical_factors,42,17,1,50,2,,3,0.224
field_symmetry,physical_factors,42,17,1,50,3,,3,0.272
field_symmetry,physical_factors,42,17,1,50,4,,3,0.288
field_symmetry,physical_factors,42,17,2,25,1,,4,0.216
field_symmetry,physical_factors,42,17,2,25,2,,4,0.168
field_symmetry,physical_factors,42,17,2,25,3,,4,0.152
field_symmetry,physical_factors,42,17,2,25,4,,4,0.16
field_symmetry,physical_factors,42,17,2,50,1,,4,0.216
field_symmetry,physical_factors,42,17,2,50,2,,4,0.16
field_symmetry,physical_factors,42,17,2,50,3,,4,0.152
field_symmetry,physical_factors,42,17,2,50,4,,4,0.144
field_symmetry,physical_factors,42,17,3,25,1,,4,0.168
field_symmetry,physical_factors,42,17,3,25,2,,4,0.104
field_symmetry,physical_factors,42,17,3,25,3,,4,0.104
field_symmetry,physical_factors,42,17,3,25,4,,4,0.104
field_symmetry,physical_factors,42,17,3,50,1,,4,0.136
field_symmetry,physical_factors,42,17,3,50,2,,4,0.096
field_symmetry,physical_factors,42,17,3,50,3,,4,0.08
field_symmetry,physical_factors,42,17,3,50,4,,4,0.08
field_symmetry,physical_factors,42,17,4,25,1,,2,0.264
field_symmetry,physical_factors,42,17,4,25,2,,2,0.296
field_symmetry,physical_factors,42,17,4,25,3,,2,0.312
field_symmetry,physical_factors,42,17,4,25,4,,2,0.32
field_symmetry,physical_factors,42,17,4,50,1,,2,0.2
field_symmetry,physical_factors,42,17,4,50,2,,2,0.352
field_symmetry,physical_factors,42,17,4,50,3,,2,0.344
field_symmetry,physical_factors,42,17,4,50,4,,2,0.344
field_symmetry,physical_factors,42,17,5,25,1,,3,0.136
field_symmetry,physical_factors,42,17,5,25,2,,3,0.168
field_symmetry,physical_factors,42,17,5,25,3,,3,0.192
field_symmetry,physical_factors,42,17,5,25,4,,3,0.184
field_symmetry,physical_factors,42,17,5,50,1,,3,0.168
field_symmetry,physical_factors,42,17,5,50,2,,3,0.104
field_symmetry,physical_factors,42,17,5,50,3,,3,0.128
field_symmetry,physical_factors,42,17,5,50,4,,3,0.12
field_symmetry,physical_factors,42,17,6,25,1,,3,0.152
field_symmetry,physical_factors,42,17,6,25,2,,3,0.192
field_symmetry,physical_factors,42,17,6,25,3,,3,0.176
field_symmetry,physical_factors,42,17,6,25,4,,3,0.176
field_symmetry,physical_factors,42,17,6,50,1,,3,0.224
field_symmetry,physical_factors,42,17,6,50,2,,3,0.24
field_symmetry,physical_factors,42,17,6,50,3,,3,0.24
field_symmetry,physical_factors,42,17,6,50,4,,3,0.24
field_symmetry,physical_factors,42,17,7,25,1,,3,0.176
field_symmetry,physical_factors,42,17,7,25,2,,3,0.192
field_symmetry,physical_factors,42,17,7,25,3,,3,0.224
field_symmetry,physical_factors,42,17,7,25,4,,3,0.224
field_symmetry,physical_factors,42,17,7,50,1,,3,0.224
field_symmetry,physical_factors,42,17,7,50,2,,3,0.2
field_symmetry,physical_factors,42,17,7,50,3,,3,0.216
field_symmetry,physical_factors,42,17,7,50,4,,3,0.2
field_symmetry,P,42,17,0,25,1,2,3,0.232
field_symmetry,P,42,17,0,25,2,2,3,0.352
field_symmetry,P,42,17,0,25,3,2,3,0.352
field_symmetry,P,42,17,0,25,4,2,3,0.344
field_symmetry,P,42,17,0,50,1,2,3,0.192
field_symmetry,P,42,17,0,50,2,2,3,0.376
field_symmetry,P,42,17,0,50,3,2,3,0.384
field_symmetry,P,42,17,0,50,4,2,3,0.376
field_symmetry,P,42,17,1,25,1,2,3,0.184
field_symmetry,P,42,17,1,25,2,2,3,0.264
field_symmetry,P,42,17,1,25,3,2,3,0.272
field_symmetry,P,42,17,1,25,4,2,3,0.264
field_symmetry,P,42,17,1,50,1,2,3,0.288
field_symmetry,P,42,17,1,50,2,2,3,0.4
field_symmetry,P,42,17,1,50,3,2,3,0.424
field_symmetry,P,42,17,1,50,4,2,3,0.4
field_symmetry,P,42,17,2,25,1,3,4,0.144
field_symmetry,P,42,17,2,25,2,3,4,0.144
field_symmetry,P,42,17,2,25,3,3,4,0.168
field_symmetry,P,42,17,2,25,4,3,4,0.184
field_symmetry,P,42,17,2,50,1,3,4,0.16
field_symmetry,P,42,17,2,50,2,3,4,0.2
field_symmetry,P,42,17,2,50,3,3,4,0.216
field_symmetry,P,42,17,2,50,4,3,4,0.216
field_symmetry,P,42,17,3,25,1,3,4,0.144
field_symmetry,P,42,17,3,25,2,3,4,0.128
field_symmetry,P,42,17,3,25,3,3,4,0.12
field_symmetry,P,42,17,3,25,4,3,4,0.12
field_symmetry,P,42,17,3,50,1,3,4,0.096
field_symmetry,P,42,17,3,50,2,3,4,0.12
field_symmetry,P,42,17,3,50,3,3,4,0.128
field_symmetry,P,42,17,3,50,4,3,4,0.128
field_symmetry,P,42,17,4,25,1,3,2,0.168
field_symmetry,P,42,17,4,25,2,3,2,0.128
field_symmetry,P,42,17,4,25,3,3,2,0.136
field_symmetry,P,42,17,4,25,4,3,2,0.144
field_symmetry,P,42,17,4,50,1,3,2,0.144
field_symmetry,P,42,17,4,50,2,3,2,0.152
field_symmetry,P,42,17,4,50,3,3,2,0.184
field_symmetry,P,42,17,4,50,4,3,2,0.184
field_symmetry,P,42,17,5,25,1,3,3,0.152
field_symmetry,P,42,17,5,25,2,3,3,0.192
field_symmetry,P,42,17,5,25,3,3,3,0.224
field_symmetry,P,42,17,5,25,4,3,3,0.216
field_symmetry,P,42,17,5,50,1,3,3,0.128
field_symmetry,P,42,17,5,50,2,3,3,0.144
field_symmetry,P,42,17,5,50,3,3,3,0.192
field_symmetry,P,42,17,5,50,4,3,3,0.184
field_symmetry,P,42,17,6,25,1,4,3,0.176
field_symmetry,P,42,17,6,25,2,4,3,0.168
field_symmetry,P,42,17,6,25,3,4,3,0.168
field_symmetry,P,42,17,6,25,4,4,3,0.168
field_symmetry,P,42,17,6,50,1,4,3,0.16
field_symmetry,P,42,17,6,50,2,4,3,0.152
field_symmetry,P,42,17,6,50,3,4,3,0.12
field_symmetry,P,42,17,6,50,4,4,3,0.12
field_symmetry,P,42,17,7,25,1,4,3,0.16
field_symmetry,P,42,17,7,25,2,4,3,0.152
field_symmetry,P,42,17,7,25,3,4,3,0.144
field_symmetry,P,42,17,7,25,4,4,3,0.144
field_symmetry,P,42,17,7,50,1,4,3,0.192
field_symmetry,P,42,17,7,50,2,4,3,0.152
field_symmetry,P,42,17,7,50,3,4,3,0.136
field_symmetry,P,42,17,7,50,4,4,3,0.136
field_symmetry,M1,42,17,0,25,1,2,3,0.256
field_symmetry,M1,42,17,0,25,2,2,3,0.328
field_symmetry,M1,42,17,0,25,3,2,3,0.336
field_symmetry,M1,42,17,0,25,4,2,3,0.336
field_symmetry,M1,42,17,0,50,1,2,3,0.24
field_symmetry,M1,42,17,0,50,2,2,3,0.432
field_symmetry,M1,42,17,0,50,3,2,3,0.44
field_symmetry,M1,42,17,0,50,4,2,3,0.408
field_symmetry,M1,42,17,1,25,1,3,3,0.136
field_symmetry,M1,42,17,1,25,2,3,3,0.176
field_symmetry,M1,42,17,1,25,3,3,3,0.184
field_symmetry,M1,42,17,1,25,4,3,3,0.192
field_symmetry,M1,42,17,1,50,1,3,3,0.184
field_symmetry,M1,42,17,1,50,2,3,3,0.16
field_symmetry,M1,42,17,1,50,3,3,3,0.192
field_symmetry,M1,42,17,1,50,4,3,3,0.184
field_symmetry,M1,42,17,2,25,1,2,4,0.184
field_symmetry,M1,42,17,2,25,2,2,4,0.28
field_symmetry,M1,42,17,2,25,3,2,4,0.312
field_symmetry,M1,42,17,2,25,4,2,4,0.304
field_symmetry,M1,42,17,2,50,1,2,4,0.16
field_symmetry,M1,42,17,2,50,2,2,4,0.352
field_symmetry,M1,42,17,2,50,3,2,4,0.392
field_symmetry,M1,42,17,2,50,4,2,4,0.376
field_symmetry,M1,42,17,3,25,1,3,4,0.168
field_symmetry,M1,42,17,3,25,2,3,4,0.168
field_symmetry,M1,42,17,3,25,3,3,4,0.168
field_symmetry,M1,42,17,3,25,4,3,4,0.176
field_symmetry,M1,42,17,3,50,1,3,4,0.184
field_symmetry,M1,42,17,3,50,2,3,4,0.144
field_symmetry,M1,42,17,3,50,3,3,4,0.16
field_symmetry,M1,42,17,3,50,4,3,4,0.16
field_symmetry,M1,42,17,4,25,1,3,2,0.152
field_symmetry,M1,42,17,4,25,2,3,2,0.16
field_symmetry,M1,42,17,4,25,3,3,2,0.16
field_symmetry,M1,42,17,4,25,4,3,2,0.152
field_symmetry,M1,42,17,4,50,1,3,2,0.136
field_symmetry,M1,42,17,4,50,2,3,2,0.12
field_symmetry,M1,42,17,4,50,3,3,2,0.144
field_symmetry,M1,42,17,4,50,4,3,2,0.144
field_symmetry,M1,42,17,5,25,1,3,3,0.232
field_symmetry,M1,42,17,5,25,2,3,3,0.216
field_symmetry,M1,42,17,5,25,3,3,3,0.232
field_symmetry,M1,42,17,5,25,4,3,3,0.232
field_symmetry,M1,42,17,5,50,1,3,3,0.152
field_symmetry,M1,42,17,5,50,2,3,3,0.168
field_symmetry,M1,42,17,5,50,3,3,3,0.192
field_symmetry,M1,42,17,5,50,4,3,3,0.192
field_symmetry,M1,42,17,6,25,1,3,3,0.2
field_symmetry,M1,42,17,6,25,2,3,3,0.2
field_symmetry,M1,42,17,6,25,3,3,3,0.224
field_symmetry,M1,42,17,6,25,4,3,3,0.216
field_symmetry,M1,42,17,6,50,1,3,3,0.192
field_symmetry,M1,42,17,6,50,2,3,3,0.208
field_symmetry,M1,42,17,6,50,3,3,3,0.24
field_symmetry,M1,42,17,6,50,4,3,3,0.232
field_symmetry,M1,42,17,7,25,1,4,3,0.168
field_symmetry,M1,42,17,7,25,2,4,3,0.168
field_symmetry,M1,42,17,7,25,3,4,3,0.16
field_symmetry,M1,42,17,7,25,4,4,3,0.176
field_symmetry,M1,42,17,7,50,1,4,3,0.2
field_symmetry,M1,42,17,7,50,2,4,3,0.184
field_symmetry,M1,42,17,7,50,3,4,3,0.16
field_symmetry,M1,42,17,7,50,4,4,3,0.16
field_symmetry,M4,42,17,0,25,1,2,3,0.264
field_symmetry,M4,42,17,0,25,2,2,3,0.328
field_symmetry,M4,42,17,0,25,3,2,3,0.336
field_symmetry,M4,42,17,0,25,4,2,3,0.336
field_symmetry,M4,42,17,0,50,1,2,3,0.216
field_symmetry,M4,42,17,0,50,2,2,3,0.424
field_symmetry,M4,42,17,0,50,3,2,3,0.416
field_symmetry,M4,42,17,0,50,4,2,3,0.4
field_symmetry,M4,42,17,1,25,1,3,3,0.184
field_symmetry,M4,42,17,1,25,2,3,3,0.176
field_symmetry,M4,42,17,1,25,3,3,3,0.184
field_symmetry,M4,42,17,1,25,4,3,3,0.176
field_symmetry,M4,42,17,1,50,1,3,3,0.168
field_symmetry,M4,42,17,1,50,2,3,3,0.152
field_symmetry,M4,42,17,1,50,3,3,3,0.184
field_symmetry,M4,42,17,1,50,4,3,3,0.184
field_symmetry,M4,42,17,2,25,1,3,4,0.128
field_symmetry,M4,42,17,2,25,2,3,4,0.152
field_symmetry,M4,42,17,2,25,3,3,4,0.152
field_symmetry,M4,42,17,2,25,4,3,4,0.152
field_symmetry,M4,42,17,2,50,1,3,4,0.144
field_symmetry,M4,42,17,2,50,2,3,4,0.192
field_symmetry,M4,42,17,2,50,3,3,4,0.216
field_symmetry,M4,42,17,2,50,4,3,4,0.208
field_symmetry,M4,42,17,3,25,1,3,4,0.152
field_symmetry,M4,42,17,3,25,2,3,4,0.16
field_symmetry,M4,42,17,3,25,3,3,4,0.168
field_symmetry,M4,42,17,3,25,4,3,4,0.168
field_symmetry,M4,42,17,3,50,1,3,4,0.152
field_symmetry,M4,42,17,3,50,2,3,4,0.184
field_symmetry,M4,42,17,3,50,3,3,4,0.184
field_symmetry,M4,42,17,3,50,4,3,4,0.176
field_symmetry,M4,42,17,4,25,1,3,2,0.16
field_symmetry,M4,42,17,4,25,2,3,2,0.184
field_symmetry,M4,42,17,4,25,3,3,2,0.192
field_symmetry,M4,42,17,4,25,4,3,2,0.184
field_symmetry,M4,42,17,4,50,1,3,2,0.104
field_symmetry,M4,42,17,4,50,2,3,2,0.128
field_symmetry,M4,42,17,4,50,3,3,2,0.176
field_symmetry,M4,42,17,4,50,4,3,2,0.152
field_symmetry,M4,42,17,5,25,1,2,3,0.216
field_symmetry,M4,42,17,5,25,2,2,3,0.376
field_symmetry,M4,42,17,5,25,3,2,3,0.368
field_symmetry,M4,42,17,5,25,4,2,3,0.368
field_symmetry,M4,42,17,5,50,1,2,3,0.168
field_symmetry,M4,42,17,5,50,2,2,3,0.384
field_symmetry,M4,42,17,5,50,3,2,3,0.408
field_symmetry,M4,42,17,5,50,4,2,3,0.392
field_symmetry,M4,42,17,6,25,1,4,3,0.16
field_symmetry,M4,42,17,6,25,2,4,3,0.168
field_symmetry,M4,42,17,6,25,3,4,3,0.144
field_symmetry,M4,42,17,6,25,4,4,3,0.144
field_symmetry,M4,42,17,6,50,1,4,3,0.16
field_symmetry,M4,42,17,6,50,2,4,3,0.128
field_symmetry,M4,42,17,6,50,3,4,3,0.104
field_symmetry,M4,42,17,6,50,4,4,3,0.112
field_symmetry,M4,42,17,7,25,1,4,3,0.176
field_symmetry,M4,42,17,7,25,2,4,3,0.176
field_symmetry,M4,42,17,7,25,3,4,3,0.168
field_symmetry,M4,42,17,7,25,4,4,3,0.184
field_symmetry,M4,42,17,7,50,1,4,3,0.192
field_symmetry,M4,42,17,7,50,2,4,3,0.16
field_symmetry,M4,42,17,7,50,3,4,3,0.144
field_symmetry,M4,42,17,7,50,4,4,3,0.144
field_symmetry,M2,42,17,0,25,1,2,3,0.216
field_symmetry,M2,42,17,0,25,2,2,3,0.296
field_symmetry,M2,42,17,0,25,3,2,3,0.312
field_symmetry,M2,42,17,0,25,4,2,3,0.32
field_symmetry,M2,42,17,0,50,1,2,3,0.256
field_symmetry,M2,42,17,0,50,2,2,3,0.424
field_symmetry,M2,42,17,0,50,3,2,3,0.488
field_symmetry,M2,42,17,0,50,4,2,3,0.416
field_symmetry,M2,42,17,1,25,1,3,3,0.176
field_symmetry,M2,42,17,1,25,2,3,3,0.192
field_symmetry,M2,42,17,1,25,3,3,3,0.208
field_symmetry,M2,42,17,1,25,4,3,3,0.2
field_symmetry,M2,42,17,1,50,1,3,3,0.184
field_symmetry,M2,42,17,1,50,2,3,3,0.176
field_symmetry,M2,42,17,1,50,3,3,3,0.176
field_symmetry,M2,42,17,1,50,4,3,3,0.176
field_symmetry,M2,42,17,2,25,1,3,4,0.16
field_symmetry,M2,42,17,2,25,2,3,4,0.144
field_symmetry,M2,42,17,2,25,3,3,4,0.16
field_symmetry,M2,42,17,2,25,4,3,4,0.168
field_symmetry,M2,42,17,2,50,1,3,4,0.168
field_symmetry,M2,42,17,2,50,2,3,4,0.168
field_symmetry,M2,42,17,2,50,3,3,4,0.184
field_symmetry,M2,42,17,2,50,4,3,4,0.184
field_symmetry,M2,42,17,3,25,1,2,4,0.208
field_symmetry,M2,42,17,3,25,2,2,4,0.28
field_symmetry,M2,42,17,3,25,3,2,4,0.304
field_symmetry,M2,42,17,3,25,4,2,4,0.304
field_symmetry,M2,42,17,3,50,1,2,4,0.2
field_symmetry,M2,42,17,3,50,2,2,4,0.28
field_symmetry,M2,42,17,3,50,3,2,4,0.304
field_symmetry,M2,42,17,3,50,4,2,4,0.304
field_symmetry,M2,42,17,4,25,1,3,2,0.136
field_symmetry,M2,42,17,4,25,2,3,2,0.176
field_symmetry,M2,42,17,4,25,3,3,2,0.168
field_symmetry,M2,42,17,4,25,4,3,2,0.176
field_symmetry,M2,42,17,4,50,1,3,2,0.16
field_symmetry,M2,42,17,4,50,2,3,2,0.128
field_symmetry,M2,42,17,4,50,3,3,2,0.152
field_symmetry,M2,42,17,4,50,4,3,2,0.152
field_symmetry,M2,42,17,5,25,1,3,3,0.184
field_symmetry,M2,42,17,5,25,2,3,3,0.216
field_symmetry,M2,42,17,5,25,3,3,3,0.224
field_symmetry,M2,42,17,5,25,4,3,3,0.208
field_symmetry,M2,42,17,5,50,1,3,3,0.16
field_symmetry,M2,42,17,5,50,2,3,3,0.176
field_symmetry,M2,42,17,5,50,3,3,3,0.232
field_symmetry,M2,42,17,5,50,4,3,3,0.224
field_symmetry,M2,42,17,6,25,1,4,3,0.168
field_symmetry,M2,42,17,6,25,2,4,3,0.152
field_symmetry,M2,42,17,6,25,3,4,3,0.152
field_symmetry,M2,42,17,6,25,4,4,3,0.152
field_symmetry,M2,42,17,6,50,1,4,3,0.192
field_symmetry,M2,42,17,6,50,2,4,3,0.168
field_symmetry,M2,42,17,6,50,3,4,3,0.096
field_symmetry,M2,42,17,6,50,4,4,3,0.096
field_symmetry,M2,42,17,7,25,1,3,3,0.152
field_symmetry,M2,42,17,7,25,2,3,3,0.152
field_symmetry,M2,42,17,7,25,3,3,3,0.176
field_symmetry,M2,42,17,7,25,4,3,3,0.176
field_symmetry,M2,42,17,7,50,1,3,3,0.176
field_symmetry,M2,42,17,7,50,2,3,3,0.192
field_symmetry,M2,42,17,7,50,3,3,3,0.232
field_symmetry,M2,42,17,7,50,4,3,3,0.216
field_symmetry,M3,42,17,0,25,1,2,3,0.208
field_symmetry,M3,42,17,0,25,2,2,3,0.312
field_symmetry,M3,42,17,0,25,3,2,3,0.32
field_symmetry,M3,42,17,0,25,4,2,3,0.304
field_symmetry,M3,42,17,0,50,1,2,3,0.248
field_symmetry,M3,42,17,0,50,2,2,3,0.344
field_symmetry,M3,42,17,0,50,3,2,3,0.448
field_symmetry,M3,42,17,0,50,4,2,3,0.432
field_symmetry,M3,42,17,1,25,1,3,3,0.208
field_symmetry,M3,42,17,1,25,2,3,3,0.176
field_symmetry,M3,42,17,1,25,3,3,3,0.176
field_symmetry,M3,42,17,1,25,4,3,3,0.176
field_symmetry,M3,42,17,1,50,1,3,3,0.192
field_symmetry,M3,42,17,1,50,2,3,3,0.176
field_symmetry,M3,42,17,1,50,3,3,3,0.184
field_symmetry,M3,42,17,1,50,4,3,3,0.192
field_symmetry,M3,42,17,2,25,1,3,4,0.152
field_symmetry,M3,42,17,2,25,2,3,4,0.152
field_symmetry,M3,42,17,2,25,3,3,4,0.16
field_symmetry,M3,42,17,2,25,4,3,4,0.16
field_symmetry,M3,42,17,2,50,1,3,4,0.136
field_symmetry,M3,42,17,2,50,2,3,4,0.16
field_symmetry,M3,42,17,2,50,3,3,4,0.2
field_symmetry,M3,42,17,2,50,4,3,4,0.192
field_symmetry,M3,42,17,3,25,1,3,4,0.152
field_symmetry,M3,42,17,3,25,2,3,4,0.176
field_symmetry,M3,42,17,3,25,3,3,4,0.176
field_symmetry,M3,42,17,3,25,4,3,4,0.168
field_symmetry,M3,42,17,3,50,1,3,4,0.168
field_symmetry,M3,42,17,3,50,2,3,4,0.168
field_symmetry,M3,42,17,3,50,3,3,4,0.168
field_symmetry,M3,42,17,3,50,4,3,4,0.16
field_symmetry,M3,42,17,4,25,1,2,2,0.216
field_symmetry,M3,42,17,4,25,2,2,2,0.264
field_symmetry,M3,42,17,4,25,3,2,2,0.272
field_symmetry,M3,42,17,4,25,4,2,2,0.272
field_symmetry,M3,42,17,4,50,1,2,2,0.224
field_symmetry,M3,42,17,4,50,2,2,2,0.344
field_symmetry,M3,42,17,4,50,3,2,2,0.352
field_symmetry,M3,42,17,4,50,4,2,2,0.328
field_symmetry,M3,42,17,5,25,1,3,3,0.176
field_symmetry,M3,42,17,5,25,2,3,3,0.208
field_symmetry,M3,42,17,5,25,3,3,3,0.192
field_symmetry,M3,42,17,5,25,4,3,3,0.192
field_symmetry,M3,42,17,5,50,1,3,3,0.128
field_symmetry,M3,42,17,5,50,2,3,3,0.152
field_symmetry,M3,42,17,5,50,3,3,3,0.192
field_symmetry,M3,42,17,5,50,4,3,3,0.176
field_symmetry,M3,42,17,6,25,1,4,3,0.152
field_symmetry,M3,42,17,6,25,2,4,3,0.144
field_symmetry,M3,42,17,6,25,3,4,3,0.128
field_symmetry,M3,42,17,6,25,4,4,3,0.128
field_symmetry,M3,42,17,6,50,1,4,3,0.16
field_symmetry,M3,42,17,6,50,2,4,3,0.12
field_symmetry,M3,42,17,6,50,3,4,3,0.088
field_symmetry,M3,42,17,6,50,4,4,3,0.104
field_symmetry,M3,42,17,7,25,1,4,3,0.192
field_symmetry,M3,42,17,7,25,2,4,3,0.176
field_symmetry,M3,42,17,7,25,3,4,3,0.16
field_symmetry,M3,42,17,7,25,4,4,3,0.152
field_symmetry,M3,42,17,7,50,1,4,3,0.16
field_symmetry,M3,42,17,7,50,2,4,3,0.16
field_symmetry,M3,42,17,7,50,3,4,3,0.136
field_symmetry,M3,42,17,7,50,4,4,3,0.136
field_symmetry,random_heads,42,42,0,25,1,,3,0.176
field_symmetry,random_heads,42,42,0,25,2,,3,0.176
field_symmetry,random_heads,42,42,0,25,3,,3,0.176
field_symmetry,random_heads,42,42,0,25,4,,3,0.184
field_symmetry,random_heads,42,42,0,50,1,,3,0.232
field_symmetry,random_heads,42,42,0,50,2,,3,0.224
field_symmetry,random_heads,42,42,0,50,3,,3,0.216
field_symmetry,random_heads,42,42,0,50,4,,3,0.224
field_symmetry,random_heads,42,42,1,25,1,,3,0.256
field_symmetry,random_heads,42,42,1,25,2,,3,0.264
field_symmetry,random_heads,42,42,1,25,3,,3,0.272
field_symmetry,random_heads,42,42,1,25,4,,3,0.272
field_symmetry,random_heads,42,42,1,50,1,,3,0.232
field_symmetry,random_heads,42,42,1,50,2,,3,0.224
field_symmetry,random_heads,42,42,1,50,3,,3,0.224
field_symmetry,random_heads,42,42,1,50,4,,3,0.224
field_symmetry,random_heads,42,42,2,25,1,,4,0.2
field_symmetry,random_heads,42,42,2,25,2,,4,0.192
field_symmetry,random_heads,42,42,2,25,3,,4,0.192
field_symmetry,random_heads,42,42,2,25,4,,4,0.192
field_symmetry,random_heads,42,42,2,50,1,,4,0.192
field_symmetry,random_heads,42,42,2,50,2,,4,0.208
field_symmetry,random_heads,42,42,2,50,3,,4,0.208
field_symmetry,random_heads,42,42,2,50,4,,4,0.2
field_symmetry,random_heads,42,42,3,25,1,,4,0.144
field_symmetry,random_heads,42,42,3,25,2,,4,0.144
field_symmetry,random_heads,42,42,3,25,3,,4,0.144
field_symmetry,random_heads,42,42,3,25,4,,4,0.144
field_symmetry,random_heads,42,42,3,50,1,,4,0.168
field_symmetry,random_heads,42,42,3,50,2,,4,0.176
field_symmetry,random_heads,42,42,3,50,3,,4,0.176
field_symmetry,random_heads,42,42,3,50,4,,4,0.168
field_symmetry,random_heads,42,42,4,25,1,,2,0.16
field_symmetry,random_heads,42,42,4,25,2,,2,0.176
field_symmetry,random_heads,42,42,4,25,3,,2,0.184
field_symmetry,random_heads,42,42,4,25,4,,2,0.184
field_symmetry,random_heads,42,42,4,50,1,,2,0.176
field_symmetry,random_heads,42,42,4,50,2,,2,0.16
field_symmetry,random_heads,42,42,4,50,3,,2,0.152
field_symmetry,random_heads,42,42,4,50,4,,2,0.152
field_symmetry,random_heads,42,42,5,25,1,,3,0.16
field_symmetry,random_heads,42,42,5,25,2,,3,0.168
field_symmetry,random_heads,42,42,5,25,3,,3,0.16
field_symmetry,random_heads,42,42,5,25,4,,3,0.16
field_symmetry,random_heads,42,42,5,50,1,,3,0.168
field_symmetry,random_heads,42,42,5,50,2,,3,0.168
field_symmetry,random_heads,42,42,5,50,3,,3,0.168
field_symmetry,random_heads,42,42,5,50,4,,3,0.168
field_symmetry,random_heads,42,42,6,25,1,,3,0.176
field_symmetry,random_heads,42,42,6,25,2,,3,0.176
field_symmetry,random_heads,42,42,6,25,3,,3,0.184
field_symmetry,random_heads,42,42,6,25,4,,3,0.184
field_symmetry,random_heads,42,42,6,50,1,,3,0.192
field_symmetry,random_heads,42,42,6,50,2,,3,0.192
field_symmetry,random_heads,42,42,6,50,3,,3,0.2
field_symmetry,random_heads,42,42,6,50,4,,3,0.208
field_symmetry,random_heads,42,42,7,25,1,,3,0.2
field_symmetry,random_heads,42,42,7,25,2,,3,0.2
field_symmetry,random_heads,42,42,7,25,3,,3,0.208
field_symmetry,random_heads,42,42,7,25,4,,3,0.208
field_symmetry,random_heads,42,42,7,50,1,,3,0.232
field_symmetry,random_heads,42,42,7,50,2,,3,0.232
field_symmetry,random_heads,42,42,7,50,3,,3,0.232
field_symmetry,random_heads,42,42,7,50,4,,3,0.232
field_symmetry,physical_factors,42,42,0,25,1,,3,0.216
field_symmetry,physical_factors,42,42,0,25,2,,3,0.176
field_symmetry,physical_factors,42,42,0,25,3,,3,0.192
field_symmetry,physical_factors,42,42,0,25,4,,3,0.192
field_symmetry,physical_factors,42,42,0,50,1,,3,0.192
field_symmetry,physical_factors,42,42,0,50,2,,3,0.176
field_symmetry,physical_factors,42,42,0,50,3,,3,0.2
field_symmetry,physical_factors,42,42,0,50,4,,3,0.2
field_symmetry,physical_factors,42,42,1,25,1,,3,0.192
field_symmetry,physical_factors,42,42,1,25,2,,3,0.192
field_symmetry,physical_factors,42,42,1,25,3,,3,0.208
field_symmetry,physical_factors,42,42,1,25,4,,3,0.208
field_symmetry,physical_factors,42,42,1,50,1,,3,0.248
field_symmetry,physical_factors,42,42,1,50,2,,3,0.224
field_symmetry,physical_factors,42,42,1,50,3,,3,0.272
field_symmetry,physical_factors,42,42,1,50,4,,3,0.288
field_symmetry,physical_factors,42,42,2,25,1,,4,0.216
field_symmetry,physical_factors,42,42,2,25,2,,4,0.168
field_symmetry,physical_factors,42,42,2,25,3,,4,0.152
field_symmetry,physical_factors,42,42,2,25,4,,4,0.16
field_symmetry,physical_factors,42,42,2,50,1,,4,0.216
field_symmetry,physical_factors,42,42,2,50,2,,4,0.16
field_symmetry,physical_factors,42,42,2,50,3,,4,0.152
field_symmetry,physical_factors,42,42,2,50,4,,4,0.144
field_symmetry,physical_factors,42,42,3,25,1,,4,0.168
field_symmetry,physical_factors,42,42,3,25,2,,4,0.104
field_symmetry,physical_factors,42,42,3,25,3,,4,0.104
field_symmetry,physical_factors,42,42,3,25,4,,4,0.104
field_symmetry,physical_factors,42,42,3,50,1,,4,0.136
field_symmetry,physical_factors,42,42,3,50,2,,4,0.096
field_symmetry,physical_factors,42,42,3,50,3,,4,0.08
field_symmetry,physical_factors,42,42,3,50,4,,4,0.08
field_symmetry,physical_factors,42,42,4,25,1,,2,0.264
field_symmetry,physical_factors,42,42,4,25,2,,2,0.296
field_symmetry,physical_factors,42,42,4,25,3,,2,0.312
field_symmetry,physical_factors,42,42,4,25,4,,2,0.32
field_symmetry,physical_factors,42,42,4,50,1,,2,0.2
field_symmetry,physical_factors,42,42,4,50,2,,2,0.352
field_symmetry,physical_factors,42,42,4,50,3,,2,0.344
field_symmetry,physical_factors,42,42,4,50,4,,2,0.344
field_symmetry,physical_factors,42,42,5,25,1,,3,0.136
field_symmetry,physical_factors,42,42,5,25,2,,3,0.168
field_symmetry,physical_factors,42,42,5,25,3,,3,0.192
field_symmetry,physical_factors,42,42,5,25,4,,3,0.184
field_symmetry,physical_factors,42,42,5,50,1,,3,0.168
field_symmetry,physical_factors,42,42,5,50,2,,3,0.104
field_symmetry,physical_factors,42,42,5,50,3,,3,0.128
field_symmetry,physical_factors,42,42,5,50,4,,3,0.12
field_symmetry,physical_factors,42,42,6,25,1,,3,0.152
field_symmetry,physical_factors,42,42,6,25,2,,3,0.192
field_symmetry,physical_factors,42,42,6,25,3,,3,0.176
field_symmetry,physical_factors,42,42,6,25,4,,3,0.176
field_symmetry,physical_factors,42,42,6,50,1,,3,0.224
field_symmetry,physical_factors,42,42,6,50,2,,3,0.24
field_symmetry,physical_factors,42,42,6,50,3,,3,0.24
field_symmetry,physical_factors,42,42,6,50,4,,3,0.24
field_symmetry,physical_factors,42,42,7,25,1,,3,0.176
field_symmetry,physical_factors,42,42,7,25,2,,3,0.192
field_symmetry,physical_factors,42,42,7,25,3,,3,0.224
field_symmetry,physical_factors,42,42,7,25,4,,3,0.224
field_symmetry,physical_factors,42,42,7,50,1,,3,0.224
field_symmetry,physical_factors,42,42,7,50,2,,3,0.2
field_symmetry,physical_factors,42,42,7,50,3,,3,0.216
field_symmetry,physical_factors,42,42,7,50,4,,3,0.2
field_symmetry,P,42,42,0,25,1,2,3,0.232
field_symmetry,P,42,42,0,25,2,2,3,0.352
field_symmetry,P,42,42,0,25,3,2,3,0.352
field_symmetry,P,42,42,0,25,4,2,3,0.344
field_symmetry,P,42,42,0,50,1,2,3,0.192
field_symmetry,P,42,42,0,50,2,2,3,0.376
field_symmetry,P,42,42,0,50,3,2,3,0.384
field_symmetry,P,42,42,0,50,4,2,3,0.376
field_symmetry,P,42,42,1,25,1,2,3,0.184
field_symmetry,P,42,42,1,25,2,2,3,0.264
field_symmetry,P,42,42,1,25,3,2,3,0.272
field_symmetry,P,42,42,1,25,4,2,3,0.264
field_symmetry,P,42,42,1,50,1,2,3,0.288
field_symmetry,P,42,42,1,50,2,2,3,0.4
field_symmetry,P,42,42,1,50,3,2,3,0.424
field_symmetry,P,42,42,1,50,4,2,3,0.4
field_symmetry,P,42,42,2,25,1,3,4,0.144
field_symmetry,P,42,42,2,25,2,3,4,0.144
field_symmetry,P,42,42,2,25,3,3,4,0.168
field_symmetry,P,42,42,2,25,4,3,4,0.184
field_symmetry,P,42,42,2,50,1,3,4,0.16
field_symmetry,P,42,42,2,50,2,3,4,0.2
field_symmetry,P,42,42,2,50,3,3,4,0.216
field_symmetry,P,42,42,2,50,4,3,4,0.216
field_symmetry,P,42,42,3,25,1,3,4,0.144
field_symmetry,P,42,42,3,25,2,3,4,0.128
field_symmetry,P,42,42,3,25,3,3,4,0.12
field_symmetry,P,42,42,3,25,4,3,4,0.12
field_symmetry,P,42,42,3,50,1,3,4,0.096
field_symmetry,P,42,42,3,50,2,3,4,0.12
field_symmetry,P,42,42,3,50,3,3,4,0.128
field_symmetry,P,42,42,3,50,4,3,4,0.128
field_symmetry,P,42,42,4,25,1,3,2,0.168
field_symmetry,P,42,42,4,25,2,3,2,0.128
field_symmetry,P,42,42,4,25,3,3,2,0.136
field_symmetry,P,42,42,4,25,4,3,2,0.144
field_symmetry,P,42,42,4,50,1,3,2,0.144
field_symmetry,P,42,42,4,50,2,3,2,0.152
field_symmetry,P,42,42,4,50,3,3,2,0.184
field_symmetry,P,42,42,4,50,4,3,2,0.184
field_symmetry,P,42,42,5,25,1,3,3,0.152
field_symmetry,P,42,42,5,25,2,3,3,0.192
field_symmetry,P,42,42,5,25,3,3,3,0.224
field_symmetry,P,42,42,5,25,4,3,3,0.216
field_symmetry,P,42,42,5,50,1,3,3,0.128
field_symmetry,P,42,42,5,50,2,3,3,0.144
field_symmetry,P,42,42,5,50,3,3,3,0.192
field_symmetry,P,42,42,5,50,4,3,3,0.184
field_symmetry,P,42,42,6,25,1,4,3,0.176
field_symmetry,P,42,42,6,25,2,4,3,0.168
field_symmetry,P,42,42,6,25,3,4,3,0.168
field_symmetry,P,42,42,6,25,4,4,3,0.168
field_symmetry,P,42,42,6,50,1,4,3,0.16
field_symmetry,P,42,42,6,50,2,4,3,0.152
field_symmetry,P,42,42,6,50,3,4,3,0.12
field_symmetry,P,42,42,6,50,4,4,3,0.12
field_symmetry,P,42,42,7,25,1,4,3,0.16
field_symmetry,P,42,42,7,25,2,4,3,0.152
field_symmetry,P,42,42,7,25,3,4,3,0.144
field_symmetry,P,42,42,7,25,4,4,3,0.144
field_symmetry,P,42,42,7,50,1,4,3,0.192
field_symmetry,P,42,42,7,50,2,4,3,0.152
field_symmetry,P,42,42,7,50,3,4,3,0.136
field_symmetry,P,42,42,7,50,4,4,3,0.136
field_symmetry,M1,42,42,0,25,1,2,3,0.256
field_symmetry,M1,42,42,0,25,2,2,3,0.328
field_symmetry,M1,42,42,0,25,3,2,3,0.336
field_symmetry,M1,42,42,0,25,4,2,3,0.336
field_symmetry,M1,42,42,0,50,1,2,3,0.24
field_symmetry,M1,42,42,0,50,2,2,3,0.432
field_symmetry,M1,42,42,0,50,3,2,3,0.44
field_symmetry,M1,42,42,0,50,4,2,3,0.408
field_symmetry,M1,42,42,1,25,1,3,3,0.136
field_symmetry,M1,42,42,1,25,2,3,3,0.176
field_symmetry,M1,42,42,1,25,3,3,3,0.184
field_symmetry,M1,42,42,1,25,4,3,3,0.192
field_symmetry,M1,42,42,1,50,1,3,3,0.184
field_symmetry,M1,42,42,1,50,2,3,3,0.16
field_symmetry,M1,42,42,1,50,3,3,3,0.192
field_symmetry,M1,42,42,1,50,4,3,3,0.184
field_symmetry,M1,42,42,2,25,1,2,4,0.184
field_symmetry,M1,42,42,2,25,2,2,4,0.28
field_symmetry,M1,42,42,2,25,3,2,4,0.312
field_symmetry,M1,42,42,2,25,4,2,4,0.304
field_symmetry,M1,42,42,2,50,1,2,4,0.16
field_symmetry,M1,42,42,2,50,2,2,4,0.352
field_symmetry,M1,42,42,2,50,3,2,4,0.392
field_symmetry,M1,42,42,2,50,4,2,4,0.376
field_symmetry,M1,42,42,3,25,1,3,4,0.168
field_symmetry,M1,42,42,3,25,2,3,4,0.168
field_symmetry,M1,42,42,3,25,3,3,4,0.168
field_symmetry,M1,42,42,3,25,4,3,4,0.176
field_symmetry,M1,42,42,3,50,1,3,4,0.184
field_symmetry,M1,42,42,3,50,2,3,4,0.144
field_symmetry,M1,42,42,3,50,3,3,4,0.16
field_symmetry,M1,42,42,3,50,4,3,4,0.16
field_symmetry,M1,42,42,4,25,1,3,2,0.152
field_symmetry,M1,42,42,4,25,2,3,2,0.16
field_symmetry,M1,42,42,4,25,3,3,2,0.16
field_symmetry,M1,42,42,4,25,4,3,2,0.152
field_symmetry,M1,42,42,4,50,1,3,2,0.136
field_symmetry,M1,42,42,4,50,2,3,2,0.12
field_symmetry,M1,42,42,4,50,3,3,2,0.144
field_symmetry,M1,42,42,4,50,4,3,2,0.144
field_symmetry,M1,42,42,5,25,1,3,3,0.232
field_symmetry,M1,42,42,5,25,2,3,3,0.216
field_symmetry,M1,42,42,5,25,3,3,3,0.232
field_symmetry,M1,42,42,5,25,4,3,3,0.232
field_symmetry,M1,42,42,5,50,1,3,3,0.152
field_symmetry,M1,42,42,5,50,2,3,3,0.168
field_symmetry,M1,42,42,5,50,3,3,3,0.192
field_symmetry,M1,42,42,5,50,4,3,3,0.192
field_symmetry,M1,42,42,6,25,1,3,3,0.2
field_symmetry,M1,42,42,6,25,2,3,3,0.2
field_symmetry,M1,42,42,6,25,3,3,3,0.224
field_symmetry,M1,42,42,6,25,4,3,3,0.216
field_symmetry,M1,42,42,6,50,1,3,3,0.192
field_symmetry,M1,42,42,6,50,2,3,3,0.208
field_symmetry,M1,42,42,6,50,3,3,3,0.24
field_symmetry,M1,42,42,6,50,4,3,3,0.232
field_symmetry,M1,42,42,7,25,1,4,3,0.168
field_symmetry,M1,42,42,7,25,2,4,3,0.168
field_symmetry,M1,42,42,7,25,3,4,3,0.16
field_symmetry,M1,42,42,7,25,4,4,3,0.176
field_symmetry,M1,42,42,7,50,1,4,3,0.2
field_symmetry,M1,42,42,7,50,2,4,3,0.184
field_symmetry,M1,42,42,7,50,3,4,3,0.16
field_symmetry,M1,42,42,7,50,4,4,3,0.16
field_symmetry,M4,42,42,0,25,1,2,3,0.264
field_symmetry,M4,42,42,0,25,2,2,3,0.328
field_symmetry,M4,42,42,0,25,3,2,3,0.336
field_symmetry,M4,42,42,0,25,4,2,3,0.336
field_symmetry,M4,42,42,0,50,1,2,3,0.216
field_symmetry,M4,42,42,0,50,2,2,3,0.424
field_symmetry,M4,42,42,0,50,3,2,3,0.416
field_symmetry,M4,42,42,0,50,4,2,3,0.4
field_symmetry,M4,42,42,1,25,1,3,3,0.184
field_symmetry,M4,42,42,1,25,2,3,3,0.176
field_symmetry,M4,42,42,1,25,3,3,3,0.184
field_symmetry,M4,42,42,1,25,4,3,3,0.176
field_symmetry,M4,42,42,1,50,1,3,3,0.168
field_symmetry,M4,42,42,1,50,2,3,3,0.152
field_symmetry,M4,42,42,1,50,3,3,3,0.184
field_symmetry,M4,42,42,1,50,4,3,3,0.184
field_symmetry,M4,42,42,2,25,1,3,4,0.128
field_symmetry,M4,42,42,2,25,2,3,4,0.152
field_symmetry,M4,42,42,2,25,3,3,4,0.152
field_symmetry,M4,42,42,2,25,4,3,4,0.152
field_symmetry,M4,42,42,2,50,1,3,4,0.144
field_symmetry,M4,42,42,2,50,2,3,4,0.192
field_symmetry,M4,42,42,2,50,3,3,4,0.216
field_symmetry,M4,42,42,2,50,4,3,4,0.208
field_symmetry,M4,42,42,3,25,1,3,4,0.152
field_symmetry,M4,42,42,3,25,2,3,4,0.16
field_symmetry,M4,42,42,3,25,3,3,4,0.168
field_symmetry,M4,42,42,3,25,4,3,4,0.168
field_symmetry,M4,42,42,3,50,1,3,4,0.152
field_symmetry,M4,42,42,3,50,2,3,4,0.184
field_symmetry,M4,42,42,3,50,3,3,4,0.184
field_symmetry,M4,42,42,3,50,4,3,4,0.176
field_symmetry,M4,42,42,4,25,1,3,2,0.16
field_symmetry,M4,42,42,4,25,2,3,2,0.184
field_symmetry,M4,42,42,4,25,3,3,2,0.192
field_symmetry,M4,42,42,4,25,4,3,2,0.184
field_symmetry,M4,42,42,4,50,1,3,2,0.104
field_symmetry,M4,42,42,4,50,2,3,2,0.128
field_symmetry,M4,42,42,4,50,3,3,2,0.176
field_symmetry,M4,42,42,4,50,4,3,2,0.152
field_symmetry,M4,42,42,5,25,1,2,3,0.216
field_symmetry,M4,42,42,5,25,2,2,3,0.376
field_symmetry,M4,42,42,5,25,3,2,3,0.368
field_symmetry,M4,42,42,5,25,4,2,3,0.368
field_symmetry,M4,42,42,5,50,1,2,3,0.168
field_symmetry,M4,42,42,5,50,2,2,3,0.384
field_symmetry,M4,42,42,5,50,3,2,3,0.408
field_symmetry,M4,42,42,5,50,4,2,3,0.392
field_symmetry,M4,42,42,6,25,1,4,3,0.16
field_symmetry,M4,42,42,6,25,2,4,3,0.168
field_symmetry,M4,42,42,6,25,3,4,3,0.144
field_symmetry,M4,42,42,6,25,4,4,3,0.144
field_symmetry,M4,42,42,6,50,1,4,3,0.16
field_symmetry,M4,42,42,6,50,2,4,3,0.128
field_symmetry,M4,42,42,6,50,3,4,3,0.104
field_symmetry,M4,42,42,6,50,4,4,3,0.112
field_symmetry,M4,42,42,7,25,1,4,3,0.176
field_symmetry,M4,42,42,7,25,2,4,3,0.176
field_symmetry,M4,42,42,7,25,3,4,3,0.168
field_symmetry,M4,42,42,7,25,4,4,3,0.184
field_symmetry,M4,42,42,7,50,1,4,3,0.192
field_symmetry,M4,42,42,7,50,2,4,3,0.16
field_symmetry,M4,42,42,7,50,3,4,3,0.144
field_symmetry,M4,42,42,7,50,4,4,3,0.144
field_symmetry,M2,42,42,0,25,1,2,3,0.216
field_symmetry,M2,42,42,0,25,2,2,3,0.296
field_symmetry,M2,42,42,0,25,3,2,3,0.312
field_symmetry,M2,42,42,0,25,4,2,3,0.32
field_symmetry,M2,42,42,0,50,1,2,3,0.256
field_symmetry,M2,42,42,0,50,2,2,3,0.424
field_symmetry,M2,42,42,0,50,3,2,3,0.488
field_symmetry,M2,42,42,0,50,4,2,3,0.416
field_symmetry,M2,42,42,1,25,1,3,3,0.176
field_symmetry,M2,42,42,1,25,2,3,3,0.192
field_symmetry,M2,42,42,1,25,3,3,3,0.208
field_symmetry,M2,42,42,1,25,4,3,3,0.2
field_symmetry,M2,42,42,1,50,1,3,3,0.184
field_symmetry,M2,42,42,1,50,2,3,3,0.176
field_symmetry,M2,42,42,1,50,3,3,3,0.176
field_symmetry,M2,42,42,1,50,4,3,3,0.176
field_symmetry,M2,42,42,2,25,1,3,4,0.16
field_symmetry,M2,42,42,2,25,2,3,4,0.144
field_symmetry,M2,42,42,2,25,3,3,4,0.16
field_symmetry,M2,42,42,2,25,4,3,4,0.168
field_symmetry,M2,42,42,2,50,1,3,4,0.168
field_symmetry,M2,42,42,2,50,2,3,4,0.168
field_symmetry,M2,42,42,2,50,3,3,4,0.184
field_symmetry,M2,42,42,2,50,4,3,4,0.184
field_symmetry,M2,42,42,3,25,1,2,4,0.208
field_symmetry,M2,42,42,3,25,2,2,4,0.28
field_symmetry,M2,42,42,3,25,3,2,4,0.304
field_symmetry,M2,42,42,3,25,4,2,4,0.304
field_symmetry,M2,42,42,3,50,1,2,4,0.2
field_symmetry,M2,42,42,3,50,2,2,4,0.28
field_symmetry,M2,42,42,3,50,3,2,4,0.304
field_symmetry,M2,42,42,3,50,4,2,4,0.304
field_symmetry,M2,42,42,4,25,1,3,2,0.136
field_symmetry,M2,42,42,4,25,2,3,2,0.176
field_symmetry,M2,42,42,4,25,3,3,2,0.168
field_symmetry,M2,42,42,4,25,4,3,2,0.176
field_symmetry,M2,42,42,4,50,1,3,2,0.16
field_symmetry,M2,42,42,4,50,2,3,2,0.128
field_symmetry,M2,42,42,4,50,3,3,2,0.152
field_symmetry,M2,42,42,4,50,4,3,2,0.152
field_symmetry,M2,42,42,5,25,1,3,3,0.184
field_symmetry,M2,42,42,5,25,2,3,3,0.216
field_symmetry,M2,42,42,5,25,3,3,3,0.224
field_symmetry,M2,42,42,5,25,4,3,3,0.208
field_symmetry,M2,42,42,5,50,1,3,3,0.16
field_symmetry,M2,42,42,5,50,2,3,3,0.176
field_symmetry,M2,42,42,5,50,3,3,3,0.232
field_symmetry,M2,42,42,5,50,4,3,3,0.224
field_symmetry,M2,42,42,6,25,1,4,3,0.168
field_symmetry,M2,42,42,6,25,2,4,3,0.152
field_symmetry,M2,42,42,6,25,3,4,3,0.152
field_symmetry,M2,42,42,6,25,4,4,3,0.152
field_symmetry,M2,42,42,6,50,1,4,3,0.192
field_symmetry,M2,42,42,6,50,2,4,3,0.168
field_symmetry,M2,42,42,6,50,3,4,3,0.096
field_symmetry,M2,42,42,6,50,4,4,3,0.096
field_symmetry,M2,42,42,7,25,1,3,3,0.152
field_symmetry,M2,42,42,7,25,2,3,3,0.152
field_symmetry,M2,42,42,7,25,3,3,3,0.176
field_symmetry,M2,42,42,7,25,4,3,3,0.176
field_symmetry,M2,42,42,7,50,1,3,3,0.176
field_symmetry,M2,42,42,7,50,2,3,3,0.192
field_symmetry,M2,42,42,7,50,3,3,3,0.232
field_symmetry,M2,42,42,7,50,4,3,3,0.216
field_symmetry,M3,42,42,0,25,1,2,3,0.208
field_symmetry,M3,42,42,0,25,2,2,3,0.312
field_symmetry,M3,42,42,0,25,3,2,3,0.32
field_symmetry,M3,42,42,0,25,4,2,3,0.304
field_symmetry,M3,42,42,0,50,1,2,3,0.248
field_symmetry,M3,42,42,0,50,2,2,3,0.344
field_symmetry,M3,42,42,0,50,3,2,3,0.448
field_symmetry,M3,42,42,0,50,4,2,3,0.432
field_symmetry,M3,42,42,1,25,1,3,3,0.208
field_symmetry,M3,42,42,1,25,2,3,3,0.176
field_symmetry,M3,42,42,1,25,3,3,3,0.176
field_symmetry,M3,42,42,1,25,4,3,3,0.176
field_symmetry,M3,42,42,1,50,1,3,3,0.192
field_symmetry,M3,42,42,1,50,2,3,3,0.176
field_symmetry,M3,42,42,1,50,3,3,3,0.184
field_symmetry,M3,42,42,1,50,4,3,3,0.192
field_symmetry,M3,42,42,2,25,1,3,4,0.152
field_symmetry,M3,42,42,2,25,2,3,4,0.152
field_symmetry,M3,42,42,2,25,3,3,4,0.16
field_symmetry,M3,42,42,2,25,4,3,4,0.16
field_symmetry,M3,42,42,2,50,1,3,4,0.136
field_symmetry,M3,42,42,2,50,2,3,4,0.16
field_symmetry,M3,42,42,2,50,3,3,4,0.2
field_symmetry,M3,42,42,2,50,4,3,4,0.192
field_symmetry,M3,42,42,3,25,1,3,4,0.152
field_symmetry,M3,42,42,3,25,2,3,4,0.176
field_symmetry,M3,42,42,3,25,3,3,4,0.176
field_symmetry,M3,42,42,3,25,4,3,4,0.168
field_symmetry,M3,42,42,3,50,1,3,4,0.168
field_symmetry,M3,42,42,3,50,2,3,4,0.168
field_symmetry,M3,42,42,3,50,3,3,4,0.168
field_symmetry,M3,42,42,3,50,4,3,4,0.16
field_symmetry,M3,42,42,4,25,1,2,2,0.216
field_symmetry,M3,42,42,4,25,2,2,2,0.264
field_symmetry,M3,42,42,4,25,3,2,2,0.272
field_symmetry,M3,42,42,4,25,4,2,2,0.272
field_symmetry,M3,42,42,4,50,1,2,2,0.224
field_symmetry,M3,42,42,4,50,2,2,2,0.344
field_symmetry,M3,42,42,4,50,3,2,2,0.352
field_symmetry,M3,42,42,4,50,4,2,2,0.328
field_symmetry,M3,42,42,5,25,1,3,3,0.176
field_symmetry,M3,42,42,5,25,2,3,3,0.208
field_symmetry,M3,42,42,5,25,3,3,3,0.192
field_symmetry,M3,42,42,5,25,4,3,3,0.192
field_symmetry,M3,42,42,5,50,1,3,3,0.128
field_symmetry,M3,42,42,5,50,2,3,3,0.152
field_symmetry,M3,42,42,5,50,3,3,3,0.192
field_symmetry,M3,42,42,5,50,4,3,3,0.176
field_symmetry,M3,42,42,6,25,1,4,3,0.152
field_symmetry,M3,42,42,6,25,2,4,3,0.144
field_symmetry,M3,42,42,6,25,3,4,3,0.128
field_symmetry,M3,42,42,6,25,4,4,3,0.128
field_symmetry,M3,42,42,6,50,1,4,3,0.16
field_symmetry,M3,42,42,6,50,2,4,3,0.12
field_symmetry,M3,42,42,6,50,3,4,3,0.088
field_symmetry,M3,42,42,6,50,4,4,3,0.104
field_symmetry,M3,42,42,7,25,1,4,3,0.192
field_symmetry,M3,42,42,7,25,2,4,3,0.176
field_symmetry,M3,42,42,7,25,3,4,3,0.16
field_symmetry,M3,42,42,7,25,4,4,3,0.152
field_symmetry,M3,42,42,7,50,1,4,3,0.16
field_symmetry,M3,42,42,7,50,2,4,3,0.16
field_symmetry,M3,42,42,7,50,3,4,3,0.136
field_symmetry,M3,42,42,7,50,4,4,3,0.136
field_symmetry,random_heads,42,101,0,25,1,,3,0.168
field_symmetry,random_heads,42,101,0,25,2,,3,0.176
field_symmetry,random_heads,42,101,0,25,3,,3,0.176
field_symmetry,random_heads,42,101,0,25,4,,3,0.176
field_symmetry,random_heads,42,101,0,50,1,,3,0.184
field_symmetry,random_heads,42,101,0,50,2,,3,0.192
field_symmetry,random_heads,42,101,0,50,3,,3,0.192
field_symmetry,random_heads,42,101,0,50,4,,3,0.192
field_symmetry,random_heads,42,101,1,25,1,,3,0.232
field_symmetry,random_heads,42,101,1,25,2,,3,0.232
field_symmetry,random_heads,42,101,1,25,3,,3,0.232
field_symmetry,random_heads,42,101,1,25,4,,3,0.232
field_symmetry,random_heads,42,101,1,50,1,,3,0.256
field_symmetry,random_heads,42,101,1,50,2,,3,0.256
field_symmetry,random_heads,42,101,1,50,3,,3,0.256
field_symmetry,random_heads,42,101,1,50,4,,3,0.256
field_symmetry,random_heads,42,101,2,25,1,,4,0.2
field_symmetry,random_heads,42,101,2,25,2,,4,0.192
field_symmetry,random_heads,42,101,2,25,3,,4,0.176
field_symmetry,random_heads,42,101,2,25,4,,4,0.184
field_symmetry,random_heads,42,101,2,50,1,,4,0.224
field_symmetry,random_heads,42,101,2,50,2,,4,0.216
field_symmetry,random_heads,42,101,2,50,3,,4,0.216
field_symmetry,random_heads,42,101,2,50,4,,4,0.216
field_symmetry,random_heads,42,101,3,25,1,,4,0.168
field_symmetry,random_heads,42,101,3,25,2,,4,0.168
field_symmetry,random_heads,42,101,3,25,3,,4,0.176
field_symmetry,random_heads,42,101,3,25,4,,4,0.176
field_symmetry,random_heads,42,101,3,50,1,,4,0.184
field_symmetry,random_heads,42,101,3,50,2,,4,0.184
field_symmetry,random_heads,42,101,3,50,3,,4,0.192
field_symmetry,random_heads,42,101,3,50,4,,4,0.192
field_symmetry,random_heads,42,101,4,25,1,,2,0.248
field_symmetry,random_heads,42,101,4,25,2,,2,0.24
field_symmetry,random_heads,42,101,4,25,3,,2,0.24
field_symmetry,random_heads,42,101,4,25,4,,2,0.232
field_symmetry,random_heads,42,101,4,50,1,,2,0.168
field_symmetry,random_heads,42,101,4,50,2,,2,0.168
field_symmetry,random_heads,42,101,4,50,3,,2,0.168
field_symmetry,random_heads,42,101,4,50,4,,2,0.176
field_symmetry,random_heads,42,101,5,25,1,,3,0.144
field_symmetry,random_heads,42,101,5,25,2,,3,0.136
field_symmetry,random_heads,42,101,5,25,3,,3,0.144
field_symmetry,random_heads,42,101,5,25,4,,3,0.144
field_symmetry,random_heads,42,101,5,50,1,,3,0.128
field_symmetry,random_heads,42,101,5,50,2,,3,0.128
field_symmetry,random_heads,42,101,5,50,3,,3,0.128
field_symmetry,random_heads,42,101,5,50,4,,3,0.128
field_symmetry,random_heads,42,101,6,25,1,,3,0.184
field_symmetry,random_heads,42,101,6,25,2,,3,0.184
field_symmetry,random_heads,42,101,6,25,3,,3,0.184
field_symmetry,random_heads,42,101,6,25,4,,3,0.176
field_symmetry,random_heads,42,101,6,50,1,,3,0.256
field_symmetry,random_heads,42,101,6,50,2,,3,0.248
field_symmetry,random_heads,42,101,6,50,3,,3,0.24
field_symmetry,random_heads,42,101,6,50,4,,3,0.24
field_symmetry,random_heads,42,101,7,25,1,,3,0.232
field_symmetry,random_heads,42,101,7,25,2,,3,0.232
field_symmetry,random_heads,42,101,7,25,3,,3,0.224
field_symmetry,random_heads,42,101,7,25,4,,3,0.224
field_symmetry,random_heads,42,101,7,50,1,,3,0.216
field_symmetry,random_heads,42,101,7,50,2,,3,0.208
field_symmetry,random_heads,42,101,7,50,3,,3,0.208
field_symmetry,random_heads,42,101,7,50,4,,3,0.208
field_symmetry,physical_factors,42,101,0,25,1,,3,0.216
field_symmetry,physical_factors,42,101,0,25,2,,3,0.176
field_symmetry,physical_factors,42,101,0,25,3,,3,0.192
field_symmetry,physical_factors,42,101,0,25,4,,3,0.192
field_symmetry,physical_factors,42,101,0,50,1,,3,0.192
field_symmetry,physical_factors,42,101,0,50,2,,3,0.176
field_symmetry,physical_factors,42,101,0,50,3,,3,0.2
field_symmetry,physical_factors,42,101,0,50,4,,3,0.2
field_symmetry,physical_factors,42,101,1,25,1,,3,0.192
field_symmetry,physical_factors,42,101,1,25,2,,3,0.192
field_symmetry,physical_factors,42,101,1,25,3,,3,0.208
field_symmetry,physical_factors,42,101,1,25,4,,3,0.208
field_symmetry,physical_factors,42,101,1,50,1,,3,0.248
field_symmetry,physical_factors,42,101,1,50,2,,3,0.224
field_symmetry,physical_factors,42,101,1,50,3,,3,0.272
field_symmetry,physical_factors,42,101,1,50,4,,3,0.288
field_symmetry,physical_factors,42,101,2,25,1,,4,0.216
field_symmetry,physical_factors,42,101,2,25,2,,4,0.168
field_symmetry,physical_factors,42,101,2,25,3,,4,0.152
field_symmetry,physical_factors,42,101,2,25,4,,4,0.16
field_symmetry,physical_factors,42,101,2,50,1,,4,0.216
field_symmetry,physical_factors,42,101,2,50,2,,4,0.16
field_symmetry,physical_factors,42,101,2,50,3,,4,0.152
field_symmetry,physical_factors,42,101,2,50,4,,4,0.144
field_symmetry,physical_factors,42,101,3,25,1,,4,0.168
field_symmetry,physical_factors,42,101,3,25,2,,4,0.104
field_symmetry,physical_factors,42,101,3,25,3,,4,0.104
field_symmetry,physical_factors,42,101,3,25,4,,4,0.104
field_symmetry,physical_factors,42,101,3,50,1,,4,0.136
field_symmetry,physical_factors,42,101,3,50,2,,4,0.096
field_symmetry,physical_factors,42,101,3,50,3,,4,0.08
field_symmetry,physical_factors,42,101,3,50,4,,4,0.08
field_symmetry,physical_factors,42,101,4,25,1,,2,0.264
field_symmetry,physical_factors,42,101,4,25,2,,2,0.296
field_symmetry,physical_factors,42,101,4,25,3,,2,0.312
field_symmetry,physical_factors,42,101,4,25,4,,2,0.32
field_symmetry,physical_factors,42,101,4,50,1,,2,0.2
field_symmetry,physical_factors,42,101,4,50,2,,2,0.352
field_symmetry,physical_factors,42,101,4,50,3,,2,0.344
field_symmetry,physical_factors,42,101,4,50,4,,2,0.344
field_symmetry,physical_factors,42,101,5,25,1,,3,0.136
field_symmetry,physical_factors,42,101,5,25,2,,3,0.168
field_symmetry,physical_factors,42,101,5,25,3,,3,0.192
field_symmetry,physical_factors,42,101,5,25,4,,3,0.184
field_symmetry,physical_factors,42,101,5,50,1,,3,0.168
field_symmetry,physical_factors,42,101,5,50,2,,3,0.104
field_symmetry,physical_factors,42,101,5,50,3,,3,0.128
field_symmetry,physical_factors,42,101,5,50,4,,3,0.12
field_symmetry,physical_factors,42,101,6,25,1,,3,0.152
field_symmetry,physical_factors,42,101,6,25,2,,3,0.192
field_symmetry,physical_factors,42,101,6,25,3,,3,0.176
field_symmetry,physical_factors,42,101,6,25,4,,3,0.176
field_symmetry,physical_factors,42,101,6,50,1,,3,0.224
field_symmetry,physical_factors,42,101,6,50,2,,3,0.24
field_symmetry,physical_factors,42,101,6,50,3,,3,0.24
field_symmetry,physical_factors,42,101,6,50,4,,3,0.24
field_symmetry,physical_factors,42,101,7,25,1,,3,0.176
field_symmetry,physical_factors,42,101,7,25,2,,3,0.192
field_symmetry,physical_factors,42,101,7,25,3,,3,0.224
field_symmetry,physical_factors,42,101,7,25,4,,3,0.224
field_symmetry,physical_factors,42,101,7,50,1,,3,0.224
field_symmetry,physical_factors,42,101,7,50,2,,3,0.2
field_symmetry,physical_factors,42,101,7,50,3,,3,0.216
field_symmetry,physical_factors,42,101,7,50,4,,3,0.2
field_symmetry,P,42,101,0,25,1,2,3,0.232
field_symmetry,P,42,101,0,25,2,2,3,0.352
field_symmetry,P,42,101,0,25,3,2,3,0.352
field_symmetry,P,42,101,0,25,4,2,3,0.344
field_symmetry,P,42,101,0,50,1,2,3,0.192
field_symmetry,P,42,101,0,50,2,2,3,0.376
field_symmetry,P,42,101,0,50,3,2,3,0.384
field_symmetry,P,42,101,0,50,4,2,3,0.376
field_symmetry,P,42,101,1,25,1,2,3,0.184
field_symmetry,P,42,101,1,25,2,2,3,0.264
field_symmetry,P,42,101,1,25,3,2,3,0.272
field_symmetry,P,42,101,1,25,4,2,3,0.264
field_symmetry,P,42,101,1,50,1,2,3,0.288
field_symmetry,P,42,101,1,50,2,2,3,0.4
field_symmetry,P,42,101,1,50,3,2,3,0.424
field_symmetry,P,42,101,1,50,4,2,3,0.4
field_symmetry,P,42,101,2,25,1,3,4,0.144
field_symmetry,P,42,101,2,25,2,3,4,0.144
field_symmetry,P,42,101,2,25,3,3,4,0.168
field_symmetry,P,42,101,2,25,4,3,4,0.184
field_symmetry,P,42,101,2,50,1,3,4,0.16
field_symmetry,P,42,101,2,50,2,3,4,0.2
field_symmetry,P,42,101,2,50,3,3,4,0.216
field_symmetry,P,42,101,2,50,4,3,4,0.216
field_symmetry,P,42,101,3,25,1,3,4,0.144
field_symmetry,P,42,101,3,25,2,3,4,0.128
field_symmetry,P,42,101,3,25,3,3,4,0.12
field_symmetry,P,42,101,3,25,4,3,4,0.12
field_symmetry,P,42,101,3,50,1,3,4,0.096
field_symmetry,P,42,101,3,50,2,3,4,0.12
field_symmetry,P,42,101,3,50,3,3,4,0.128
field_symmetry,P,42,101,3,50,4,3,4,0.128
field_symmetry,P,42,101,4,25,1,3,2,0.168
field_symmetry,P,42,101,4,25,2,3,2,0.128
field_symmetry,P,42,101,4,25,3,3,2,0.136
field_symmetry,P,42,101,4,25,4,3,2,0.144
field_symmetry,P,42,101,4,50,1,3,2,0.144
field_symmetry,P,42,101,4,50,2,3,2,0.152
field_symmetry,P,42,101,4,50,3,3,2,0.184
field_symmetry,P,42,101,4,50,4,3,2,0.184
field_symmetry,P,42,101,5,25,1,3,3,0.152
field_symmetry,P,42,101,5,25,2,3,3,0.192
field_symmetry,P,42,101,5,25,3,3,3,0.224
field_symmetry,P,42,101,5,25,4,3,3,0.216
field_symmetry,P,42,101,5,50,1,3,3,0.128
field_symmetry,P,42,101,5,50,2,3,3,0.144
field_symmetry,P,42,101,5,50,3,3,3,0.192
field_symmetry,P,42,101,5,50,4,3,3,0.184
field_symmetry,P,42,101,6,25,1,4,3,0.176
field_symmetry,P,42,101,6,25,2,4,3,0.168
field_symmetry,P,42,101,6,25,3,4,3,0.168
field_symmetry,P,42,101,6,25,4,4,3,0.168
field_symmetry,P,42,101,6,50,1,4,3,0.16
field_symmetry,P,42,101,6,50,2,4,3,0.152
field_symmetry,P,42,101,6,50,3,4,3,0.12
field_symmetry,P,42,101,6,50,4,4,3,0.12
field_symmetry,P,42,101,7,25,1,4,3,0.16
field_symmetry,P,42,101,7,25,2,4,3,0.152
field_symmetry,P,42,101,7,25,3,4,3,0.144
field_symmetry,P,42,101,7,25,4,4,3,0.144
field_symmetry,P,42,101,7,50,1,4,3,0.192
field_symmetry,P,42,101,7,50,2,4,3,0.152
field_symmetry,P,42,101,7,50,3,4,3,0.136
field_symmetry,P,42,101,7,50,4,4,3,0.136
field_symmetry,M1,42,101,0,25,1,2,3,0.256
field_symmetry,M1,42,101,0,25,2,2,3,0.328
field_symmetry,M1,42,101,0,25,3,2,3,0.336
field_symmetry,M1,42,101,0,25,4,2,3,0.336
field_symmetry,M1,42,101,0,50,1,2,3,0.24
field_symmetry,M1,42,101,0,50,2,2,3,0.432
field_symmetry,M1,42,101,0,50,3,2,3,0.44
field_symmetry,M1,42,101,0,50,4,2,3,0.408
field_symmetry,M1,42,101,1,25,1,3,3,0.136
field_symmetry,M1,42,101,1,25,2,3,3,0.176
field_symmetry,M1,42,101,1,25,3,3,3,0.184
field_symmetry,M1,42,101,1,25,4,3,3,0.192
field_symmetry,M1,42,101,1,50,1,3,3,0.184
field_symmetry,M1,42,101,1,50,2,3,3,0.16
field_symmetry,M1,42,101,1,50,3,3,3,0.192
field_symmetry,M1,42,101,1,50,4,3,3,0.184
field_symmetry,M1,42,101,2,25,1,2,4,0.184
field_symmetry,M1,42,101,2,25,2,2,4,0.28
field_symmetry,M1,42,101,2,25,3,2,4,0.312
field_symmetry,M1,42,101,2,25,4,2,4,0.304
field_symmetry,M1,42,101,2,50,1,2,4,0.16
field_symmetry,M1,42,101,2,50,2,2,4,0.352
field_symmetry,M1,42,101,2,50,3,2,4,0.392
field_symmetry,M1,42,101,2,50,4,2,4,0.376
field_symmetry,M1,42,101,3,25,1,3,4,0.168
field_symmetry,M1,42,101,3,25,2,3,4,0.168
field_symmetry,M1,42,101,3,25,3,3,4,0.168
field_symmetry,M1,42,101,3,25,4,3,4,0.176
field_symmetry,M1,42,101,3,50,1,3,4,0.184
field_symmetry,M1,42,101,3,50,2,3,4,0.144
field_symmetry,M1,42,101,3,50,3,3,4,0.16
field_symmetry,M1,42,101,3,50,4,3,4,0.16
field_symmetry,M1,42,101,4,25,1,3,2,0.152
field_symmetry,M1,42,101,4,25,2,3,2,0.16
field_symmetry,M1,42,101,4,25,3,3,2,0.16
field_symmetry,M1,42,101,4,25,4,3,2,0.152
field_symmetry,M1,42,101,4,50,1,3,2,0.136
field_symmetry,M1,42,101,4,50,2,3,2,0.12
field_symmetry,M1,42,101,4,50,3,3,2,0.144
field_symmetry,M1,42,101,4,50,4,3,2,0.144
field_symmetry,M1,42,101,5,25,1,3,3,0.232
field_symmetry,M1,42,101,5,25,2,3,3,0.216
field_symmetry,M1,42,101,5,25,3,3,3,0.232
field_symmetry,M1,42,101,5,25,4,3,3,0.232
field_symmetry,M1,42,101,5,50,1,3,3,0.152
field_symmetry,M1,42,101,5,50,2,3,3,0.168
field_symmetry,M1,42,101,5,50,3,3,3,0.192
field_symmetry,M1,42,101,5,50,4,3,3,0.192
field_symmetry,M1,42,101,6,25,1,3,3,0.2
field_symmetry,M1,42,101,6,25,2,3,3,0.2
field_symmetry,M1,42,101,6,25,3,3,3,0.224
field_symmetry,M1,42,101,6,25,4,3,3,0.216
field_symmetry,M1,42,101,6,50,1,3,3,0.192
field_symmetry,M1,42,101,6,50,2,3,3,0.208
field_symmetry,M1,42,101,6,50,3,3,3,0.24
field_symmetry,M1,42,101,6,50,4,3,3,0.232
field_symmetry,M1,42,101,7,25,1,4,3,0.168
field_symmetry,M1,42,101,7,25,2,4,3,0.168
field_symmetry,M1,42,101,7,25,3,4,3,0.16
field_symmetry,M1,42,101,7,25,4,4,3,0.176
field_symmetry,M1,42,101,7,50,1,4,3,0.2
field_symmetry,M1,42,101,7,50,2,4,3,0.184
field_symmetry,M1,42,101,7,50,3,4,3,0.16
field_symmetry,M1,42,101,7,50,4,4,3,0.16
field_symmetry,M4,42,101,0,25,1,2,3,0.264
field_symmetry,M4,42,101,0,25,2,2,3,0.328
field_symmetry,M4,42,101,0,25,3,2,3,0.336
field_symmetry,M4,42,101,0,25,4,2,3,0.336
field_symmetry,M4,42,101,0,50,1,2,3,0.216
field_symmetry,M4,42,101,0,50,2,2,3,0.424
field_symmetry,M4,42,101,0,50,3,2,3,0.416
field_symmetry,M4,42,101,0,50,4,2,3,0.4
field_symmetry,M4,42,101,1,25,1,3,3,0.184
field_symmetry,M4,42,101,1,25,2,3,3,0.176
field_symmetry,M4,42,101,1,25,3,3,3,0.184
field_symmetry,M4,42,101,1,25,4,3,3,0.176
field_symmetry,M4,42,101,1,50,1,3,3,0.168
field_symmetry,M4,42,101,1,50,2,3,3,0.152
field_symmetry,M4,42,101,1,50,3,3,3,0.184
field_symmetry,M4,42,101,1,50,4,3,3,0.184
field_symmetry,M4,42,101,2,25,1,3,4,0.128
field_symmetry,M4,42,101,2,25,2,3,4,0.152
field_symmetry,M4,42,101,2,25,3,3,4,0.152
field_symmetry,M4,42,101,2,25,4,3,4,0.152
field_symmetry,M4,42,101,2,50,1,3,4,0.144
field_symmetry,M4,42,101,2,50,2,3,4,0.192
field_symmetry,M4,42,101,2,50,3,3,4,0.216
field_symmetry,M4,42,101,2,50,4,3,4,0.208
field_symmetry,M4,42,101,3,25,1,3,4,0.152
field_symmetry,M4,42,101,3,25,2,3,4,0.16
field_symmetry,M4,42,101,3,25,3,3,4,0.168
field_symmetry,M4,42,101,3,25,4,3,4,0.168
field_symmetry,M4,42,101,3,50,1,3,4,0.152
field_symmetry,M4,42,101,3,50,2,3,4,0.184
field_symmetry,M4,42,101,3,50,3,3,4,0.184
field_symmetry,M4,42,101,3,50,4,3,4,0.176
field_symmetry,M4,42,101,4,25,1,3,2,0.16
field_symmetry,M4,42,101,4,25,2,3,2,0.184
field_symmetry,M4,42,101,4,25,3,3,2,0.192
field_symmetry,M4,42,101,4,25,4,3,2,0.184
field_symmetry,M4,42,101,4,50,1,3,2,0.104
field_symmetry,M4,42,101,4,50,2,3,2,0.128
field_symmetry,M4,42,101,4,50,3,3,2,0.176
field_symmetry,M4,42,101,4,50,4,3,2,0.152
field_symmetry,M4,42,101,5,25,1,2,3,0.216
field_symmetry,M4,42,101,5,25,2,2,3,0.376
field_symmetry,M4,42,101,5,25,3,2,3,0.368
field_symmetry,M4,42,101,5,25,4,2,3,0.368
field_symmetry,M4,42,101,5,50,1,2,3,0.168
field_symmetry,M4,42,101,5,50,2,2,3,0.384
field_symmetry,M4,42,101,5,50,3,2,3,0.408
field_symmetry,M4,42,101,5,50,4,2,3,0.392
field_symmetry,M4,42,101,6,25,1,4,3,0.16
field_symmetry,M4,42,101,6,25,2,4,3,0.168
field_symmetry,M4,42,101,6,25,3,4,3,0.144
field_symmetry,M4,42,101,6,25,4,4,3,0.144
field_symmetry,M4,42,101,6,50,1,4,3,0.16
field_symmetry,M4,42,101,6,50,2,4,3,0.128
field_symmetry,M4,42,101,6,50,3,4,3,0.104
field_symmetry,M4,42,101,6,50,4,4,3,0.112
field_symmetry,M4,42,101,7,25,1,4,3,0.176
field_symmetry,M4,42,101,7,25,2,4,3,0.176
field_symmetry,M4,42,101,7,25,3,4,3,0.168
field_symmetry,M4,42,101,7,25,4,4,3,0.184
field_symmetry,M4,42,101,7,50,1,4,3,0.192
field_symmetry,M4,42,101,7,50,2,4,3,0.16
field_symmetry,M4,42,101,7,50,3,4,3,0.144
field_symmetry,M4,42,101,7,50,4,4,3,0.144
field_symmetry,M2,42,101,0,25,1,2,3,0.216
field_symmetry,M2,42,101,0,25,2,2,3,0.296
field_symmetry,M2,42,101,0,25,3,2,3,0.312
field_symmetry,M2,42,101,0,25,4,2,3,0.32
field_symmetry,M2,42,101,0,50,1,2,3,0.256
field_symmetry,M2,42,101,0,50,2,2,3,0.424
field_symmetry,M2,42,101,0,50,3,2,3,0.488
field_symmetry,M2,42,101,0,50,4,2,3,0.416
field_symmetry,M2,42,101,1,25,1,3,3,0.176
field_symmetry,M2,42,101,1,25,2,3,3,0.192
field_symmetry,M2,42,101,1,25,3,3,3,0.208
field_symmetry,M2,42,101,1,25,4,3,3,0.2
field_symmetry,M2,42,101,1,50,1,3,3,0.184
field_symmetry,M2,42,101,1,50,2,3,3,0.176
field_symmetry,M2,42,101,1,50,3,3,3,0.176
field_symmetry,M2,42,101,1,50,4,3,3,0.176
field_symmetry,M2,42,101,2,25,1,3,4,0.16
field_symmetry,M2,42,101,2,25,2,3,4,0.144
field_symmetry,M2,42,101,2,25,3,3,4,0.16
field_symmetry,M2,42,101,2,25,4,3,4,0.168
field_symmetry,M2,42,101,2,50,1,3,4,0.168
field_symmetry,M2,42,101,2,50,2,3,4,0.168
field_symmetry,M2,42,101,2,50,3,3,4,0.184
field_symmetry,M2,42,101,2,50,4,3,4,0.184
field_symmetry,M2,42,101,3,25,1,2,4,0.208
field_symmetry,M2,42,101,3,25,2,2,4,0.28
field_symmetry,M2,42,101,3,25,3,2,4,0.304
field_symmetry,M2,42,101,3,25,4,2,4,0.304
field_symmetry,M2,42,101,3,50,1,2,4,0.2
field_symmetry,M2,42,101,3,50,2,2,4,0.28
field_symmetry,M2,42,101,3,50,3,2,4,0.304
field_symmetry,M2,42,101,3,50,4,2,4,0.304
field_symmetry,M2,42,101,4,25,1,3,2,0.136
field_symmetry,M2,42,101,4,25,2,3,2,0.176
field_symmetry,M2,42,101,4,25,3,3,2,0.168
field_symmetry,M2,42,101,4,25,4,3,2,0.176
field_symmetry,M2,42,101,4,50,1,3,2,0.16
field_symmetry,M2,42,101,4,50,2,3,2,0.128
field_symmetry,M2,42,101,4,50,3,3,2,0.152
field_symmetry,M2,42,101,4,50,4,3,2,0.152
field_symmetry,M2,42,101,5,25,1,3,3,0.184
field_symmetry,M2,42,101,5,25,2,3,3,0.216
field_symmetry,M2,42,101,5,25,3,3,3,0.224
field_symmetry,M2,42,101,5,25,4,3,3,0.208
field_symmetry,M2,42,101,5,50,1,3,3,0.16
field_symmetry,M2,42,101,5,50,2,3,3,0.176
field_symmetry,M2,42,101,5,50,3,3,3,0.232
field_symmetry,M2,42,101,5,50,4,3,3,0.224
field_symmetry,M2,42,101,6,25,1,4,3,0.168
field_symmetry,M2,42,101,6,25,2,4,3,0.152
field_symmetry,M2,42,101,6,25,3,4,3,0.152
field_symmetry,M2,42,101,6,25,4,4,3,0.152
field_symmetry,M2,42,101,6,50,1,4,3,0.192
field_symmetry,M2,42,101,6,50,2,4,3,0.168
field_symmetry,M2,42,101,6,50,3,4,3,0.096
field_symmetry,M2,42,101,6,50,4,4,3,0.096
field_symmetry,M2,42,101,7,25,1,3,3,0.152
field_symmetry,M2,42,101,7,25,2,3,3,0.152
field_symmetry,M2,42,101,7,25,3,3,3,0.176
field_symmetry,M2,42,101,7,25,4,3,3,0.176
field_symmetry,M2,42,101,7,50,1,3,3,0.176
field_symmetry,M2,42,101,7,50,2,3,3,0.192
field_symmetry,M2,42,101,7,50,3,3,3,0.232
field_symmetry,M2,42,101,7,50,4,3,3,0.216
field_symmetry,M3,42,101,0,25,1,2,3,0.208
field_symmetry,M3,42,101,0,25,2,2,3,0.312
field_symmetry,M3,42,101,0,25,3,2,3,0.32
field_symmetry,M3,42,101,0,25,4,2,3,0.304
field_symmetry,M3,42,101,0,50,1,2,3,0.248
field_symmetry,M3,42,101,0,50,2,2,3,0.344
field_symmetry,M3,42,101,0,50,3,2,3,0.448
field_symmetry,M3,42,101,0,50,4,2,3,0.432
field_symmetry,M3,42,101,1,25,1,3,3,0.208
field_symmetry,M3,42,101,1,25,2,3,3,0.176
field_symmetry,M3,42,101,1,25,3,3,3,0.176
field_symmetry,M3,42,101,1,25,4,3,3,0.176
field_symmetry,M3,42,101,1,50,1,3,3,0.192
field_symmetry,M3,42,101,1,50,2,3,3,0.176
field_symmetry,M3,42,101,1,50,3,3,3,0.184
field_symmetry,M3,42,101,1,50,4,3,3,0.192
field_symmetry,M3,42,101,2,25,1,3,4,0.152
field_symmetry,M3,42,101,2,25,2,3,4,0.152
field_symmetry,M3,42,101,2,25,3,3,4,0.16
field_symmetry,M3,42,101,2,25,4,3,4,0.16
field_symmetry,M3,42,101,2,50,1,3,4,0.136
field_symmetry,M3,42,101,2,50,2,3,4,0.16
field_symmetry,M3,42,101,2,50,3,3,4,0.2
field_symmetry,M3,42,101,2,50,4,3,4,0.192
field_symmetry,M3,42,101,3,25,1,3,4,0.152
field_symmetry,M3,42,101,3,25,2,3,4,0.176
field_symmetry,M3,42,101,3,25,3,3,4,0.176
field_symmetry,M3,42,101,3,25,4,3,4,0.168
field_symmetry,M3,42,101,3,50,1,3,4,0.168
field_symmetry,M3,42,101,3,50,2,3,4,0.168
field_symmetry,M3,42,101,3,50,3,3,4,0.168
field_symmetry,M3,42,101,3,50,4,3,4,0.16
field_symmetry,M3,42,101,4,25,1,2,2,0.216
field_symmetry,M3,42,101,4,25,2,2,2,0.264
field_symmetry,M3,42,101,4,25,3,2,2,0.272
field_symmetry,M3,42,101,4,25,4,2,2,0.272
field_symmetry,M3,42,101,4,50,1,2,2,0.224
field_symmetry,M3,42,101,4,50,2,2,2,0.344
field_symmetry,M3,42,101,4,50,3,2,2,0.352
field_symmetry,M3,42,101,4,50,4,2,2,0.328
field_symmetry,M3,42,101,5,25,1,3,3,0.176
field_symmetry,M3,42,101,5,25,2,3,3,0.208
field_symmetry,M3,42,101,5,25,3,3,3,0.192
field_symmetry,M3,42,101,5,25,4,3,3,0.192
field_symmetry,M3,42,101,5,50,1,3,3,0.128
field_symmetry,M3,42,101,5,50,2,3,3,0.152
field_symmetry,M3,42,101,5,50,3,3,3,0.192
field_symmetry,M3,42,101,5,50,4,3,3,0.176
field_symmetry,M3,42,101,6,25,1,4,3,0.152
field_symmetry,M3,42,101,6,25,2,4,3,0.144
field_symmetry,M3,42,101,6,25,3,4,3,0.128
field_symmetry,M3,42,101,6,25,4,4,3,0.128
field_symmetry,M3,42,101,6,50,1,4,3,0.16
field_symmetry,M3,42,101,6,50,2,4,3,0.12
field_symmetry,M3,42,101,6,50,3,4,3,0.088
field_symmetry,M3,42,101,6,50,4,4,3,0.104
field_symmetry,M3,42,101,7,25,1,4,3,0.192
field_symmetry,M3,42,101,7,25,2,4,3,0.176
field_symmetry,M3,42,101,7,25,3,4,3,0.16
field_symmetry,M3,42,101,7,25,4,4,3,0.152
field_symmetry,M3,42,101,7,50,1,4,3,0.16
field_symmetry,M3,42,101,7,50,2,4,3,0.16
field_symmetry,M3,42,101,7,50,3,4,3,0.136
field_symmetry,M3,42,101,7,50,4,4,3,0.136
field_symmetry,random_heads,101,17,0,25,1,,4,0.184
field_symmetry,random_heads,101,17,0,25,2,,4,0.176
field_symmetry,random_heads,101,17,0,25,3,,4,0.184
field_symmetry,random_heads,101,17,0,25,4,,4,0.176
field_symmetry,random_heads,101,17,0,50,1,,4,0.176
field_symmetry,random_heads,101,17,0,50,2,,4,0.176
field_symmetry,random_heads,101,17,0,50,3,,4,0.176
field_symmetry,random_heads,101,17,0,50,4,,4,0.176
field_symmetry,random_heads,101,17,1,25,1,,4,0.208
field_symmetry,random_heads,101,17,1,25,2,,4,0.208
field_symmetry,random_heads,101,17,1,25,3,,4,0.2
field_symmetry,random_heads,101,17,1,25,4,,4,0.208
field_symmetry,random_heads,101,17,1,50,1,,4,0.192
field_symmetry,random_heads,101,17,1,50,2,,4,0.192
field_symmetry,random_heads,101,17,1,50,3,,4,0.192
field_symmetry,random_heads,101,17,1,50,4,,4,0.192
field_symmetry,random_heads,101,17,2,25,1,,3,0.168
field_symmetry,random_heads,101,17,2,25,2,,3,0.152
field_symmetry,random_heads,101,17,2,25,3,,3,0.144
field_symmetry,random_heads,101,17,2,25,4,,3,0.144
field_symmetry,random_heads,101,17,2,50,1,,3,0.192
field_symmetry,random_heads,101,17,2,50,2,,3,0.184
field_symmetry,random_heads,101,17,2,50,3,,3,0.184
field_symmetry,random_heads,101,17,2,50,4,,3,0.184
field_symmetry,random_heads,101,17,3,25,1,,3,0.16
field_symmetry,random_heads,101,17,3,25,2,,3,0.168
field_symmetry,random_heads,101,17,3,25,3,,3,0.176
field_symmetry,random_heads,101,17,3,25,4,,3,0.168
field_symmetry,random_heads,101,17,3,50,1,,3,0.2
field_symmetry,random_heads,101,17,3,50,2,,3,0.208
field_symmetry,random_heads,101,17,3,50,3,,3,0.2
field_symmetry,random_heads,101,17,3,50,4,,3,0.208
field_symmetry,random_heads,101,17,4,25,1,,4,0.2
field_symmetry,random_heads,101,17,4,25,2,,4,0.2
field_symmetry,random_heads,101,17,4,25,3,,4,0.2
field_symmetry,random_heads,101,17,4,25,4,,4,0.2
field_symmetry,random_heads,101,17,4,50,1,,4,0.176
field_symmetry,random_heads,101,17,4,50,2,,4,0.16
field_symmetry,random_heads,101,17,4,50,3,,4,0.16
field_symmetry,random_heads,101,17,4,50,4,,4,0.16
field_symmetry,random_heads,101,17,5,25,1,,4,0.16
field_symmetry,random_heads,101,17,5,25,2,,4,0.16
field_symmetry,random_heads,101,17,5,25,3,,4,0.16
field_symmetry,random_heads,101,17,5,25,4,,4,0.16
field_symmetry,random_heads,101,17,5,50,1,,4,0.224
field_symmetry,random_heads,101,17,5,50,2,,4,0.216
field_symmetry,random_heads,101,17,5,50,3,,4,0.216
field_symmetry,random_heads,101,17,5,50,4,,4,0.216
field_symmetry,random_heads,101,17,6,25,1,,4,0.12
field_symmetry,random_heads,101,17,6,25,2,,4,0.12
field_symmetry,random_heads,101,17,6,25,3,,4,0.128
field_symmetry,random_heads,101,17,6,25,4,,4,0.128
field_symmetry,random_heads,101,17,6,50,1,,4,0.2
field_symmetry,random_heads,101,17,6,50,2,,4,0.192
field_symmetry,random_heads,101,17,6,50,3,,4,0.192
field_symmetry,random_heads,101,17,6,50,4,,4,0.192
field_symmetry,random_heads,101,17,7,25,1,,3,0.184
field_symmetry,random_heads,101,17,7,25,2,,3,0.192
field_symmetry,random_heads,101,17,7,25,3,,3,0.176
field_symmetry,random_heads,101,17,7,25,4,,3,0.176
field_symmetry,random_heads,101,17,7,50,1,,3,0.184
field_symmetry,random_heads,101,17,7,50,2,,3,0.184
field_symmetry,random_heads,101,17,7,50,3,,3,0.184
field_symmetry,random_heads,101,17,7,50,4,,3,0.184
field_symmetry,physical_factors,101,17,0,25,1,,4,0.16
field_symmetry,physical_factors,101,17,0,25,2,,4,0.144
field_symmetry,physical_factors,101,17,0,25,3,,4,0.128
field_symmetry,physical_factors,101,17,0,25,4,,4,0.12
field_symmetry,physical_factors,101,17,0,50,1,,4,0.176
field_symmetry,physical_factors,101,17,0,50,2,,4,0.104
field_symmetry,physical_factors,101,17,0,50,3,,4,0.104
field_symmetry,physical_factors,101,17,0,50,4,,4,0.104
field_symmetry,physical_factors,101,17,1,25,1,,4,0.176
field_symmetry,physical_factors,101,17,1,25,2,,4,0.144
field_symmetry,physical_factors,101,17,1,25,3,,4,0.128
field_symmetry,physical_factors,101,17,1,25,4,,4,0.128
field_symmetry,physical_factors,101,17,1,50,1,,4,0.184
field_symmetry,physical_factors,101,17,1,50,2,,4,0.144
field_symmetry,physical_factors,101,17,1,50,3,,4,0.104
field_symmetry,physical_factors,101,17,1,50,4,,4,0.112
field_symmetry,physical_factors,101,17,2,25,1,,3,0.168
field_symmetry,physical_factors,101,17,2,25,2,,3,0.144
field_symmetry,physical_factors,101,17,2,25,3,,3,0.16
field_symmetry,physical_factors,101,17,2,25,4,,3,0.16
field_symmetry,physical_factors,101,17,2,50,1,,3,0.184
field_symmetry,physical_factors,101,17,2,50,2,,3,0.16
field_symmetry,physical_factors,101,17,2,50,3,,3,0.136
field_symmetry,physical_factors,101,17,2,50,4,,3,0.144
field_symmetry,physical_factors,101,17,3,25,1,,3,0.24
field_symmetry,physical_factors,101,17,3,25,2,,3,0.192
field_symmetry,physical_factors,101,17,3,25,3,,3,0.208
field_symmetry,physical_factors,101,17,3,25,4,,3,0.216
field_symmetry,physical_factors,101,17,3,50,1,,3,0.24
field_symmetry,physical_factors,101,17,3,50,2,,3,0.184
field_symmetry,physical_factors,101,17,3,50,3,,3,0.184
field_symmetry,physical_factors,101,17,3,50,4,,3,0.192
field_symmetry,physical_factors,101,17,4,25,1,,4,0.2
field_symmetry,physical_factors,101,17,4,25,2,,4,0.16
field_symmetry,physical_factors,101,17,4,25,3,,4,0.128
field_symmetry,physical_factors,101,17,4,25,4,,4,0.136
field_symmetry,physical_factors,101,17,4,50,1,,4,0.16
field_symmetry,physical_factors,101,17,4,50,2,,4,0.144
field_symmetry,physical_factors,101,17,4,50,3,,4,0.112
field_symmetry,physical_factors,101,17,4,50,4,,4,0.12
field_symmetry,physical_factors,101,17,5,25,1,,4,0.128
field_symmetry,physical_factors,101,17,5,25,2,,4,0.144
field_symmetry,physical_factors,101,17,5,25,3,,4,0.136
field_symmetry,physical_factors,101,17,5,25,4,,4,0.128
field_symmetry,physical_factors,101,17,5,50,1,,4,0.16
field_symmetry,physical_factors,101,17,5,50,2,,4,0.12
field_symmetry,physical_factors,101,17,5,50,3,,4,0.08
field_symmetry,physical_factors,101,17,5,50,4,,4,0.104
field_symmetry,physical_factors,101,17,6,25,1,,4,0.16
field_symmetry,physical_factors,101,17,6,25,2,,4,0.144
field_symmetry,physical_factors,101,17,6,25,3,,4,0.128
field_symmetry,physical_factors,101,17,6,25,4,,4,0.128
field_symmetry,physical_factors,101,17,6,50,1,,4,0.136
field_symmetry,physical_factors,101,17,6,50,2,,4,0.088
field_symmetry,physical_factors,101,17,6,50,3,,4,0.08
field_symmetry,physical_factors,101,17,6,50,4,,4,0.08
field_symmetry,physical_factors,101,17,7,25,1,,3,0.128
field_symmetry,physical_factors,101,17,7,25,2,,3,0.104
field_symmetry,physical_factors,101,17,7,25,3,,3,0.128
field_symmetry,physical_factors,101,17,7,25,4,,3,0.128
field_symmetry,physical_factors,101,17,7,50,1,,3,0.136
field_symmetry,physical_factors,101,17,7,50,2,,3,0.12
field_symmetry,physical_factors,101,17,7,50,3,,3,0.128
field_symmetry,physical_factors,101,17,7,50,4,,3,0.136
field_symmetry,P,101,17,0,25,1,2,4,0.304
field_symmetry,P,101,17,0,25,2,2,4,0.368
field_symmetry,P,101,17,0,25,3,2,4,0.376
field_symmetry,P,101,17,0,25,4,2,4,0.376
field_symmetry,P,101,17,0,50,1,2,4,0.208
field_symmetry,P,101,17,0,50,2,2,4,0.408
field_symmetry,P,101,17,0,50,3,2,4,0.432
field_symmetry,P,101,17,0,50,4,2,4,0.408
field_symmetry,P,101,17,1,25,1,2,4,0.24
field_symmetry,P,101,17,1,25,2,2,4,0.304
field_symmetry,P,101,17,1,25,3,2,4,0.304
field_symmetry,P,101,17,1,25,4,2,4,0.304
field_symmetry,P,101,17,1,50,1,2,4,0.296
field_symmetry,P,101,17,1,50,2,2,4,0.424
field_symmetry,P,101,17,1,50,3,2,4,0.432
field_symmetry,P,101,17,1,50,4,2,4,0.408
field_symmetry,P,101,17,2,25,1,3,3,0.2
field_symmetry,P,101,17,2,25,2,3,3,0.184
field_symmetry,P,101,17,2,25,3,3,3,0.192
field_symmetry,P,101,17,2,25,4,3,3,0.184
field_symmetry,P,101,17,2,50,1,3,3,0.16
field_symmetry,P,101,17,2,50,2,3,3,0.168
field_symmetry,P,101,17,2,50,3,3,3,0.184
field_symmetry,P,101,17,2,50,4,3,3,0.184
field_symmetry,P,101,17,3,25,1,3,3,0.168
field_symmetry,P,101,17,3,25,2,3,3,0.152
field_symmetry,P,101,17,3,25,3,3,3,0.192
field_symmetry,P,101,17,3,25,4,3,3,0.184
field_symmetry,P,101,17,3,50,1,3,3,0.216
field_symmetry,P,101,17,3,50,2,3,3,0.152
field_symmetry,P,101,17,3,50,3,3,3,0.168
field_symmetry,P,101,17,3,50,4,3,3,0.176
field_symmetry,P,101,17,4,25,1,3,4,0.224
field_symmetry,P,101,17,4,25,2,3,4,0.232
field_symmetry,P,101,17,4,25,3,3,4,0.232
field_symmetry,P,101,17,4,25,4,3,4,0.224
field_symmetry,P,101,17,4,50,1,3,4,0.208
field_symmetry,P,101,17,4,50,2,3,4,0.224
field_symmetry,P,101,17,4,50,3,3,4,0.24
field_symmetry,P,101,17,4,50,4,3,4,0.232
field_symmetry,P,101,17,5,25,1,3,4,0.168
field_symmetry,P,101,17,5,25,2,3,4,0.2
field_symmetry,P,101,17,5,25,3,3,4,0.2
field_symmetry,P,101,17,5,25,4,3,4,0.2
field_symmetry,P,101,17,5,50,1,3,4,0.2
field_symmetry,P,101,17,5,50,2,3,4,0.224
field_symmetry,P,101,17,5,50,3,3,4,0.208
field_symmetry,P,101,17,5,50,4,3,4,0.208
field_symmetry,P,101,17,6,25,1,4,4,0.192
field_symmetry,P,101,17,6,25,2,4,4,0.168
field_symmetry,P,101,17,6,25,3,4,4,0.136
field_symmetry,P,101,17,6,25,4,4,4,0.144
field_symmetry,P,101,17,6,50,1,4,4,0.184
field_symmetry,P,101,17,6,50,2,4,4,0.136
field_symmetry,P,101,17,6,50,3,4,4,0.08
field_symmetry,P,101,17,6,50,4,4,4,0.088
field_symmetry,P,101,17,7,25,1,4,3,0.2
field_symmetry,P,101,17,7,25,2,4,3,0.144
field_symmetry,P,101,17,7,25,3,4,3,0.12
field_symmetry,P,101,17,7,25,4,4,3,0.112
field_symmetry,P,101,17,7,50,1,4,3,0.128
field_symmetry,P,101,17,7,50,2,4,3,0.064
field_symmetry,P,101,17,7,50,3,4,3,0.032
field_symmetry,P,101,17,7,50,4,4,3,0.04
field_symmetry,M1,101,17,0,25,1,2,4,0.28
field_symmetry,M1,101,17,0,25,2,2,4,0.344
field_symmetry,M1,101,17,0,25,3,2,4,0.32
field_symmetry,M1,101,17,0,25,4,2,4,0.328
field_symmetry,M1,101,17,0,50,1,2,4,0.224
field_symmetry,M1,101,17,0,50,2,2,4,0.352
field_symmetry,M1,101,17,0,50,3,2,4,0.384
field_symmetry,M1,101,17,0,50,4,2,4,0.376
field_symmetry,M1,101,17,1,25,1,3,4,0.168
field_symmetry,M1,101,17,1,25,2,3,4,0.192
field_symmetry,M1,101,17,1,25,3,3,4,0.192
field_symmetry,M1,101,17,1,25,4,3,4,0.184
field_symmetry,M1,101,17,1,50,1,3,4,0.192
field_symmetry,M1,101,17,1,50,2,3,4,0.208
field_symmetry,M1,101,17,1,50,3,3,4,0.216
field_symmetry,M1,101,17,1,50,4,3,4,0.2
field_symmetry,M1,101,17,2,25,1,2,3,0.208
field_symmetry,M1,101,17,2,25,2,2,3,0.336
field_symmetry,M1,101,17,2,25,3,2,3,0.336
field_symmetry,M1,101,17,2,25,4,2,3,0.336
field_symmetry,M1,101,17,2,50,1,2,3,0.192
field_symmetry,M1,101,17,2,50,2,2,3,0.312
field_symmetry,M1,101,17,2,50,3,2,3,0.344
field_symmetry,M1,101,17,2,50,4,2,3,0.328
field_symmetry,M1,101,17,3,25,1,3,3,0.2
field_symmetry,M1,101,17,3,25,2,3,3,0.176
field_symmetry,M1,101,17,3,25,3,3,3,0.168
field_symmetry,M1,101,17,3,25,4,3,3,0.168
field_symmetry,M1,101,17,3,50,1,3,3,0.112
field_symmetry,M1,101,17,3,50,2,3,3,0.112
field_symmetry,M1,101,17,3,50,3,3,3,0.12
field_symmetry,M1,101,17,3,50,4,3,3,0.128
field_symmetry,M1,101,17,4,25,1,3,4,0.232
field_symmetry,M1,101,17,4,25,2,3,4,0.24
field_symmetry,M1,101,17,4,25,3,3,4,0.256
field_symmetry,M1,101,17,4,25,4,3,4,0.248
field_symmetry,M1,101,17,4,50,1,3,4,0.224
field_symmetry,M1,101,17,4,50,2,3,4,0.208
field_symmetry,M1,101,17,4,50,3,3,4,0.224
field_symmetry,M1,101,17,4,50,4,3,4,0.224
field_symmetry,M1,101,17,5,25,1,3,4,0.152
field_symmetry,M1,101,17,5,25,2,3,4,0.16
field_symmetry,M1,101,17,5,25,3,3,4,0.168
field_symmetry,M1,101,17,5,25,4,3,4,0.168
field_symmetry,M1,101,17,5,50,1,3,4,0.152
field_symmetry,M1,101,17,5,50,2,3,4,0.152
field_symmetry,M1,101,17,5,50,3,3,4,0.176
field_symmetry,M1,101,17,5,50,4,3,4,0.176
field_symmetry,M1,101,17,6,25,1,3,4,0.2
field_symmetry,M1,101,17,6,25,2,3,4,0.192
field_symmetry,M1,101,17,6,25,3,3,4,0.184
field_symmetry,M1,101,17,6,25,4,3,4,0.184
field_symmetry,M1,101,17,6,50,1,3,4,0.184
field_symmetry,M1,101,17,6,50,2,3,4,0.176
field_symmetry,M1,101,17,6,50,3,3,4,0.208
field_symmetry,M1,101,17,6,50,4,3,4,0.192
field_symmetry,M1,101,17,7,25,1,4,3,0.152
field_symmetry,M1,101,17,7,25,2,4,3,0.144
field_symmetry,M1,101,17,7,25,3,4,3,0.136
field_symmetry,M1,101,17,7,25,4,4,3,0.136
field_symmetry,M1,101,17,7,50,1,4,3,0.144
field_symmetry,M1,101,17,7,50,2,4,3,0.104
field_symmetry,M1,101,17,7,50,3,4,3,0.08
field_symmetry,M1,101,17,7,50,4,4,3,0.08
field_symmetry,M4,101,17,0,25,1,2,4,0.264
field_symmetry,M4,101,17,0,25,2,2,4,0.352
field_symmetry,M4,101,17,0,25,3,2,4,0.352
field_symmetry,M4,101,17,0,25,4,2,4,0.344
field_symmetry,M4,101,17,0,50,1,2,4,0.176
field_symmetry,M4,101,17,0,50,2,2,4,0.352
field_symmetry,M4,101,17,0,50,3,2,4,0.392
field_symmetry,M4,101,17,0,50,4,2,4,0.392
field_symmetry,M4,101,17,1,25,1,3,4,0.136
field_symmetry,M4,101,17,1,25,2,3,4,0.152
field_symmetry,M4,101,17,1,25,3,3,4,0.152
field_symmetry,M4,101,17,1,25,4,3,4,0.152
field_symmetry,M4,101,17,1,50,1,3,4,0.216
field_symmetry,M4,101,17,1,50,2,3,4,0.208
field_symmetry,M4,101,17,1,50,3,3,4,0.2
field_symmetry,M4,101,17,1,50,4,3,4,0.2
field_symmetry,M4,101,17,2,25,1,3,3,0.176
field_symmetry,M4,101,17,2,25,2,3,3,0.168
field_symmetry,M4,101,17,2,25,3,3,3,0.192
field_symmetry,M4,101,17,2,25,4,3,3,0.208
field_symmetry,M4,101,17,2,50,1,3,3,0.168
field_symmetry,M4,101,17,2,50,2,3,3,0.136
field_symmetry,M4,101,17,2,50,3,3,3,0.176
field_symmetry,M4,101,17,2,50,4,3,3,0.176
field_symmetry,M4,101,17,3,25,1,3,3,0.2
field_symmetry,M4,101,17,3,25,2,3,3,0.16
field_symmetry,M4,101,17,3,25,3,3,3,0.184
field_symmetry,M4,101,17,3,25,4,3,3,0.184
field_symmetry,M4,101,17,3,50,1,3,3,0.168
field_symmetry,M4,101,17,3,50,2,3,3,0.136
field_symmetry,M4,101,17,3,50,3,3,3,0.152
field_symmetry,M4,101,17,3,50,4,3,3,0.152
field_symmetry,M4,101,17,4,25,1,3,4,0.224
field_symmetry,M4,101,17,4,25,2,3,4,0.248
field_symmetry,M4,101,17,4,25,3,3,4,0.232
field_symmetry,M4,101,17,4,25,4,3,4,0.232
field_symmetry,M4,101,17,4,50,1,3,4,0.224
field_symmetry,M4,101,17,4,50,2,3,4,0.232
field_symmetry,M4,101,17,4,50,3,3,4,0.24
field_symmetry,M4,101,17,4,50,4,3,4,0.248
field_symmetry,M4,101,17,5,25,1,2,4,0.24
field_symmetry,M4,101,17,5,25,2,2,4,0.304
field_symmetry,M4,101,17,5,25,3,2,4,0.328
field_symmetry,M4,101,17,5,25,4,2,4,0.32
field_symmetry,M4,101,17,5,50,1,2,4,0.288
field_symmetry,M4,101,17,5,50,2,2,4,0.408
field_symmetry,M4,101,17,5,50,3,2,4,0.44
field_symmetry,M4,101,17,5,50,4,2,4,0.424
field_symmetry,M4,101,17,6,25,1,4,4,0.2
field_symmetry,M4,101,17,6,25,2,4,4,0.176
field_symmetry,M4,101,17,6,25,3,4,4,0.16
field_symmetry,M4,101,17,6,25,4,4,4,0.16
field_symmetry,M4,101,17,6,50,1,4,4,0.2
field_symmetry,M4,101,17,6,50,2,4,4,0.144
field_symmetry,M4,101,17,6,50,3,4,4,0.112
field_symmetry,M4,101,17,6,50,4,4,4,0.112
field_symmetry,M4,101,17,7,25,1,4,3,0.104
field_symmetry,M4,101,17,7,25,2,4,3,0.096
field_symmetry,M4,101,17,7,25,3,4,3,0.088
field_symmetry,M4,101,17,7,25,4,4,3,0.088
field_symmetry,M4,101,17,7,50,1,4,3,0.096
field_symmetry,M4,101,17,7,50,2,4,3,0.064
field_symmetry,M4,101,17,7,50,3,4,3,0.056
field_symmetry,M4,101,17,7,50,4,4,3,0.056
field_symmetry,M2,101,17,0,25,1,2,4,0.256
field_symmetry,M2,101,17,0,25,2,2,4,0.328
field_symmetry,M2,101,17,0,25,3,2,4,0.336
field_symmetry,M2,101,17,0,25,4,2,4,0.328
field_symmetry,M2,101,17,0,50,1,2,4,0.232
field_symmetry,M2,101,17,0,50,2,2,4,0.4
field_symmetry,M2,101,17,0,50,3,2,4,0.424
field_symmetry,M2,101,17,0,50,4,2,4,0.408
field_symmetry,M2,101,17,1,25,1,3,4,0.168
field_symmetry,M2,101,17,1,25,2,3,4,0.152
field_symmetry,M2,101,17,1,25,3,3,4,0.168
field_symmetry,M2,101,17,1,25,4,3,4,0.16
field_symmetry,M2,101,17,1,50,1,3,4,0.216
field_symmetry,M2,101,17,1,50,2,3,4,0.216
field_symmetry,M2,101,17,1,50,3,3,4,0.224
field_symmetry,M2,101,17,1,50,4,3,4,0.224
field_symmetry,M2,101,17,2,25,1,3,3,0.152
field_symmetry,M2,101,17,2,25,2,3,3,0.168
field_symmetry,M2,101,17,2,25,3,3,3,0.16
field_symmetry,M2,101,17,2,25,4,3,3,0.16
field_symmetry,M2,101,17,2,50,1,3,3,0.16
field_symmetry,M2,101,17,2,50,2,3,3,0.152
field_symmetry,M2,101,17,2,50,3,3,3,0.176
field_symmetry,M2,101,17,2,50,4,3,3,0.168
field_symmetry,M2,101,17,3,25,1,2,3,0.216
field_symmetry,M2,101,17,3,25,2,2,3,0.272
field_symmetry,M2,101,17,3,25,3,2,3,0.304
field_symmetry,M2,101,17,3,25,4,2,3,0.296
field_symmetry,M2,101,17,3,50,1,2,3,0.288
field_symmetry,M2,101,17,3,50,2,2,3,0.424
field_symmetry,M2,101,17,3,50,3,2,3,0.408
field_symmetry,M2,101,17,3,50,4,2,3,0.408
field_symmetry,M2,101,17,4,25,1,3,4,0.248
field_symmetry,M2,101,17,4,25,2,3,4,0.248
field_symmetry,M2,101,17,4,25,3,3,4,0.248
field_symmetry,M2,101,17,4,25,4,3,4,0.248
field_symmetry,M2,101,17,4,50,1,3,4,0.152
field_symmetry,M2,101,17,4,50,2,3,4,0.184
field_symmetry,M2,101,17,4,50,3,3,4,0.208
field_symmetry,M2,101,17,4,50,4,3,4,0.2
field_symmetry,M2,101,17,5,25,1,3,4,0.176
field_symmetry,M2,101,17,5,25,2,3,4,0.168
field_symmetry,M2,101,17,5,25,3,3,4,0.168
field_symmetry,M2,101,17,5,25,4,3,4,0.168
field_symmetry,M2,101,17,5,50,1,3,4,0.2
field_symmetry,M2,101,17,5,50,2,3,4,0.2
field_symmetry,M2,101,17,5,50,3,3,4,0.208
field_symmetry,M2,101,17,5,50,4,3,4,0.216
field_symmetry,M2,101,17,6,25,1,4,4,0.208
field_symmetry,M2,101,17,6,25,2,4,4,0.184
field_symmetry,M2,101,17,6,25,3,4,4,0.152
field_symmetry,M2,101,17,6,25,4,4,4,0.152
field_symmetry,M2,101,17,6,50,1,4,4,0.192
field_symmetry,M2,101,17,6,50,2,4,4,0.168
field_symmetry,M2,101,17,6,50,3,4,4,0.128
field_symmetry,M2,101,17,6,50,4,4,4,0.12
field_symmetry,M2,101,17,7,25,1,3,3,0.12
field_symmetry,M2,101,17,7,25,2,3,3,0.152
field_symmetry,M2,101,17,7,25,3,3,3,0.16
field_symmetry,M2,101,17,7,25,4,3,3,0.16
field_symmetry,M2,101,17,7,50,1,3,3,0.104
field_symmetry,M2,101,17,7,50,2,3,3,0.144
field_symmetry,M2,101,17,7,50,3,3,3,0.152
field_symmetry,M2,101,17,7,50,4,3,3,0.16
field_symmetry,M3,101,17,0,25,1,2,4,0.296
field_symmetry,M3,101,17,0,25,2,2,4,0.36
field_symmetry,M3,101,17,0,25,3,2,4,0.36
field_symmetry,M3,101,17,0,25,4,2,4,0.36
field_symmetry,M3,101,17,0,50,1,2,4,0.248
field_symmetry,M3,101,17,0,50,2,2,4,0.4
field_symmetry,M3,101,17,0,50,3,2,4,0.464
field_symmetry,M3,101,17,0,50,4,2,4,0.456
field_symmetry,M3,101,17,1,25,1,3,4,0.168
field_symmetry,M3,101,17,1,25,2,3,4,0.144
field_symmetry,M3,101,17,1,25,3,3,4,0.16
field_symmetry,M3,101,17,1,25,4,3,4,0.16
field_symmetry,M3,101,17,1,50,1,3,4,0.184
field_symmetry,M3,101,17,1,50,2,3,4,0.2
field_symmetry,M3,101,17,1,50,3,3,4,0.208
field_symmetry,M3,101,17,1,50,4,3,4,0.208
field_symmetry,M3,101,17,2,25,1,3,3,0.192
field_symmetry,M3,101,17,2,25,2,3,3,0.184
field_symmetry,M3,101,17,2,25,3,3,3,0.192
field_symmetry,M3,101,17,2,25,4,3,3,0.2
field_symmetry,M3,101,17,2,50,1,3,3,0.2
field_symmetry,M3,101,17,2,50,2,3,3,0.176
field_symmetry,M3,101,17,2,50,3,3,3,0.184
field_symmetry,M3,101,17,2,50,4,3,3,0.176
field_symmetry,M3,101,17,3,25,1,3,3,0.16
field_symmetry,M3,101,17,3,25,2,3,3,0.152
field_symmetry,M3,101,17,3,25,3,3,3,0.16
field_symmetry,M3,101,17,3,25,4,3,3,0.168
field_symmetry,M3,101,17,3,50,1,3,3,0.152
field_symmetry,M3,101,17,3,50,2,3,3,0.152
field_symmetry,M3,101,17,3,50,3,3,3,0.152
field_symmetry,M3,101,17,3,50,4,3,3,0.152
field_symmetry,M3,101,17,4,25,1,2,4,0.296
field_symmetry,M3,101,17,4,25,2,2,4,0.336
field_symmetry,M3,101,17,4,25,3,2,4,0.352
field_symmetry,M3,101,17,4,25,4,2,4,0.352
field_symmetry,M3,101,17,4,50,1,2,4,0.192
field_symmetry,M3,101,17,4,50,2,2,4,0.392
field_symmetry,M3,101,17,4,50,3,2,4,0.4
field_symmetry,M3,101,17,4,50,4,2,4,0.4
field_symmetry,M3,101,17,5,25,1,3,4,0.2
field_symmetry,M3,101,17,5,25,2,3,4,0.168
field_symmetry,M3,101,17,5,25,3,3,4,0.184
field_symmetry,M3,101,17,5,25,4,3,4,0.184
field_symmetry,M3,101,17,5,50,1,3,4,0.168
field_symmetry,M3,101,17,5,50,2,3,4,0.168
field_symmetry,M3,101,17,5,50,3,3,4,0.184
field_symmetry,M3,101,17,5,50,4,3,4,0.176
field_symmetry,M3,101,17,6,25,1,4,4,0.2
field_symmetry,M3,101,17,6,25,2,4,4,0.176
field_symmetry,M3,101,17,6,25,3,4,4,0.152
field_symmetry,M3,101,17,6,25,4,4,4,0.152
field_symmetry,M3,101,17,6,50,1,4,4,0.168
field_symmetry,M3,101,17,6,50,2,4,4,0.152
field_symmetry,M3,101,17,6,50,3,4,4,0.128
field_symmetry,M3,101,17,6,50,4,4,4,0.112
field_symmetry,M3,101,17,7,25,1,4,3,0.128
field_symmetry,M3,101,17,7,25,2,4,3,0.136
field_symmetry,M3,101,17,7,25,3,4,3,0.128
field_symmetry,M3,101,17,7,25,4,4,3,0.12
field_symmetry,M3,101,17,7,50,1,4,3,0.152
field_symmetry,M3,101,17,7,50,2,4,3,0.08
field_symmetry,M3,101,17,7,50,3,4,3,0.056
field_symmetry,M3,101,17,7,50,4,4,3,0.056
field_symmetry,random_heads,101,42,0,25,1,,4,0.16
field_symmetry,random_heads,101,42,0,25,2,,4,0.168
field_symmetry,random_heads,101,42,0,25,3,,4,0.168
field_symmetry,random_heads,101,42,0,25,4,,4,0.176
field_symmetry,random_heads,101,42,0,50,1,,4,0.168
field_symmetry,random_heads,101,42,0,50,2,,4,0.168
field_symmetry,random_heads,101,42,0,50,3,,4,0.16
field_symmetry,random_heads,101,42,0,50,4,,4,0.16
field_symmetry,random_heads,101,42,1,25,1,,4,0.184
field_symmetry,random_heads,101,42,1,25,2,,4,0.184
field_symmetry,random_heads,101,42,1,25,3,,4,0.184
field_symmetry,random_heads,101,42,1,25,4,,4,0.184
field_symmetry,random_heads,101,42,1,50,1,,4,0.12
field_symmetry,random_heads,101,42,1,50,2,,4,0.112
field_symmetry,random_heads,101,42,1,50,3,,4,0.112
field_symmetry,random_heads,101,42,1,50,4,,4,0.112
field_symmetry,random_heads,101,42,2,25,1,,3,0.176
field_symmetry,random_heads,101,42,2,25,2,,3,0.184
field_symmetry,random_heads,101,42,2,25,3,,3,0.184
field_symmetry,random_heads,101,42,2,25,4,,3,0.184
field_symmetry,random_heads,101,42,2,50,1,,3,0.184
field_symmetry,random_heads,101,42,2,50,2,,3,0.192
field_symmetry,random_heads,101,42,2,50,3,,3,0.184
field_symmetry,random_heads,101,42,2,50,4,,3,0.184
field_symmetry,random_heads,101,42,3,25,1,,3,0.192
field_symmetry,random_heads,101,42,3,25,2,,3,0.184
field_symmetry,random_heads,101,42,3,25,3,,3,0.184
field_symmetry,random_heads,101,42,3,25,4,,3,0.176
field_symmetry,random_heads,101,42,3,50,1,,3,0.16
field_symmetry,random_heads,101,42,3,50,2,,3,0.16
field_symmetry,random_heads,101,42,3,50,3,,3,0.152
field_symmetry,random_heads,101,42,3,50,4,,3,0.152
field_symmetry,random_heads,101,42,4,25,1,,4,0.184
field_symmetry,random_heads,101,42,4,25,2,,4,0.168
field_symmetry,random_heads,101,42,4,25,3,,4,0.16
field_symmetry,random_heads,101,42,4,25,4,,4,0.168
field_symmetry,random_heads,101,42,4,50,1,,4,0.152
field_symmetry,random_heads,101,42,4,50,2,,4,0.152
field_symmetry,random_heads,101,42,4,50,3,,4,0.152
field_symmetry,random_heads,101,42,4,50,4,,4,0.152
field_symmetry,random_heads,101,42,5,25,1,,4,0.184
field_symmetry,random_heads,101,42,5,25,2,,4,0.184
field_symmetry,random_heads,101,42,5,25,3,,4,0.184
field_symmetry,random_heads,101,42,5,25,4,,4,0.192
field_symmetry,random_heads,101,42,5,50,1,,4,0.176
field_symmetry,random_heads,101,42,5,50,2,,4,0.176
field_symmetry,random_heads,101,42,5,50,3,,4,0.176
field_symmetry,random_heads,101,42,5,50,4,,4,0.176
field_symmetry,random_heads,101,42,6,25,1,,4,0.168
field_symmetry,random_heads,101,42,6,25,2,,4,0.168
field_symmetry,random_heads,101,42,6,25,3,,4,0.184
field_symmetry,random_heads,101,42,6,25,4,,4,0.176
field_symmetry,random_heads,101,42,6,50,1,,4,0.192
field_symmetry,random_heads,101,42,6,50,2,,4,0.192
field_symmetry,random_heads,101,42,6,50,3,,4,0.192
field_symmetry,random_heads,101,42,6,50,4,,4,0.184
field_symmetry,random_heads,101,42,7,25,1,,3,0.16
field_symmetry,random_heads,101,42,7,25,2,,3,0.168
field_symmetry,random_heads,101,42,7,25,3,,3,0.168
field_symmetry,random_heads,101,42,7,25,4,,3,0.16
field_symmetry,random_heads,101,42,7,50,1,,3,0.176
field_symmetry,random_heads,101,42,7,50,2,,3,0.176
field_symmetry,random_heads,101,42,7,50,3,,3,0.176
field_symmetry,random_heads,101,42,7,50,4,,3,0.184
field_symmetry,physical_factors,101,42,0,25,1,,4,0.16
field_symmetry,physical_factors,101,42,0,25,2,,4,0.144
field_symmetry,physical_factors,101,42,0,25,3,,4,0.128
field_symmetry,physical_factors,101,42,0,25,4,,4,0.12
field_symmetry,physical_factors,101,42,0,50,1,,4,0.176
field_symmetry,physical_factors,101,42,0,50,2,,4,0.104
field_symmetry,physical_factors,101,42,0,50,3,,4,0.104
field_symmetry,physical_factors,101,42,0,50,4,,4,0.104
field_symmetry,physical_factors,101,42,1,25,1,,4,0.176
field_symmetry,physical_factors,101,42,1,25,2,,4,0.144
field_symmetry,physical_factors,101,42,1,25,3,,4,0.128
field_symmetry,physical_factors,101,42,1,25,4,,4,0.128
field_symmetry,physical_factors,101,42,1,50,1,,4,0.184
field_symmetry,physical_factors,101,42,1,50,2,,4,0.144
field_symmetry,physical_factors,101,42,1,50,3,,4,0.104
field_symmetry,physical_factors,101,42,1,50,4,,4,0.112
field_symmetry,physical_factors,101,42,2,25,1,,3,0.168
field_symmetry,physical_factors,101,42,2,25,2,,3,0.144
field_symmetry,physical_factors,101,42,2,25,3,,3,0.16
field_symmetry,physical_factors,101,42,2,25,4,,3,0.16
field_symmetry,physical_factors,101,42,2,50,1,,3,0.184
field_symmetry,physical_factors,101,42,2,50,2,,3,0.16
field_symmetry,physical_factors,101,42,2,50,3,,3,0.136
field_symmetry,physical_factors,101,42,2,50,4,,3,0.144
field_symmetry,physical_factors,101,42,3,25,1,,3,0.24
field_symmetry,physical_factors,101,42,3,25,2,,3,0.192
field_symmetry,physical_factors,101,42,3,25,3,,3,0.208
field_symmetry,physical_factors,101,42,3,25,4,,3,0.216
field_symmetry,physical_factors,101,42,3,50,1,,3,0.24
field_symmetry,physical_factors,101,42,3,50,2,,3,0.184
field_symmetry,physical_factors,101,42,3,50,3,,3,0.184
field_symmetry,physical_factors,101,42,3,50,4,,3,0.192
field_symmetry,physical_factors,101,42,4,25,1,,4,0.2
field_symmetry,physical_factors,101,42,4,25,2,,4,0.16
field_symmetry,physical_factors,101,42,4,25,3,,4,0.128
field_symmetry,physical_factors,101,42,4,25,4,,4,0.136
field_symmetry,physical_factors,101,42,4,50,1,,4,0.16
field_symmetry,physical_factors,101,42,4,50,2,,4,0.144
field_symmetry,physical_factors,101,42,4,50,3,,4,0.112
field_symmetry,physical_factors,101,42,4,50,4,,4,0.12
field_symmetry,physical_factors,101,42,5,25,1,,4,0.128
field_symmetry,physical_factors,101,42,5,25,2,,4,0.144
field_symmetry,physical_factors,101,42,5,25,3,,4,0.136
field_symmetry,physical_factors,101,42,5,25,4,,4,0.128
field_symmetry,physical_factors,101,42,5,50,1,,4,0.16
field_symmetry,physical_factors,101,42,5,50,2,,4,0.12
field_symmetry,physical_factors,101,42,5,50,3,,4,0.08
field_symmetry,physical_factors,101,42,5,50,4,,4,0.104
field_symmetry,physical_factors,101,42,6,25,1,,4,0.16
field_symmetry,physical_factors,101,42,6,25,2,,4,0.144
field_symmetry,physical_factors,101,42,6,25,3,,4,0.128
field_symmetry,physical_factors,101,42,6,25,4,,4,0.128
field_symmetry,physical_factors,101,42,6,50,1,,4,0.136
field_symmetry,physical_factors,101,42,6,50,2,,4,0.088
field_symmetry,physical_factors,101,42,6,50,3,,4,0.08
field_symmetry,physical_factors,101,42,6,50,4,,4,0.08
field_symmetry,physical_factors,101,42,7,25,1,,3,0.128
field_symmetry,physical_factors,101,42,7,25,2,,3,0.104
field_symmetry,physical_factors,101,42,7,25,3,,3,0.128
field_symmetry,physical_factors,101,42,7,25,4,,3,0.128
field_symmetry,physical_factors,101,42,7,50,1,,3,0.136
field_symmetry,physical_factors,101,42,7,50,2,,3,0.12
field_symmetry,physical_factors,101,42,7,50,3,,3,0.128
field_symmetry,physical_factors,101,42,7,50,4,,3,0.136
field_symmetry,P,101,42,0,25,1,2,4,0.304
field_symmetry,P,101,42,0,25,2,2,4,0.368
field_symmetry,P,101,42,0,25,3,2,4,0.376
field_symmetry,P,101,42,0,25,4,2,4,0.376
field_symmetry,P,101,42,0,50,1,2,4,0.208
field_symmetry,P,101,42,0,50,2,2,4,0.408
field_symmetry,P,101,42,0,50,3,2,4,0.432
field_symmetry,P,101,42,0,50,4,2,4,0.408
field_symmetry,P,101,42,1,25,1,2,4,0.24
field_symmetry,P,101,42,1,25,2,2,4,0.304
field_symmetry,P,101,42,1,25,3,2,4,0.304
field_symmetry,P,101,42,1,25,4,2,4,0.304
field_symmetry,P,101,42,1,50,1,2,4,0.296
field_symmetry,P,101,42,1,50,2,2,4,0.424
field_symmetry,P,101,42,1,50,3,2,4,0.432
field_symmetry,P,101,42,1,50,4,2,4,0.408
field_symmetry,P,101,42,2,25,1,3,3,0.2
field_symmetry,P,101,42,2,25,2,3,3,0.184
field_symmetry,P,101,42,2,25,3,3,3,0.192
field_symmetry,P,101,42,2,25,4,3,3,0.184
field_symmetry,P,101,42,2,50,1,3,3,0.16
field_symmetry,P,101,42,2,50,2,3,3,0.168
field_symmetry,P,101,42,2,50,3,3,3,0.184
field_symmetry,P,101,42,2,50,4,3,3,0.184
field_symmetry,P,101,42,3,25,1,3,3,0.168
field_symmetry,P,101,42,3,25,2,3,3,0.152
field_symmetry,P,101,42,3,25,3,3,3,0.192
field_symmetry,P,101,42,3,25,4,3,3,0.184
field_symmetry,P,101,42,3,50,1,3,3,0.216
field_symmetry,P,101,42,3,50,2,3,3,0.152
field_symmetry,P,101,42,3,50,3,3,3,0.168
field_symmetry,P,101,42,3,50,4,3,3,0.176
field_symmetry,P,101,42,4,25,1,3,4,0.224
field_symmetry,P,101,42,4,25,2,3,4,0.232
field_symmetry,P,101,42,4,25,3,3,4,0.232
field_symmetry,P,101,42,4,25,4,3,4,0.224
field_symmetry,P,101,42,4,50,1,3,4,0.208
field_symmetry,P,101,42,4,50,2,3,4,0.224
field_symmetry,P,101,42,4,50,3,3,4,0.24
field_symmetry,P,101,42,4,50,4,3,4,0.232
field_symmetry,P,101,42,5,25,1,3,4,0.168
field_symmetry,P,101,42,5,25,2,3,4,0.2
field_symmetry,P,101,42,5,25,3,3,4,0.2
field_symmetry,P,101,42,5,25,4,3,4,0.2
field_symmetry,P,101,42,5,50,1,3,4,0.2
field_symmetry,P,101,42,5,50,2,3,4,0.224
field_symmetry,P,101,42,5,50,3,3,4,0.208
field_symmetry,P,101,42,5,50,4,3,4,0.208
field_symmetry,P,101,42,6,25,1,4,4,0.192
field_symmetry,P,101,42,6,25,2,4,4,0.168
field_symmetry,P,101,42,6,25,3,4,4,0.136
field_symmetry,P,101,42,6,25,4,4,4,0.144
field_symmetry,P,101,42,6,50,1,4,4,0.184
field_symmetry,P,101,42,6,50,2,4,4,0.136
field_symmetry,P,101,42,6,50,3,4,4,0.08
field_symmetry,P,101,42,6,50,4,4,4,0.088
field_symmetry,P,101,42,7,25,1,4,3,0.2
field_symmetry,P,101,42,7,25,2,4,3,0.144
field_symmetry,P,101,42,7,25,3,4,3,0.12
field_symmetry,P,101,42,7,25,4,4,3,0.112
field_symmetry,P,101,42,7,50,1,4,3,0.128
field_symmetry,P,101,42,7,50,2,4,3,0.064
field_symmetry,P,101,42,7,50,3,4,3,0.032
field_symmetry,P,101,42,7,50,4,4,3,0.04
field_symmetry,M1,101,42,0,25,1,2,4,0.28
field_symmetry,M1,101,42,0,25,2,2,4,0.344
field_symmetry,M1,101,42,0,25,3,2,4,0.32
field_symmetry,M1,101,42,0,25,4,2,4,0.328
field_symmetry,M1,101,42,0,50,1,2,4,0.224
field_symmetry,M1,101,42,0,50,2,2,4,0.352
field_symmetry,M1,101,42,0,50,3,2,4,0.384
field_symmetry,M1,101,42,0,50,4,2,4,0.376
field_symmetry,M1,101,42,1,25,1,3,4,0.168
field_symmetry,M1,101,42,1,25,2,3,4,0.192
field_symmetry,M1,101,42,1,25,3,3,4,0.192
field_symmetry,M1,101,42,1,25,4,3,4,0.184
field_symmetry,M1,101,42,1,50,1,3,4,0.192
field_symmetry,M1,101,42,1,50,2,3,4,0.208
field_symmetry,M1,101,42,1,50,3,3,4,0.216
field_symmetry,M1,101,42,1,50,4,3,4,0.2
field_symmetry,M1,101,42,2,25,1,2,3,0.208
field_symmetry,M1,101,42,2,25,2,2,3,0.336
field_symmetry,M1,101,42,2,25,3,2,3,0.336
field_symmetry,M1,101,42,2,25,4,2,3,0.336
field_symmetry,M1,101,42,2,50,1,2,3,0.192
field_symmetry,M1,101,42,2,50,2,2,3,0.312
field_symmetry,M1,101,42,2,50,3,2,3,0.344
field_symmetry,M1,101,42,2,50,4,2,3,0.328
field_symmetry,M1,101,42,3,25,1,3,3,0.2
field_symmetry,M1,101,42,3,25,2,3,3,0.176
field_symmetry,M1,101,42,3,25,3,3,3,0.168
field_symmetry,M1,101,42,3,25,4,3,3,0.168
field_symmetry,M1,101,42,3,50,1,3,3,0.112
field_symmetry,M1,101,42,3,50,2,3,3,0.112
field_symmetry,M1,101,42,3,50,3,3,3,0.12
field_symmetry,M1,101,42,3,50,4,3,3,0.128
field_symmetry,M1,101,42,4,25,1,3,4,0.232
field_symmetry,M1,101,42,4,25,2,3,4,0.24
field_symmetry,M1,101,42,4,25,3,3,4,0.256
field_symmetry,M1,101,42,4,25,4,3,4,0.248
field_symmetry,M1,101,42,4,50,1,3,4,0.224
field_symmetry,M1,101,42,4,50,2,3,4,0.208
field_symmetry,M1,101,42,4,50,3,3,4,0.224
field_symmetry,M1,101,42,4,50,4,3,4,0.224
field_symmetry,M1,101,42,5,25,1,3,4,0.152
field_symmetry,M1,101,42,5,25,2,3,4,0.16
field_symmetry,M1,101,42,5,25,3,3,4,0.168
field_symmetry,M1,101,42,5,25,4,3,4,0.168
field_symmetry,M1,101,42,5,50,1,3,4,0.152
field_symmetry,M1,101,42,5,50,2,3,4,0.152
field_symmetry,M1,101,42,5,50,3,3,4,0.176
field_symmetry,M1,101,42,5,50,4,3,4,0.176
field_symmetry,M1,101,42,6,25,1,3,4,0.2
field_symmetry,M1,101,42,6,25,2,3,4,0.192
field_symmetry,M1,101,42,6,25,3,3,4,0.184
field_symmetry,M1,101,42,6,25,4,3,4,0.184
field_symmetry,M1,101,42,6,50,1,3,4,0.184
field_symmetry,M1,101,42,6,50,2,3,4,0.176
field_symmetry,M1,101,42,6,50,3,3,4,0.208
field_symmetry,M1,101,42,6,50,4,3,4,0.192
field_symmetry,M1,101,42,7,25,1,4,3,0.152
field_symmetry,M1,101,42,7,25,2,4,3,0.144
field_symmetry,M1,101,42,7,25,3,4,3,0.136
field_symmetry,M1,101,42,7,25,4,4,3,0.136
field_symmetry,M1,101,42,7,50,1,4,3,0.144
field_symmetry,M1,101,42,7,50,2,4,3,0.104
field_symmetry,M1,101,42,7,50,3,4,3,0.08
field_symmetry,M1,101,42,7,50,4,4,3,0.08
field_symmetry,M4,101,42,0,25,1,2,4,0.264
field_symmetry,M4,101,42,0,25,2,2,4,0.352
field_symmetry,M4,101,42,0,25,3,2,4,0.352
field_symmetry,M4,101,42,0,25,4,2,4,0.344
field_symmetry,M4,101,42,0,50,1,2,4,0.176
field_symmetry,M4,101,42,0,50,2,2,4,0.352
field_symmetry,M4,101,42,0,50,3,2,4,0.392
field_symmetry,M4,101,42,0,50,4,2,4,0.392
field_symmetry,M4,101,42,1,25,1,3,4,0.136
field_symmetry,M4,101,42,1,25,2,3,4,0.152
field_symmetry,M4,101,42,1,25,3,3,4,0.152
field_symmetry,M4,101,42,1,25,4,3,4,0.152
field_symmetry,M4,101,42,1,50,1,3,4,0.216
field_symmetry,M4,101,42,1,50,2,3,4,0.208
field_symmetry,M4,101,42,1,50,3,3,4,0.2
field_symmetry,M4,101,42,1,50,4,3,4,0.2
field_symmetry,M4,101,42,2,25,1,3,3,0.176
field_symmetry,M4,101,42,2,25,2,3,3,0.168
field_symmetry,M4,101,42,2,25,3,3,3,0.192
field_symmetry,M4,101,42,2,25,4,3,3,0.208
field_symmetry,M4,101,42,2,50,1,3,3,0.168
field_symmetry,M4,101,42,2,50,2,3,3,0.136
field_symmetry,M4,101,42,2,50,3,3,3,0.176
field_symmetry,M4,101,42,2,50,4,3,3,0.176
field_symmetry,M4,101,42,3,25,1,3,3,0.2
field_symmetry,M4,101,42,3,25,2,3,3,0.16
field_symmetry,M4,101,42,3,25,3,3,3,0.184
field_symmetry,M4,101,42,3,25,4,3,3,0.184
field_symmetry,M4,101,42,3,50,1,3,3,0.168
field_symmetry,M4,101,42,3,50,2,3,3,0.136
field_symmetry,M4,101,42,3,50,3,3,3,0.152
field_symmetry,M4,101,42,3,50,4,3,3,0.152
field_symmetry,M4,101,42,4,25,1,3,4,0.224
field_symmetry,M4,101,42,4,25,2,3,4,0.248
field_symmetry,M4,101,42,4,25,3,3,4,0.232
field_symmetry,M4,101,42,4,25,4,3,4,0.232
field_symmetry,M4,101,42,4,50,1,3,4,0.224
field_symmetry,M4,101,42,4,50,2,3,4,0.232
field_symmetry,M4,101,42,4,50,3,3,4,0.24
field_symmetry,M4,101,42,4,50,4,3,4,0.248
field_symmetry,M4,101,42,5,25,1,2,4,0.24
field_symmetry,M4,101,42,5,25,2,2,4,0.304
field_symmetry,M4,101,42,5,25,3,2,4,0.328
field_symmetry,M4,101,42,5,25,4,2,4,0.32
field_symmetry,M4,101,42,5,50,1,2,4,0.288
field_symmetry,M4,101,42,5,50,2,2,4,0.408
field_symmetry,M4,101,42,5,50,3,2,4,0.44
field_symmetry,M4,101,42,5,50,4,2,4,0.424
field_symmetry,M4,101,42,6,25,1,4,4,0.2
field_symmetry,M4,101,42,6,25,2,4,4,0.176
field_symmetry,M4,101,42,6,25,3,4,4,0.16
field_symmetry,M4,101,42,6,25,4,4,4,0.16
field_symmetry,M4,101,42,6,50,1,4,4,0.2
field_symmetry,M4,101,42,6,50,2,4,4,0.144
field_symmetry,M4,101,42,6,50,3,4,4,0.112
field_symmetry,M4,101,42,6,50,4,4,4,0.112
field_symmetry,M4,101,42,7,25,1,4,3,0.104
field_symmetry,M4,101,42,7,25,2,4,3,0.096
field_symmetry,M4,101,42,7,25,3,4,3,0.088
field_symmetry,M4,101,42,7,25,4,4,3,0.088
field_symmetry,M4,101,42,7,50,1,4,3,0.096
field_symmetry,M4,101,42,7,50,2,4,3,0.064
field_symmetry,M4,101,42,7,50,3,4,3,0.056
field_symmetry,M4,101,42,7,50,4,4,3,0.056
field_symmetry,M2,101,42,0,25,1,2,4,0.256
field_symmetry,M2,101,42,0,25,2,2,4,0.328
field_symmetry,M2,101,42,0,25,3,2,4,0.336
field_symmetry,M2,101,42,0,25,4,2,4,0.328
field_symmetry,M2,101,42,0,50,1,2,4,0.232
field_symmetry,M2,101,42,0,50,2,2,4,0.4
field_symmetry,M2,101,42,0,50,3,2,4,0.424
field_symmetry,M2,101,42,0,50,4,2,4,0.408
field_symmetry,M2,101,42,1,25,1,3,4,0.168
field_symmetry,M2,101,42,1,25,2,3,4,0.152
field_symmetry,M2,101,42,1,25,3,3,4,0.168
field_symmetry,M2,101,42,1,25,4,3,4,0.16
field_symmetry,M2,101,42,1,50,1,3,4,0.216
field_symmetry,M2,101,42,1,50,2,3,4,0.216
field_symmetry,M2,101,42,1,50,3,3,4,0.224
field_symmetry,M2,101,42,1,50,4,3,4,0.224
field_symmetry,M2,101,42,2,25,1,3,3,0.152
field_symmetry,M2,101,42,2,25,2,3,3,0.168
field_symmetry,M2,101,42,2,25,3,3,3,0.16
field_symmetry,M2,101,42,2,25,4,3,3,0.16
field_symmetry,M2,101,42,2,50,1,3,3,0.16
field_symmetry,M2,101,42,2,50,2,3,3,0.152
field_symmetry,M2,101,42,2,50,3,3,3,0.176
field_symmetry,M2,101,42,2,50,4,3,3,0.168
field_symmetry,M2,101,42,3,25,1,2,3,0.216
field_symmetry,M2,101,42,3,25,2,2,3,0.272
field_symmetry,M2,101,42,3,25,3,2,3,0.304
field_symmetry,M2,101,42,3,25,4,2,3,0.296
field_symmetry,M2,101,42,3,50,1,2,3,0.288
field_symmetry,M2,101,42,3,50,2,2,3,0.424
field_symmetry,M2,101,42,3,50,3,2,3,0.408
field_symmetry,M2,101,42,3,50,4,2,3,0.408
field_symmetry,M2,101,42,4,25,1,3,4,0.248
field_symmetry,M2,101,42,4,25,2,3,4,0.248
field_symmetry,M2,101,42,4,25,3,3,4,0.248
field_symmetry,M2,101,42,4,25,4,3,4,0.248
field_symmetry,M2,101,42,4,50,1,3,4,0.152
field_symmetry,M2,101,42,4,50,2,3,4,0.184
field_symmetry,M2,101,42,4,50,3,3,4,0.208
field_symmetry,M2,101,42,4,50,4,3,4,0.2
field_symmetry,M2,101,42,5,25,1,3,4,0.176
field_symmetry,M2,101,42,5,25,2,3,4,0.168
field_symmetry,M2,101,42,5,25,3,3,4,0.168
field_symmetry,M2,101,42,5,25,4,3,4,0.168
field_symmetry,M2,101,42,5,50,1,3,4,0.2
field_symmetry,M2,101,42,5,50,2,3,4,0.2
field_symmetry,M2,101,42,5,50,3,3,4,0.208
field_symmetry,M2,101,42,5,50,4,3,4,0.216
field_symmetry,M2,101,42,6,25,1,4,4,0.208
field_symmetry,M2,101,42,6,25,2,4,4,0.184
field_symmetry,M2,101,42,6,25,3,4,4,0.152
field_symmetry,M2,101,42,6,25,4,4,4,0.152
field_symmetry,M2,101,42,6,50,1,4,4,0.192
field_symmetry,M2,101,42,6,50,2,4,4,0.168
field_symmetry,M2,101,42,6,50,3,4,4,0.128
field_symmetry,M2,101,42,6,50,4,4,4,0.12
field_symmetry,M2,101,42,7,25,1,3,3,0.12
field_symmetry,M2,101,42,7,25,2,3,3,0.152
field_symmetry,M2,101,42,7,25,3,3,3,0.16
field_symmetry,M2,101,42,7,25,4,3,3,0.16
field_symmetry,M2,101,42,7,50,1,3,3,0.104
field_symmetry,M2,101,42,7,50,2,3,3,0.144
field_symmetry,M2,101,42,7,50,3,3,3,0.152
field_symmetry,M2,101,42,7,50,4,3,3,0.16
field_symmetry,M3,101,42,0,25,1,2,4,0.296
field_symmetry,M3,101,42,0,25,2,2,4,0.36
field_symmetry,M3,101,42,0,25,3,2,4,0.36
field_symmetry,M3,101,42,0,25,4,2,4,0.36
field_symmetry,M3,101,42,0,50,1,2,4,0.248
field_symmetry,M3,101,42,0,50,2,2,4,0.4
field_symmetry,M3,101,42,0,50,3,2,4,0.464
field_symmetry,M3,101,42,0,50,4,2,4,0.456
field_symmetry,M3,101,42,1,25,1,3,4,0.168
field_symmetry,M3,101,42,1,25,2,3,4,0.144
field_symmetry,M3,101,42,1,25,3,3,4,0.16
field_symmetry,M3,101,42,1,25,4,3,4,0.16
field_symmetry,M3,101,42,1,50,1,3,4,0.184
field_symmetry,M3,101,42,1,50,2,3,4,0.2
field_symmetry,M3,101,42,1,50,3,3,4,0.208
field_symmetry,M3,101,42,1,50,4,3,4,0.208
field_symmetry,M3,101,42,2,25,1,3,3,0.192
field_symmetry,M3,101,42,2,25,2,3,3,0.184
field_symmetry,M3,101,42,2,25,3,3,3,0.192
field_symmetry,M3,101,42,2,25,4,3,3,0.2
field_symmetry,M3,101,42,2,50,1,3,3,0.2
field_symmetry,M3,101,42,2,50,2,3,3,0.176
field_symmetry,M3,101,42,2,50,3,3,3,0.184
field_symmetry,M3,101,42,2,50,4,3,3,0.176
field_symmetry,M3,101,42,3,25,1,3,3,0.16
field_symmetry,M3,101,42,3,25,2,3,3,0.152
field_symmetry,M3,101,42,3,25,3,3,3,0.16
field_symmetry,M3,101,42,3,25,4,3,3,0.168
field_symmetry,M3,101,42,3,50,1,3,3,0.152
field_symmetry,M3,101,42,3,50,2,3,3,0.152
field_symmetry,M3,101,42,3,50,3,3,3,0.152
field_symmetry,M3,101,42,3,50,4,3,3,0.152
field_symmetry,M3,101,42,4,25,1,2,4,0.296
field_symmetry,M3,101,42,4,25,2,2,4,0.336
field_symmetry,M3,101,42,4,25,3,2,4,0.352
field_symmetry,M3,101,42,4,25,4,2,4,0.352
field_symmetry,M3,101,42,4,50,1,2,4,0.192
field_symmetry,M3,101,42,4,50,2,2,4,0.392
field_symmetry,M3,101,42,4,50,3,2,4,0.4
field_symmetry,M3,101,42,4,50,4,2,4,0.4
field_symmetry,M3,101,42,5,25,1,3,4,0.2
field_symmetry,M3,101,42,5,25,2,3,4,0.168
field_symmetry,M3,101,42,5,25,3,3,4,0.184
field_symmetry,M3,101,42,5,25,4,3,4,0.184
field_symmetry,M3,101,42,5,50,1,3,4,0.168
field_symmetry,M3,101,42,5,50,2,3,4,0.168
field_symmetry,M3,101,42,5,50,3,3,4,0.184
field_symmetry,M3,101,42,5,50,4,3,4,0.176
field_symmetry,M3,101,42,6,25,1,4,4,0.2
field_symmetry,M3,101,42,6,25,2,4,4,0.176
field_symmetry,M3,101,42,6,25,3,4,4,0.152
field_symmetry,M3,101,42,6,25,4,4,4,0.152
field_symmetry,M3,101,42,6,50,1,4,4,0.168
field_symmetry,M3,101,42,6,50,2,4,4,0.152
field_symmetry,M3,101,42,6,50,3,4,4,0.128
field_symmetry,M3,101,42,6,50,4,4,4,0.112
field_symmetry,M3,101,42,7,25,1,4,3,0.128
field_symmetry,M3,101,42,7,25,2,4,3,0.136
field_symmetry,M3,101,42,7,25,3,4,3,0.128
field_symmetry,M3,101,42,7,25,4,4,3,0.12
field_symmetry,M3,101,42,7,50,1,4,3,0.152
field_symmetry,M3,101,42,7,50,2,4,3,0.08
field_symmetry,M3,101,42,7,50,3,4,3,0.056
field_symmetry,M3,101,42,7,50,4,4,3,0.056
field_symmetry,random_heads,101,101,0,25,1,,4,0.152
field_symmetry,random_heads,101,101,0,25,2,,4,0.144
field_symmetry,random_heads,101,101,0,25,3,,4,0.144
field_symmetry,random_heads,101,101,0,25,4,,4,0.152
field_symmetry,random_heads,101,101,0,50,1,,4,0.152
field_symmetry,random_heads,101,101,0,50,2,,4,0.152
field_symmetry,random_heads,101,101,0,50,3,,4,0.152
field_symmetry,random_heads,101,101,0,50,4,,4,0.152
field_symmetry,random_heads,101,101,1,25,1,,4,0.16
field_symmetry,random_heads,101,101,1,25,2,,4,0.16
field_symmetry,random_heads,101,101,1,25,3,,4,0.16
field_symmetry,random_heads,101,101,1,25,4,,4,0.16
field_symmetry,random_heads,101,101,1,50,1,,4,0.144
field_symmetry,random_heads,101,101,1,50,2,,4,0.144
field_symmetry,random_heads,101,101,1,50,3,,4,0.144
field_symmetry,random_heads,101,101,1,50,4,,4,0.144
field_symmetry,random_heads,101,101,2,25,1,,3,0.192
field_symmetry,random_heads,101,101,2,25,2,,3,0.192
field_symmetry,random_heads,101,101,2,25,3,,3,0.192
field_symmetry,random_heads,101,101,2,25,4,,3,0.176
field_symmetry,random_heads,101,101,2,50,1,,3,0.168
field_symmetry,random_heads,101,101,2,50,2,,3,0.168
field_symmetry,random_heads,101,101,2,50,3,,3,0.168
field_symmetry,random_heads,101,101,2,50,4,,3,0.168
field_symmetry,random_heads,101,101,3,25,1,,3,0.216
field_symmetry,random_heads,101,101,3,25,2,,3,0.216
field_symmetry,random_heads,101,101,3,25,3,,3,0.216
field_symmetry,random_heads,101,101,3,25,4,,3,0.216
field_symmetry,random_heads,101,101,3,50,1,,3,0.208
field_symmetry,random_heads,101,101,3,50,2,,3,0.208
field_symmetry,random_heads,101,101,3,50,3,,3,0.208
field_symmetry,random_heads,101,101,3,50,4,,3,0.208
field_symmetry,random_heads,101,101,4,25,1,,4,0.224
field_symmetry,random_heads,101,101,4,25,2,,4,0.216
field_symmetry,random_heads,101,101,4,25,3,,4,0.224
field_symmetry,random_heads,101,101,4,25,4,,4,0.216
field_symmetry,random_heads,101,101,4,50,1,,4,0.208
field_symmetry,random_heads,101,101,4,50,2,,4,0.208
field_symmetry,random_heads,101,101,4,50,3,,4,0.208
field_symmetry,random_heads,101,101,4,50,4,,4,0.2
field_symmetry,random_heads,101,101,5,25,1,,4,0.168
field_symmetry,random_heads,101,101,5,25,2,,4,0.168
field_symmetry,random_heads,101,101,5,25,3,,4,0.168
field_symmetry,random_heads,101,101,5,25,4,,4,0.168
field_symmetry,random_heads,101,101,5,50,1,,4,0.184
field_symmetry,random_heads,101,101,5,50,2,,4,0.184
field_symmetry,random_heads,101,101,5,50,3,,4,0.184
field_symmetry,random_heads,101,101,5,50,4,,4,0.168
field_symmetry,random_heads,101,101,6,25,1,,4,0.176
field_symmetry,random_heads,101,101,6,25,2,,4,0.176
field_symmetry,random_heads,101,101,6,25,3,,4,0.176
field_symmetry,random_heads,101,101,6,25,4,,4,0.176
field_symmetry,random_heads,101,101,6,50,1,,4,0.176
field_symmetry,random_heads,101,101,6,50,2,,4,0.176
field_symmetry,random_heads,101,101,6,50,3,,4,0.184
field_symmetry,random_heads,101,101,6,50,4,,4,0.184
field_symmetry,random_heads,101,101,7,25,1,,3,0.16
field_symmetry,random_heads,101,101,7,25,2,,3,0.16
field_symmetry,random_heads,101,101,7,25,3,,3,0.16
field_symmetry,random_heads,101,101,7,25,4,,3,0.16
field_symmetry,random_heads,101,101,7,50,1,,3,0.2
field_symmetry,random_heads,101,101,7,50,2,,3,0.192
field_symmetry,random_heads,101,101,7,50,3,,3,0.184
field_symmetry,random_heads,101,101,7,50,4,,3,0.176
field_symmetry,physical_factors,101,101,0,25,1,,4,0.16
field_symmetry,physical_factors,101,101,0,25,2,,4,0.144
field_symmetry,physical_factors,101,101,0,25,3,,4,0.128
field_symmetry,physical_factors,101,101,0,25,4,,4,0.12
field_symmetry,physical_factors,101,101,0,50,1,,4,0.176
field_symmetry,physical_factors,101,101,0,50,2,,4,0.104
field_symmetry,physical_factors,101,101,0,50,3,,4,0.104
field_symmetry,physical_factors,101,101,0,50,4,,4,0.104
field_symmetry,physical_factors,101,101,1,25,1,,4,0.176
field_symmetry,physical_factors,101,101,1,25,2,,4,0.144
field_symmetry,physical_factors,101,101,1,25,3,,4,0.128
field_symmetry,physical_factors,101,101,1,25,4,,4,0.128
field_symmetry,physical_factors,101,101,1,50,1,,4,0.184
field_symmetry,physical_factors,101,101,1,50,2,,4,0.144
field_symmetry,physical_factors,101,101,1,50,3,,4,0.104
field_symmetry,physical_factors,101,101,1,50,4,,4,0.112
field_symmetry,physical_factors,101,101,2,25,1,,3,0.168
field_symmetry,physical_factors,101,101,2,25,2,,3,0.144
field_symmetry,physical_factors,101,101,2,25,3,,3,0.16
field_symmetry,physical_factors,101,101,2,25,4,,3,0.16
field_symmetry,physical_factors,101,101,2,50,1,,3,0.184
field_symmetry,physical_factors,101,101,2,50,2,,3,0.16
field_symmetry,physical_factors,101,101,2,50,3,,3,0.136
field_symmetry,physical_factors,101,101,2,50,4,,3,0.144
field_symmetry,physical_factors,101,101,3,25,1,,3,0.24
field_symmetry,physical_factors,101,101,3,25,2,,3,0.192
field_symmetry,physical_factors,101,101,3,25,3,,3,0.208
field_symmetry,physical_factors,101,101,3,25,4,,3,0.216
field_symmetry,physical_factors,101,101,3,50,1,,3,0.24
field_symmetry,physical_factors,101,101,3,50,2,,3,0.184
field_symmetry,physical_factors,101,101,3,50,3,,3,0.184
field_symmetry,physical_factors,101,101,3,50,4,,3,0.192
field_symmetry,physical_factors,101,101,4,25,1,,4,0.2
field_symmetry,physical_factors,101,101,4,25,2,,4,0.16
field_symmetry,physical_factors,101,101,4,25,3,,4,0.128
field_symmetry,physical_factors,101,101,4,25,4,,4,0.136
field_symmetry,physical_factors,101,101,4,50,1,,4,0.16
field_symmetry,physical_factors,101,101,4,50,2,,4,0.144
field_symmetry,physical_factors,101,101,4,50,3,,4,0.112
field_symmetry,physical_factors,101,101,4,50,4,,4,0.12
field_symmetry,physical_factors,101,101,5,25,1,,4,0.128
field_symmetry,physical_factors,101,101,5,25,2,,4,0.144
field_symmetry,physical_factors,101,101,5,25,3,,4,0.136
field_symmetry,physical_factors,101,101,5,25,4,,4,0.128
field_symmetry,physical_factors,101,101,5,50,1,,4,0.16
field_symmetry,physical_factors,101,101,5,50,2,,4,0.12
field_symmetry,physical_factors,101,101,5,50,3,,4,0.08
field_symmetry,physical_factors,101,101,5,50,4,,4,0.104
field_symmetry,physical_factors,101,101,6,25,1,,4,0.16
field_symmetry,physical_factors,101,101,6,25,2,,4,0.144
field_symmetry,physical_factors,101,101,6,25,3,,4,0.128
field_symmetry,physical_factors,101,101,6,25,4,,4,0.128
field_symmetry,physical_factors,101,101,6,50,1,,4,0.136
field_symmetry,physical_factors,101,101,6,50,2,,4,0.088
field_symmetry,physical_factors,101,101,6,50,3,,4,0.08
field_symmetry,physical_factors,101,101,6,50,4,,4,0.08
field_symmetry,physical_factors,101,101,7,25,1,,3,0.128
field_symmetry,physical_factors,101,101,7,25,2,,3,0.104
field_symmetry,physical_factors,101,101,7,25,3,,3,0.128
field_symmetry,physical_factors,101,101,7,25,4,,3,0.128
field_symmetry,physical_factors,101,101,7,50,1,,3,0.136
field_symmetry,physical_factors,101,101,7,50,2,,3,0.12
field_symmetry,physical_factors,101,101,7,50,3,,3,0.128
field_symmetry,physical_factors,101,101,7,50,4,,3,0.136
field_symmetry,P,101,101,0,25,1,2,4,0.304
field_symmetry,P,101,101,0,25,2,2,4,0.368
field_symmetry,P,101,101,0,25,3,2,4,0.376
field_symmetry,P,101,101,0,25,4,2,4,0.376
field_symmetry,P,101,101,0,50,1,2,4,0.208
field_symmetry,P,101,101,0,50,2,2,4,0.408
field_symmetry,P,101,101,0,50,3,2,4,0.432
field_symmetry,P,101,101,0,50,4,2,4,0.408
field_symmetry,P,101,101,1,25,1,2,4,0.24
field_symmetry,P,101,101,1,25,2,2,4,0.304
field_symmetry,P,101,101,1,25,3,2,4,0.304
field_symmetry,P,101,101,1,25,4,2,4,0.304
field_symmetry,P,101,101,1,50,1,2,4,0.296
field_symmetry,P,101,101,1,50,2,2,4,0.424
field_symmetry,P,101,101,1,50,3,2,4,0.432
field_symmetry,P,101,101,1,50,4,2,4,0.408
field_symmetry,P,101,101,2,25,1,3,3,0.2
field_symmetry,P,101,101,2,25,2,3,3,0.184
field_symmetry,P,101,101,2,25,3,3,3,0.192
field_symmetry,P,101,101,2,25,4,3,3,0.184
field_symmetry,P,101,101,2,50,1,3,3,0.16
field_symmetry,P,101,101,2,50,2,3,3,0.168
field_symmetry,P,101,101,2,50,3,3,3,0.184
field_symmetry,P,101,101,2,50,4,3,3,0.184
field_symmetry,P,101,101,3,25,1,3,3,0.168
field_symmetry,P,101,101,3,25,2,3,3,0.152
field_symmetry,P,101,101,3,25,3,3,3,0.192
field_symmetry,P,101,101,3,25,4,3,3,0.184
field_symmetry,P,101,101,3,50,1,3,3,0.216
field_symmetry,P,101,101,3,50,2,3,3,0.152
field_symmetry,P,101,101,3,50,3,3,3,0.168
field_symmetry,P,101,101,3,50,4,3,3,0.176
field_symmetry,P,101,101,4,25,1,3,4,0.224
field_symmetry,P,101,101,4,25,2,3,4,0.232
field_symmetry,P,101,101,4,25,3,3,4,0.232
field_symmetry,P,101,101,4,25,4,3,4,0.224
field_symmetry,P,101,101,4,50,1,3,4,0.208
field_symmetry,P,101,101,4,50,2,3,4,0.224
field_symmetry,P,101,101,4,50,3,3,4,0.24
field_symmetry,P,101,101,4,50,4,3,4,0.232
field_symmetry,P,101,101,5,25,1,3,4,0.168
field_symmetry,P,101,101,5,25,2,3,4,0.2
field_symmetry,P,101,101,5,25,3,3,4,0.2
field_symmetry,P,101,101,5,25,4,3,4,0.2
field_symmetry,P,101,101,5,50,1,3,4,0.2
field_symmetry,P,101,101,5,50,2,3,4,0.224
field_symmetry,P,101,101,5,50,3,3,4,0.208
field_symmetry,P,101,101,5,50,4,3,4,0.208
field_symmetry,P,101,101,6,25,1,4,4,0.192
field_symmetry,P,101,101,6,25,2,4,4,0.168
field_symmetry,P,101,101,6,25,3,4,4,0.136
field_symmetry,P,101,101,6,25,4,4,4,0.144
field_symmetry,P,101,101,6,50,1,4,4,0.184
field_symmetry,P,101,101,6,50,2,4,4,0.136
field_symmetry,P,101,101,6,50,3,4,4,0.08
field_symmetry,P,101,101,6,50,4,4,4,0.088
field_symmetry,P,101,101,7,25,1,4,3,0.2
field_symmetry,P,101,101,7,25,2,4,3,0.144
field_symmetry,P,101,101,7,25,3,4,3,0.12
field_symmetry,P,101,101,7,25,4,4,3,0.112
field_symmetry,P,101,101,7,50,1,4,3,0.128
field_symmetry,P,101,101,7,50,2,4,3,0.064
field_symmetry,P,101,101,7,50,3,4,3,0.032
field_symmetry,P,101,101,7,50,4,4,3,0.04
field_symmetry,M1,101,101,0,25,1,2,4,0.28
field_symmetry,M1,101,101,0,25,2,2,4,0.344
field_symmetry,M1,101,101,0,25,3,2,4,0.32
field_symmetry,M1,101,101,0,25,4,2,4,0.328
field_symmetry,M1,101,101,0,50,1,2,4,0.224
field_symmetry,M1,101,101,0,50,2,2,4,0.352
field_symmetry,M1,101,101,0,50,3,2,4,0.384
field_symmetry,M1,101,101,0,50,4,2,4,0.376
field_symmetry,M1,101,101,1,25,1,3,4,0.168
field_symmetry,M1,101,101,1,25,2,3,4,0.192
field_symmetry,M1,101,101,1,25,3,3,4,0.192
field_symmetry,M1,101,101,1,25,4,3,4,0.184
field_symmetry,M1,101,101,1,50,1,3,4,0.192
field_symmetry,M1,101,101,1,50,2,3,4,0.208
field_symmetry,M1,101,101,1,50,3,3,4,0.216
field_symmetry,M1,101,101,1,50,4,3,4,0.2
field_symmetry,M1,101,101,2,25,1,2,3,0.208
field_symmetry,M1,101,101,2,25,2,2,3,0.336
field_symmetry,M1,101,101,2,25,3,2,3,0.336
field_symmetry,M1,101,101,2,25,4,2,3,0.336
field_symmetry,M1,101,101,2,50,1,2,3,0.192
field_symmetry,M1,101,101,2,50,2,2,3,0.312
field_symmetry,M1,101,101,2,50,3,2,3,0.344
field_symmetry,M1,101,101,2,50,4,2,3,0.328
field_symmetry,M1,101,101,3,25,1,3,3,0.2
field_symmetry,M1,101,101,3,25,2,3,3,0.176
field_symmetry,M1,101,101,3,25,3,3,3,0.168
field_symmetry,M1,101,101,3,25,4,3,3,0.168
field_symmetry,M1,101,101,3,50,1,3,3,0.112
field_symmetry,M1,101,101,3,50,2,3,3,0.112
field_symmetry,M1,101,101,3,50,3,3,3,0.12
field_symmetry,M1,101,101,3,50,4,3,3,0.128
field_symmetry,M1,101,101,4,25,1,3,4,0.232
field_symmetry,M1,101,101,4,25,2,3,4,0.24
field_symmetry,M1,101,101,4,25,3,3,4,0.256
field_symmetry,M1,101,101,4,25,4,3,4,0.248
field_symmetry,M1,101,101,4,50,1,3,4,0.224
field_symmetry,M1,101,101,4,50,2,3,4,0.208
field_symmetry,M1,101,101,4,50,3,3,4,0.224
field_symmetry,M1,101,101,4,50,4,3,4,0.224
field_symmetry,M1,101,101,5,25,1,3,4,0.152
field_symmetry,M1,101,101,5,25,2,3,4,0.16
field_symmetry,M1,101,101,5,25,3,3,4,0.168
field_symmetry,M1,101,101,5,25,4,3,4,0.168
field_symmetry,M1,101,101,5,50,1,3,4,0.152
field_symmetry,M1,101,101,5,50,2,3,4,0.152
field_symmetry,M1,101,101,5,50,3,3,4,0.176
field_symmetry,M1,101,101,5,50,4,3,4,0.176
field_symmetry,M1,101,101,6,25,1,3,4,0.2
field_symmetry,M1,101,101,6,25,2,3,4,0.192
field_symmetry,M1,101,101,6,25,3,3,4,0.184
field_symmetry,M1,101,101,6,25,4,3,4,0.184
field_symmetry,M1,101,101,6,50,1,3,4,0.184
field_symmetry,M1,101,101,6,50,2,3,4,0.176
field_symmetry,M1,101,101,6,50,3,3,4,0.208
field_symmetry,M1,101,101,6,50,4,3,4,0.192
field_symmetry,M1,101,101,7,25,1,4,3,0.152
field_symmetry,M1,101,101,7,25,2,4,3,0.144
field_symmetry,M1,101,101,7,25,3,4,3,0.136
field_symmetry,M1,101,101,7,25,4,4,3,0.136
field_symmetry,M1,101,101,7,50,1,4,3,0.144
field_symmetry,M1,101,101,7,50,2,4,3,0.104
field_symmetry,M1,101,101,7,50,3,4,3,0.08
field_symmetry,M1,101,101,7,50,4,4,3,0.08
field_symmetry,M4,101,101,0,25,1,2,4,0.264
field_symmetry,M4,101,101,0,25,2,2,4,0.352
field_symmetry,M4,101,101,0,25,3,2,4,0.352
field_symmetry,M4,101,101,0,25,4,2,4,0.344
field_symmetry,M4,101,101,0,50,1,2,4,0.176
field_symmetry,M4,101,101,0,50,2,2,4,0.352
field_symmetry,M4,101,101,0,50,3,2,4,0.392
field_symmetry,M4,101,101,0,50,4,2,4,0.392
field_symmetry,M4,101,101,1,25,1,3,4,0.136
field_symmetry,M4,101,101,1,25,2,3,4,0.152
field_symmetry,M4,101,101,1,25,3,3,4,0.152
field_symmetry,M4,101,101,1,25,4,3,4,0.152
field_symmetry,M4,101,101,1,50,1,3,4,0.216
field_symmetry,M4,101,101,1,50,2,3,4,0.208
field_symmetry,M4,101,101,1,50,3,3,4,0.2
field_symmetry,M4,101,101,1,50,4,3,4,0.2
field_symmetry,M4,101,101,2,25,1,3,3,0.176
field_symmetry,M4,101,101,2,25,2,3,3,0.168
field_symmetry,M4,101,101,2,25,3,3,3,0.192
field_symmetry,M4,101,101,2,25,4,3,3,0.208
field_symmetry,M4,101,101,2,50,1,3,3,0.168
field_symmetry,M4,101,101,2,50,2,3,3,0.136
field_symmetry,M4,101,101,2,50,3,3,3,0.176
field_symmetry,M4,101,101,2,50,4,3,3,0.176
field_symmetry,M4,101,101,3,25,1,3,3,0.2
field_symmetry,M4,101,101,3,25,2,3,3,0.16
field_symmetry,M4,101,101,3,25,3,3,3,0.184
field_symmetry,M4,101,101,3,25,4,3,3,0.184
field_symmetry,M4,101,101,3,50,1,3,3,0.168
field_symmetry,M4,101,101,3,50,2,3,3,0.136
field_symmetry,M4,101,101,3,50,3,3,3,0.152
field_symmetry,M4,101,101,3,50,4,3,3,0.152
field_symmetry,M4,101,101,4,25,1,3,4,0.224
field_symmetry,M4,101,101,4,25,2,3,4,0.248
field_symmetry,M4,101,101,4,25,3,3,4,0.232
field_symmetry,M4,101,101,4,25,4,3,4,0.232
field_symmetry,M4,101,101,4,50,1,3,4,0.224
field_symmetry,M4,101,101,4,50,2,3,4,0.232
field_symmetry,M4,101,101,4,50,3,3,4,0.24
field_symmetry,M4,101,101,4,50,4,3,4,0.248
field_symmetry,M4,101,101,5,25,1,2,4,0.24
field_symmetry,M4,101,101,5,25,2,2,4,0.304
field_symmetry,M4,101,101,5,25,3,2,4,0.328
field_symmetry,M4,101,101,5,25,4,2,4,0.32
field_symmetry,M4,101,101,5,50,1,2,4,0.288
field_symmetry,M4,101,101,5,50,2,2,4,0.408
field_symmetry,M4,101,101,5,50,3,2,4,0.44
field_symmetry,M4,101,101,5,50,4,2,4,0.424
field_symmetry,M4,101,101,6,25,1,4,4,0.2
field_symmetry,M4,101,101,6,25,2,4,4,0.176
field_symmetry,M4,101,101,6,25,3,4,4,0.16
field_symmetry,M4,101,101,6,25,4,4,4,0.16
field_symmetry,M4,101,101,6,50,1,4,4,0.2
field_symmetry,M4,101,101,6,50,2,4,4,0.144
field_symmetry,M4,101,101,6,50,3,4,4,0.112
field_symmetry,M4,101,101,6,50,4,4,4,0.112
field_symmetry,M4,101,101,7,25,1,4,3,0.104
field_symmetry,M4,101,101,7,25,2,4,3,0.096
field_symmetry,M4,101,101,7,25,3,4,3,0.088
field_symmetry,M4,101,101,7,25,4,4,3,0.088
field_symmetry,M4,101,101,7,50,1,4,3,0.096
field_symmetry,M4,101,101,7,50,2,4,3,0.064
field_symmetry,M4,101,101,7,50,3,4,3,0.056
field_symmetry,M4,101,101,7,50,4,4,3,0.056
field_symmetry,M2,101,101,0,25,1,2,4,0.256
field_symmetry,M2,101,101,0,25,2,2,4,0.328
field_symmetry,M2,101,101,0,25,3,2,4,0.336
field_symmetry,M2,101,101,0,25,4,2,4,0.328
field_symmetry,M2,101,101,0,50,1,2,4,0.232
field_symmetry,M2,101,101,0,50,2,2,4,0.4
field_symmetry,M2,101,101,0,50,3,2,4,0.424
field_symmetry,M2,101,101,0,50,4,2,4,0.408
field_symmetry,M2,101,101,1,25,1,3,4,0.168
field_symmetry,M2,101,101,1,25,2,3,4,0.152
field_symmetry,M2,101,101,1,25,3,3,4,0.168
field_symmetry,M2,101,101,1,25,4,3,4,0.16
field_symmetry,M2,101,101,1,50,1,3,4,0.216
field_symmetry,M2,101,101,1,50,2,3,4,0.216
field_symmetry,M2,101,101,1,50,3,3,4,0.224
field_symmetry,M2,101,101,1,50,4,3,4,0.224
field_symmetry,M2,101,101,2,25,1,3,3,0.152
field_symmetry,M2,101,101,2,25,2,3,3,0.168
field_symmetry,M2,101,101,2,25,3,3,3,0.16
field_symmetry,M2,101,101,2,25,4,3,3,0.16
field_symmetry,M2,101,101,2,50,1,3,3,0.16
field_symmetry,M2,101,101,2,50,2,3,3,0.152
field_symmetry,M2,101,101,2,50,3,3,3,0.176
field_symmetry,M2,101,101,2,50,4,3,3,0.168
field_symmetry,M2,101,101,3,25,1,2,3,0.216
field_symmetry,M2,101,101,3,25,2,2,3,0.272
field_symmetry,M2,101,101,3,25,3,2,3,0.304
field_symmetry,M2,101,101,3,25,4,2,3,0.296
field_symmetry,M2,101,101,3,50,1,2,3,0.288
field_symmetry,M2,101,101,3,50,2,2,3,0.424
field_symmetry,M2,101,101,3,50,3,2,3,0.408
field_symmetry,M2,101,101,3,50,4,2,3,0.408
field_symmetry,M2,101,101,4,25,1,3,4,0.248
field_symmetry,M2,101,101,4,25,2,3,4,0.248
field_symmetry,M2,101,101,4,25,3,3,4,0.248
field_symmetry,M2,101,101,4,25,4,3,4,0.248
field_symmetry,M2,101,101,4,50,1,3,4,0.152
field_symmetry,M2,101,101,4,50,2,3,4,0.184
field_symmetry,M2,101,101,4,50,3,3,4,0.208
field_symmetry,M2,101,101,4,50,4,3,4,0.2
field_symmetry,M2,101,101,5,25,1,3,4,0.176
field_symmetry,M2,101,101,5,25,2,3,4,0.168
field_symmetry,M2,101,101,5,25,3,3,4,0.168
field_symmetry,M2,101,101,5,25,4,3,4,0.168
field_symmetry,M2,101,101,5,50,1,3,4,0.2
field_symmetry,M2,101,101,5,50,2,3,4,0.2
field_symmetry,M2,101,101,5,50,3,3,4,0.208
field_symmetry,M2,101,101,5,50,4,3,4,0.216
field_symmetry,M2,101,101,6,25,1,4,4,0.208
field_symmetry,M2,101,101,6,25,2,4,4,0.184
field_symmetry,M2,101,101,6,25,3,4,4,0.152
field_symmetry,M2,101,101,6,25,4,4,4,0.152
field_symmetry,M2,101,101,6,50,1,4,4,0.192
field_symmetry,M2,101,101,6,50,2,4,4,0.168
field_symmetry,M2,101,101,6,50,3,4,4,0.128
field_symmetry,M2,101,101,6,50,4,4,4,0.12
field_symmetry,M2,101,101,7,25,1,3,3,0.12
field_symmetry,M2,101,101,7,25,2,3,3,0.152
field_symmetry,M2,101,101,7,25,3,3,3,0.16
field_symmetry,M2,101,101,7,25,4,3,3,0.16
field_symmetry,M2,101,101,7,50,1,3,3,0.104
field_symmetry,M2,101,101,7,50,2,3,3,0.144
field_symmetry,M2,101,101,7,50,3,3,3,0.152
field_symmetry,M2,101,101,7,50,4,3,3,0.16
field_symmetry,M3,101,101,0,25,1,2,4,0.296
field_symmetry,M3,101,101,0,25,2,2,4,0.36
field_symmetry,M3,101,101,0,25,3,2,4,0.36
field_symmetry,M3,101,101,0,25,4,2,4,0.36
field_symmetry,M3,101,101,0,50,1,2,4,0.248
field_symmetry,M3,101,101,0,50,2,2,4,0.4
field_symmetry,M3,101,101,0,50,3,2,4,0.464
field_symmetry,M3,101,101,0,50,4,2,4,0.456
field_symmetry,M3,101,101,1,25,1,3,4,0.168
field_symmetry,M3,101,101,1,25,2,3,4,0.144
field_symmetry,M3,101,101,1,25,3,3,4,0.16
field_symmetry,M3,101,101,1,25,4,3,4,0.16
field_symmetry,M3,101,101,1,50,1,3,4,0.184
field_symmetry,M3,101,101,1,50,2,3,4,0.2
field_symmetry,M3,101,101,1,50,3,3,4,0.208
field_symmetry,M3,101,101,1,50,4,3,4,0.208
field_symmetry,M3,101,101,2,25,1,3,3,0.192
field_symmetry,M3,101,101,2,25,2,3,3,0.184
field_symmetry,M3,101,101,2,25,3,3,3,0.192
field_symmetry,M3,101,101,2,25,4,3,3,0.2
field_symmetry,M3,101,101,2,50,1,3,3,0.2
field_symmetry,M3,101,101,2,50,2,3,3,0.176
field_symmetry,M3,101,101,2,50,3,3,3,0.184
field_symmetry,M3,101,101,2,50,4,3,3,0.176
field_symmetry,M3,101,101,3,25,1,3,3,0.16
field_symmetry,M3,101,101,3,25,2,3,3,0.152
field_symmetry,M3,101,101,3,25,3,3,3,0.16
field_symmetry,M3,101,101,3,25,4,3,3,0.168
field_symmetry,M3,101,101,3,50,1,3,3,0.152
field_symmetry,M3,101,101,3,50,2,3,3,0.152
field_symmetry,M3,101,101,3,50,3,3,3,0.152
field_symmetry,M3,101,101,3,50,4,3,3,0.152
field_symmetry,M3,101,101,4,25,1,2,4,0.296
field_symmetry,M3,101,101,4,25,2,2,4,0.336
field_symmetry,M3,101,101,4,25,3,2,4,0.352
field_symmetry,M3,101,101,4,25,4,2,4,0.352
field_symmetry,M3,101,101,4,50,1,2,4,0.192
field_symmetry,M3,101,101,4,50,2,2,4,0.392
field_symmetry,M3,101,101,4,50,3,2,4,0.4
field_symmetry,M3,101,101,4,50,4,2,4,0.4
field_symmetry,M3,101,101,5,25,1,3,4,0.2
field_symmetry,M3,101,101,5,25,2,3,4,0.168
field_symmetry,M3,101,101,5,25,3,3,4,0.184
field_symmetry,M3,101,101,5,25,4,3,4,0.184
field_symmetry,M3,101,101,5,50,1,3,4,0.168
field_symmetry,M3,101,101,5,50,2,3,4,0.168
field_symmetry,M3,101,101,5,50,3,3,4,0.184
field_symmetry,M3,101,101,5,50,4,3,4,0.176
field_symmetry,M3,101,101,6,25,1,4,4,0.2
field_symmetry,M3,101,101,6,25,2,4,4,0.176
field_symmetry,M3,101,101,6,25,3,4,4,0.152
field_symmetry,M3,101,101,6,25,4,4,4,0.152
field_symmetry,M3,101,101,6,50,1,4,4,0.168
field_symmetry,M3,101,101,6,50,2,4,4,0.152
field_symmetry,M3,101,101,6,50,3,4,4,0.128
field_symmetry,M3,101,101,6,50,4,4,4,0.112
field_symmetry,M3,101,101,7,25,1,4,3,0.128
field_symmetry,M3,101,101,7,25,2,4,3,0.136
field_symmetry,M3,101,101,7,25,3,4,3,0.128
field_symmetry,M3,101,101,7,25,4,4,3,0.12
field_symmetry,M3,101,101,7,50,1,4,3,0.152
field_symmetry,M3,101,101,7,50,2,4,3,0.08
field_symmetry,M3,101,101,7,50,3,4,3,0.056
field_symmetry,M3,101,101,7,50,4,4,3,0.056
field_matched_support,random_heads,271,17,0,25,1,,2,0.232
field_matched_support,random_heads,271,17,0,25,2,,2,0.232
field_matched_support,random_heads,271,17,0,25,3,,2,0.216
field_matched_support,random_heads,271,17,0,25,4,,2,0.224
field_matched_support,random_heads,271,17,0,50,1,,2,0.192
field_matched_support,random_heads,271,17,0,50,2,,2,0.2
field_matched_support,random_heads,271,17,0,50,3,,2,0.2
field_matched_support,random_heads,271,17,0,50,4,,2,0.2
field_matched_support,random_heads,271,17,1,25,1,,2,0.176
field_matched_support,random_heads,271,17,1,25,2,,2,0.176
field_matched_support,random_heads,271,17,1,25,3,,2,0.192
field_matched_support,random_heads,271,17,1,25,4,,2,0.192
field_matched_support,random_heads,271,17,1,50,1,,2,0.232
field_matched_support,random_heads,271,17,1,50,2,,2,0.232
field_matched_support,random_heads,271,17,1,50,3,,2,0.232
field_matched_support,random_heads,271,17,1,50,4,,2,0.224
field_matched_support,random_heads,271,17,2,25,1,,3,0.192
field_matched_support,random_heads,271,17,2,25,2,,3,0.192
field_matched_support,random_heads,271,17,2,25,3,,3,0.192
field_matched_support,random_heads,271,17,2,25,4,,3,0.192
field_matched_support,random_heads,271,17,2,50,1,,3,0.184
field_matched_support,random_heads,271,17,2,50,2,,3,0.184
field_matched_support,random_heads,271,17,2,50,3,,3,0.184
field_matched_support,random_heads,271,17,2,50,4,,3,0.176
field_matched_support,random_heads,271,17,3,25,1,,4,0.176
field_matched_support,random_heads,271,17,3,25,2,,4,0.176
field_matched_support,random_heads,271,17,3,25,3,,4,0.176
field_matched_support,random_heads,271,17,3,25,4,,4,0.184
field_matched_support,random_heads,271,17,3,50,1,,4,0.208
field_matched_support,random_heads,271,17,3,50,2,,4,0.208
field_matched_support,random_heads,271,17,3,50,3,,4,0.208
field_matched_support,random_heads,271,17,3,50,4,,4,0.2
field_matched_support,random_heads,271,17,4,25,1,,4,0.2
field_matched_support,random_heads,271,17,4,25,2,,4,0.2
field_matched_support,random_heads,271,17,4,25,3,,4,0.192
field_matched_support,random_heads,271,17,4,25,4,,4,0.208
field_matched_support,random_heads,271,17,4,50,1,,4,0.144
field_matched_support,random_heads,271,17,4,50,2,,4,0.144
field_matched_support,random_heads,271,17,4,50,3,,4,0.152
field_matched_support,random_heads,271,17,4,50,4,,4,0.144
field_matched_support,random_heads,271,17,5,25,1,,4,0.208
field_matched_support,random_heads,271,17,5,25,2,,4,0.2
field_matched_support,random_heads,271,17,5,25,3,,4,0.208
field_matched_support,random_heads,271,17,5,25,4,,4,0.216
field_matched_support,random_heads,271,17,5,50,1,,4,0.176
field_matched_support,random_heads,271,17,5,50,2,,4,0.176
field_matched_support,random_heads,271,17,5,50,3,,4,0.176
field_matched_support,random_heads,271,17,5,50,4,,4,0.176
field_matched_support,random_heads,271,17,6,25,1,,4,0.176
field_matched_support,random_heads,271,17,6,25,2,,4,0.168
field_matched_support,random_heads,271,17,6,25,3,,4,0.144
field_matched_support,random_heads,271,17,6,25,4,,4,0.136
field_matched_support,random_heads,271,17,6,50,1,,4,0.192
field_matched_support,random_heads,271,17,6,50,2,,4,0.176
field_matched_support,random_heads,271,17,6,50,3,,4,0.184
field_matched_support,random_heads,271,17,6,50,4,,4,0.192
field_matched_support,random_heads,271,17,7,25,1,,4,0.2
field_matched_support,random_heads,271,17,7,25,2,,4,0.192
field_matched_support,random_heads,271,17,7,25,3,,4,0.192
field_matched_support,random_heads,271,17,7,25,4,,4,0.184
field_matched_support,random_heads,271,17,7,50,1,,4,0.2
field_matched_support,random_heads,271,17,7,50,2,,4,0.208
field_matched_support,random_heads,271,17,7,50,3,,4,0.216
field_matched_support,random_heads,271,17,7,50,4,,4,0.216
field_matched_support,physical_factors,271,17,0,25,1,,2,0.264
field_matched_support,physical_factors,271,17,0,25,2,,2,0.312
field_matched_support,physical_factors,271,17,0,25,3,,2,0.32
field_matched_support,physical_factors,271,17,0,25,4,,2,0.32
field_matched_support,physical_factors,271,17,0,50,1,,2,0.264
field_matched_support,physical_factors,271,17,0,50,2,,2,0.376
field_matched_support,physical_factors,271,17,0,50,3,,2,0.4
field_matched_support,physical_factors,271,17,0,50,4,,2,0.384
field_matched_support,physical_factors,271,17,1,25,1,,2,0.272
field_matched_support,physical_factors,271,17,1,25,2,,2,0.336
field_matched_support,physical_factors,271,17,1,25,3,,2,0.368
field_matched_support,physical_factors,271,17,1,25,4,,2,0.344
field_matched_support,physical_factors,271,17,1,50,1,,2,0.24
field_matched_support,physical_factors,271,17,1,50,2,,2,0.4
field_matched_support,physical_factors,271,17,1,50,3,,2,0.432
field_matched_support,physical_factors,271,17,1,50,4,,2,0.4
field_matched_support,physical_factors,271,17,2,25,1,,3,0.152
field_matched_support,physical_factors,271,17,2,25,2,,3,0.168
field_matched_support,physical_factors,271,17,2,25,3,,3,0.168
field_matched_support,physical_factors,271,17,2,25,4,,3,0.168
field_matched_support,physical_factors,271,17,2,50,1,,3,0.184
field_matched_support,physical_factors,271,17,2,50,2,,3,0.152
field_matched_support,physical_factors,271,17,2,50,3,,3,0.168
field_matched_support,physical_factors,271,17,2,50,4,,3,0.176
field_matched_support,physical_factors,271,17,3,25,1,,4,0.184
field_matched_support,physical_factors,271,17,3,25,2,,4,0.176
field_matched_support,physical_factors,271,17,3,25,3,,4,0.144
field_matched_support,physical_factors,271,17,3,25,4,,4,0.144
field_matched_support,physical_factors,271,17,3,50,1,,4,0.144
field_matched_support,physical_factors,271,17,3,50,2,,4,0.128
field_matched_support,physical_factors,271,17,3,50,3,,4,0.128
field_matched_support,physical_factors,271,17,3,50,4,,4,0.128
field_matched_support,physical_factors,271,17,4,25,1,,4,0.136
field_matched_support,physical_factors,271,17,4,25,2,,4,0.144
field_matched_support,physical_factors,271,17,4,25,3,,4,0.12
field_matched_support,physical_factors,271,17,4,25,4,,4,0.136
field_matched_support,physical_factors,271,17,4,50,1,,4,0.192
field_matched_support,physical_factors,271,17,4,50,2,,4,0.144
field_matched_support,physical_factors,271,17,4,50,3,,4,0.088
field_matched_support,physical_factors,271,17,4,50,4,,4,0.088
field_matched_support,physical_factors,271,17,5,25,1,,4,0.176
field_matched_support,physical_factors,271,17,5,25,2,,4,0.128
field_matched_support,physical_factors,271,17,5,25,3,,4,0.12
field_matched_support,physical_factors,271,17,5,25,4,,4,0.128
field_matched_support,physical_factors,271,17,5,50,1,,4,0.16
field_matched_support,physical_factors,271,17,5,50,2,,4,0.144
field_matched_support,physical_factors,271,17,5,50,3,,4,0.128
field_matched_support,physical_factors,271,17,5,50,4,,4,0.128
field_matched_support,physical_factors,271,17,6,25,1,,4,0.144
field_matched_support,physical_factors,271,17,6,25,2,,4,0.16
field_matched_support,physical_factors,271,17,6,25,3,,4,0.16
field_matched_support,physical_factors,271,17,6,25,4,,4,0.16
field_matched_support,physical_factors,271,17,6,50,1,,4,0.168
field_matched_support,physical_factors,271,17,6,50,2,,4,0.128
field_matched_support,physical_factors,271,17,6,50,3,,4,0.104
field_matched_support,physical_factors,271,17,6,50,4,,4,0.104
field_matched_support,physical_factors,271,17,7,25,1,,4,0.208
field_matched_support,physical_factors,271,17,7,25,2,,4,0.208
field_matched_support,physical_factors,271,17,7,25,3,,4,0.192
field_matched_support,physical_factors,271,17,7,25,4,,4,0.192
field_matched_support,physical_factors,271,17,7,50,1,,4,0.192
field_matched_support,physical_factors,271,17,7,50,2,,4,0.112
field_matched_support,physical_factors,271,17,7,50,3,,4,0.08
field_matched_support,physical_factors,271,17,7,50,4,,4,0.096
field_matched_support,P,271,17,0,25,1,2,2,0.224
field_matched_support,P,271,17,0,25,2,2,2,0.248
field_matched_support,P,271,17,0,25,3,2,2,0.288
field_matched_support,P,271,17,0,25,4,2,2,0.28
field_matched_support,P,271,17,0,50,1,2,2,0.216
field_matched_support,P,271,17,0,50,2,2,2,0.328
field_matched_support,P,271,17,0,50,3,2,2,0.36
field_matched_support,P,271,17,0,50,4,2,2,0.36
field_matched_support,P,271,17,1,25,1,2,2,0.232
field_matched_support,P,271,17,1,25,2,2,2,0.256
field_matched_support,P,271,17,1,25,3,2,2,0.272
field_matched_support,P,271,17,1,25,4,2,2,0.28
field_matched_support,P,271,17,1,50,1,2,2,0.192
field_matched_support,P,271,17,1,50,2,2,2,0.304
field_matched_support,P,271,17,1,50,3,2,2,0.296
field_matched_support,P,271,17,1,50,4,2,2,0.28
field_matched_support,P,271,17,2,25,1,3,3,0.152
field_matched_support,P,271,17,2,25,2,3,3,0.136
field_matched_support,P,271,17,2,25,3,3,3,0.136
field_matched_support,P,271,17,2,25,4,3,3,0.136
field_matched_support,P,271,17,2,50,1,3,3,0.152
field_matched_support,P,271,17,2,50,2,3,3,0.152
field_matched_support,P,271,17,2,50,3,3,3,0.168
field_matched_support,P,271,17,2,50,4,3,3,0.152
field_matched_support,P,271,17,3,25,1,3,4,0.2
field_matched_support,P,271,17,3,25,2,3,4,0.176
field_matched_support,P,271,17,3,25,3,3,4,0.176
field_matched_support,P,271,17,3,25,4,3,4,0.176
field_matched_support,P,271,17,3,50,1,3,4,0.192
field_matched_support,P,271,17,3,50,2,3,4,0.192
field_matched_support,P,271,17,3,50,3,3,4,0.192
field_matched_support,P,271,17,3,50,4,3,4,0.192
field_matched_support,P,271,17,4,25,1,3,4,0.208
field_matched_support,P,271,17,4,25,2,3,4,0.216
field_matched_support,P,271,17,4,25,3,3,4,0.232
field_matched_support,P,271,17,4,25,4,3,4,0.232
field_matched_support,P,271,17,4,50,1,3,4,0.224
field_matched_support,P,271,17,4,50,2,3,4,0.216
field_matched_support,P,271,17,4,50,3,3,4,0.24
field_matched_support,P,271,17,4,50,4,3,4,0.232
field_matched_support,P,271,17,5,25,1,3,4,0.144
field_matched_support,P,271,17,5,25,2,3,4,0.128
field_matched_support,P,271,17,5,25,3,3,4,0.128
field_matched_support,P,271,17,5,25,4,3,4,0.128
field_matched_support,P,271,17,5,50,1,3,4,0.168
field_matched_support,P,271,17,5,50,2,3,4,0.16
field_matched_support,P,271,17,5,50,3,3,4,0.192
field_matched_support,P,271,17,5,50,4,3,4,0.192
field_matched_support,P,271,17,6,25,1,4,4,0.184
field_matched_support,P,271,17,6,25,2,4,4,0.176
field_matched_support,P,271,17,6,25,3,4,4,0.168
field_matched_support,P,271,17,6,25,4,4,4,0.168
field_matched_support,P,271,17,6,50,1,4,4,0.152
field_matched_support,P,271,17,6,50,2,4,4,0.12
field_matched_support,P,271,17,6,50,3,4,4,0.096
field_matched_support,P,271,17,6,50,4,4,4,0.104
field_matched_support,P,271,17,7,25,1,4,4,0.192
field_matched_support,P,271,17,7,25,2,4,4,0.152
field_matched_support,P,271,17,7,25,3,4,4,0.152
field_matched_support,P,271,17,7,25,4,4,4,0.152
field_matched_support,P,271,17,7,50,1,4,4,0.16
field_matched_support,P,271,17,7,50,2,4,4,0.12
field_matched_support,P,271,17,7,50,3,4,4,0.104
field_matched_support,P,271,17,7,50,4,4,4,0.104
field_matched_support,M1,271,17,0,25,1,2,2,0.192
field_matched_support,M1,271,17,0,25,2,2,2,0.224
field_matched_support,M1,271,17,0,25,3,2,2,0.248
field_matched_support,M1,271,17,0,25,4,2,2,0.256
field_matched_support,M1,271,17,0,50,1,2,2,0.256
field_matched_support,M1,271,17,0,50,2,2,2,0.36
field_matched_support,M1,271,17,0,50,3,2,2,0.376
field_matched_support,M1,271,17,0,50,4,2,2,0.368
field_matched_support,M1,271,17,1,25,1,3,2,0.24
field_matched_support,M1,271,17,1,25,2,3,2,0.216
field_matched_support,M1,271,17,1,25,3,3,2,0.232
field_matched_support,M1,271,17,1,25,4,3,2,0.224
field_matched_support,M1,271,17,1,50,1,3,2,0.16
field_matched_support,M1,271,17,1,50,2,3,2,0.144
field_matched_support,M1,271,17,1,50,3,3,2,0.168
field_matched_support,M1,271,17,1,50,4,3,2,0.16
field_matched_support,M1,271,17,2,25,1,2,3,0.2
field_matched_support,M1,271,17,2,25,2,2,3,0.272
field_matched_support,M1,271,17,2,25,3,2,3,0.264
field_matched_support,M1,271,17,2,25,4,2,3,0.248
field_matched_support,M1,271,17,2,50,1,2,3,0.24
field_matched_support,M1,271,17,2,50,2,2,3,0.328
field_matched_support,M1,271,17,2,50,3,2,3,0.344
field_matched_support,M1,271,17,2,50,4,2,3,0.336
field_matched_support,M1,271,17,3,25,1,3,4,0.184
field_matched_support,M1,271,17,3,25,2,3,4,0.184
field_matched_support,M1,271,17,3,25,3,3,4,0.192
field_matched_support,M1,271,17,3,25,4,3,4,0.184
field_matched_support,M1,271,17,3,50,1,3,4,0.152
field_matched_support,M1,271,17,3,50,2,3,4,0.184
field_matched_support,M1,271,17,3,50,3,3,4,0.2
field_matched_support,M1,271,17,3,50,4,3,4,0.2
field_matched_support,M1,271,17,4,25,1,3,4,0.232
field_matched_support,M1,271,17,4,25,2,3,4,0.208
field_matched_support,M1,271,17,4,25,3,3,4,0.208
field_matched_support,M1,271,17,4,25,4,3,4,0.216
field_matched_support,M1,271,17,4,50,1,3,4,0.176
field_matched_support,M1,271,17,4,50,2,3,4,0.168
field_matched_support,M1,271,17,4,50,3,3,4,0.208
field_matched_support,M1,271,17,4,50,4,3,4,0.2
field_matched_support,M1,271,17,5,25,1,3,4,0.144
field_matched_support,M1,271,17,5,25,2,3,4,0.128
field_matched_support,M1,271,17,5,25,3,3,4,0.128
field_matched_support,M1,271,17,5,25,4,3,4,0.12
field_matched_support,M1,271,17,5,50,1,3,4,0.176
field_matched_support,M1,271,17,5,50,2,3,4,0.144
field_matched_support,M1,271,17,5,50,3,3,4,0.176
field_matched_support,M1,271,17,5,50,4,3,4,0.16
field_matched_support,M1,271,17,6,25,1,3,4,0.216
field_matched_support,M1,271,17,6,25,2,3,4,0.184
field_matched_support,M1,271,17,6,25,3,3,4,0.208
field_matched_support,M1,271,17,6,25,4,3,4,0.2
field_matched_support,M1,271,17,6,50,1,3,4,0.232
field_matched_support,M1,271,17,6,50,2,3,4,0.144
field_matched_support,M1,271,17,6,50,3,3,4,0.192
field_matched_support,M1,271,17,6,50,4,3,4,0.184
field_matched_support,M1,271,17,7,25,1,4,4,0.192
field_matched_support,M1,271,17,7,25,2,4,4,0.152
field_matched_support,M1,271,17,7,25,3,4,4,0.144
field_matched_support,M1,271,17,7,25,4,4,4,0.144
field_matched_support,M1,271,17,7,50,1,4,4,0.168
field_matched_support,M1,271,17,7,50,2,4,4,0.168
field_matched_support,M1,271,17,7,50,3,4,4,0.144
field_matched_support,M1,271,17,7,50,4,4,4,0.152
field_matched_support,M2,271,17,0,25,1,2,2,0.192
field_matched_support,M2,271,17,0,25,2,2,2,0.256
field_matched_support,M2,271,17,0,25,3,2,2,0.248
field_matched_support,M2,271,17,0,25,4,2,2,0.24
field_matched_support,M2,271,17,0,50,1,2,2,0.24
field_matched_support,M2,271,17,0,50,2,2,2,0.368
field_matched_support,M2,271,17,0,50,3,2,2,0.384
field_matched_support,M2,271,17,0,50,4,2,2,0.368
field_matched_support,M2,271,17,1,25,1,3,2,0.208
field_matched_support,M2,271,17,1,25,2,3,2,0.2
field_matched_support,M2,271,17,1,25,3,3,2,0.208
field_matched_support,M2,271,17,1,25,4,3,2,0.2
field_matched_support,M2,271,17,1,50,1,3,2,0.144
field_matched_support,M2,271,17,1,50,2,3,2,0.12
field_matched_support,M2,271,17,1,50,3,3,2,0.144
field_matched_support,M2,271,17,1,50,4,3,2,0.128
field_matched_support,M2,271,17,2,25,1,3,3,0.2
field_matched_support,M2,271,17,2,25,2,3,3,0.176
field_matched_support,M2,271,17,2,25,3,3,3,0.2
field_matched_support,M2,271,17,2,25,4,3,3,0.192
field_matched_support,M2,271,17,2,50,1,3,3,0.192
field_matched_support,M2,271,17,2,50,2,3,3,0.144
field_matched_support,M2,271,17,2,50,3,3,3,0.152
field_matched_support,M2,271,17,2,50,4,3,3,0.16
field_matched_support,M2,271,17,3,25,1,2,4,0.28
field_matched_support,M2,271,17,3,25,2,2,4,0.336
field_matched_support,M2,271,17,3,25,3,2,4,0.352
field_matched_support,M2,271,17,3,25,4,2,4,0.344
field_matched_support,M2,271,17,3,50,1,2,4,0.192
field_matched_support,M2,271,17,3,50,2,2,4,0.344
field_matched_support,M2,271,17,3,50,3,2,4,0.344
field_matched_support,M2,271,17,3,50,4,2,4,0.32
field_matched_support,M2,271,17,4,25,1,3,4,0.2
field_matched_support,M2,271,17,4,25,2,3,4,0.176
field_matched_support,M2,271,17,4,25,3,3,4,0.184
field_matched_support,M2,271,17,4,25,4,3,4,0.176
field_matched_support,M2,271,17,4,50,1,3,4,0.16
field_matched_support,M2,271,17,4,50,2,3,4,0.176
field_matched_support,M2,271,17,4,50,3,3,4,0.224
field_matched_support,M2,271,17,4,50,4,3,4,0.216
field_matched_support,M2,271,17,5,25,1,3,4,0.208
field_matched_support,M2,271,17,5,25,2,3,4,0.208
field_matched_support,M2,271,17,5,25,3,3,4,0.2
field_matched_support,M2,271,17,5,25,4,3,4,0.2
field_matched_support,M2,271,17,5,50,1,3,4,0.112
field_matched_support,M2,271,17,5,50,2,3,4,0.16
field_matched_support,M2,271,17,5,50,3,3,4,0.192
field_matched_support,M2,271,17,5,50,4,3,4,0.192
field_matched_support,M2,271,17,6,25,1,4,4,0.192
field_matched_support,M2,271,17,6,25,2,4,4,0.192
field_matched_support,M2,271,17,6,25,3,4,4,0.16
field_matched_support,M2,271,17,6,25,4,4,4,0.152
field_matched_support,M2,271,17,6,50,1,4,4,0.192
field_matched_support,M2,271,17,6,50,2,4,4,0.128
field_matched_support,M2,271,17,6,50,3,4,4,0.096
field_matched_support,M2,271,17,6,50,4,4,4,0.112
field_matched_support,M2,271,17,7,25,1,3,4,0.192
field_matched_support,M2,271,17,7,25,2,3,4,0.184
field_matched_support,M2,271,17,7,25,3,3,4,0.216
field_matched_support,M2,271,17,7,25,4,3,4,0.216
field_matched_support,M2,271,17,7,50,1,3,4,0.176
field_matched_support,M2,271,17,7,50,2,3,4,0.184
field_matched_support,M2,271,17,7,50,3,3,4,0.2
field_matched_support,M2,271,17,7,50,4,3,4,0.208
field_matched_support,random_heads,271,42,0,25,1,,2,0.2
field_matched_support,random_heads,271,42,0,25,2,,2,0.2
field_matched_support,random_heads,271,42,0,25,3,,2,0.2
field_matched_support,random_heads,271,42,0,25,4,,2,0.192
field_matched_support,random_heads,271,42,0,50,1,,2,0.192
field_matched_support,random_heads,271,42,0,50,2,,2,0.184
field_matched_support,random_heads,271,42,0,50,3,,2,0.184
field_matched_support,random_heads,271,42,0,50,4,,2,0.176
field_matched_support,random_heads,271,42,1,25,1,,2,0.24
field_matched_support,random_heads,271,42,1,25,2,,2,0.232
field_matched_support,random_heads,271,42,1,25,3,,2,0.232
field_matched_support,random_heads,271,42,1,25,4,,2,0.24
field_matched_support,random_heads,271,42,1,50,1,,2,0.224
field_matched_support,random_heads,271,42,1,50,2,,2,0.224
field_matched_support,random_heads,271,42,1,50,3,,2,0.232
field_matched_support,random_heads,271,42,1,50,4,,2,0.232
field_matched_support,random_heads,271,42,2,25,1,,3,0.168
field_matched_support,random_heads,271,42,2,25,2,,3,0.168
field_matched_support,random_heads,271,42,2,25,3,,3,0.168
field_matched_support,random_heads,271,42,2,25,4,,3,0.168
field_matched_support,random_heads,271,42,2,50,1,,3,0.2
field_matched_support,random_heads,271,42,2,50,2,,3,0.2
field_matched_support,random_heads,271,42,2,50,3,,3,0.192
field_matched_support,random_heads,271,42,2,50,4,,3,0.192
field_matched_support,random_heads,271,42,3,25,1,,4,0.192
field_matched_support,random_heads,271,42,3,25,2,,4,0.192
field_matched_support,random_heads,271,42,3,25,3,,4,0.192
field_matched_support,random_heads,271,42,3,25,4,,4,0.184
field_matched_support,random_heads,271,42,3,50,1,,4,0.184
field_matched_support,random_heads,271,42,3,50,2,,4,0.184
field_matched_support,random_heads,271,42,3,50,3,,4,0.192
field_matched_support,random_heads,271,42,3,50,4,,4,0.192
field_matched_support,random_heads,271,42,4,25,1,,4,0.152
field_matched_support,random_heads,271,42,4,25,2,,4,0.16
field_matched_support,random_heads,271,42,4,25,3,,4,0.16
field_matched_support,random_heads,271,42,4,25,4,,4,0.152
field_matched_support,random_heads,271,42,4,50,1,,4,0.152
field_matched_support,random_heads,271,42,4,50,2,,4,0.144
field_matched_support,random_heads,271,42,4,50,3,,4,0.144
field_matched_support,random_heads,271,42,4,50,4,,4,0.144
field_matched_support,random_heads,271,42,5,25,1,,4,0.192
field_matched_support,random_heads,271,42,5,25,2,,4,0.192
field_matched_support,random_heads,271,42,5,25,3,,4,0.184
field_matched_support,random_heads,271,42,5,25,4,,4,0.184
field_matched_support,random_heads,271,42,5,50,1,,4,0.2
field_matched_support,random_heads,271,42,5,50,2,,4,0.2
field_matched_support,random_heads,271,42,5,50,3,,4,0.2
field_matched_support,random_heads,271,42,5,50,4,,4,0.208
field_matched_support,random_heads,271,42,6,25,1,,4,0.112
field_matched_support,random_heads,271,42,6,25,2,,4,0.112
field_matched_support,random_heads,271,42,6,25,3,,4,0.112
field_matched_support,random_heads,271,42,6,25,4,,4,0.112
field_matched_support,random_heads,271,42,6,50,1,,4,0.144
field_matched_support,random_heads,271,42,6,50,2,,4,0.152
field_matched_support,random_heads,271,42,6,50,3,,4,0.144
field_matched_support,random_heads,271,42,6,50,4,,4,0.144
field_matched_support,random_heads,271,42,7,25,1,,4,0.16
field_matched_support,random_heads,271,42,7,25,2,,4,0.16
field_matched_support,random_heads,271,42,7,25,3,,4,0.168
field_matched_support,random_heads,271,42,7,25,4,,4,0.176
field_matched_support,random_heads,271,42,7,50,1,,4,0.2
field_matched_support,random_heads,271,42,7,50,2,,4,0.2
field_matched_support,random_heads,271,42,7,50,3,,4,0.2
field_matched_support,random_heads,271,42,7,50,4,,4,0.2
field_matched_support,physical_factors,271,42,0,25,1,,2,0.264
field_matched_support,physical_factors,271,42,0,25,2,,2,0.312
field_matched_support,physical_factors,271,42,0,25,3,,2,0.32
field_matched_support,physical_factors,271,42,0,25,4,,2,0.32
field_matched_support,physical_factors,271,42,0,50,1,,2,0.264
field_matched_support,physical_factors,271,42,0,50,2,,2,0.376
field_matched_support,physical_factors,271,42,0,50,3,,2,0.4
field_matched_support,physical_factors,271,42,0,50,4,,2,0.384
field_matched_support,physical_factors,271,42,1,25,1,,2,0.272
field_matched_support,physical_factors,271,42,1,25,2,,2,0.336
field_matched_support,physical_factors,271,42,1,25,3,,2,0.368
field_matched_support,physical_factors,271,42,1,25,4,,2,0.344
field_matched_support,physical_factors,271,42,1,50,1,,2,0.24
field_matched_support,physical_factors,271,42,1,50,2,,2,0.4
field_matched_support,physical_factors,271,42,1,50,3,,2,0.432
field_matched_support,physical_factors,271,42,1,50,4,,2,0.4
field_matched_support,physical_factors,271,42,2,25,1,,3,0.152
field_matched_support,physical_factors,271,42,2,25,2,,3,0.168
field_matched_support,physical_factors,271,42,2,25,3,,3,0.168
field_matched_support,physical_factors,271,42,2,25,4,,3,0.168
field_matched_support,physical_factors,271,42,2,50,1,,3,0.184
field_matched_support,physical_factors,271,42,2,50,2,,3,0.152
field_matched_support,physical_factors,271,42,2,50,3,,3,0.168
field_matched_support,physical_factors,271,42,2,50,4,,3,0.176
field_matched_support,physical_factors,271,42,3,25,1,,4,0.184
field_matched_support,physical_factors,271,42,3,25,2,,4,0.176
field_matched_support,physical_factors,271,42,3,25,3,,4,0.144
field_matched_support,physical_factors,271,42,3,25,4,,4,0.144
field_matched_support,physical_factors,271,42,3,50,1,,4,0.144
field_matched_support,physical_factors,271,42,3,50,2,,4,0.128
field_matched_support,physical_factors,271,42,3,50,3,,4,0.128
field_matched_support,physical_factors,271,42,3,50,4,,4,0.128
field_matched_support,physical_factors,271,42,4,25,1,,4,0.136
field_matched_support,physical_factors,271,42,4,25,2,,4,0.144
field_matched_support,physical_factors,271,42,4,25,3,,4,0.12
field_matched_support,physical_factors,271,42,4,25,4,,4,0.136
field_matched_support,physical_factors,271,42,4,50,1,,4,0.192
field_matched_support,physical_factors,271,42,4,50,2,,4,0.144
field_matched_support,physical_factors,271,42,4,50,3,,4,0.088
field_matched_support,physical_factors,271,42,4,50,4,,4,0.088
field_matched_support,physical_factors,271,42,5,25,1,,4,0.176
field_matched_support,physical_factors,271,42,5,25,2,,4,0.128
field_matched_support,physical_factors,271,42,5,25,3,,4,0.12
field_matched_support,physical_factors,271,42,5,25,4,,4,0.128
field_matched_support,physical_factors,271,42,5,50,1,,4,0.16
field_matched_support,physical_factors,271,42,5,50,2,,4,0.144
field_matched_support,physical_factors,271,42,5,50,3,,4,0.128
field_matched_support,physical_factors,271,42,5,50,4,,4,0.128
field_matched_support,physical_factors,271,42,6,25,1,,4,0.144
field_matched_support,physical_factors,271,42,6,25,2,,4,0.16
field_matched_support,physical_factors,271,42,6,25,3,,4,0.16
field_matched_support,physical_factors,271,42,6,25,4,,4,0.16
field_matched_support,physical_factors,271,42,6,50,1,,4,0.168
field_matched_support,physical_factors,271,42,6,50,2,,4,0.128
field_matched_support,physical_factors,271,42,6,50,3,,4,0.104
field_matched_support,physical_factors,271,42,6,50,4,,4,0.104
field_matched_support,physical_factors,271,42,7,25,1,,4,0.208
field_matched_support,physical_factors,271,42,7,25,2,,4,0.208
field_matched_support,physical_factors,271,42,7,25,3,,4,0.192
field_matched_support,physical_factors,271,42,7,25,4,,4,0.192
field_matched_support,physical_factors,271,42,7,50,1,,4,0.192
field_matched_support,physical_factors,271,42,7,50,2,,4,0.112
field_matched_support,physical_factors,271,42,7,50,3,,4,0.08
field_matched_support,physical_factors,271,42,7,50,4,,4,0.096
field_matched_support,P,271,42,0,25,1,2,2,0.224
field_matched_support,P,271,42,0,25,2,2,2,0.248
field_matched_support,P,271,42,0,25,3,2,2,0.288
field_matched_support,P,271,42,0,25,4,2,2,0.28
field_matched_support,P,271,42,0,50,1,2,2,0.216
field_matched_support,P,271,42,0,50,2,2,2,0.328
field_matched_support,P,271,42,0,50,3,2,2,0.36
field_matched_support,P,271,42,0,50,4,2,2,0.36
field_matched_support,P,271,42,1,25,1,2,2,0.232
field_matched_support,P,271,42,1,25,2,2,2,0.256
field_matched_support,P,271,42,1,25,3,2,2,0.272
field_matched_support,P,271,42,1,25,4,2,2,0.28
field_matched_support,P,271,42,1,50,1,2,2,0.192
field_matched_support,P,271,42,1,50,2,2,2,0.304
field_matched_support,P,271,42,1,50,3,2,2,0.296
field_matched_support,P,271,42,1,50,4,2,2,0.28
field_matched_support,P,271,42,2,25,1,3,3,0.152
field_matched_support,P,271,42,2,25,2,3,3,0.136
field_matched_support,P,271,42,2,25,3,3,3,0.136
field_matched_support,P,271,42,2,25,4,3,3,0.136
field_matched_support,P,271,42,2,50,1,3,3,0.152
field_matched_support,P,271,42,2,50,2,3,3,0.152
field_matched_support,P,271,42,2,50,3,3,3,0.168
field_matched_support,P,271,42,2,50,4,3,3,0.152
field_matched_support,P,271,42,3,25,1,3,4,0.2
field_matched_support,P,271,42,3,25,2,3,4,0.176
field_matched_support,P,271,42,3,25,3,3,4,0.176
field_matched_support,P,271,42,3,25,4,3,4,0.176
field_matched_support,P,271,42,3,50,1,3,4,0.192
field_matched_support,P,271,42,3,50,2,3,4,0.192
field_matched_support,P,271,42,3,50,3,3,4,0.192
field_matched_support,P,271,42,3,50,4,3,4,0.192
field_matched_support,P,271,42,4,25,1,3,4,0.208
field_matched_support,P,271,42,4,25,2,3,4,0.216
field_matched_support,P,271,42,4,25,3,3,4,0.232
field_matched_support,P,271,42,4,25,4,3,4,0.232
field_matched_support,P,271,42,4,50,1,3,4,0.224
field_matched_support,P,271,42,4,50,2,3,4,0.216
field_matched_support,P,271,42,4,50,3,3,4,0.24
field_matched_support,P,271,42,4,50,4,3,4,0.232
field_matched_support,P,271,42,5,25,1,3,4,0.144
field_matched_support,P,271,42,5,25,2,3,4,0.128
field_matched_support,P,271,42,5,25,3,3,4,0.128
field_matched_support,P,271,42,5,25,4,3,4,0.128
field_matched_support,P,271,42,5,50,1,3,4,0.168
field_matched_support,P,271,42,5,50,2,3,4,0.16
field_matched_support,P,271,42,5,50,3,3,4,0.192
field_matched_support,P,271,42,5,50,4,3,4,0.192
field_matched_support,P,271,42,6,25,1,4,4,0.184
field_matched_support,P,271,42,6,25,2,4,4,0.176
field_matched_support,P,271,42,6,25,3,4,4,0.168
field_matched_support,P,271,42,6,25,4,4,4,0.168
field_matched_support,P,271,42,6,50,1,4,4,0.152
field_matched_support,P,271,42,6,50,2,4,4,0.12
field_matched_support,P,271,42,6,50,3,4,4,0.096
field_matched_support,P,271,42,6,50,4,4,4,0.104
field_matched_support,P,271,42,7,25,1,4,4,0.192
field_matched_support,P,271,42,7,25,2,4,4,0.152
field_matched_support,P,271,42,7,25,3,4,4,0.152
field_matched_support,P,271,42,7,25,4,4,4,0.152
field_matched_support,P,271,42,7,50,1,4,4,0.16
field_matched_support,P,271,42,7,50,2,4,4,0.12
field_matched_support,P,271,42,7,50,3,4,4,0.104
field_matched_support,P,271,42,7,50,4,4,4,0.104
field_matched_support,M1,271,42,0,25,1,2,2,0.192
field_matched_support,M1,271,42,0,25,2,2,2,0.224
field_matched_support,M1,271,42,0,25,3,2,2,0.248
field_matched_support,M1,271,42,0,25,4,2,2,0.256
field_matched_support,M1,271,42,0,50,1,2,2,0.256
field_matched_support,M1,271,42,0,50,2,2,2,0.36
field_matched_support,M1,271,42,0,50,3,2,2,0.376
field_matched_support,M1,271,42,0,50,4,2,2,0.368
field_matched_support,M1,271,42,1,25,1,3,2,0.24
field_matched_support,M1,271,42,1,25,2,3,2,0.216
field_matched_support,M1,271,42,1,25,3,3,2,0.232
field_matched_support,M1,271,42,1,25,4,3,2,0.224
field_matched_support,M1,271,42,1,50,1,3,2,0.16
field_matched_support,M1,271,42,1,50,2,3,2,0.144
field_matched_support,M1,271,42,1,50,3,3,2,0.168
field_matched_support,M1,271,42,1,50,4,3,2,0.16
field_matched_support,M1,271,42,2,25,1,2,3,0.2
field_matched_support,M1,271,42,2,25,2,2,3,0.272
field_matched_support,M1,271,42,2,25,3,2,3,0.264
field_matched_support,M1,271,42,2,25,4,2,3,0.248
field_matched_support,M1,271,42,2,50,1,2,3,0.24
field_matched_support,M1,271,42,2,50,2,2,3,0.328
field_matched_support,M1,271,42,2,50,3,2,3,0.344
field_matched_support,M1,271,42,2,50,4,2,3,0.336
field_matched_support,M1,271,42,3,25,1,3,4,0.184
field_matched_support,M1,271,42,3,25,2,3,4,0.184
field_matched_support,M1,271,42,3,25,3,3,4,0.192
field_matched_support,M1,271,42,3,25,4,3,4,0.184
field_matched_support,M1,271,42,3,50,1,3,4,0.152
field_matched_support,M1,271,42,3,50,2,3,4,0.184
field_matched_support,M1,271,42,3,50,3,3,4,0.2
field_matched_support,M1,271,42,3,50,4,3,4,0.2
field_matched_support,M1,271,42,4,25,1,3,4,0.232
field_matched_support,M1,271,42,4,25,2,3,4,0.208
field_matched_support,M1,271,42,4,25,3,3,4,0.208
field_matched_support,M1,271,42,4,25,4,3,4,0.216
field_matched_support,M1,271,42,4,50,1,3,4,0.176
field_matched_support,M1,271,42,4,50,2,3,4,0.168
field_matched_support,M1,271,42,4,50,3,3,4,0.208
field_matched_support,M1,271,42,4,50,4,3,4,0.2
field_matched_support,M1,271,42,5,25,1,3,4,0.144
field_matched_support,M1,271,42,5,25,2,3,4,0.128
field_matched_support,M1,271,42,5,25,3,3,4,0.128
field_matched_support,M1,271,42,5,25,4,3,4,0.12
field_matched_support,M1,271,42,5,50,1,3,4,0.176
field_matched_support,M1,271,42,5,50,2,3,4,0.144
field_matched_support,M1,271,42,5,50,3,3,4,0.176
field_matched_support,M1,271,42,5,50,4,3,4,0.16
field_matched_support,M1,271,42,6,25,1,3,4,0.216
field_matched_support,M1,271,42,6,25,2,3,4,0.184
field_matched_support,M1,271,42,6,25,3,3,4,0.208
field_matched_support,M1,271,42,6,25,4,3,4,0.2
field_matched_support,M1,271,42,6,50,1,3,4,0.232
field_matched_support,M1,271,42,6,50,2,3,4,0.144
field_matched_support,M1,271,42,6,50,3,3,4,0.192
field_matched_support,M1,271,42,6,50,4,3,4,0.184
field_matched_support,M1,271,42,7,25,1,4,4,0.192
field_matched_support,M1,271,42,7,25,2,4,4,0.152
field_matched_support,M1,271,42,7,25,3,4,4,0.144
field_matched_support,M1,271,42,7,25,4,4,4,0.144
field_matched_support,M1,271,42,7,50,1,4,4,0.168
field_matched_support,M1,271,42,7,50,2,4,4,0.168
field_matched_support,M1,271,42,7,50,3,4,4,0.144
field_matched_support,M1,271,42,7,50,4,4,4,0.152
field_matched_support,M2,271,42,0,25,1,2,2,0.192
field_matched_support,M2,271,42,0,25,2,2,2,0.256
field_matched_support,M2,271,42,0,25,3,2,2,0.248
field_matched_support,M2,271,42,0,25,4,2,2,0.24
field_matched_support,M2,271,42,0,50,1,2,2,0.24
field_matched_support,M2,271,42,0,50,2,2,2,0.368
field_matched_support,M2,271,42,0,50,3,2,2,0.384
field_matched_support,M2,271,42,0,50,4,2,2,0.368
field_matched_support,M2,271,42,1,25,1,3,2,0.208
field_matched_support,M2,271,42,1,25,2,3,2,0.2
field_matched_support,M2,271,42,1,25,3,3,2,0.208
field_matched_support,M2,271,42,1,25,4,3,2,0.2
field_matched_support,M2,271,42,1,50,1,3,2,0.144
field_matched_support,M2,271,42,1,50,2,3,2,0.12
field_matched_support,M2,271,42,1,50,3,3,2,0.144
field_matched_support,M2,271,42,1,50,4,3,2,0.128
field_matched_support,M2,271,42,2,25,1,3,3,0.2
field_matched_support,M2,271,42,2,25,2,3,3,0.176
field_matched_support,M2,271,42,2,25,3,3,3,0.2
field_matched_support,M2,271,42,2,25,4,3,3,0.192
field_matched_support,M2,271,42,2,50,1,3,3,0.192
field_matched_support,M2,271,42,2,50,2,3,3,0.144
field_matched_support,M2,271,42,2,50,3,3,3,0.152
field_matched_support,M2,271,42,2,50,4,3,3,0.16
field_matched_support,M2,271,42,3,25,1,2,4,0.28
field_matched_support,M2,271,42,3,25,2,2,4,0.336
field_matched_support,M2,271,42,3,25,3,2,4,0.352
field_matched_support,M2,271,42,3,25,4,2,4,0.344
field_matched_support,M2,271,42,3,50,1,2,4,0.192
field_matched_support,M2,271,42,3,50,2,2,4,0.344
field_matched_support,M2,271,42,3,50,3,2,4,0.344
field_matched_support,M2,271,42,3,50,4,2,4,0.32
field_matched_support,M2,271,42,4,25,1,3,4,0.2
field_matched_support,M2,271,42,4,25,2,3,4,0.176
field_matched_support,M2,271,42,4,25,3,3,4,0.184
field_matched_support,M2,271,42,4,25,4,3,4,0.176
field_matched_support,M2,271,42,4,50,1,3,4,0.16
field_matched_support,M2,271,42,4,50,2,3,4,0.176
field_matched_support,M2,271,42,4,50,3,3,4,0.224
field_matched_support,M2,271,42,4,50,4,3,4,0.216
field_matched_support,M2,271,42,5,25,1,3,4,0.208
field_matched_support,M2,271,42,5,25,2,3,4,0.208
field_matched_support,M2,271,42,5,25,3,3,4,0.2
field_matched_support,M2,271,42,5,25,4,3,4,0.2
field_matched_support,M2,271,42,5,50,1,3,4,0.112
field_matched_support,M2,271,42,5,50,2,3,4,0.16
field_matched_support,M2,271,42,5,50,3,3,4,0.192
field_matched_support,M2,271,42,5,50,4,3,4,0.192
field_matched_support,M2,271,42,6,25,1,4,4,0.192
field_matched_support,M2,271,42,6,25,2,4,4,0.192
field_matched_support,M2,271,42,6,25,3,4,4,0.16
field_matched_support,M2,271,42,6,25,4,4,4,0.152
field_matched_support,M2,271,42,6,50,1,4,4,0.192
field_matched_support,M2,271,42,6,50,2,4,4,0.128
field_matched_support,M2,271,42,6,50,3,4,4,0.096
field_matched_support,M2,271,42,6,50,4,4,4,0.112
field_matched_support,M2,271,42,7,25,1,3,4,0.192
field_matched_support,M2,271,42,7,25,2,3,4,0.184
field_matched_support,M2,271,42,7,25,3,3,4,0.216
field_matched_support,M2,271,42,7,25,4,3,4,0.216
field_matched_support,M2,271,42,7,50,1,3,4,0.176
field_matched_support,M2,271,42,7,50,2,3,4,0.184
field_matched_support,M2,271,42,7,50,3,3,4,0.2
field_matched_support,M2,271,42,7,50,4,3,4,0.208
field_matched_support,random_heads,271,101,0,25,1,,2,0.2
field_matched_support,random_heads,271,101,0,25,2,,2,0.208
field_matched_support,random_heads,271,101,0,25,3,,2,0.216
field_matched_support,random_heads,271,101,0,25,4,,2,0.208
field_matched_support,random_heads,271,101,0,50,1,,2,0.216
field_matched_support,random_heads,271,101,0,50,2,,2,0.216
field_matched_support,random_heads,271,101,0,50,3,,2,0.216
field_matched_support,random_heads,271,101,0,50,4,,2,0.216
field_matched_support,random_heads,271,101,1,25,1,,2,0.192
field_matched_support,random_heads,271,101,1,25,2,,2,0.184
field_matched_support,random_heads,271,101,1,25,3,,2,0.176
field_matched_support,random_heads,271,101,1,25,4,,2,0.176
field_matched_support,random_heads,271,101,1,50,1,,2,0.248
field_matched_support,random_heads,271,101,1,50,2,,2,0.248
field_matched_support,random_heads,271,101,1,50,3,,2,0.248
field_matched_support,random_heads,271,101,1,50,4,,2,0.248
field_matched_support,random_heads,271,101,2,25,1,,3,0.144
field_matched_support,random_heads,271,101,2,25,2,,3,0.144
field_matched_support,random_heads,271,101,2,25,3,,3,0.144
field_matched_support,random_heads,271,101,2,25,4,,3,0.136
field_matched_support,random_heads,271,101,2,50,1,,3,0.176
field_matched_support,random_heads,271,101,2,50,2,,3,0.168
field_matched_support,random_heads,271,101,2,50,3,,3,0.168
field_matched_support,random_heads,271,101,2,50,4,,3,0.168
field_matched_support,random_heads,271,101,3,25,1,,4,0.208
field_matched_support,random_heads,271,101,3,25,2,,4,0.208
field_matched_support,random_heads,271,101,3,25,3,,4,0.2
field_matched_support,random_heads,271,101,3,25,4,,4,0.2
field_matched_support,random_heads,271,101,3,50,1,,4,0.248
field_matched_support,random_heads,271,101,3,50,2,,4,0.248
field_matched_support,random_heads,271,101,3,50,3,,4,0.248
field_matched_support,random_heads,271,101,3,50,4,,4,0.248
field_matched_support,random_heads,271,101,4,25,1,,4,0.192
field_matched_support,random_heads,271,101,4,25,2,,4,0.192
field_matched_support,random_heads,271,101,4,25,3,,4,0.192
field_matched_support,random_heads,271,101,4,25,4,,4,0.192
field_matched_support,random_heads,271,101,4,50,1,,4,0.2
field_matched_support,random_heads,271,101,4,50,2,,4,0.2
field_matched_support,random_heads,271,101,4,50,3,,4,0.2
field_matched_support,random_heads,271,101,4,50,4,,4,0.2
field_matched_support,random_heads,271,101,5,25,1,,4,0.192
field_matched_support,random_heads,271,101,5,25,2,,4,0.176
field_matched_support,random_heads,271,101,5,25,3,,4,0.176
field_matched_support,random_heads,271,101,5,25,4,,4,0.176
field_matched_support,random_heads,271,101,5,50,1,,4,0.176
field_matched_support,random_heads,271,101,5,50,2,,4,0.168
field_matched_support,random_heads,271,101,5,50,3,,4,0.168
field_matched_support,random_heads,271,101,5,50,4,,4,0.168
field_matched_support,random_heads,271,101,6,25,1,,4,0.176
field_matched_support,random_heads,271,101,6,25,2,,4,0.176
field_matched_support,random_heads,271,101,6,25,3,,4,0.184
field_matched_support,random_heads,271,101,6,25,4,,4,0.184
field_matched_support,random_heads,271,101,6,50,1,,4,0.144
field_matched_support,random_heads,271,101,6,50,2,,4,0.144
field_matched_support,random_heads,271,101,6,50,3,,4,0.144
field_matched_support,random_heads,271,101,6,50,4,,4,0.144
field_matched_support,random_heads,271,101,7,25,1,,4,0.2
field_matched_support,random_heads,271,101,7,25,2,,4,0.2
field_matched_support,random_heads,271,101,7,25,3,,4,0.2
field_matched_support,random_heads,271,101,7,25,4,,4,0.2
field_matched_support,random_heads,271,101,7,50,1,,4,0.208
field_matched_support,random_heads,271,101,7,50,2,,4,0.208
field_matched_support,random_heads,271,101,7,50,3,,4,0.208
field_matched_support,random_heads,271,101,7,50,4,,4,0.208
field_matched_support,physical_factors,271,101,0,25,1,,2,0.264
field_matched_support,physical_factors,271,101,0,25,2,,2,0.312
field_matched_support,physical_factors,271,101,0,25,3,,2,0.32
field_matched_support,physical_factors,271,101,0,25,4,,2,0.32
field_matched_support,physical_factors,271,101,0,50,1,,2,0.264
field_matched_support,physical_factors,271,101,0,50,2,,2,0.376
field_matched_support,physical_factors,271,101,0,50,3,,2,0.4
field_matched_support,physical_factors,271,101,0,50,4,,2,0.384
field_matched_support,physical_factors,271,101,1,25,1,,2,0.272
field_matched_support,physical_factors,271,101,1,25,2,,2,0.336
field_matched_support,physical_factors,271,101,1,25,3,,2,0.368
field_matched_support,physical_factors,271,101,1,25,4,,2,0.344
field_matched_support,physical_factors,271,101,1,50,1,,2,0.24
field_matched_support,physical_factors,271,101,1,50,2,,2,0.4
field_matched_support,physical_factors,271,101,1,50,3,,2,0.432
field_matched_support,physical_factors,271,101,1,50,4,,2,0.4
field_matched_support,physical_factors,271,101,2,25,1,,3,0.152
field_matched_support,physical_factors,271,101,2,25,2,,3,0.168
field_matched_support,physical_factors,271,101,2,25,3,,3,0.168
field_matched_support,physical_factors,271,101,2,25,4,,3,0.168
field_matched_support,physical_factors,271,101,2,50,1,,3,0.184
field_matched_support,physical_factors,271,101,2,50,2,,3,0.152
field_matched_support,physical_factors,271,101,2,50,3,,3,0.168
field_matched_support,physical_factors,271,101,2,50,4,,3,0.176
field_matched_support,physical_factors,271,101,3,25,1,,4,0.184
field_matched_support,physical_factors,271,101,3,25,2,,4,0.176
field_matched_support,physical_factors,271,101,3,25,3,,4,0.144
field_matched_support,physical_factors,271,101,3,25,4,,4,0.144
field_matched_support,physical_factors,271,101,3,50,1,,4,0.144
field_matched_support,physical_factors,271,101,3,50,2,,4,0.128
field_matched_support,physical_factors,271,101,3,50,3,,4,0.128
field_matched_support,physical_factors,271,101,3,50,4,,4,0.128
field_matched_support,physical_factors,271,101,4,25,1,,4,0.136
field_matched_support,physical_factors,271,101,4,25,2,,4,0.144
field_matched_support,physical_factors,271,101,4,25,3,,4,0.12
field_matched_support,physical_factors,271,101,4,25,4,,4,0.136
field_matched_support,physical_factors,271,101,4,50,1,,4,0.192
field_matched_support,physical_factors,271,101,4,50,2,,4,0.144
field_matched_support,physical_factors,271,101,4,50,3,,4,0.088
field_matched_support,physical_factors,271,101,4,50,4,,4,0.088
field_matched_support,physical_factors,271,101,5,25,1,,4,0.176
field_matched_support,physical_factors,271,101,5,25,2,,4,0.128
field_matched_support,physical_factors,271,101,5,25,3,,4,0.12
field_matched_support,physical_factors,271,101,5,25,4,,4,0.128
field_matched_support,physical_factors,271,101,5,50,1,,4,0.16
field_matched_support,physical_factors,271,101,5,50,2,,4,0.144
field_matched_support,physical_factors,271,101,5,50,3,,4,0.128
field_matched_support,physical_factors,271,101,5,50,4,,4,0.128
field_matched_support,physical_factors,271,101,6,25,1,,4,0.144
field_matched_support,physical_factors,271,101,6,25,2,,4,0.16
field_matched_support,physical_factors,271,101,6,25,3,,4,0.16
field_matched_support,physical_factors,271,101,6,25,4,,4,0.16
field_matched_support,physical_factors,271,101,6,50,1,,4,0.168
field_matched_support,physical_factors,271,101,6,50,2,,4,0.128
field_matched_support,physical_factors,271,101,6,50,3,,4,0.104
field_matched_support,physical_factors,271,101,6,50,4,,4,0.104
field_matched_support,physical_factors,271,101,7,25,1,,4,0.208
field_matched_support,physical_factors,271,101,7,25,2,,4,0.208
field_matched_support,physical_factors,271,101,7,25,3,,4,0.192
field_matched_support,physical_factors,271,101,7,25,4,,4,0.192
field_matched_support,physical_factors,271,101,7,50,1,,4,0.192
field_matched_support,physical_factors,271,101,7,50,2,,4,0.112
field_matched_support,physical_factors,271,101,7,50,3,,4,0.08
field_matched_support,physical_factors,271,101,7,50,4,,4,0.096
field_matched_support,P,271,101,0,25,1,2,2,0.224
field_matched_support,P,271,101,0,25,2,2,2,0.248
field_matched_support,P,271,101,0,25,3,2,2,0.288
field_matched_support,P,271,101,0,25,4,2,2,0.28
field_matched_support,P,271,101,0,50,1,2,2,0.216
field_matched_support,P,271,101,0,50,2,2,2,0.328
field_matched_support,P,271,101,0,50,3,2,2,0.36
field_matched_support,P,271,101,0,50,4,2,2,0.36
field_matched_support,P,271,101,1,25,1,2,2,0.232
field_matched_support,P,271,101,1,25,2,2,2,0.256
field_matched_support,P,271,101,1,25,3,2,2,0.272
field_matched_support,P,271,101,1,25,4,2,2,0.28
field_matched_support,P,271,101,1,50,1,2,2,0.192
field_matched_support,P,271,101,1,50,2,2,2,0.304
field_matched_support,P,271,101,1,50,3,2,2,0.296
field_matched_support,P,271,101,1,50,4,2,2,0.28
field_matched_support,P,271,101,2,25,1,3,3,0.152
field_matched_support,P,271,101,2,25,2,3,3,0.136
field_matched_support,P,271,101,2,25,3,3,3,0.136
field_matched_support,P,271,101,2,25,4,3,3,0.136
field_matched_support,P,271,101,2,50,1,3,3,0.152
field_matched_support,P,271,101,2,50,2,3,3,0.152
field_matched_support,P,271,101,2,50,3,3,3,0.168
field_matched_support,P,271,101,2,50,4,3,3,0.152
field_matched_support,P,271,101,3,25,1,3,4,0.2
field_matched_support,P,271,101,3,25,2,3,4,0.176
field_matched_support,P,271,101,3,25,3,3,4,0.176
field_matched_support,P,271,101,3,25,4,3,4,0.176
field_matched_support,P,271,101,3,50,1,3,4,0.192
field_matched_support,P,271,101,3,50,2,3,4,0.192
field_matched_support,P,271,101,3,50,3,3,4,0.192
field_matched_support,P,271,101,3,50,4,3,4,0.192
field_matched_support,P,271,101,4,25,1,3,4,0.208
field_matched_support,P,271,101,4,25,2,3,4,0.216
field_matched_support,P,271,101,4,25,3,3,4,0.232
field_matched_support,P,271,101,4,25,4,3,4,0.232
field_matched_support,P,271,101,4,50,1,3,4,0.224
field_matched_support,P,271,101,4,50,2,3,4,0.216
field_matched_support,P,271,101,4,50,3,3,4,0.24
field_matched_support,P,271,101,4,50,4,3,4,0.232
field_matched_support,P,271,101,5,25,1,3,4,0.144
field_matched_support,P,271,101,5,25,2,3,4,0.128
field_matched_support,P,271,101,5,25,3,3,4,0.128
field_matched_support,P,271,101,5,25,4,3,4,0.128
field_matched_support,P,271,101,5,50,1,3,4,0.168
field_matched_support,P,271,101,5,50,2,3,4,0.16
field_matched_support,P,271,101,5,50,3,3,4,0.192
field_matched_support,P,271,101,5,50,4,3,4,0.192
field_matched_support,P,271,101,6,25,1,4,4,0.184
field_matched_support,P,271,101,6,25,2,4,4,0.176
field_matched_support,P,271,101,6,25,3,4,4,0.168
field_matched_support,P,271,101,6,25,4,4,4,0.168
field_matched_support,P,271,101,6,50,1,4,4,0.152
field_matched_support,P,271,101,6,50,2,4,4,0.12
field_matched_support,P,271,101,6,50,3,4,4,0.096
field_matched_support,P,271,101,6,50,4,4,4,0.104
field_matched_support,P,271,101,7,25,1,4,4,0.192
field_matched_support,P,271,101,7,25,2,4,4,0.152
field_matched_support,P,271,101,7,25,3,4,4,0.152
field_matched_support,P,271,101,7,25,4,4,4,0.152
field_matched_support,P,271,101,7,50,1,4,4,0.16
field_matched_support,P,271,101,7,50,2,4,4,0.12
field_matched_support,P,271,101,7,50,3,4,4,0.104
field_matched_support,P,271,101,7,50,4,4,4,0.104
field_matched_support,M1,271,101,0,25,1,2,2,0.192
field_matched_support,M1,271,101,0,25,2,2,2,0.224
field_matched_support,M1,271,101,0,25,3,2,2,0.248
field_matched_support,M1,271,101,0,25,4,2,2,0.256
field_matched_support,M1,271,101,0,50,1,2,2,0.256
field_matched_support,M1,271,101,0,50,2,2,2,0.36
field_matched_support,M1,271,101,0,50,3,2,2,0.376
field_matched_support,M1,271,101,0,50,4,2,2,0.368
field_matched_support,M1,271,101,1,25,1,3,2,0.24
field_matched_support,M1,271,101,1,25,2,3,2,0.216
field_matched_support,M1,271,101,1,25,3,3,2,0.232
field_matched_support,M1,271,101,1,25,4,3,2,0.224
field_matched_support,M1,271,101,1,50,1,3,2,0.16
field_matched_support,M1,271,101,1,50,2,3,2,0.144
field_matched_support,M1,271,101,1,50,3,3,2,0.168
field_matched_support,M1,271,101,1,50,4,3,2,0.16
field_matched_support,M1,271,101,2,25,1,2,3,0.2
field_matched_support,M1,271,101,2,25,2,2,3,0.272
field_matched_support,M1,271,101,2,25,3,2,3,0.264
field_matched_support,M1,271,101,2,25,4,2,3,0.248
field_matched_support,M1,271,101,2,50,1,2,3,0.24
field_matched_support,M1,271,101,2,50,2,2,3,0.328
field_matched_support,M1,271,101,2,50,3,2,3,0.344
field_matched_support,M1,271,101,2,50,4,2,3,0.336
field_matched_support,M1,271,101,3,25,1,3,4,0.184
field_matched_support,M1,271,101,3,25,2,3,4,0.184
field_matched_support,M1,271,101,3,25,3,3,4,0.192
field_matched_support,M1,271,101,3,25,4,3,4,0.184
field_matched_support,M1,271,101,3,50,1,3,4,0.152
field_matched_support,M1,271,101,3,50,2,3,4,0.184
field_matched_support,M1,271,101,3,50,3,3,4,0.2
field_matched_support,M1,271,101,3,50,4,3,4,0.2
field_matched_support,M1,271,101,4,25,1,3,4,0.232
field_matched_support,M1,271,101,4,25,2,3,4,0.208
field_matched_support,M1,271,101,4,25,3,3,4,0.208
field_matched_support,M1,271,101,4,25,4,3,4,0.216
field_matched_support,M1,271,101,4,50,1,3,4,0.176
field_matched_support,M1,271,101,4,50,2,3,4,0.168
field_matched_support,M1,271,101,4,50,3,3,4,0.208
field_matched_support,M1,271,101,4,50,4,3,4,0.2
field_matched_support,M1,271,101,5,25,1,3,4,0.144
field_matched_support,M1,271,101,5,25,2,3,4,0.128
field_matched_support,M1,271,101,5,25,3,3,4,0.128
field_matched_support,M1,271,101,5,25,4,3,4,0.12
field_matched_support,M1,271,101,5,50,1,3,4,0.176
field_matched_support,M1,271,101,5,50,2,3,4,0.144
field_matched_support,M1,271,101,5,50,3,3,4,0.176
field_matched_support,M1,271,101,5,50,4,3,4,0.16
field_matched_support,M1,271,101,6,25,1,3,4,0.216
field_matched_support,M1,271,101,6,25,2,3,4,0.184
field_matched_support,M1,271,101,6,25,3,3,4,0.208
field_matched_support,M1,271,101,6,25,4,3,4,0.2
field_matched_support,M1,271,101,6,50,1,3,4,0.232
field_matched_support,M1,271,101,6,50,2,3,4,0.144
field_matched_support,M1,271,101,6,50,3,3,4,0.192
field_matched_support,M1,271,101,6,50,4,3,4,0.184
field_matched_support,M1,271,101,7,25,1,4,4,0.192
field_matched_support,M1,271,101,7,25,2,4,4,0.152
field_matched_support,M1,271,101,7,25,3,4,4,0.144
field_matched_support,M1,271,101,7,25,4,4,4,0.144
field_matched_support,M1,271,101,7,50,1,4,4,0.168
field_matched_support,M1,271,101,7,50,2,4,4,0.168
field_matched_support,M1,271,101,7,50,3,4,4,0.144
field_matched_support,M1,271,101,7,50,4,4,4,0.152
field_matched_support,M2,271,101,0,25,1,2,2,0.192
field_matched_support,M2,271,101,0,25,2,2,2,0.256
field_matched_support,M2,271,101,0,25,3,2,2,0.248
field_matched_support,M2,271,101,0,25,4,2,2,0.24
field_matched_support,M2,271,101,0,50,1,2,2,0.24
field_matched_support,M2,271,101,0,50,2,2,2,0.368
field_matched_support,M2,271,101,0,50,3,2,2,0.384
field_matched_support,M2,271,101,0,50,4,2,2,0.368
field_matched_support,M2,271,101,1,25,1,3,2,0.208
field_matched_support,M2,271,101,1,25,2,3,2,0.2
field_matched_support,M2,271,101,1,25,3,3,2,0.208
field_matched_support,M2,271,101,1,25,4,3,2,0.2
field_matched_support,M2,271,101,1,50,1,3,2,0.144
field_matched_support,M2,271,101,1,50,2,3,2,0.12
field_matched_support,M2,271,101,1,50,3,3,2,0.144
field_matched_support,M2,271,101,1,50,4,3,2,0.128
field_matched_support,M2,271,101,2,25,1,3,3,0.2
field_matched_support,M2,271,101,2,25,2,3,3,0.176
field_matched_support,M2,271,101,2,25,3,3,3,0.2
field_matched_support,M2,271,101,2,25,4,3,3,0.192
field_matched_support,M2,271,101,2,50,1,3,3,0.192
field_matched_support,M2,271,101,2,50,2,3,3,0.144
field_matched_support,M2,271,101,2,50,3,3,3,0.152
field_matched_support,M2,271,101,2,50,4,3,3,0.16
field_matched_support,M2,271,101,3,25,1,2,4,0.28
field_matched_support,M2,271,101,3,25,2,2,4,0.336
field_matched_support,M2,271,101,3,25,3,2,4,0.352
field_matched_support,M2,271,101,3,25,4,2,4,0.344
field_matched_support,M2,271,101,3,50,1,2,4,0.192
field_matched_support,M2,271,101,3,50,2,2,4,0.344
field_matched_support,M2,271,101,3,50,3,2,4,0.344
field_matched_support,M2,271,101,3,50,4,2,4,0.32
field_matched_support,M2,271,101,4,25,1,3,4,0.2
field_matched_support,M2,271,101,4,25,2,3,4,0.176
field_matched_support,M2,271,101,4,25,3,3,4,0.184
field_matched_support,M2,271,101,4,25,4,3,4,0.176
field_matched_support,M2,271,101,4,50,1,3,4,0.16
field_matched_support,M2,271,101,4,50,2,3,4,0.176
field_matched_support,M2,271,101,4,50,3,3,4,0.224
field_matched_support,M2,271,101,4,50,4,3,4,0.216
field_matched_support,M2,271,101,5,25,1,3,4,0.208
field_matched_support,M2,271,101,5,25,2,3,4,0.208
field_matched_support,M2,271,101,5,25,3,3,4,0.2
field_matched_support,M2,271,101,5,25,4,3,4,0.2
field_matched_support,M2,271,101,5,50,1,3,4,0.112
field_matched_support,M2,271,101,5,50,2,3,4,0.16
field_matched_support,M2,271,101,5,50,3,3,4,0.192
field_matched_support,M2,271,101,5,50,4,3,4,0.192
field_matched_support,M2,271,101,6,25,1,4,4,0.192
field_matched_support,M2,271,101,6,25,2,4,4,0.192
field_matched_support,M2,271,101,6,25,3,4,4,0.16
field_matched_support,M2,271,101,6,25,4,4,4,0.152
field_matched_support,M2,271,101,6,50,1,4,4,0.192
field_matched_support,M2,271,101,6,50,2,4,4,0.128
field_matched_support,M2,271,101,6,50,3,4,4,0.096
field_matched_support,M2,271,101,6,50,4,4,4,0.112
field_matched_support,M2,271,101,7,25,1,3,4,0.192
field_matched_support,M2,271,101,7,25,2,3,4,0.184
field_matched_support,M2,271,101,7,25,3,3,4,0.216
field_matched_support,M2,271,101,7,25,4,3,4,0.216
field_matched_support,M2,271,101,7,50,1,3,4,0.176
field_matched_support,M2,271,101,7,50,2,3,4,0.184
field_matched_support,M2,271,101,7,50,3,3,4,0.2
field_matched_support,M2,271,101,7,50,4,3,4,0.208
field_matched_support,random_heads,314,17,0,25,1,,3,0.208
field_matched_support,random_heads,314,17,0,25,2,,3,0.208
field_matched_support,random_heads,314,17,0,25,3,,3,0.2
field_matched_support,random_heads,314,17,0,25,4,,3,0.208
field_matched_support,random_heads,314,17,0,50,1,,3,0.208
field_matched_support,random_heads,314,17,0,50,2,,3,0.192
field_matched_support,random_heads,314,17,0,50,3,,3,0.192
field_matched_support,random_heads,314,17,0,50,4,,3,0.184
field_matched_support,random_heads,314,17,1,25,1,,3,0.224
field_matched_support,random_heads,314,17,1,25,2,,3,0.232
field_matched_support,random_heads,314,17,1,25,3,,3,0.24
field_matched_support,random_heads,314,17,1,25,4,,3,0.24
field_matched_support,random_heads,314,17,1,50,1,,3,0.144
field_matched_support,random_heads,314,17,1,50,2,,3,0.128
field_matched_support,random_heads,314,17,1,50,3,,3,0.136
field_matched_support,random_heads,314,17,1,50,4,,3,0.136
field_matched_support,random_heads,314,17,2,25,1,,4,0.176
field_matched_support,random_heads,314,17,2,25,2,,4,0.184
field_matched_support,random_heads,314,17,2,25,3,,4,0.192
field_matched_support,random_heads,314,17,2,25,4,,4,0.192
field_matched_support,random_heads,314,17,2,50,1,,4,0.168
field_matched_support,random_heads,314,17,2,50,2,,4,0.168
field_matched_support,random_heads,314,17,2,50,3,,4,0.168
field_matched_support,random_heads,314,17,2,50,4,,4,0.168
field_matched_support,random_heads,314,17,3,25,1,,1,0.536
field_matched_support,random_heads,314,17,3,25,2,,1,0.536
field_matched_support,random_heads,314,17,3,25,3,,1,0.536
field_matched_support,random_heads,314,17,3,25,4,,1,0.52
field_matched_support,random_heads,314,17,3,50,1,,1,0.592
field_matched_support,random_heads,314,17,3,50,2,,1,0.616
field_matched_support,random_heads,314,17,3,50,3,,1,0.6
field_matched_support,random_heads,314,17,3,50,4,,1,0.592
field_matched_support,random_heads,314,17,4,25,1,,4,0.184
field_matched_support,random_heads,314,17,4,25,2,,4,0.176
field_matched_support,random_heads,314,17,4,25,3,,4,0.176
field_matched_support,random_heads,314,17,4,25,4,,4,0.184
field_matched_support,random_heads,314,17,4,50,1,,4,0.176
field_matched_support,random_heads,314,17,4,50,2,,4,0.176
field_matched_support,random_heads,314,17,4,50,3,,4,0.176
field_matched_support,random_heads,314,17,4,50,4,,4,0.176
field_matched_support,random_heads,314,17,5,25,1,,3,0.128
field_matched_support,random_heads,314,17,5,25,2,,3,0.144
field_matched_support,random_heads,314,17,5,25,3,,3,0.144
field_matched_support,random_heads,314,17,5,25,4,,3,0.136
field_matched_support,random_heads,314,17,5,50,1,,3,0.224
field_matched_support,random_heads,314,17,5,50,2,,3,0.216
field_matched_support,random_heads,314,17,5,50,3,,3,0.216
field_matched_support,random_heads,314,17,5,50,4,,3,0.216
field_matched_support,random_heads,314,17,6,25,1,,2,0.248
field_matched_support,random_heads,314,17,6,25,2,,2,0.24
field_matched_support,random_heads,314,17,6,25,3,,2,0.232
field_matched_support,random_heads,314,17,6,25,4,,2,0.232
field_matched_support,random_heads,314,17,6,50,1,,2,0.232
field_matched_support,random_heads,314,17,6,50,2,,2,0.232
field_matched_support,random_heads,314,17,6,50,3,,2,0.232
field_matched_support,random_heads,314,17,6,50,4,,2,0.24
field_matched_support,random_heads,314,17,7,25,1,,3,0.184
field_matched_support,random_heads,314,17,7,25,2,,3,0.192
field_matched_support,random_heads,314,17,7,25,3,,3,0.192
field_matched_support,random_heads,314,17,7,25,4,,3,0.192
field_matched_support,random_heads,314,17,7,50,1,,3,0.176
field_matched_support,random_heads,314,17,7,50,2,,3,0.176
field_matched_support,random_heads,314,17,7,50,3,,3,0.176
field_matched_support,random_heads,314,17,7,50,4,,3,0.176
field_matched_support,physical_factors,314,17,0,25,1,,3,0.176
field_matched_support,physical_factors,314,17,0,25,2,,3,0.176
field_matched_support,physical_factors,314,17,0,25,3,,3,0.184
field_matched_support,physical_factors,314,17,0,25,4,,3,0.184
field_matched_support,physical_factors,314,17,0,50,1,,3,0.16
field_matched_support,physical_factors,314,17,0,50,2,,3,0.168
field_matched_support,physical_factors,314,17,0,50,3,,3,0.192
field_matched_support,physical_factors,314,17,0,50,4,,3,0.192
field_matched_support,physical_factors,314,17,1,25,1,,3,0.216
field_matched_support,physical_factors,314,17,1,25,2,,3,0.2
field_matched_support,physical_factors,314,17,1,25,3,,3,0.216
field_matched_support,physical_factors,314,17,1,25,4,,3,0.224
field_matched_support,physical_factors,314,17,1,50,1,,3,0.184
field_matched_support,physical_factors,314,17,1,50,2,,3,0.152
field_matched_support,physical_factors,314,17,1,50,3,,3,0.16
field_matched_support,physical_factors,314,17,1,50,4,,3,0.168
field_matched_support,physical_factors,314,17,2,25,1,,4,0.184
field_matched_support,physical_factors,314,17,2,25,2,,4,0.144
field_matched_support,physical_factors,314,17,2,25,3,,4,0.128
field_matched_support,physical_factors,314,17,2,25,4,,4,0.128
field_matched_support,physical_factors,314,17,2,50,1,,4,0.128
field_matched_support,physical_factors,314,17,2,50,2,,4,0.104
field_matched_support,physical_factors,314,17,2,50,3,,4,0.088
field_matched_support,physical_factors,314,17,2,50,4,,4,0.096
field_matched_support,physical_factors,314,17,3,25,1,,1,1.0
field_matched_support,physical_factors,314,17,3,25,2,,1,0.992
field_matched_support,physical_factors,314,17,3,25,3,,1,0.968
field_matched_support,physical_factors,314,17,3,25,4,,1,0.96
field_matched_support,physical_factors,314,17,3,50,1,,1,1.0
field_matched_support,physical_factors,314,17,3,50,2,,1,1.0
field_matched_support,physical_factors,314,17,3,50,3,,1,1.0
field_matched_support,physical_factors,314,17,3,50,4,,1,1.0
field_matched_support,physical_factors,314,17,4,25,1,,4,0.152
field_matched_support,physical_factors,314,17,4,25,2,,4,0.136
field_matched_support,physical_factors,314,17,4,25,3,,4,0.12
field_matched_support,physical_factors,314,17,4,25,4,,4,0.12
field_matched_support,physical_factors,314,17,4,50,1,,4,0.16
field_matched_support,physical_factors,314,17,4,50,2,,4,0.152
field_matched_support,physical_factors,314,17,4,50,3,,4,0.12
field_matched_support,physical_factors,314,17,4,50,4,,4,0.128
field_matched_support,physical_factors,314,17,5,25,1,,3,0.152
field_matched_support,physical_factors,314,17,5,25,2,,3,0.16
field_matched_support,physical_factors,314,17,5,25,3,,3,0.168
field_matched_support,physical_factors,314,17,5,25,4,,3,0.168
field_matched_support,physical_factors,314,17,5,50,1,,3,0.168
field_matched_support,physical_factors,314,17,5,50,2,,3,0.2
field_matched_support,physical_factors,314,17,5,50,3,,3,0.208
field_matched_support,physical_factors,314,17,5,50,4,,3,0.208
field_matched_support,physical_factors,314,17,6,25,1,,2,0.264
field_matched_support,physical_factors,314,17,6,25,2,,2,0.328
field_matched_support,physical_factors,314,17,6,25,3,,2,0.32
field_matched_support,physical_factors,314,17,6,25,4,,2,0.304
field_matched_support,physical_factors,314,17,6,50,1,,2,0.264
field_matched_support,physical_factors,314,17,6,50,2,,2,0.384
field_matched_support,physical_factors,314,17,6,50,3,,2,0.408
field_matched_support,physical_factors,314,17,6,50,4,,2,0.408
field_matched_support,physical_factors,314,17,7,25,1,,3,0.16
field_matched_support,physical_factors,314,17,7,25,2,,3,0.136
field_matched_support,physical_factors,314,17,7,25,3,,3,0.136
field_matched_support,physical_factors,314,17,7,25,4,,3,0.136
field_matched_support,physical_factors,314,17,7,50,1,,3,0.128
field_matched_support,physical_factors,314,17,7,50,2,,3,0.112
field_matched_support,physical_factors,314,17,7,50,3,,3,0.128
field_matched_support,physical_factors,314,17,7,50,4,,3,0.128
field_matched_support,P,314,17,0,25,1,2,3,0.272
field_matched_support,P,314,17,0,25,2,2,3,0.32
field_matched_support,P,314,17,0,25,3,2,3,0.344
field_matched_support,P,314,17,0,25,4,2,3,0.352
field_matched_support,P,314,17,0,50,1,2,3,0.288
field_matched_support,P,314,17,0,50,2,2,3,0.424
field_matched_support,P,314,17,0,50,3,2,3,0.448
field_matched_support,P,314,17,0,50,4,2,3,0.448
field_matched_support,P,314,17,1,25,1,2,3,0.184
field_matched_support,P,314,17,1,25,2,2,3,0.24
field_matched_support,P,314,17,1,25,3,2,3,0.24
field_matched_support,P,314,17,1,25,4,2,3,0.24
field_matched_support,P,314,17,1,50,1,2,3,0.192
field_matched_support,P,314,17,1,50,2,2,3,0.352
field_matched_support,P,314,17,1,50,3,2,3,0.36
field_matched_support,P,314,17,1,50,4,2,3,0.336
field_matched_support,P,314,17,2,25,1,3,4,0.136
field_matched_support,P,314,17,2,25,2,3,4,0.104
field_matched_support,P,314,17,2,25,3,3,4,0.136
field_matched_support,P,314,17,2,25,4,3,4,0.136
field_matched_support,P,314,17,2,50,1,3,4,0.152
field_matched_support,P,314,17,2,50,2,3,4,0.184
field_matched_support,P,314,17,2,50,3,3,4,0.2
field_matched_support,P,314,17,2,50,4,3,4,0.192
field_matched_support,P,314,17,3,25,1,3,1,0.144
field_matched_support,P,314,17,3,25,2,3,1,0.144
field_matched_support,P,314,17,3,25,3,3,1,0.16
field_matched_support,P,314,17,3,25,4,3,1,0.168
field_matched_support,P,314,17,3,50,1,3,1,0.184
field_matched_support,P,314,17,3,50,2,3,1,0.168
field_matched_support,P,314,17,3,50,3,3,1,0.184
field_matched_support,P,314,17,3,50,4,3,1,0.176
field_matched_support,P,314,17,4,25,1,3,4,0.16
field_matched_support,P,314,17,4,25,2,3,4,0.168
field_matched_support,P,314,17,4,25,3,3,4,0.16
field_matched_support,P,314,17,4,25,4,3,4,0.16
field_matched_support,P,314,17,4,50,1,3,4,0.192
field_matched_support,P,314,17,4,50,2,3,4,0.192
field_matched_support,P,314,17,4,50,3,3,4,0.184
field_matched_support,P,314,17,4,50,4,3,4,0.176
field_matched_support,P,314,17,5,25,1,3,3,0.184
field_matched_support,P,314,17,5,25,2,3,3,0.192
field_matched_support,P,314,17,5,25,3,3,3,0.192
field_matched_support,P,314,17,5,25,4,3,3,0.184
field_matched_support,P,314,17,5,50,1,3,3,0.176
field_matched_support,P,314,17,5,50,2,3,3,0.144
field_matched_support,P,314,17,5,50,3,3,3,0.192
field_matched_support,P,314,17,5,50,4,3,3,0.176
field_matched_support,P,314,17,6,25,1,4,2,0.144
field_matched_support,P,314,17,6,25,2,4,2,0.104
field_matched_support,P,314,17,6,25,3,4,2,0.08
field_matched_support,P,314,17,6,25,4,4,2,0.088
field_matched_support,P,314,17,6,50,1,4,2,0.112
field_matched_support,P,314,17,6,50,2,4,2,0.088
field_matched_support,P,314,17,6,50,3,4,2,0.072
field_matched_support,P,314,17,6,50,4,4,2,0.08
field_matched_support,P,314,17,7,25,1,4,3,0.192
field_matched_support,P,314,17,7,25,2,4,3,0.12
field_matched_support,P,314,17,7,25,3,4,3,0.12
field_matched_support,P,314,17,7,25,4,4,3,0.12
field_matched_support,P,314,17,7,50,1,4,3,0.192
field_matched_support,P,314,17,7,50,2,4,3,0.144
field_matched_support,P,314,17,7,50,3,4,3,0.136
field_matched_support,P,314,17,7,50,4,4,3,0.136
field_matched_support,M1,314,17,0,25,1,2,3,0.192
field_matched_support,M1,314,17,0,25,2,2,3,0.272
field_matched_support,M1,314,17,0,25,3,2,3,0.296
field_matched_support,M1,314,17,0,25,4,2,3,0.288
field_matched_support,M1,314,17,0,50,1,2,3,0.232
field_matched_support,M1,314,17,0,50,2,2,3,0.368
field_matched_support,M1,314,17,0,50,3,2,3,0.384
field_matched_support,M1,314,17,0,50,4,2,3,0.368
field_matched_support,M1,314,17,1,25,1,3,3,0.176
field_matched_support,M1,314,17,1,25,2,3,3,0.168
field_matched_support,M1,314,17,1,25,3,3,3,0.184
field_matched_support,M1,314,17,1,25,4,3,3,0.176
field_matched_support,M1,314,17,1,50,1,3,3,0.192
field_matched_support,M1,314,17,1,50,2,3,3,0.152
field_matched_support,M1,314,17,1,50,3,3,3,0.16
field_matched_support,M1,314,17,1,50,4,3,3,0.168
field_matched_support,M1,314,17,2,25,1,2,4,0.208
field_matched_support,M1,314,17,2,25,2,2,4,0.264
field_matched_support,M1,314,17,2,25,3,2,4,0.288
field_matched_support,M1,314,17,2,25,4,2,4,0.264
field_matched_support,M1,314,17,2,50,1,2,4,0.24
field_matched_support,M1,314,17,2,50,2,2,4,0.4
field_matched_support,M1,314,17,2,50,3,2,4,0.416
field_matched_support,M1,314,17,2,50,4,2,4,0.392
field_matched_support,M1,314,17,3,25,1,3,1,0.144
field_matched_support,M1,314,17,3,25,2,3,1,0.136
field_matched_support,M1,314,17,3,25,3,3,1,0.144
field_matched_support,M1,314,17,3,25,4,3,1,0.144
field_matched_support,M1,314,17,3,50,1,3,1,0.168
field_matched_support,M1,314,17,3,50,2,3,1,0.152
field_matched_support,M1,314,17,3,50,3,3,1,0.152
field_matched_support,M1,314,17,3,50,4,3,1,0.152
field_matched_support,M1,314,17,4,25,1,3,4,0.176
field_matched_support,M1,314,17,4,25,2,3,4,0.168
field_matched_support,M1,314,17,4,25,3,3,4,0.16
field_matched_support,M1,314,17,4,25,4,3,4,0.16
field_matched_support,M1,314,17,4,50,1,3,4,0.232
field_matched_support,M1,314,17,4,50,2,3,4,0.144
field_matched_support,M1,314,17,4,50,3,3,4,0.152
field_matched_support,M1,314,17,4,50,4,3,4,0.176
field_matched_support,M1,314,17,5,25,1,3,3,0.224
field_matched_support,M1,314,17,5,25,2,3,3,0.2
field_matched_support,M1,314,17,5,25,3,3,3,0.216
field_matched_support,M1,314,17,5,25,4,3,3,0.216
field_matched_support,M1,314,17,5,50,1,3,3,0.144
field_matched_support,M1,314,17,5,50,2,3,3,0.144
field_matched_support,M1,314,17,5,50,3,3,3,0.184
field_matched_support,M1,314,17,5,50,4,3,3,0.184
field_matched_support,M1,314,17,6,25,1,3,2,0.136
field_matched_support,M1,314,17,6,25,2,3,2,0.16
field_matched_support,M1,314,17,6,25,3,3,2,0.16
field_matched_support,M1,314,17,6,25,4,3,2,0.16
field_matched_support,M1,314,17,6,50,1,3,2,0.128
field_matched_support,M1,314,17,6,50,2,3,2,0.152
field_matched_support,M1,314,17,6,50,3,3,2,0.16
field_matched_support,M1,314,17,6,50,4,3,2,0.152
field_matched_support,M1,314,17,7,25,1,4,3,0.168
field_matched_support,M1,314,17,7,25,2,4,3,0.136
field_matched_support,M1,314,17,7,25,3,4,3,0.12
field_matched_support,M1,314,17,7,25,4,4,3,0.104
field_matched_support,M1,314,17,7,50,1,4,3,0.208
field_matched_support,M1,314,17,7,50,2,4,3,0.136
field_matched_support,M1,314,17,7,50,3,4,3,0.104
field_matched_support,M1,314,17,7,50,4,4,3,0.112
field_matched_support,M2,314,17,0,25,1,2,3,0.2
field_matched_support,M2,314,17,0,25,2,2,3,0.304
field_matched_support,M2,314,17,0,25,3,2,3,0.32
field_matched_support,M2,314,17,0,25,4,2,3,0.32
field_matched_support,M2,314,17,0,50,1,2,3,0.224
field_matched_support,M2,314,17,0,50,2,2,3,0.376
field_matched_support,M2,314,17,0,50,3,2,3,0.4
field_matched_support,M2,314,17,0,50,4,2,3,0.392
field_matched_support,M2,314,17,1,25,1,3,3,0.184
field_matched_support,M2,314,17,1,25,2,3,3,0.16
field_matched_support,M2,314,17,1,25,3,3,3,0.168
field_matched_support,M2,314,17,1,25,4,3,3,0.152
field_matched_support,M2,314,17,1,50,1,3,3,0.168
field_matched_support,M2,314,17,1,50,2,3,3,0.144
field_matched_support,M2,314,17,1,50,3,3,3,0.168
field_matched_support,M2,314,17,1,50,4,3,3,0.16
field_matched_support,M2,314,17,2,25,1,3,4,0.16
field_matched_support,M2,314,17,2,25,2,3,4,0.168
field_matched_support,M2,314,17,2,25,3,3,4,0.168
field_matched_support,M2,314,17,2,25,4,3,4,0.184
field_matched_support,M2,314,17,2,50,1,3,4,0.208
field_matched_support,M2,314,17,2,50,2,3,4,0.216
field_matched_support,M2,314,17,2,50,3,3,4,0.24
field_matched_support,M2,314,17,2,50,4,3,4,0.232
field_matched_support,M2,314,17,3,25,1,2,1,0.232
field_matched_support,M2,314,17,3,25,2,2,1,0.264
field_matched_support,M2,314,17,3,25,3,2,1,0.296
field_matched_support,M2,314,17,3,25,4,2,1,0.296
field_matched_support,M2,314,17,3,50,1,2,1,0.176
field_matched_support,M2,314,17,3,50,2,2,1,0.336
field_matched_support,M2,314,17,3,50,3,2,1,0.32
field_matched_support,M2,314,17,3,50,4,2,1,0.312
field_matched_support,M2,314,17,4,25,1,3,4,0.184
field_matched_support,M2,314,17,4,25,2,3,4,0.192
field_matched_support,M2,314,17,4,25,3,3,4,0.216
field_matched_support,M2,314,17,4,25,4,3,4,0.2
field_matched_support,M2,314,17,4,50,1,3,4,0.176
field_matched_support,M2,314,17,4,50,2,3,4,0.12
field_matched_support,M2,314,17,4,50,3,3,4,0.128
field_matched_support,M2,314,17,4,50,4,3,4,0.128
field_matched_support,M2,314,17,5,25,1,3,3,0.192
field_matched_support,M2,314,17,5,25,2,3,3,0.232
field_matched_support,M2,314,17,5,25,3,3,3,0.256
field_matched_support,M2,314,17,5,25,4,3,3,0.264
field_matched_support,M2,314,17,5,50,1,3,3,0.152
field_matched_support,M2,314,17,5,50,2,3,3,0.128
field_matched_support,M2,314,17,5,50,3,3,3,0.136
field_matched_support,M2,314,17,5,50,4,3,3,0.152
field_matched_support,M2,314,17,6,25,1,4,2,0.112
field_matched_support,M2,314,17,6,25,2,4,2,0.112
field_matched_support,M2,314,17,6,25,3,4,2,0.112
field_matched_support,M2,314,17,6,25,4,4,2,0.112
field_matched_support,M2,314,17,6,50,1,4,2,0.12
field_matched_support,M2,314,17,6,50,2,4,2,0.104
field_matched_support,M2,314,17,6,50,3,4,2,0.08
field_matched_support,M2,314,17,6,50,4,4,2,0.088
field_matched_support,M2,314,17,7,25,1,3,3,0.224
field_matched_support,M2,314,17,7,25,2,3,3,0.208
field_matched_support,M2,314,17,7,25,3,3,3,0.216
field_matched_support,M2,314,17,7,25,4,3,3,0.224
field_matched_support,M2,314,17,7,50,1,3,3,0.168
field_matched_support,M2,314,17,7,50,2,3,3,0.184
field_matched_support,M2,314,17,7,50,3,3,3,0.168
field_matched_support,M2,314,17,7,50,4,3,3,0.16
field_matched_support,random_heads,314,42,0,25,1,,3,0.168
field_matched_support,random_heads,314,42,0,25,2,,3,0.176
field_matched_support,random_heads,314,42,0,25,3,,3,0.176
field_matched_support,random_heads,314,42,0,25,4,,3,0.184
field_matched_support,random_heads,314,42,0,50,1,,3,0.152
field_matched_support,random_heads,314,42,0,50,2,,3,0.144
field_matched_support,random_heads,314,42,0,50,3,,3,0.152
field_matched_support,random_heads,314,42,0,50,4,,3,0.152
field_matched_support,random_heads,314,42,1,25,1,,3,0.192
field_matched_support,random_heads,314,42,1,25,2,,3,0.192
field_matched_support,random_heads,314,42,1,25,3,,3,0.192
field_matched_support,random_heads,314,42,1,25,4,,3,0.192
field_matched_support,random_heads,314,42,1,50,1,,3,0.224
field_matched_support,random_heads,314,42,1,50,2,,3,0.224
field_matched_support,random_heads,314,42,1,50,3,,3,0.224
field_matched_support,random_heads,314,42,1,50,4,,3,0.224
field_matched_support,random_heads,314,42,2,25,1,,4,0.192
field_matched_support,random_heads,314,42,2,25,2,,4,0.184
field_matched_support,random_heads,314,42,2,25,3,,4,0.184
field_matched_support,random_heads,314,42,2,25,4,,4,0.184
field_matched_support,random_heads,314,42,2,50,1,,4,0.176
field_matched_support,random_heads,314,42,2,50,2,,4,0.176
field_matched_support,random_heads,314,42,2,50,3,,4,0.184
field_matched_support,random_heads,314,42,2,50,4,,4,0.192
field_matched_support,random_heads,314,42,3,25,1,,1,0.544
field_matched_support,random_heads,314,42,3,25,2,,1,0.56
field_matched_support,random_heads,314,42,3,25,3,,1,0.56
field_matched_support,random_heads,314,42,3,25,4,,1,0.56
field_matched_support,random_heads,314,42,3,50,1,,1,0.6
field_matched_support,random_heads,314,42,3,50,2,,1,0.608
field_matched_support,random_heads,314,42,3,50,3,,1,0.608
field_matched_support,random_heads,314,42,3,50,4,,1,0.608
field_matched_support,random_heads,314,42,4,25,1,,4,0.168
field_matched_support,random_heads,314,42,4,25,2,,4,0.168
field_matched_support,random_heads,314,42,4,25,3,,4,0.168
field_matched_support,random_heads,314,42,4,25,4,,4,0.168
field_matched_support,random_heads,314,42,4,50,1,,4,0.192
field_matched_support,random_heads,314,42,4,50,2,,4,0.192
field_matched_support,random_heads,314,42,4,50,3,,4,0.192
field_matched_support,random_heads,314,42,4,50,4,,4,0.192
field_matched_support,random_heads,314,42,5,25,1,,3,0.16
field_matched_support,random_heads,314,42,5,25,2,,3,0.168
field_matched_support,random_heads,314,42,5,25,3,,3,0.168
field_matched_support,random_heads,314,42,5,25,4,,3,0.184
field_matched_support,random_heads,314,42,5,50,1,,3,0.112
field_matched_support,random_heads,314,42,5,50,2,,3,0.12
field_matched_support,random_heads,314,42,5,50,3,,3,0.12
field_matched_support,random_heads,314,42,5,50,4,,3,0.12
field_matched_support,random_heads,314,42,6,25,1,,2,0.184
field_matched_support,random_heads,314,42,6,25,2,,2,0.192
field_matched_support,random_heads,314,42,6,25,3,,2,0.192
field_matched_support,random_heads,314,42,6,25,4,,2,0.184
field_matched_support,random_heads,314,42,6,50,1,,2,0.2
field_matched_support,random_heads,314,42,6,50,2,,2,0.208
field_matched_support,random_heads,314,42,6,50,3,,2,0.208
field_matched_support,random_heads,314,42,6,50,4,,2,0.208
field_matched_support,random_heads,314,42,7,25,1,,3,0.152
field_matched_support,random_heads,314,42,7,25,2,,3,0.16
field_matched_support,random_heads,314,42,7,25,3,,3,0.16
field_matched_support,random_heads,314,42,7,25,4,,3,0.176
field_matched_support,random_heads,314,42,7,50,1,,3,0.168
field_matched_support,random_heads,314,42,7,50,2,,3,0.168
field_matched_support,random_heads,314,42,7,50,3,,3,0.168
field_matched_support,random_heads,314,42,7,50,4,,3,0.168
field_matched_support,physical_factors,314,42,0,25,1,,3,0.176
field_matched_support,physical_factors,314,42,0,25,2,,3,0.176
field_matched_support,physical_factors,314,42,0,25,3,,3,0.184
field_matched_support,physical_factors,314,42,0,25,4,,3,0.184
field_matched_support,physical_factors,314,42,0,50,1,,3,0.16
field_matched_support,physical_factors,314,42,0,50,2,,3,0.168
field_matched_support,physical_factors,314,42,0,50,3,,3,0.192
field_matched_support,physical_factors,314,42,0,50,4,,3,0.192
field_matched_support,physical_factors,314,42,1,25,1,,3,0.216
field_matched_support,physical_factors,314,42,1,25,2,,3,0.2
field_matched_support,physical_factors,314,42,1,25,3,,3,0.216
field_matched_support,physical_factors,314,42,1,25,4,,3,0.224
field_matched_support,physical_factors,314,42,1,50,1,,3,0.184
field_matched_support,physical_factors,314,42,1,50,2,,3,0.152
field_matched_support,physical_factors,314,42,1,50,3,,3,0.16
field_matched_support,physical_factors,314,42,1,50,4,,3,0.168
field_matched_support,physical_factors,314,42,2,25,1,,4,0.184
field_matched_support,physical_factors,314,42,2,25,2,,4,0.144
field_matched_support,physical_factors,314,42,2,25,3,,4,0.128
field_matched_support,physical_factors,314,42,2,25,4,,4,0.128
field_matched_support,physical_factors,314,42,2,50,1,,4,0.128
field_matched_support,physical_factors,314,42,2,50,2,,4,0.104
field_matched_support,physical_factors,314,42,2,50,3,,4,0.088
field_matched_support,physical_factors,314,42,2,50,4,,4,0.096
field_matched_support,physical_factors,314,42,3,25,1,,1,1.0
field_matched_support,physical_factors,314,42,3,25,2,,1,0.992
field_matched_support,physical_factors,314,42,3,25,3,,1,0.968
field_matched_support,physical_factors,314,42,3,25,4,,1,0.96
field_matched_support,physical_factors,314,42,3,50,1,,1,1.0
field_matched_support,physical_factors,314,42,3,50,2,,1,1.0
field_matched_support,physical_factors,314,42,3,50,3,,1,1.0
field_matched_support,physical_factors,314,42,3,50,4,,1,1.0
field_matched_support,physical_factors,314,42,4,25,1,,4,0.152
field_matched_support,physical_factors,314,42,4,25,2,,4,0.136
field_matched_support,physical_factors,314,42,4,25,3,,4,0.12
field_matched_support,physical_factors,314,42,4,25,4,,4,0.12
field_matched_support,physical_factors,314,42,4,50,1,,4,0.16
field_matched_support,physical_factors,314,42,4,50,2,,4,0.152
field_matched_support,physical_factors,314,42,4,50,3,,4,0.12
field_matched_support,physical_factors,314,42,4,50,4,,4,0.128
field_matched_support,physical_factors,314,42,5,25,1,,3,0.152
field_matched_support,physical_factors,314,42,5,25,2,,3,0.16
field_matched_support,physical_factors,314,42,5,25,3,,3,0.168
field_matched_support,physical_factors,314,42,5,25,4,,3,0.168
field_matched_support,physical_factors,314,42,5,50,1,,3,0.168
field_matched_support,physical_factors,314,42,5,50,2,,3,0.2
field_matched_support,physical_factors,314,42,5,50,3,,3,0.208
field_matched_support,physical_factors,314,42,5,50,4,,3,0.208
field_matched_support,physical_factors,314,42,6,25,1,,2,0.264
field_matched_support,physical_factors,314,42,6,25,2,,2,0.328
field_matched_support,physical_factors,314,42,6,25,3,,2,0.32
field_matched_support,physical_factors,314,42,6,25,4,,2,0.304
field_matched_support,physical_factors,314,42,6,50,1,,2,0.264
field_matched_support,physical_factors,314,42,6,50,2,,2,0.384
field_matched_support,physical_factors,314,42,6,50,3,,2,0.408
field_matched_support,physical_factors,314,42,6,50,4,,2,0.408
field_matched_support,physical_factors,314,42,7,25,1,,3,0.16
field_matched_support,physical_factors,314,42,7,25,2,,3,0.136
field_matched_support,physical_factors,314,42,7,25,3,,3,0.136
field_matched_support,physical_factors,314,42,7,25,4,,3,0.136
field_matched_support,physical_factors,314,42,7,50,1,,3,0.128
field_matched_support,physical_factors,314,42,7,50,2,,3,0.112
field_matched_support,physical_factors,314,42,7,50,3,,3,0.128
field_matched_support,physical_factors,314,42,7,50,4,,3,0.128
field_matched_support,P,314,42,0,25,1,2,3,0.272
field_matched_support,P,314,42,0,25,2,2,3,0.32
field_matched_support,P,314,42,0,25,3,2,3,0.344
field_matched_support,P,314,42,0,25,4,2,3,0.352
field_matched_support,P,314,42,0,50,1,2,3,0.288
field_matched_support,P,314,42,0,50,2,2,3,0.424
field_matched_support,P,314,42,0,50,3,2,3,0.448
field_matched_support,P,314,42,0,50,4,2,3,0.448
field_matched_support,P,314,42,1,25,1,2,3,0.184
field_matched_support,P,314,42,1,25,2,2,3,0.24
field_matched_support,P,314,42,1,25,3,2,3,0.24
field_matched_support,P,314,42,1,25,4,2,3,0.24
field_matched_support,P,314,42,1,50,1,2,3,0.192
field_matched_support,P,314,42,1,50,2,2,3,0.352
field_matched_support,P,314,42,1,50,3,2,3,0.36
field_matched_support,P,314,42,1,50,4,2,3,0.336
field_matched_support,P,314,42,2,25,1,3,4,0.136
field_matched_support,P,314,42,2,25,2,3,4,0.104
field_matched_support,P,314,42,2,25,3,3,4,0.136
field_matched_support,P,314,42,2,25,4,3,4,0.136
field_matched_support,P,314,42,2,50,1,3,4,0.152
field_matched_support,P,314,42,2,50,2,3,4,0.184
field_matched_support,P,314,42,2,50,3,3,4,0.2
field_matched_support,P,314,42,2,50,4,3,4,0.192
field_matched_support,P,314,42,3,25,1,3,1,0.144
field_matched_support,P,314,42,3,25,2,3,1,0.144
field_matched_support,P,314,42,3,25,3,3,1,0.16
field_matched_support,P,314,42,3,25,4,3,1,0.168
field_matched_support,P,314,42,3,50,1,3,1,0.184
field_matched_support,P,314,42,3,50,2,3,1,0.168
field_matched_support,P,314,42,3,50,3,3,1,0.184
field_matched_support,P,314,42,3,50,4,3,1,0.176
field_matched_support,P,314,42,4,25,1,3,4,0.16
field_matched_support,P,314,42,4,25,2,3,4,0.168
field_matched_support,P,314,42,4,25,3,3,4,0.16
field_matched_support,P,314,42,4,25,4,3,4,0.16
field_matched_support,P,314,42,4,50,1,3,4,0.192
field_matched_support,P,314,42,4,50,2,3,4,0.192
field_matched_support,P,314,42,4,50,3,3,4,0.184
field_matched_support,P,314,42,4,50,4,3,4,0.176
field_matched_support,P,314,42,5,25,1,3,3,0.184
field_matched_support,P,314,42,5,25,2,3,3,0.192
field_matched_support,P,314,42,5,25,3,3,3,0.192
field_matched_support,P,314,42,5,25,4,3,3,0.184
field_matched_support,P,314,42,5,50,1,3,3,0.176
field_matched_support,P,314,42,5,50,2,3,3,0.144
field_matched_support,P,314,42,5,50,3,3,3,0.192
field_matched_support,P,314,42,5,50,4,3,3,0.176
field_matched_support,P,314,42,6,25,1,4,2,0.144
field_matched_support,P,314,42,6,25,2,4,2,0.104
field_matched_support,P,314,42,6,25,3,4,2,0.08
field_matched_support,P,314,42,6,25,4,4,2,0.088
field_matched_support,P,314,42,6,50,1,4,2,0.112
field_matched_support,P,314,42,6,50,2,4,2,0.088
field_matched_support,P,314,42,6,50,3,4,2,0.072
field_matched_support,P,314,42,6,50,4,4,2,0.08
field_matched_support,P,314,42,7,25,1,4,3,0.192
field_matched_support,P,314,42,7,25,2,4,3,0.12
field_matched_support,P,314,42,7,25,3,4,3,0.12
field_matched_support,P,314,42,7,25,4,4,3,0.12
field_matched_support,P,314,42,7,50,1,4,3,0.192
field_matched_support,P,314,42,7,50,2,4,3,0.144
field_matched_support,P,314,42,7,50,3,4,3,0.136
field_matched_support,P,314,42,7,50,4,4,3,0.136
field_matched_support,M1,314,42,0,25,1,2,3,0.192
field_matched_support,M1,314,42,0,25,2,2,3,0.272
field_matched_support,M1,314,42,0,25,3,2,3,0.296
field_matched_support,M1,314,42,0,25,4,2,3,0.288
field_matched_support,M1,314,42,0,50,1,2,3,0.232
field_matched_support,M1,314,42,0,50,2,2,3,0.368
field_matched_support,M1,314,42,0,50,3,2,3,0.384
field_matched_support,M1,314,42,0,50,4,2,3,0.368
field_matched_support,M1,314,42,1,25,1,3,3,0.176
field_matched_support,M1,314,42,1,25,2,3,3,0.168
field_matched_support,M1,314,42,1,25,3,3,3,0.184
field_matched_support,M1,314,42,1,25,4,3,3,0.176
field_matched_support,M1,314,42,1,50,1,3,3,0.192
field_matched_support,M1,314,42,1,50,2,3,3,0.152
field_matched_support,M1,314,42,1,50,3,3,3,0.16
field_matched_support,M1,314,42,1,50,4,3,3,0.168
field_matched_support,M1,314,42,2,25,1,2,4,0.208
field_matched_support,M1,314,42,2,25,2,2,4,0.264
field_matched_support,M1,314,42,2,25,3,2,4,0.288
field_matched_support,M1,314,42,2,25,4,2,4,0.264
field_matched_support,M1,314,42,2,50,1,2,4,0.24
field_matched_support,M1,314,42,2,50,2,2,4,0.4
field_matched_support,M1,314,42,2,50,3,2,4,0.416
field_matched_support,M1,314,42,2,50,4,2,4,0.392
field_matched_support,M1,314,42,3,25,1,3,1,0.144
field_matched_support,M1,314,42,3,25,2,3,1,0.136
field_matched_support,M1,314,42,3,25,3,3,1,0.144
field_matched_support,M1,314,42,3,25,4,3,1,0.144
field_matched_support,M1,314,42,3,50,1,3,1,0.168
field_matched_support,M1,314,42,3,50,2,3,1,0.152
field_matched_support,M1,314,42,3,50,3,3,1,0.152
field_matched_support,M1,314,42,3,50,4,3,1,0.152
field_matched_support,M1,314,42,4,25,1,3,4,0.176
field_matched_support,M1,314,42,4,25,2,3,4,0.168
field_matched_support,M1,314,42,4,25,3,3,4,0.16
field_matched_support,M1,314,42,4,25,4,3,4,0.16
field_matched_support,M1,314,42,4,50,1,3,4,0.232
field_matched_support,M1,314,42,4,50,2,3,4,0.144
field_matched_support,M1,314,42,4,50,3,3,4,0.152
field_matched_support,M1,314,42,4,50,4,3,4,0.176
field_matched_support,M1,314,42,5,25,1,3,3,0.224
field_matched_support,M1,314,42,5,25,2,3,3,0.2
field_matched_support,M1,314,42,5,25,3,3,3,0.216
field_matched_support,M1,314,42,5,25,4,3,3,0.216
field_matched_support,M1,314,42,5,50,1,3,3,0.144
field_matched_support,M1,314,42,5,50,2,3,3,0.144
field_matched_support,M1,314,42,5,50,3,3,3,0.184
field_matched_support,M1,314,42,5,50,4,3,3,0.184
field_matched_support,M1,314,42,6,25,1,3,2,0.136
field_matched_support,M1,314,42,6,25,2,3,2,0.16
field_matched_support,M1,314,42,6,25,3,3,2,0.16
field_matched_support,M1,314,42,6,25,4,3,2,0.16
field_matched_support,M1,314,42,6,50,1,3,2,0.128
field_matched_support,M1,314,42,6,50,2,3,2,0.152
field_matched_support,M1,314,42,6,50,3,3,2,0.16
field_matched_support,M1,314,42,6,50,4,3,2,0.152
field_matched_support,M1,314,42,7,25,1,4,3,0.168
field_matched_support,M1,314,42,7,25,2,4,3,0.136
field_matched_support,M1,314,42,7,25,3,4,3,0.12
field_matched_support,M1,314,42,7,25,4,4,3,0.104
field_matched_support,M1,314,42,7,50,1,4,3,0.208
field_matched_support,M1,314,42,7,50,2,4,3,0.136
field_matched_support,M1,314,42,7,50,3,4,3,0.104
field_matched_support,M1,314,42,7,50,4,4,3,0.112
field_matched_support,M2,314,42,0,25,1,2,3,0.2
field_matched_support,M2,314,42,0,25,2,2,3,0.304
field_matched_support,M2,314,42,0,25,3,2,3,0.32
field_matched_support,M2,314,42,0,25,4,2,3,0.32
field_matched_support,M2,314,42,0,50,1,2,3,0.224
field_matched_support,M2,314,42,0,50,2,2,3,0.376
field_matched_support,M2,314,42,0,50,3,2,3,0.4
field_matched_support,M2,314,42,0,50,4,2,3,0.392
field_matched_support,M2,314,42,1,25,1,3,3,0.184
field_matched_support,M2,314,42,1,25,2,3,3,0.16
field_matched_support,M2,314,42,1,25,3,3,3,0.168
field_matched_support,M2,314,42,1,25,4,3,3,0.152
field_matched_support,M2,314,42,1,50,1,3,3,0.168
field_matched_support,M2,314,42,1,50,2,3,3,0.144
field_matched_support,M2,314,42,1,50,3,3,3,0.168
field_matched_support,M2,314,42,1,50,4,3,3,0.16
field_matched_support,M2,314,42,2,25,1,3,4,0.16
field_matched_support,M2,314,42,2,25,2,3,4,0.168
field_matched_support,M2,314,42,2,25,3,3,4,0.168
field_matched_support,M2,314,42,2,25,4,3,4,0.184
field_matched_support,M2,314,42,2,50,1,3,4,0.208
field_matched_support,M2,314,42,2,50,2,3,4,0.216
field_matched_support,M2,314,42,2,50,3,3,4,0.24
field_matched_support,M2,314,42,2,50,4,3,4,0.232
field_matched_support,M2,314,42,3,25,1,2,1,0.232
field_matched_support,M2,314,42,3,25,2,2,1,0.264
field_matched_support,M2,314,42,3,25,3,2,1,0.296
field_matched_support,M2,314,42,3,25,4,2,1,0.296
field_matched_support,M2,314,42,3,50,1,2,1,0.176
field_matched_support,M2,314,42,3,50,2,2,1,0.336
field_matched_support,M2,314,42,3,50,3,2,1,0.32
field_matched_support,M2,314,42,3,50,4,2,1,0.312
field_matched_support,M2,314,42,4,25,1,3,4,0.184
field_matched_support,M2,314,42,4,25,2,3,4,0.192
field_matched_support,M2,314,42,4,25,3,3,4,0.216
field_matched_support,M2,314,42,4,25,4,3,4,0.2
field_matched_support,M2,314,42,4,50,1,3,4,0.176
field_matched_support,M2,314,42,4,50,2,3,4,0.12
field_matched_support,M2,314,42,4,50,3,3,4,0.128
field_matched_support,M2,314,42,4,50,4,3,4,0.128
field_matched_support,M2,314,42,5,25,1,3,3,0.192
field_matched_support,M2,314,42,5,25,2,3,3,0.232
field_matched_support,M2,314,42,5,25,3,3,3,0.256
field_matched_support,M2,314,42,5,25,4,3,3,0.264
field_matched_support,M2,314,42,5,50,1,3,3,0.152
field_matched_support,M2,314,42,5,50,2,3,3,0.128
field_matched_support,M2,314,42,5,50,3,3,3,0.136
field_matched_support,M2,314,42,5,50,4,3,3,0.152
field_matched_support,M2,314,42,6,25,1,4,2,0.112
field_matched_support,M2,314,42,6,25,2,4,2,0.112
field_matched_support,M2,314,42,6,25,3,4,2,0.112
field_matched_support,M2,314,42,6,25,4,4,2,0.112
field_matched_support,M2,314,42,6,50,1,4,2,0.12
field_matched_support,M2,314,42,6,50,2,4,2,0.104
field_matched_support,M2,314,42,6,50,3,4,2,0.08
field_matched_support,M2,314,42,6,50,4,4,2,0.088
field_matched_support,M2,314,42,7,25,1,3,3,0.224
field_matched_support,M2,314,42,7,25,2,3,3,0.208
field_matched_support,M2,314,42,7,25,3,3,3,0.216
field_matched_support,M2,314,42,7,25,4,3,3,0.224
field_matched_support,M2,314,42,7,50,1,3,3,0.168
field_matched_support,M2,314,42,7,50,2,3,3,0.184
field_matched_support,M2,314,42,7,50,3,3,3,0.168
field_matched_support,M2,314,42,7,50,4,3,3,0.16
field_matched_support,random_heads,314,101,0,25,1,,3,0.176
field_matched_support,random_heads,314,101,0,25,2,,3,0.168
field_matched_support,random_heads,314,101,0,25,3,,3,0.168
field_matched_support,random_heads,314,101,0,25,4,,3,0.168
field_matched_support,random_heads,314,101,0,50,1,,3,0.184
field_matched_support,random_heads,314,101,0,50,2,,3,0.176
field_matched_support,random_heads,314,101,0,50,3,,3,0.176
field_matched_support,random_heads,314,101,0,50,4,,3,0.192
field_matched_support,random_heads,314,101,1,25,1,,3,0.248
field_matched_support,random_heads,314,101,1,25,2,,3,0.24
field_matched_support,random_heads,314,101,1,25,3,,3,0.232
field_matched_support,random_heads,314,101,1,25,4,,3,0.232
field_matched_support,random_heads,314,101,1,50,1,,3,0.2
field_matched_support,random_heads,314,101,1,50,2,,3,0.2
field_matched_support,random_heads,314,101,1,50,3,,3,0.2
field_matched_support,random_heads,314,101,1,50,4,,3,0.2
field_matched_support,random_heads,314,101,2,25,1,,4,0.184
field_matched_support,random_heads,314,101,2,25,2,,4,0.184
field_matched_support,random_heads,314,101,2,25,3,,4,0.184
field_matched_support,random_heads,314,101,2,25,4,,4,0.184
field_matched_support,random_heads,314,101,2,50,1,,4,0.184
field_matched_support,random_heads,314,101,2,50,2,,4,0.184
field_matched_support,random_heads,314,101,2,50,3,,4,0.184
field_matched_support,random_heads,314,101,2,50,4,,4,0.184
field_matched_support,random_heads,314,101,3,25,1,,1,0.584
field_matched_support,random_heads,314,101,3,25,2,,1,0.584
field_matched_support,random_heads,314,101,3,25,3,,1,0.584
field_matched_support,random_heads,314,101,3,25,4,,1,0.592
field_matched_support,random_heads,314,101,3,50,1,,1,0.664
field_matched_support,random_heads,314,101,3,50,2,,1,0.664
field_matched_support,random_heads,314,101,3,50,3,,1,0.664
field_matched_support,random_heads,314,101,3,50,4,,1,0.664
field_matched_support,random_heads,314,101,4,25,1,,4,0.184
field_matched_support,random_heads,314,101,4,25,2,,4,0.184
field_matched_support,random_heads,314,101,4,25,3,,4,0.184
field_matched_support,random_heads,314,101,4,25,4,,4,0.184
field_matched_support,random_heads,314,101,4,50,1,,4,0.176
field_matched_support,random_heads,314,101,4,50,2,,4,0.176
field_matched_support,random_heads,314,101,4,50,3,,4,0.176
field_matched_support,random_heads,314,101,4,50,4,,4,0.176
field_matched_support,random_heads,314,101,5,25,1,,3,0.2
field_matched_support,random_heads,314,101,5,25,2,,3,0.2
field_matched_support,random_heads,314,101,5,25,3,,3,0.208
field_matched_support,random_heads,314,101,5,25,4,,3,0.208
field_matched_support,random_heads,314,101,5,50,1,,3,0.2
field_matched_support,random_heads,314,101,5,50,2,,3,0.208
field_matched_support,random_heads,314,101,5,50,3,,3,0.208
field_matched_support,random_heads,314,101,5,50,4,,3,0.208
field_matched_support,random_heads,314,101,6,25,1,,2,0.16
field_matched_support,random_heads,314,101,6,25,2,,2,0.16
field_matched_support,random_heads,314,101,6,25,3,,2,0.16
field_matched_support,random_heads,314,101,6,25,4,,2,0.152
field_matched_support,random_heads,314,101,6,50,1,,2,0.184
field_matched_support,random_heads,314,101,6,50,2,,2,0.184
field_matched_support,random_heads,314,101,6,50,3,,2,0.184
field_matched_support,random_heads,314,101,6,50,4,,2,0.184
field_matched_support,random_heads,314,101,7,25,1,,3,0.192
field_matched_support,random_heads,314,101,7,25,2,,3,0.192
field_matched_support,random_heads,314,101,7,25,3,,3,0.2
field_matched_support,random_heads,314,101,7,25,4,,3,0.2
field_matched_support,random_heads,314,101,7,50,1,,3,0.176
field_matched_support,random_heads,314,101,7,50,2,,3,0.176
field_matched_support,random_heads,314,101,7,50,3,,3,0.168
field_matched_support,random_heads,314,101,7,50,4,,3,0.168
field_matched_support,physical_factors,314,101,0,25,1,,3,0.176
field_matched_support,physical_factors,314,101,0,25,2,,3,0.176
field_matched_support,physical_factors,314,101,0,25,3,,3,0.184
field_matched_support,physical_factors,314,101,0,25,4,,3,0.184
field_matched_support,physical_factors,314,101,0,50,1,,3,0.16
field_matched_support,physical_factors,314,101,0,50,2,,3,0.168
field_matched_support,physical_factors,314,101,0,50,3,,3,0.192
field_matched_support,physical_factors,314,101,0,50,4,,3,0.192
field_matched_support,physical_factors,314,101,1,25,1,,3,0.216
field_matched_support,physical_factors,314,101,1,25,2,,3,0.2
field_matched_support,physical_factors,314,101,1,25,3,,3,0.216
field_matched_support,physical_factors,314,101,1,25,4,,3,0.224
field_matched_support,physical_factors,314,101,1,50,1,,3,0.184
field_matched_support,physical_factors,314,101,1,50,2,,3,0.152
field_matched_support,physical_factors,314,101,1,50,3,,3,0.16
field_matched_support,physical_factors,314,101,1,50,4,,3,0.168
field_matched_support,physical_factors,314,101,2,25,1,,4,0.184
field_matched_support,physical_factors,314,101,2,25,2,,4,0.144
field_matched_support,physical_factors,314,101,2,25,3,,4,0.128
field_matched_support,physical_factors,314,101,2,25,4,,4,0.128
field_matched_support,physical_factors,314,101,2,50,1,,4,0.128
field_matched_support,physical_factors,314,101,2,50,2,,4,0.104
field_matched_support,physical_factors,314,101,2,50,3,,4,0.088
field_matched_support,physical_factors,314,101,2,50,4,,4,0.096
field_matched_support,physical_factors,314,101,3,25,1,,1,1.0
field_matched_support,physical_factors,314,101,3,25,2,,1,0.992
field_matched_support,physical_factors,314,101,3,25,3,,1,0.968
field_matched_support,physical_factors,314,101,3,25,4,,1,0.96
field_matched_support,physical_factors,314,101,3,50,1,,1,1.0
field_matched_support,physical_factors,314,101,3,50,2,,1,1.0
field_matched_support,physical_factors,314,101,3,50,3,,1,1.0
field_matched_support,physical_factors,314,101,3,50,4,,1,1.0
field_matched_support,physical_factors,314,101,4,25,1,,4,0.152
field_matched_support,physical_factors,314,101,4,25,2,,4,0.136
field_matched_support,physical_factors,314,101,4,25,3,,4,0.12
field_matched_support,physical_factors,314,101,4,25,4,,4,0.12
field_matched_support,physical_factors,314,101,4,50,1,,4,0.16
field_matched_support,physical_factors,314,101,4,50,2,,4,0.152
field_matched_support,physical_factors,314,101,4,50,3,,4,0.12
field_matched_support,physical_factors,314,101,4,50,4,,4,0.128
field_matched_support,physical_factors,314,101,5,25,1,,3,0.152
field_matched_support,physical_factors,314,101,5,25,2,,3,0.16
field_matched_support,physical_factors,314,101,5,25,3,,3,0.168
field_matched_support,physical_factors,314,101,5,25,4,,3,0.168
field_matched_support,physical_factors,314,101,5,50,1,,3,0.168
field_matched_support,physical_factors,314,101,5,50,2,,3,0.2
field_matched_support,physical_factors,314,101,5,50,3,,3,0.208
field_matched_support,physical_factors,314,101,5,50,4,,3,0.208
field_matched_support,physical_factors,314,101,6,25,1,,2,0.264
field_matched_support,physical_factors,314,101,6,25,2,,2,0.328
field_matched_support,physical_factors,314,101,6,25,3,,2,0.32
field_matched_support,physical_factors,314,101,6,25,4,,2,0.304
field_matched_support,physical_factors,314,101,6,50,1,,2,0.264
field_matched_support,physical_factors,314,101,6,50,2,,2,0.384
field_matched_support,physical_factors,314,101,6,50,3,,2,0.408
field_matched_support,physical_factors,314,101,6,50,4,,2,0.408
field_matched_support,physical_factors,314,101,7,25,1,,3,0.16
field_matched_support,physical_factors,314,101,7,25,2,,3,0.136
field_matched_support,physical_factors,314,101,7,25,3,,3,0.136
field_matched_support,physical_factors,314,101,7,25,4,,3,0.136
field_matched_support,physical_factors,314,101,7,50,1,,3,0.128
field_matched_support,physical_factors,314,101,7,50,2,,3,0.112
field_matched_support,physical_factors,314,101,7,50,3,,3,0.128
field_matched_support,physical_factors,314,101,7,50,4,,3,0.128
field_matched_support,P,314,101,0,25,1,2,3,0.272
field_matched_support,P,314,101,0,25,2,2,3,0.32
field_matched_support,P,314,101,0,25,3,2,3,0.344
field_matched_support,P,314,101,0,25,4,2,3,0.352
field_matched_support,P,314,101,0,50,1,2,3,0.288
field_matched_support,P,314,101,0,50,2,2,3,0.424
field_matched_support,P,314,101,0,50,3,2,3,0.448
field_matched_support,P,314,101,0,50,4,2,3,0.448
field_matched_support,P,314,101,1,25,1,2,3,0.184
field_matched_support,P,314,101,1,25,2,2,3,0.24
field_matched_support,P,314,101,1,25,3,2,3,0.24
field_matched_support,P,314,101,1,25,4,2,3,0.24
field_matched_support,P,314,101,1,50,1,2,3,0.192
field_matched_support,P,314,101,1,50,2,2,3,0.352
field_matched_support,P,314,101,1,50,3,2,3,0.36
field_matched_support,P,314,101,1,50,4,2,3,0.336
field_matched_support,P,314,101,2,25,1,3,4,0.136
field_matched_support,P,314,101,2,25,2,3,4,0.104
field_matched_support,P,314,101,2,25,3,3,4,0.136
field_matched_support,P,314,101,2,25,4,3,4,0.136
field_matched_support,P,314,101,2,50,1,3,4,0.152
field_matched_support,P,314,101,2,50,2,3,4,0.184
field_matched_support,P,314,101,2,50,3,3,4,0.2
field_matched_support,P,314,101,2,50,4,3,4,0.192
field_matched_support,P,314,101,3,25,1,3,1,0.144
field_matched_support,P,314,101,3,25,2,3,1,0.144
field_matched_support,P,314,101,3,25,3,3,1,0.16
field_matched_support,P,314,101,3,25,4,3,1,0.168
field_matched_support,P,314,101,3,50,1,3,1,0.184
field_matched_support,P,314,101,3,50,2,3,1,0.168
field_matched_support,P,314,101,3,50,3,3,1,0.184
field_matched_support,P,314,101,3,50,4,3,1,0.176
field_matched_support,P,314,101,4,25,1,3,4,0.16
field_matched_support,P,314,101,4,25,2,3,4,0.168
field_matched_support,P,314,101,4,25,3,3,4,0.16
field_matched_support,P,314,101,4,25,4,3,4,0.16
field_matched_support,P,314,101,4,50,1,3,4,0.192
field_matched_support,P,314,101,4,50,2,3,4,0.192
field_matched_support,P,314,101,4,50,3,3,4,0.184
field_matched_support,P,314,101,4,50,4,3,4,0.176
field_matched_support,P,314,101,5,25,1,3,3,0.184
field_matched_support,P,314,101,5,25,2,3,3,0.192
field_matched_support,P,314,101,5,25,3,3,3,0.192
field_matched_support,P,314,101,5,25,4,3,3,0.184
field_matched_support,P,314,101,5,50,1,3,3,0.176
field_matched_support,P,314,101,5,50,2,3,3,0.144
field_matched_support,P,314,101,5,50,3,3,3,0.192
field_matched_support,P,314,101,5,50,4,3,3,0.176
field_matched_support,P,314,101,6,25,1,4,2,0.144
field_matched_support,P,314,101,6,25,2,4,2,0.104
field_matched_support,P,314,101,6,25,3,4,2,0.08
field_matched_support,P,314,101,6,25,4,4,2,0.088
field_matched_support,P,314,101,6,50,1,4,2,0.112
field_matched_support,P,314,101,6,50,2,4,2,0.088
field_matched_support,P,314,101,6,50,3,4,2,0.072
field_matched_support,P,314,101,6,50,4,4,2,0.08
field_matched_support,P,314,101,7,25,1,4,3,0.192
field_matched_support,P,314,101,7,25,2,4,3,0.12
field_matched_support,P,314,101,7,25,3,4,3,0.12
field_matched_support,P,314,101,7,25,4,4,3,0.12
field_matched_support,P,314,101,7,50,1,4,3,0.192
field_matched_support,P,314,101,7,50,2,4,3,0.144
field_matched_support,P,314,101,7,50,3,4,3,0.136
field_matched_support,P,314,101,7,50,4,4,3,0.136
field_matched_support,M1,314,101,0,25,1,2,3,0.192
field_matched_support,M1,314,101,0,25,2,2,3,0.272
field_matched_support,M1,314,101,0,25,3,2,3,0.296
field_matched_support,M1,314,101,0,25,4,2,3,0.288
field_matched_support,M1,314,101,0,50,1,2,3,0.232
field_matched_support,M1,314,101,0,50,2,2,3,0.368
field_matched_support,M1,314,101,0,50,3,2,3,0.384
field_matched_support,M1,314,101,0,50,4,2,3,0.368
field_matched_support,M1,314,101,1,25,1,3,3,0.176
field_matched_support,M1,314,101,1,25,2,3,3,0.168
field_matched_support,M1,314,101,1,25,3,3,3,0.184
field_matched_support,M1,314,101,1,25,4,3,3,0.176
field_matched_support,M1,314,101,1,50,1,3,3,0.192
field_matched_support,M1,314,101,1,50,2,3,3,0.152
field_matched_support,M1,314,101,1,50,3,3,3,0.16
field_matched_support,M1,314,101,1,50,4,3,3,0.168
field_matched_support,M1,314,101,2,25,1,2,4,0.208
field_matched_support,M1,314,101,2,25,2,2,4,0.264
field_matched_support,M1,314,101,2,25,3,2,4,0.288
field_matched_support,M1,314,101,2,25,4,2,4,0.264
field_matched_support,M1,314,101,2,50,1,2,4,0.24
field_matched_support,M1,314,101,2,50,2,2,4,0.4
field_matched_support,M1,314,101,2,50,3,2,4,0.416
field_matched_support,M1,314,101,2,50,4,2,4,0.392
field_matched_support,M1,314,101,3,25,1,3,1,0.144
field_matched_support,M1,314,101,3,25,2,3,1,0.136
field_matched_support,M1,314,101,3,25,3,3,1,0.144
field_matched_support,M1,314,101,3,25,4,3,1,0.144
field_matched_support,M1,314,101,3,50,1,3,1,0.168
field_matched_support,M1,314,101,3,50,2,3,1,0.152
field_matched_support,M1,314,101,3,50,3,3,1,0.152
field_matched_support,M1,314,101,3,50,4,3,1,0.152
field_matched_support,M1,314,101,4,25,1,3,4,0.176
field_matched_support,M1,314,101,4,25,2,3,4,0.168
field_matched_support,M1,314,101,4,25,3,3,4,0.16
field_matched_support,M1,314,101,4,25,4,3,4,0.16
field_matched_support,M1,314,101,4,50,1,3,4,0.232
field_matched_support,M1,314,101,4,50,2,3,4,0.144
field_matched_support,M1,314,101,4,50,3,3,4,0.152
field_matched_support,M1,314,101,4,50,4,3,4,0.176
field_matched_support,M1,314,101,5,25,1,3,3,0.224
field_matched_support,M1,314,101,5,25,2,3,3,0.2
field_matched_support,M1,314,101,5,25,3,3,3,0.216
field_matched_support,M1,314,101,5,25,4,3,3,0.216
field_matched_support,M1,314,101,5,50,1,3,3,0.144
field_matched_support,M1,314,101,5,50,2,3,3,0.144
field_matched_support,M1,314,101,5,50,3,3,3,0.184
field_matched_support,M1,314,101,5,50,4,3,3,0.184
field_matched_support,M1,314,101,6,25,1,3,2,0.136
field_matched_support,M1,314,101,6,25,2,3,2,0.16
field_matched_support,M1,314,101,6,25,3,3,2,0.16
field_matched_support,M1,314,101,6,25,4,3,2,0.16
field_matched_support,M1,314,101,6,50,1,3,2,0.128
field_matched_support,M1,314,101,6,50,2,3,2,0.152
field_matched_support,M1,314,101,6,50,3,3,2,0.16
field_matched_support,M1,314,101,6,50,4,3,2,0.152
field_matched_support,M1,314,101,7,25,1,4,3,0.168
field_matched_support,M1,314,101,7,25,2,4,3,0.136
field_matched_support,M1,314,101,7,25,3,4,3,0.12
field_matched_support,M1,314,101,7,25,4,4,3,0.104
field_matched_support,M1,314,101,7,50,1,4,3,0.208
field_matched_support,M1,314,101,7,50,2,4,3,0.136
field_matched_support,M1,314,101,7,50,3,4,3,0.104
field_matched_support,M1,314,101,7,50,4,4,3,0.112
field_matched_support,M2,314,101,0,25,1,2,3,0.2
field_matched_support,M2,314,101,0,25,2,2,3,0.304
field_matched_support,M2,314,101,0,25,3,2,3,0.32
field_matched_support,M2,314,101,0,25,4,2,3,0.32
field_matched_support,M2,314,101,0,50,1,2,3,0.224
field_matched_support,M2,314,101,0,50,2,2,3,0.376
field_matched_support,M2,314,101,0,50,3,2,3,0.4
field_matched_support,M2,314,101,0,50,4,2,3,0.392
field_matched_support,M2,314,101,1,25,1,3,3,0.184
field_matched_support,M2,314,101,1,25,2,3,3,0.16
field_matched_support,M2,314,101,1,25,3,3,3,0.168
field_matched_support,M2,314,101,1,25,4,3,3,0.152
field_matched_support,M2,314,101,1,50,1,3,3,0.168
field_matched_support,M2,314,101,1,50,2,3,3,0.144
field_matched_support,M2,314,101,1,50,3,3,3,0.168
field_matched_support,M2,314,101,1,50,4,3,3,0.16
field_matched_support,M2,314,101,2,25,1,3,4,0.16
field_matched_support,M2,314,101,2,25,2,3,4,0.168
field_matched_support,M2,314,101,2,25,3,3,4,0.168
field_matched_support,M2,314,101,2,25,4,3,4,0.184
field_matched_support,M2,314,101,2,50,1,3,4,0.208
field_matched_support,M2,314,101,2,50,2,3,4,0.216
field_matched_support,M2,314,101,2,50,3,3,4,0.24
field_matched_support,M2,314,101,2,50,4,3,4,0.232
field_matched_support,M2,314,101,3,25,1,2,1,0.232
field_matched_support,M2,314,101,3,25,2,2,1,0.264
field_matched_support,M2,314,101,3,25,3,2,1,0.296
field_matched_support,M2,314,101,3,25,4,2,1,0.296
field_matched_support,M2,314,101,3,50,1,2,1,0.176
field_matched_support,M2,314,101,3,50,2,2,1,0.336
field_matched_support,M2,314,101,3,50,3,2,1,0.32
field_matched_support,M2,314,101,3,50,4,2,1,0.312
field_matched_support,M2,314,101,4,25,1,3,4,0.184
field_matched_support,M2,314,101,4,25,2,3,4,0.192
field_matched_support,M2,314,101,4,25,3,3,4,0.216
field_matched_support,M2,314,101,4,25,4,3,4,0.2
field_matched_support,M2,314,101,4,50,1,3,4,0.176
field_matched_support,M2,314,101,4,50,2,3,4,0.12
field_matched_support,M2,314,101,4,50,3,3,4,0.128
field_matched_support,M2,314,101,4,50,4,3,4,0.128
field_matched_support,M2,314,101,5,25,1,3,3,0.192
field_matched_support,M2,314,101,5,25,2,3,3,0.232
field_matched_support,M2,314,101,5,25,3,3,3,0.256
field_matched_support,M2,314,101,5,25,4,3,3,0.264
field_matched_support,M2,314,101,5,50,1,3,3,0.152
field_matched_support,M2,314,101,5,50,2,3,3,0.128
field_matched_support,M2,314,101,5,50,3,3,3,0.136
field_matched_support,M2,314,101,5,50,4,3,3,0.152
field_matched_support,M2,314,101,6,25,1,4,2,0.112
field_matched_support,M2,314,101,6,25,2,4,2,0.112
field_matched_support,M2,314,101,6,25,3,4,2,0.112
field_matched_support,M2,314,101,6,25,4,4,2,0.112
field_matched_support,M2,314,101,6,50,1,4,2,0.12
field_matched_support,M2,314,101,6,50,2,4,2,0.104
field_matched_support,M2,314,101,6,50,3,4,2,0.08
field_matched_support,M2,314,101,6,50,4,4,2,0.088
field_matched_support,M2,314,101,7,25,1,3,3,0.224
field_matched_support,M2,314,101,7,25,2,3,3,0.208
field_matched_support,M2,314,101,7,25,3,3,3,0.216
field_matched_support,M2,314,101,7,25,4,3,3,0.224
field_matched_support,M2,314,101,7,50,1,3,3,0.168
field_matched_support,M2,314,101,7,50,2,3,3,0.184
field_matched_support,M2,314,101,7,50,3,3,3,0.168
field_matched_support,M2,314,101,7,50,4,3,3,0.16
field_matched_support,random_heads,593,17,0,25,1,,3,0.176
field_matched_support,random_heads,593,17,0,25,2,,3,0.176
field_matched_support,random_heads,593,17,0,25,3,,3,0.176
field_matched_support,random_heads,593,17,0,25,4,,3,0.176
field_matched_support,random_heads,593,17,0,50,1,,3,0.16
field_matched_support,random_heads,593,17,0,50,2,,3,0.16
field_matched_support,random_heads,593,17,0,50,3,,3,0.16
field_matched_support,random_heads,593,17,0,50,4,,3,0.152
field_matched_support,random_heads,593,17,1,25,1,,2,0.2
field_matched_support,random_heads,593,17,1,25,2,,2,0.192
field_matched_support,random_heads,593,17,1,25,3,,2,0.184
field_matched_support,random_heads,593,17,1,25,4,,2,0.192
field_matched_support,random_heads,593,17,1,50,1,,2,0.256
field_matched_support,random_heads,593,17,1,50,2,,2,0.264
field_matched_support,random_heads,593,17,1,50,3,,2,0.264
field_matched_support,random_heads,593,17,1,50,4,,2,0.264
field_matched_support,random_heads,593,17,2,25,1,,2,0.152
field_matched_support,random_heads,593,17,2,25,2,,2,0.152
field_matched_support,random_heads,593,17,2,25,3,,2,0.144
field_matched_support,random_heads,593,17,2,25,4,,2,0.144
field_matched_support,random_heads,593,17,2,50,1,,2,0.136
field_matched_support,random_heads,593,17,2,50,2,,2,0.144
field_matched_support,random_heads,593,17,2,50,3,,2,0.144
field_matched_support,random_heads,593,17,2,50,4,,2,0.144
field_matched_support,random_heads,593,17,3,25,1,,4,0.168
field_matched_support,random_heads,593,17,3,25,2,,4,0.168
field_matched_support,random_heads,593,17,3,25,3,,4,0.168
field_matched_support,random_heads,593,17,3,25,4,,4,0.168
field_matched_support,random_heads,593,17,3,50,1,,4,0.152
field_matched_support,random_heads,593,17,3,50,2,,4,0.152
field_matched_support,random_heads,593,17,3,50,3,,4,0.152
field_matched_support,random_heads,593,17,3,50,4,,4,0.152
field_matched_support,random_heads,593,17,4,25,1,,4,0.288
field_matched_support,random_heads,593,17,4,25,2,,4,0.272
field_matched_support,random_heads,593,17,4,25,3,,4,0.272
field_matched_support,random_heads,593,17,4,25,4,,4,0.28
field_matched_support,random_heads,593,17,4,50,1,,4,0.16
field_matched_support,random_heads,593,17,4,50,2,,4,0.16
field_matched_support,random_heads,593,17,4,50,3,,4,0.16
field_matched_support,random_heads,593,17,4,50,4,,4,0.16
field_matched_support,random_heads,593,17,5,25,1,,3,0.2
field_matched_support,random_heads,593,17,5,25,2,,3,0.208
field_matched_support,random_heads,593,17,5,25,3,,3,0.208
field_matched_support,random_heads,593,17,5,25,4,,3,0.184
field_matched_support,random_heads,593,17,5,50,1,,3,0.176
field_matched_support,random_heads,593,17,5,50,2,,3,0.168
field_matched_support,random_heads,593,17,5,50,3,,3,0.168
field_matched_support,random_heads,593,17,5,50,4,,3,0.176
field_matched_support,random_heads,593,17,6,25,1,,4,0.16
field_matched_support,random_heads,593,17,6,25,2,,4,0.16
field_matched_support,random_heads,593,17,6,25,3,,4,0.168
field_matched_support,random_heads,593,17,6,25,4,,4,0.168
field_matched_support,random_heads,593,17,6,50,1,,4,0.176
field_matched_support,random_heads,593,17,6,50,2,,4,0.168
field_matched_support,random_heads,593,17,6,50,3,,4,0.176
field_matched_support,random_heads,593,17,6,50,4,,4,0.176
field_matched_support,random_heads,593,17,7,25,1,,3,0.24
field_matched_support,random_heads,593,17,7,25,2,,3,0.24
field_matched_support,random_heads,593,17,7,25,3,,3,0.248
field_matched_support,random_heads,593,17,7,25,4,,3,0.248
field_matched_support,random_heads,593,17,7,50,1,,3,0.248
field_matched_support,random_heads,593,17,7,50,2,,3,0.248
field_matched_support,random_heads,593,17,7,50,3,,3,0.256
field_matched_support,random_heads,593,17,7,50,4,,3,0.256
field_matched_support,physical_factors,593,17,0,25,1,,3,0.12
field_matched_support,physical_factors,593,17,0,25,2,,3,0.12
field_matched_support,physical_factors,593,17,0,25,3,,3,0.136
field_matched_support,physical_factors,593,17,0,25,4,,3,0.128
field_matched_support,physical_factors,593,17,0,50,1,,3,0.12
field_matched_support,physical_factors,593,17,0,50,2,,3,0.16
field_matched_support,physical_factors,593,17,0,50,3,,3,0.2
field_matched_support,physical_factors,593,17,0,50,4,,3,0.176
field_matched_support,physical_factors,593,17,1,25,1,,2,0.184
field_matched_support,physical_factors,593,17,1,25,2,,2,0.256
field_matched_support,physical_factors,593,17,1,25,3,,2,0.272
field_matched_support,physical_factors,593,17,1,25,4,,2,0.28
field_matched_support,physical_factors,593,17,1,50,1,,2,0.208
field_matched_support,physical_factors,593,17,1,50,2,,2,0.344
field_matched_support,physical_factors,593,17,1,50,3,,2,0.344
field_matched_support,physical_factors,593,17,1,50,4,,2,0.336
field_matched_support,physical_factors,593,17,2,25,1,,2,0.248
field_matched_support,physical_factors,593,17,2,25,2,,2,0.272
field_matched_support,physical_factors,593,17,2,25,3,,2,0.328
field_matched_support,physical_factors,593,17,2,25,4,,2,0.328
field_matched_support,physical_factors,593,17,2,50,1,,2,0.208
field_matched_support,physical_factors,593,17,2,50,2,,2,0.368
field_matched_support,physical_factors,593,17,2,50,3,,2,0.384
field_matched_support,physical_factors,593,17,2,50,4,,2,0.368
field_matched_support,physical_factors,593,17,3,25,1,,4,0.16
field_matched_support,physical_factors,593,17,3,25,2,,4,0.136
field_matched_support,physical_factors,593,17,3,25,3,,4,0.12
field_matched_support,physical_factors,593,17,3,25,4,,4,0.12
field_matched_support,physical_factors,593,17,3,50,1,,4,0.168
field_matched_support,physical_factors,593,17,3,50,2,,4,0.136
field_matched_support,physical_factors,593,17,3,50,3,,4,0.12
field_matched_support,physical_factors,593,17,3,50,4,,4,0.12
field_matched_support,physical_factors,593,17,4,25,1,,4,0.184
field_matched_support,physical_factors,593,17,4,25,2,,4,0.176
field_matched_support,physical_factors,593,17,4,25,3,,4,0.152
field_matched_support,physical_factors,593,17,4,25,4,,4,0.144
field_matched_support,physical_factors,593,17,4,50,1,,4,0.16
field_matched_support,physical_factors,593,17,4,50,2,,4,0.12
field_matched_support,physical_factors,593,17,4,50,3,,4,0.096
field_matched_support,physical_factors,593,17,4,50,4,,4,0.096
field_matched_support,physical_factors,593,17,5,25,1,,3,0.152
field_matched_support,physical_factors,593,17,5,25,2,,3,0.144
field_matched_support,physical_factors,593,17,5,25,3,,3,0.152
field_matched_support,physical_factors,593,17,5,25,4,,3,0.144
field_matched_support,physical_factors,593,17,5,50,1,,3,0.216
field_matched_support,physical_factors,593,17,5,50,2,,3,0.168
field_matched_support,physical_factors,593,17,5,50,3,,3,0.184
field_matched_support,physical_factors,593,17,5,50,4,,3,0.176
field_matched_support,physical_factors,593,17,6,25,1,,4,0.168
field_matched_support,physical_factors,593,17,6,25,2,,4,0.128
field_matched_support,physical_factors,593,17,6,25,3,,4,0.128
field_matched_support,physical_factors,593,17,6,25,4,,4,0.128
field_matched_support,physical_factors,593,17,6,50,1,,4,0.16
field_matched_support,physical_factors,593,17,6,50,2,,4,0.12
field_matched_support,physical_factors,593,17,6,50,3,,4,0.096
field_matched_support,physical_factors,593,17,6,50,4,,4,0.096
field_matched_support,physical_factors,593,17,7,25,1,,3,0.24
field_matched_support,physical_factors,593,17,7,25,2,,3,0.232
field_matched_support,physical_factors,593,17,7,25,3,,3,0.232
field_matched_support,physical_factors,593,17,7,25,4,,3,0.24
field_matched_support,physical_factors,593,17,7,50,1,,3,0.232
field_matched_support,physical_factors,593,17,7,50,2,,3,0.184
field_matched_support,physical_factors,593,17,7,50,3,,3,0.192
field_matched_support,physical_factors,593,17,7,50,4,,3,0.176
field_matched_support,P,593,17,0,25,1,2,3,0.192
field_matched_support,P,593,17,0,25,2,2,3,0.296
field_matched_support,P,593,17,0,25,3,2,3,0.296
field_matched_support,P,593,17,0,25,4,2,3,0.312
field_matched_support,P,593,17,0,50,1,2,3,0.232
field_matched_support,P,593,17,0,50,2,2,3,0.344
field_matched_support,P,593,17,0,50,3,2,3,0.36
field_matched_support,P,593,17,0,50,4,2,3,0.32
field_matched_support,P,593,17,1,25,1,2,2,0.216
field_matched_support,P,593,17,1,25,2,2,2,0.296
field_matched_support,P,593,17,1,25,3,2,2,0.296
field_matched_support,P,593,17,1,25,4,2,2,0.28
field_matched_support,P,593,17,1,50,1,2,2,0.16
field_matched_support,P,593,17,1,50,2,2,2,0.36
field_matched_support,P,593,17,1,50,3,2,2,0.392
field_matched_support,P,593,17,1,50,4,2,2,0.384
field_matched_support,P,593,17,2,25,1,3,2,0.224
field_matched_support,P,593,17,2,25,2,3,2,0.176
field_matched_support,P,593,17,2,25,3,3,2,0.184
field_matched_support,P,593,17,2,25,4,3,2,0.176
field_matched_support,P,593,17,2,50,1,3,2,0.2
field_matched_support,P,593,17,2,50,2,3,2,0.208
field_matched_support,P,593,17,2,50,3,3,2,0.224
field_matched_support,P,593,17,2,50,4,3,2,0.224
field_matched_support,P,593,17,3,25,1,3,4,0.208
field_matched_support,P,593,17,3,25,2,3,4,0.2
field_matched_support,P,593,17,3,25,3,3,4,0.2
field_matched_support,P,593,17,3,25,4,3,4,0.192
field_matched_support,P,593,17,3,50,1,3,4,0.136
field_matched_support,P,593,17,3,50,2,3,4,0.144
field_matched_support,P,593,17,3,50,3,3,4,0.16
field_matched_support,P,593,17,3,50,4,3,4,0.152
field_matched_support,P,593,17,4,25,1,3,4,0.152
field_matched_support,P,593,17,4,25,2,3,4,0.128
field_matched_support,P,593,17,4,25,3,3,4,0.136
field_matched_support,P,593,17,4,25,4,3,4,0.136
field_matched_support,P,593,17,4,50,1,3,4,0.144
field_matched_support,P,593,17,4,50,2,3,4,0.136
field_matched_support,P,593,17,4,50,3,3,4,0.168
field_matched_support,P,593,17,4,50,4,3,4,0.16
field_matched_support,P,593,17,5,25,1,3,3,0.208
field_matched_support,P,593,17,5,25,2,3,3,0.216
field_matched_support,P,593,17,5,25,3,3,3,0.224
field_matched_support,P,593,17,5,25,4,3,3,0.224
field_matched_support,P,593,17,5,50,1,3,3,0.2
field_matched_support,P,593,17,5,50,2,3,3,0.184
field_matched_support,P,593,17,5,50,3,3,3,0.216
field_matched_support,P,593,17,5,50,4,3,3,0.224
field_matched_support,P,593,17,6,25,1,4,4,0.16
field_matched_support,P,593,17,6,25,2,4,4,0.152
field_matched_support,P,593,17,6,25,3,4,4,0.136
field_matched_support,P,593,17,6,25,4,4,4,0.144
field_matched_support,P,593,17,6,50,1,4,4,0.112
field_matched_support,P,593,17,6,50,2,4,4,0.088
field_matched_support,P,593,17,6,50,3,4,4,0.072
field_matched_support,P,593,17,6,50,4,4,4,0.064
field_matched_support,P,593,17,7,25,1,4,3,0.088
field_matched_support,P,593,17,7,25,2,4,3,0.088
field_matched_support,P,593,17,7,25,3,4,3,0.096
field_matched_support,P,593,17,7,25,4,4,3,0.104
field_matched_support,P,593,17,7,50,1,4,3,0.128
field_matched_support,P,593,17,7,50,2,4,3,0.12
field_matched_support,P,593,17,7,50,3,4,3,0.104
field_matched_support,P,593,17,7,50,4,4,3,0.096
field_matched_support,M1,593,17,0,25,1,2,3,0.24
field_matched_support,M1,593,17,0,25,2,2,3,0.288
field_matched_support,M1,593,17,0,25,3,2,3,0.304
field_matched_support,M1,593,17,0,25,4,2,3,0.304
field_matched_support,M1,593,17,0,50,1,2,3,0.24
field_matched_support,M1,593,17,0,50,2,2,3,0.36
field_matched_support,M1,593,17,0,50,3,2,3,0.368
field_matched_support,M1,593,17,0,50,4,2,3,0.368
field_matched_support,M1,593,17,1,25,1,3,2,0.144
field_matched_support,M1,593,17,1,25,2,3,2,0.12
field_matched_support,M1,593,17,1,25,3,3,2,0.128
field_matched_support,M1,593,17,1,25,4,3,2,0.128
field_matched_support,M1,593,17,1,50,1,3,2,0.12
field_matched_support,M1,593,17,1,50,2,3,2,0.104
field_matched_support,M1,593,17,1,50,3,3,2,0.12
field_matched_support,M1,593,17,1,50,4,3,2,0.112
field_matched_support,M1,593,17,2,25,1,2,2,0.32
field_matched_support,M1,593,17,2,25,2,2,2,0.336
field_matched_support,M1,593,17,2,25,3,2,2,0.344
field_matched_support,M1,593,17,2,25,4,2,2,0.344
field_matched_support,M1,593,17,2,50,1,2,2,0.32
field_matched_support,M1,593,17,2,50,2,2,2,0.4
field_matched_support,M1,593,17,2,50,3,2,2,0.392
field_matched_support,M1,593,17,2,50,4,2,2,0.376
field_matched_support,M1,593,17,3,25,1,3,4,0.2
field_matched_support,M1,593,17,3,25,2,3,4,0.176
field_matched_support,M1,593,17,3,25,3,3,4,0.2
field_matched_support,M1,593,17,3,25,4,3,4,0.2
field_matched_support,M1,593,17,3,50,1,3,4,0.144
field_matched_support,M1,593,17,3,50,2,3,4,0.144
field_matched_support,M1,593,17,3,50,3,3,4,0.136
field_matched_support,M1,593,17,3,50,4,3,4,0.136
field_matched_support,M1,593,17,4,25,1,3,4,0.152
field_matched_support,M1,593,17,4,25,2,3,4,0.152
field_matched_support,M1,593,17,4,25,3,3,4,0.16
field_matched_support,M1,593,17,4,25,4,3,4,0.16
field_matched_support,M1,593,17,4,50,1,3,4,0.128
field_matched_support,M1,593,17,4,50,2,3,4,0.136
field_matched_support,M1,593,17,4,50,3,3,4,0.16
field_matched_support,M1,593,17,4,50,4,3,4,0.144
field_matched_support,M1,593,17,5,25,1,3,3,0.184
field_matched_support,M1,593,17,5,25,2,3,3,0.176
field_matched_support,M1,593,17,5,25,3,3,3,0.184
field_matched_support,M1,593,17,5,25,4,3,3,0.184
field_matched_support,M1,593,17,5,50,1,3,3,0.208
field_matched_support,M1,593,17,5,50,2,3,3,0.2
field_matched_support,M1,593,17,5,50,3,3,3,0.216
field_matched_support,M1,593,17,5,50,4,3,3,0.216
field_matched_support,M1,593,17,6,25,1,3,4,0.216
field_matched_support,M1,593,17,6,25,2,3,4,0.184
field_matched_support,M1,593,17,6,25,3,3,4,0.2
field_matched_support,M1,593,17,6,25,4,3,4,0.192
field_matched_support,M1,593,17,6,50,1,3,4,0.16
field_matched_support,M1,593,17,6,50,2,3,4,0.136
field_matched_support,M1,593,17,6,50,3,3,4,0.152
field_matched_support,M1,593,17,6,50,4,3,4,0.16
field_matched_support,M1,593,17,7,25,1,4,3,0.144
field_matched_support,M1,593,17,7,25,2,4,3,0.128
field_matched_support,M1,593,17,7,25,3,4,3,0.128
field_matched_support,M1,593,17,7,25,4,4,3,0.128
field_matched_support,M1,593,17,7,50,1,4,3,0.152
field_matched_support,M1,593,17,7,50,2,4,3,0.104
field_matched_support,M1,593,17,7,50,3,4,3,0.08
field_matched_support,M1,593,17,7,50,4,4,3,0.096
field_matched_support,M2,593,17,0,25,1,2,3,0.208
field_matched_support,M2,593,17,0,25,2,2,3,0.28
field_matched_support,M2,593,17,0,25,3,2,3,0.288
field_matched_support,M2,593,17,0,25,4,2,3,0.296
field_matched_support,M2,593,17,0,50,1,2,3,0.184
field_matched_support,M2,593,17,0,50,2,2,3,0.296
field_matched_support,M2,593,17,0,50,3,2,3,0.32
field_matched_support,M2,593,17,0,50,4,2,3,0.312
field_matched_support,M2,593,17,1,25,1,3,2,0.184
field_matched_support,M2,593,17,1,25,2,3,2,0.128
field_matched_support,M2,593,17,1,25,3,3,2,0.128
field_matched_support,M2,593,17,1,25,4,3,2,0.128
field_matched_support,M2,593,17,1,50,1,3,2,0.152
field_matched_support,M2,593,17,1,50,2,3,2,0.144
field_matched_support,M2,593,17,1,50,3,3,2,0.136
field_matched_support,M2,593,17,1,50,4,3,2,0.128
field_matched_support,M2,593,17,2,25,1,3,2,0.168
field_matched_support,M2,593,17,2,25,2,3,2,0.184
field_matched_support,M2,593,17,2,25,3,3,2,0.192
field_matched_support,M2,593,17,2,25,4,3,2,0.192
field_matched_support,M2,593,17,2,50,1,3,2,0.184
field_matched_support,M2,593,17,2,50,2,3,2,0.168
field_matched_support,M2,593,17,2,50,3,3,2,0.176
field_matched_support,M2,593,17,2,50,4,3,2,0.176
field_matched_support,M2,593,17,3,25,1,2,4,0.152
field_matched_support,M2,593,17,3,25,2,2,4,0.304
field_matched_support,M2,593,17,3,25,3,2,4,0.336
field_matched_support,M2,593,17,3,25,4,2,4,0.328
field_matched_support,M2,593,17,3,50,1,2,4,0.24
field_matched_support,M2,593,17,3,50,2,2,4,0.336
field_matched_support,M2,593,17,3,50,3,2,4,0.376
field_matched_support,M2,593,17,3,50,4,2,4,0.352
field_matched_support,M2,593,17,4,25,1,3,4,0.152
field_matched_support,M2,593,17,4,25,2,3,4,0.152
field_matched_support,M2,593,17,4,25,3,3,4,0.152
field_matched_support,M2,593,17,4,25,4,3,4,0.16
field_matched_support,M2,593,17,4,50,1,3,4,0.176
field_matched_support,M2,593,17,4,50,2,3,4,0.184
field_matched_support,M2,593,17,4,50,3,3,4,0.184
field_matched_support,M2,593,17,4,50,4,3,4,0.184
field_matched_support,M2,593,17,5,25,1,3,3,0.216
field_matched_support,M2,593,17,5,25,2,3,3,0.2
field_matched_support,M2,593,17,5,25,3,3,3,0.216
field_matched_support,M2,593,17,5,25,4,3,3,0.216
field_matched_support,M2,593,17,5,50,1,3,3,0.2
field_matched_support,M2,593,17,5,50,2,3,3,0.192
field_matched_support,M2,593,17,5,50,3,3,3,0.2
field_matched_support,M2,593,17,5,50,4,3,3,0.2
field_matched_support,M2,593,17,6,25,1,4,4,0.2
field_matched_support,M2,593,17,6,25,2,4,4,0.168
field_matched_support,M2,593,17,6,25,3,4,4,0.168
field_matched_support,M2,593,17,6,25,4,4,4,0.168
field_matched_support,M2,593,17,6,50,1,4,4,0.152
field_matched_support,M2,593,17,6,50,2,4,4,0.128
field_matched_support,M2,593,17,6,50,3,4,4,0.096
field_matched_support,M2,593,17,6,50,4,4,4,0.104
field_matched_support,M2,593,17,7,25,1,3,3,0.136
field_matched_support,M2,593,17,7,25,2,3,3,0.152
field_matched_support,M2,593,17,7,25,3,3,3,0.168
field_matched_support,M2,593,17,7,25,4,3,3,0.168
field_matched_support,M2,593,17,7,50,1,3,3,0.144
field_matched_support,M2,593,17,7,50,2,3,3,0.152
field_matched_support,M2,593,17,7,50,3,3,3,0.184
field_matched_support,M2,593,17,7,50,4,3,3,0.176
field_matched_support,random_heads,593,42,0,25,1,,3,0.136
field_matched_support,random_heads,593,42,0,25,2,,3,0.136
field_matched_support,random_heads,593,42,0,25,3,,3,0.136
field_matched_support,random_heads,593,42,0,25,4,,3,0.136
field_matched_support,random_heads,593,42,0,50,1,,3,0.152
field_matched_support,random_heads,593,42,0,50,2,,3,0.152
field_matched_support,random_heads,593,42,0,50,3,,3,0.152
field_matched_support,random_heads,593,42,0,50,4,,3,0.152
field_matched_support,random_heads,593,42,1,25,1,,2,0.152
field_matched_support,random_heads,593,42,1,25,2,,2,0.152
field_matched_support,random_heads,593,42,1,25,3,,2,0.152
field_matched_support,random_heads,593,42,1,25,4,,2,0.152
field_matched_support,random_heads,593,42,1,50,1,,2,0.184
field_matched_support,random_heads,593,42,1,50,2,,2,0.192
field_matched_support,random_heads,593,42,1,50,3,,2,0.2
field_matched_support,random_heads,593,42,1,50,4,,2,0.2
field_matched_support,random_heads,593,42,2,25,1,,2,0.136
field_matched_support,random_heads,593,42,2,25,2,,2,0.128
field_matched_support,random_heads,593,42,2,25,3,,2,0.12
field_matched_support,random_heads,593,42,2,25,4,,2,0.12
field_matched_support,random_heads,593,42,2,50,1,,2,0.192
field_matched_support,random_heads,593,42,2,50,2,,2,0.192
field_matched_support,random_heads,593,42,2,50,3,,2,0.192
field_matched_support,random_heads,593,42,2,50,4,,2,0.192
field_matched_support,random_heads,593,42,3,25,1,,4,0.144
field_matched_support,random_heads,593,42,3,25,2,,4,0.152
field_matched_support,random_heads,593,42,3,25,3,,4,0.152
field_matched_support,random_heads,593,42,3,25,4,,4,0.152
field_matched_support,random_heads,593,42,3,50,1,,4,0.136
field_matched_support,random_heads,593,42,3,50,2,,4,0.136
field_matched_support,random_heads,593,42,3,50,3,,4,0.128
field_matched_support,random_heads,593,42,3,50,4,,4,0.128
field_matched_support,random_heads,593,42,4,25,1,,4,0.208
field_matched_support,random_heads,593,42,4,25,2,,4,0.208
field_matched_support,random_heads,593,42,4,25,3,,4,0.224
field_matched_support,random_heads,593,42,4,25,4,,4,0.216
field_matched_support,random_heads,593,42,4,50,1,,4,0.184
field_matched_support,random_heads,593,42,4,50,2,,4,0.176
field_matched_support,random_heads,593,42,4,50,3,,4,0.176
field_matched_support,random_heads,593,42,4,50,4,,4,0.184
field_matched_support,random_heads,593,42,5,25,1,,3,0.184
field_matched_support,random_heads,593,42,5,25,2,,3,0.184
field_matched_support,random_heads,593,42,5,25,3,,3,0.184
field_matched_support,random_heads,593,42,5,25,4,,3,0.184
field_matched_support,random_heads,593,42,5,50,1,,3,0.192
field_matched_support,random_heads,593,42,5,50,2,,3,0.192
field_matched_support,random_heads,593,42,5,50,3,,3,0.192
field_matched_support,random_heads,593,42,5,50,4,,3,0.192
field_matched_support,random_heads,593,42,6,25,1,,4,0.16
field_matched_support,random_heads,593,42,6,25,2,,4,0.16
field_matched_support,random_heads,593,42,6,25,3,,4,0.16
field_matched_support,random_heads,593,42,6,25,4,,4,0.16
field_matched_support,random_heads,593,42,6,50,1,,4,0.144
field_matched_support,random_heads,593,42,6,50,2,,4,0.152
field_matched_support,random_heads,593,42,6,50,3,,4,0.16
field_matched_support,random_heads,593,42,6,50,4,,4,0.16
field_matched_support,random_heads,593,42,7,25,1,,3,0.224
field_matched_support,random_heads,593,42,7,25,2,,3,0.232
field_matched_support,random_heads,593,42,7,25,3,,3,0.24
field_matched_support,random_heads,593,42,7,25,4,,3,0.248
field_matched_support,random_heads,593,42,7,50,1,,3,0.208
field_matched_support,random_heads,593,42,7,50,2,,3,0.216
field_matched_support,random_heads,593,42,7,50,3,,3,0.232
field_matched_support,random_heads,593,42,7,50,4,,3,0.232
field_matched_support,physical_factors,593,42,0,25,1,,3,0.12
field_matched_support,physical_factors,593,42,0,25,2,,3,0.12
field_matched_support,physical_factors,593,42,0,25,3,,3,0.136
field_matched_support,physical_factors,593,42,0,25,4,,3,0.128
field_matched_support,physical_factors,593,42,0,50,1,,3,0.12
field_matched_support,physical_factors,593,42,0,50,2,,3,0.16
field_matched_support,physical_factors,593,42,0,50,3,,3,0.2
field_matched_support,physical_factors,593,42,0,50,4,,3,0.176
field_matched_support,physical_factors,593,42,1,25,1,,2,0.184
field_matched_support,physical_factors,593,42,1,25,2,,2,0.256
field_matched_support,physical_factors,593,42,1,25,3,,2,0.272
field_matched_support,physical_factors,593,42,1,25,4,,2,0.28
field_matched_support,physical_factors,593,42,1,50,1,,2,0.208
field_matched_support,physical_factors,593,42,1,50,2,,2,0.344
field_matched_support,physical_factors,593,42,1,50,3,,2,0.344
field_matched_support,physical_factors,593,42,1,50,4,,2,0.336
field_matched_support,physical_factors,593,42,2,25,1,,2,0.248
field_matched_support,physical_factors,593,42,2,25,2,,2,0.272
field_matched_support,physical_factors,593,42,2,25,3,,2,0.328
field_matched_support,physical_factors,593,42,2,25,4,,2,0.328
field_matched_support,physical_factors,593,42,2,50,1,,2,0.208
field_matched_support,physical_factors,593,42,2,50,2,,2,0.368
field_matched_support,physical_factors,593,42,2,50,3,,2,0.384
field_matched_support,physical_factors,593,42,2,50,4,,2,0.368
field_matched_support,physical_factors,593,42,3,25,1,,4,0.16
field_matched_support,physical_factors,593,42,3,25,2,,4,0.136
field_matched_support,physical_factors,593,42,3,25,3,,4,0.12
field_matched_support,physical_factors,593,42,3,25,4,,4,0.12
field_matched_support,physical_factors,593,42,3,50,1,,4,0.168
field_matched_support,physical_factors,593,42,3,50,2,,4,0.136
field_matched_support,physical_factors,593,42,3,50,3,,4,0.12
field_matched_support,physical_factors,593,42,3,50,4,,4,0.12
field_matched_support,physical_factors,593,42,4,25,1,,4,0.184
field_matched_support,physical_factors,593,42,4,25,2,,4,0.176
field_matched_support,physical_factors,593,42,4,25,3,,4,0.152
field_matched_support,physical_factors,593,42,4,25,4,,4,0.144
field_matched_support,physical_factors,593,42,4,50,1,,4,0.16
field_matched_support,physical_factors,593,42,4,50,2,,4,0.12
field_matched_support,physical_factors,593,42,4,50,3,,4,0.096
field_matched_support,physical_factors,593,42,4,50,4,,4,0.096
field_matched_support,physical_factors,593,42,5,25,1,,3,0.152
field_matched_support,physical_factors,593,42,5,25,2,,3,0.144
field_matched_support,physical_factors,593,42,5,25,3,,3,0.152
field_matched_support,physical_factors,593,42,5,25,4,,3,0.144
field_matched_support,physical_factors,593,42,5,50,1,,3,0.216
field_matched_support,physical_factors,593,42,5,50,2,,3,0.168
field_matched_support,physical_factors,593,42,5,50,3,,3,0.184
field_matched_support,physical_factors,593,42,5,50,4,,3,0.176
field_matched_support,physical_factors,593,42,6,25,1,,4,0.168
field_matched_support,physical_factors,593,42,6,25,2,,4,0.128
field_matched_support,physical_factors,593,42,6,25,3,,4,0.128
field_matched_support,physical_factors,593,42,6,25,4,,4,0.128
field_matched_support,physical_factors,593,42,6,50,1,,4,0.16
field_matched_support,physical_factors,593,42,6,50,2,,4,0.12
field_matched_support,physical_factors,593,42,6,50,3,,4,0.096
field_matched_support,physical_factors,593,42,6,50,4,,4,0.096
field_matched_support,physical_factors,593,42,7,25,1,,3,0.24
field_matched_support,physical_factors,593,42,7,25,2,,3,0.232
field_matched_support,physical_factors,593,42,7,25,3,,3,0.232
field_matched_support,physical_factors,593,42,7,25,4,,3,0.24
field_matched_support,physical_factors,593,42,7,50,1,,3,0.232
field_matched_support,physical_factors,593,42,7,50,2,,3,0.184
field_matched_support,physical_factors,593,42,7,50,3,,3,0.192
field_matched_support,physical_factors,593,42,7,50,4,,3,0.176
field_matched_support,P,593,42,0,25,1,2,3,0.192
field_matched_support,P,593,42,0,25,2,2,3,0.296
field_matched_support,P,593,42,0,25,3,2,3,0.296
field_matched_support,P,593,42,0,25,4,2,3,0.312
field_matched_support,P,593,42,0,50,1,2,3,0.232
field_matched_support,P,593,42,0,50,2,2,3,0.344
field_matched_support,P,593,42,0,50,3,2,3,0.36
field_matched_support,P,593,42,0,50,4,2,3,0.32
field_matched_support,P,593,42,1,25,1,2,2,0.216
field_matched_support,P,593,42,1,25,2,2,2,0.296
field_matched_support,P,593,42,1,25,3,2,2,0.296
field_matched_support,P,593,42,1,25,4,2,2,0.28
field_matched_support,P,593,42,1,50,1,2,2,0.16
field_matched_support,P,593,42,1,50,2,2,2,0.36
field_matched_support,P,593,42,1,50,3,2,2,0.392
field_matched_support,P,593,42,1,50,4,2,2,0.384
field_matched_support,P,593,42,2,25,1,3,2,0.224
field_matched_support,P,593,42,2,25,2,3,2,0.176
field_matched_support,P,593,42,2,25,3,3,2,0.184
field_matched_support,P,593,42,2,25,4,3,2,0.176
field_matched_support,P,593,42,2,50,1,3,2,0.2
field_matched_support,P,593,42,2,50,2,3,2,0.208
field_matched_support,P,593,42,2,50,3,3,2,0.224
field_matched_support,P,593,42,2,50,4,3,2,0.224
field_matched_support,P,593,42,3,25,1,3,4,0.208
field_matched_support,P,593,42,3,25,2,3,4,0.2
field_matched_support,P,593,42,3,25,3,3,4,0.2
field_matched_support,P,593,42,3,25,4,3,4,0.192
field_matched_support,P,593,42,3,50,1,3,4,0.136
field_matched_support,P,593,42,3,50,2,3,4,0.144
field_matched_support,P,593,42,3,50,3,3,4,0.16
field_matched_support,P,593,42,3,50,4,3,4,0.152
field_matched_support,P,593,42,4,25,1,3,4,0.152
field_matched_support,P,593,42,4,25,2,3,4,0.128
field_matched_support,P,593,42,4,25,3,3,4,0.136
field_matched_support,P,593,42,4,25,4,3,4,0.136
field_matched_support,P,593,42,4,50,1,3,4,0.144
field_matched_support,P,593,42,4,50,2,3,4,0.136
field_matched_support,P,593,42,4,50,3,3,4,0.168
field_matched_support,P,593,42,4,50,4,3,4,0.16
field_matched_support,P,593,42,5,25,1,3,3,0.208
field_matched_support,P,593,42,5,25,2,3,3,0.216
field_matched_support,P,593,42,5,25,3,3,3,0.224
field_matched_support,P,593,42,5,25,4,3,3,0.224
field_matched_support,P,593,42,5,50,1,3,3,0.2
field_matched_support,P,593,42,5,50,2,3,3,0.184
field_matched_support,P,593,42,5,50,3,3,3,0.216
field_matched_support,P,593,42,5,50,4,3,3,0.224
field_matched_support,P,593,42,6,25,1,4,4,0.16
field_matched_support,P,593,42,6,25,2,4,4,0.152
field_matched_support,P,593,42,6,25,3,4,4,0.136
field_matched_support,P,593,42,6,25,4,4,4,0.144
field_matched_support,P,593,42,6,50,1,4,4,0.112
field_matched_support,P,593,42,6,50,2,4,4,0.088
field_matched_support,P,593,42,6,50,3,4,4,0.072
field_matched_support,P,593,42,6,50,4,4,4,0.064
field_matched_support,P,593,42,7,25,1,4,3,0.088
field_matched_support,P,593,42,7,25,2,4,3,0.088
field_matched_support,P,593,42,7,25,3,4,3,0.096
field_matched_support,P,593,42,7,25,4,4,3,0.104
field_matched_support,P,593,42,7,50,1,4,3,0.128
field_matched_support,P,593,42,7,50,2,4,3,0.12
field_matched_support,P,593,42,7,50,3,4,3,0.104
field_matched_support,P,593,42,7,50,4,4,3,0.096
field_matched_support,M1,593,42,0,25,1,2,3,0.24
field_matched_support,M1,593,42,0,25,2,2,3,0.288
field_matched_support,M1,593,42,0,25,3,2,3,0.304
field_matched_support,M1,593,42,0,25,4,2,3,0.304
field_matched_support,M1,593,42,0,50,1,2,3,0.24
field_matched_support,M1,593,42,0,50,2,2,3,0.36
field_matched_support,M1,593,42,0,50,3,2,3,0.368
field_matched_support,M1,593,42,0,50,4,2,3,0.368
field_matched_support,M1,593,42,1,25,1,3,2,0.144
field_matched_support,M1,593,42,1,25,2,3,2,0.12
field_matched_support,M1,593,42,1,25,3,3,2,0.128
field_matched_support,M1,593,42,1,25,4,3,2,0.128
field_matched_support,M1,593,42,1,50,1,3,2,0.12
field_matched_support,M1,593,42,1,50,2,3,2,0.104
field_matched_support,M1,593,42,1,50,3,3,2,0.12
field_matched_support,M1,593,42,1,50,4,3,2,0.112
field_matched_support,M1,593,42,2,25,1,2,2,0.32
field_matched_support,M1,593,42,2,25,2,2,2,0.336
field_matched_support,M1,593,42,2,25,3,2,2,0.344
field_matched_support,M1,593,42,2,25,4,2,2,0.344
field_matched_support,M1,593,42,2,50,1,2,2,0.32
field_matched_support,M1,593,42,2,50,2,2,2,0.4
field_matched_support,M1,593,42,2,50,3,2,2,0.392
field_matched_support,M1,593,42,2,50,4,2,2,0.376
field_matched_support,M1,593,42,3,25,1,3,4,0.2
field_matched_support,M1,593,42,3,25,2,3,4,0.176
field_matched_support,M1,593,42,3,25,3,3,4,0.2
field_matched_support,M1,593,42,3,25,4,3,4,0.2
field_matched_support,M1,593,42,3,50,1,3,4,0.144
field_matched_support,M1,593,42,3,50,2,3,4,0.144
field_matched_support,M1,593,42,3,50,3,3,4,0.136
field_matched_support,M1,593,42,3,50,4,3,4,0.136
field_matched_support,M1,593,42,4,25,1,3,4,0.152
field_matched_support,M1,593,42,4,25,2,3,4,0.152
field_matched_support,M1,593,42,4,25,3,3,4,0.16
field_matched_support,M1,593,42,4,25,4,3,4,0.16
field_matched_support,M1,593,42,4,50,1,3,4,0.128
field_matched_support,M1,593,42,4,50,2,3,4,0.136
field_matched_support,M1,593,42,4,50,3,3,4,0.16
field_matched_support,M1,593,42,4,50,4,3,4,0.144
field_matched_support,M1,593,42,5,25,1,3,3,0.184
field_matched_support,M1,593,42,5,25,2,3,3,0.176
field_matched_support,M1,593,42,5,25,3,3,3,0.184
field_matched_support,M1,593,42,5,25,4,3,3,0.184
field_matched_support,M1,593,42,5,50,1,3,3,0.208
field_matched_support,M1,593,42,5,50,2,3,3,0.2
field_matched_support,M1,593,42,5,50,3,3,3,0.216
field_matched_support,M1,593,42,5,50,4,3,3,0.216
field_matched_support,M1,593,42,6,25,1,3,4,0.216
field_matched_support,M1,593,42,6,25,2,3,4,0.184
field_matched_support,M1,593,42,6,25,3,3,4,0.2
field_matched_support,M1,593,42,6,25,4,3,4,0.192
field_matched_support,M1,593,42,6,50,1,3,4,0.16
field_matched_support,M1,593,42,6,50,2,3,4,0.136
field_matched_support,M1,593,42,6,50,3,3,4,0.152
field_matched_support,M1,593,42,6,50,4,3,4,0.16
field_matched_support,M1,593,42,7,25,1,4,3,0.144
field_matched_support,M1,593,42,7,25,2,4,3,0.128
field_matched_support,M1,593,42,7,25,3,4,3,0.128
field_matched_support,M1,593,42,7,25,4,4,3,0.128
field_matched_support,M1,593,42,7,50,1,4,3,0.152
field_matched_support,M1,593,42,7,50,2,4,3,0.104
field_matched_support,M1,593,42,7,50,3,4,3,0.08
field_matched_support,M1,593,42,7,50,4,4,3,0.096
field_matched_support,M2,593,42,0,25,1,2,3,0.208
field_matched_support,M2,593,42,0,25,2,2,3,0.28
field_matched_support,M2,593,42,0,25,3,2,3,0.288
field_matched_support,M2,593,42,0,25,4,2,3,0.296
field_matched_support,M2,593,42,0,50,1,2,3,0.184
field_matched_support,M2,593,42,0,50,2,2,3,0.296
field_matched_support,M2,593,42,0,50,3,2,3,0.32
field_matched_support,M2,593,42,0,50,4,2,3,0.312
field_matched_support,M2,593,42,1,25,1,3,2,0.184
field_matched_support,M2,593,42,1,25,2,3,2,0.128
field_matched_support,M2,593,42,1,25,3,3,2,0.128
field_matched_support,M2,593,42,1,25,4,3,2,0.128
field_matched_support,M2,593,42,1,50,1,3,2,0.152
field_matched_support,M2,593,42,1,50,2,3,2,0.144
field_matched_support,M2,593,42,1,50,3,3,2,0.136
field_matched_support,M2,593,42,1,50,4,3,2,0.128
field_matched_support,M2,593,42,2,25,1,3,2,0.168
field_matched_support,M2,593,42,2,25,2,3,2,0.184
field_matched_support,M2,593,42,2,25,3,3,2,0.192
field_matched_support,M2,593,42,2,25,4,3,2,0.192
field_matched_support,M2,593,42,2,50,1,3,2,0.184
field_matched_support,M2,593,42,2,50,2,3,2,0.168
field_matched_support,M2,593,42,2,50,3,3,2,0.176
field_matched_support,M2,593,42,2,50,4,3,2,0.176
field_matched_support,M2,593,42,3,25,1,2,4,0.152
field_matched_support,M2,593,42,3,25,2,2,4,0.304
field_matched_support,M2,593,42,3,25,3,2,4,0.336
field_matched_support,M2,593,42,3,25,4,2,4,0.328
field_matched_support,M2,593,42,3,50,1,2,4,0.24
field_matched_support,M2,593,42,3,50,2,2,4,0.336
field_matched_support,M2,593,42,3,50,3,2,4,0.376
field_matched_support,M2,593,42,3,50,4,2,4,0.352
field_matched_support,M2,593,42,4,25,1,3,4,0.152
field_matched_support,M2,593,42,4,25,2,3,4,0.152
field_matched_support,M2,593,42,4,25,3,3,4,0.152
field_matched_support,M2,593,42,4,25,4,3,4,0.16
field_matched_support,M2,593,42,4,50,1,3,4,0.176
field_matched_support,M2,593,42,4,50,2,3,4,0.184
field_matched_support,M2,593,42,4,50,3,3,4,0.184
field_matched_support,M2,593,42,4,50,4,3,4,0.184
field_matched_support,M2,593,42,5,25,1,3,3,0.216
field_matched_support,M2,593,42,5,25,2,3,3,0.2
field_matched_support,M2,593,42,5,25,3,3,3,0.216
field_matched_support,M2,593,42,5,25,4,3,3,0.216
field_matched_support,M2,593,42,5,50,1,3,3,0.2
field_matched_support,M2,593,42,5,50,2,3,3,0.192
field_matched_support,M2,593,42,5,50,3,3,3,0.2
field_matched_support,M2,593,42,5,50,4,3,3,0.2
field_matched_support,M2,593,42,6,25,1,4,4,0.2
field_matched_support,M2,593,42,6,25,2,4,4,0.168
field_matched_support,M2,593,42,6,25,3,4,4,0.168
field_matched_support,M2,593,42,6,25,4,4,4,0.168
field_matched_support,M2,593,42,6,50,1,4,4,0.152
field_matched_support,M2,593,42,6,50,2,4,4,0.128
field_matched_support,M2,593,42,6,50,3,4,4,0.096
field_matched_support,M2,593,42,6,50,4,4,4,0.104
field_matched_support,M2,593,42,7,25,1,3,3,0.136
field_matched_support,M2,593,42,7,25,2,3,3,0.152
field_matched_support,M2,593,42,7,25,3,3,3,0.168
field_matched_support,M2,593,42,7,25,4,3,3,0.168
field_matched_support,M2,593,42,7,50,1,3,3,0.144
field_matched_support,M2,593,42,7,50,2,3,3,0.152
field_matched_support,M2,593,42,7,50,3,3,3,0.184
field_matched_support,M2,593,42,7,50,4,3,3,0.176
field_matched_support,random_heads,593,101,0,25,1,,3,0.16
field_matched_support,random_heads,593,101,0,25,2,,3,0.16
field_matched_support,random_heads,593,101,0,25,3,,3,0.16
field_matched_support,random_heads,593,101,0,25,4,,3,0.16
field_matched_support,random_heads,593,101,0,50,1,,3,0.152
field_matched_support,random_heads,593,101,0,50,2,,3,0.16
field_matched_support,random_heads,593,101,0,50,3,,3,0.16
field_matched_support,random_heads,593,101,0,50,4,,3,0.168
field_matched_support,random_heads,593,101,1,25,1,,2,0.2
field_matched_support,random_heads,593,101,1,25,2,,2,0.192
field_matched_support,random_heads,593,101,1,25,3,,2,0.192
field_matched_support,random_heads,593,101,1,25,4,,2,0.2
field_matched_support,random_heads,593,101,1,50,1,,2,0.232
field_matched_support,random_heads,593,101,1,50,2,,2,0.232
field_matched_support,random_heads,593,101,1,50,3,,2,0.24
field_matched_support,random_heads,593,101,1,50,4,,2,0.248
field_matched_support,random_heads,593,101,2,25,1,,2,0.256
field_matched_support,random_heads,593,101,2,25,2,,2,0.248
field_matched_support,random_heads,593,101,2,25,3,,2,0.248
field_matched_support,random_heads,593,101,2,25,4,,2,0.248
field_matched_support,random_heads,593,101,2,50,1,,2,0.28
field_matched_support,random_heads,593,101,2,50,2,,2,0.28
field_matched_support,random_heads,593,101,2,50,3,,2,0.28
field_matched_support,random_heads,593,101,2,50,4,,2,0.28
field_matched_support,random_heads,593,101,3,25,1,,4,0.216
field_matched_support,random_heads,593,101,3,25,2,,4,0.216
field_matched_support,random_heads,593,101,3,25,3,,4,0.216
field_matched_support,random_heads,593,101,3,25,4,,4,0.216
field_matched_support,random_heads,593,101,3,50,1,,4,0.168
field_matched_support,random_heads,593,101,3,50,2,,4,0.168
field_matched_support,random_heads,593,101,3,50,3,,4,0.168
field_matched_support,random_heads,593,101,3,50,4,,4,0.168
field_matched_support,random_heads,593,101,4,25,1,,4,0.224
field_matched_support,random_heads,593,101,4,25,2,,4,0.232
field_matched_support,random_heads,593,101,4,25,3,,4,0.232
field_matched_support,random_heads,593,101,4,25,4,,4,0.224
field_matched_support,random_heads,593,101,4,50,1,,4,0.2
field_matched_support,random_heads,593,101,4,50,2,,4,0.2
field_matched_support,random_heads,593,101,4,50,3,,4,0.2
field_matched_support,random_heads,593,101,4,50,4,,4,0.2
field_matched_support,random_heads,593,101,5,25,1,,3,0.192
field_matched_support,random_heads,593,101,5,25,2,,3,0.192
field_matched_support,random_heads,593,101,5,25,3,,3,0.192
field_matched_support,random_heads,593,101,5,25,4,,3,0.192
field_matched_support,random_heads,593,101,5,50,1,,3,0.2
field_matched_support,random_heads,593,101,5,50,2,,3,0.2
field_matched_support,random_heads,593,101,5,50,3,,3,0.2
field_matched_support,random_heads,593,101,5,50,4,,3,0.2
field_matched_support,random_heads,593,101,6,25,1,,4,0.176
field_matched_support,random_heads,593,101,6,25,2,,4,0.184
field_matched_support,random_heads,593,101,6,25,3,,4,0.184
field_matched_support,random_heads,593,101,6,25,4,,4,0.192
field_matched_support,random_heads,593,101,6,50,1,,4,0.176
field_matched_support,random_heads,593,101,6,50,2,,4,0.176
field_matched_support,random_heads,593,101,6,50,3,,4,0.176
field_matched_support,random_heads,593,101,6,50,4,,4,0.176
field_matched_support,random_heads,593,101,7,25,1,,3,0.2
field_matched_support,random_heads,593,101,7,25,2,,3,0.2
field_matched_support,random_heads,593,101,7,25,3,,3,0.2
field_matched_support,random_heads,593,101,7,25,4,,3,0.2
field_matched_support,random_heads,593,101,7,50,1,,3,0.216
field_matched_support,random_heads,593,101,7,50,2,,3,0.216
field_matched_support,random_heads,593,101,7,50,3,,3,0.216
field_matched_support,random_heads,593,101,7,50,4,,3,0.216
field_matched_support,physical_factors,593,101,0,25,1,,3,0.12
field_matched_support,physical_factors,593,101,0,25,2,,3,0.12
field_matched_support,physical_factors,593,101,0,25,3,,3,0.136
field_matched_support,physical_factors,593,101,0,25,4,,3,0.128
field_matched_support,physical_factors,593,101,0,50,1,,3,0.12
field_matched_support,physical_factors,593,101,0,50,2,,3,0.16
field_matched_support,physical_factors,593,101,0,50,3,,3,0.2
field_matched_support,physical_factors,593,101,0,50,4,,3,0.176
field_matched_support,physical_factors,593,101,1,25,1,,2,0.184
field_matched_support,physical_factors,593,101,1,25,2,,2,0.256
field_matched_support,physical_factors,593,101,1,25,3,,2,0.272
field_matched_support,physical_factors,593,101,1,25,4,,2,0.28
field_matched_support,physical_factors,593,101,1,50,1,,2,0.208
field_matched_support,physical_factors,593,101,1,50,2,,2,0.344
field_matched_support,physical_factors,593,101,1,50,3,,2,0.344
field_matched_support,physical_factors,593,101,1,50,4,,2,0.336
field_matched_support,physical_factors,593,101,2,25,1,,2,0.248
field_matched_support,physical_factors,593,101,2,25,2,,2,0.272
field_matched_support,physical_factors,593,101,2,25,3,,2,0.328
field_matched_support,physical_factors,593,101,2,25,4,,2,0.328
field_matched_support,physical_factors,593,101,2,50,1,,2,0.208
field_matched_support,physical_factors,593,101,2,50,2,,2,0.368
field_matched_support,physical_factors,593,101,2,50,3,,2,0.384
field_matched_support,physical_factors,593,101,2,50,4,,2,0.368
field_matched_support,physical_factors,593,101,3,25,1,,4,0.16
field_matched_support,physical_factors,593,101,3,25,2,,4,0.136
field_matched_support,physical_factors,593,101,3,25,3,,4,0.12
field_matched_support,physical_factors,593,101,3,25,4,,4,0.12
field_matched_support,physical_factors,593,101,3,50,1,,4,0.168
field_matched_support,physical_factors,593,101,3,50,2,,4,0.136
field_matched_support,physical_factors,593,101,3,50,3,,4,0.12
field_matched_support,physical_factors,593,101,3,50,4,,4,0.12
field_matched_support,physical_factors,593,101,4,25,1,,4,0.184
field_matched_support,physical_factors,593,101,4,25,2,,4,0.176
field_matched_support,physical_factors,593,101,4,25,3,,4,0.152
field_matched_support,physical_factors,593,101,4,25,4,,4,0.144
field_matched_support,physical_factors,593,101,4,50,1,,4,0.16
field_matched_support,physical_factors,593,101,4,50,2,,4,0.12
field_matched_support,physical_factors,593,101,4,50,3,,4,0.096
field_matched_support,physical_factors,593,101,4,50,4,,4,0.096
field_matched_support,physical_factors,593,101,5,25,1,,3,0.152
field_matched_support,physical_factors,593,101,5,25,2,,3,0.144
field_matched_support,physical_factors,593,101,5,25,3,,3,0.152
field_matched_support,physical_factors,593,101,5,25,4,,3,0.144
field_matched_support,physical_factors,593,101,5,50,1,,3,0.216
field_matched_support,physical_factors,593,101,5,50,2,,3,0.168
field_matched_support,physical_factors,593,101,5,50,3,,3,0.184
field_matched_support,physical_factors,593,101,5,50,4,,3,0.176
field_matched_support,physical_factors,593,101,6,25,1,,4,0.168
field_matched_support,physical_factors,593,101,6,25,2,,4,0.128
field_matched_support,physical_factors,593,101,6,25,3,,4,0.128
field_matched_support,physical_factors,593,101,6,25,4,,4,0.128
field_matched_support,physical_factors,593,101,6,50,1,,4,0.16
field_matched_support,physical_factors,593,101,6,50,2,,4,0.12
field_matched_support,physical_factors,593,101,6,50,3,,4,0.096
field_matched_support,physical_factors,593,101,6,50,4,,4,0.096
field_matched_support,physical_factors,593,101,7,25,1,,3,0.24
field_matched_support,physical_factors,593,101,7,25,2,,3,0.232
field_matched_support,physical_factors,593,101,7,25,3,,3,0.232
field_matched_support,physical_factors,593,101,7,25,4,,3,0.24
field_matched_support,physical_factors,593,101,7,50,1,,3,0.232
field_matched_support,physical_factors,593,101,7,50,2,,3,0.184
field_matched_support,physical_factors,593,101,7,50,3,,3,0.192
field_matched_support,physical_factors,593,101,7,50,4,,3,0.176
field_matched_support,P,593,101,0,25,1,2,3,0.192
field_matched_support,P,593,101,0,25,2,2,3,0.296
field_matched_support,P,593,101,0,25,3,2,3,0.296
field_matched_support,P,593,101,0,25,4,2,3,0.312
field_matched_support,P,593,101,0,50,1,2,3,0.232
field_matched_support,P,593,101,0,50,2,2,3,0.344
field_matched_support,P,593,101,0,50,3,2,3,0.36
field_matched_support,P,593,101,0,50,4,2,3,0.32
field_matched_support,P,593,101,1,25,1,2,2,0.216
field_matched_support,P,593,101,1,25,2,2,2,0.296
field_matched_support,P,593,101,1,25,3,2,2,0.296
field_matched_support,P,593,101,1,25,4,2,2,0.28
field_matched_support,P,593,101,1,50,1,2,2,0.16
field_matched_support,P,593,101,1,50,2,2,2,0.36
field_matched_support,P,593,101,1,50,3,2,2,0.392
field_matched_support,P,593,101,1,50,4,2,2,0.384
field_matched_support,P,593,101,2,25,1,3,2,0.224
field_matched_support,P,593,101,2,25,2,3,2,0.176
field_matched_support,P,593,101,2,25,3,3,2,0.184
field_matched_support,P,593,101,2,25,4,3,2,0.176
field_matched_support,P,593,101,2,50,1,3,2,0.2
field_matched_support,P,593,101,2,50,2,3,2,0.208
field_matched_support,P,593,101,2,50,3,3,2,0.224
field_matched_support,P,593,101,2,50,4,3,2,0.224
field_matched_support,P,593,101,3,25,1,3,4,0.208
field_matched_support,P,593,101,3,25,2,3,4,0.2
field_matched_support,P,593,101,3,25,3,3,4,0.2
field_matched_support,P,593,101,3,25,4,3,4,0.192
field_matched_support,P,593,101,3,50,1,3,4,0.136
field_matched_support,P,593,101,3,50,2,3,4,0.144
field_matched_support,P,593,101,3,50,3,3,4,0.16
field_matched_support,P,593,101,3,50,4,3,4,0.152
field_matched_support,P,593,101,4,25,1,3,4,0.152
field_matched_support,P,593,101,4,25,2,3,4,0.128
field_matched_support,P,593,101,4,25,3,3,4,0.136
field_matched_support,P,593,101,4,25,4,3,4,0.136
field_matched_support,P,593,101,4,50,1,3,4,0.144
field_matched_support,P,593,101,4,50,2,3,4,0.136
field_matched_support,P,593,101,4,50,3,3,4,0.168
field_matched_support,P,593,101,4,50,4,3,4,0.16
field_matched_support,P,593,101,5,25,1,3,3,0.208
field_matched_support,P,593,101,5,25,2,3,3,0.216
field_matched_support,P,593,101,5,25,3,3,3,0.224
field_matched_support,P,593,101,5,25,4,3,3,0.224
field_matched_support,P,593,101,5,50,1,3,3,0.2
field_matched_support,P,593,101,5,50,2,3,3,0.184
field_matched_support,P,593,101,5,50,3,3,3,0.216
field_matched_support,P,593,101,5,50,4,3,3,0.224
field_matched_support,P,593,101,6,25,1,4,4,0.16
field_matched_support,P,593,101,6,25,2,4,4,0.152
field_matched_support,P,593,101,6,25,3,4,4,0.136
field_matched_support,P,593,101,6,25,4,4,4,0.144
field_matched_support,P,593,101,6,50,1,4,4,0.112
field_matched_support,P,593,101,6,50,2,4,4,0.088
field_matched_support,P,593,101,6,50,3,4,4,0.072
field_matched_support,P,593,101,6,50,4,4,4,0.064
field_matched_support,P,593,101,7,25,1,4,3,0.088
field_matched_support,P,593,101,7,25,2,4,3,0.088
field_matched_support,P,593,101,7,25,3,4,3,0.096
field_matched_support,P,593,101,7,25,4,4,3,0.104
field_matched_support,P,593,101,7,50,1,4,3,0.128
field_matched_support,P,593,101,7,50,2,4,3,0.12
field_matched_support,P,593,101,7,50,3,4,3,0.104
field_matched_support,P,593,101,7,50,4,4,3,0.096
field_matched_support,M1,593,101,0,25,1,2,3,0.24
field_matched_support,M1,593,101,0,25,2,2,3,0.288
field_matched_support,M1,593,101,0,25,3,2,3,0.304
field_matched_support,M1,593,101,0,25,4,2,3,0.304
field_matched_support,M1,593,101,0,50,1,2,3,0.24
field_matched_support,M1,593,101,0,50,2,2,3,0.36
field_matched_support,M1,593,101,0,50,3,2,3,0.368
field_matched_support,M1,593,101,0,50,4,2,3,0.368
field_matched_support,M1,593,101,1,25,1,3,2,0.144
field_matched_support,M1,593,101,1,25,2,3,2,0.12
field_matched_support,M1,593,101,1,25,3,3,2,0.128
field_matched_support,M1,593,101,1,25,4,3,2,0.128
field_matched_support,M1,593,101,1,50,1,3,2,0.12
field_matched_support,M1,593,101,1,50,2,3,2,0.104
field_matched_support,M1,593,101,1,50,3,3,2,0.12
field_matched_support,M1,593,101,1,50,4,3,2,0.112
field_matched_support,M1,593,101,2,25,1,2,2,0.32
field_matched_support,M1,593,101,2,25,2,2,2,0.336
field_matched_support,M1,593,101,2,25,3,2,2,0.344
field_matched_support,M1,593,101,2,25,4,2,2,0.344
field_matched_support,M1,593,101,2,50,1,2,2,0.32
field_matched_support,M1,593,101,2,50,2,2,2,0.4
field_matched_support,M1,593,101,2,50,3,2,2,0.392
field_matched_support,M1,593,101,2,50,4,2,2,0.376
field_matched_support,M1,593,101,3,25,1,3,4,0.2
field_matched_support,M1,593,101,3,25,2,3,4,0.176
field_matched_support,M1,593,101,3,25,3,3,4,0.2
field_matched_support,M1,593,101,3,25,4,3,4,0.2
field_matched_support,M1,593,101,3,50,1,3,4,0.144
field_matched_support,M1,593,101,3,50,2,3,4,0.144
field_matched_support,M1,593,101,3,50,3,3,4,0.136
field_matched_support,M1,593,101,3,50,4,3,4,0.136
field_matched_support,M1,593,101,4,25,1,3,4,0.152
field_matched_support,M1,593,101,4,25,2,3,4,0.152
field_matched_support,M1,593,101,4,25,3,3,4,0.16
field_matched_support,M1,593,101,4,25,4,3,4,0.16
field_matched_support,M1,593,101,4,50,1,3,4,0.128
field_matched_support,M1,593,101,4,50,2,3,4,0.136
field_matched_support,M1,593,101,4,50,3,3,4,0.16
field_matched_support,M1,593,101,4,50,4,3,4,0.144
field_matched_support,M1,593,101,5,25,1,3,3,0.184
field_matched_support,M1,593,101,5,25,2,3,3,0.176
field_matched_support,M1,593,101,5,25,3,3,3,0.184
field_matched_support,M1,593,101,5,25,4,3,3,0.184
field_matched_support,M1,593,101,5,50,1,3,3,0.208
field_matched_support,M1,593,101,5,50,2,3,3,0.2
field_matched_support,M1,593,101,5,50,3,3,3,0.216
field_matched_support,M1,593,101,5,50,4,3,3,0.216
field_matched_support,M1,593,101,6,25,1,3,4,0.216
field_matched_support,M1,593,101,6,25,2,3,4,0.184
field_matched_support,M1,593,101,6,25,3,3,4,0.2
field_matched_support,M1,593,101,6,25,4,3,4,0.192
field_matched_support,M1,593,101,6,50,1,3,4,0.16
field_matched_support,M1,593,101,6,50,2,3,4,0.136
field_matched_support,M1,593,101,6,50,3,3,4,0.152
field_matched_support,M1,593,101,6,50,4,3,4,0.16
field_matched_support,M1,593,101,7,25,1,4,3,0.144
field_matched_support,M1,593,101,7,25,2,4,3,0.128
field_matched_support,M1,593,101,7,25,3,4,3,0.128
field_matched_support,M1,593,101,7,25,4,4,3,0.128
field_matched_support,M1,593,101,7,50,1,4,3,0.152
field_matched_support,M1,593,101,7,50,2,4,3,0.104
field_matched_support,M1,593,101,7,50,3,4,3,0.08
field_matched_support,M1,593,101,7,50,4,4,3,0.096
field_matched_support,M2,593,101,0,25,1,2,3,0.208
field_matched_support,M2,593,101,0,25,2,2,3,0.28
field_matched_support,M2,593,101,0,25,3,2,3,0.288
field_matched_support,M2,593,101,0,25,4,2,3,0.296
field_matched_support,M2,593,101,0,50,1,2,3,0.184
field_matched_support,M2,593,101,0,50,2,2,3,0.296
field_matched_support,M2,593,101,0,50,3,2,3,0.32
field_matched_support,M2,593,101,0,50,4,2,3,0.312
field_matched_support,M2,593,101,1,25,1,3,2,0.184
field_matched_support,M2,593,101,1,25,2,3,2,0.128
field_matched_support,M2,593,101,1,25,3,3,2,0.128
field_matched_support,M2,593,101,1,25,4,3,2,0.128
field_matched_support,M2,593,101,1,50,1,3,2,0.152
field_matched_support,M2,593,101,1,50,2,3,2,0.144
field_matched_support,M2,593,101,1,50,3,3,2,0.136
field_matched_support,M2,593,101,1,50,4,3,2,0.128
field_matched_support,M2,593,101,2,25,1,3,2,0.168
field_matched_support,M2,593,101,2,25,2,3,2,0.184
field_matched_support,M2,593,101,2,25,3,3,2,0.192
field_matched_support,M2,593,101,2,25,4,3,2,0.192
field_matched_support,M2,593,101,2,50,1,3,2,0.184
field_matched_support,M2,593,101,2,50,2,3,2,0.168
field_matched_support,M2,593,101,2,50,3,3,2,0.176
field_matched_support,M2,593,101,2,50,4,3,2,0.176
field_matched_support,M2,593,101,3,25,1,2,4,0.152
field_matched_support,M2,593,101,3,25,2,2,4,0.304
field_matched_support,M2,593,101,3,25,3,2,4,0.336
field_matched_support,M2,593,101,3,25,4,2,4,0.328
field_matched_support,M2,593,101,3,50,1,2,4,0.24
field_matched_support,M2,593,101,3,50,2,2,4,0.336
field_matched_support,M2,593,101,3,50,3,2,4,0.376
field_matched_support,M2,593,101,3,50,4,2,4,0.352
field_matched_support,M2,593,101,4,25,1,3,4,0.152
field_matched_support,M2,593,101,4,25,2,3,4,0.152
field_matched_support,M2,593,101,4,25,3,3,4,0.152
field_matched_support,M2,593,101,4,25,4,3,4,0.16
field_matched_support,M2,593,101,4,50,1,3,4,0.176
field_matched_support,M2,593,101,4,50,2,3,4,0.184
field_matched_support,M2,593,101,4,50,3,3,4,0.184
field_matched_support,M2,593,101,4,50,4,3,4,0.184
field_matched_support,M2,593,101,5,25,1,3,3,0.216
field_matched_support,M2,593,101,5,25,2,3,3,0.2
field_matched_support,M2,593,101,5,25,3,3,3,0.216
field_matched_support,M2,593,101,5,25,4,3,3,0.216
field_matched_support,M2,593,101,5,50,1,3,3,0.2
field_matched_support,M2,593,101,5,50,2,3,3,0.192
field_matched_support,M2,593,101,5,50,3,3,3,0.2
field_matched_support,M2,593,101,5,50,4,3,3,0.2
field_matched_support,M2,593,101,6,25,1,4,4,0.2
field_matched_support,M2,593,101,6,25,2,4,4,0.168
field_matched_support,M2,593,101,6,25,3,4,4,0.168
field_matched_support,M2,593,101,6,25,4,4,4,0.168
field_matched_support,M2,593,101,6,50,1,4,4,0.152
field_matched_support,M2,593,101,6,50,2,4,4,0.128
field_matched_support,M2,593,101,6,50,3,4,4,0.096
field_matched_support,M2,593,101,6,50,4,4,4,0.104
field_matched_support,M2,593,101,7,25,1,3,3,0.136
field_matched_support,M2,593,101,7,25,2,3,3,0.152
field_matched_support,M2,593,101,7,25,3,3,3,0.168
field_matched_support,M2,593,101,7,25,4,3,3,0.168
field_matched_support,M2,593,101,7,50,1,3,3,0.144
field_matched_support,M2,593,101,7,50,2,3,3,0.152
field_matched_support,M2,593,101,7,50,3,3,3,0.184
field_matched_support,M2,593,101,7,50,4,3,3,0.176
