group,seed,model_status,view,kind,word,action_status,action_displacement_energy,full_space_displacement_nmse,shuffled_fit_displacement_nmse,raw_target_nmse
interior_none,1009,trained,ONE_END,generators,c,complete,1.5307557023156948,0.4203328529980203,0.6692750353162761,0.6387669808267936
interior_none,1009,trained,ONE_END,generators,r,complete,1.3019869677371205,0.41290588190122074,0.7741846739621395,0.5327517854449064
interior_none,1009,trained,ONE_END,generators,i,complete,1.7071003315062987,0.4996224406184503,0.598572651388533,0.8494690377255804
interior_none,1009,trained,ONE_END,composites,rc,complete,1.2847237846620443,0.5703463328553937,0.7788721814188231,0.7288870057267561
interior_none,1009,trained,ONE_END,composites,ci,complete,2.028195522795056,0.47080642177153287,0.49464561879066155,0.9515084921289682
interior_none,1009,trained,ONE_END,composites,ri,complete,2.028195522795056,0.45050477803438055,0.49635121348034333,0.9101991084140031
interior_none,1009,trained,ONE_END,composites,rci,complete,1.8526049029755385,0.5283436461764522,0.5412529567012443,0.9757634517924304
interior_none,1009,trained,ONE_END_numeric_null,generators,c,complete,2.2391808717284643,0.3199360623216878,0.46040964885829194,0.702308244199095
interior_none,1009,trained,ONE_END_numeric_null,generators,r,complete,2.1051503997586996,0.2720279180738115,0.4897456434484949,0.557729532092877
interior_none,1009,trained,ONE_END_numeric_null,generators,i,complete,1.4862844878697523,0.4426405836942872,0.6932912688554197,0.6449514011371095
interior_none,1009,trained,ONE_END_numeric_null,composites,rc,complete,1.8170828361051348,0.48178716771794033,0.5553760835283119,0.8644485943624113
interior_none,1009,trained,ONE_END_numeric_null,composites,ci,complete,2.09798636180977,0.40990725635422676,0.481589047733351,0.8482534993637896
interior_none,1009,trained,ONE_END_numeric_null,composites,ri,complete,2.09798636180977,0.36141952266768995,0.4829183371626688,0.745472561985276
interior_none,1009,trained,ONE_END_numeric_null,composites,rci,complete,1.8277764747338365,0.5085496249943148,0.5523494578797492,0.9193000298563617
interior_none,1009,trained,source_query_concat,generators,c,complete,1.7105563237138917,0.38051857045731863,0.5976099344362037,0.6325940144695217
interior_none,1009,trained,source_query_concat,generators,r,complete,1.461331522728875,0.14280865496372955,0.6938834285109803,0.1856185935975353
interior_none,1009,trained,source_query_concat,generators,i,complete,1.5083004621078635,0.4940138796718171,0.6789171218646448,0.7299605262301169
interior_none,1009,trained,source_query_concat,composites,rc,complete,1.5975818099201176,0.42204885387579427,0.6343604604584417,0.6582804981848427
interior_none,1009,trained,source_query_concat,composites,ci,complete,2.00310625752236,0.46141708557441147,0.5050697251203534,0.9103326041004001
interior_none,1009,trained,source_query_concat,composites,ri,complete,2.00310625752236,0.37877589365185493,0.5051080783842484,0.7426192553261038
interior_none,1009,trained,source_query_concat,composites,rci,complete,1.3774813091593445,0.6793983225559608,0.7341675502495846,0.9234769743896586
interior_none,1009,trained,source_query_concat_numeric_null,generators,c,complete,2.4228616537932357,0.27713402391084635,0.4562666312659043,0.555210715199957
interior_none,1009,trained,source_query_concat_numeric_null,generators,r,complete,2.1688542042208723,0.2203226136337609,0.5048964881546395,0.35604214442860205
interior_none,1009,trained,source_query_concat_numeric_null,generators,i,complete,1.7872192649138656,0.368812887361852,0.6038025812677337,0.5541635343344219
interior_none,1009,trained,source_query_concat_numeric_null,composites,rc,complete,1.7504326318795829,0.4326957043703386,0.6111829054246548,0.6608724705372754
interior_none,1009,trained,source_query_concat_numeric_null,composites,ci,complete,2.053459334466717,0.4308898446709546,0.5247079502100628,0.7909798923688226
interior_none,1009,trained,source_query_concat_numeric_null,composites,ri,complete,2.053459334466717,0.35214292005211517,0.5249346918073278,0.6155338823992511
interior_none,1009,trained,source_query_concat_numeric_null,composites,rci,complete,1.6796118822364863,0.5489698454061489,0.6351399272089022,0.8428260357292888
interior_none,3037,trained,ONE_END,generators,c,complete,1.8964948368446275,0.42306078568378525,0.5350081090692999,0.7975634798637736
interior_none,3037,trained,ONE_END,generators,r,complete,1.8520063493734107,0.4325698888916492,0.5541107204740165,0.7964829680634754
interior_none,3037,trained,ONE_END,generators,i,complete,1.918954175883961,0.5205430624687987,0.5325479249460219,0.9957600652211356
interior_none,3037,trained,ONE_END,composites,rc,complete,1.5433710870535335,0.5807258553348795,0.6492660996255992,0.8926838511197751
interior_none,3037,trained,ONE_END,composites,ci,complete,1.9385883198474292,0.5133494638816553,0.5179522594853526,0.9915278012020999
interior_none,3037,trained,ONE_END,composites,ri,complete,1.9385883198474292,0.5078557833026548,0.5190313146999548,0.980839709234388
interior_none,3037,trained,ONE_END,composites,rci,complete,1.7478995508813067,0.5671231145823314,0.5741264495632139,0.9882223723812831
interior_none,3037,trained,ONE_END_numeric_null,generators,c,complete,2.123113017019614,0.38827964877567567,0.4888337257174554,0.8081987582014689
interior_none,3037,trained,ONE_END_numeric_null,generators,r,complete,2.3060273612789812,0.3103552297865917,0.4545454570844074,0.6987682154216023
interior_none,3037,trained,ONE_END_numeric_null,generators,i,complete,1.9323620516082447,0.4983115125336431,0.5341176853849816,0.9515694501420728
interior_none,3037,trained,ONE_END_numeric_null,composites,rc,complete,1.7441734196325493,0.5386676978689653,0.5795674098997411,0.9275877888503631
interior_none,3037,trained,ONE_END_numeric_null,composites,ci,complete,1.995325932779812,0.49173777201021385,0.5072141967399499,0.9684609201703858
interior_none,3037,trained,ONE_END_numeric_null,composites,ri,complete,1.995325932779812,0.47626667322662863,0.5074093747798634,0.9372114444175925
interior_none,3037,trained,ONE_END_numeric_null,composites,rci,complete,1.703138143826575,0.5755226314360387,0.5934091565067423,0.9694961844625559
interior_none,3037,trained,source_query_concat,generators,c,complete,1.8302598548535673,0.42789396604376173,0.565226916142049,0.7635855099660617
interior_none,3037,trained,source_query_concat,generators,r,complete,1.662635847527601,0.22447310745889723,0.6147775040134249,0.34875136655370054
interior_none,3037,trained,source_query_concat,generators,i,complete,1.4730402865250054,0.5250208178528071,0.7028851978276505,0.7570365450880023
interior_none,3037,trained,source_query_concat,composites,rc,complete,1.743341193956503,0.4723757991635489,0.5822715967710217,0.8066804184274623
interior_none,3037,trained,source_query_concat,composites,ci,complete,2.0002294511005445,0.4725859154594716,0.5075339737582942,0.9293534152294688
interior_none,3037,trained,source_query_concat,composites,ri,complete,2.0002294511005445,0.3957774141117917,0.5085701810391413,0.7734049058109187
interior_none,3037,trained,source_query_concat,composites,rci,complete,1.2025922788759509,0.7915803531734675,0.8414299063923858,0.9381912362307968
interior_none,3037,trained,source_query_concat_numeric_null,generators,c,complete,2.2659048310370284,0.36304704724621534,0.5004238631840898,0.6903843235552688
interior_none,3037,trained,source_query_concat_numeric_null,generators,r,complete,2.0871620383966127,0.3077896406763556,0.5307403886866815,0.5050138649986677
interior_none,3037,trained,source_query_concat_numeric_null,generators,i,complete,1.598119003862138,0.495678223057558,0.6921291700328435,0.6796606711554456
interior_none,3037,trained,source_query_concat_numeric_null,composites,rc,complete,1.81977347354444,0.5049388784133728,0.5999087454016861,0.8102369229695868
interior_none,3037,trained,source_query_concat_numeric_null,composites,ci,complete,2.0301667305689923,0.4858467091193987,0.5406390761061465,0.8785469928410341
interior_none,3037,trained,source_query_concat_numeric_null,composites,ri,complete,2.0301667305689928,0.421074588764449,0.5401545162741948,0.7331313613491475
interior_none,3037,trained,source_query_concat_numeric_null,composites,rci,complete,1.6854003050162767,0.5964096940535073,0.6428186738183346,0.9134401787625496
cycle_three,2027,trained,ONE_END,generators,c,complete,2.1123574941431333,0.48325516262332774,0.4832632809791608,1.0171770537669507
cycle_three,2027,trained,ONE_END,generators,r,complete,2.1347818406275754,0.47535985570468875,0.48059320670476663,1.0111396123179277
cycle_three,2027,trained,ONE_END,generators,i,complete,0.39786567312492127,0.7405022596944919,2.4948823287488033,0.29203404920046716
cycle_three,2027,trained,ONE_END,composites,rc,complete,1.7733142053717403,0.558585788701404,0.5682850515994332,0.9875626907072178
cycle_three,2027,trained,ONE_END,composites,ci,complete,2.085503941524589,0.4878255301917727,0.4817929960038565,1.0138251374136198
cycle_three,2027,trained,ONE_END,composites,ri,complete,2.085503941524589,0.4870272287548688,0.48313087064580773,1.0121542547987779
cycle_three,2027,trained,ONE_END,composites,rci,complete,1.7636091497560715,0.56118509433756,0.5693889446714986,0.986913786251959
cycle_three,2027,trained,ONE_END_numeric_null,generators,c,complete,2.060290179881863,0.49629738758549824,0.4968808516796632,1.016221856260164
cycle_three,2027,trained,ONE_END_numeric_null,generators,r,complete,2.08621301501284,0.4891434841151959,0.4936257019405363,1.014224131832166
cycle_three,2027,trained,ONE_END_numeric_null,generators,i,complete,0.34877577998113035,0.747755233159852,2.8890709834289514,0.25609677099110095
cycle_three,2027,trained,ONE_END_numeric_null,composites,rc,complete,1.6570123370874712,0.5955320498660224,0.6091369546847353,0.9816171498252125
cycle_three,2027,trained,ONE_END_numeric_null,composites,ci,complete,2.052481483606119,0.495296521580236,0.4911881019686028,1.0104525890048166
cycle_three,2027,trained,ONE_END_numeric_null,composites,ri,complete,2.0524814836061185,0.49723709249185166,0.4920127037957789,1.0144604079210533
cycle_three,2027,trained,ONE_END_numeric_null,composites,rci,complete,1.6498065408468954,0.5980137004814733,0.609517917489385,0.9817037882128473
cycle_three,2027,trained,source_query_concat,generators,c,complete,1.9704859446790461,0.517811542366784,0.5189646439895844,1.0136865259793164
cycle_three,2027,trained,source_query_concat,generators,r,complete,1.978418850006781,0.5155081050736282,0.5221612855237386,1.013237937830181
cycle_three,2027,trained,source_query_concat,generators,i,complete,0.08472540209787587,0.7502598629270236,11.752694494091331,0.057434482353499725
cycle_three,2027,trained,source_query_concat,composites,rc,complete,0.2741675925492061,3.4263023167003808,3.684579051633209,0.9333908165418636
cycle_three,2027,trained,source_query_concat,composites,ci,complete,1.9709319657473348,0.5164660734626849,0.5104284439048367,1.0114497275673506
cycle_three,2027,trained,source_query_concat,composites,ri,complete,1.9709319657473348,0.5168691143803051,0.5104713011583485,1.0122493882087462
cycle_three,2027,trained,source_query_concat,composites,rci,complete,0.26919849073493896,3.4904001462238137,3.734320872973183,0.9338437080166833
cycle_three,2027,trained,source_query_concat_numeric_null,generators,c,complete,2.0004451097007605,0.5245990499829835,0.5234865499366212,1.0189841153334414
cycle_three,2027,trained,source_query_concat_numeric_null,generators,r,complete,2.038758324828294,0.5125927792445413,0.5170140933777004,1.014172062392139
cycle_three,2027,trained,source_query_concat_numeric_null,generators,i,complete,0.2770466805298032,0.7187753875668862,3.620089988994815,0.17304189828060004
cycle_three,2027,trained,source_query_concat_numeric_null,composites,rc,complete,1.1001898657465758,0.8842041907356004,0.9336738283991404,0.9451330266197959
cycle_three,2027,trained,source_query_concat_numeric_null,composites,ci,complete,2.006024786721941,0.521318029811715,0.5138674965788783,1.0160314975869793
cycle_three,2027,trained,source_query_concat_numeric_null,composites,ri,complete,2.006024786721941,0.5216012219790404,0.5132524179038096,1.016617555542627
cycle_three,2027,trained,source_query_concat_numeric_null,composites,rci,complete,1.0892256696871476,0.8927238076076396,0.9404801858014049,0.9458121833317714
cycle_four,2027,random,ONE_END,generators,c,complete,2.07566152100625,0.4690799879278706,0.5056399149339486,0.9435579598449084
cycle_four,2027,random,ONE_END,generators,r,complete,3.4580290884538925,0.09810709418680406,0.30856221016223634,0.2764653583058565
cycle_four,2027,random,ONE_END,generators,i,complete,1.948612302821889,0.4882728382726697,0.535771623827099,0.9252279237748458
cycle_four,2027,random,ONE_END,composites,rc,complete,1.9435057700892644,0.510447440906302,0.5286724816129801,0.9654497212176394
cycle_four,2027,random,ONE_END,composites,ci,complete,2.018747485369805,0.49091994548892004,0.5084961777645604,0.9635612677520503
cycle_four,2027,random,ONE_END,composites,ri,complete,2.018747485369805,0.4956023771456489,0.5083917887374696,0.9732719464644988
cycle_four,2027,random,ONE_END,composites,rci,complete,1.947965201993321,0.5143120362055935,0.525759541476389,0.9770874012614087
cycle_four,2027,random,ONE_END_numeric_null,generators,c,complete,2.075946210640884,0.46925590426793845,0.505410366506197,0.94531117095517
cycle_four,2027,random,ONE_END_numeric_null,generators,r,complete,3.4582197197661104,0.09826760069300498,0.3078272581399576,0.27984178394972575
cycle_four,2027,random,ONE_END_numeric_null,generators,i,complete,1.9507171365982274,0.48711461180672944,0.5352854340722254,0.9250610169946777
cycle_four,2027,random,ONE_END_numeric_null,composites,rc,complete,1.9420455501751883,0.5098062931738576,0.5282045277665159,0.9647251222058774
cycle_four,2027,random,ONE_END_numeric_null,composites,ci,complete,2.0184288174935925,0.4904966273204945,0.5079551253952858,0.9638867326611401
cycle_four,2027,random,ONE_END_numeric_null,composites,ri,complete,2.0184288174935925,0.4949274763868706,0.5077749360184378,0.9730629645790101
cycle_four,2027,random,ONE_END_numeric_null,composites,rci,complete,1.9469268785960565,0.5140707720703583,0.5255641656152575,0.9771293963693207
cycle_four,2027,random,source_query_concat,generators,c,complete,2.075467676059378,0.4695295935121192,0.5057998713364306,0.9462380738817335
cycle_four,2027,random,source_query_concat,generators,r,complete,3.4488854705614305,0.09840061917659099,0.308485437363524,0.28137583837479735
cycle_four,2027,random,source_query_concat,generators,i,complete,1.9512030904126823,0.48807174018777977,0.5351233387847076,0.9273859525873726
cycle_four,2027,random,source_query_concat,composites,rc,complete,1.942460920945204,0.5100165597268027,0.5273538557944096,0.9657804100434639
cycle_four,2027,random,source_query_concat,composites,ci,complete,2.0177973118681267,0.4903974107192881,0.5080121195671882,0.9635985986547875
cycle_four,2027,random,source_query_concat,composites,ri,complete,2.0177973118681267,0.4949583840847988,0.5081380706439974,0.9730374927812934
cycle_four,2027,random,source_query_concat,composites,rci,complete,1.9454978070014646,0.514687928449283,0.5258371064647874,0.9779145892341722
cycle_four,2027,random,source_query_concat_numeric_null,generators,c,complete,2.076009709766099,0.46903196810485703,0.5048649593356968,0.9466006507888693
cycle_four,2027,random,source_query_concat_numeric_null,generators,r,complete,3.4482025527189473,0.09841634161905399,0.30799504060882577,0.2834283696346507
cycle_four,2027,random,source_query_concat_numeric_null,generators,i,complete,1.9538973966896553,0.4880201303696028,0.5331235044553491,0.9297910335847641
cycle_four,2027,random,source_query_concat_numeric_null,composites,rc,complete,1.9419258763023137,0.5093721772111822,0.5269733918974482,0.9652218956133123
cycle_four,2027,random,source_query_concat_numeric_null,composites,ci,complete,2.0173724130928603,0.49053127051278134,0.5077548183622849,0.9647021762434221
cycle_four,2027,random,source_query_concat_numeric_null,composites,ri,complete,2.0173724130928603,0.49429627073725696,0.5077706225509853,0.9724845760181364
cycle_four,2027,random,source_query_concat_numeric_null,composites,rci,complete,1.9445861906162225,0.514486149666358,0.5256069704878434,0.9779704723214524
interior_four,1009,random,ONE_END,generators,c,complete,2.0447505926757636,0.4781559961408251,0.5158746323771396,0.9476878908647148
interior_four,1009,random,ONE_END,generators,r,complete,3.490213681113242,0.09086369170671514,0.3130408399504131,0.2520393755972949
interior_four,1009,random,ONE_END,generators,i,complete,1.9497542499376201,0.48968884366026477,0.5347850453695425,0.9280457318605503
interior_four,1009,random,ONE_END,composites,rc,complete,1.9772440534986802,0.5055258242267912,0.5194111287890869,0.9715725480513958
interior_four,1009,random,ONE_END,composites,ci,complete,2.029332919735614,0.49234846081159017,0.5066721657392526,0.9711075235400582
interior_four,1009,random,ONE_END,composites,ri,complete,2.029332919735614,0.49589115803036987,0.5065066932049773,0.9784970150450714
interior_four,1009,random,ONE_END,composites,rci,complete,1.9403089961639353,0.5187475821997641,0.5278933694378903,0.9817874527901249
interior_four,1009,random,ONE_END_numeric_null,generators,c,complete,2.0452259540086843,0.477241978219204,0.514858324256096,0.9480602570844457
interior_four,1009,random,ONE_END_numeric_null,generators,r,complete,3.491409284739757,0.09040055898067668,0.3128155684059126,0.2547073602473769
interior_four,1009,random,ONE_END_numeric_null,generators,i,complete,1.949140555490896,0.48867929963986045,0.5343723055114371,0.9273401253489452
interior_four,1009,random,ONE_END_numeric_null,composites,rc,complete,1.9758818730884258,0.5043998680326313,0.5190109295903681,0.9704083863122083
interior_four,1009,random,ONE_END_numeric_null,composites,ci,complete,2.0291624327740174,0.4922021794725209,0.5057434914204577,0.9725512322885669
interior_four,1009,random,ONE_END_numeric_null,composites,ri,complete,2.029162432774018,0.49554646425770543,0.5056937572172945,0.9795141749165486
interior_four,1009,random,ONE_END_numeric_null,composites,rci,complete,1.9419892341202822,0.517811930967152,0.5267404927211001,0.9822389852342642
interior_four,1009,random,source_query_concat,generators,c,complete,2.0433012895967764,0.4743380314500342,0.5183227767246326,0.9393053147808457
interior_four,1009,random,source_query_concat,generators,r,complete,3.490715646379671,0.09248826022586255,0.31238205264716146,0.2573591817725028
interior_four,1009,random,source_query_concat,generators,i,complete,1.9490277929951716,0.4883048973297671,0.5376780872911416,0.9245184875987233
interior_four,1009,random,source_query_concat,composites,rc,complete,1.976080169403233,0.504336949336233,0.5197354477012043,0.9689736285745867
interior_four,1009,random,source_query_concat,composites,ci,complete,2.029318083915655,0.4924513058408091,0.5059884105989477,0.9714646119237191
interior_four,1009,random,source_query_concat,composites,ri,complete,2.029318083915655,0.4979590962452458,0.5068924199136606,0.9829535777857525
interior_four,1009,random,source_query_concat,composites,rci,complete,1.9462207588958877,0.5181727481845672,0.5265230761875755,0.9832238286477061
interior_four,1009,random,source_query_concat_numeric_null,generators,c,complete,2.04383204666077,0.47310073378638634,0.5176593091829892,0.9389621400467607
interior_four,1009,random,source_query_concat_numeric_null,generators,r,complete,3.492033097304836,0.09209994618927259,0.3109829644131154,0.26083189712520427
interior_four,1009,random,source_query_concat_numeric_null,generators,i,complete,1.9491666196130546,0.4875656532626786,0.5367905022329853,0.9248904492487737
interior_four,1009,random,source_query_concat_numeric_null,composites,rc,complete,1.9750203808086721,0.5024322340519094,0.5190051300833176,0.9663831000159445
interior_four,1009,random,source_query_concat_numeric_null,composites,ci,complete,2.027630769532649,0.49226064443649703,0.5055607121035925,0.9721296341692908
interior_four,1009,random,source_query_concat_numeric_null,composites,ri,complete,2.0276307695326494,0.4984376261013368,0.5065614415366269,0.9849808895063538
interior_four,1009,random,source_query_concat_numeric_null,composites,rci,complete,1.949159527930814,0.5166890056285883,0.5249203400893836,0.9834202622831297
interior_four,3037,random,ONE_END,generators,c,complete,2.0235942791943753,0.48632518045257433,0.5173725783175679,0.9599834506926914
interior_four,3037,random,ONE_END,generators,r,complete,3.4462314687049482,0.08907538322056847,0.308787801312787,0.2560008357138642
interior_four,3037,random,ONE_END,generators,i,complete,1.9511686519225417,0.49815804519275864,0.5334669683862189,0.9506625412130982
interior_four,3037,random,ONE_END,composites,rc,complete,1.992181894182611,0.5029710679744089,0.5128542013367301,0.9799975190013904
interior_four,3037,random,ONE_END,composites,ci,complete,2.029601869974095,0.4941430911834426,0.5036794270357322,0.9806037284964896
interior_four,3037,random,ONE_END,composites,ri,complete,2.029601869974095,0.49697595671884637,0.5037160676257039,0.9864826791361235
interior_four,3037,random,ONE_END,composites,rci,complete,1.9356281868312155,0.5220465847018094,0.5269460070309049,0.9903274777646675
interior_four,3037,random,ONE_END_numeric_null,generators,c,complete,2.0242025471308414,0.48633474861591436,0.5161015186015121,0.9620521454323365
interior_four,3037,random,ONE_END_numeric_null,generators,r,complete,3.4456929953510107,0.08894919632835592,0.3073385593490051,0.2588803289685019
interior_four,3037,random,ONE_END_numeric_null,generators,i,complete,1.9541448729283353,0.49723705684713176,0.5322688940188263,0.9517279070455346
interior_four,3037,random,ONE_END_numeric_null,composites,rc,complete,1.990917214171361,0.5022754272998684,0.512200073921615,0.9794091113950126
interior_four,3037,random,ONE_END_numeric_null,composites,ci,complete,2.028205397022822,0.49493784308254574,0.5031371928831314,0.9831094082058501
interior_four,3037,random,ONE_END_numeric_null,composites,ri,complete,2.028205397022822,0.497283637869786,0.5035014945778683,0.9879669545193811
interior_four,3037,random,ONE_END_numeric_null,composites,rci,complete,1.9371436959610466,0.5213665021757415,0.5258750005529728,0.9911171985298006
interior_four,3037,random,source_query_concat,generators,c,complete,2.0238204001003632,0.48896353819110183,0.5153668597494737,0.9638681335887422
interior_four,3037,random,source_query_concat,generators,r,complete,3.4365998391329033,0.09448417198955934,0.31143232170041935,0.2701089954512516
interior_four,3037,random,source_query_concat,generators,i,complete,1.9586049851348064,0.5014600534552349,0.5316169034817617,0.9596317986598323
interior_four,3037,random,source_query_concat,composites,rc,complete,1.9909808887180371,0.5057517302709001,0.5144822952491649,0.9834018541095091
interior_four,3037,random,source_query_concat,composites,ci,complete,2.023903236398062,0.4973228926911783,0.5058888072887113,0.982526049935987
interior_four,3037,random,source_query_concat,composites,ri,complete,2.023903236398062,0.5009017834985429,0.505908290871777,0.9899441624768519
interior_four,3037,random,source_query_concat,composites,rci,complete,1.93618318537877,0.5234390547075681,0.5275978676278609,0.9917838461643308
interior_four,3037,random,source_query_concat_numeric_null,generators,c,complete,2.023805719671128,0.48743444243123457,0.5152103574408732,0.9623135281946639
interior_four,3037,random,source_query_concat_numeric_null,generators,r,complete,3.435868648808329,0.09422999536496732,0.3104767220196711,0.2725313675276048
interior_four,3037,random,source_query_concat_numeric_null,generators,i,complete,1.9602524788305582,0.5008502908798462,0.530023806525069,0.9606051876637431
interior_four,3037,random,source_query_concat_numeric_null,composites,rc,complete,1.989858796345113,0.5051340087613461,0.5141497252153506,0.9831538227150969
interior_four,3037,random,source_query_concat_numeric_null,composites,ci,complete,2.023556757163728,0.4976556256826445,0.5052371778350725,0.9846270535432314
interior_four,3037,random,source_query_concat_numeric_null,composites,ri,complete,2.023556757163728,0.5005622435587314,0.5051762401510194,0.9906415859443595
interior_four,3037,random,source_query_concat_numeric_null,composites,rci,complete,1.9374748267052284,0.5230123610851878,0.5265880686137193,0.9929732258335777
interior_none,1009,random,ONE_END,generators,c,complete,2.0447506051752584,0.47815596737751953,0.5158746259977801,0.9476878344125924
interior_none,1009,random,ONE_END,generators,r,complete,3.4902136463357682,0.09086370609892346,0.31304085469899495,0.25203942450861405
interior_none,1009,random,ONE_END,generators,i,complete,1.9497542158781065,0.4896888505080076,0.5347850581914555,0.9280457310299671
interior_none,1009,random,ONE_END,composites,rc,complete,1.9772440515937422,0.5055258118536325,0.5194111318124396,0.9715725209755566
interior_none,1009,random,ONE_END,composites,ci,complete,2.0293329383595564,0.4923484521771412,0.5066721655502542,0.9711075102026512
interior_none,1009,random,ONE_END,composites,ri,complete,2.0293329383595564,0.49589116766194935,0.5065066908776523,0.9784970398905906
interior_none,1009,random,ONE_END,composites,rci,complete,1.940308976901245,0.5187475930563774,0.5278933752072734,0.9817874622833525
interior_none,1009,random,ONE_END_numeric_null,generators,c,complete,2.0452259793276033,0.4772419741666184,0.5148583269812236,0.9480602594183989
interior_none,1009,random,ONE_END_numeric_null,generators,r,complete,3.491409245519699,0.09040056754227363,0.31281558890316924,0.2547073885076338
interior_none,1009,random,ONE_END_numeric_null,generators,i,complete,1.94914053240704,0.48867931888319066,0.5343723160697204,0.9273401560689084
interior_none,1009,random,ONE_END_numeric_null,composites,rc,complete,1.975881859757234,0.5043998720086648,0.5190109318384643,0.9704083852910381
interior_none,1009,random,ONE_END_numeric_null,composites,ci,complete,2.029162446950916,0.4922021740103446,0.5057434903049631,0.9725512243643966
interior_none,1009,random,ONE_END_numeric_null,composites,ri,complete,2.029162446950916,0.4955464730313669,0.5056937564291135,0.979514196688419
interior_none,1009,random,ONE_END_numeric_null,composites,rci,complete,1.9419892191801431,0.5178119424434264,0.5267404966742761,0.9822390000431281
interior_none,1009,random,source_query_concat,generators,c,complete,2.0433607823626057,0.4743541476177882,0.5183448850211398,0.9393783977184172
interior_none,1009,random,source_query_concat,generators,r,complete,3.490602118626767,0.09248305932155797,0.31237923814711527,0.2573779822339367
interior_none,1009,random,source_query_concat,generators,i,complete,1.9491766141484757,0.48821076970190597,0.5376288133501863,0.9244274187795577
interior_none,1009,random,source_query_concat,composites,rc,complete,1.9760487113886032,0.504345066019365,0.5197256508799807,0.9689970759844931
interior_none,1009,random,source_query_concat,composites,ci,complete,2.0292442324130753,0.4924696160170752,0.5060069147902193,0.9714849898460842
interior_none,1009,random,source_query_concat,composites,ri,complete,2.0292442324130753,0.4979512475845366,0.5068949304327122,0.9829187598851129
interior_none,1009,random,source_query_concat,composites,rci,complete,1.9462689839562364,0.518175475094453,0.5265065548905796,0.9832668341101392
interior_none,1009,random,source_query_concat_numeric_null,generators,c,complete,2.043890721239049,0.4729967030001962,0.5176806795458188,0.9387770686343633
interior_none,1009,random,source_query_concat_numeric_null,generators,r,complete,3.491928307492946,0.0920897080772663,0.3109587993828138,0.26084504923336205
interior_none,1009,random,source_query_concat_numeric_null,generators,i,complete,1.9493487801848113,0.48754154549969053,0.5367247961521804,0.9249520752406599
interior_none,1009,random,source_query_concat_numeric_null,composites,rc,complete,1.9749887100977173,0.5023930719207044,0.5189895899248569,0.9663184350714744
interior_none,1009,random,source_query_concat_numeric_null,composites,ci,complete,2.0275387027571274,0.4922703831603083,0.5055826505997838,0.9721215708498654
interior_none,1009,random,source_query_concat_numeric_null,composites,ri,complete,2.0275387027571274,0.4984484373050001,0.506564940850581,0.9849742605768226
interior_none,1009,random,source_query_concat_numeric_null,composites,rci,complete,1.949197507364567,0.5166770912156735,0.5248985221333188,0.9834443291605321
interior_four,1009,trained,ONE_END,generators,c,complete,1.6756279699005105,0.4124912136785629,0.6245781890592984,0.6836100919845939
interior_four,1009,trained,ONE_END,generators,r,complete,1.515712936368059,0.5726570960846339,0.6732386643695644,0.8621615009030291
interior_four,1009,trained,ONE_END,generators,i,complete,1.9758867339990935,0.5161440421199134,0.5207000572484081,1.015058980312691
interior_four,1009,trained,ONE_END,composites,rc,complete,1.4924097537153675,0.5978222919076099,0.6758364890947238,0.8869516130868887
interior_four,1009,trained,ONE_END,composites,ci,complete,1.9829838090050371,0.5098104229227334,0.507819741136022,1.0059015384121122
interior_four,1009,trained,ONE_END,composites,ri,complete,1.9829838090050371,0.5074725213999671,0.5081925079814966,1.0012417780239593
interior_four,1009,trained,ONE_END,composites,rci,complete,1.9601904231217946,0.5129852582883752,0.5126979073626625,1.00069685617074
interior_four,1009,trained,ONE_END_numeric_null,generators,c,complete,2.5711308863983766,0.27759720390705356,0.41623871757872044,0.6808389752738544
interior_four,1009,trained,ONE_END_numeric_null,generators,r,complete,1.923126550152281,0.5137208280929506,0.5512062770442937,0.9648293880651215
interior_four,1009,trained,ONE_END_numeric_null,generators,i,complete,1.9647837558906545,0.5285199288031995,0.5315475636909753,1.017992954421649
interior_four,1009,trained,ONE_END_numeric_null,composites,rc,complete,1.9174816503598149,0.5189476507646057,0.5324909394116215,0.9742977888767396
interior_four,1009,trained,ONE_END_numeric_null,composites,ci,complete,1.9892782038971055,0.5157089505061415,0.5145790052215085,1.0041161512886552
interior_four,1009,trained,ONE_END_numeric_null,composites,ri,complete,1.9892782038971055,0.5149750648729831,0.513444851105142,1.0026232432694293
interior_four,1009,trained,ONE_END_numeric_null,composites,rci,complete,1.9778547553145764,0.5166353280513158,0.5161920339020886,1.000997004412771
interior_four,1009,trained,source_query_concat,generators,c,complete,1.323946548153395,0.29217834791053343,0.7754089135751311,0.3604336805451964
interior_four,1009,trained,source_query_concat,generators,r,complete,1.2040506826900692,0.5781964529125604,0.8704072462817875,0.6773792772330368
interior_four,1009,trained,source_query_concat,generators,i,complete,1.9320930776481662,0.5303249083906536,0.5377076280418227,1.0109310263995133
interior_four,1009,trained,source_query_concat,composites,rc,complete,1.3165191498297137,0.5350012373073219,0.7737833982506541,0.6864978474801154
interior_four,1009,trained,source_query_concat,composites,ci,complete,1.9710152059191903,0.5149890652936018,0.5148483545085067,1.0005414643789206
interior_four,1009,trained,source_query_concat,composites,ri,complete,1.9710152059191903,0.5141761220199488,0.5159025491214179,0.9989154507022446
interior_four,1009,trained,source_query_concat,composites,rci,complete,1.9134603414135753,0.5288199373211013,0.5297203569236333,0.9981527522370339
interior_four,1009,trained,source_query_concat_numeric_null,generators,c,complete,2.3623515954292595,0.24909094932152076,0.46933168047722995,0.46935502756879033
interior_four,1009,trained,source_query_concat_numeric_null,generators,r,complete,1.8060545827262031,0.5162110322805015,0.6040009697403952,0.8533142782206251
interior_four,1009,trained,source_query_concat_numeric_null,generators,i,complete,1.9489645629003969,0.5542232143109764,0.5595756934378825,1.0137329926698622
interior_four,1009,trained,source_query_concat_numeric_null,composites,rc,complete,1.7234502680711603,0.539954165153916,0.6187003981825286,0.855648421026188
interior_four,1009,trained,source_query_concat_numeric_null,composites,ci,complete,2.0076692961291616,0.5331013875664407,0.5336554896609601,1.0000344388353102
interior_four,1009,trained,source_query_concat_numeric_null,composites,ri,complete,2.007669296129161,0.5330070537225403,0.533486714847228,0.9998306067464097
interior_four,1009,trained,source_query_concat_numeric_null,composites,rci,complete,1.9089874345365545,0.5581673316315265,0.5586907541993522,0.998752070952059
position_three,1009,random,ONE_END,generators,c,complete,2.0447505926757636,0.4781559961408251,0.5158746323771396,0.9476878908647148
position_three,1009,random,ONE_END,generators,r,complete,3.490213681113242,0.09086369170671514,0.3130408399504131,0.2520393755972949
position_three,1009,random,ONE_END,generators,i,complete,1.9497542499376201,0.48968884366026477,0.5347850453695425,0.9280457318605503
position_three,1009,random,ONE_END,composites,rc,complete,1.9772440534986802,0.5055258242267912,0.5194111287890869,0.9715725480513958
position_three,1009,random,ONE_END,composites,ci,complete,2.029332919735614,0.49234846081159017,0.5066721657392526,0.9711075235400582
position_three,1009,random,ONE_END,composites,ri,complete,2.029332919735614,0.49589115803036987,0.5065066932049773,0.9784970150450714
position_three,1009,random,ONE_END,composites,rci,complete,1.9403089961639353,0.5187475821997641,0.5278933694378903,0.9817874527901249
position_three,1009,random,ONE_END_numeric_null,generators,c,complete,2.0452259540086843,0.477241978219204,0.514858324256096,0.9480602570844457
position_three,1009,random,ONE_END_numeric_null,generators,r,complete,3.491409284739757,0.09040055898067668,0.3128155684059126,0.2547073602473769
position_three,1009,random,ONE_END_numeric_null,generators,i,complete,1.949140555490896,0.48867929963986045,0.5343723055114371,0.9273401253489452
position_three,1009,random,ONE_END_numeric_null,composites,rc,complete,1.9758818730884258,0.5043998680326313,0.5190109295903681,0.9704083863122083
position_three,1009,random,ONE_END_numeric_null,composites,ci,complete,2.0291624327740174,0.4922021794725209,0.5057434914204577,0.9725512322885669
position_three,1009,random,ONE_END_numeric_null,composites,ri,complete,2.029162432774018,0.49554646425770543,0.5056937572172945,0.9795141749165486
position_three,1009,random,ONE_END_numeric_null,composites,rci,complete,1.9419892341202822,0.517811930967152,0.5267404927211001,0.9822389852342642
position_three,1009,random,source_query_concat,generators,c,complete,2.043324578218093,0.4743422889107035,0.5183969860173943,0.939450910542539
position_three,1009,random,source_query_concat,generators,r,complete,3.4905069409218235,0.09238670371634748,0.31233639363659027,0.2573398852585753
position_three,1009,random,source_query_concat,generators,i,complete,1.9488849904856231,0.4881987311353202,0.5376725898406515,0.9243441441898992
position_three,1009,random,source_query_concat,composites,rc,complete,1.9760338308713383,0.5043322758687342,0.5196830059450389,0.9690590009931785
position_three,1009,random,source_query_concat,composites,ci,complete,2.029521729485227,0.4923568058131426,0.5058809797839425,0.9715069762640295
position_three,1009,random,source_query_concat,composites,ri,complete,2.029521729485227,0.4978226743093221,0.5067732303138919,0.9829082026953454
position_three,1009,random,source_query_concat,composites,rci,complete,1.9459810766942336,0.518191202917765,0.5265387731470691,0.9832412762837965
position_three,1009,random,source_query_concat_numeric_null,generators,c,complete,2.0438789042075953,0.47313811965365205,0.5176445669106606,0.9391764724296602
position_three,1009,random,source_query_concat_numeric_null,generators,r,complete,3.4918134036986657,0.09200237204175449,0.3109404658711249,0.2608054449671867
position_three,1009,random,source_query_concat_numeric_null,generators,i,complete,1.9490781508843127,0.48754850040747966,0.5367648061075461,0.9249193473371822
position_three,1009,random,source_query_concat_numeric_null,composites,rc,complete,1.9749545495695926,0.5024526667086594,0.5189766227686408,0.9665178242634097
position_three,1009,random,source_query_concat_numeric_null,composites,ci,complete,2.027798147184478,0.49214957613215343,0.5054705844714831,0.9721103312276396
position_three,1009,random,source_query_concat_numeric_null,composites,ri,complete,2.0277981471844777,0.4982596592964515,0.5064584962678687,0.9848219686775312
position_three,1009,random,source_query_concat_numeric_null,composites,rci,complete,1.9489181753858285,0.5166446465369775,0.5249343767241114,0.9833142831964642
cycle_none,1009,random,ONE_END,generators,c,complete,2.0447506051752584,0.47815596737751953,0.5158746259977801,0.9476878344125924
cycle_none,1009,random,ONE_END,generators,r,complete,3.4902136463357682,0.09086370609892346,0.31304085469899495,0.25203942450861405
cycle_none,1009,random,ONE_END,generators,i,complete,1.9497542158781065,0.4896888505080076,0.5347850581914555,0.9280457310299671
cycle_none,1009,random,ONE_END,composites,rc,complete,1.9772440515937422,0.5055258118536325,0.5194111318124396,0.9715725209755566
cycle_none,1009,random,ONE_END,composites,ci,complete,2.0293329383595564,0.4923484521771412,0.5066721655502542,0.9711075102026512
cycle_none,1009,random,ONE_END,composites,ri,complete,2.0293329383595564,0.49589116766194935,0.5065066908776523,0.9784970398905906
cycle_none,1009,random,ONE_END,composites,rci,complete,1.940308976901245,0.5187475930563774,0.5278933752072734,0.9817874622833525
cycle_none,1009,random,ONE_END_numeric_null,generators,c,complete,2.0452259793276033,0.4772419741666184,0.5148583269812236,0.9480602594183989
cycle_none,1009,random,ONE_END_numeric_null,generators,r,complete,3.491409245519699,0.09040056754227363,0.31281558890316924,0.2547073885076338
cycle_none,1009,random,ONE_END_numeric_null,generators,i,complete,1.94914053240704,0.48867931888319066,0.5343723160697204,0.9273401560689084
cycle_none,1009,random,ONE_END_numeric_null,composites,rc,complete,1.975881859757234,0.5043998720086648,0.5190109318384643,0.9704083852910381
cycle_none,1009,random,ONE_END_numeric_null,composites,ci,complete,2.029162446950916,0.4922021740103446,0.5057434903049631,0.9725512243643966
cycle_none,1009,random,ONE_END_numeric_null,composites,ri,complete,2.029162446950916,0.4955464730313669,0.5056937564291135,0.979514196688419
cycle_none,1009,random,ONE_END_numeric_null,composites,rci,complete,1.9419892191801431,0.5178119424434264,0.5267404966742761,0.9822390000431281
cycle_none,1009,random,source_query_concat,generators,c,complete,2.0431805790907958,0.4744423149532198,0.5184508484678951,0.939535541325926
cycle_none,1009,random,source_query_concat,generators,r,complete,3.4903705932870603,0.09247764566652233,0.31234869645734026,0.2575303491892643
cycle_none,1009,random,source_query_concat,generators,i,complete,1.9492074312387138,0.48830329911924875,0.537531538227395,0.9246826663537208
cycle_none,1009,random,source_query_concat,composites,rc,complete,1.97617072100658,0.5043642458767446,0.5196691357802987,0.9691541910371133
cycle_none,1009,random,source_query_concat,composites,ci,complete,2.0292173660653128,0.49243754050339067,0.506010192039641,0.971465547488794
cycle_none,1009,random,source_query_concat,composites,ri,complete,2.0292173660653128,0.49798365656602345,0.5068737915739832,0.9830329738619812
cycle_none,1009,random,source_query_concat,composites,rci,complete,1.9462956101916504,0.5181551690078222,0.5264707645431543,0.9832981704537114
cycle_none,1009,random,source_query_concat_numeric_null,generators,c,complete,2.04370705426541,0.4730937699071888,0.5177077221144529,0.9389564487311353
cycle_none,1009,random,source_query_concat_numeric_null,generators,r,complete,3.491681737868475,0.09209897212523696,0.3109619946878366,0.26102407796089994
cycle_none,1009,random,source_query_concat_numeric_null,generators,i,complete,1.9494039426841174,0.487592455712709,0.5366238582634276,0.9251366215414015
cycle_none,1009,random,source_query_concat_numeric_null,composites,rc,complete,1.9751243740349056,0.5023978413002974,0.5189585655811002,0.9664359627771436
cycle_none,1009,random,source_query_concat_numeric_null,composites,ci,complete,2.0275083118496995,0.4922527769531474,0.5055805391923769,0.9721290769335948
cycle_none,1009,random,source_query_concat_numeric_null,composites,ri,complete,2.0275083118496995,0.4984389457610053,0.5065497009786097,0.9849977387010623
cycle_none,1009,random,source_query_concat_numeric_null,composites,rci,complete,1.9492037911914606,0.5166427469128908,0.5248791921744571,0.98340983758486
position_none,2027,trained,ONE_END,generators,c,complete,1.8920879156462287,0.41450069778730425,0.5351683914335785,0.7822931803247459
position_none,2027,trained,ONE_END,generators,r,complete,1.8623160591434893,0.5033428345811763,0.5552785455512846,0.9357524090505505
position_none,2027,trained,ONE_END,generators,i,complete,1.5923826789265654,0.6003843915043239,0.6384687991810216,0.9545957702273772
position_none,2027,trained,ONE_END,composites,rc,complete,1.6213761767986838,0.5953594303630696,0.6188261138887513,0.9637811873342423
position_none,2027,trained,ONE_END,composites,ci,complete,1.8405910244241732,0.5288037026928004,0.5455049615707181,0.9717675298801679
position_none,2027,trained,ONE_END,composites,ri,complete,1.8405910244241732,0.5400581750985426,0.5450199099089027,0.9925140659631759
position_none,2027,trained,ONE_END,composites,rci,complete,1.7640690590434391,0.560990989544844,0.5673774112834922,0.9881997361294625
position_none,2027,trained,ONE_END_numeric_null,generators,c,complete,2.4290831123205137,0.31355383026623057,0.4221547826625171,0.7554331682889327
position_none,2027,trained,ONE_END_numeric_null,generators,r,complete,2.1267032929271372,0.4542172823587277,0.4851772927627886,0.9611117791521175
position_none,2027,trained,ONE_END_numeric_null,generators,i,complete,1.7165861882251312,0.5700324186626762,0.5929447280294264,0.9741829974970304
position_none,2027,trained,ONE_END_numeric_null,composites,rc,complete,1.729463236135018,0.5623694272155513,0.5811888667737054,0.9679488755491981
position_none,2027,trained,ONE_END_numeric_null,composites,ci,complete,2.049646393397241,0.4837836459035854,0.49148433105167894,0.9869010098122543
position_none,2027,trained,ONE_END_numeric_null,composites,ri,complete,2.049646393397241,0.4843062566033607,0.49145895655760086,0.9879772353379969
position_none,2027,trained,ONE_END_numeric_null,composites,rci,complete,1.837342739230501,0.5422254724607425,0.5463997020125765,0.9918360878304017
position_none,2027,trained,source_query_concat,generators,c,complete,2.208268417240179,0.3118740942868494,0.46675451645627164,0.6771710448032962
position_none,2027,trained,source_query_concat,generators,r,complete,1.9695016528517437,0.48111671185124016,0.5286599562341637,0.9389468428918791
position_none,2027,trained,source_query_concat,generators,i,complete,1.3569682356432802,0.6238366041853689,0.7593517780633753,0.8378694242198964
position_none,2027,trained,source_query_concat,composites,rc,complete,1.6272158866265731,0.5820934849249519,0.6209172164579574,0.9391247883615794
position_none,2027,trained,source_query_concat,composites,ci,complete,1.972650109351537,0.48510438653454846,0.5117817930315017,0.9485639646119445
position_none,2027,trained,source_query_concat,composites,ri,complete,1.972650109351537,0.4933516691801393,0.5134283221390515,0.9649651170774405
position_none,2027,trained,source_query_concat,composites,rci,complete,1.6700957037483704,0.5899333532814166,0.6036165818781539,0.9776461996992069
position_none,2027,trained,source_query_concat_numeric_null,generators,c,complete,2.6196481495167325,0.2508541689340099,0.407069463193174,0.6259666543330136
position_none,2027,trained,source_query_concat_numeric_null,generators,r,complete,2.0392176782783036,0.4894724756766068,0.5093243418313306,0.9761926968296383
position_none,2027,trained,source_query_concat_numeric_null,generators,i,complete,1.7329797262037119,0.5576385304848365,0.600726081666782,0.9459042723351062
position_none,2027,trained,source_query_concat_numeric_null,composites,rc,complete,1.878109110581168,0.5266518515900455,0.5436552323044214,0.9684874964589935
position_none,2027,trained,source_query_concat_numeric_null,composites,ci,complete,2.0329137642685544,0.4937688142507844,0.5019905331135898,0.9823562113140131
position_none,2027,trained,source_query_concat_numeric_null,composites,ri,complete,2.0329137642685544,0.49509265526560275,0.504069678226288,0.9851058474378194
position_none,2027,trained,source_query_concat_numeric_null,composites,rci,complete,1.888339128384558,0.5352991750824487,0.5399285989243179,0.9912322666022234
cycle_none,2027,trained,ONE_END,generators,c,complete,2.0932164750294318,0.4717442060570446,0.48803548898711174,0.9811859621451074
cycle_none,2027,trained,ONE_END,generators,r,complete,2.1328205645977136,0.4624268219184296,0.47681715699561183,0.9801997692235347
cycle_none,2027,trained,ONE_END,generators,i,complete,1.66173212614556,0.4291234099146788,0.6087540170979239,0.7072226711970777
cycle_none,2027,trained,ONE_END,composites,rc,complete,1.9018746799380486,0.5081521387236613,0.5299128048461841,0.9608146962467966
cycle_none,2027,trained,ONE_END,composites,ci,complete,2.0500606070799767,0.48462898654090997,0.4910059328126528,0.9878078958137382
cycle_none,2027,trained,ONE_END,composites,ri,complete,2.0500606070799767,0.48605609542602085,0.4914643021939068,0.9907503040931342
cycle_none,2027,trained,ONE_END,composites,rci,complete,1.1080711212575156,0.8798074265395485,0.9068478710586768,0.9700362226747058
cycle_none,2027,trained,ONE_END_numeric_null,generators,c,complete,2.1328646367711395,0.45923033857260526,0.49494484133080696,0.9473713241125701
cycle_none,2027,trained,ONE_END_numeric_null,generators,r,complete,2.168593689355486,0.4544929480591756,0.4804124862158886,0.9543278681709306
cycle_none,2027,trained,ONE_END_numeric_null,generators,i,complete,1.8088655618584368,0.3922936668097679,0.5719603276835811,0.678593829847361
cycle_none,2027,trained,ONE_END_numeric_null,composites,rc,complete,2.1099223851010485,0.4536525253527915,0.4881545813405609,0.9277212185242492
cycle_none,2027,trained,ONE_END_numeric_null,composites,ci,complete,2.0386311026651804,0.4897885986618775,0.5048581930910432,0.9692727456549752
cycle_none,2027,trained,ONE_END_numeric_null,composites,ri,complete,2.0386311026651804,0.49096093784147526,0.5048599986181879,0.9717330693934438
cycle_none,2027,trained,ONE_END_numeric_null,composites,rci,complete,1.3636041431153352,0.7128708317132266,0.7506148054776276,0.9471328557697829
cycle_none,2027,trained,source_query_concat,generators,c,complete,2.008930271530685,0.507244544561575,0.5112744676482652,1.0073518616804833
cycle_none,2027,trained,source_query_concat,generators,r,complete,2.0147914328605547,0.506188942016969,0.5127203850012956,1.0082031060237726
cycle_none,2027,trained,source_query_concat,generators,i,complete,1.5780005539049222,0.46838277000763767,0.6439058717716456,0.7285710774817464
cycle_none,2027,trained,source_query_concat,composites,rc,complete,1.6304675350452145,0.6037321497368661,0.6211363081111331,0.9736961567855099
cycle_none,2027,trained,source_query_concat,composites,ci,complete,2.0036531205541035,0.5031676373057228,0.5049276408300634,0.9971967726623159
cycle_none,2027,trained,source_query_concat,composites,ri,complete,2.0036531205541035,0.50190505902147,0.5053373686174418,0.994638619028778
cycle_none,2027,trained,source_query_concat,composites,rci,complete,0.2111051991998752,4.640536787199796,4.773495346753914,0.9714517637456228
cycle_none,2027,trained,source_query_concat_numeric_null,generators,c,complete,2.05785602652453,0.5231429451268766,0.5368128943084602,0.9901829785687828
cycle_none,2027,trained,source_query_concat_numeric_null,generators,r,complete,2.045857782942086,0.5280747734792776,0.5399323723084939,0.9944696658777443
cycle_none,2027,trained,source_query_concat_numeric_null,generators,i,complete,1.380050661058126,0.44635856102809623,0.7753947117123328,0.519427273409157
cycle_none,2027,trained,source_query_concat_numeric_null,composites,rc,complete,1.7008771774016718,0.6054543753150455,0.6329440822786399,0.9499667995549425
cycle_none,2027,trained,source_query_concat_numeric_null,composites,ci,complete,1.9881847029447242,0.5407420754149139,0.5435739109193267,0.9943207865787232
cycle_none,2027,trained,source_query_concat_numeric_null,composites,ri,complete,1.9881847029447242,0.5395413570195081,0.5436347666541508,0.991722189330395
cycle_none,2027,trained,source_query_concat_numeric_null,composites,rci,complete,1.0099634442693057,1.001733761453886,1.0457101949115042,0.9517770208210894
cycle_three,3037,random,ONE_END,generators,c,complete,2.0235943193986654,0.4863251722114421,0.5173725525893341,0.9599834558211164
cycle_three,3037,random,ONE_END,generators,r,complete,3.4462314363695605,0.08907539377754797,0.30878780254144444,0.25600086834390545
cycle_three,3037,random,ONE_END,generators,i,complete,1.9511686389843577,0.4981580427327553,0.5334669925293357,0.9506625339143282
cycle_three,3037,random,ONE_END,composites,rc,complete,1.9921818584031545,0.502971074091049,0.5128542058839134,0.979997518432511
cycle_three,3037,random,ONE_END,composites,ci,complete,2.0296018710119603,0.494143089766976,0.5036794283322954,0.980603725672092
cycle_three,3037,random,ONE_END,composites,ri,complete,2.02960187101196,0.4969759548307711,0.5037160663518782,0.98648267533254
cycle_three,3037,random,ONE_END,composites,rci,complete,1.935628217207646,0.5220465673297543,0.5269459995390628,0.9903274585653354
cycle_three,3037,random,ONE_END_numeric_null,generators,c,complete,2.0242025870125198,0.48633472400343675,0.5161015062142131,0.9620521161328182
cycle_three,3037,random,ONE_END_numeric_null,generators,r,complete,3.445692954838272,0.08894920191877227,0.3073385523166324,0.25888034373746205
cycle_three,3037,random,ONE_END_numeric_null,generators,i,complete,1.9541448660332765,0.4972370508781151,0.5322689243947735,0.9517278957270568
cycle_three,3037,random,ONE_END_numeric_null,composites,rc,complete,1.9909171804161296,0.5022754310163019,0.512200078540186,0.979409105875227
cycle_three,3037,random,ONE_END_numeric_null,composites,ci,complete,2.0282053934716866,0.49493783841599764,0.5031371902760148,0.9831093976341346
cycle_three,3037,random,ONE_END_numeric_null,composites,ri,complete,2.0282053934716866,0.4972836245656518,0.5035014901930235,0.9879669260522698
cycle_three,3037,random,ONE_END_numeric_null,composites,rci,complete,1.9371437165094494,0.5213664870961735,0.5258749963764686,0.9911171773042632
cycle_three,3037,random,source_query_concat,generators,c,complete,2.0236887272928263,0.48893193599533763,0.5153181205038556,0.9638340556604156
cycle_three,3037,random,source_query_concat,generators,r,complete,3.436683991084618,0.09437296437668564,0.31137783810189096,0.26996632791788133
cycle_three,3037,random,source_query_concat,generators,i,complete,1.9585371871535544,0.5013584611807043,0.5315719486229525,0.9594984259323859
cycle_three,3037,random,source_query_concat,composites,rc,complete,1.9910462633443975,0.5056714369303658,0.5144182233340928,0.9833747343184045
cycle_three,3037,random,source_query_concat,composites,ci,complete,2.0240085763752163,0.49727842941558137,0.5058345330171234,0.9825772180886952
cycle_three,3037,random,source_query_concat,composites,ri,complete,2.0240085763752163,0.5008366301288782,0.5058337709491142,0.9899521492898967
cycle_three,3037,random,source_query_concat,composites,rci,complete,1.9360169331801247,0.5234295010815113,0.5275996922846157,0.9917666672577706
cycle_three,3037,random,source_query_concat_numeric_null,generators,c,complete,2.023653085683076,0.4874416596778831,0.5151800432309708,0.9623324108313444
cycle_three,3037,random,source_query_concat_numeric_null,generators,r,complete,3.435950937200865,0.09408782821335544,0.31042394007481305,0.27226176812463776
cycle_three,3037,random,source_query_concat_numeric_null,generators,i,complete,1.9601562275658726,0.5008375681213475,0.5299931698169807,0.9606179913046058
cycle_three,3037,random,source_query_concat_numeric_null,composites,rc,complete,1.9899435356432293,0.5050757794523488,0.5140775457287617,0.9831698921284635
cycle_three,3037,random,source_query_concat_numeric_null,composites,ci,complete,2.0236739836093505,0.4975896318557065,0.5051748471216106,0.9846311903292949
cycle_three,3037,random,source_query_concat_numeric_null,composites,ri,complete,2.0236739836093505,0.5005347801446655,0.5051005669220584,0.9907252991738035
cycle_three,3037,random,source_query_concat_numeric_null,composites,rci,complete,1.9372894629855169,0.5230207196700246,0.5266010434070028,0.992969889283735
interior_four,2027,trained,ONE_END,generators,c,complete,2.1729994705684126,0.38325538311524643,0.47283259224726887,0.8266489639317781
interior_four,2027,trained,ONE_END,generators,r,complete,1.9233602726033685,0.4994562845946809,0.5266565990963609,0.9558932344397325
interior_four,2027,trained,ONE_END,generators,i,complete,1.8812401762982158,0.5443488477805472,0.545194728473822,1.0199306214221056
interior_four,2027,trained,ONE_END,composites,rc,complete,1.6016998208539868,0.5953556250155893,0.6256221107266169,0.9491928831884028
interior_four,2027,trained,ONE_END,composites,ci,complete,2.0188537581011587,0.49882641495550695,0.49801108657948434,1.0026609171777707
interior_four,2027,trained,ONE_END,composites,ri,complete,2.0188537581011587,0.49763387954775096,0.49805991595824944,1.0002426051520268
interior_four,2027,trained,ONE_END,composites,rci,complete,1.8489548799856492,0.5432225559963133,0.5432627342901658,1.0000854658563343
interior_four,2027,trained,ONE_END_numeric_null,generators,c,complete,2.351687622290799,0.3522495150052512,0.4409097799488813,0.8081295575411293
interior_four,2027,trained,ONE_END_numeric_null,generators,r,complete,1.9992295021644932,0.48710082685365785,0.5175715657837286,0.9584677888194695
interior_four,2027,trained,ONE_END_numeric_null,generators,i,complete,1.8857089111592482,0.5478712269620188,0.5479404026547792,1.0196179094423041
interior_four,2027,trained,ONE_END_numeric_null,composites,rc,complete,1.727845059235392,0.5636286753457713,0.5863926501032287,0.9597364675734754
interior_four,2027,trained,ONE_END_numeric_null,composites,ci,complete,2.010260247327084,0.5047267847945842,0.5048666192266709,1.0002265445692529
interior_four,2027,trained,ONE_END_numeric_null,composites,ri,complete,2.010260247327084,0.5039907711005936,0.5051836007579994,0.9987252359852842
interior_four,2027,trained,ONE_END_numeric_null,composites,rci,complete,1.8801848141544089,0.5384961904257699,0.539339940817328,0.9983406780171182
interior_four,2027,trained,source_query_concat,generators,c,complete,1.623650479574197,0.22981555801647796,0.6537967939412344,0.3501914111742475
interior_four,2027,trained,source_query_concat,generators,r,complete,1.5156043139868836,0.4266876573160939,0.6777996922761921,0.6301176037150276
interior_four,2027,trained,source_query_concat,generators,i,complete,1.7712641886137133,0.5698775583809997,0.5807233264535845,0.9981291462329959
interior_four,2027,trained,source_query_concat,composites,rc,complete,1.1021708440456464,0.5863951845227542,0.9164581645914566,0.6318041605583243
interior_four,2027,trained,source_query_concat,composites,ci,complete,2.0230293097970535,0.4917293946403617,0.5010655196883814,0.9825791909446211
interior_four,2027,trained,source_query_concat,composites,ri,complete,2.0230293097970535,0.4921262448557133,0.5007805406650929,0.9833917525854111
interior_four,2027,trained,source_query_concat,composites,rci,complete,1.8195735493139054,0.546234733770102,0.5558793871514817,0.9821297949172614
interior_four,2027,trained,source_query_concat_numeric_null,generators,c,complete,2.3333070532038653,0.2779625019852852,0.4790228355544203,0.5187986831184312
interior_four,2027,trained,source_query_concat_numeric_null,generators,r,complete,1.9330953425807793,0.46988012654424544,0.5702290236313265,0.8187173113657387
interior_four,2027,trained,source_query_concat_numeric_null,generators,i,complete,1.88245835109322,0.5714261536812597,0.5812200356834858,1.0042979519052855
interior_four,2027,trained,source_query_concat_numeric_null,composites,rc,complete,1.5840602234592123,0.5712787147545844,0.672478042920357,0.827177717004256
interior_four,2027,trained,source_query_concat_numeric_null,composites,ci,complete,2.035691008420017,0.5251658354878903,0.5290498098546966,0.9922249034848796
interior_four,2027,trained,source_query_concat_numeric_null,composites,ri,complete,2.035691008420017,0.5235203791796966,0.5294000515838747,0.9885989846929725
interior_four,2027,trained,source_query_concat_numeric_null,composites,rci,complete,1.92690096685707,0.5513747471138394,0.5566507853458651,0.9889623174563024
cycle_none,2027,random,ONE_END,generators,c,complete,2.07566152100625,0.4690799879278706,0.5056399149339486,0.9435579598449084
cycle_none,2027,random,ONE_END,generators,r,complete,3.4580290884538925,0.09810709418680406,0.30856221016223634,0.2764653583058565
cycle_none,2027,random,ONE_END,generators,i,complete,1.948612302821889,0.4882728382726697,0.535771623827099,0.9252279237748458
cycle_none,2027,random,ONE_END,composites,rc,complete,1.9435057700892644,0.510447440906302,0.5286724816129801,0.9654497212176394
cycle_none,2027,random,ONE_END,composites,ci,complete,2.018747485369805,0.49091994548892004,0.5084961777645604,0.9635612677520503
cycle_none,2027,random,ONE_END,composites,ri,complete,2.018747485369805,0.4956023771456489,0.5083917887374696,0.9732719464644988
cycle_none,2027,random,ONE_END,composites,rci,complete,1.947965201993321,0.5143120362055935,0.525759541476389,0.9770874012614087
cycle_none,2027,random,ONE_END_numeric_null,generators,c,complete,2.075946210640884,0.46925590426793845,0.505410366506197,0.94531117095517
cycle_none,2027,random,ONE_END_numeric_null,generators,r,complete,3.4582197197661104,0.09826760069300498,0.3078272581399576,0.27984178394972575
cycle_none,2027,random,ONE_END_numeric_null,generators,i,complete,1.9507171365982274,0.48711461180672944,0.5352854340722254,0.9250610169946777
cycle_none,2027,random,ONE_END_numeric_null,composites,rc,complete,1.9420455501751883,0.5098062931738576,0.5282045277665159,0.9647251222058774
cycle_none,2027,random,ONE_END_numeric_null,composites,ci,complete,2.0184288174935925,0.4904966273204945,0.5079551253952858,0.9638867326611401
cycle_none,2027,random,ONE_END_numeric_null,composites,ri,complete,2.0184288174935925,0.4949274763868706,0.5077749360184378,0.9730629645790101
cycle_none,2027,random,ONE_END_numeric_null,composites,rci,complete,1.9469268785960565,0.5140707720703583,0.5255641656152575,0.9771293963693207
cycle_none,2027,random,source_query_concat,generators,c,complete,2.075424351721537,0.4696586735826141,0.5057394516117875,0.9465780993415982
cycle_none,2027,random,source_query_concat,generators,r,complete,3.448834198828914,0.0982858332092293,0.308453712604192,0.2811594877629561
cycle_none,2027,random,source_query_concat,generators,i,complete,1.950853696156565,0.48814071672607107,0.535219842321259,0.9274022455605061
cycle_none,2027,random,source_query_concat,composites,rc,complete,1.942394514297896,0.5101052643455214,0.5273606865827865,0.9659699485685299
cycle_none,2027,random,source_query_concat,composites,ci,complete,2.018066745951745,0.49025962654895133,0.507906449205859,0.9635186611402113
cycle_none,2027,random,source_query_concat,composites,ri,complete,2.018066745951745,0.4948482686713263,0.5080345313881196,0.9730154853608945
cycle_none,2027,random,source_query_concat,composites,rci,complete,1.9453005252031503,0.514684798505751,0.5258659415655977,0.9778593392335163
cycle_none,2027,random,source_query_concat_numeric_null,generators,c,complete,2.075985137750813,0.4692082268817715,0.5048423910135459,0.9470398928192076
cycle_none,2027,random,source_query_concat_numeric_null,generators,r,complete,3.4481272339283047,0.09831360861771168,0.307930574579458,0.2832653848938462
cycle_none,2027,random,source_query_concat_numeric_null,generators,i,complete,1.9534559369548452,0.4880625865665547,0.5332038554617553,0.9297180761049397
cycle_none,2027,random,source_query_concat_numeric_null,composites,rc,complete,1.9418415008372067,0.5094488387427202,0.5269858661934308,0.9653909190980837
cycle_none,2027,random,source_query_concat_numeric_null,composites,ci,complete,2.01770419818338,0.4904217828195344,0.5076398688872594,0.9647143543921765
cycle_none,2027,random,source_query_concat_numeric_null,composites,ri,complete,2.01770419818338,0.49415791747679494,0.5076463184364326,0.9724378443225516
cycle_none,2027,random,source_query_concat_numeric_null,composites,rci,complete,1.9443299711759474,0.5145214233152604,0.5256452288248366,0.977971463162703
position_none,1009,random,ONE_END,generators,c,complete,2.0447505926757636,0.4781559961408251,0.5158746323771396,0.9476878908647148
position_none,1009,random,ONE_END,generators,r,complete,3.490213681113242,0.09086369170671514,0.3130408399504131,0.2520393755972949
position_none,1009,random,ONE_END,generators,i,complete,1.9497542499376201,0.48968884366026477,0.5347850453695425,0.9280457318605503
position_none,1009,random,ONE_END,composites,rc,complete,1.9772440534986802,0.5055258242267912,0.5194111287890869,0.9715725480513958
position_none,1009,random,ONE_END,composites,ci,complete,2.029332919735614,0.49234846081159017,0.5066721657392526,0.9711075235400582
position_none,1009,random,ONE_END,composites,ri,complete,2.029332919735614,0.49589115803036987,0.5065066932049773,0.9784970150450714
position_none,1009,random,ONE_END,composites,rci,complete,1.9403089961639353,0.5187475821997641,0.5278933694378903,0.9817874527901249
position_none,1009,random,ONE_END_numeric_null,generators,c,complete,2.0452259540086843,0.477241978219204,0.514858324256096,0.9480602570844457
position_none,1009,random,ONE_END_numeric_null,generators,r,complete,3.491409284739757,0.09040055898067668,0.3128155684059126,0.2547073602473769
position_none,1009,random,ONE_END_numeric_null,generators,i,complete,1.949140555490896,0.48867929963986045,0.5343723055114371,0.9273401253489452
position_none,1009,random,ONE_END_numeric_null,composites,rc,complete,1.9758818730884258,0.5043998680326313,0.5190109295903681,0.9704083863122083
position_none,1009,random,ONE_END_numeric_null,composites,ci,complete,2.0291624327740174,0.4922021794725209,0.5057434914204577,0.9725512322885669
position_none,1009,random,ONE_END_numeric_null,composites,ri,complete,2.029162432774018,0.49554646425770543,0.5056937572172945,0.9795141749165486
position_none,1009,random,ONE_END_numeric_null,composites,rci,complete,1.9419892341202822,0.517811930967152,0.5267404927211001,0.9822389852342642
position_none,1009,random,source_query_concat,generators,c,complete,2.0432907977339463,0.47449381845075994,0.518384876816417,0.9396085227190907
position_none,1009,random,source_query_concat,generators,r,complete,3.490505447672225,0.09251873281911617,0.3124121900603823,0.2574537782645693
position_none,1009,random,source_query_concat,generators,i,complete,1.9488834212910873,0.48845667171419876,0.5376866985598682,0.9247464528422207
position_none,1009,random,source_query_concat,composites,rc,complete,1.9760714228138827,0.5044373730849347,0.519738980842209,0.9691609039260839
position_none,1009,random,source_query_concat,composites,ci,complete,2.0294694945234455,0.49241872156563676,0.505950202500828,0.9714639137811385
position_none,1009,random,source_query_concat,composites,ri,complete,2.0294694945234455,0.4979291316190228,0.5068508275289701,0.9829593170893607
position_none,1009,random,source_query_concat,composites,rci,complete,1.9460430549675698,0.5182194601968941,0.5265795469447923,0.983210112856101
position_none,1009,random,source_query_concat_numeric_null,generators,c,complete,2.0438170487542173,0.47321590301864713,0.5177090943147525,0.9391809267455903
position_none,1009,random,source_query_concat_numeric_null,generators,r,complete,3.4918103667977696,0.09214129072674886,0.3110367646887858,0.2609650992853527
position_none,1009,random,source_query_concat_numeric_null,generators,i,complete,1.949010842131576,0.48767131309840817,0.5368020274353443,0.9250122368715967
position_none,1009,random,source_query_concat_numeric_null,composites,rc,complete,1.975029177582786,0.5024901802326415,0.5190157551735393,0.966489699185214
position_none,1009,random,source_query_concat_numeric_null,composites,ci,complete,2.0277761372782055,0.4922488890440479,0.505523623999664,0.9721710526523559
position_none,1009,random,source_query_concat_numeric_null,composites,ri,complete,2.0277761372782055,0.4984005092287809,0.5065259546738509,0.9849705902170347
position_none,1009,random,source_query_concat_numeric_null,composites,rci,complete,1.948991896110205,0.516739726045874,0.5249795301005304,0.9834048196286415
position_three,1009,trained,ONE_END,generators,c,complete,2.129488758437897,0.4377493698712045,0.47782986431239266,0.9280016206704335
position_three,1009,trained,ONE_END,generators,r,complete,2.1703031518693034,0.42480263634271914,0.47334673585086623,0.9177022000228965
position_three,1009,trained,ONE_END,generators,i,complete,1.8904483754756545,0.273465564247288,0.5417853003266073,0.5125427072019723
position_three,1009,trained,ONE_END,composites,rc,complete,1.992655629313081,0.46857204535245905,0.5044242005211251,0.9300384021945848
position_three,1009,trained,ONE_END,composites,ci,complete,2.0133400659801994,0.47812936447478854,0.498752819842709,0.9588462828654769
position_three,1009,trained,ONE_END,composites,ri,complete,2.0133400659801994,0.4697321536231288,0.4982325724442713,0.9418772683786474
position_three,1009,trained,ONE_END,composites,rci,complete,1.3235545152942831,0.7132087971569199,0.7580735796676409,0.9407268295698104
position_three,1009,trained,ONE_END_numeric_null,generators,c,complete,2.1453872384317187,0.4176716254639436,0.47802151683126526,0.8803757552840926
position_three,1009,trained,ONE_END_numeric_null,generators,r,complete,2.346121909437532,0.36333219747768253,0.4461997632041584,0.8364544553992317
position_three,1009,trained,ONE_END_numeric_null,generators,i,complete,1.734488341279917,0.24238600797872423,0.5904936583587724,0.40299432780975797
position_three,1009,trained,ONE_END_numeric_null,composites,rc,complete,2.0115176003190114,0.4432296187316913,0.5047040542864468,0.877753105711513
position_three,1009,trained,ONE_END_numeric_null,composites,ci,complete,2.072553778362934,0.43425317273211533,0.48846833353041014,0.8855769259230568
position_three,1009,trained,ONE_END_numeric_null,composites,ri,complete,2.072553778362934,0.43073024910170543,0.48865317548496423,0.878178133603072
position_three,1009,trained,ONE_END_numeric_null,composites,rci,complete,1.4671318169586638,0.6148286148427724,0.6890140128725836,0.8897358913829995
position_three,1009,trained,source_query_concat,generators,c,complete,2.0043233888666294,0.5069848658777913,0.517597656810042,0.9969438833682034
position_three,1009,trained,source_query_concat,generators,r,complete,2.017451163761175,0.4951986581811347,0.5176705175225589,0.9793586634147565
position_three,1009,trained,source_query_concat,generators,i,complete,1.6852234415459562,0.19821372776016433,0.6185944281631393,0.30910689594937235
position_three,1009,trained,source_query_concat,composites,rc,complete,1.7135138140347246,0.5623396059614663,0.5927546917161594,0.9456393174191211
position_three,1009,trained,source_query_concat,composites,ci,complete,1.9938023251206232,0.5102253410171953,0.510954629749992,0.9990083817034456
position_three,1009,trained,source_query_concat,composites,ri,complete,1.9938023251206232,0.5103574568556755,0.5110622317397249,0.9992767363089086
position_three,1009,trained,source_query_concat,composites,rci,complete,0.16893243647522585,5.631502175702078,5.968872430505844,0.9420260819611276
position_three,1009,trained,source_query_concat_numeric_null,generators,c,complete,2.072386411197757,0.5070569305112097,0.5433726693184279,0.9338427668010783
position_three,1009,trained,source_query_concat_numeric_null,generators,r,complete,2.1758445273432927,0.44899122594020374,0.5216993224426607,0.8487440619117987
position_three,1009,trained,source_query_concat_numeric_null,generators,i,complete,1.551638975576979,0.365583661495423,0.7082424509075955,0.4317582596487301
position_three,1009,trained,source_query_concat_numeric_null,composites,rc,complete,1.8077319780899195,0.563406513071427,0.6080964224819657,0.9089915686079962
position_three,1009,trained,source_query_concat_numeric_null,composites,ci,complete,1.9772672212640099,0.5355242740782532,0.558919766757586,0.9480812119807372
position_three,1009,trained,source_query_concat_numeric_null,composites,ri,complete,1.9772672212640099,0.5343408685420306,0.5595374225397309,0.9454634644793952
position_three,1009,trained,source_query_concat_numeric_null,composites,rci,complete,1.041025244774701,0.9256772467924745,1.0023597616309778,0.9107049599159979
position_none,3037,random,ONE_END,generators,c,complete,2.0235942791943753,0.48632518045257433,0.5173725783175679,0.9599834506926914
position_none,3037,random,ONE_END,generators,r,complete,3.4462314687049482,0.08907538322056847,0.308787801312787,0.2560008357138642
position_none,3037,random,ONE_END,generators,i,complete,1.9511686519225417,0.49815804519275864,0.5334669683862189,0.9506625412130982
position_none,3037,random,ONE_END,composites,rc,complete,1.992181894182611,0.5029710679744089,0.5128542013367301,0.9799975190013904
position_none,3037,random,ONE_END,composites,ci,complete,2.029601869974095,0.4941430911834426,0.5036794270357322,0.9806037284964896
position_none,3037,random,ONE_END,composites,ri,complete,2.029601869974095,0.49697595671884637,0.5037160676257039,0.9864826791361235
position_none,3037,random,ONE_END,composites,rci,complete,1.9356281868312155,0.5220465847018094,0.5269460070309049,0.9903274777646675
position_none,3037,random,ONE_END_numeric_null,generators,c,complete,2.0242025471308414,0.48633474861591436,0.5161015186015121,0.9620521454323365
position_none,3037,random,ONE_END_numeric_null,generators,r,complete,3.4456929953510107,0.08894919632835592,0.3073385593490051,0.2588803289685019
position_none,3037,random,ONE_END_numeric_null,generators,i,complete,1.9541448729283353,0.49723705684713176,0.5322688940188263,0.9517279070455346
position_none,3037,random,ONE_END_numeric_null,composites,rc,complete,1.990917214171361,0.5022754272998684,0.512200073921615,0.9794091113950126
position_none,3037,random,ONE_END_numeric_null,composites,ci,complete,2.028205397022822,0.49493784308254574,0.5031371928831314,0.9831094082058501
position_none,3037,random,ONE_END_numeric_null,composites,ri,complete,2.028205397022822,0.497283637869786,0.5035014945778683,0.9879669545193811
position_none,3037,random,ONE_END_numeric_null,composites,rci,complete,1.9371436959610466,0.5213665021757415,0.5258750005529728,0.9911171985298006
position_none,3037,random,source_query_concat,generators,c,complete,2.0238340479936174,0.4889027829434196,0.5153271169659764,0.9637590693111581
position_none,3037,random,source_query_concat,generators,r,complete,3.4366866960577096,0.09443560734371897,0.3113894819130527,0.269987280773149
position_none,3037,random,source_query_concat,generators,i,complete,1.9584619465075792,0.5014134157113718,0.5316281756833499,0.9594826610507888
position_none,3037,random,source_query_concat,composites,rc,complete,1.990938179739938,0.5057386054498967,0.5144885693518929,0.9833751217902067
position_none,3037,random,source_query_concat,composites,ci,complete,2.0239431243584822,0.49728925234727667,0.5058760444142167,0.9824939073486963
position_none,3037,random,source_query_concat,composites,ri,complete,2.0239431243584822,0.5008668953264283,0.5058843952812554,0.9899094595831531
position_none,3037,random,source_query_concat,composites,rci,complete,1.9361577971225563,0.5234369213176481,0.5275977540629778,0.9917824688250243
position_none,3037,random,source_query_concat_numeric_null,generators,c,complete,2.02382068033277,0.4873730315899229,0.5151678080057157,0.9622089531138867
position_none,3037,random,source_query_concat_numeric_null,generators,r,complete,3.43597635454531,0.09420056166100203,0.31046645435708725,0.2724798129103989
position_none,3037,random,source_query_concat_numeric_null,generators,i,complete,1.9601031709860857,0.5008272066920387,0.5300338611122226,0.9604985088203546
position_none,3037,random,source_query_concat_numeric_null,composites,rc,complete,1.9898157717193286,0.5051458390167587,0.5141494312018356,0.9831815259364161
position_none,3037,random,source_query_concat_numeric_null,composites,ci,complete,2.0236016663950487,0.49760990153809354,0.5052199714380112,0.9845782973618792
position_none,3037,random,source_query_concat_numeric_null,composites,ri,complete,2.0236016663950487,0.5005281189923984,0.505150310990988,0.9906168572804095
position_none,3037,random,source_query_concat_numeric_null,composites,rci,complete,1.9374598083523815,0.5230103852442174,0.526584889121088,0.9929759201024706
cycle_four,2027,trained,ONE_END,generators,c,complete,1.9296148877661035,0.5380328666726131,0.5327764416655089,1.0360249606710326
cycle_four,2027,trained,ONE_END,generators,r,complete,1.9434105117061715,0.5368477071170049,0.5255561160743771,1.0412749534421275
cycle_four,2027,trained,ONE_END,generators,i,complete,0.5042532731617185,0.6911687374252795,1.9976933493480067,0.34666156952584726
cycle_four,2027,trained,ONE_END,composites,rc,complete,1.6314626211227166,0.6058925197722491,0.6138065553436102,0.9864869423575103
cycle_four,2027,trained,ONE_END,composites,ci,complete,1.9129304458908325,0.5395626914797058,0.5238399450546255,1.0301000546616814
cycle_four,2027,trained,ONE_END,composites,ri,complete,1.912930445890832,0.542735796504161,0.5244696941113438,1.0361828892982514
cycle_four,2027,trained,ONE_END,composites,rci,complete,1.6261622175051684,0.6081304870900164,0.6159659215429424,0.9869511271227083
cycle_four,2027,trained,ONE_END_numeric_null,generators,c,complete,1.9473032872042015,0.5349309563482539,0.5297632962833227,1.0376405292383102
cycle_four,2027,trained,ONE_END_numeric_null,generators,r,complete,1.9514425493755578,0.5370140021720138,0.5247659696735187,1.0441043159201566
cycle_four,2027,trained,ONE_END_numeric_null,generators,i,complete,0.4172010452619118,0.7019042530786124,2.3950104755231396,0.2891472345381872
cycle_four,2027,trained,ONE_END_numeric_null,composites,rc,complete,1.628596497668453,0.6073263781544734,0.615307761800063,0.9852930216550121
cycle_four,2027,trained,ONE_END_numeric_null,composites,ci,complete,1.9371445660628244,0.5343993317326291,0.5184578108824607,1.031363971930159
cycle_four,2027,trained,ONE_END_numeric_null,composites,ri,complete,1.9371445660628244,0.5391162224890397,0.5191804951824783,1.040538012569469
cycle_four,2027,trained,ONE_END_numeric_null,composites,rci,complete,1.6093714645075263,0.6140032842528186,0.6241344244822292,0.9844316933371238
cycle_four,2027,trained,source_query_concat,generators,c,complete,1.9509066296674655,0.5278306674947036,0.5200069993441464,1.026190412543077
cycle_four,2027,trained,source_query_concat,generators,r,complete,1.950319242177948,0.5281260346733174,0.524314042363299,1.026504870282319
cycle_four,2027,trained,source_query_concat,generators,i,complete,0.06334287236231217,0.7694874604529528,15.46197886990613,0.045043558880860306
cycle_four,2027,trained,source_query_concat,composites,rc,complete,0.21538851597713837,4.40283630065861,4.660143248069978,0.9450061668778471
cycle_four,2027,trained,source_query_concat,composites,ci,complete,1.9485103235799461,0.5281185668121372,0.5152926668941784,1.0256066894677214
cycle_four,2027,trained,source_query_concat,composites,ri,complete,1.948510323579946,0.5276183705832966,0.5150277460636471,1.0246285404739626
cycle_four,2027,trained,source_query_concat,composites,rci,complete,0.21362216750626972,4.440082136826614,4.699331239158558,0.9452767365915596
cycle_four,2027,trained,source_query_concat_numeric_null,generators,c,complete,1.9944439966257936,0.5292178277614998,0.5273827464267883,1.0267087291707706
cycle_four,2027,trained,source_query_concat_numeric_null,generators,r,complete,1.995772943175761,0.5291055591862867,0.5251735962241034,1.0273744997858372
cycle_four,2027,trained,source_query_concat_numeric_null,generators,i,complete,0.27536964753405335,0.7381052089776469,3.641479322349464,0.17694430114012322
cycle_four,2027,trained,source_query_concat_numeric_null,composites,rc,complete,1.2686393617564784,0.7899571790291101,0.8095247190938761,0.9760596090100649
cycle_four,2027,trained,source_query_concat_numeric_null,composites,ci,complete,1.983068642338157,0.5302620136417352,0.5188737514671755,1.023608874484686
cycle_four,2027,trained,source_query_concat_numeric_null,composites,ri,complete,1.983068642338157,0.530719737815027,0.51887390106119,1.0245436900403115
cycle_four,2027,trained,source_query_concat_numeric_null,composites,rci,complete,1.261503056744429,0.7939334513791048,0.8120470967816709,0.9763565298824918
cycle_none,3037,trained,ONE_END,generators,c,complete,2.07136893729458,0.4755926893263273,0.49937833457995434,0.9803034215660297
cycle_none,3037,trained,ONE_END,generators,r,complete,2.0292092992378836,0.4899338220767634,0.501080030825623,0.9894605106875068
cycle_none,3037,trained,ONE_END,generators,i,complete,0.9388935864768938,0.4414547051596733,1.0512779954911833,0.40920977742601217
cycle_none,3037,trained,ONE_END,composites,rc,complete,1.3847222586889958,0.6918319832229054,0.724204322408826,0.9534792902245782
cycle_none,3037,trained,ONE_END,composites,ci,complete,2.0374584906932847,0.4912954021364663,0.4930620743971945,0.9965856726585738
cycle_none,3037,trained,ONE_END,composites,ri,complete,2.0374584906932847,0.49115882589477444,0.4937033488616357,0.9963061691981968
cycle_none,3037,trained,ONE_END,composites,rci,complete,0.9436595718010312,1.02457356527543,1.064625754133413,0.9630630412120673
cycle_none,3037,trained,ONE_END_numeric_null,generators,c,complete,2.0786502019902433,0.4748812809470794,0.5043737622664328,0.9694146568006636
cycle_none,3037,trained,ONE_END_numeric_null,generators,r,complete,2.0729131416146225,0.4783825842879051,0.4998452062485244,0.9745059254315342
cycle_none,3037,trained,ONE_END_numeric_null,generators,i,complete,1.3698533726742375,0.42207451954734554,0.7473841902640082,0.5617313413478608
cycle_none,3037,trained,ONE_END_numeric_null,composites,rc,complete,1.8684639908532144,0.5192211873717403,0.5421908649525397,0.9539527697884211
cycle_none,3037,trained,ONE_END_numeric_null,composites,ci,complete,2.0365083091085756,0.49042263491367183,0.4990060040030101,0.9825458359482273
cycle_none,3037,trained,ONE_END_numeric_null,composites,ri,complete,2.0365083091085756,0.49438005123521844,0.49977092555600366,0.9907359475114131
cycle_none,3037,trained,ONE_END_numeric_null,composites,rci,complete,1.3228157032218257,0.7422697161135186,0.7665983774893527,0.9683817470358849
cycle_none,3037,trained,source_query_concat,generators,c,complete,2.0154065514466364,0.5040238397747537,0.5108666231045601,1.0032138380526405
cycle_none,3037,trained,source_query_concat,generators,r,complete,2.00848371229151,0.5100039534385692,0.5138108610635115,1.0119768372255917
cycle_none,3037,trained,source_query_concat,generators,i,complete,1.565379384707655,0.46599475532563783,0.6419970937172871,0.7190905633863846
cycle_none,3037,trained,source_query_concat,composites,rc,complete,1.6405577631915294,0.5997874493470039,0.6168639403314155,0.9724514920354091
cycle_none,3037,trained,source_query_concat,composites,ci,complete,2.0047091122964145,0.504122682774799,0.505577344621314,0.9987173109902575
cycle_none,3037,trained,source_query_concat,composites,ri,complete,2.0047091122964145,0.5029872090875473,0.5053215425878176,0.9964135099301886
cycle_none,3037,trained,source_query_concat,composites,rci,complete,0.22076658285678338,4.438194342690617,4.566015381092918,0.9712165110293888
cycle_none,3037,trained,source_query_concat_numeric_null,generators,c,complete,2.0516958977157733,0.5191179152542142,0.534677887791956,0.9871275751844603
cycle_none,3037,trained,source_query_concat_numeric_null,generators,r,complete,2.0441270319827334,0.5227561415582099,0.5335668119522126,0.9918305380631531
cycle_none,3037,trained,source_query_concat_numeric_null,generators,i,complete,1.214672544804386,0.4599521592249727,0.8718301330425134,0.47699373066499234
cycle_none,3037,trained,source_query_concat_numeric_null,composites,rc,complete,1.735473334306308,0.5947131717542316,0.615489921996279,0.960291393370392
cycle_none,3037,trained,source_query_concat_numeric_null,composites,ci,complete,1.9955267446454883,0.5343318524562941,0.5381020033715058,0.9928572718028558
cycle_none,3037,trained,source_query_concat_numeric_null,composites,ri,complete,1.9955267446454883,0.535510969599929,0.5379207612142306,0.9953971260525287
cycle_none,3037,trained,source_query_concat_numeric_null,composites,rci,complete,1.1142771540599128,0.9081824419117882,0.940930442550743,0.9604663151123808
position_none,3037,trained,ONE_END,generators,c,complete,2.4865546008231223,0.30160584521504874,0.40719330035379286,0.7453386061290554
position_none,3037,trained,ONE_END,generators,r,complete,1.9802331566687188,0.5008398843839894,0.5160858227033903,0.9882598491834208
position_none,3037,trained,ONE_END,generators,i,complete,1.8116054347755064,0.5422953719846331,0.5687897991512094,0.9791004104023896
position_none,3037,trained,ONE_END,composites,rc,complete,1.7823424979909734,0.5563082898999964,0.5642605228580547,0.9881966660815154
position_none,3037,trained,ONE_END,composites,ci,complete,2.032255109681036,0.4903809410321418,0.4958308896288698,0.9931710968904548
position_none,3037,trained,ONE_END,composites,ri,complete,2.032255109681036,0.49283782809142385,0.4937309868870536,0.9981811180878678
position_none,3037,trained,ONE_END,composites,rci,complete,1.879384321100899,0.5337052642697987,0.5340678687087023,0.9997394715830411
position_none,3037,trained,ONE_END_numeric_null,generators,c,complete,2.5693198080277964,0.3004158692034559,0.40066025999856525,0.7573570891427923
position_none,3037,trained,ONE_END_numeric_null,generators,r,complete,1.9995981245822205,0.504739908342981,0.5178913518323786,0.998275245218367
position_none,3037,trained,ONE_END_numeric_null,generators,i,complete,1.9414937215005754,0.5237702755792599,0.5338114125205212,1.006436547500209
position_none,3037,trained,ONE_END_numeric_null,composites,rc,complete,1.9513417616590563,0.5134193678144857,0.5183077292761056,0.9912204593316403
position_none,3037,trained,ONE_END_numeric_null,composites,ci,complete,1.9974561914093163,0.5048782824760851,0.5063843069504932,0.9977260910458762
position_none,3037,trained,ONE_END_numeric_null,composites,ri,complete,1.9974561914093163,0.5057802115567179,0.5063866931194362,0.9995473223705277
position_none,3037,trained,ONE_END_numeric_null,composites,rci,complete,1.9315274726831628,0.5226973658127577,0.5231844276436972,0.9991878797790972
position_none,3037,trained,source_query_concat,generators,c,complete,1.9799256586189617,0.28183717298776073,0.5155048958005559,0.5378238957374899
position_none,3037,trained,source_query_concat,generators,r,complete,1.8258975453453616,0.47388719540140734,0.5668896865681279,0.8498387015481369
position_none,3037,trained,source_query_concat,generators,i,complete,1.5761934575631507,0.5824333618517175,0.6523136368289107,0.9040447930052437
position_none,3037,trained,source_query_concat,composites,rc,complete,1.4665131902944732,0.5924250750601266,0.6913948880479687,0.8542413552224073
position_none,3037,trained,source_query_concat,composites,ci,complete,1.9469615215787643,0.49093990583886554,0.5202749601914317,0.9418915416754523
position_none,3037,trained,source_query_concat,composites,ri,complete,1.9469615215787643,0.5003970799239563,0.5208597606948618,0.9605555694171968
position_none,3037,trained,source_query_concat,composites,rci,complete,1.6653217664799955,0.5896284259521665,0.6081860968229209,0.9688461880682503
position_none,3037,trained,source_query_concat_numeric_null,generators,c,complete,2.4477976665962693,0.28797077977913543,0.432833822472497,0.6468213731527429
position_none,3037,trained,source_query_concat_numeric_null,generators,r,complete,1.9946956746899132,0.5079378098587408,0.5341903815036887,0.9700722393091578
position_none,3037,trained,source_query_concat_numeric_null,generators,i,complete,1.8940419398217287,0.5463298016622877,0.560086024373699,0.994874767474154
position_none,3037,trained,source_query_concat_numeric_null,composites,rc,complete,1.8759428613682925,0.5404355432235635,0.5546423206023984,0.9733382694683095
position_none,3037,trained,source_query_concat_numeric_null,composites,ci,complete,1.995074739633946,0.5172494366743389,0.5218859056504641,0.9906305436924302
position_none,3037,trained,source_query_concat_numeric_null,composites,ri,complete,1.995074739633946,0.5185698014190712,0.5221486091901787,0.9933799949146173
position_none,3037,trained,source_query_concat_numeric_null,composites,rci,complete,1.9055743615822032,0.5422007409016364,0.5456208868522388,0.9931842394045729
position_four,1009,random,ONE_END,generators,c,complete,2.0447505926757636,0.4781559961408251,0.5158746323771396,0.9476878908647148
position_four,1009,random,ONE_END,generators,r,complete,3.490213681113242,0.09086369170671514,0.3130408399504131,0.2520393755972949
position_four,1009,random,ONE_END,generators,i,complete,1.9497542499376201,0.48968884366026477,0.5347850453695425,0.9280457318605503
position_four,1009,random,ONE_END,composites,rc,complete,1.9772440534986802,0.5055258242267912,0.5194111287890869,0.9715725480513958
position_four,1009,random,ONE_END,composites,ci,complete,2.029332919735614,0.49234846081159017,0.5066721657392526,0.9711075235400582
position_four,1009,random,ONE_END,composites,ri,complete,2.029332919735614,0.49589115803036987,0.5065066932049773,0.9784970150450714
position_four,1009,random,ONE_END,composites,rci,complete,1.9403089961639353,0.5187475821997641,0.5278933694378903,0.9817874527901249
position_four,1009,random,ONE_END_numeric_null,generators,c,complete,2.0452259540086843,0.477241978219204,0.514858324256096,0.9480602570844457
position_four,1009,random,ONE_END_numeric_null,generators,r,complete,3.491409284739757,0.09040055898067668,0.3128155684059126,0.2547073602473769
position_four,1009,random,ONE_END_numeric_null,generators,i,complete,1.949140555490896,0.48867929963986045,0.5343723055114371,0.9273401253489452
position_four,1009,random,ONE_END_numeric_null,composites,rc,complete,1.9758818730884258,0.5043998680326313,0.5190109295903681,0.9704083863122083
position_four,1009,random,ONE_END_numeric_null,composites,ci,complete,2.0291624327740174,0.4922021794725209,0.5057434914204577,0.9725512322885669
position_four,1009,random,ONE_END_numeric_null,composites,ri,complete,2.029162432774018,0.49554646425770543,0.5056937572172945,0.9795141749165486
position_four,1009,random,ONE_END_numeric_null,composites,rci,complete,1.9419892341202822,0.517811930967152,0.5267404927211001,0.9822389852342642
position_four,1009,random,source_query_concat,generators,c,complete,2.0431428301945953,0.47450137134203263,0.5184672568417412,0.9396168157398933
position_four,1009,random,source_query_concat,generators,r,complete,3.4903780095190218,0.09247522238558592,0.31238129635167056,0.25746762174284765
position_four,1009,random,source_query_concat,generators,i,complete,1.949185236631528,0.48823117457531295,0.5375507334103344,0.9245049371809465
position_four,1009,random,source_query_concat,composites,rc,complete,1.9762121435016082,0.504358915502538,0.519666759286737,0.9691393786894792
position_four,1009,random,source_query_concat,composites,ci,complete,2.0291891587109374,0.4924903799901938,0.5060129679798488,0.9715378824349635
position_four,1009,random,source_query_concat,composites,ri,complete,2.0291891587109374,0.49796467792174964,0.5068812237271817,0.9829556366935118
position_four,1009,random,source_query_concat,composites,rci,complete,1.9463333463738344,0.5181722361676055,0.5264774334708032,0.9833257426384542
position_four,1009,random,source_query_concat_numeric_null,generators,c,complete,2.043686098380239,0.4731860078474544,0.5177454991174896,0.9391201686405395
position_four,1009,random,source_query_concat_numeric_null,generators,r,complete,3.491666248556511,0.0920983168155361,0.31099213283095045,0.2609762527250762
position_four,1009,random,source_query_concat_numeric_null,generators,i,complete,1.949370223795485,0.48758740264132405,0.5366452530797041,0.9250885338365628
position_four,1009,random,source_query_concat_numeric_null,composites,rc,complete,1.975146258868727,0.5024424273169249,0.5189474151849114,0.966526216066927
position_four,1009,random,source_query_concat_numeric_null,composites,ci,complete,2.027484802768323,0.4922722639114946,0.5055890470204195,0.9721390643629667
position_four,1009,random,source_query_concat_numeric_null,composites,ri,complete,2.027484802768323,0.49841747544903464,0.5065625096325448,0.9849226402479492
position_four,1009,random,source_query_concat_numeric_null,composites,rci,complete,1.9492255507267227,0.5166538646988542,0.5248840455593561,0.9834259934388768
interior_none,2027,trained,ONE_END,generators,c,complete,2.152423722127543,0.3960018485565782,0.4701721879686068,0.848453965685948
interior_none,2027,trained,ONE_END,generators,r,complete,1.9794851092765247,0.38488257779454454,0.5114222772553062,0.7579587759817972
interior_none,2027,trained,ONE_END,generators,i,complete,1.5903105649775366,0.4666908955488828,0.63849097083715,0.7389050774498133
interior_none,2027,trained,ONE_END,composites,rc,complete,1.4859029600497229,0.5999135580626819,0.6772082128142375,0.8883372225729773
interior_none,2027,trained,ONE_END,composites,ci,complete,2.054822562719125,0.4706354471889721,0.4896123727148501,0.96388206568796
interior_none,2027,trained,ONE_END,composites,ri,complete,2.054822562719125,0.4247553943669739,0.48961309310829493,0.8693175341280752
interior_none,2027,trained,ONE_END,composites,rci,complete,1.8973004618018756,0.515623551294035,0.5287402593165997,0.9753972727566078
interior_none,2027,trained,ONE_END_numeric_null,generators,c,complete,2.300425135225925,0.3767262232699514,0.451040896301526,0.8564704424172871
interior_none,2027,trained,ONE_END_numeric_null,generators,r,complete,2.2883668977753695,0.29550170748992094,0.44706609607363323,0.6653387668531957
interior_none,2027,trained,ONE_END_numeric_null,generators,i,complete,1.4828123716196486,0.36468697266475575,0.6769469206168192,0.5305988783428539
interior_none,2027,trained,ONE_END_numeric_null,composites,rc,complete,1.7444946917674484,0.526392483614616,0.5777263053690348,0.9105431022151144
interior_none,2027,trained,ONE_END_numeric_null,composites,ci,complete,2.0508660221844304,0.4350827298321347,0.49254020790526953,0.8834294497540719
interior_none,2027,trained,ONE_END_numeric_null,composites,ri,complete,2.0508660221844304,0.3896500055614479,0.49297940115887645,0.7895076638558841
interior_none,2027,trained,ONE_END_numeric_null,composites,rci,complete,1.8777849762805525,0.5008584303381624,0.5364889247270738,0.9327342718071358
interior_none,2027,trained,source_query_concat,generators,c,complete,1.970778190794638,0.43528644567262603,0.5271589281432382,0.840636284742707
interior_none,2027,trained,source_query_concat,generators,r,complete,1.8170346661229255,0.1535020277296647,0.5591625519090999,0.2544669090380003
interior_none,2027,trained,source_query_concat,generators,i,complete,1.4386334050112692,0.4928911547007821,0.7141664133577373,0.6929945000392466
interior_none,2027,trained,source_query_concat,composites,rc,complete,1.8506469142114788,0.47351321365246674,0.5476223861136384,0.8615308028812503
interior_none,2027,trained,source_query_concat,composites,ci,complete,2.040357404446082,0.4552091646514978,0.497838727039676,0.913746577134177
interior_none,2027,trained,source_query_concat,composites,ri,complete,2.040357404446082,0.35306898261709246,0.49809491409412837,0.7024108775933389
interior_none,2027,trained,source_query_concat,composites,rci,complete,1.2237507161574017,0.7608549805644518,0.8270698308269666,0.9177940314082346
interior_none,2027,trained,source_query_concat_numeric_null,generators,c,complete,2.3342057086697303,0.37490213460324545,0.4714256714375379,0.782429247730326
interior_none,2027,trained,source_query_concat_numeric_null,generators,r,complete,2.2833768751693784,0.21608808353129136,0.47065722924925213,0.37950603941531974
interior_none,2027,trained,source_query_concat_numeric_null,generators,i,complete,1.7311570368122051,0.37760449661301426,0.6146895619321199,0.5600921525245134
interior_none,2027,trained,source_query_concat_numeric_null,composites,rc,complete,1.8171582972268785,0.5019067320736574,0.5875964387286801,0.83312528799274
interior_none,2027,trained,source_query_concat_numeric_null,composites,ci,complete,2.0499395919576826,0.4298414210421059,0.5237106299818318,0.7941640580429691
interior_none,2027,trained,source_query_concat_numeric_null,composites,ri,complete,2.0499395919576826,0.357921132575117,0.5236239079420529,0.6352830147538204
interior_none,2027,trained,source_query_concat_numeric_null,composites,rci,complete,1.6707580898850836,0.5370634301400717,0.635846136749375,0.8219846566324887
cycle_none,3037,random,ONE_END,generators,c,complete,2.0235943174324347,0.4863251684080958,0.517372564734053,0.9599834482529891
cycle_none,3037,random,ONE_END,generators,r,complete,3.4462314330210213,0.08907538464836579,0.3087877929476926,0.2560008375048418
cycle_none,3037,random,ONE_END,generators,i,complete,1.9511686370884997,0.4981580312781423,0.5334669951368414,0.9506625112564084
cycle_none,3037,random,ONE_END,composites,rc,complete,1.992181856467446,0.5029710735242433,0.5128542033826258,0.9799975175781842
cycle_none,3037,random,ONE_END,composites,ci,complete,2.0296018690398925,0.49414308892179787,0.5036794256633412,0.9806037240578633
cycle_none,3037,random,ONE_END,composites,ri,complete,2.029601869039892,0.49697595042384907,0.5037160659805398,0.9864826663180462
cycle_none,3037,random,ONE_END,composites,rci,complete,1.935628215326888,0.5220465659546082,0.526945999840963,0.9903274560364836
cycle_none,3037,random,ONE_END_numeric_null,generators,c,complete,2.024202585816328,0.4863347200691037,0.5161015129368156,0.9620521080196082
cycle_none,3037,random,ONE_END_numeric_null,generators,r,complete,3.445692952802059,0.08894920249255535,0.3073385455177543,0.2588803463635404
cycle_none,3037,random,ONE_END_numeric_null,generators,i,complete,1.9541448648784854,0.49723704522345086,0.5322689258833986,0.9517278848259482
cycle_none,3037,random,ONE_END_numeric_null,composites,rc,complete,1.990917179239608,0.5022754353604721,0.5122000790957163,0.979409113856436
cycle_none,3037,random,ONE_END_numeric_null,composites,ci,complete,2.02820539227313,0.4949378400470943,0.5031371886736734,0.9831093999739693
cycle_none,3037,random,ONE_END_numeric_null,composites,ri,complete,2.02820539227313,0.497283624177889,0.5035014912504956,0.9879669242090041
cycle_none,3037,random,ONE_END_numeric_null,composites,rci,complete,1.937143715364705,0.5213664871114723,0.5258749959928175,0.9911171777048337
cycle_none,3037,random,source_query_concat,generators,c,complete,2.0238317267986536,0.4889603374094526,0.5152998358974048,0.9640072907928107
cycle_none,3037,random,source_query_concat,generators,r,complete,3.436552729773046,0.09425654638513431,0.31135595264032356,0.26968387971035207
cycle_none,3037,random,source_query_concat,generators,i,complete,1.9584925139056295,0.5013416165619999,0.5316105117195858,0.9594874879717625
cycle_none,3037,random,source_query_concat,composites,rc,complete,1.9909684735176245,0.5056779797137735,0.51440988750873,0.983400372278835
cycle_none,3037,random,source_query_concat,composites,ci,complete,2.024053177048043,0.4972204447145824,0.5057919055649257,0.9825332163546248
cycle_none,3037,random,source_query_concat,composites,ri,complete,2.024053177048043,0.500782886491501,0.5057950262822329,0.98991673671888
cycle_none,3037,random,source_query_concat,composites,rci,complete,1.9359648305272488,0.5234110205600088,0.527589975493587,0.9917499242113625
cycle_none,3037,random,source_query_concat_numeric_null,generators,c,complete,2.0238718010739603,0.48747843171859134,0.5151184504278301,0.9625716359448393
cycle_none,3037,random,source_query_concat_numeric_null,generators,r,complete,3.4358288926865908,0.0940098634795635,0.3104101996473387,0.2721147020381301
cycle_none,3037,random,source_query_concat_numeric_null,generators,i,complete,1.960155367582752,0.5007624176981231,0.5300358921443502,0.9605127522824328
cycle_none,3037,random,source_query_concat_numeric_null,composites,rc,complete,1.989798322804599,0.5051052628918109,0.5140925202591926,0.9832012964499058
cycle_none,3037,random,source_query_concat_numeric_null,composites,ci,complete,2.0236972056594116,0.4975511268817119,0.505141190733205,0.9846136712004498
cycle_none,3037,random,source_query_concat_numeric_null,composites,ri,complete,2.023697205659412,0.5004366654206054,0.5050692486971367,0.9905842132055986
cycle_none,3037,random,source_query_concat_numeric_null,composites,rci,complete,1.9372488909150403,0.5229805779420293,0.5265866179110982,0.9929176958723688
cycle_three,3037,trained,ONE_END,generators,c,complete,2.096357467996366,0.4845520803109651,0.4840294796707992,1.014347723917722
cycle_three,3037,trained,ONE_END,generators,r,complete,2.074064891568275,0.49317227290169224,0.5013703190385546,1.021422740514335
cycle_three,3037,trained,ONE_END,generators,i,complete,0.2653142008839683,0.7753956794003072,3.8189301880978657,0.20456945429286993
cycle_three,3037,trained,ONE_END,composites,rc,complete,1.6349966414051293,0.6028730432161266,0.6094415175019637,0.984312861436929
cycle_three,3037,trained,ONE_END,composites,ci,complete,2.0811327769379933,0.4879477667845357,0.48150221905714624,1.0140771617116087
cycle_three,3037,trained,ONE_END,composites,ri,complete,2.0811327769379933,0.4881729985408953,0.48136261557344984,1.0145465696509564
cycle_three,3037,trained,ONE_END,composites,rci,complete,1.6182570176048026,0.6086691629799773,0.619881191182473,0.9836687104064585
cycle_three,3037,trained,ONE_END_numeric_null,generators,c,complete,2.0427537800379025,0.4978438717961145,0.5017092205772177,1.0130719893222604
cycle_three,3037,trained,ONE_END_numeric_null,generators,r,complete,2.051348503577169,0.49756165330877467,0.5034258548970235,1.0168099936498012
cycle_three,3037,trained,ONE_END_numeric_null,generators,i,complete,0.30008515043017187,0.7072436970129333,3.2956708375067483,0.20913328998964123
cycle_three,3037,trained,ONE_END_numeric_null,composites,rc,complete,1.7016377599827355,0.5811857938346728,0.5881733004962618,0.9852247640631269
cycle_three,3037,trained,ONE_END_numeric_null,composites,ci,complete,2.03434781475775,0.5011791091732547,0.49519996277264194,1.015813683364539
cycle_three,3037,trained,ONE_END_numeric_null,composites,ri,complete,2.03434781475775,0.5018344645196822,0.4952864264343099,1.0171520526813962
cycle_three,3037,trained,ONE_END_numeric_null,composites,rci,complete,1.6951004746115368,0.5838332620797092,0.5918357965901396,0.9861068010530809
cycle_three,3037,trained,source_query_concat,generators,c,complete,2.005165594381007,0.5075250799106564,0.5071866762611118,1.0108534318158597
cycle_three,3037,trained,source_query_concat,generators,r,complete,2.001741587712515,0.5094056784697224,0.5119282327335366,1.0129719324573574
cycle_three,3037,trained,source_query_concat,generators,i,complete,0.05267493757539462,0.8421088324651478,18.14946459892065,0.04029224736590222
cycle_three,3037,trained,source_query_concat,composites,rc,complete,0.3199699776873651,2.9390200787691705,3.143565175167584,0.9336998118571058
cycle_three,3037,trained,source_query_concat,composites,ci,complete,2.0012354730388138,0.5084000645776555,0.503266923856087,1.0108363589418092
cycle_three,3037,trained,source_query_concat,composites,ri,complete,2.0012354730388138,0.5090151074933275,0.5035613640393506,1.012075570624253
cycle_three,3037,trained,source_query_concat,composites,rci,complete,0.31788698578605656,2.959343967173863,3.163827780103586,0.9341637772868876
cycle_three,3037,trained,source_query_concat_numeric_null,generators,c,complete,2.0206205474130594,0.5176506360232486,0.5166314548171103,1.0175623462513446
cycle_three,3037,trained,source_query_concat_numeric_null,generators,r,complete,2.004731318544604,0.5220912770022772,0.524035386229371,1.0187161784743939
cycle_three,3037,trained,source_query_concat_numeric_null,generators,i,complete,0.1413334478906165,0.7928958903679542,6.798497005604515,0.09501785544365764
cycle_three,3037,trained,source_query_concat_numeric_null,composites,rc,complete,1.192546493372387,0.8208017691406091,0.8607661087783106,0.9525800345127429
cycle_three,3037,trained,source_query_concat_numeric_null,composites,ci,complete,2.004533232705879,0.5218706607085574,0.5128774409790975,1.0186618888136811
cycle_three,3037,trained,source_query_concat_numeric_null,composites,ri,complete,2.004533232705879,0.5212126284667595,0.5132178436673216,1.0173043856566555
cycle_three,3037,trained,source_query_concat_numeric_null,composites,rci,complete,1.1856752899983143,0.8254804136087889,0.8637002532804827,0.9531602568263181
position_three,3037,random,ONE_END,generators,c,complete,2.0235942791943753,0.48632518045257433,0.5173725783175679,0.9599834506926914
position_three,3037,random,ONE_END,generators,r,complete,3.4462314687049482,0.08907538322056847,0.308787801312787,0.2560008357138642
position_three,3037,random,ONE_END,generators,i,complete,1.9511686519225417,0.49815804519275864,0.5334669683862189,0.9506625412130982
position_three,3037,random,ONE_END,composites,rc,complete,1.992181894182611,0.5029710679744089,0.5128542013367301,0.9799975190013904
position_three,3037,random,ONE_END,composites,ci,complete,2.029601869974095,0.4941430911834426,0.5036794270357322,0.9806037284964896
position_three,3037,random,ONE_END,composites,ri,complete,2.029601869974095,0.49697595671884637,0.5037160676257039,0.9864826791361235
position_three,3037,random,ONE_END,composites,rci,complete,1.9356281868312155,0.5220465847018094,0.5269460070309049,0.9903274777646675
position_three,3037,random,ONE_END_numeric_null,generators,c,complete,2.0242025471308414,0.48633474861591436,0.5161015186015121,0.9620521454323365
position_three,3037,random,ONE_END_numeric_null,generators,r,complete,3.4456929953510107,0.08894919632835592,0.3073385593490051,0.2588803289685019
position_three,3037,random,ONE_END_numeric_null,generators,i,complete,1.9541448729283353,0.49723705684713176,0.5322688940188263,0.9517279070455346
position_three,3037,random,ONE_END_numeric_null,composites,rc,complete,1.990917214171361,0.5022754272998684,0.512200073921615,0.9794091113950126
position_three,3037,random,ONE_END_numeric_null,composites,ci,complete,2.028205397022822,0.49493784308254574,0.5031371928831314,0.9831094082058501
position_three,3037,random,ONE_END_numeric_null,composites,ri,complete,2.028205397022822,0.497283637869786,0.5035014945778683,0.9879669545193811
position_three,3037,random,ONE_END_numeric_null,composites,rci,complete,1.9371436959610466,0.5213665021757415,0.5258750005529728,0.9911171985298006
position_three,3037,random,source_query_concat,generators,c,complete,2.0239077675679003,0.4888888403949507,0.5152522781765428,0.9638867680062101
position_three,3037,random,source_query_concat,generators,r,complete,3.4364728500933373,0.0942837905299492,0.3113468419331234,0.2697562876859486
position_three,3037,random,source_query_concat,generators,i,complete,1.9585232373631707,0.5013363719075374,0.5316009518254017,0.9594809141027525
position_three,3037,random,source_query_concat,composites,rc,complete,1.9909387435430306,0.5057155758728734,0.5144208745197189,0.9834520729138824
position_three,3037,random,source_query_concat,composites,ci,complete,2.0240945535149724,0.49718683651025225,0.5057801161229311,0.9824723661132548
position_three,3037,random,source_query_concat,composites,ri,complete,2.0240945535149724,0.5007789420832496,0.5057976802215086,0.989917613801203
position_three,3037,random,source_query_concat,composites,rci,complete,1.9358755985553342,0.5234374065181987,0.5276252940839781,0.99172755689486
position_three,3037,random,source_query_concat_numeric_null,generators,c,complete,2.023925007624244,0.48738453591502306,0.5150929881836473,0.9623958434163824
position_three,3037,random,source_query_concat_numeric_null,generators,r,complete,3.435712299690142,0.09399192405119598,0.3104330370974572,0.2720221019503167
position_three,3037,random,source_query_concat_numeric_null,generators,i,complete,1.9601815831556517,0.500723839122744,0.5299849825798626,0.9604432261327399
position_three,3037,random,source_query_concat_numeric_null,composites,rc,complete,1.989786350309612,0.5050999773657769,0.5141012895457271,0.9831878073065797
position_three,3037,random,source_query_concat_numeric_null,composites,ci,complete,2.0237540722215606,0.49754343333481676,0.5051391808798684,0.9846108312335794
position_three,3037,random,source_query_concat_numeric_null,composites,ri,complete,2.02375407222156,0.5004225960481408,0.5050737179496532,0.990568405319963
position_three,3037,random,source_query_concat_numeric_null,composites,rci,complete,1.9371218245788975,0.5230171980177349,0.5266271746992415,0.9929077023095033
position_three,2027,random,ONE_END,generators,c,complete,2.075661540853422,0.4690799818923896,0.5056399060172136,0.9435579579507679
position_three,2027,random,ONE_END,generators,r,complete,3.4580291142147486,0.09810709992025383,0.30856221736048794,0.2764653764987698
position_three,2027,random,ONE_END,generators,i,complete,1.9486122802419323,0.4882728605663264,0.5357716155434409,0.9252279590427445
position_three,2027,random,ONE_END,composites,rc,complete,1.9435057796258806,0.5104474358021852,0.5286724794621941,0.9654497118547098
position_three,2027,random,ONE_END,composites,ci,complete,2.01874750500262,0.4909199472525684,0.5084961754078061,0.9635612790469983
position_three,2027,random,ONE_END,composites,ri,complete,2.01874750500262,0.4956023786255402,0.5083917867539366,0.9732719572537991
position_three,2027,random,ONE_END,composites,rci,complete,1.9479651741823678,0.5143120449173592,0.5257595461013467,0.97708740986695
position_three,2027,random,ONE_END_numeric_null,generators,c,complete,2.0759462281719556,0.46925589411023977,0.5054103692667787,0.9453111535125415
position_three,2027,random,ONE_END_numeric_null,generators,r,complete,3.458219749880294,0.0982676068923432,0.3078272649945896,0.2798418016737801
position_three,2027,random,ONE_END_numeric_null,generators,i,complete,1.950717117538155,0.48711461479464,0.5352854307487379,0.9250610157149561
position_three,2027,random,ONE_END_numeric_null,composites,rc,complete,1.942045567281811,0.5098062882007238,0.5282045201035427,0.9647251174882007
position_three,2027,random,ONE_END_numeric_null,composites,ci,complete,2.0184288367846683,0.4904966184863023,0.5079551264925746,0.9638867198378054
position_three,2027,random,ONE_END_numeric_null,composites,ri,complete,2.0184288367846683,0.49492747788048636,0.5077749336479828,0.9730629732303401
position_three,2027,random,ONE_END_numeric_null,composites,rci,complete,1.9469268474005363,0.5140707807724174,0.5255641714466357,0.9771294033223203
position_three,2027,random,source_query_concat,generators,c,complete,2.075287144318384,0.4696486788715883,0.5058406237579275,0.9462988731775964
position_three,2027,random,source_query_concat,generators,r,complete,3.4491116756607907,0.09848354453837471,0.3085069707488145,0.28141866179476344
position_three,2027,random,source_query_concat,generators,i,complete,1.9512155619254914,0.48813011293269193,0.535148512433212,0.9274010459227146
position_three,2027,random,source_query_concat,composites,rc,complete,1.9425855563922425,0.5100467330942751,0.5273851036887771,0.9657954560851251
position_three,2027,random,source_query_concat,composites,ci,complete,2.0178038534207627,0.4904432577349964,0.508061698314136,0.9635937570613053
position_three,2027,random,source_query_concat,composites,ri,complete,2.017803853420763,0.4950081963696862,0.5081823193182619,0.9730418462944544
position_three,2027,random,source_query_concat,composites,rci,complete,1.9454668052521842,0.5147309216156397,0.525889913416636,0.9778931134181241
position_three,2027,random,source_query_concat_numeric_null,generators,c,complete,2.075802527362198,0.4691986845174124,0.504935763839132,0.9467560344305487
position_three,2027,random,source_query_concat_numeric_null,generators,r,complete,3.44841021853715,0.0985190482840643,0.30801209208625635,0.28355097131925516
position_three,2027,random,source_query_concat_numeric_null,generators,i,complete,1.9538016327106258,0.4880926253545855,0.5331685774871088,0.9297974431328478
position_three,2027,random,source_query_concat_numeric_null,composites,rc,complete,1.942087700876604,0.5094105576312369,0.5269899089789641,0.9652753750230271
position_three,2027,random,source_query_concat_numeric_null,composites,ci,complete,2.017453840134332,0.4905736921242128,0.507782579939899,0.9647293520169792
position_three,2027,random,source_query_concat_numeric_null,composites,ri,complete,2.017453840134332,0.4943377953579334,0.5077952631634501,0.9725109535071501
position_three,2027,random,source_query_concat_numeric_null,composites,rci,complete,1.9444997507375117,0.5145530997610291,0.5256695302640002,0.977979063360348
position_four,2027,trained,ONE_END,generators,c,complete,2.0140251664484654,0.5012667577912103,0.5102592169618798,1.0044540070310994
position_four,2027,trained,ONE_END,generators,r,complete,2.0479008214210124,0.4976020433727047,0.4995332309310744,1.0137313662080425
position_four,2027,trained,ONE_END,generators,i,complete,1.4631059352545388,0.42578796906217825,0.6808325238415908,0.6177054101665955
position_four,2027,trained,ONE_END,composites,rc,complete,1.825679667502801,0.5369936342428002,0.5498946327953848,0.9754769101554257
position_four,2027,trained,ONE_END,composites,ci,complete,2.002771109805568,0.5047772561013633,0.5025167072729159,1.0059407719859306
position_four,2027,trained,ONE_END,composites,ri,complete,2.0027711098055674,0.504535549766486,0.5021430266526413,1.0054542069296408
position_four,2027,trained,ONE_END,composites,rci,complete,1.2475276991454642,0.7879488340927484,0.8045969208742128,0.9789035076866278
position_four,2027,trained,ONE_END_numeric_null,generators,c,complete,2.0887264846351163,0.4824463836781581,0.502748877967714,0.9859688545541737
position_four,2027,trained,ONE_END_numeric_null,generators,r,complete,2.0298825463629777,0.5003325606584195,0.5117188127904035,0.9931443915679893
position_four,2027,trained,ONE_END_numeric_null,generators,i,complete,1.8895400637246547,0.2820352202577391,0.5314007680223983,0.5085990410245812
position_four,2027,trained,ONE_END_numeric_null,composites,rc,complete,2.2126951503437513,0.434786753645534,0.46112060599483845,0.940592111090299
position_four,2027,trained,ONE_END_numeric_null,composites,ci,complete,2.0026463924449636,0.5030954596851975,0.5103119960624168,0.9860662707760108
position_four,2027,trained,ONE_END_numeric_null,composites,ri,complete,2.0026463924449636,0.5036315542621113,0.5107114493637201,0.9871632102683633
position_four,2027,trained,ONE_END_numeric_null,composites,rci,complete,1.1372292301447298,0.8488641792296189,0.8940688387999177,0.9476583861601988
position_four,2027,trained,source_query_concat,generators,c,complete,2.013189674449786,0.5087945587026087,0.5109504251419099,1.0167672111777615
position_four,2027,trained,source_query_concat,generators,r,complete,2.003055645079486,0.5113165363918963,0.5131118449918588,1.0166063353999972
position_four,2027,trained,source_query_concat,generators,i,complete,1.9405486816130253,0.047560040388760445,0.5234297656746142,0.08012964687707064
position_four,2027,trained,source_query_concat,composites,rc,complete,1.9779243925576253,0.48394292474255685,0.5093351222398346,0.9497487143426784
position_four,2027,trained,source_query_concat,composites,ci,complete,2.0055651159994414,0.5099897942856454,0.5024079579295732,1.0155910127124337
position_four,2027,trained,source_query_concat,composites,ri,complete,2.0055651159994414,0.5098061157478845,0.5025735197214279,1.0152199162418216
position_four,2027,trained,source_query_concat,composites,rci,complete,0.1402971079822452,6.807144369661516,7.1550227553251835,0.9507754134703787
position_four,2027,trained,source_query_concat_numeric_null,generators,c,complete,2.030735026091737,0.5424529064044425,0.5486165889953896,1.0086409758434127
position_four,2027,trained,source_query_concat_numeric_null,generators,r,complete,2.0376597591354755,0.5414357287998903,0.547502902410945,1.0104715570772496
position_four,2027,trained,source_query_concat_numeric_null,generators,i,complete,1.738771143642161,0.2154076575986212,0.6181855866123722,0.23762969320745322
position_four,2027,trained,source_query_concat_numeric_null,composites,rc,complete,2.0114942649019896,0.5138064009037021,0.5400084576754066,0.9426824135823777
position_four,2027,trained,source_query_concat_numeric_null,composites,ci,complete,2.0048592859909995,0.5463602254934883,0.5436960182467899,1.0059934636098646
position_four,2027,trained,source_query_concat_numeric_null,composites,ri,complete,2.0048592859909995,0.5472095909760708,0.5436481959128431,1.0078640600718478
position_four,2027,trained,source_query_concat_numeric_null,composites,rci,complete,0.7561315233325261,1.3140208616487516,1.3827510783257875,0.9431620493018912
cycle_three,1009,trained,ONE_END,generators,c,complete,2.0697270397804943,0.4908141539859565,0.49457701580914415,1.0138743910099142
cycle_three,1009,trained,ONE_END,generators,r,complete,2.018375264074776,0.5001562360502811,0.49835370918383604,1.007524197077008
cycle_three,1009,trained,ONE_END,generators,i,complete,0.270379939091413,0.7357301982785198,3.827564098565556,0.19742324413195336
cycle_three,1009,trained,ONE_END,composites,rc,complete,1.5040836937796445,0.6494731037196326,0.6625100150698607,0.9749211033143018
cycle_three,1009,trained,ONE_END,composites,ci,complete,2.0391405538373375,0.4977311701134048,0.4915973391009921,1.013025893020553
cycle_three,1009,trained,ONE_END,composites,ri,complete,2.0391405538373375,0.49592441587502956,0.4901544955099675,1.0093345158911486
cycle_three,1009,trained,ONE_END,composites,rci,complete,1.4947362469060004,0.6536390899224674,0.6706358656587295,0.975118931576096
cycle_three,1009,trained,ONE_END_numeric_null,generators,c,complete,2.0188020286774306,0.5079710199492601,0.5083708875626357,1.022685949174297
cycle_three,1009,trained,ONE_END_numeric_null,generators,r,complete,1.9917447334529834,0.5122631428143857,0.5054611383256131,1.0174692890665018
cycle_three,1009,trained,ONE_END_numeric_null,generators,i,complete,0.17940018367499178,0.7461734873991366,5.74908922170453,0.13149941180600094
cycle_three,1009,trained,ONE_END_numeric_null,composites,rc,complete,1.513245299306415,0.64612995747129,0.6567804795466042,0.9749477738750253
cycle_three,1009,trained,ONE_END_numeric_null,composites,ci,complete,2.000189327204013,0.5126472896320368,0.5021111485673437,1.0226627270110114
cycle_three,1009,trained,ONE_END_numeric_null,composites,ri,complete,2.0001893272040134,0.5111818247326236,0.49992710276304475,1.019723285725069
cycle_three,1009,trained,ONE_END_numeric_null,composites,rci,complete,1.512479103208613,0.6464046001456694,0.6626309573434377,0.9749140542465472
cycle_three,1009,trained,source_query_concat,generators,c,complete,2.0035545950919924,0.5062913934027198,0.5056648972522335,1.0085047729712233
cycle_three,1009,trained,source_query_concat,generators,r,complete,1.9989249990470892,0.5072710225543058,0.5135870451027027,1.0082361239182531
cycle_three,1009,trained,source_query_concat,generators,i,complete,0.07587758197782415,0.791944535024091,13.180476108752758,0.055413713084220495
cycle_three,1009,trained,source_query_concat,composites,rc,complete,0.2529493187406427,3.696960268880567,3.9872476453741843,0.9304320178204918
cycle_three,1009,trained,source_query_concat,composites,ci,complete,1.9984904201832252,0.5070821671881655,0.5045815146496812,1.0076913555638776
cycle_three,1009,trained,source_query_concat,composites,ri,complete,1.9984904201832252,0.5067160515262704,0.5038420823346977,1.0069553974217147
cycle_three,1009,trained,source_query_concat,composites,rci,complete,0.25159137512789365,3.7197844305652783,3.991040470334119,0.9313040219226342
cycle_three,1009,trained,source_query_concat_numeric_null,generators,c,complete,2.0347922754406307,0.5123079440535788,0.5143442461230876,1.0084915943147172
cycle_three,1009,trained,source_query_concat_numeric_null,generators,r,complete,2.016009274872314,0.5193862931517345,0.5227761871226027,1.0141907637341845
cycle_three,1009,trained,source_query_concat_numeric_null,generators,i,complete,0.25371408500258863,0.7492290565639314,3.973196590079317,0.16477650843070382
cycle_three,1009,trained,source_query_concat_numeric_null,composites,rc,complete,1.135293274391925,0.8662436773659064,0.9091422543184933,0.9526953951928236
cycle_three,1009,trained,source_query_concat_numeric_null,composites,ci,complete,2.012175882408061,0.5177681283128007,0.5139955487597212,1.0091866073263418
cycle_three,1009,trained,source_query_concat_numeric_null,composites,ri,complete,2.012175882408061,0.5189101616510738,0.5131399037754231,1.0115634506342601
cycle_three,1009,trained,source_query_concat_numeric_null,composites,rci,complete,1.1266317992612613,0.8726196515215556,0.9131334173709111,0.953194941443006
interior_four,3037,trained,ONE_END,generators,c,complete,2.116195498036237,0.37025919074913594,0.47840069137441105,0.7742484340197742
interior_four,3037,trained,ONE_END,generators,r,complete,1.7315192617301767,0.5427098312990755,0.5979443802369662,0.9325678305440027
interior_four,3037,trained,ONE_END,generators,i,complete,1.8922159035769537,0.5397628669171997,0.5412623245085405,1.0149394383420791
interior_four,3037,trained,ONE_END,composites,rc,complete,1.6092898822422546,0.5914969000815202,0.6249759266524055,0.9450219568363222
interior_four,3037,trained,ONE_END,composites,ci,complete,1.995073745306234,0.5053108815002408,0.5057973746365232,1.0012914553286851
interior_four,3037,trained,ONE_END,composites,ri,complete,1.995073745306234,0.5049963397259293,0.5054896540146471,1.0006595495535002
interior_four,3037,trained,ONE_END,composites,rci,complete,1.9283056277184345,0.5219124336392279,0.522146733114404,0.9996949952155212
interior_four,3037,trained,ONE_END_numeric_null,generators,c,complete,2.584413163599272,0.29230187827807796,0.402411139047938,0.7248086522786357
interior_four,3037,trained,ONE_END_numeric_null,generators,r,complete,1.933450194905768,0.5121248263435604,0.5412725792340959,0.9684016411547629
interior_four,3037,trained,ONE_END_numeric_null,generators,i,complete,1.9525643031700657,0.5301000310101649,0.5321318767805053,1.015011228948631
interior_four,3037,trained,ONE_END_numeric_null,composites,rc,complete,1.8318789022092818,0.5424610062949862,0.5577026403375541,0.9726552857349524
interior_four,3037,trained,ONE_END_numeric_null,composites,ci,complete,2.0418606299000013,0.5005015417594993,0.5007110856219397,1.0004051141381485
interior_four,3037,trained,ONE_END_numeric_null,composites,ri,complete,2.041860629900001,0.49925230638902635,0.5004912834903545,0.9977973556212619
interior_four,3037,trained,ONE_END_numeric_null,composites,rci,complete,1.9397113039793306,0.5259688162592133,0.5264829352403048,0.9991069334341972
interior_four,3037,trained,source_query_concat,generators,c,complete,1.4797449236058506,0.3032378117241824,0.6763820816604496,0.4129994881547126
interior_four,3037,trained,source_query_concat,generators,r,complete,1.1965263582622157,0.5374862973736065,0.8857205848821486,0.6154878151957198
interior_four,3037,trained,source_query_concat,generators,i,complete,1.8469434366098851,0.564103820798798,0.5676518890120525,1.0231852128006358
interior_four,3037,trained,source_query_concat,composites,rc,complete,1.1613439234614098,0.5571774694171804,0.8748792422185443,0.6214480860737776
interior_four,3037,trained,source_query_concat,composites,ci,complete,1.929682839826391,0.5351871359048145,0.5292494539709541,1.0130074242918279
interior_four,3037,trained,source_query_concat,composites,ri,complete,1.929682839826391,0.5328811003733606,0.5291202121785261,1.008466023768007
interior_four,3037,trained,source_query_concat,composites,rci,complete,1.8796681565415336,0.5449382895735769,0.5424078961219692,1.0048992284981382
interior_four,3037,trained,source_query_concat_numeric_null,generators,c,complete,2.3493828040994726,0.313317443925132,0.4770130414072771,0.5961895852483207
interior_four,3037,trained,source_query_concat_numeric_null,generators,r,complete,1.8579115025625643,0.5177284172441395,0.6016062173915986,0.8634919010754619
interior_four,3037,trained,source_query_concat_numeric_null,generators,i,complete,1.903462513764839,0.5801205120453529,0.5830910740525431,1.020606420279797
interior_four,3037,trained,source_query_concat_numeric_null,composites,rc,complete,1.705045572846252,0.5650549711597168,0.6328349788429133,0.8732826868819086
interior_four,3037,trained,source_query_concat_numeric_null,composites,ci,complete,1.9878516449220283,0.5510743887736133,0.5480824261155242,1.0069402558380873
interior_four,3037,trained,source_query_concat_numeric_null,composites,ri,complete,1.9878516449220283,0.5491108265637547,0.5482034278411472,1.0026521026955626
interior_four,3037,trained,source_query_concat_numeric_null,composites,rci,complete,1.9473093050031276,0.558507074292986,0.5583960156034072,1.0001845544971564
cycle_three,2027,random,ONE_END,generators,c,complete,2.0756615218968717,0.469079983410226,0.5056399147829055,0.9435579497900334
cycle_three,2027,random,ONE_END,generators,r,complete,3.4580290899376585,0.09810709432646675,0.3085622134712891,0.276465359281078
cycle_three,2027,random,ONE_END,generators,i,complete,1.9486123036579968,0.4882728397928821,0.5357716190529705,0.9252279261429068
cycle_three,2027,random,ONE_END,composites,rc,complete,1.943505770923181,0.5104474430486412,0.5286724823140075,0.9654497262647945
cycle_three,2027,random,ONE_END,composites,ci,complete,2.0187474862360064,0.4909199424462406,0.5084961778300889,0.9635612614154635
cycle_three,2027,random,ONE_END,composites,ri,complete,2.0187474862360064,0.4956023772618043,0.5083917888594909,0.9732719466861918
cycle_three,2027,random,ONE_END,composites,rci,complete,1.947965202829151,0.5143120361258421,0.525759541056254,0.9770874019886769
cycle_three,2027,random,ONE_END_numeric_null,generators,c,complete,2.0759462118830503,0.46925590563331554,0.505410370521416,0.9453111738959783
cycle_three,2027,random,ONE_END_numeric_null,generators,r,complete,3.4582197218353756,0.09826760155449794,0.30782726111965525,0.27984178713300284
cycle_three,2027,random,ONE_END_numeric_null,generators,i,complete,1.9507171377654609,0.487114614761904,0.5352854314833809,0.9250610229376041
cycle_three,2027,random,ONE_END_numeric_null,composites,rc,complete,1.9420455513372334,0.5098062952137423,0.5282045274500183,0.9647251269085775
cycle_three,2027,random,ONE_END_numeric_null,composites,ci,complete,2.0184288187013424,0.4904966267750039,0.5079551259136609,0.9638867311785133
cycle_three,2027,random,ONE_END_numeric_null,composites,ri,complete,2.0184288187013424,0.49492747412657917,0.5077749357602914,0.973062959550833
cycle_three,2027,random,ONE_END_numeric_null,composites,rci,complete,1.9469268797610224,0.5140707710060515,0.5255641649593008,0.9771293957720975
cycle_three,2027,random,source_query_concat,generators,c,complete,2.0752789540697245,0.4696606024695113,0.505816089133481,0.946387443621214
cycle_three,2027,random,source_query_concat,generators,r,complete,3.4489465265108077,0.09844727540317239,0.3084825955335823,0.2814671646861151
cycle_three,2027,random,source_query_concat,generators,i,complete,1.9513075435422014,0.4880618126026689,0.5351615116137892,0.9273868395693371
cycle_three,2027,random,source_query_concat,composites,rc,complete,1.9425657526140871,0.5100223797834406,0.5273431241779818,0.9658214735846206
cycle_three,2027,random,source_query_concat,composites,ci,complete,2.0177338849125004,0.49042290682373196,0.5080452037565272,0.963577720030762
cycle_three,2027,random,source_query_concat,composites,ri,complete,2.0177338849125004,0.4949931799407452,0.5081739068123368,0.973035883212109
cycle_three,2027,random,source_query_concat,composites,rci,complete,1.9454854561637067,0.5146975206231845,0.525851978928944,0.977900985857353
cycle_three,2027,random,source_query_concat_numeric_null,generators,c,complete,2.0758871057543242,0.4690898139412841,0.504893551713156,0.9466297481734087
cycle_three,2027,random,source_query_concat_numeric_null,generators,r,complete,3.448234399675817,0.0984700299896324,0.30800074198822935,0.28353593727231885
cycle_three,2027,random,source_query_concat_numeric_null,generators,i,complete,1.9538828902858452,0.48801937877140183,0.5331979652145906,0.929749736052803
cycle_three,2027,random,source_query_concat_numeric_null,composites,rc,complete,1.9419782922305207,0.5093684274884951,0.5269822739353587,0.9652032903940608
cycle_three,2027,random,source_query_concat_numeric_null,composites,ci,complete,2.0173843189250524,0.49054909925548357,0.5077666722607795,0.9647015843875673
cycle_three,2027,random,source_query_concat_numeric_null,composites,ri,complete,2.0173843189250524,0.4943500927882271,0.5077873269983122,0.972558713602503
cycle_three,2027,random,source_query_concat_numeric_null,composites,rci,complete,1.944522633752456,0.5145227241644581,0.5256321201271538,0.9779898123629601
position_none,2027,random,ONE_END,generators,c,complete,2.075661540853422,0.4690799818923896,0.5056399060172136,0.9435579579507679
position_none,2027,random,ONE_END,generators,r,complete,3.4580291142147486,0.09810709992025383,0.30856221736048794,0.2764653764987698
position_none,2027,random,ONE_END,generators,i,complete,1.9486122802419323,0.4882728605663264,0.5357716155434409,0.9252279590427445
position_none,2027,random,ONE_END,composites,rc,complete,1.9435057796258806,0.5104474358021852,0.5286724794621941,0.9654497118547098
position_none,2027,random,ONE_END,composites,ci,complete,2.01874750500262,0.4909199472525684,0.5084961754078061,0.9635612790469983
position_none,2027,random,ONE_END,composites,ri,complete,2.01874750500262,0.4956023786255402,0.5083917867539366,0.9732719572537991
position_none,2027,random,ONE_END,composites,rci,complete,1.9479651741823678,0.5143120449173592,0.5257595461013467,0.97708740986695
position_none,2027,random,ONE_END_numeric_null,generators,c,complete,2.0759462281719556,0.46925589411023977,0.5054103692667787,0.9453111535125415
position_none,2027,random,ONE_END_numeric_null,generators,r,complete,3.458219749880294,0.0982676068923432,0.3078272649945896,0.2798418016737801
position_none,2027,random,ONE_END_numeric_null,generators,i,complete,1.950717117538155,0.48711461479464,0.5352854307487379,0.9250610157149561
position_none,2027,random,ONE_END_numeric_null,composites,rc,complete,1.942045567281811,0.5098062882007238,0.5282045201035427,0.9647251174882007
position_none,2027,random,ONE_END_numeric_null,composites,ci,complete,2.0184288367846683,0.4904966184863023,0.5079551264925746,0.9638867198378054
position_none,2027,random,ONE_END_numeric_null,composites,ri,complete,2.0184288367846683,0.49492747788048636,0.5077749336479828,0.9730629732303401
position_none,2027,random,ONE_END_numeric_null,composites,rci,complete,1.9469268474005363,0.5140707807724174,0.5255641714466357,0.9771294033223203
position_none,2027,random,source_query_concat,generators,c,complete,2.075277713954776,0.4695763697545863,0.5058510148906005,0.9461617877316187
position_none,2027,random,source_query_concat,generators,r,complete,3.449205152489617,0.09844633314870438,0.3084957588903237,0.28136354279788883
position_none,2027,random,source_query_concat,generators,i,complete,1.9513101043981294,0.48808434555296226,0.5351662621564651,0.9273900263160668
position_none,2027,random,source_query_concat,composites,rc,complete,1.9425956446513968,0.5099764060752148,0.5273436715192955,0.9656994163012455
position_none,2027,random,source_query_concat,composites,ci,complete,2.0177284379506686,0.49044535525869126,0.5080699264352888,0.9635847984821464
position_none,2027,random,source_query_concat,composites,ri,complete,2.0177284379506686,0.49506224150562195,0.508189248280362,0.9731397806637859
position_none,2027,random,source_query_concat,composites,rci,complete,1.9455501388810066,0.5147115364268471,0.5258622534749634,0.9779098083167247
position_none,2027,random,source_query_concat_numeric_null,generators,c,complete,2.075814959158188,0.46919286698447044,0.5049820787267075,0.9467714706699667
position_none,2027,random,source_query_concat_numeric_null,generators,r,complete,3.448501946562043,0.09848887928012856,0.3079760607690476,0.28353394897125145
position_none,2027,random,source_query_concat_numeric_null,generators,i,complete,1.9538667886046541,0.4880138675539334,0.5331654375937782,0.9296846152438419
position_none,2027,random,source_query_concat_numeric_null,composites,rc,complete,1.9420741426925385,0.5093434858866062,0.5269687106211468,0.9651707760534692
position_none,2027,random,source_query_concat_numeric_null,composites,ci,complete,2.017386857561602,0.49060441951104017,0.5077912625930545,0.9647914867955085
position_none,2027,random,source_query_concat_numeric_null,composites,ri,complete,2.0173868575616014,0.49436799349432853,0.5077911847834243,0.9725715199363104
position_none,2027,random,source_query_concat_numeric_null,composites,rci,complete,1.9445834237580226,0.5145465765115027,0.5256400906232722,0.9780247582635604
interior_four,2027,random,ONE_END,generators,c,complete,2.075661540853422,0.4690799818923896,0.5056399060172136,0.9435579579507679
interior_four,2027,random,ONE_END,generators,r,complete,3.4580291142147486,0.09810709992025383,0.30856221736048794,0.2764653764987698
interior_four,2027,random,ONE_END,generators,i,complete,1.9486122802419323,0.4882728605663264,0.5357716155434409,0.9252279590427445
interior_four,2027,random,ONE_END,composites,rc,complete,1.9435057796258806,0.5104474358021852,0.5286724794621941,0.9654497118547098
interior_four,2027,random,ONE_END,composites,ci,complete,2.01874750500262,0.4909199472525684,0.5084961754078061,0.9635612790469983
interior_four,2027,random,ONE_END,composites,ri,complete,2.01874750500262,0.4956023786255402,0.5083917867539366,0.9732719572537991
interior_four,2027,random,ONE_END,composites,rci,complete,1.9479651741823678,0.5143120449173592,0.5257595461013467,0.97708740986695
interior_four,2027,random,ONE_END_numeric_null,generators,c,complete,2.0759462281719556,0.46925589411023977,0.5054103692667787,0.9453111535125415
interior_four,2027,random,ONE_END_numeric_null,generators,r,complete,3.458219749880294,0.0982676068923432,0.3078272649945896,0.2798418016737801
interior_four,2027,random,ONE_END_numeric_null,generators,i,complete,1.950717117538155,0.48711461479464,0.5352854307487379,0.9250610157149561
interior_four,2027,random,ONE_END_numeric_null,composites,rc,complete,1.942045567281811,0.5098062882007238,0.5282045201035427,0.9647251174882007
interior_four,2027,random,ONE_END_numeric_null,composites,ci,complete,2.0184288367846683,0.4904966184863023,0.5079551264925746,0.9638867198378054
interior_four,2027,random,ONE_END_numeric_null,composites,ri,complete,2.0184288367846683,0.49492747788048636,0.5077749336479828,0.9730629732303401
interior_four,2027,random,ONE_END_numeric_null,composites,rci,complete,1.9469268474005363,0.5140707807724174,0.5255641714466357,0.9771294033223203
interior_four,2027,random,source_query_concat,generators,c,complete,2.075407828942087,0.4695742467545184,0.5057847303246851,0.9461958616250863
interior_four,2027,random,source_query_concat,generators,r,complete,3.4492578724674785,0.09844200878758692,0.30849256391421415,0.2813196584761073
interior_four,2027,random,source_query_concat,generators,i,complete,1.9511426351170895,0.4881543265751748,0.5351788011187958,0.9274458800964255
interior_four,2027,random,source_query_concat,composites,rc,complete,1.9424619115035953,0.5100618412419342,0.5274029509510998,0.9658018761210054
interior_four,2027,random,source_query_concat,composites,ci,complete,2.017929154068164,0.49038325379165126,0.5080375123430425,0.9635355188177819
interior_four,2027,random,source_query_concat,composites,ri,complete,2.017929154068164,0.4949612987051233,0.5081490016238494,0.9730111925950917
interior_four,2027,random,source_query_concat,composites,rci,complete,1.9453577818876906,0.5147565677802233,0.525919102188346,0.9778867136108437
interior_four,2027,random,source_query_concat_numeric_null,generators,c,complete,2.0759693489342204,0.4691545718048568,0.5049344810744701,0.9467480594663504
interior_four,2027,random,source_query_concat_numeric_null,generators,r,complete,3.448568728961803,0.09849391740872171,0.3079659303708398,0.2835299809441624
interior_four,2027,random,source_query_concat_numeric_null,generators,i,complete,1.9536979272825874,0.4880573842892184,0.5331710977945147,0.9296878324515685
interior_four,2027,random,source_query_concat_numeric_null,composites,rc,complete,1.9419161563451164,0.509407427686891,0.52702415765036,0.9652161674093868
interior_four,2027,random,source_query_concat_numeric_null,composites,ci,complete,2.0176074393083345,0.4905333373097955,0.5077415880920272,0.9647428393434129
interior_four,2027,random,source_query_concat_numeric_null,composites,ri,complete,2.0176074393083345,0.49426797444515624,0.5077457526779461,0.9724639858181158
interior_four,2027,random,source_query_concat_numeric_null,composites,rci,complete,1.9443700640737138,0.5145881212486636,0.5257048276415944,0.9779850413031855
position_three,3037,trained,ONE_END,generators,c,complete,2.0007227895824324,0.49427722511987865,0.5093086132704961,0.9856988239655211
position_three,3037,trained,ONE_END,generators,r,complete,2.0501925336332514,0.4748622582480285,0.4970268768805092,0.9703012644660217
position_three,3037,trained,ONE_END,generators,i,complete,1.2570938165804129,0.3357033883320384,0.8031770976904543,0.4180378100316407
position_three,3037,trained,ONE_END,composites,rc,complete,1.7147587455137607,0.5656190782029739,0.5865183137709903,0.9668482578784865
position_three,3037,trained,ONE_END,composites,ci,complete,1.9775332850954475,0.5040628082397538,0.5087396802442705,0.9937610497030148
position_three,3037,trained,ONE_END,composites,ri,complete,1.9775332850954472,0.5046443531270889,0.5085292932569946,0.9949145512063359
position_three,3037,trained,ONE_END,composites,rci,complete,1.2211340117210756,0.7992707074885128,0.8214413398257968,0.9737061629148683
position_three,3037,trained,ONE_END_numeric_null,generators,c,complete,2.024151713709505,0.47865944071279765,0.5045740956990198,0.9597556238638202
position_three,3037,trained,ONE_END_numeric_null,generators,r,complete,2.089775844484618,0.4541185890603328,0.49597716647102347,0.9397115877377478
position_three,3037,trained,ONE_END_numeric_null,generators,i,complete,0.9913646758896888,0.2444210538837174,1.0469489349855137,0.22966355499467875
position_three,3037,trained,ONE_END_numeric_null,composites,rc,complete,1.8231124258946245,0.5299876718093114,0.5548367359638141,0.9578611555929006
position_three,3037,trained,ONE_END_numeric_null,composites,ci,complete,1.998668639901556,0.48610974140941426,0.5044470146659114,0.9629951466346426
position_three,3037,trained,ONE_END_numeric_null,composites,ri,complete,1.9986686399015563,0.48978812252505166,0.506077927321361,0.9704087130384623
position_three,3037,trained,ONE_END_numeric_null,composites,rci,complete,1.3573721417702274,0.7092581188529163,0.7414375511429749,0.9560951527492946
position_three,3037,trained,source_query_concat,generators,c,complete,1.99857029313113,0.5061951538202621,0.5206891399618191,0.9913832229656152
position_three,3037,trained,source_query_concat,generators,r,complete,2.0096988744485755,0.503184589620233,0.518437104157348,0.9909549538048787
position_three,3037,trained,source_query_concat,generators,i,complete,1.6829567507817589,0.1946631218993695,0.6078697819291127,0.3007294527211661
position_three,3037,trained,source_query_concat,composites,rc,complete,1.7095588609906627,0.5615109973487845,0.5965971023582419,0.9409667398752286
position_three,3037,trained,source_query_concat,composites,ci,complete,1.9900736737728555,0.5107008070875104,0.5127107835997371,0.997401150682632
position_three,3037,trained,source_query_concat,composites,ri,complete,1.9900736737728555,0.5113410319997289,0.5120451958361921,0.9986996867544434
position_three,3037,trained,source_query_concat,composites,rci,complete,0.18002616223437964,5.2796923769063655,5.606022103805503,0.9402170264420646
position_three,3037,trained,source_query_concat_numeric_null,generators,c,complete,2.159792539910892,0.4707408315124645,0.530359494613949,0.8778213353006332
position_three,3037,trained,source_query_concat_numeric_null,generators,r,complete,2.172842177764414,0.46419161060824765,0.5296542552453406,0.8668623345790987
position_three,3037,trained,source_query_concat_numeric_null,generators,i,complete,1.68990314174402,0.38603968553505824,0.6507835712299143,0.5077521776381236
position_three,3037,trained,source_query_concat_numeric_null,composites,rc,complete,1.8754216404835493,0.540559826733299,0.5927539546114361,0.8909830907001872
position_three,3037,trained,source_query_concat_numeric_null,composites,ci,complete,2.027183996581769,0.5173552824967728,0.5515046020604522,0.921612962055784
position_three,3037,trained,source_query_concat_numeric_null,composites,ri,complete,2.0271839965817695,0.5247297527041364,0.5512475627083294,0.9385648829897237
position_three,3037,trained,source_query_concat_numeric_null,composites,rci,complete,1.1033813572057247,0.865698279240484,0.9521371985839473,0.8917772541521161
interior_none,2027,random,ONE_END,generators,c,complete,2.07566152100625,0.4690799879278706,0.5056399149339486,0.9435579598449084
interior_none,2027,random,ONE_END,generators,r,complete,3.4580290884538925,0.09810709418680406,0.30856221016223634,0.2764653583058565
interior_none,2027,random,ONE_END,generators,i,complete,1.948612302821889,0.4882728382726697,0.535771623827099,0.9252279237748458
interior_none,2027,random,ONE_END,composites,rc,complete,1.9435057700892644,0.510447440906302,0.5286724816129801,0.9654497212176394
interior_none,2027,random,ONE_END,composites,ci,complete,2.018747485369805,0.49091994548892004,0.5084961777645604,0.9635612677520503
interior_none,2027,random,ONE_END,composites,ri,complete,2.018747485369805,0.4956023771456489,0.5083917887374696,0.9732719464644988
interior_none,2027,random,ONE_END,composites,rci,complete,1.947965201993321,0.5143120362055935,0.525759541476389,0.9770874012614087
interior_none,2027,random,ONE_END_numeric_null,generators,c,complete,2.075946210640884,0.46925590426793845,0.505410366506197,0.94531117095517
interior_none,2027,random,ONE_END_numeric_null,generators,r,complete,3.4582197197661104,0.09826760069300498,0.3078272581399576,0.27984178394972575
interior_none,2027,random,ONE_END_numeric_null,generators,i,complete,1.9507171365982274,0.48711461180672944,0.5352854340722254,0.9250610169946777
interior_none,2027,random,ONE_END_numeric_null,composites,rc,complete,1.9420455501751883,0.5098062931738576,0.5282045277665159,0.9647251222058774
interior_none,2027,random,ONE_END_numeric_null,composites,ci,complete,2.0184288174935925,0.4904966273204945,0.5079551253952858,0.9638867326611401
interior_none,2027,random,ONE_END_numeric_null,composites,ri,complete,2.0184288174935925,0.4949274763868706,0.5077749360184378,0.9730629645790101
interior_none,2027,random,ONE_END_numeric_null,composites,rci,complete,1.9469268785960565,0.5140707720703583,0.5255641656152575,0.9771293963693207
interior_none,2027,random,source_query_concat,generators,c,complete,2.0754455274980077,0.469654418359307,0.5057922709159708,0.9464053010316156
interior_none,2027,random,source_query_concat,generators,r,complete,3.449022559417486,0.09845404482951269,0.30852486706207066,0.281395229026401
interior_none,2027,random,source_query_concat,generators,i,complete,1.9511262763550172,0.48810274031767387,0.5351916390980034,0.92734445145401
interior_none,2027,random,source_query_concat,composites,rc,complete,1.9424679605416606,0.5100700346463306,0.5273968656646286,0.9658262321176748
interior_none,2027,random,source_query_concat,composites,ci,complete,2.0178550619011406,0.4903831911558689,0.5080408881596167,0.9635173096590351
interior_none,2027,random,source_query_concat,composites,ri,complete,2.0178550619011406,0.4949787603448669,0.5081607183949411,0.9730287721019959
interior_none,2027,random,source_query_concat,composites,rci,complete,1.945488523282623,0.5147058786428362,0.5258731457507149,0.9778760181898694
interior_none,2027,random,source_query_concat_numeric_null,generators,c,complete,2.0760021352632356,0.4691446866783417,0.5049314484299414,0.9467549029980519
interior_none,2027,random,source_query_concat_numeric_null,generators,r,complete,3.4482977466548097,0.09850883845839271,0.30800851770552895,0.28360379797141255
interior_none,2027,random,source_query_concat_numeric_null,generators,i,complete,1.953699791969268,0.4880006087278617,0.5332061049325347,0.9295867518807999
interior_none,2027,random,source_query_concat_numeric_null,composites,rc,complete,1.9419328059339578,0.5093952312907031,0.5270138374992372,0.9652072937727951
interior_none,2027,random,source_query_concat_numeric_null,composites,ci,complete,2.0175090187385556,0.490513964804718,0.5077599724042788,0.964663541908835
interior_none,2027,random,source_query_concat_numeric_null,composites,ri,complete,2.0175090187385556,0.4942826622669979,0.5077643811748112,0.9724546494749351
interior_none,2027,random,source_query_concat_numeric_null,composites,rci,complete,1.9445371795636521,0.5145280283173446,0.5256547121547517,0.9779640121563067
position_four,3037,trained,ONE_END,generators,c,complete,2.0502279054248413,0.4914296226054556,0.49708221331294733,1.0044787436016231
position_four,3037,trained,ONE_END,generators,r,complete,2.0082546079445005,0.5066319415430826,0.5069012746640591,1.014362497932017
position_four,3037,trained,ONE_END,generators,i,complete,2.019024842739899,0.44726392586315533,0.5032417728071016,0.9004811503915072
position_four,3037,trained,ONE_END,composites,rc,complete,2.0842756062360785,0.47627919052132395,0.4813410825765983,0.9897902121300373
position_four,3037,trained,ONE_END,composites,ci,complete,1.9976655363823197,0.5042742647045849,0.5027345337456326,1.00441209143131
position_four,3037,trained,ONE_END,composites,ri,complete,1.9976655363823195,0.504702363573194,0.5027517003821627,1.0052698329458718
position_four,3037,trained,ONE_END,composites,rci,complete,1.0208068493570956,0.9775475997983798,0.9817580662687598,0.9956008982291218
position_four,3037,trained,ONE_END_numeric_null,generators,c,complete,2.1013355684720194,0.4890341493704453,0.5057375666500228,0.9927540660209968
position_four,3037,trained,ONE_END_numeric_null,generators,r,complete,2.014293860616995,0.5144565725994763,0.5263116425592778,1.0019034853877276
position_four,3037,trained,ONE_END_numeric_null,generators,i,complete,1.656508470461917,0.4207301972390251,0.6364604992433772,0.6605006896756574
position_four,3037,trained,ONE_END_numeric_null,composites,rc,complete,2.001272430664547,0.49847347427140193,0.515774131978361,0.964316626979055
position_four,3037,trained,ONE_END_numeric_null,composites,ci,complete,1.995464547740829,0.5150409491572961,0.5185667789404643,0.9942897075714413
position_four,3037,trained,ONE_END_numeric_null,composites,ri,complete,1.9954645477408295,0.5159293290089274,0.5182605725762577,0.9961235033932727
position_four,3037,trained,ONE_END_numeric_null,composites,rci,complete,1.293607802963251,0.7717605158993547,0.7921022559393333,0.9726840768490331
position_four,3037,trained,source_query_concat,generators,c,complete,2.014279405247881,0.5071149166589752,0.509827738732,1.0134691802964384
position_four,3037,trained,source_query_concat,generators,r,complete,2.0068472494058325,0.5093159039136815,0.5127002298723128,1.0141490232468875
position_four,3037,trained,source_query_concat,generators,i,complete,1.9476657722215482,0.04874260508550437,0.5221875610835393,0.08233425022288707
position_four,3037,trained,source_query_concat,composites,rc,complete,1.9849931345324145,0.47979844011584544,0.5085491467744064,0.9445865741125797
position_four,3037,trained,source_query_concat,composites,ci,complete,2.0055905713536446,0.5085785201499942,0.503305940609184,1.0123679202327562
position_four,3037,trained,source_query_concat,composites,ri,complete,2.0055905713536446,0.5083992197451599,0.5027252235740572,1.0120055382836302
position_four,3037,trained,source_query_concat,composites,rci,complete,0.14488697527074224,6.56133186377808,6.928445758337018,0.9458543003028314
position_four,3037,trained,source_query_concat_numeric_null,generators,c,complete,2.0633816175739406,0.5264603881502098,0.5385531215942183,0.9962287402508666
position_four,3037,trained,source_query_concat_numeric_null,generators,r,complete,2.0364586973835896,0.5334427903600069,0.545741586798076,0.9964961187173106
position_four,3037,trained,source_query_concat_numeric_null,generators,i,complete,1.5809226630669588,0.2262499912227763,0.6800858161987572,0.22707837957815413
position_four,3037,trained,source_query_concat_numeric_null,composites,rc,complete,1.9149754424875316,0.5317438568243801,0.5656483635580093,0.9299348284145553
position_four,3037,trained,source_query_concat_numeric_null,composites,ci,complete,2.011408131313991,0.5377639595856695,0.5403524514886036,0.9953921389664381
position_four,3037,trained,source_query_concat_numeric_null,composites,ri,complete,2.011408131313991,0.5394306943181493,0.5397617877493709,0.9990597223173306
position_four,3037,trained,source_query_concat_numeric_null,composites,rci,complete,0.8006321718926044,1.2332064073472786,1.307381438943521,0.9347783911069037
position_three,2027,trained,ONE_END,generators,c,complete,2.0179405814459264,0.47146192455766084,0.5071449960436097,0.9464087081229461
position_three,2027,trained,ONE_END,generators,r,complete,2.11424258582118,0.44852838584176713,0.483109579782198,0.9432035171505658
position_three,2027,trained,ONE_END,generators,i,complete,1.8670812344062604,0.3279729304666961,0.5479961240356218,0.6069245154118014
position_three,2027,trained,ONE_END,composites,rc,complete,2.06050411119608,0.4609482644537721,0.4886493403332239,0.945218596663857
position_three,2027,trained,ONE_END,composites,ci,complete,1.9952231746655427,0.4834196401806594,0.5045058475331451,0.9598032225633388
position_three,2027,trained,ONE_END,composites,ri,complete,1.9952231746655427,0.47816375163551816,0.5040539460422367,0.949268212906489
position_three,2027,trained,ONE_END,composites,rci,complete,0.8932502859211895,1.0588804886997707,1.123765380300527,0.9425163939342907
position_three,2027,trained,ONE_END_numeric_null,generators,c,complete,2.1680833188018362,0.42337683420144046,0.4783974429555839,0.9031388106160315
position_three,2027,trained,ONE_END_numeric_null,generators,r,complete,2.1430001052100995,0.4294294289340984,0.48050274689736944,0.905345046103281
position_three,2027,trained,ONE_END_numeric_null,generators,i,complete,1.4275010021792904,0.22917551017419627,0.7250925015643793,0.30804930530283325
position_three,2027,trained,ONE_END_numeric_null,composites,rc,complete,2.1523218008186427,0.42694047638544425,0.4701597066145766,0.9051847535904476
position_three,2027,trained,ONE_END_numeric_null,composites,ci,complete,2.044447820043955,0.45715481802454716,0.49555998348204705,0.9206325170978454
position_three,2027,trained,ONE_END_numeric_null,composites,ri,complete,2.0444478200439544,0.4594135408387005,0.4962569017779284,0.9253113940121509
position_three,2027,trained,ONE_END_numeric_null,composites,rci,complete,1.438769449061064,0.6385722010004927,0.7013575295453152,0.9084087097615445
position_three,2027,trained,source_query_concat,generators,c,complete,2.020556697138829,0.49915301027498615,0.512953290852495,0.9932339217568767
position_three,2027,trained,source_query_concat,generators,r,complete,2.016315172192614,0.4958095466561793,0.5145163707985977,0.9842181105118909
position_three,2027,trained,source_query_concat,generators,i,complete,1.734896087631383,0.18911063668112577,0.5912638532948128,0.30665808051130605
position_three,2027,trained,source_query_concat,composites,rc,complete,1.734357429084608,0.5546471948720375,0.5844089140091299,0.9478188972874453
position_three,2027,trained,source_query_concat,composites,ci,complete,2.000460072096612,0.5056039743207081,0.5076920721217162,0.9972124657619315
position_three,2027,trained,source_query_concat,composites,ri,complete,2.000460072096612,0.5059444730381114,0.5075873174592965,0.9979035103133488
position_three,2027,trained,source_query_concat,composites,rci,complete,0.14247802419622768,6.674825527686124,7.0510618548218975,0.9453250559254309
position_three,2027,trained,source_query_concat_numeric_null,generators,c,complete,2.127918401550089,0.4635967571147861,0.5261333108801386,0.8785652709008093
position_three,2027,trained,source_query_concat_numeric_null,generators,r,complete,2.203637476225124,0.4336640674954408,0.5027563828374529,0.844620767399953
position_three,2027,trained,source_query_concat_numeric_null,generators,i,complete,1.8426218830907164,0.34485130851543583,0.5874486050442133,0.5221668438766337
position_three,2027,trained,source_query_concat_numeric_null,composites,rc,complete,1.8234535868352448,0.5403647378986737,0.593697081469869,0.892633993536312
position_three,2027,trained,source_query_concat_numeric_null,composites,ci,complete,1.994723324746697,0.511808393120173,0.5466164523920602,0.9239515992184986
position_three,2027,trained,source_query_concat_numeric_null,composites,ri,complete,1.994723324746697,0.5132666441416697,0.5467201240262696,0.927150793111975
position_three,2027,trained,source_query_concat_numeric_null,composites,rci,complete,0.95917481036015,0.9682183567480668,1.075393474780063,0.8871124829180477
cycle_four,3037,random,ONE_END,generators,c,complete,2.0235943174324347,0.4863251684080958,0.517372564734053,0.9599834482529891
cycle_four,3037,random,ONE_END,generators,r,complete,3.4462314330210213,0.08907538464836579,0.3087877929476926,0.2560008375048418
cycle_four,3037,random,ONE_END,generators,i,complete,1.9511686370884997,0.4981580312781423,0.5334669951368414,0.9506625112564084
cycle_four,3037,random,ONE_END,composites,rc,complete,1.992181856467446,0.5029710735242433,0.5128542033826258,0.9799975175781842
cycle_four,3037,random,ONE_END,composites,ci,complete,2.0296018690398925,0.49414308892179787,0.5036794256633412,0.9806037240578633
cycle_four,3037,random,ONE_END,composites,ri,complete,2.029601869039892,0.49697595042384907,0.5037160659805398,0.9864826663180462
cycle_four,3037,random,ONE_END,composites,rci,complete,1.935628215326888,0.5220465659546082,0.526945999840963,0.9903274560364836
cycle_four,3037,random,ONE_END_numeric_null,generators,c,complete,2.024202585816328,0.4863347200691037,0.5161015129368156,0.9620521080196082
cycle_four,3037,random,ONE_END_numeric_null,generators,r,complete,3.445692952802059,0.08894920249255535,0.3073385455177543,0.2588803463635404
cycle_four,3037,random,ONE_END_numeric_null,generators,i,complete,1.9541448648784854,0.49723704522345086,0.5322689258833986,0.9517278848259482
cycle_four,3037,random,ONE_END_numeric_null,composites,rc,complete,1.990917179239608,0.5022754353604721,0.5122000790957163,0.979409113856436
cycle_four,3037,random,ONE_END_numeric_null,composites,ci,complete,2.02820539227313,0.4949378400470943,0.5031371886736734,0.9831093999739693
cycle_four,3037,random,ONE_END_numeric_null,composites,ri,complete,2.02820539227313,0.497283624177889,0.5035014912504956,0.9879669242090041
cycle_four,3037,random,ONE_END_numeric_null,composites,rci,complete,1.937143715364705,0.5213664871114723,0.5258749959928175,0.9911171777048337
cycle_four,3037,random,source_query_concat,generators,c,complete,2.0236839189108156,0.48895053921316867,0.5153112154528131,0.9639005152572572
cycle_four,3037,random,source_query_concat,generators,r,complete,3.4366380734458897,0.09432407175362754,0.3113391253957036,0.2698514366196339
cycle_four,3037,random,source_query_concat,generators,i,complete,1.9585073829884239,0.5012932965646728,0.5315705996372078,0.9593690508876261
cycle_four,3037,random,source_query_concat,composites,rc,complete,1.9910722291832024,0.505663840005889,0.5144006295138643,0.9833933811981969
cycle_four,3037,random,source_query_concat,composites,ci,complete,2.024024039595551,0.4972586778664178,0.5058073677691236,0.9825694838472353
cycle_four,3037,random,source_query_concat,composites,ri,complete,2.024024039595551,0.5008023838256211,0.5058228636618862,0.9899142601141108
cycle_four,3037,random,source_query_concat,composites,rci,complete,1.9360813535512824,0.5234022813259923,0.5275771075082287,0.9917560359385714
cycle_four,3037,random,source_query_concat_numeric_null,generators,c,complete,2.0236875346706644,0.4874497131595256,0.5151586241055947,0.9624041932447474
cycle_four,3037,random,source_query_concat_numeric_null,generators,r,complete,3.435880803222223,0.09403207857945259,0.3104020643938941,0.27212730567698296
cycle_four,3037,random,source_query_concat_numeric_null,generators,i,complete,1.9601220944426183,0.5007444235355951,0.5299878899333463,0.9604382818285461
cycle_four,3037,random,source_query_concat_numeric_null,composites,rc,complete,1.9899297161933902,0.5050706196640089,0.5140752408408774,0.9831809012367273
cycle_four,3037,random,source_query_concat_numeric_null,composites,ci,complete,2.023703741747032,0.4975695591881928,0.5051511927032287,0.9846298744215766
cycle_four,3037,random,source_query_concat_numeric_null,composites,ri,complete,2.0237037417470316,0.5004774471132456,0.5050885949221243,0.9906468096627512
cycle_four,3037,random,source_query_concat_numeric_null,composites,rci,complete,1.9373292105767308,0.5229806133904608,0.5265776253436985,0.9929353300238075
cycle_three,1009,random,ONE_END,generators,c,complete,2.0447506047810657,0.47815596068031496,0.5158746220649997,0.9476878180921587
cycle_three,1009,random,ONE_END,generators,r,complete,3.4902136456629154,0.09086370486577612,0.31304084975436375,0.2520394183251952
cycle_three,1009,random,ONE_END,generators,i,complete,1.9497542155022274,0.4896888569133264,0.534785055205893,0.9280457427883801
cycle_three,1009,random,ONE_END,composites,rc,complete,1.9772440512125635,0.5055258107069139,0.5194111354949651,0.971572518490307
cycle_three,1009,random,ONE_END,composites,ci,complete,2.029332937968336,0.4923484490438635,0.5066721674309729,0.9711075031361662
cycle_three,1009,random,ONE_END,composites,ri,complete,2.029332937968336,0.49589116890648405,0.506506692027324,0.9784970419551403
cycle_three,1009,random,ONE_END,composites,rci,complete,1.9403089765271868,0.518747589626507,0.5278933755642777,0.9817874548199347
cycle_three,1009,random,ONE_END_numeric_null,generators,c,complete,2.0452259794880026,0.4772419657194274,0.5148583273217303,0.948060241183477
cycle_three,1009,random,ONE_END_numeric_null,generators,r,complete,3.491409245793516,0.09040056629028644,0.31281558381444324,0.2547073839098602
cycle_three,1009,random,ONE_END_numeric_null,generators,i,complete,1.9491405325599036,0.4886793190427346,0.5343723138813484,0.9273401556382478
cycle_three,1009,random,ONE_END_numeric_null,composites,rc,complete,1.9758818599121948,0.5043998705654624,0.5190109330647417,0.9704083822738865
cycle_three,1009,random,ONE_END_numeric_null,composites,ci,complete,2.0291624471100556,0.4922021685552902,0.5057434909657041,0.9725512135401182
cycle_three,1009,random,ONE_END_numeric_null,composites,ri,complete,2.0291624471100556,0.4955464708891769,0.5056937560120371,0.9795141927602005
cycle_three,1009,random,ONE_END_numeric_null,composites,rci,complete,1.9419892193324457,0.5178119378258036,0.5267404972022202,0.9822389903394217
cycle_three,1009,random,source_query_concat,generators,c,complete,2.0431632136178526,0.4745741430029364,0.518403869230351,0.9398769956564696
cycle_three,1009,random,source_query_concat,generators,r,complete,3.4902691131745804,0.09232356534795262,0.31232446650213735,0.2571623489547561
cycle_three,1009,random,source_query_concat,generators,i,complete,1.9488760352196015,0.48825587510454393,0.5376959992663835,0.9245045865348482
cycle_three,1009,random,source_query_concat,composites,rc,complete,1.9761599316863347,0.5044317853058645,0.5196203606652833,0.9693699089077427
cycle_three,1009,random,source_query_concat,composites,ci,complete,2.0294293328512945,0.4923516255906117,0.5058996162356301,0.9714686171490995
cycle_three,1009,random,source_query_concat,composites,ri,complete,2.0294293328512945,0.4978112186299184,0.506776997526141,0.9828560037270122
cycle_three,1009,random,source_query_concat,composites,rci,complete,1.9461882209184238,0.5181273492734759,0.5264795330949937,0.9832412333159123
cycle_three,1009,random,source_query_concat_numeric_null,generators,c,complete,2.0436847479656106,0.47324644142964845,0.5176840364297022,0.9393251686505206
cycle_three,1009,random,source_query_concat_numeric_null,generators,r,complete,3.491580013716276,0.09195954419559499,0.3109323734996082,0.2606840009854396
cycle_three,1009,random,source_query_concat_numeric_null,generators,i,complete,1.9490842608131607,0.4876354733311063,0.5367259466045865,0.925132081383173
cycle_three,1009,random,source_query_concat_numeric_null,composites,rc,complete,1.9751058251548919,0.5025027598613068,0.51891937315868,0.9667167240676503
cycle_three,1009,random,source_query_concat_numeric_null,composites,ci,complete,2.0277269194998673,0.49214396685308204,0.5054984154682183,0.9720716390477933
cycle_three,1009,random,source_query_concat_numeric_null,composites,ri,complete,2.0277269194998673,0.49828562788177105,0.5064650287675855,0.9848483377507441
cycle_three,1009,random,source_query_concat_numeric_null,composites,rci,complete,1.9490762022841104,0.5166125534594493,0.5248839930488006,0.9833496419461341
position_none,1009,trained,ONE_END,generators,c,complete,1.9357024293721372,0.4260692361565564,0.5444891380667839,0.8229359380942575
position_none,1009,trained,ONE_END,generators,r,complete,1.941436756969432,0.42907695745488866,0.5364078537114748,0.8313255779214326
position_none,1009,trained,ONE_END,generators,i,complete,0.938316009515989,0.6167688796190758,1.030947407216084,0.5768239036841388
position_none,1009,trained,ONE_END,composites,rc,complete,1.3461574079311664,0.6578759767204306,0.7468290884146809,0.8840761755523696
position_none,1009,trained,ONE_END,composites,ci,complete,1.9061276706066543,0.4583224515124275,0.5261999079680012,0.8720135402523651
position_none,1009,trained,ONE_END,composites,ri,complete,1.9061276706066543,0.4455913740694061,0.5284525823050812,0.8477112583048061
position_none,1009,trained,ONE_END,composites,rci,complete,1.3486834580288085,0.6763534804647056,0.7418820107671124,0.910737909566312
position_none,1009,trained,ONE_END_numeric_null,generators,c,complete,2.102061909770103,0.41364158172537685,0.49715648479633545,0.8646544671155698
position_none,1009,trained,ONE_END_numeric_null,generators,r,complete,2.0519311353681955,0.4335599528312465,0.5058500187638877,0.8850575095822536
position_none,1009,trained,ONE_END_numeric_null,generators,i,complete,1.0998519789566563,0.5906553424349437,0.9153443959224589,0.6446078815149978
position_none,1009,trained,ONE_END_numeric_null,composites,rc,complete,1.6062012725263102,0.5856160143068532,0.6243245946369197,0.9365748490160647
position_none,1009,trained,ONE_END_numeric_null,composites,ci,complete,2.0204275971826915,0.45508211504977497,0.499109139417165,0.9151849930166746
position_none,1009,trained,ONE_END_numeric_null,composites,ri,complete,2.0204275971826915,0.4487166701659392,0.4999589528790306,0.9022722335829159
position_none,1009,trained,ONE_END_numeric_null,composites,rci,complete,1.5777923811967012,0.6053243296274143,0.6361319390592801,0.9512711047172533
position_none,1009,trained,source_query_concat,generators,c,complete,1.8968127537217923,0.4166592375482427,0.5513823763014593,0.7815772847096185
position_none,1009,trained,source_query_concat,generators,r,complete,1.859775970133868,0.42939918308932584,0.5580307632566774,0.7903886045823894
position_none,1009,trained,source_query_concat,generators,i,complete,0.6949378818861239,0.6448634526872601,1.4541226915912548,0.43855046204023335
position_none,1009,trained,source_query_concat,composites,rc,complete,1.393330982261328,0.627181074966714,0.7207573811889043,0.8666110316008352
position_none,1009,trained,source_query_concat,composites,ci,complete,1.8821735638239516,0.4491034633252585,0.538155325836879,0.8375255476792266
position_none,1009,trained,source_query_concat,composites,ri,complete,1.8821735638239514,0.4476956742006936,0.5391523747016821,0.8348579066602864
position_none,1009,trained,source_query_concat,composites,rci,complete,1.4196234507571666,0.6284483880852284,0.7094709842106874,0.8852552308328349
position_none,1009,trained,source_query_concat_numeric_null,generators,c,complete,2.0987354509088743,0.413117064047226,0.5041098459869854,0.8346947660424638
position_none,1009,trained,source_query_concat_numeric_null,generators,r,complete,1.9783207377923455,0.45384663893494026,0.533523160723981,0.8680580144046779
position_none,1009,trained,source_query_concat_numeric_null,generators,i,complete,1.0694397852860391,0.5936896993320118,0.9797499905487265,0.601750212528414
position_none,1009,trained,source_query_concat_numeric_null,composites,rc,complete,1.6301690949632925,0.5775314079185436,0.6286438930167306,0.9143988919183627
position_none,1009,trained,source_query_concat_numeric_null,composites,ci,complete,1.990198885379386,0.4662989570215802,0.5167376607638794,0.8997266911186235
position_none,1009,trained,source_query_concat_numeric_null,composites,ri,complete,1.9901988853793864,0.4640721926602922,0.5174895409798439,0.8951756984191315
position_none,1009,trained,source_query_concat_numeric_null,composites,rci,complete,1.6366950822771313,0.5844276705781061,0.6258175039634494,0.9310157573380322
cycle_four,3037,trained,ONE_END,generators,c,complete,1.9493737032194114,0.5251624257791017,0.5319043052823184,1.0205063198801814
cycle_four,3037,trained,ONE_END,generators,r,complete,1.9466000998070088,0.5280232950033086,0.555095765046126,1.0246416835105516
cycle_four,3037,trained,ONE_END,generators,i,complete,0.43330861102341595,0.8015995239002681,2.269002408368083,0.3451728742299558
cycle_four,3037,trained,ONE_END,composites,rc,complete,1.7384632445734742,0.5687823423741124,0.5761909889814065,0.9855770288179803
cycle_four,3037,trained,ONE_END,composites,ci,complete,1.9364695590284429,0.5279198931672798,0.5196257461546298,1.0191467678752568
cycle_four,3037,trained,ONE_END,composites,ri,complete,1.9364695590284429,0.5287500470412687,0.5316570965669123,1.020759568660681
cycle_four,3037,trained,ONE_END,composites,rci,complete,1.729276916348429,0.5721016597192798,0.5826437860688188,0.9860907375915933
cycle_four,3037,trained,ONE_END_numeric_null,generators,c,complete,1.9029747515280317,0.5405607043711854,0.5490554580545854,1.0215112220084557
cycle_four,3037,trained,ONE_END_numeric_null,generators,r,complete,1.8883177091202792,0.550806628842299,0.5842058125248737,1.0330354626633291
cycle_four,3037,trained,ONE_END_numeric_null,generators,i,complete,0.37971196682442276,0.7673255543215838,2.6049386172550992,0.28650064064012254
cycle_four,3037,trained,ONE_END_numeric_null,composites,rc,complete,1.624038240403529,0.6019296030214262,0.6231805639321581,0.9702269516121292
cycle_four,3037,trained,ONE_END_numeric_null,composites,ci,complete,1.8829096364507072,0.5466372435867557,0.5350715950090914,1.0222794283547127
cycle_four,3037,trained,ONE_END_numeric_null,composites,ri,complete,1.8829096364507067,0.5510210191736403,0.5481426514365219,1.0305936501556303
cycle_four,3037,trained,ONE_END_numeric_null,composites,rci,complete,1.622402256086288,0.6034164957403019,0.6219265506715133,0.9716234701762468
cycle_four,3037,trained,source_query_concat,generators,c,complete,1.9207110448941769,0.5328902248587905,0.5306578624610766,1.0203247927100945
cycle_four,3037,trained,source_query_concat,generators,r,complete,1.9196030594442113,0.5338858669285265,0.5290989621520619,1.0216908201995922
cycle_four,3037,trained,source_query_concat,generators,i,complete,0.05524361334181316,0.7675625752212418,17.490453501535626,0.03957952743821969
cycle_four,3037,trained,source_query_concat,composites,rc,complete,0.18758524548342512,5.01164968450512,5.321672202687111,0.9372417526003507
cycle_four,3037,trained,source_query_concat,composites,ci,complete,1.9179457291125726,0.5337146381799349,0.5247620180678534,1.020532922911368
cycle_four,3037,trained,source_query_concat,composites,ri,complete,1.9179457291125726,0.5336692794160062,0.5239775044487915,1.02044564780035
cycle_four,3037,trained,source_query_concat,composites,rci,complete,0.18681389638463824,5.03288819225429,5.3653999527426235,0.9374230218403871
cycle_four,3037,trained,source_query_concat_numeric_null,generators,c,complete,1.9345023734926308,0.5457201777939048,0.5444361225959612,1.0270182321451133
cycle_four,3037,trained,source_query_concat_numeric_null,generators,r,complete,1.931977583305103,0.548584536671523,0.5428208906294751,1.0318024746348982
cycle_four,3037,trained,source_query_concat_numeric_null,generators,i,complete,0.22434116044574542,0.72328352758283,4.427872755547676,0.13923860550830006
cycle_four,3037,trained,source_query_concat_numeric_null,composites,rc,complete,1.1660160774533546,0.8472411281803136,0.8764921531448278,0.9621208362764538
cycle_four,3037,trained,source_query_concat_numeric_null,composites,ci,complete,1.9259371883650838,0.5467589212648877,0.5347206390184512,1.025208729208464
cycle_four,3037,trained,source_query_concat_numeric_null,composites,ri,complete,1.925937188365084,0.5475861991315146,0.5349279851446793,1.0268496227708206
cycle_four,3037,trained,source_query_concat_numeric_null,composites,rci,complete,1.1607930365543315,0.8511154271634296,0.882290195903225,0.9627347870452639
interior_none,3037,random,ONE_END,generators,c,complete,2.0235943174324347,0.4863251684080958,0.517372564734053,0.9599834482529891
interior_none,3037,random,ONE_END,generators,r,complete,3.4462314330210213,0.08907538464836579,0.3087877929476926,0.2560008375048418
interior_none,3037,random,ONE_END,generators,i,complete,1.9511686370884997,0.4981580312781423,0.5334669951368414,0.9506625112564084
interior_none,3037,random,ONE_END,composites,rc,complete,1.992181856467446,0.5029710735242433,0.5128542033826258,0.9799975175781842
interior_none,3037,random,ONE_END,composites,ci,complete,2.0296018690398925,0.49414308892179787,0.5036794256633412,0.9806037240578633
interior_none,3037,random,ONE_END,composites,ri,complete,2.029601869039892,0.49697595042384907,0.5037160659805398,0.9864826663180462
interior_none,3037,random,ONE_END,composites,rci,complete,1.935628215326888,0.5220465659546082,0.526945999840963,0.9903274560364836
interior_none,3037,random,ONE_END_numeric_null,generators,c,complete,2.024202585816328,0.4863347200691037,0.5161015129368156,0.9620521080196082
interior_none,3037,random,ONE_END_numeric_null,generators,r,complete,3.445692952802059,0.08894920249255535,0.3073385455177543,0.2588803463635404
interior_none,3037,random,ONE_END_numeric_null,generators,i,complete,1.9541448648784854,0.49723704522345086,0.5322689258833986,0.9517278848259482
interior_none,3037,random,ONE_END_numeric_null,composites,rc,complete,1.990917179239608,0.5022754353604721,0.5122000790957163,0.979409113856436
interior_none,3037,random,ONE_END_numeric_null,composites,ci,complete,2.02820539227313,0.4949378400470943,0.5031371886736734,0.9831093999739693
interior_none,3037,random,ONE_END_numeric_null,composites,ri,complete,2.02820539227313,0.497283624177889,0.5035014912504956,0.9879669242090041
interior_none,3037,random,ONE_END_numeric_null,composites,rci,complete,1.937143715364705,0.5213664871114723,0.5258749959928175,0.9911171777048337
interior_none,3037,random,source_query_concat,generators,c,complete,2.0237714232747215,0.4890315656858847,0.5153326197897571,0.9640673756703919
interior_none,3037,random,source_query_concat,generators,r,complete,3.436530070413996,0.09437927075459367,0.31139407550413556,0.26994818910357954
interior_none,3037,random,source_query_concat,generators,i,complete,1.9585140454360572,0.5013876717174378,0.5315972251370362,0.959514160405784
interior_none,3037,random,source_query_concat,composites,rc,complete,1.9910134608432217,0.5057263061639738,0.5144419441159086,0.9834503856753541
interior_none,3037,random,source_query_concat,composites,ci,complete,2.0240114755085523,0.49727084164026863,0.505831937107043,0.9825605864495909
interior_none,3037,random,source_query_concat,composites,ri,complete,2.0240114755085523,0.5007981754987952,0.505841990014723,0.9898716352549558
interior_none,3037,random,source_query_concat,composites,rci,complete,1.936102274206287,0.5234126129969653,0.5275826437307097,0.9917637243087666
interior_none,3037,random,source_query_concat_numeric_null,generators,c,complete,2.023736808868475,0.4874774892269336,0.5151771740522167,0.962447168162105
interior_none,3037,random,source_query_concat_numeric_null,generators,r,complete,3.435787501694467,0.09411518097635722,0.3104219830240636,0.2723276768051667
interior_none,3037,random,source_query_concat_numeric_null,generators,i,complete,1.96016199693399,0.5008077408089152,0.5300354347635668,0.9605380048795934
interior_none,3037,random,source_query_concat_numeric_null,composites,rc,complete,1.9899111243700895,0.505107482983675,0.5140982782913585,0.9832009593432636
interior_none,3037,random,source_query_concat_numeric_null,composites,ci,complete,2.0236661615242766,0.4975944169872829,0.5051693824390903,0.9846337468079854
interior_none,3037,random,source_query_concat_numeric_null,composites,ri,complete,2.0236661615242766,0.5004717450649356,0.5051159189029547,0.990587557303463
interior_none,3037,random,source_query_concat_numeric_null,composites,rci,complete,1.9373859675216873,0.5229925469865301,0.5265799935684728,0.9929527975053851
position_four,2027,random,ONE_END,generators,c,complete,2.075661540853422,0.4690799818923896,0.5056399060172136,0.9435579579507679
position_four,2027,random,ONE_END,generators,r,complete,3.4580291142147486,0.09810709992025383,0.30856221736048794,0.2764653764987698
position_four,2027,random,ONE_END,generators,i,complete,1.9486122802419323,0.4882728605663264,0.5357716155434409,0.9252279590427445
position_four,2027,random,ONE_END,composites,rc,complete,1.9435057796258806,0.5104474358021852,0.5286724794621941,0.9654497118547098
position_four,2027,random,ONE_END,composites,ci,complete,2.01874750500262,0.4909199472525684,0.5084961754078061,0.9635612790469983
position_four,2027,random,ONE_END,composites,ri,complete,2.01874750500262,0.4956023786255402,0.5083917867539366,0.9732719572537991
position_four,2027,random,ONE_END,composites,rci,complete,1.9479651741823678,0.5143120449173592,0.5257595461013467,0.97708740986695
position_four,2027,random,ONE_END_numeric_null,generators,c,complete,2.0759462281719556,0.46925589411023977,0.5054103692667787,0.9453111535125415
position_four,2027,random,ONE_END_numeric_null,generators,r,complete,3.458219749880294,0.0982676068923432,0.3078272649945896,0.2798418016737801
position_four,2027,random,ONE_END_numeric_null,generators,i,complete,1.950717117538155,0.48711461479464,0.5352854307487379,0.9250610157149561
position_four,2027,random,ONE_END_numeric_null,composites,rc,complete,1.942045567281811,0.5098062882007238,0.5282045201035427,0.9647251174882007
position_four,2027,random,ONE_END_numeric_null,composites,ci,complete,2.0184288367846683,0.4904966184863023,0.5079551264925746,0.9638867198378054
position_four,2027,random,ONE_END_numeric_null,composites,ri,complete,2.0184288367846683,0.49492747788048636,0.5077749336479828,0.9730629732303401
position_four,2027,random,ONE_END_numeric_null,composites,rci,complete,1.9469268474005363,0.5140707807724174,0.5255641714466357,0.9771294033223203
position_four,2027,random,source_query_concat,generators,c,complete,2.0752451831619205,0.46968897536712484,0.5058313248897077,0.9464141675694728
position_four,2027,random,source_query_concat,generators,r,complete,3.449046741183919,0.09845617424314335,0.308474781070494,0.2814282411524094
position_four,2027,random,source_query_concat,generators,i,complete,1.951235443208015,0.4881100773811118,0.5351553429004929,0.9274131275677983
position_four,2027,random,source_query_concat,composites,rc,complete,1.9426205901154108,0.5100446469115284,0.5273545913222043,0.9658588697532837
position_four,2027,random,source_query_concat,composites,ci,complete,2.0178123541491564,0.49042041154109484,0.5080353738965715,0.9635950345786094
position_four,2027,random,source_query_concat,composites,ri,complete,2.0178123541491564,0.49502171297768327,0.5081582846844227,0.9731180070455597
position_four,2027,random,source_query_concat,composites,rci,complete,1.9454170763984036,0.5147480647915106,0.525885840598083,0.9779378989780864
position_four,2027,random,source_query_concat_numeric_null,generators,c,complete,2.0757941569515883,0.4692093768270702,0.5049359454897983,0.9468186045605698
position_four,2027,random,source_query_concat_numeric_null,generators,r,complete,3.4483230316934277,0.09849101637907522,0.30798552439093774,0.28354590833879834
position_four,2027,random,source_query_concat_numeric_null,generators,i,complete,1.9538148110149252,0.48808226116017117,0.5331640086694435,0.9298135869687294
position_four,2027,random,source_query_concat_numeric_null,composites,rc,complete,1.9420890874036958,0.5093961857023277,0.5269675604077303,0.9652942411258566
position_four,2027,random,source_query_concat_numeric_null,composites,ci,complete,2.017463382951969,0.49055757519188087,0.5077550623764093,0.9647442088589172
position_four,2027,random,source_query_concat_numeric_null,composites,ri,complete,2.0174633829519686,0.4943470777337708,0.5077720874916928,0.9725780427392946
position_four,2027,random,source_query_concat_numeric_null,composites,rci,complete,1.9444371398040805,0.5145745976061203,0.5256673068675141,0.9780259573688884
cycle_four,1009,trained,ONE_END,generators,c,complete,2.0970680558761234,0.48005512169040054,0.48597190105667165,1.0052493983083892
cycle_four,1009,trained,ONE_END,generators,r,complete,2.097208323155033,0.48113312761197863,0.48521900561729225,1.0075927880940168
cycle_four,1009,trained,ONE_END,generators,i,complete,0.37063455193096356,0.661609870544315,2.713103069318397,0.2436777190376014
cycle_four,1009,trained,ONE_END,composites,rc,complete,1.7651577667947147,0.5669961132660601,0.5670296731002294,0.9994243985668645
cycle_four,1009,trained,ONE_END,composites,ci,complete,2.075925467700726,0.4879085704653687,0.4829977504156723,1.0114568206517962
cycle_four,1009,trained,ONE_END,composites,ri,complete,2.075925467700726,0.48808392445516297,0.4836380233493101,1.0118213673320184
cycle_four,1009,trained,ONE_END,composites,rci,complete,1.737020143933173,0.5775779197301615,0.5765677573416662,1.001898724043407
cycle_four,1009,trained,ONE_END_numeric_null,generators,c,complete,2.072490366256634,0.4893892021247168,0.4978783413555558,1.0101501937351056
cycle_four,1009,trained,ONE_END_numeric_null,generators,r,complete,2.0683451413818705,0.49149952057371726,0.4972703708391993,1.0124773212522094
cycle_four,1009,trained,ONE_END_numeric_null,generators,i,complete,0.4199164978800542,0.6424009737534687,2.3970867873205672,0.2653891222484221
cycle_four,1009,trained,ONE_END_numeric_null,composites,rc,complete,1.7921304227243868,0.5597504287521643,0.5608106805590934,0.9990914357116718
cycle_four,1009,trained,ONE_END_numeric_null,composites,ci,complete,2.0447182271719635,0.49601743823337,0.49160560942829234,1.0102056309153695
cycle_four,1009,trained,ONE_END_numeric_null,composites,ri,complete,2.0447182271719635,0.4954362215050258,0.49159154368667074,1.0090123131412494
cycle_four,1009,trained,ONE_END_numeric_null,composites,rci,complete,1.7580256965514192,0.5702003633320626,0.5711272434345119,0.9984817358017254
cycle_four,1009,trained,source_query_concat,generators,c,complete,1.9539384850808157,0.5179765418476298,0.5165460118532208,1.0093082067569668
cycle_four,1009,trained,source_query_concat,generators,r,complete,1.9551150947406177,0.5178418510809274,0.5179903770208373,1.0097115787321789
cycle_four,1009,trained,source_query_concat,generators,i,complete,0.04628600135183228,0.7698886654395773,22.061228599625466,0.03337205596212147
cycle_four,1009,trained,source_query_concat,composites,rc,complete,0.16853690347546255,5.6091809852052235,5.980307297768849,0.9427631502260847
cycle_four,1009,trained,source_query_concat,composites,ci,complete,1.951810442671932,0.518654671344069,0.5155473812700694,1.0096283734944753
cycle_four,1009,trained,source_query_concat,composites,ri,complete,1.951810442671932,0.5186378563910081,0.5152540088236518,1.0095954626943633
cycle_four,1009,trained,source_query_concat,composites,rci,complete,0.16836415921162234,5.616109293993535,5.951892115696267,0.9429531648609922
cycle_four,1009,trained,source_query_concat_numeric_null,generators,c,complete,1.9627166221087209,0.5364557644101688,0.5336878563705124,1.0264122974480856
cycle_four,1009,trained,source_query_concat_numeric_null,generators,r,complete,1.9673679495961998,0.5352150469251505,0.5317248709915268,1.026702788217415
cycle_four,1009,trained,source_query_concat_numeric_null,generators,i,complete,0.2033644253142017,0.756147774350036,4.958192364474493,0.13373908366017184
cycle_four,1009,trained,source_query_concat_numeric_null,composites,rc,complete,1.128507199603121,0.8710212555141567,0.9087195170934966,0.9585511775061967
cycle_four,1009,trained,source_query_concat_numeric_null,composites,ci,complete,1.9559779725869744,0.537407648953929,0.52518829122822,1.0252446345808215
cycle_four,1009,trained,source_query_concat_numeric_null,composites,ri,complete,1.9559779725869744,0.5365338024276997,0.5250213091620365,1.0234876282832535
cycle_four,1009,trained,source_query_concat_numeric_null,composites,rci,complete,1.127364172043163,0.8723222190914427,0.907572184197575,0.959049213880439
cycle_none,1009,trained,ONE_END,generators,c,complete,2.1850579781445174,0.4340666884206423,0.46734957343187805,0.9452352766125118
cycle_none,1009,trained,ONE_END,generators,r,complete,2.033215956867972,0.4694385991017131,0.5032645167988283,0.9512776845503211
cycle_none,1009,trained,ONE_END,generators,i,complete,1.4323060510078847,0.3309496814967903,0.6948576148766038,0.47055824949849007
cycle_none,1009,trained,ONE_END,composites,rc,complete,1.9626001102296653,0.4856474482486088,0.511391094164789,0.9502173969909438
cycle_none,1009,trained,ONE_END,composites,ci,complete,2.072108947421381,0.47245284969493245,0.4849796416407772,0.9760205542434041
cycle_none,1009,trained,ONE_END,composites,ri,complete,2.072108947421381,0.47507820074213747,0.4860253904928789,0.9814765341670638
cycle_none,1009,trained,ONE_END,composites,rci,complete,1.0502157610439482,0.9148561576433898,0.9531411278906756,0.9584981721769796
cycle_none,1009,trained,ONE_END_numeric_null,generators,c,complete,2.237948029815122,0.41244925361745727,0.4587554269388228,0.9106794999242245
cycle_none,1009,trained,ONE_END_numeric_null,generators,r,complete,1.9926517433363704,0.4690005902592808,0.5202625736687211,0.9224648460457915
cycle_none,1009,trained,ONE_END_numeric_null,generators,i,complete,1.4315998185640857,0.2794373958485008,0.7015396595920836,0.3865399076859217
cycle_none,1009,trained,ONE_END_numeric_null,composites,rc,complete,2.0716388505879144,0.446247932278298,0.4877760469126649,0.9134321642356752
cycle_none,1009,trained,ONE_END_numeric_null,composites,ci,complete,2.0430101369932205,0.47713019842213705,0.49597811462763575,0.9636890944625378
cycle_none,1009,trained,ONE_END_numeric_null,composites,ri,complete,2.04301013699322,0.47105271128662857,0.496141952198591,0.9511380699334107
cycle_none,1009,trained,ONE_END_numeric_null,composites,rci,complete,1.2611630969782022,0.7401921207777742,0.7994662465046175,0.9247136431837498
cycle_none,1009,trained,source_query_concat,generators,c,complete,2.0237820427489246,0.5025663343205203,0.5112826025352454,1.0054789249067575
cycle_none,1009,trained,source_query_concat,generators,r,complete,2.0205586997429013,0.5074797433310383,0.5111596928116215,1.013847904211051
cycle_none,1009,trained,source_query_concat,generators,i,complete,1.552100467059978,0.4694478420927718,0.6577019034212156,0.7186007151242487
cycle_none,1009,trained,source_query_concat,composites,rc,complete,1.6338598501930444,0.5977943372920944,0.619227751142541,0.9658459044885075
cycle_none,1009,trained,source_query_concat,composites,ci,complete,2.0145339238810376,0.5016534916923092,0.5026167612435379,0.9994649646650561
cycle_none,1009,trained,source_query_concat,composites,ri,complete,2.0145339238810376,0.49994256219383776,0.5026705944845818,0.9959788644248627
cycle_none,1009,trained,source_query_concat,composites,rci,complete,0.23153452855077106,4.2022989837515645,4.354303918514414,0.9647431051702013
cycle_none,1009,trained,source_query_concat_numeric_null,generators,c,complete,2.114491491850918,0.4975796898657301,0.5195768517842954,0.9737083470167056
cycle_none,1009,trained,source_query_concat_numeric_null,generators,r,complete,2.110769432841502,0.5012209451360312,0.5243737095856416,0.9793150842212252
cycle_none,1009,trained,source_query_concat_numeric_null,generators,i,complete,1.2660146304064035,0.44759954444326616,0.8337315116602411,0.4832231975966573
cycle_none,1009,trained,source_query_concat_numeric_null,composites,rc,complete,1.7608100218677027,0.5709322220115018,0.6066254843265232,0.9322545059623485
cycle_none,1009,trained,source_query_concat_numeric_null,composites,ci,complete,2.0577188984022214,0.5120410739442719,0.5215667719785783,0.9792828812080107
cycle_none,1009,trained,source_query_concat_numeric_null,composites,ri,complete,2.0577188984022214,0.5128897002089049,0.521697763782469,0.9811679992567196
cycle_none,1009,trained,source_query_concat_numeric_null,composites,rci,complete,1.1631271170901605,0.8551889542097811,0.903663713965519,0.9391016734533332
position_four,3037,random,ONE_END,generators,c,complete,2.0235942791943753,0.48632518045257433,0.5173725783175679,0.9599834506926914
position_four,3037,random,ONE_END,generators,r,complete,3.4462314687049482,0.08907538322056847,0.308787801312787,0.2560008357138642
position_four,3037,random,ONE_END,generators,i,complete,1.9511686519225417,0.49815804519275864,0.5334669683862189,0.9506625412130982
position_four,3037,random,ONE_END,composites,rc,complete,1.992181894182611,0.5029710679744089,0.5128542013367301,0.9799975190013904
position_four,3037,random,ONE_END,composites,ci,complete,2.029601869974095,0.4941430911834426,0.5036794270357322,0.9806037284964896
position_four,3037,random,ONE_END,composites,ri,complete,2.029601869974095,0.49697595671884637,0.5037160676257039,0.9864826791361235
position_four,3037,random,ONE_END,composites,rci,complete,1.9356281868312155,0.5220465847018094,0.5269460070309049,0.9903274777646675
position_four,3037,random,ONE_END_numeric_null,generators,c,complete,2.0242025471308414,0.48633474861591436,0.5161015186015121,0.9620521454323365
position_four,3037,random,ONE_END_numeric_null,generators,r,complete,3.4456929953510107,0.08894919632835592,0.3073385593490051,0.2588803289685019
position_four,3037,random,ONE_END_numeric_null,generators,i,complete,1.9541448729283353,0.49723705684713176,0.5322688940188263,0.9517279070455346
position_four,3037,random,ONE_END_numeric_null,composites,rc,complete,1.990917214171361,0.5022754272998684,0.512200073921615,0.9794091113950126
position_four,3037,random,ONE_END_numeric_null,composites,ci,complete,2.028205397022822,0.49493784308254574,0.5031371928831314,0.9831094082058501
position_four,3037,random,ONE_END_numeric_null,composites,ri,complete,2.028205397022822,0.497283637869786,0.5035014945778683,0.9879669545193811
position_four,3037,random,ONE_END_numeric_null,composites,rci,complete,1.9371436959610466,0.5213665021757415,0.5258750005529728,0.9911171985298006
position_four,3037,random,source_query_concat,generators,c,complete,2.0238112043476972,0.488870297978658,0.5152763468693727,0.9637701838820482
position_four,3037,random,source_query_concat,generators,r,complete,3.436511080947695,0.09437296219829654,0.31138859565405635,0.269983201460613
position_four,3037,random,source_query_concat,generators,i,complete,1.9585053151887173,0.5014256560876046,0.5316480183717385,0.9596169853178554
position_four,3037,random,source_query_concat,composites,rc,complete,1.9909433043628997,0.5056897155160112,0.5144373034998379,0.98337086154305
position_four,3037,random,source_query_concat,composites,ci,complete,2.024026039934532,0.49725446989020133,0.505809729885253,0.9825500270799663
position_four,3037,random,source_query_concat,composites,ri,complete,2.024026039934532,0.5008333257403703,0.5058267049475149,0.9899677799492769
position_four,3037,random,source_query_concat,composites,rci,complete,1.935957942272242,0.5234351493461246,0.5276137958591979,0.9917453801306195
position_four,3037,random,source_query_concat_numeric_null,generators,c,complete,2.0238211497992813,0.4873760483161868,0.5151151114297848,0.9622961704215769
position_four,3037,random,source_query_concat_numeric_null,generators,r,complete,3.435800526167128,0.09408473035620561,0.310446417433843,0.2722795924064302
position_four,3037,random,source_query_concat_numeric_null,generators,i,complete,1.9601597106731967,0.500822112643547,0.5300475994117513,0.9605958091528302
position_four,3037,random,source_query_concat_numeric_null,composites,rc,complete,1.9898001773569,0.5050751114432421,0.5141132804811644,0.9831159608669198
position_four,3037,random,source_query_concat_numeric_null,composites,ci,complete,2.023684655344763,0.4975863711516155,0.5051578817046514,0.9846470360790448
position_four,3037,random,source_query_concat_numeric_null,composites,ri,complete,2.023684655344763,0.5004819533881723,0.5050986060198988,0.9906385275690263
position_four,3037,random,source_query_concat_numeric_null,composites,rci,complete,1.937219532763305,0.523009535114777,0.5266114818263119,0.9929241806097587
cycle_four,1009,random,ONE_END,generators,c,complete,2.0447506051752584,0.47815596737751953,0.5158746259977801,0.9476878344125924
cycle_four,1009,random,ONE_END,generators,r,complete,3.4902136463357682,0.09086370609892346,0.31304085469899495,0.25203942450861405
cycle_four,1009,random,ONE_END,generators,i,complete,1.9497542158781065,0.4896888505080076,0.5347850581914555,0.9280457310299671
cycle_four,1009,random,ONE_END,composites,rc,complete,1.9772440515937422,0.5055258118536325,0.5194111318124396,0.9715725209755566
cycle_four,1009,random,ONE_END,composites,ci,complete,2.0293329383595564,0.4923484521771412,0.5066721655502542,0.9711075102026512
cycle_four,1009,random,ONE_END,composites,ri,complete,2.0293329383595564,0.49589116766194935,0.5065066908776523,0.9784970398905906
cycle_four,1009,random,ONE_END,composites,rci,complete,1.940308976901245,0.5187475930563774,0.5278933752072734,0.9817874622833525
cycle_four,1009,random,ONE_END_numeric_null,generators,c,complete,2.0452259793276033,0.4772419741666184,0.5148583269812236,0.9480602594183989
cycle_four,1009,random,ONE_END_numeric_null,generators,r,complete,3.491409245519699,0.09040056754227363,0.31281558890316924,0.2547073885076338
cycle_four,1009,random,ONE_END_numeric_null,generators,i,complete,1.94914053240704,0.48867931888319066,0.5343723160697204,0.9273401560689084
cycle_four,1009,random,ONE_END_numeric_null,composites,rc,complete,1.975881859757234,0.5043998720086648,0.5190109318384643,0.9704083852910381
cycle_four,1009,random,ONE_END_numeric_null,composites,ci,complete,2.029162446950916,0.4922021740103446,0.5057434903049631,0.9725512243643966
cycle_four,1009,random,ONE_END_numeric_null,composites,ri,complete,2.029162446950916,0.4955464730313669,0.5056937564291135,0.979514196688419
cycle_four,1009,random,ONE_END_numeric_null,composites,rci,complete,1.9419892191801431,0.5178119424434264,0.5267404966742761,0.9822390000431281
cycle_four,1009,random,source_query_concat,generators,c,complete,2.0432812630307984,0.47449857033029863,0.5184129824162309,0.9397276272164365
cycle_four,1009,random,source_query_concat,generators,r,complete,3.4904911453911716,0.09238187825768968,0.3123343615741475,0.2572881020548313
cycle_four,1009,random,source_query_concat,generators,i,complete,1.9488946974858483,0.4883959694877248,0.5376802540933231,0.9247482659443664
cycle_four,1009,random,source_query_concat,composites,rc,complete,1.976056399748005,0.5044013107426337,0.5196736630591503,0.9692113762742757
cycle_four,1009,random,source_query_concat,composites,ci,complete,2.0294169413803425,0.4923577526266213,0.5059139574868141,0.97143761657319
cycle_four,1009,random,source_query_concat,composites,ri,complete,2.0294169413803425,0.4978711961121709,0.5068012423935552,0.9829376503244431
cycle_four,1009,random,source_query_concat,composites,rci,complete,1.9461719781618325,0.518120686892495,0.5265002354163126,0.9831830179359647
cycle_four,1009,random,source_query_concat_numeric_null,generators,c,complete,2.043812530642467,0.47316710309693677,0.5177149467005386,0.9391663311989903
cycle_four,1009,random,source_query_concat_numeric_null,generators,r,complete,3.4917862850195904,0.09198001281398478,0.3109300531476571,0.26066652312451
cycle_four,1009,random,source_query_concat_numeric_null,generators,i,complete,1.949065454373901,0.48769987317363594,0.5367482517955162,0.9252037022023095
cycle_four,1009,random,source_query_concat_numeric_null,composites,rc,complete,1.9750074115808678,0.502455874298389,0.5189567178929289,0.9665305402036504
cycle_four,1009,random,source_query_concat_numeric_null,composites,ci,complete,2.0277154012732828,0.4921913778385574,0.505508006100553,0.9721286275262943
cycle_four,1009,random,source_query_concat_numeric_null,composites,ri,complete,2.0277154012732828,0.4983065651134286,0.5064823957328114,0.9848506534658793
cycle_four,1009,random,source_query_concat_numeric_null,composites,rci,complete,1.9491011024179514,0.5166158319108474,0.5249007224591571,0.9833248671581186
position_four,1009,trained,ONE_END,generators,c,complete,2.0384269704894113,0.4936011234354707,0.5073993607674808,1.002889207869563
position_four,1009,trained,ONE_END,generators,r,complete,2.1321943590444032,0.4662586502247132,0.48095453802740606,0.9909098518646355
position_four,1009,trained,ONE_END,generators,i,complete,1.3120755524398708,0.32019334492970675,0.7710727813767988,0.4163974480567367
position_four,1009,trained,ONE_END,composites,rc,complete,1.6262752086218484,0.5835201457823437,0.6171785415629036,0.9459369031120086
position_four,1009,trained,ONE_END,composites,ci,complete,2.022768876316544,0.5007073999299199,0.4966287096681496,1.0098205196992878
position_four,1009,trained,ONE_END,composites,ri,complete,2.0227688763165435,0.49575475536273034,0.4948610553683387,0.999771540507011
position_four,1009,trained,ONE_END,composites,rci,complete,1.0639999918138134,0.8986568694484982,0.9436479708439178,0.9535571867683492
position_four,1009,trained,ONE_END_numeric_null,generators,c,complete,2.0792297272956617,0.4824292152040516,0.5015478383607355,0.9876523732083312
position_four,1009,trained,ONE_END_numeric_null,generators,r,complete,2.199864946923212,0.4478215357746723,0.47618236422559873,0.9698559683771956
position_four,1009,trained,ONE_END_numeric_null,generators,i,complete,1.3944268006956269,0.30623401075848017,0.7337670778535572,0.4097556720454363
position_four,1009,trained,ONE_END_numeric_null,composites,rc,complete,1.8576810423970094,0.5037116525478437,0.5463886251403482,0.921393473837984
position_four,1009,trained,ONE_END_numeric_null,composites,ci,complete,2.0348052022338594,0.49872067197121306,0.4996513976676404,1.0006127199167945
position_four,1009,trained,ONE_END_numeric_null,composites,ri,complete,2.0348052022338594,0.49768435999294847,0.4978826899833631,0.9984733266416836
position_four,1009,trained,ONE_END_numeric_null,composites,rci,complete,1.295048349771195,0.7360463921973054,0.7808800547701538,0.9410139115421535
position_four,1009,trained,source_query_concat,generators,c,complete,2.0087818039994128,0.5109072887295495,0.5111137589084864,1.0199089438733915
position_four,1009,trained,source_query_concat,generators,r,complete,1.9997545559428729,0.5130380104439658,0.514514211455281,1.0196835881189994
position_four,1009,trained,source_query_concat,generators,i,complete,1.9317583322414398,0.045052891398984114,0.5350723160268078,0.07768295378925553
position_four,1009,trained,source_query_concat,composites,rc,complete,1.96145772482218,0.485762933764202,0.5122052429902534,0.9467826228178301
position_four,1009,trained,source_query_concat,composites,ci,complete,2.0009302599034715,0.5120011686740691,0.503459304439716,1.0184134347397475
position_four,1009,trained,source_query_concat,composites,ri,complete,2.0009302599034715,0.5124758782104818,0.5038508401328068,1.0193691673445255
position_four,1009,trained,source_query_concat,composites,rci,complete,0.12729115839422397,7.4724131502789,7.873834695404554,0.9480173036915133
position_four,1009,trained,source_query_concat_numeric_null,generators,c,complete,2.07550457615816,0.5238545828162123,0.5288970570655973,1.0115153739392513
position_four,1009,trained,source_query_concat_numeric_null,generators,r,complete,2.0485009703061854,0.5296961093907185,0.5405600123261414,1.0096305977684963
position_four,1009,trained,source_query_concat_numeric_null,generators,i,complete,1.562813216940787,0.22580172760471431,0.6762379501418964,0.24922631194255376
position_four,1009,trained,source_query_concat_numeric_null,composites,rc,complete,1.9016899101202929,0.5348091453600893,0.562159523237429,0.9439401114266884
position_four,1009,trained,source_query_concat_numeric_null,composites,ci,complete,2.0225937558698117,0.5353323542770574,0.5309539400079493,1.0102631185009254
position_four,1009,trained,source_query_concat_numeric_null,composites,ri,complete,2.0225937558698117,0.5367792513839353,0.5310887681730719,1.0134196368652926
position_four,1009,trained,source_query_concat_numeric_null,composites,rci,complete,0.8235741090740665,1.1896051312532445,1.250701712587181,0.9459723211605218
