group,seed,model_status,view,kind,word,test_nmse,identity_nmse,shuffled_fit_nmse,full_space_nmse
cycle_four,1009,random,ONE_END_layer1,generators,c,0.9564705208017475,2.4129889708702263,1.0056786205460768,0.9625377763565538
cycle_four,1009,random,ONE_END_layer1,generators,r,0.9588094435120719,2.3643183037204465,1.0054863443242357,0.964550693746625
cycle_four,1009,random,ONE_END_layer1,generators,i,0.9508908649550535,2.1849612124761095,1.0053711788144957,0.9577358279061644
cycle_four,1009,random,ONE_END_layer1,composites,rc,1.0010446335628156,2.3115675617297047,1.0001227127703491,1.0008990297351688
cycle_four,1009,random,ONE_END_layer1,composites,ci,0.9970061736980517,2.2798548929537876,0.9999621678756404,0.9974234612373281
cycle_four,1009,random,ONE_END_layer1,composites,ri,0.9975332229654889,2.2798548929537876,0.9999905754453302,0.9978770489643467
cycle_four,1009,random,ONE_END_layer1,composites,rci,1.000201961348125,2.1664541652959373,0.9999994563192727,1.0001738114337717
cycle_four,1009,random,ONE_END_layer2,generators,c,0.9479553808223559,2.1039762732350433,0.9994855193119232,0.9495176582553144
cycle_four,1009,random,ONE_END_layer2,generators,r,0.2082784517222189,3.751501863485652,1.0037022977835666,0.23204438041197706
cycle_four,1009,random,ONE_END_layer2,generators,i,0.9027476083940298,2.004372778712779,1.0063519481854564,0.9056669345243388
cycle_four,1009,random,ONE_END_layer2,composites,rc,0.9630876246286939,1.9997428204094128,0.9999214731969114,0.9641956617697219
cycle_four,1009,random,ONE_END_layer2,composites,ci,0.9542905108944211,2.077689654987434,1.000013962691996,0.9556626201427945
cycle_four,1009,random,ONE_END_layer2,composites,ri,0.9859793881494887,2.0776896549874335,0.9999481867943197,0.9864002594294873
cycle_four,1009,random,ONE_END_layer2,composites,rci,0.9865304198212338,1.9850269541822463,0.9999988238337901,0.9869347502107576
cycle_four,1009,random,ONE_END_layer3,generators,c,0.9400886823636612,2.114959822050511,0.9990452048120055,0.9417286072533243
cycle_four,1009,random,ONE_END_layer3,generators,r,0.20048322907536142,3.67971697706696,1.0019242999897553,0.2223680332170604
cycle_four,1009,random,ONE_END_layer3,generators,i,0.9151192155038782,2.020789856673435,1.0074187347191064,0.917442618103605
cycle_four,1009,random,ONE_END_layer3,composites,rc,0.9626153571720161,2.0182044223128535,0.9999516243122688,0.9636386697727655
cycle_four,1009,random,ONE_END_layer3,composites,ci,0.9565479743616927,2.0862266972158214,0.9999783793880902,0.957737366636172
cycle_four,1009,random,ONE_END_layer3,composites,ri,0.9798140809502563,2.0862266972158223,1.0000522356997057,0.9803666208104433
cycle_four,1009,random,ONE_END_layer3,composites,rci,0.979970409480623,1.9938755274645967,0.9999996587901879,0.9805186702319866
cycle_four,1009,random,ONE_END_layer4,generators,c,0.9364704192879804,2.1121216425141918,0.9997804868090203,0.9380900806755248
cycle_four,1009,random,ONE_END_layer4,generators,r,0.2129606317563358,3.630632447020344,1.0026349111772548,0.2330258873575025
cycle_four,1009,random,ONE_END_layer4,generators,i,0.919485036708715,2.015554678796347,1.0077548552322733,0.921537733668161
cycle_four,1009,random,ONE_END_layer4,composites,rc,0.9609510203165649,2.04171609152832,0.9999016685547742,0.9619465585195158
cycle_four,1009,random,ONE_END_layer4,composites,ci,0.9573817508138907,2.0971469808923313,1.0000329435660864,0.9584682861229207
cycle_four,1009,random,ONE_END_layer4,composites,ri,0.9759567176447569,2.0971469808923318,1.0001110695716293,0.9765696915637434
cycle_four,1009,random,ONE_END_layer4,composites,rci,0.9776740013362851,2.005681178356135,0.9999979396930995,0.9782431937907088
cycle_four,1009,random,ONE_END_numeric_contrast,generators,c,0.968634632360931,2.113089161428898,1.0004558362270828,0.9686346323609311
cycle_four,1009,random,ONE_END_numeric_contrast,generators,r,0.3211439662040933,3.6035099365182868,0.9999587055613237,0.32114396620409325
cycle_four,1009,random,ONE_END_numeric_contrast,generators,i,0.9762087432323521,2.0242266788642644,1.0024054422955335,0.9762087432323521
cycle_four,1009,random,ONE_END_numeric_contrast,composites,rc,0.9894237219762197,2.0592214017971155,0.9999425127491998,0.9894237219762196
cycle_four,1009,random,ONE_END_numeric_contrast,composites,ci,0.9817633822127685,2.102759810589006,1.0001098826052628,0.9817633822127685
cycle_four,1009,random,ONE_END_numeric_contrast,composites,ri,0.9982565172798846,2.102759810589006,1.0000563856478237,0.9982565172798844
cycle_four,1009,random,ONE_END_numeric_contrast,composites,rci,0.9947682232678073,1.994433200213423,0.9999997721736738,0.9947682232678073
cycle_four,1009,random,ONE_END_numeric_null,generators,c,0.9362123803833353,2.1128920591614047,0.9998198033394324,0.9377378363038579
cycle_four,1009,random,ONE_END_numeric_null,generators,r,0.2139063631336232,3.6305086569461436,1.002762322190704,0.23270548433691343
cycle_four,1009,random,ONE_END_numeric_null,generators,i,0.9188772305171939,2.014792919862104,1.0080415926069959,0.9208172497519677
cycle_four,1009,random,ONE_END_numeric_null,composites,rc,0.9588550201740744,2.040396514546118,0.9999059109178307,0.9598389862391576
cycle_four,1009,random,ONE_END_numeric_null,composites,ci,0.9588185001211333,2.0970681865464984,1.0000196472311416,0.9598033395489681
cycle_four,1009,random,ONE_END_numeric_null,composites,ri,0.9762470671040698,2.097068186546499,1.000103153574636,0.976815109183922
cycle_four,1009,random,ONE_END_numeric_null,composites,rci,0.9783106594614303,2.007273476391233,0.999998128061117,0.9788293515389153
cycle_four,1009,random,source_query_concat_layer1,generators,c,0.9671319793304544,2.344399275053751,1.0065053797072732,0.9719472746558904
cycle_four,1009,random,source_query_concat_layer1,generators,r,0.9606726379157788,2.391305077927429,1.0071153694384722,0.9664342523649668
cycle_four,1009,random,source_query_concat_layer1,generators,i,0.9447918144465917,2.2097687748105894,1.0032316121637184,0.9528800324897134
cycle_four,1009,random,source_query_concat_layer1,composites,rc,1.0023220775258712,2.309648844929658,1.0001389770351874,1.0019818839630141
cycle_four,1009,random,source_query_concat_layer1,composites,ci,0.9964101670235302,2.292624543636509,0.9999260128632461,0.9969360917856108
cycle_four,1009,random,source_query_concat_layer1,composites,ri,0.9975691371067645,2.292624543636509,1.0000491915160006,0.9979252681571936
cycle_four,1009,random,source_query_concat_layer1,composites,rci,1.0000788312749302,2.159628940005556,0.999997510863993,1.0000672821806453
cycle_four,1009,random,source_query_concat_layer2,generators,c,0.949276578656596,2.101961189086548,0.9991785843018479,0.9507745871360793
cycle_four,1009,random,source_query_concat_layer2,generators,r,0.2082381384317391,3.752201309521812,1.003993981961981,0.23162114279043722
cycle_four,1009,random,source_query_concat_layer2,generators,i,0.9026365645438931,1.9989944096850631,1.0065224371085195,0.9055119867461429
cycle_four,1009,random,source_query_concat_layer2,composites,rc,0.9642107792934045,1.9994126704848145,0.9999436892111079,0.9652677378871404
cycle_four,1009,random,source_query_concat_layer2,composites,ci,0.9516377921106973,2.080802135287125,0.9999639507939926,0.9530660671675837
cycle_four,1009,random,source_query_concat_layer2,composites,ri,0.9837663499656791,2.080802135287125,1.0000214030591532,0.9842457763284976
cycle_four,1009,random,source_query_concat_layer2,composites,rci,0.9825874403673363,1.9858261506475134,0.9999968838226451,0.9831016833203626
cycle_four,1009,random,source_query_concat_layer3,generators,c,0.9371925508959846,2.109208146491309,0.9986814586850604,0.9389242679772802
cycle_four,1009,random,source_query_concat_layer3,generators,r,0.20271659168772205,3.680960390553849,1.0015145840479156,0.22469916408166402
cycle_four,1009,random,source_query_concat_layer3,generators,i,0.911621872361907,2.0182968511483215,1.0072392792664575,0.9140586201589771
cycle_four,1009,random,source_query_concat_layer3,composites,rc,0.9610636507107964,2.019409482325844,0.999937195476859,0.9621371975927232
cycle_four,1009,random,source_query_concat_layer3,composites,ci,0.9559153798066035,2.088141213445321,0.9999374513021897,0.9571308740019638
cycle_four,1009,random,source_query_concat_layer3,composites,ri,0.9836670852438705,2.088141213445321,1.000048258744239,0.9841174137936527
cycle_four,1009,random,source_query_concat_layer3,composites,rci,0.9811126656764046,1.9958427025900334,0.9999967636239644,0.9816334242796422
cycle_four,1009,random,source_query_concat_layer4,generators,c,0.9264985932978705,2.110568665496682,0.9993638067487246,0.9283699183140096
cycle_four,1009,random,source_query_concat_layer4,generators,r,0.21633615617134902,3.6298781494459553,1.0022758600807102,0.2362880158839581
cycle_four,1009,random,source_query_concat_layer4,generators,i,0.9164209044268576,2.013842371373508,1.0074024677666902,0.9185488045499958
cycle_four,1009,random,source_query_concat_layer4,composites,rc,0.9574109435057347,2.0406123330028145,0.9999138547288172,0.9584952488327668
cycle_four,1009,random,source_query_concat_layer4,composites,ci,0.9568724634492414,2.0969989241543665,0.999990604625528,0.9579704783261399
cycle_four,1009,random,source_query_concat_layer4,composites,ri,0.9802822468854148,2.096998924154367,1.0000681310046189,0.9807842553002319
cycle_four,1009,random,source_query_concat_layer4,composites,rci,0.9800017477597915,2.011100632372307,0.9999945151094222,0.9805108976029748
cycle_four,1009,random,source_query_concat_numeric_contrast,generators,c,0.9388066224003357,2.1100813982361704,1.0020127976854523,0.9388075189292726
cycle_four,1009,random,source_query_concat_numeric_contrast,generators,r,0.3052584502936737,3.6012613384172667,1.0017347476840688,0.305268628779114
cycle_four,1009,random,source_query_concat_numeric_contrast,generators,i,0.9342310590879087,2.015518720713718,1.0034788780252153,0.9342320226522844
cycle_four,1009,random,source_query_concat_numeric_contrast,composites,rc,0.962044632515568,2.054189503127705,0.9999293659733566,0.9620451885902055
cycle_four,1009,random,source_query_concat_numeric_contrast,composites,ci,0.9640918563190397,2.1150657564199693,1.0002394949406923,0.9640923824003109
cycle_four,1009,random,source_query_concat_numeric_contrast,composites,ri,0.9967008804788798,2.1150657564199693,1.0000616609591797,0.9967009288134586
cycle_four,1009,random,source_query_concat_numeric_contrast,composites,rci,0.9898144755350239,1.9888175266652006,0.9999917845762957,0.9898146247606066
cycle_four,1009,random,source_query_concat_numeric_null,generators,c,0.928428977122322,2.1112737964223576,0.9992242615126221,0.9301302107525508
cycle_four,1009,random,source_query_concat_numeric_null,generators,r,0.2182866018520255,3.6301933840178235,1.0023286558849906,0.23686782465224732
cycle_four,1009,random,source_query_concat_numeric_null,generators,i,0.9164700240522542,2.0141576633959772,1.007672310611008,0.918455520395619
cycle_four,1009,random,source_query_concat_numeric_null,composites,rc,0.9553356464288171,2.039575497734976,0.9999241979979926,0.9563973121325139
cycle_four,1009,random,source_query_concat_numeric_null,composites,ci,0.9564679889163168,2.0953366545212764,0.9999662318620611,0.9575027389907096
cycle_four,1009,random,source_query_concat_numeric_null,composites,ri,0.9826866861525513,2.0953366545212764,1.0000716796852642,0.9830982213044006
cycle_four,1009,random,source_query_concat_numeric_null,composites,rci,0.9800953947720616,2.0141263493863155,0.9999947161475846,0.9805685245730436
cycle_four,1009,trained,ONE_END_layer1,generators,c,0.7782429769145269,2.9028821170139985,0.9983744773264183,0.7782898338975828
cycle_four,1009,trained,ONE_END_layer1,generators,r,0.7666641274196949,2.9061482359829585,1.0195829721280145,0.7667134309992422
cycle_four,1009,trained,ONE_END_layer1,generators,i,0.15656803932642602,0.28408007425940734,0.983774321280409,0.15674625545027285
cycle_four,1009,trained,ONE_END_layer1,composites,rc,0.9860095013019353,2.0742673115712984,1.000197571086425,0.9860124574769027
cycle_four,1009,trained,ONE_END_layer1,composites,ci,0.7770002904233335,2.8926332260450502,0.9997296779054272,0.777047409984499
cycle_four,1009,trained,ONE_END_layer1,composites,ri,0.7761844063024764,2.8926332260450502,1.0002457927535517,0.7762316982589413
cycle_four,1009,trained,ONE_END_layer1,composites,rci,0.9798002798954742,2.0473558090822364,1.000000296857667,0.9798045480711988
cycle_four,1009,trained,ONE_END_layer2,generators,c,0.8098997104797119,2.8058934890316505,0.9992375561414059,0.8099904906960459
cycle_four,1009,trained,ONE_END_layer2,generators,r,0.8006028003044738,2.8360266747380884,1.0102942440827507,0.8006980201537987
cycle_four,1009,trained,ONE_END_layer2,generators,i,0.21136281998432752,0.38946643025986244,0.9959780986494243,0.21173942463859405
cycle_four,1009,trained,ONE_END_layer2,composites,rc,0.9913737838689255,2.199468492252984,1.0001852565835236,0.9913779032196564
cycle_four,1009,trained,ONE_END_layer2,composites,ci,0.801974781789607,2.8022939273274106,0.9998268295311605,0.8020693464648846
cycle_four,1009,trained,ONE_END_layer2,composites,ri,0.8186193053707497,2.8022939273274106,1.000206008486677,0.8187059216443955
cycle_four,1009,trained,ONE_END_layer2,composites,rci,0.9833490871602596,2.1645570590625938,0.9999937265359105,0.9833570386130089
cycle_four,1009,trained,ONE_END_layer3,generators,c,0.8496346298702052,2.715284336167463,0.9974981753113732,0.8497541677896966
cycle_four,1009,trained,ONE_END_layer3,generators,r,0.8307289115748794,2.757314205344964,1.004298235494964,0.8308634792198298
cycle_four,1009,trained,ONE_END_layer3,generators,i,0.319876407642002,0.5802232380811516,1.0005751882331928,0.3204170943649989
cycle_four,1009,trained,ONE_END_layer3,composites,rc,1.0100405953318012,2.2969384145859393,1.0001598246904992,1.010032613228772
cycle_four,1009,trained,ONE_END_layer3,composites,ci,0.8396307370625525,2.710554184781332,0.9998153334979468,0.8397582279071892
cycle_four,1009,trained,ONE_END_layer3,composites,ri,0.856824255045548,2.710554184781332,1.0002603390681337,0.8569380773349405
cycle_four,1009,trained,ONE_END_layer3,composites,rci,1.001659752276118,2.2291314362578185,0.9999969232988676,1.001658432801203
cycle_four,1009,trained,ONE_END_layer4,generators,c,0.8404343247075584,2.7464607624909227,0.995279234763919,0.8406832363794291
cycle_four,1009,trained,ONE_END_layer4,generators,r,0.8391117167006263,2.746657672961638,1.0096597119696304,0.8393626915516214
cycle_four,1009,trained,ONE_END_layer4,generators,i,0.28895177921915505,0.48363933679044596,0.996814523680145,0.29006096639923545
cycle_four,1009,trained,ONE_END_layer4,composites,rc,1.0147608657915566,2.3112531233366793,1.0003177864987927,1.0147378398382887
cycle_four,1009,trained,ONE_END_layer4,composites,ci,0.8462362211699413,2.718789282403428,0.9996955094943856,0.8464760822753554
cycle_four,1009,trained,ONE_END_layer4,composites,ri,0.851930669358789,2.7187892824034283,0.999976080024303,0.8521616475097927
cycle_four,1009,trained,ONE_END_layer4,composites,rci,1.0086583329754182,2.2744105396134584,1.00000729971003,1.0086448265610053
cycle_four,1009,trained,ONE_END_numeric_contrast,generators,c,0.8399321729180261,2.756447273275258,0.9891849858582432,0.8399321729180258
cycle_four,1009,trained,ONE_END_numeric_contrast,generators,r,0.8417745208750094,2.7587262804988053,1.0077364821969108,0.8417745208750091
cycle_four,1009,trained,ONE_END_numeric_contrast,generators,i,0.2944396148982673,0.46095190483354526,0.9968010764490909,0.2944396148982672
cycle_four,1009,trained,ONE_END_numeric_contrast,composites,rc,1.0242385849213496,2.296870667096633,1.0001128339652638,1.0242385849213496
cycle_four,1009,trained,ONE_END_numeric_contrast,composites,ci,0.8453744378478238,2.7320195942696324,0.99997531097732,0.8453744378478237
cycle_four,1009,trained,ONE_END_numeric_contrast,composites,ri,0.8570189038404091,2.7320195942696324,1.0001093373399939,0.8570189038404091
cycle_four,1009,trained,ONE_END_numeric_contrast,composites,rci,1.0165138409792291,2.2629646857564936,1.0000013338832625,1.016513840979229
cycle_four,1009,trained,ONE_END_numeric_null,generators,c,0.854977240090323,2.719233756476124,1.0052896047517037,0.8556279559709191
cycle_four,1009,trained,ONE_END_numeric_null,generators,r,0.8549041285071307,2.7137419722942595,1.011257079786581,0.8555551724387739
cycle_four,1009,trained,ONE_END_numeric_null,generators,i,0.3164223648842994,0.546097988987773,0.9913091259637765,0.31948957187351384
cycle_four,1009,trained,ONE_END_numeric_null,composites,rc,1.0119987190608424,2.350087100858605,1.0001509122560974,1.0119448809112683
cycle_four,1009,trained,ONE_END_numeric_null,composites,ci,0.8624782385481753,2.6827599441985295,0.9995693619807351,0.8630952975129887
cycle_four,1009,trained,ONE_END_numeric_null,composites,ri,0.8650735014080402,2.6827599441985295,0.9997611786935123,0.8656789154506477
cycle_four,1009,trained,ONE_END_numeric_null,composites,rci,1.0059393017142488,2.3053192929861788,1.0000066321073242,1.0059126521183681
cycle_four,1009,trained,source_query_concat_layer1,generators,c,0.6678986050822032,3.089248666751277,1.0189930076736324,0.6684957241407385
cycle_four,1009,trained,source_query_concat_layer1,generators,r,0.6498237844437366,3.1113202741272046,1.0056451220727662,0.6504534020706247
cycle_four,1009,trained,source_query_concat_layer1,generators,i,0.10753195853188292,0.19583448998528413,0.9805100152728646,0.10913661808721543
cycle_four,1009,trained,source_query_concat_layer1,composites,rc,0.912485393913642,1.7162572201316888,0.9999016011827089,0.9126427453731485
cycle_four,1009,trained,source_query_concat_layer1,composites,ci,0.6673222903209607,3.084510894376937,0.9997752472837157,0.667920445594739
cycle_four,1009,trained,source_query_concat_layer1,composites,ri,0.6614067639586413,3.084510894376937,1.0004444843152986,0.6620155553621867
cycle_four,1009,trained,source_query_concat_layer1,composites,rci,0.9121681248514345,1.7183175602506715,1.0000145418622621,0.9123260467614318
cycle_four,1009,trained,source_query_concat_layer2,generators,c,0.2765144162645551,3.589541510734949,1.0134247337002154,0.2788232417521871
cycle_four,1009,trained,source_query_concat_layer2,generators,r,0.2718829229820444,3.6005012294858276,1.018759672716397,0.2742065287361764
cycle_four,1009,trained,source_query_concat_layer2,generators,i,0.10153029508819095,0.15851466763594277,0.9842890994256939,0.10439753916492184
cycle_four,1009,trained,source_query_concat_layer2,composites,rc,0.33515505172351356,0.7414871085843916,1.0001463269302697,0.3372767401115236
cycle_four,1009,trained,source_query_concat_layer2,composites,ci,0.2793571918598236,3.5845203258345366,0.9975102733642777,0.281656945331513
cycle_four,1009,trained,source_query_concat_layer2,composites,ri,0.2769833805000491,3.5845203258345366,1.000031134012677,0.2792907094041914
cycle_four,1009,trained,source_query_concat_layer2,composites,rci,0.3331302085794495,0.7409148318898149,1.000041843713042,0.3352583587540723
cycle_four,1009,trained,source_query_concat_layer3,generators,c,0.23371835689818563,3.656666339920011,1.0216052956507975,0.23688509408747463
cycle_four,1009,trained,source_query_concat_layer3,generators,r,0.23063591700966593,3.6611579543447226,1.0237152661133522,0.23381539269676002
cycle_four,1009,trained,source_query_concat_layer3,generators,i,0.11775137137818033,0.185448564676774,0.9953619884850069,0.12139735398471481
cycle_four,1009,trained,source_query_concat_layer3,composites,rc,0.28129302948263185,0.6049821791105569,1.0004222888247274,0.2842631594762538
cycle_four,1009,trained,source_query_concat_layer3,composites,ci,0.23645638451102627,3.644921206828563,0.9980032521679892,0.23961180652143171
cycle_four,1009,trained,source_query_concat_layer3,composites,ri,0.23553366837007414,3.6449212068285624,0.9994354962457588,0.23869290359921583
cycle_four,1009,trained,source_query_concat_layer3,composites,rci,0.2797055976210243,0.60190254829081,1.0000360304544744,0.2826822878390192
cycle_four,1009,trained,source_query_concat_layer4,generators,c,0.1284642558799446,3.8197823967124163,1.032204213792269,0.13219494097297804
cycle_four,1009,trained,source_query_concat_layer4,generators,r,0.1269526448824475,3.8221836263462237,1.0236967123584493,0.1306898005587621
cycle_four,1009,trained,source_query_concat_layer4,generators,i,0.06080022569912481,0.08623681869301386,0.9947488922377247,0.06482055260023467
cycle_four,1009,trained,source_query_concat_layer4,composites,rc,0.16327887365102417,0.320281317234914,1.0020728067761304,0.16686053172317586
cycle_four,1009,trained,source_query_concat_layer4,composites,ci,0.1302415791650528,3.81579231996845,0.9986489850026113,0.13396465627008347
cycle_four,1009,trained,source_query_concat_layer4,composites,ri,0.12999470746298278,3.81579231996845,0.9995255578354,0.13371884132395837
cycle_four,1009,trained,source_query_concat_layer4,composites,rci,0.1630921292801487,0.3199312010765303,1.000036155836167,0.1666745867279374
cycle_four,1009,trained,source_query_concat_numeric_contrast,generators,c,0.08842570435241333,3.8847147274601412,1.0339089364461018,0.08862946465105107
cycle_four,1009,trained,source_query_concat_numeric_contrast,generators,r,0.08673117273067742,3.88656823775301,1.024038166873733,0.086935311800712
cycle_four,1009,trained,source_query_concat_numeric_contrast,generators,i,0.05139317614855135,0.06956113405668067,0.9953194928138188,0.0516052141696327
cycle_four,1009,trained,source_query_concat_numeric_contrast,composites,rc,0.11718776630252939,0.19853565808029353,1.0018991365883312,0.1173850975406283
cycle_four,1009,trained,source_query_concat_numeric_contrast,composites,ci,0.08962797273542691,3.881144472536845,0.9987787398523016,0.08983146429616153
cycle_four,1009,trained,source_query_concat_numeric_contrast,composites,ri,0.08931826662169891,3.881144472536845,0.9998161814127793,0.08952182740971482
cycle_four,1009,trained,source_query_concat_numeric_contrast,composites,rci,0.11682907473292578,0.19833129757618367,1.0000313699252559,0.11702648614781518
cycle_four,1009,trained,source_query_concat_numeric_null,generators,c,0.6165466076308949,3.064754423383345,1.013573062175317,0.6293693100239417
cycle_four,1009,trained,source_query_concat_numeric_null,generators,r,0.6129071145853767,3.0727111252679427,1.017790582010457,0.6258515218247307
cycle_four,1009,trained,source_query_concat_numeric_null,generators,i,0.19383843028972886,0.2896653454416978,0.9867327788061465,0.22079651723020385
cycle_four,1009,trained,source_query_concat_numeric_null,composites,rc,0.7173301638988012,1.7324085863306906,1.0001913684469166,0.7267826586633487
cycle_four,1009,trained,source_query_concat_numeric_null,composites,ci,0.6208527179017741,3.0548821434920708,0.9993077357692751,0.6335314237320734
cycle_four,1009,trained,source_query_concat_numeric_null,composites,ri,0.6209209268897884,3.0548821434920708,0.9996186998158817,0.6335973518078013
cycle_four,1009,trained,source_query_concat_numeric_null,composites,rci,0.713835482197712,1.7306962325921826,1.0000310814168032,0.7234048393092966
cycle_four,2027,random,ONE_END_layer1,generators,c,0.9579835185927998,2.405651117055679,1.0055203815251625,0.9638675967786099
cycle_four,2027,random,ONE_END_layer1,generators,r,0.957090485999924,2.3944407068657556,1.0072031896391547,0.9630996263856844
cycle_four,2027,random,ONE_END_layer1,generators,i,0.9423834941695199,2.159484434107774,1.0066679664301585,0.950452233239175
cycle_four,2027,random,ONE_END_layer1,composites,rc,1.0023043156915965,2.3293124228622446,0.9999645897534359,1.0019816143791584
cycle_four,2027,random,ONE_END_layer1,composites,ci,0.9938241631361007,2.2746210696858062,1.0000169359115882,0.9946890405783075
cycle_four,2027,random,ONE_END_layer1,composites,ri,0.9943070756808631,2.2746210696858062,0.9999886357065292,0.9951043250144058
cycle_four,2027,random,ONE_END_layer1,composites,rci,1.0000730703048226,2.1618691797369354,1.0000012946672028,1.0000628373825926
cycle_four,2027,random,ONE_END_layer2,generators,c,0.9592907016345013,2.1248255502774303,1.0045777263379343,0.9603847423888059
cycle_four,2027,random,ONE_END_layer2,generators,r,0.22050737617821123,3.734544064401723,1.0071476970343634,0.24145582609950836
cycle_four,2027,random,ONE_END_layer2,generators,i,0.9195212924979623,1.9884145707507894,1.0030042605093925,0.9216841149831468
cycle_four,2027,random,ONE_END_layer2,composites,rc,0.972169633647241,1.9871746499492757,1.0000487551715977,0.9729175599495755
cycle_four,2027,random,ONE_END_layer2,composites,ci,0.9534798423824209,2.08388007731081,0.9998664148523161,0.9547300468903284
cycle_four,2027,random,ONE_END_layer2,composites,ri,0.9843082977821432,2.08388007731081,1.0001347301404653,0.9847300039382311
cycle_four,2027,random,ONE_END_layer2,composites,rci,0.984008568603699,1.9972810099991627,1.0000019770929736,0.9844383298221348
cycle_four,2027,random,ONE_END_layer3,generators,c,0.9403257752362343,2.147859317824584,1.0048064545297175,0.9418088094183622
cycle_four,2027,random,ONE_END_layer3,generators,r,0.2202080862215074,3.6512703493273686,1.0021868255179371,0.23958761008894353
cycle_four,2027,random,ONE_END_layer3,generators,i,0.9155822709071685,1.9999734968718532,1.0036977596944643,0.9176802349497324
cycle_four,2027,random,ONE_END_layer3,composites,rc,0.9600425945083181,2.000575191639016,1.0000706358490703,0.9610356228787392
cycle_four,2027,random,ONE_END_layer3,composites,ci,0.9483326562137655,2.0937353862431003,0.9999296581684034,0.949616702001341
cycle_four,2027,random,ONE_END_layer3,composites,ri,0.9771971752439895,2.0937353862431003,1.000089386638853,0.977763874999137
cycle_four,2027,random,ONE_END_layer3,composites,rci,0.9759298356764512,2.012850871850976,1.0000024298233428,0.9765280315743047
cycle_four,2027,random,ONE_END_layer4,generators,c,0.934576458595282,2.1514362978555863,1.0040175424346383,0.9362156775183362
cycle_four,2027,random,ONE_END_layer4,generators,r,0.23348903252797537,3.6081347827754087,1.001096668287839,0.25269434082573305
cycle_four,2027,random,ONE_END_layer4,generators,i,0.9167210257964568,2.021018083432509,1.003934193025316,0.9188076213471701
cycle_four,2027,random,ONE_END_layer4,composites,rc,0.9569146788801646,2.013625740524457,1.0000673478569642,0.9579942027360898
cycle_four,2027,random,ONE_END_layer4,composites,ci,0.9487004044727643,2.0928986384388284,0.9999913354783194,0.9499857410034341
cycle_four,2027,random,ONE_END_layer4,composites,ri,0.9709120086490532,2.0928986384388284,1.0001077595272736,0.9716408225413058
cycle_four,2027,random,ONE_END_layer4,composites,rci,0.973982450694755,2.0199878185343825,1.0000082485656236,0.9746343331553637
cycle_four,2027,random,ONE_END_numeric_contrast,generators,c,0.9712293066614427,2.1523939727242567,1.0015499683650855,0.9712293066614428
cycle_four,2027,random,ONE_END_numeric_contrast,generators,r,0.3373573785038795,3.587884701683624,0.997299897456307,0.33735737850387965
cycle_four,2027,random,ONE_END_numeric_contrast,generators,i,0.9585094463636418,2.0075609710108058,1.003454034637388,0.958509446363642
cycle_four,2027,random,ONE_END_numeric_contrast,composites,rc,0.9858004133328435,2.027650778959176,1.0000811272691903,0.9858004133328433
cycle_four,2027,random,ONE_END_numeric_contrast,composites,ci,0.9749220818808643,2.0976174381259005,1.0000525926396489,0.9749220818808644
cycle_four,2027,random,ONE_END_numeric_contrast,composites,ri,0.9832239868454177,2.0976174381259014,0.9999861877370984,0.9832239868454176
cycle_four,2027,random,ONE_END_numeric_contrast,composites,rci,0.9891995718829645,2.0292746993703354,1.0000010527660843,0.9891995718829646
cycle_four,2027,random,ONE_END_numeric_null,generators,c,0.9352146388383834,2.151850676670127,1.0041078620041155,0.9367628740212424
cycle_four,2027,random,ONE_END_numeric_null,generators,r,0.23580196319473007,3.6075849653017635,1.0016707220674623,0.2540647044381098
cycle_four,2027,random,ONE_END_numeric_null,generators,i,0.9162648659073577,2.0233671443950394,1.003948224377527,0.9182659611905997
cycle_four,2027,random,ONE_END_numeric_null,composites,rc,0.9561521230404024,2.0124029151889546,1.000059344559802,0.9571999959639346
cycle_four,2027,random,ONE_END_numeric_null,composites,ci,0.9487802059441096,2.092900608698698,0.9999766651937884,0.9500042523304266
cycle_four,2027,random,ONE_END_numeric_null,composites,ri,0.9708339302041016,2.0929006086986983,1.0001141781409693,0.9715309385188516
cycle_four,2027,random,ONE_END_numeric_null,composites,rci,0.974287630773618,2.0189930810467196,1.0000083987625554,0.9749021028388679
cycle_four,2027,random,source_query_concat_layer1,generators,c,0.9543232052256904,2.4293318369136805,1.005585986254157,0.9606511642671673
cycle_four,2027,random,source_query_concat_layer1,generators,r,0.9664900420766945,2.365072073052197,1.007459998223135,0.9711324352714892
cycle_four,2027,random,source_query_concat_layer1,generators,i,0.944685119659223,2.1477942858969103,1.006557887096395,0.9523483171079524
cycle_four,2027,random,source_query_concat_layer1,composites,rc,1.002924093437999,2.3305194849276742,1.0000611221877127,1.0025189961976928
cycle_four,2027,random,source_query_concat_layer1,composites,ci,0.9981266213298345,2.280206374635705,0.9999670353296373,0.9983861549409945
cycle_four,2027,random,source_query_concat_layer1,composites,ri,0.9980239625057347,2.280206374635705,1.000043625437303,0.9982977182364051
cycle_four,2027,random,source_query_concat_layer1,composites,rci,1.0001678589417364,2.166869569938128,1.0000066923810156,1.0001446041465323
cycle_four,2027,random,source_query_concat_layer2,generators,c,0.9582166223065394,2.1277450592877836,1.0036925576513775,0.9593038507174259
cycle_four,2027,random,source_query_concat_layer2,generators,r,0.22342820919938114,3.7286915463902996,1.0081473403289594,0.2436350704121243
cycle_four,2027,random,source_query_concat_layer2,generators,i,0.9210620477664074,1.981319315120065,1.0040238060783175,0.923116060369103
cycle_four,2027,random,source_query_concat_layer2,composites,rc,0.9710172929651253,1.9858827094530938,1.000039310773132,0.9717714402900229
cycle_four,2027,random,source_query_concat_layer2,composites,ci,0.9555986396475991,2.092476245275637,0.9998668966136262,0.9567539895288679
cycle_four,2027,random,source_query_concat_layer2,composites,ri,0.9814588556826271,2.092476245275637,1.000131759368432,0.9819413073173437
cycle_four,2027,random,source_query_concat_layer2,composites,rci,0.9849450680574722,1.9914088791974844,0.9999982426268077,0.9853368063667097
cycle_four,2027,random,source_query_concat_layer3,generators,c,0.9470847589263816,2.1436640043083717,1.0039458364963854,0.9483322740576298
cycle_four,2027,random,source_query_concat_layer3,generators,r,0.2222014492006465,3.6442800381091267,1.003805352155595,0.24053861334273213
cycle_four,2027,random,source_query_concat_layer3,generators,i,0.9207090173647731,2.0055366972330666,1.0041384185706466,0.9225783597055055
cycle_four,2027,random,source_query_concat_layer3,composites,rc,0.9644842258004941,2.0064761499246675,1.000025144864609,0.9653215358989256
cycle_four,2027,random,source_query_concat_layer3,composites,ci,0.9511059518883469,2.094925573852357,0.9999353065346184,0.9522586644832379
cycle_four,2027,random,source_query_concat_layer3,composites,ri,0.9758803093316858,2.094925573852357,1.0001152620725413,0.9764489485074553
cycle_four,2027,random,source_query_concat_layer3,composites,rci,0.9776107315470421,2.0101919627200524,0.9999996341732511,0.9781385747658567
cycle_four,2027,random,source_query_concat_layer4,generators,c,0.9369670918276075,2.153214404267142,1.003649234041796,0.9384486655668317
cycle_four,2027,random,source_query_concat_layer4,generators,r,0.2363125881589131,3.601007192731448,1.0013812300430922,0.25426288185733015
cycle_four,2027,random,source_query_concat_layer4,generators,i,0.9183727697539231,2.025133081383991,1.0050180271533589,0.9202913986772059
cycle_four,2027,random,source_query_concat_layer4,composites,rc,0.9566142826048952,2.0143339748572067,1.000040368920944,0.9576340537278487
cycle_four,2027,random,source_query_concat_layer4,composites,ci,0.9492938727213505,2.093718502291136,1.0000285428685054,0.9504857083635888
cycle_four,2027,random,source_query_concat_layer4,composites,ri,0.9702179784112809,2.093718502291136,1.0001063572551279,0.970917997851383
cycle_four,2027,random,source_query_concat_layer4,composites,rci,0.9736455196710601,2.0188743421779387,1.0000074211096313,0.9742649755568564
cycle_four,2027,random,source_query_concat_numeric_contrast,generators,c,0.929815424368227,2.1528817452777775,1.0031183768788317,0.9298160894429832
cycle_four,2027,random,source_query_concat_numeric_contrast,generators,r,0.3121648360024845,3.588683034474087,0.9992492613696057,0.31217135398453055
cycle_four,2027,random,source_query_concat_numeric_contrast,generators,i,0.9319100279258425,2.0086066872027675,1.0062654363861017,0.9319106731519649
cycle_four,2027,random,source_query_concat_numeric_contrast,composites,rc,0.9498265789212769,2.022250540415095,1.0000877957446674,0.9498270543687023
cycle_four,2027,random,source_query_concat_numeric_contrast,composites,ci,0.9639556784007345,2.0997603888449854,1.000025070285982,0.9639560199596623
cycle_four,2027,random,source_query_concat_numeric_contrast,composites,ri,0.9902593130941382,2.0997603888449854,0.999977819017552,0.9902594053976808
cycle_four,2027,random,source_query_concat_numeric_contrast,composites,rci,0.9888353171512592,2.0280572149403016,1.0000044710295033,0.9888354229487035
cycle_four,2027,random,source_query_concat_numeric_null,generators,c,0.9365882650148745,2.1539028504838433,1.0035075915481684,0.9380206923143178
cycle_four,2027,random,source_query_concat_numeric_null,generators,r,0.2381100521696421,3.5993205645176096,1.0015242744621167,0.25532061990918803
cycle_four,2027,random,source_query_concat_numeric_null,generators,i,0.9207567734922348,2.0282230035283013,1.0050752097469522,0.9225468232515155
cycle_four,2027,random,source_query_concat_numeric_null,composites,rc,0.9563130375179502,2.0139328646412045,1.000025285663207,0.9572998958290143
cycle_four,2027,random,source_query_concat_numeric_null,composites,ci,0.950970630168734,2.0933128561998893,1.0000255580591157,0.9520781697722049
cycle_four,2027,random,source_query_concat_numeric_null,composites,ri,0.9701152555750683,2.0933128561998893,1.0001051852572296,0.9707903313124095
cycle_four,2027,random,source_query_concat_numeric_null,composites,rci,0.9741281278939632,2.0179950044292623,1.0000064113015994,0.9747125556170195
cycle_four,2027,trained,ONE_END_layer1,generators,c,0.8735872490622997,2.6689596739745807,0.9914553749439512,0.8736372235332659
cycle_four,2027,trained,ONE_END_layer1,generators,r,0.8881342320326461,2.6457398364203466,1.021051044368289,0.8881784556772699
cycle_four,2027,trained,ONE_END_layer1,generators,i,0.23259718861743922,0.37865964985510825,0.9639106542879476,0.23290056425978845
cycle_four,2027,trained,ONE_END_layer1,composites,rc,1.0555709538740297,2.513547475303113,0.9995425350066383,1.0555489851327409
cycle_four,2027,trained,ONE_END_layer1,composites,ci,0.8822559129591201,2.6469762760883184,0.9996273673992428,0.8823024604665165
cycle_four,2027,trained,ONE_END_layer1,composites,ri,0.8889304958018505,2.6469762760883184,1.000220276661874,0.888974404661294
cycle_four,2027,trained,ONE_END_layer1,composites,rci,1.0485292184038228,2.499140812270215,0.9999684293674312,1.0485100334561166
cycle_four,2027,trained,ONE_END_layer2,generators,c,0.8605500208246604,2.6972885346538753,0.9941257487889087,0.8606569315271718
cycle_four,2027,trained,ONE_END_layer2,generators,r,0.8589469870230783,2.7157312567847747,1.0144242472977274,0.8590551267072715
cycle_four,2027,trained,ONE_END_layer2,generators,i,0.3660245146146133,0.5512984757495962,0.9864688847997949,0.3665105581760294
cycle_four,2027,trained,ONE_END_layer2,composites,rc,1.02694373220452,2.3275107839583242,0.9998938325950498,1.026923075526367
cycle_four,2027,trained,ONE_END_layer2,composites,ci,0.8705143308412091,2.6880955962353754,0.9995560100186716,0.8706136023071269
cycle_four,2027,trained,ONE_END_layer2,composites,ri,0.8761671340428664,2.688095596235375,0.9999544263269259,0.8762620717314327
cycle_four,2027,trained,ONE_END_layer2,composites,rci,1.0213960391938584,2.331979756382679,0.9999772240519584,1.0213796357092917
cycle_four,2027,trained,ONE_END_layer3,generators,c,0.8683601908533877,2.686649406711522,0.9944414081931583,0.8685230289487295
cycle_four,2027,trained,ONE_END_layer3,generators,r,0.8671194266148399,2.6963025663686313,1.016694591680872,0.8672837995322598
cycle_four,2027,trained,ONE_END_layer3,generators,i,0.40509127195650524,0.6383257352990414,0.9861491031939636,0.4058271724778213
cycle_four,2027,trained,ONE_END_layer3,composites,rc,1.0225133538515596,2.3213037167396764,0.9999886824575074,1.0224855048924588
cycle_four,2027,trained,ONE_END_layer3,composites,ci,0.8826548304607662,2.6665215839393115,0.9995873588405759,0.8827999861247651
cycle_four,2027,trained,ONE_END_layer3,composites,ri,0.8833187558810109,2.666521583939312,0.9999006976730308,0.883463090271023
cycle_four,2027,trained,ONE_END_layer3,composites,rci,1.0176626200782242,2.324375407002507,0.9999892680067195,1.0176407714639566
cycle_four,2027,trained,ONE_END_layer4,generators,c,0.8726093450707169,2.694289806924291,0.9936300821688578,0.8729193214235265
cycle_four,2027,trained,ONE_END_layer4,generators,r,0.8623718201129267,2.7137501353083726,1.028068315344153,0.8627067071677809
cycle_four,2027,trained,ONE_END_layer4,generators,i,0.44040704370909484,0.7021385577599053,0.9995009247437165,0.4417686866313744
cycle_four,2027,trained,ONE_END_layer4,composites,rc,1.01785953391406,2.277484601686851,1.0002688498279015,1.0178160767767321
cycle_four,2027,trained,ONE_END_layer4,composites,ci,0.8808286758160125,2.671113844912396,0.9999850309422568,0.8811186522860334
cycle_four,2027,trained,ONE_END_layer4,composites,ri,0.8836904346899844,2.6711138449123957,1.0000327699993217,0.8839734477168952
cycle_four,2027,trained,ONE_END_layer4,composites,rci,1.0122643362686896,2.270109208495789,0.9999921459291345,1.0122344937796286
cycle_four,2027,trained,ONE_END_numeric_contrast,generators,c,0.8908570767644681,2.6706029904250332,0.9954117081770522,0.8908570767644682
cycle_four,2027,trained,ONE_END_numeric_contrast,generators,r,0.8767629605432009,2.69952087936987,1.0262391348972046,0.876762960543201
cycle_four,2027,trained,ONE_END_numeric_contrast,generators,i,0.5141287090284415,0.7899571037586149,0.9951185526846817,0.5141287090284415
cycle_four,2027,trained,ONE_END_numeric_contrast,composites,rc,1.0280864116659405,2.2758553642830925,0.9999689158072101,1.0280864116659405
cycle_four,2027,trained,ONE_END_numeric_contrast,composites,ci,0.89431172499806,2.640804379182145,0.9999659053124506,0.8943117249980602
cycle_four,2027,trained,ONE_END_numeric_contrast,composites,ri,0.901544869596497,2.6408043791821445,1.0000631866799183,0.9015448695964973
cycle_four,2027,trained,ONE_END_numeric_contrast,composites,rci,1.0180304585510622,2.2824549037991004,0.9999922344210751,1.0180304585510627
cycle_four,2027,trained,ONE_END_numeric_null,generators,c,0.8570896499894254,2.727287762708767,0.9921425253359241,0.8577481192122343
cycle_four,2027,trained,ONE_END_numeric_null,generators,r,0.8501566867820339,2.7333078033861695,1.024745192501971,0.850847100107524
cycle_four,2027,trained,ONE_END_numeric_null,generators,i,0.37236667250691574,0.580159669152782,1.0019057620283984,0.3752585360376736
cycle_four,2027,trained,ONE_END_numeric_null,composites,rc,1.0161927618451374,2.2798236973930153,1.000095983171205,1.0161181525862104
cycle_four,2027,trained,ONE_END_numeric_null,composites,ci,0.8662109327460693,2.7132740840259317,1.0002723539150045,0.8668273750340387
cycle_four,2027,trained,ONE_END_numeric_null,composites,ri,0.8611700315639494,2.713274084025932,0.9998213725176949,0.8618097001492683
cycle_four,2027,trained,ONE_END_numeric_null,composites,rci,1.0081430914145415,2.2528728993074023,0.9999841973037471,1.008105571563288
cycle_four,2027,trained,source_query_concat_layer1,generators,c,0.6510054250832248,3.090709707084888,0.9918731289310944,0.6519231471791687
cycle_four,2027,trained,source_query_concat_layer1,generators,r,0.6507051433637181,3.103933381277882,0.9911687599981476,0.651623655085601
cycle_four,2027,trained,source_query_concat_layer1,generators,i,0.1531079023500248,0.28137476018162005,0.99355402891271,0.15533490427714317
cycle_four,2027,trained,source_query_concat_layer1,composites,rc,0.8925059816065009,1.68651676414723,0.9996553667013399,0.8927886497135483
cycle_four,2027,trained,source_query_concat_layer1,composites,ci,0.6557154765027741,3.0784117443972945,1.000089140571236,0.6566208129670451
cycle_four,2027,trained,source_query_concat_layer1,composites,ri,0.6593673886778139,3.0784117443972945,0.9998972735211339,0.660263122011445
cycle_four,2027,trained,source_query_concat_layer1,composites,rci,0.8900402285604588,1.6806418985137899,1.000022701171651,0.8903293806538376
cycle_four,2027,trained,source_query_concat_layer2,generators,c,0.4092845455105199,3.391815055478248,1.0015659838628932,0.41244249092266266
cycle_four,2027,trained,source_query_concat_layer2,generators,r,0.4122828265322064,3.3954479836545843,0.9981311868800796,0.4154247432325138
cycle_four,2027,trained,source_query_concat_layer2,generators,i,0.18825812167404996,0.30969766832917706,0.9909507512681425,0.1925976670863482
cycle_four,2027,trained,source_query_concat_layer2,composites,rc,0.49994237339415953,1.0781555449796278,0.9996950243436008,0.5026156650369382
cycle_four,2027,trained,source_query_concat_layer2,composites,ci,0.41739096135494486,3.3770052095768452,1.0009856414632952,0.4205055701343141
cycle_four,2027,trained,source_query_concat_layer2,composites,ri,0.41863815020734857,3.3770052095768452,1.0007962894527316,0.42174609155608833
cycle_four,2027,trained,source_query_concat_layer2,composites,rci,0.4960306479075315,1.070873328404674,0.9999537978306612,0.49872485150624446
cycle_four,2027,trained,source_query_concat_layer3,generators,c,0.3136230141281049,3.5385414211337975,1.001625498010741,0.31773152965624407
cycle_four,2027,trained,source_query_concat_layer3,generators,r,0.31706191863371097,3.5387401616977394,0.994269637741316,0.3211498495664283
cycle_four,2027,trained,source_query_concat_layer3,generators,i,0.1639051765673227,0.26448668543213394,0.9988844333821545,0.16890987316376585
cycle_four,2027,trained,source_query_concat_layer3,composites,rc,0.38570276715295554,0.806153013288434,1.0004423348562683,0.3893798276779949
cycle_four,2027,trained,source_query_concat_layer3,composites,ci,0.32168372072916857,3.525758086506006,1.0005042292105686,0.32574398647778446
cycle_four,2027,trained,source_query_concat_layer3,composites,ri,0.32292495918119635,3.525758086506006,1.0008515777526943,0.3269777951243857
cycle_four,2027,trained,source_query_concat_layer3,composites,rci,0.38234803342285245,0.8005625454358847,0.9999593753940688,0.38604517471386535
cycle_four,2027,trained,source_query_concat_layer4,generators,c,0.16296679928526311,3.771858573329757,1.0025137796421042,0.16764044060918287
cycle_four,2027,trained,source_query_concat_layer4,generators,r,0.16534890819825623,3.7707994751980944,0.991745934038711,0.17000924882795704
cycle_four,2027,trained,source_query_concat_layer4,generators,i,0.08132724726586958,0.11559568498591423,0.9999484298744026,0.08645672950943063
cycle_four,2027,trained,source_query_concat_layer4,composites,rc,0.2111964484187287,0.4050727132485353,1.0007033560009484,0.21560079566800988
cycle_four,2027,trained,source_query_concat_layer4,composites,ci,0.1664736863396115,3.767431729594218,0.9997700774106385,0.17112774668126968
cycle_four,2027,trained,source_query_concat_layer4,composites,ri,0.16788480347634338,3.767431729594218,1.002062562250704,0.17253098473344738
cycle_four,2027,trained,source_query_concat_layer4,composites,rci,0.21025175021325185,0.4018100940492641,0.9999832253993317,0.21466137225995802
cycle_four,2027,trained,source_query_concat_numeric_contrast,generators,c,0.10672959338143284,3.85990101929649,1.002525712559601,0.1069988338894186
cycle_four,2027,trained,source_query_concat_numeric_contrast,generators,r,0.10877391335166497,3.8584015299367063,0.9886758044242961,0.1090425376814552
cycle_four,2027,trained,source_query_concat_numeric_contrast,generators,i,0.06469766996268558,0.08798004150639276,0.9996380752071888,0.0649795793068144
cycle_four,2027,trained,source_query_concat_numeric_contrast,composites,rc,0.14983660338522467,0.2413985750351308,1.0003905360171772,0.15009285101537057
cycle_four,2027,trained,source_query_concat_numeric_contrast,composites,ci,0.10999823628853891,3.8567362908803706,0.9998707419504904,0.11026649159532444
cycle_four,2027,trained,source_query_concat_numeric_contrast,composites,ri,0.11068313036212472,3.8567362908803706,1.0022111304871435,0.11095117923508357
cycle_four,2027,trained,source_query_concat_numeric_contrast,composites,rci,0.1492393414640415,0.2388462524645373,0.9999876012668261,0.1494957691148193
cycle_four,2027,trained,source_query_concat_numeric_null,generators,c,0.6808845313476273,2.9801750068573396,1.0013118955972087,0.6920102943611276
cycle_four,2027,trained,source_query_concat_numeric_null,generators,r,0.6850947665873433,2.982510516140367,1.0037081652827518,0.6960737423588903
cycle_four,2027,trained,source_query_concat_numeric_null,generators,i,0.24240205942380097,0.37685993907837867,0.9958476496052562,0.26881524203121854
cycle_four,2027,trained,source_query_concat_numeric_null,composites,rc,0.8019001174555254,1.8710434108398308,1.0000144038189553,0.8088067470698768
cycle_four,2027,trained,source_query_concat_numeric_null,composites,ci,0.6901602254600591,2.9640317343377043,1.0003041358966758,0.7009625971477912
cycle_four,2027,trained,source_query_concat_numeric_null,composites,ri,0.6924636174737435,2.9640317343377043,1.0007962941054376,0.7031856828266568
cycle_four,2027,trained,source_query_concat_numeric_null,composites,rci,0.7987042771223373,1.8613476584086746,0.999983169510849,0.8057223277289901
cycle_four,3037,random,ONE_END_layer1,generators,c,0.9619556458695724,2.369853437976392,1.0035505590315072,0.9672040699491654
cycle_four,3037,random,ONE_END_layer1,generators,r,0.9658647227848358,2.363972065349606,1.0068195938274165,0.9705738685962078
cycle_four,3037,random,ONE_END_layer1,generators,i,0.9644326047843257,2.188064269842759,1.004568877153984,0.9693393190068454
cycle_four,3037,random,ONE_END_layer1,composites,rc,1.0009585757656447,2.322724040562947,1.0000466992619077,1.0008263350627726
cycle_four,3037,random,ONE_END_layer1,composites,ci,0.9992728990856352,2.291542307358838,0.9999114334980445,0.9993732065828832
cycle_four,3037,random,ONE_END_layer1,composites,ri,0.999635472424543,2.291542307358838,0.9999164017868862,0.999685760971909
cycle_four,3037,random,ONE_END_layer1,composites,rci,1.00003358455822,2.172301571550623,0.9999970161167613,1.0000289513870677
cycle_four,3037,random,ONE_END_layer2,generators,c,0.9569636891911275,2.0687395055806492,1.001151943513047,0.9579753197824444
cycle_four,3037,random,ONE_END_layer2,generators,r,0.20675698822347308,3.7452691495491472,1.0075233805784285,0.2254033099452699
cycle_four,3037,random,ONE_END_layer2,generators,i,0.9324610735162038,1.9842150346277296,1.0023849736710808,0.9340486734487154
cycle_four,3037,random,ONE_END_layer2,composites,rc,0.9736532530554673,2.0353238718132998,0.9999907267231594,0.9742725713634225
cycle_four,3037,random,ONE_END_layer2,composites,ci,0.9634147590447195,2.0849040275222346,0.9999849789314652,0.9642747479295807
cycle_four,3037,random,ONE_END_layer2,composites,ri,0.9934036508277865,2.0849040275222346,0.9999633576074903,0.9935587075342792
cycle_four,3037,random,ONE_END_layer2,composites,rci,0.991648047813465,1.9966443833847043,0.9999970973306783,0.9918443725023224
cycle_four,3037,random,ONE_END_layer3,generators,c,0.9547616865212593,2.080493087555987,1.0015930990398503,0.9557401654273406
cycle_four,3037,random,ONE_END_layer3,generators,r,0.19884821308629375,3.660405399018995,1.0093941425421407,0.21617666907377905
cycle_four,3037,random,ONE_END_layer3,generators,i,0.9381685604628245,2.005438404326731,1.0024055583946385,0.9395059392169685
cycle_four,3037,random,ONE_END_layer3,composites,rc,0.974652774260061,2.056932044095527,1.000002193613973,0.9752010202888584
cycle_four,3037,random,ONE_END_layer3,composites,ci,0.9657998664696642,2.099584356481603,0.9999391745223604,0.9665395958422086
cycle_four,3037,random,ONE_END_layer3,composites,ri,0.9874555966201146,2.099584356481603,1.0000397864029158,0.9877269249069741
cycle_four,3037,random,ONE_END_layer3,composites,rci,0.9865501527238648,1.9975623520395542,0.9999993006462917,0.986841065245524
cycle_four,3037,random,ONE_END_layer4,generators,c,0.9493928372426548,2.097600320986338,1.001583362011337,0.9504358258802289
cycle_four,3037,random,ONE_END_layer4,generators,r,0.21892513760998986,3.594322338077437,1.0127468833497368,0.23502270487480004
cycle_four,3037,random,ONE_END_layer4,generators,i,0.9386606622940659,2.0240295194900373,1.0028438330194367,0.9399248357584108
cycle_four,3037,random,ONE_END_layer4,composites,rc,0.970232193668114,2.065795972377973,1.0000319400215834,0.970845693459014
cycle_four,3037,random,ONE_END_layer4,composites,ci,0.9684666312395064,2.1053173731398123,0.99997641597186,0.9691165184003285
cycle_four,3037,random,ONE_END_layer4,composites,ri,0.9834128218957778,2.1053173731398123,1.000049971255706,0.9837546754467286
cycle_four,3037,random,ONE_END_layer4,composites,rci,0.9861142461468594,2.007617102788589,0.999998360061746,0.9864004246778002
cycle_four,3037,random,ONE_END_numeric_contrast,generators,c,0.9690783689339049,2.096582281974074,1.0007659040618833,0.9690783689339052
cycle_four,3037,random,ONE_END_numeric_contrast,generators,r,0.3304949371007716,3.584357932696778,1.0036385282678917,0.33049493710077166
cycle_four,3037,random,ONE_END_numeric_contrast,generators,i,0.9588778268700326,2.000557699409676,0.9999935885130148,0.9588778268700328
cycle_four,3037,random,ONE_END_numeric_contrast,composites,rc,0.9853157871197995,2.080402117598496,0.9999188450776274,0.9853157871197995
cycle_four,3037,random,ONE_END_numeric_contrast,composites,ci,0.9777419183564405,2.1204280573223278,0.9999034625530205,0.9777419183564404
cycle_four,3037,random,ONE_END_numeric_contrast,composites,ri,0.9912770659572885,2.1204280573223278,1.0000182520858834,0.9912770659572887
cycle_four,3037,random,ONE_END_numeric_contrast,composites,rci,0.9916197587279987,1.997243853676318,0.9999983102143513,0.9916197587279988
cycle_four,3037,random,ONE_END_numeric_null,generators,c,0.9514744264662189,2.098475028282925,1.0013888704614444,0.9524089998178176
cycle_four,3037,random,ONE_END_numeric_null,generators,r,0.2217312874309992,3.59257897749609,1.0138158296464406,0.2367202746017285
cycle_four,3037,random,ONE_END_numeric_null,generators,i,0.9402733191216348,2.0272113564925287,1.0028253634393869,0.941423619061717
cycle_four,3037,random,ONE_END_numeric_null,composites,rc,0.9706583477232731,2.064537884394976,1.0000413038489144,0.971223450293171
cycle_four,3037,random,ONE_END_numeric_null,composites,ci,0.9715325982991823,2.1039512955204924,0.9999865062027326,0.9720808633289674
cycle_four,3037,random,ONE_END_numeric_null,composites,ri,0.9856371707966564,2.103951295520493,1.0000387115823666,0.9859137902459382
cycle_four,3037,random,ONE_END_numeric_null,composites,rci,0.9873059156693055,2.009294162292498,0.9999986169484358,0.9875503960963149
cycle_four,3037,random,source_query_concat_layer1,generators,c,0.9658575208253659,2.349524285054007,1.0079721355934792,0.9706240266785899
cycle_four,3037,random,source_query_concat_layer1,generators,r,0.963192671599157,2.3934442751126555,1.007490180324943,0.9683312072446444
cycle_four,3037,random,source_query_concat_layer1,generators,i,0.9405435014867853,2.18405920124856,1.00503481720694,0.9488440044094321
cycle_four,3037,random,source_query_concat_layer1,composites,rc,1.0021407622378407,2.3259620315087903,0.9999365333117013,1.0018418983010764
cycle_four,3037,random,source_query_concat_layer1,composites,ci,0.9963770239013982,2.2838573744828783,1.0000784802709224,0.9968828142598471
cycle_four,3037,random,source_query_concat_layer1,composites,ri,0.9966381372210423,2.2838573744828783,1.0000692387308667,0.9971074745099859
cycle_four,3037,random,source_query_concat_layer1,composites,rci,1.0002468348690274,2.1792954581102313,0.9999939236686413,1.0002123751614598
cycle_four,3037,random,source_query_concat_layer2,generators,c,0.9624031572214856,2.0751537568454417,1.0018094209506185,0.9633800887044033
cycle_four,3037,random,source_query_concat_layer2,generators,r,0.21509618677459694,3.7365511183439253,1.0078956128674026,0.23549144311883896
cycle_four,3037,random,source_query_concat_layer2,generators,i,0.9474743746794999,1.9927464044655252,1.0026869620510919,0.9488392216518329
cycle_four,3037,random,source_query_concat_layer2,composites,rc,0.9770767785805858,2.034997193418123,1.0000124484333193,0.9776724247848814
cycle_four,3037,random,source_query_concat_layer2,composites,ci,0.9678302053214629,2.0818142611413575,1.0000474835350115,0.9686661182039783
cycle_four,3037,random,source_query_concat_layer2,composites,ri,0.9951787910423993,2.0818142611413575,0.9999815349262539,0.9953040672748782
cycle_four,3037,random,source_query_concat_layer2,composites,rci,0.9923613369383629,1.9969230046442707,0.9999972946503878,0.9925598230313648
cycle_four,3037,random,source_query_concat_layer3,generators,c,0.9557090940744588,2.08283328493549,1.0018529262007858,0.9567502311695911
cycle_four,3037,random,source_query_concat_layer3,generators,r,0.21085369742089807,3.652277392366472,1.0103349773382886,0.22940399509335252
cycle_four,3037,random,source_query_concat_layer3,generators,i,0.9487192855394627,2.013628207458348,1.002378899656801,0.9499247306071139
cycle_four,3037,random,source_query_concat_layer3,composites,rc,0.9749536966783415,2.058787490539331,0.9999716623526137,0.9755424549107414
cycle_four,3037,random,source_query_concat_layer3,composites,ci,0.9695228910181793,2.097019138348865,0.9999754423796378,0.9702393100674239
cycle_four,3037,random,source_query_concat_layer3,composites,ri,0.9899282756853847,2.097019138348865,1.0000650965571367,0.9901650296098479
cycle_four,3037,random,source_query_concat_layer3,composites,rci,0.9872922319958722,1.9984353480026285,0.9999989664026273,0.987590950849979
cycle_four,3037,random,source_query_concat_layer4,generators,c,0.9532185507416389,2.09950442156532,1.00196696479547,0.9542501085006689
cycle_four,3037,random,source_query_concat_layer4,generators,r,0.23081794857729038,3.5884686656239198,1.0133679869684722,0.24777885350500622
cycle_four,3037,random,source_query_concat_layer4,generators,i,0.9515424673850257,2.033822716834029,1.0024993906201682,0.9526109837423613
cycle_four,3037,random,source_query_concat_layer4,composites,rc,0.9755868923122417,2.0664385261825986,0.9999898981477321,0.9761252153239608
cycle_four,3037,random,source_query_concat_layer4,composites,ci,0.9736623262452042,2.101031005558656,0.999995053758075,0.9742430870413591
cycle_four,3037,random,source_query_concat_layer4,composites,ri,0.9885371311657594,2.101031005558656,1.0000847761602831,0.988789893991071
cycle_four,3037,random,source_query_concat_layer4,composites,rci,0.9886911563330446,2.0097036586768184,0.9999985271123393,0.9889405228151704
cycle_four,3037,random,source_query_concat_numeric_contrast,generators,c,0.9446619525170997,2.1036791656859792,1.0030532571756372,0.9446625435468599
cycle_four,3037,random,source_query_concat_numeric_contrast,generators,r,0.3107258427938951,3.5790597504151695,1.0074532570940058,0.31073320448370034
cycle_four,3037,random,source_query_concat_numeric_contrast,generators,i,0.9398189704101966,2.0220771144322565,1.00075315872549,0.9398196131647047
cycle_four,3037,random,source_query_concat_numeric_contrast,composites,rc,0.9639807890982007,2.0796303501521973,0.999860764773651,0.9639811737960089
cycle_four,3037,random,source_query_concat_numeric_contrast,composites,ci,0.962330199207307,2.1068180523568674,0.9999194145984603,0.9623306015339943
cycle_four,3037,random,source_query_concat_numeric_contrast,composites,ri,0.9882067587128512,2.1068180523568674,1.0001531680739977,0.9882068846688052
cycle_four,3037,random,source_query_concat_numeric_contrast,composites,rci,0.9868525245777312,2.001917514600661,0.999992672993008,0.9868526649973812
cycle_four,3037,random,source_query_concat_numeric_null,generators,c,0.9523664150019859,2.099669450960364,1.0016375768649517,0.9533511214972538
cycle_four,3037,random,source_query_concat_numeric_null,generators,r,0.23334979718992,3.586449998150341,1.0139794223496146,0.24919839297243218
cycle_four,3037,random,source_query_concat_numeric_null,generators,i,0.9513060570599523,2.0354976019941122,1.002606416233409,0.9523126838316989
cycle_four,3037,random,source_query_concat_numeric_null,composites,rc,0.9751649873882687,2.065461749327726,1.0000098943841482,0.9756783898170351
cycle_four,3037,random,source_query_concat_numeric_null,composites,ci,0.975568389783733,2.1008756953216956,1.000002720874446,0.9760734528662369
cycle_four,3037,random,source_query_concat_numeric_null,composites,ri,0.9896291670036329,2.1008756953216956,1.000068039934429,0.9898435583120614
cycle_four,3037,random,source_query_concat_numeric_null,composites,rci,0.9898044895371888,2.0111698089240657,0.9999988780175461,0.9900152564860909
cycle_four,3037,trained,ONE_END_layer1,generators,c,0.8458924552933221,2.770422650546342,1.0151825155273666,0.8459362795344714
cycle_four,3037,trained,ONE_END_layer1,generators,r,0.8653268006265048,2.766022621352622,0.9700115145585113,0.8653650982372865
cycle_four,3037,trained,ONE_END_layer1,generators,i,0.33431140147299027,0.53012154437165,0.9858564636396066,0.33450070627132167
cycle_four,3037,trained,ONE_END_layer1,composites,rc,1.0450017737773556,2.2458120548458984,1.0000343236676223,1.044988976424767
cycle_four,3037,trained,ONE_END_layer1,composites,ci,0.8585031970989223,2.724361156759948,0.9994540668644403,0.8585434351678887
cycle_four,3037,trained,ONE_END_layer1,composites,ri,0.8732487797009355,2.724361156759948,1.0001555271520293,0.8732848245036404
cycle_four,3037,trained,ONE_END_layer1,composites,rci,1.0381746047839238,2.2388988153635916,1.0000084823814128,1.0381637489034476
cycle_four,3037,trained,ONE_END_layer2,generators,c,0.8465936739253246,2.7465917339549053,1.018408561997637,0.8467019913828994
cycle_four,3037,trained,ONE_END_layer2,generators,r,0.8616627785239915,2.7348473156784463,0.9709040942212462,0.8617604559568696
cycle_four,3037,trained,ONE_END_layer2,generators,i,0.41950465602306813,0.6314650160311648,1.0010681955434821,0.4199145333821209
cycle_four,3037,trained,ONE_END_layer2,composites,rc,1.0184814888177787,2.2434865330390292,0.9997312547660119,1.0184684393697399
cycle_four,3037,trained,ONE_END_layer2,composites,ci,0.8644683646946346,2.704662827641099,1.0000165274531454,0.8645640611533977
cycle_four,3037,trained,ONE_END_layer2,composites,ri,0.8656310013243338,2.7046628276410987,1.0001074170742685,0.8657258768662086
cycle_four,3037,trained,ONE_END_layer2,composites,rci,1.0102221845015735,2.234283746014258,1.000004221141811,1.0102149668002935
cycle_four,3037,trained,ONE_END_layer3,generators,c,0.8234962094599029,2.7897182031726055,1.0216940483404557,0.8236950440551911
cycle_four,3037,trained,ONE_END_layer3,generators,r,0.8475039829330797,2.7597020275500537,0.97460419396,0.8476757723532605
cycle_four,3037,trained,ONE_END_layer3,generators,i,0.4001927003468297,0.5867154579512518,0.9948692283821421,0.4008683937203973
cycle_four,3037,trained,ONE_END_layer3,composites,rc,0.9931344885027991,2.1959860068710153,0.9998387386198135,0.9931422226211191
cycle_four,3037,trained,ONE_END_layer3,composites,ci,0.843246378932348,2.7415184683841822,1.0002363067183386,0.8434229646176161
cycle_four,3037,trained,ONE_END_layer3,composites,ri,0.8483761951029476,2.7415184683841822,1.0000980627359508,0.8485470019609224
cycle_four,3037,trained,ONE_END_layer3,composites,rci,0.9838560226637312,2.18484136768671,1.000001658697347,0.9838742091354786
cycle_four,3037,trained,ONE_END_layer4,generators,c,0.8885982081986247,2.6733244740305127,1.0055258569212422,0.8890032061125783
cycle_four,3037,trained,ONE_END_layer4,generators,r,0.8858573637654026,2.669524201723723,0.9892550895254133,0.8862723259380995
cycle_four,3037,trained,ONE_END_layer4,generators,i,0.4406781438058766,0.5917910438962143,0.9861295207257016,0.4427115418448532
cycle_four,3037,trained,ONE_END_layer4,composites,rc,1.0459686470189218,2.3833313463321515,1.0002144217193063,1.0458015293644487
cycle_four,3037,trained,ONE_END_layer4,composites,ci,0.8945633734010461,2.655678596321932,1.00035758193105,0.8949466851336173
cycle_four,3037,trained,ONE_END_layer4,composites,ri,0.8975541456430838,2.655678596321932,0.9997909434167092,0.8979265845117668
cycle_four,3037,trained,ONE_END_layer4,composites,rci,1.0323979984160288,2.3706717413735343,1.000018550418931,1.032280216452538
cycle_four,3037,trained,ONE_END_numeric_contrast,generators,c,0.8981317373648736,2.6464792156412282,1.0034712394233194,0.8981317373648736
cycle_four,3037,trained,ONE_END_numeric_contrast,generators,r,0.8852235841405428,2.6516819295035834,0.9951782882423057,0.8852235841405425
cycle_four,3037,trained,ONE_END_numeric_contrast,generators,i,0.5002975388408224,0.6207461778096833,0.9898258757873049,0.5002975388408224
cycle_four,3037,trained,ONE_END_numeric_contrast,composites,rc,1.0490097906826723,2.4149679172070986,0.9998748229917176,1.049009790682672
cycle_four,3037,trained,ONE_END_numeric_contrast,composites,ci,0.9060714408752993,2.6345653723703037,1.0002684816932812,0.9060714408752993
cycle_four,3037,trained,ONE_END_numeric_contrast,composites,ri,0.9068233143441344,2.6345653723703033,0.999752766192641,0.9068233143441343
cycle_four,3037,trained,ONE_END_numeric_contrast,composites,rci,1.0317739525255107,2.3969940150978006,1.000005290502179,1.031773952525511
cycle_four,3037,trained,ONE_END_numeric_null,generators,c,0.8698090449048033,2.724443700167579,1.0047859728193607,0.8709018645193972
cycle_four,3037,trained,ONE_END_numeric_null,generators,r,0.8813323293131403,2.7033761400390377,0.9774710034798711,0.8823284227671744
cycle_four,3037,trained,ONE_END_numeric_null,generators,i,0.38179918262746976,0.5380494507858175,0.9745733492131988,0.38698834479690575
cycle_four,3037,trained,ONE_END_numeric_null,composites,rc,1.0480712700207364,2.322515576872694,1.0006290417457897,1.0476677609848073
cycle_four,3037,trained,ONE_END_numeric_null,composites,ci,0.8793624081257981,2.6957327823043595,0.9999586515877527,0.8803750370489142
cycle_four,3037,trained,ONE_END_numeric_null,composites,ri,0.8889334031285823,2.6957327823043604,1.0000203743684553,0.8898656933594861
cycle_four,3037,trained,ONE_END_numeric_null,composites,rci,1.037186114419001,2.320149567526151,1.0000005420655131,1.0368739751064202
cycle_four,3037,trained,source_query_concat_layer1,generators,c,0.7467237327842432,2.9802830291555575,1.004589303984266,0.7473730265395178
cycle_four,3037,trained,source_query_concat_layer1,generators,r,0.7421097654998277,2.967882197695627,1.0046928375857738,0.7427708875253848
cycle_four,3037,trained,source_query_concat_layer1,generators,i,0.10793204854955304,0.20048138826983894,1.0161518046304008,0.11021893534129426
cycle_four,3037,trained,source_query_concat_layer1,composites,rc,1.0022197706698037,1.9658266326127303,1.0002914666860232,1.0022140801120192
cycle_four,3037,trained,source_query_concat_layer1,composites,ci,0.7514619145329091,2.9636809998882656,0.9993504239954099,0.7520990615842915
cycle_four,3037,trained,source_query_concat_layer1,composites,ri,0.7445959256510071,2.9636809998882656,0.9998545299522155,0.7452506742082621
cycle_four,3037,trained,source_query_concat_layer1,composites,rci,0.9995671939077276,1.9581647524897177,0.9999936818999997,0.999568303440397
cycle_four,3037,trained,source_query_concat_layer2,generators,c,0.30182544145256684,3.562582657209387,0.9992922267448485,0.3049486236289943
cycle_four,3037,trained,source_query_concat_layer2,generators,r,0.3054337761707866,3.556784196084166,1.0141130181615616,0.30854081698752023
cycle_four,3037,trained,source_query_concat_layer2,generators,i,0.12341233963868763,0.1993232238378022,1.0001044372157535,0.12733362683456106
cycle_four,3037,trained,source_query_concat_layer2,composites,rc,0.36795704601672186,0.7928219496621103,1.001777695032264,0.37078439809429403
cycle_four,3037,trained,source_query_concat_layer2,composites,ci,0.3088078945762307,3.5493146367940773,0.9994832344352858,0.31189984176582475
cycle_four,3037,trained,source_query_concat_layer2,composites,ri,0.3077976325562785,3.5493146367940773,0.9984860393307264,0.31089409900584214
cycle_four,3037,trained,source_query_concat_layer2,composites,rci,0.3647287310176483,0.7898586996183805,1.0000158359082552,0.3675705244920625
cycle_four,3037,trained,source_query_concat_layer3,generators,c,0.2611825590767011,3.6228050817632442,1.0025095260780206,0.26527911713577584
cycle_four,3037,trained,source_query_concat_layer3,generators,r,0.2659943494453887,3.616570649379551,1.0111950057166776,0.27006422732946805
cycle_four,3037,trained,source_query_concat_layer3,generators,i,0.12126914674517524,0.18399922628595505,0.9936349356425198,0.1261414897074096
cycle_four,3037,trained,source_query_concat_layer3,composites,rc,0.3203321146313438,0.6798378151253529,1.0011929962471435,0.32410070318797246
cycle_four,3037,trained,source_query_concat_layer3,composites,ci,0.26811356571342165,3.6106384361327026,0.998450248365162,0.2721716930729453
cycle_four,3037,trained,source_query_concat_layer3,composites,ri,0.2685233027686527,3.610638436132703,0.9986923465510908,0.27257915823860973
cycle_four,3037,trained,source_query_concat_layer3,composites,rci,0.3177718558833791,0.6755103551804901,1.0000694517591608,0.32155464043488596
cycle_four,3037,trained,source_query_concat_layer4,generators,c,0.14272331532161436,3.7972636729936107,0.9741228184263683,0.14701525569541696
cycle_four,3037,trained,source_query_concat_layer4,generators,r,0.14406194777340278,3.795128512481247,0.9998323532974059,0.14834718630780142
cycle_four,3037,trained,source_query_concat_layer4,generators,i,0.07162940127219478,0.10387918061995483,0.9705390966718087,0.07627727205387352
cycle_four,3037,trained,source_query_concat_layer4,composites,rc,0.17850131832228883,0.3605855132806114,1.0000541548242603,0.18261413676461125
cycle_four,3037,trained,source_query_concat_layer4,composites,ci,0.14576865280095155,3.7919647654517044,0.9973352208427608,0.15004534674718528
cycle_four,3037,trained,source_query_concat_layer4,composites,ri,0.14633526162203292,3.7919647654517044,0.9994497098461553,0.15060911885134806
cycle_four,3037,trained,source_query_concat_layer4,composites,rci,0.17805883220054206,0.3592135897211684,1.0000224706850342,0.18217386594171095
cycle_four,3037,trained,source_query_concat_numeric_contrast,generators,c,0.09640266628167633,3.8714172034185723,0.9715294839916084,0.0966393930627818
cycle_four,3037,trained,source_query_concat_numeric_contrast,generators,r,0.09747241911501586,3.8694061208298214,0.9992429411186481,0.09770886563949001
cycle_four,3037,trained,source_query_concat_numeric_contrast,generators,i,0.06276378736161621,0.08409679644196308,0.9692730568987997,0.06300932694376653
cycle_four,3037,trained,source_query_concat_numeric_contrast,composites,rc,0.12432030678894856,0.22118299217271584,0.9994512793734501,0.12454971963393809
cycle_four,3037,trained,source_query_concat_numeric_contrast,composites,ci,0.09912223489366968,3.8667736419513985,0.9977052870617955,0.09935824919511246
cycle_four,3037,trained,source_query_concat_numeric_contrast,composites,ri,0.0998876530287681,3.8667736419513985,0.9991273270968256,0.10012346680397587
cycle_four,3037,trained,source_query_concat_numeric_contrast,composites,rci,0.12354450130690062,0.22034960323413078,0.9999956222101453,0.12377411739942933
cycle_four,3037,trained,source_query_concat_numeric_null,generators,c,0.6477552445333239,3.0297791451393197,1.005506217425992,0.6604048176481702
cycle_four,3037,trained,source_query_concat_numeric_null,generators,r,0.6512073445558212,3.0264690709331843,1.0085950345400143,0.663732948212055
cycle_four,3037,trained,source_query_concat_numeric_null,generators,i,0.2014790418831925,0.3199257172138589,0.9902822171742447,0.23015498123125555
cycle_four,3037,trained,source_query_concat_numeric_null,composites,rc,0.7627397856080526,1.7983035785612447,1.0005924869261125,0.771260112405307
cycle_four,3037,trained,source_query_concat_numeric_null,composites,ci,0.6527524823522354,3.017437979555165,0.9991599437891264,0.6652225980750792
cycle_four,3037,trained,source_query_concat_numeric_null,composites,ri,0.6571773407814852,3.017437979555165,1.000071312769672,0.6694885540100974
cycle_four,3037,trained,source_query_concat_numeric_null,composites,rci,0.7591456065512129,1.7906465290420606,1.000020791092207,0.7677950050523373
cycle_none,1009,random,ONE_END_layer1,generators,c,0.9564705208017475,2.4129889708702263,1.0056786205460768,0.9625377763565538
cycle_none,1009,random,ONE_END_layer1,generators,r,0.9588094435120719,2.3643183037204465,1.0054863443242357,0.964550693746625
cycle_none,1009,random,ONE_END_layer1,generators,i,0.9508908649550535,2.1849612124761095,1.0053711788144957,0.9577358279061644
cycle_none,1009,random,ONE_END_layer1,composites,rc,1.0010446335628156,2.3115675617297047,1.0001227127703491,1.0008990297351688
cycle_none,1009,random,ONE_END_layer1,composites,ci,0.9970061736980517,2.2798548929537876,0.9999621678756404,0.9974234612373281
cycle_none,1009,random,ONE_END_layer1,composites,ri,0.9975332229654889,2.2798548929537876,0.9999905754453302,0.9978770489643467
cycle_none,1009,random,ONE_END_layer1,composites,rci,1.000201961348125,2.1664541652959373,0.9999994563192727,1.0001738114337717
cycle_none,1009,random,ONE_END_layer2,generators,c,0.9479553808223559,2.1039762732350433,0.9994855193119232,0.9495176582553144
cycle_none,1009,random,ONE_END_layer2,generators,r,0.2082784517222189,3.751501863485652,1.0037022977835666,0.23204438041197706
cycle_none,1009,random,ONE_END_layer2,generators,i,0.9027476083940298,2.004372778712779,1.0063519481854564,0.9056669345243388
cycle_none,1009,random,ONE_END_layer2,composites,rc,0.9630876246286939,1.9997428204094128,0.9999214731969114,0.9641956617697219
cycle_none,1009,random,ONE_END_layer2,composites,ci,0.9542905108944211,2.077689654987434,1.000013962691996,0.9556626201427945
cycle_none,1009,random,ONE_END_layer2,composites,ri,0.9859793881494887,2.0776896549874335,0.9999481867943197,0.9864002594294873
cycle_none,1009,random,ONE_END_layer2,composites,rci,0.9865304198212338,1.9850269541822463,0.9999988238337901,0.9869347502107576
cycle_none,1009,random,ONE_END_layer3,generators,c,0.9400886823636612,2.114959822050511,0.9990452048120055,0.9417286072533243
cycle_none,1009,random,ONE_END_layer3,generators,r,0.20048322907536142,3.67971697706696,1.0019242999897553,0.2223680332170604
cycle_none,1009,random,ONE_END_layer3,generators,i,0.9151192155038782,2.020789856673435,1.0074187347191064,0.917442618103605
cycle_none,1009,random,ONE_END_layer3,composites,rc,0.9626153571720161,2.0182044223128535,0.9999516243122688,0.9636386697727655
cycle_none,1009,random,ONE_END_layer3,composites,ci,0.9565479743616927,2.0862266972158214,0.9999783793880902,0.957737366636172
cycle_none,1009,random,ONE_END_layer3,composites,ri,0.9798140809502563,2.0862266972158223,1.0000522356997057,0.9803666208104433
cycle_none,1009,random,ONE_END_layer3,composites,rci,0.979970409480623,1.9938755274645967,0.9999996587901879,0.9805186702319866
cycle_none,1009,random,ONE_END_layer4,generators,c,0.9364704192879804,2.1121216425141918,0.9997804868090203,0.9380900806755248
cycle_none,1009,random,ONE_END_layer4,generators,r,0.2129606317563358,3.630632447020344,1.0026349111772548,0.2330258873575025
cycle_none,1009,random,ONE_END_layer4,generators,i,0.919485036708715,2.015554678796347,1.0077548552322733,0.921537733668161
cycle_none,1009,random,ONE_END_layer4,composites,rc,0.9609510203165649,2.04171609152832,0.9999016685547742,0.9619465585195158
cycle_none,1009,random,ONE_END_layer4,composites,ci,0.9573817508138907,2.0971469808923313,1.0000329435660864,0.9584682861229207
cycle_none,1009,random,ONE_END_layer4,composites,ri,0.9759567176447569,2.0971469808923318,1.0001110695716293,0.9765696915637434
cycle_none,1009,random,ONE_END_layer4,composites,rci,0.9776740013362851,2.005681178356135,0.9999979396930995,0.9782431937907088
cycle_none,1009,random,ONE_END_numeric_contrast,generators,c,0.968634632360931,2.113089161428898,1.0004558362270828,0.9686346323609311
cycle_none,1009,random,ONE_END_numeric_contrast,generators,r,0.3211439662040933,3.6035099365182868,0.9999587055613237,0.32114396620409325
cycle_none,1009,random,ONE_END_numeric_contrast,generators,i,0.9762087432323521,2.0242266788642644,1.0024054422955335,0.9762087432323521
cycle_none,1009,random,ONE_END_numeric_contrast,composites,rc,0.9894237219762197,2.0592214017971155,0.9999425127491998,0.9894237219762196
cycle_none,1009,random,ONE_END_numeric_contrast,composites,ci,0.9817633822127685,2.102759810589006,1.0001098826052628,0.9817633822127685
cycle_none,1009,random,ONE_END_numeric_contrast,composites,ri,0.9982565172798846,2.102759810589006,1.0000563856478237,0.9982565172798844
cycle_none,1009,random,ONE_END_numeric_contrast,composites,rci,0.9947682232678073,1.994433200213423,0.9999997721736738,0.9947682232678073
cycle_none,1009,random,ONE_END_numeric_null,generators,c,0.9362123803833353,2.1128920591614047,0.9998198033394324,0.9377378363038579
cycle_none,1009,random,ONE_END_numeric_null,generators,r,0.2139063631336232,3.6305086569461436,1.002762322190704,0.23270548433691343
cycle_none,1009,random,ONE_END_numeric_null,generators,i,0.9188772305171939,2.014792919862104,1.0080415926069959,0.9208172497519677
cycle_none,1009,random,ONE_END_numeric_null,composites,rc,0.9588550201740744,2.040396514546118,0.9999059109178307,0.9598389862391576
cycle_none,1009,random,ONE_END_numeric_null,composites,ci,0.9588185001211333,2.0970681865464984,1.0000196472311416,0.9598033395489681
cycle_none,1009,random,ONE_END_numeric_null,composites,ri,0.9762470671040698,2.097068186546499,1.000103153574636,0.976815109183922
cycle_none,1009,random,ONE_END_numeric_null,composites,rci,0.9783106594614303,2.007273476391233,0.999998128061117,0.9788293515389153
cycle_none,1009,random,source_query_concat_layer1,generators,c,0.9670610404812211,2.344759576337866,1.0065293174761514,0.971889910266373
cycle_none,1009,random,source_query_concat_layer1,generators,r,0.9606672090651371,2.3913342406536535,1.0071056324248364,0.9664334180919514
cycle_none,1009,random,source_query_concat_layer1,generators,i,0.944775072177638,2.2095951962707354,1.0032521388023565,0.9528710773109077
cycle_none,1009,random,source_query_concat_layer1,composites,rc,1.002317014076915,2.3097567831033263,1.000139390799249,1.001977338524583
cycle_none,1009,random,source_query_concat_layer1,composites,ci,0.99640509556755,2.2924559581225474,0.9999275200601495,0.9969321105567293
cycle_none,1009,random,source_query_concat_layer1,composites,ri,0.9975626912877245,2.2924559581225474,1.0000485162899593,0.9979200021005048
cycle_none,1009,random,source_query_concat_layer1,composites,rci,1.0000786480177026,2.159642287389324,0.9999974830484613,1.0000671181745657
cycle_none,1009,random,source_query_concat_layer2,generators,c,0.9491502502986143,2.101690995933716,0.9991757117723172,0.9506553087721508
cycle_none,1009,random,source_query_concat_layer2,generators,r,0.20841328380642848,3.7520416123536884,1.0040330840024587,0.23184278546066253
cycle_none,1009,random,source_query_concat_layer2,generators,i,0.9027857041233592,1.9989851438476687,1.0065257641867085,0.9056630673477061
cycle_none,1009,random,source_query_concat_layer2,composites,rc,0.9641615435314363,1.9997367171129563,0.999943638479133,0.9652222955096317
cycle_none,1009,random,source_query_concat_layer2,composites,ci,0.9517203938806773,2.080817430622464,0.9999648263216456,0.9531493808612546
cycle_none,1009,random,source_query_concat_layer2,composites,ri,0.9838651956962459,2.080817430622464,1.0000210381644763,0.9843427560397839
cycle_none,1009,random,source_query_concat_layer2,composites,rci,0.9826521035010429,1.9859106695070428,0.9999969651205474,0.9831655691282509
cycle_none,1009,random,source_query_concat_layer3,generators,c,0.9371780239424305,2.1091300960738097,0.9986709097158754,0.9389117170243257
cycle_none,1009,random,source_query_concat_layer3,generators,r,0.2029507658296277,3.6808678490535924,1.0015545103983887,0.22494687021744197
cycle_none,1009,random,source_query_concat_layer3,generators,i,0.9115826853661492,2.0184996246366946,1.007252190275147,0.9140227309731194
cycle_none,1009,random,source_query_concat_layer3,composites,rc,0.9611152730023984,2.0194998313718795,0.9999375670887104,0.9621883717238608
cycle_none,1009,random,source_query_concat_layer3,composites,ci,0.9558679907069162,2.088071212499271,0.9999371304117584,0.9570858982609771
cycle_none,1009,random,source_query_concat_layer3,composites,ri,0.9836256245773833,2.088071212499271,1.0000478882982111,0.9840775069149357
cycle_none,1009,random,source_query_concat_layer3,composites,rci,0.9811032301874469,1.995860173865484,0.999996799717949,0.9816247228425679
cycle_none,1009,random,source_query_concat_layer4,generators,c,0.9262023814617499,2.1104791941512757,0.9993554626130297,0.9280835987637843
cycle_none,1009,random,source_query_concat_layer4,generators,r,0.2165589378277506,3.629777898801453,1.0023539203510592,0.2365300820255638
cycle_none,1009,random,source_query_concat_layer4,generators,i,0.9164208264225279,2.014175035204205,1.0074092915044541,0.9185513909385382
cycle_none,1009,random,source_query_concat_layer4,composites,rc,0.957307017490525,2.04072988888487,0.9999148165343809,0.9583953287255366
cycle_none,1009,random,source_query_concat_layer4,composites,ci,0.9568595453929433,2.0967942732145888,0.9999905179165393,0.9579592633951216
cycle_none,1009,random,source_query_concat_layer4,composites,ri,0.9804017601702585,2.0967942732145888,1.0000678477449592,0.9809013501107929
cycle_none,1009,random,source_query_concat_layer4,composites,rci,0.9801179644061798,2.011249436529017,0.9999945927671396,0.9806247887468511
cycle_none,1009,random,source_query_concat_numeric_contrast,generators,c,0.9329323627969531,2.110026936204408,1.0019743201940678,0.932933460171424
cycle_none,1009,random,source_query_concat_numeric_contrast,generators,r,0.3031255104598429,3.6010092426650866,1.0017945786742974,0.3031369128635348
cycle_none,1009,random,source_query_concat_numeric_contrast,generators,i,0.9546484478714253,2.0156311836516303,1.0035141227718398,0.954649189922847
cycle_none,1009,random,source_query_concat_numeric_contrast,composites,rc,0.960665031724583,2.0543102068686623,0.9999300380043137,0.9606656753314221
cycle_none,1009,random,source_query_concat_numeric_contrast,composites,ci,0.9757290211842783,2.114956777841061,1.0002399627820693,0.9757294183110242
cycle_none,1009,random,source_query_concat_numeric_contrast,composites,ri,0.9920268348385133,2.114956777841061,1.0000626260213625,0.9920269652970811
cycle_none,1009,random,source_query_concat_numeric_contrast,composites,rci,0.9896719670787398,1.9891088749280899,0.9999918705341622,0.989672136068138
cycle_none,1009,random,source_query_concat_numeric_null,generators,c,0.9282288429840405,2.1111920400470665,0.9992161003128235,0.929936188063872
cycle_none,1009,random,source_query_concat_numeric_null,generators,r,0.21842765842498416,3.630092727493875,1.002406167053665,0.2370202762313793
cycle_none,1009,random,source_query_concat_numeric_null,generators,i,0.916334244304225,2.0145244780957454,1.0076769514736315,0.9183245468474291
cycle_none,1009,random,source_query_concat_numeric_null,composites,rc,0.9552385306662802,2.0396927345300164,0.9999248459900442,0.9563033494264954
cycle_none,1009,random,source_query_concat_numeric_null,composites,ci,0.9564396029555269,2.095125575301261,0.9999660858961189,0.9574758497245853
cycle_none,1009,random,source_query_concat_numeric_null,composites,ri,0.9827804002548548,2.095125575301261,1.0000712417077158,0.983190032760779
cycle_none,1009,random,source_query_concat_numeric_null,composites,rci,0.9801801729537314,2.0142468692307753,0.9999947585033573,0.9806516615794898
cycle_none,1009,trained,ONE_END_layer1,generators,c,0.6373230496908884,2.786840662552391,0.9885369203462592,0.63750505615486
cycle_none,1009,trained,ONE_END_layer1,generators,r,0.7321660552478291,1.9969749457098025,0.9901967663412283,0.7323004655244525
cycle_none,1009,trained,ONE_END_layer1,generators,i,0.5925046129987787,2.4681551830947734,1.036713105770155,0.5927091112289795
cycle_none,1009,trained,ONE_END_layer1,composites,rc,0.7666480415879211,2.746457587742654,0.9997598964707838,0.7667651473614621
cycle_none,1009,trained,ONE_END_layer1,composites,ci,0.8549749389314496,2.2503542820207727,1.0009502016926302,0.8550477185733042
cycle_none,1009,trained,ONE_END_layer1,composites,ri,0.7987246730096179,2.250354282020773,1.000281230700854,0.7988256813877876
cycle_none,1009,trained,ONE_END_layer1,composites,rci,0.8525592809953878,1.5008630568588328,0.9998671144058733,0.8526332729154384
cycle_none,1009,trained,ONE_END_layer2,generators,c,0.6599177427111548,2.821296726645731,0.9854030899071162,0.6601286015716691
cycle_none,1009,trained,ONE_END_layer2,generators,r,0.6912238791955203,2.4852526557669115,1.0082603683827096,0.6914153275277735
cycle_none,1009,trained,ONE_END_layer2,generators,i,0.3146041955912774,1.7648017227035593,1.022686115770101,0.3150291568329223
cycle_none,1009,trained,ONE_END_layer2,composites,rc,0.7620969967880035,2.444090833342436,1.0001692949335477,0.7622445021491183
cycle_none,1009,trained,ONE_END_layer2,composites,ci,0.7654463558692569,2.5603239917603537,1.0002062588047336,0.7655917845503214
cycle_none,1009,trained,ONE_END_layer2,composites,ri,0.7188910942408002,2.5603239917603533,1.0002908387447047,0.7190653882601982
cycle_none,1009,trained,ONE_END_layer2,composites,rci,0.7945739075956427,1.3639100780206563,1.0000168287044349,0.7947012765213538
cycle_none,1009,trained,ONE_END_layer3,generators,c,0.6892409487906386,2.831017156611574,0.9882147943092904,0.6896873126155472
cycle_none,1009,trained,ONE_END_layer3,generators,r,0.741226679169062,2.5137255666516887,1.022820753183854,0.7415983724433877
cycle_none,1009,trained,ONE_END_layer3,generators,i,0.36040818804687946,1.6548429160257758,1.011994946823059,0.36132687616377457
cycle_none,1009,trained,ONE_END_layer3,composites,rc,0.8210910924592763,2.4199467410156226,1.0000898943645278,0.8213480711827257
cycle_none,1009,trained,ONE_END_layer3,composites,ci,0.7885373522334109,2.6055595476224074,1.000292379277186,0.7888410900518757
cycle_none,1009,trained,ONE_END_layer3,composites,ri,0.7472757010021723,2.605559547622408,1.0005744544321238,0.7476387056654605
cycle_none,1009,trained,ONE_END_layer3,composites,rci,0.8364878497873698,1.369348524450523,1.0000073293673253,0.8367227131276457
cycle_none,1009,trained,ONE_END_layer4,generators,c,0.7596028625438073,2.730560851052053,0.9921622660229907,0.760339145821202
cycle_none,1009,trained,ONE_END_layer4,generators,r,0.7925729738131893,2.540296901282235,1.0235080988937488,0.7932082769298453
cycle_none,1009,trained,ONE_END_layer4,generators,i,0.47741075346249295,1.788833541921441,1.0061917085132654,0.47901132877401087
cycle_none,1009,trained,ONE_END_layer4,composites,rc,0.9060983355115587,2.4522174752355665,1.0009909873189422,0.906385935547125
cycle_none,1009,trained,ONE_END_layer4,composites,ci,0.8446980814261743,2.5892269831662444,1.0002114728783675,0.8451737368636859
cycle_none,1009,trained,ONE_END_layer4,composites,ri,0.823819182572785,2.589226983166245,1.000300652530692,0.8243587854609145
cycle_none,1009,trained,ONE_END_layer4,composites,rci,0.899606795613417,1.3096372641762135,0.9999988566106093,0.8999142778003355
cycle_none,1009,trained,ONE_END_numeric_contrast,generators,c,0.8249593341224293,2.7277077383114414,0.9896968004811616,0.8249593341224293
cycle_none,1009,trained,ONE_END_numeric_contrast,generators,r,0.8328600996409871,2.5667801153249155,1.024184135434498,0.8328600996409872
cycle_none,1009,trained,ONE_END_numeric_contrast,generators,i,0.5707098345698491,1.799291738467631,1.0002216381956306,0.5707098345698494
cycle_none,1009,trained,ONE_END_numeric_contrast,composites,rc,0.9730203033085086,2.430385069701174,1.0006301283897963,0.9730203033085083
cycle_none,1009,trained,ONE_END_numeric_contrast,composites,ci,0.8845200467289664,2.611976707919484,1.0000607999068394,0.8845200467289666
cycle_none,1009,trained,ONE_END_numeric_contrast,composites,ri,0.8728004204488683,2.611976707919484,1.0002673185760087,0.8728004204488684
cycle_none,1009,trained,ONE_END_numeric_contrast,composites,rci,0.9592281836094085,1.2518819223558684,1.0000076053788174,0.9592281836094088
cycle_none,1009,trained,ONE_END_numeric_null,generators,c,0.7340064742331232,2.740390887218468,0.9951045205734154,0.7369394797685976
cycle_none,1009,trained,ONE_END_numeric_null,generators,r,0.763206656419331,2.4371165465311044,1.0091917091099656,0.7658176830805377
cycle_none,1009,trained,ONE_END_numeric_null,generators,i,0.394728527400788,1.749057268753476,1.0201386563238066,0.40140261683390516
cycle_none,1009,trained,ONE_END_numeric_null,composites,rc,0.8577232876824062,2.5365257893251156,1.0006306371190083,0.8592921167867748
cycle_none,1009,trained,ONE_END_numeric_null,composites,ci,0.8392758154441113,2.500101906375234,1.0001711058662945,0.8410480575377036
cycle_none,1009,trained,ONE_END_numeric_null,composites,ri,0.8018173794194551,2.500101906375234,1.000007169418622,0.8040026608902043
cycle_none,1009,trained,ONE_END_numeric_null,composites,rci,0.8695541127492034,1.5367056954213676,0.9999989849325498,0.8709924880189904
cycle_none,1009,trained,source_query_concat_layer1,generators,c,0.7079996010262521,2.8696861149943684,1.0171772071393914,0.7092104020610122
cycle_none,1009,trained,source_query_concat_layer1,generators,r,0.7193578282416743,2.9129739270964845,1.0073003622519132,0.7205215315556306
cycle_none,1009,trained,source_query_concat_layer1,generators,i,0.2947135765692173,1.114535851324731,0.97258007910358,0.29763809836539806
cycle_none,1009,trained,source_query_concat_layer1,composites,rc,0.889033506228093,1.9503609365390946,1.000259132835318,0.8894936369195406
cycle_none,1009,trained,source_query_concat_layer1,composites,ci,0.7358450234764201,2.8113573053513123,0.9998835116818574,0.7369403614281349
cycle_none,1009,trained,source_query_concat_layer1,composites,ri,0.7475276048289259,2.811357305351313,0.9998779110215789,0.7485745001016577
cycle_none,1009,trained,source_query_concat_layer1,composites,rci,0.8942818812100305,1.5297285593426972,0.9999989091828844,0.8947202491303268
cycle_none,1009,trained,source_query_concat_layer2,generators,c,0.5220294635900741,3.042207697159787,1.0228570870033395,0.5258161702099984
cycle_none,1009,trained,source_query_concat_layer2,generators,r,0.5225200185224076,3.1038131628545877,1.0311751641751274,0.5263028387362287
cycle_none,1009,trained,source_query_concat_layer2,generators,i,0.23971604384712145,1.3161297878916818,0.977623928541122,0.24573936970191246
cycle_none,1009,trained,source_query_concat_layer2,composites,rc,0.5858855239956388,1.7067263511382282,1.000540908358954,0.5891663329749337
cycle_none,1009,trained,source_query_concat_layer2,composites,ci,0.5443925695744215,3.0374454268864355,1.0005321909232627,0.5480021051868833
cycle_none,1009,trained,source_query_concat_layer2,composites,ri,0.5469940510793727,3.037445426886436,1.0013253056159919,0.550582976536007
cycle_none,1009,trained,source_query_concat_layer2,composites,rci,0.5839186350247086,0.7562321471828432,1.0000565120895377,0.5872150266203355
cycle_none,1009,trained,source_query_concat_layer3,generators,c,0.543739674304897,3.062118962847764,1.0167686506643487,0.5498287625730661
cycle_none,1009,trained,source_query_concat_layer3,generators,r,0.5542394727254957,3.0603017370678076,1.0301599289790722,0.5601884344128939
cycle_none,1009,trained,source_query_concat_layer3,generators,i,0.3243120542415357,1.4154534288469904,0.9816641235076026,0.33332954559845585
cycle_none,1009,trained,source_query_concat_layer3,composites,rc,0.6162541249948434,1.745746605495556,1.0006907359246644,0.6213754611572465
cycle_none,1009,trained,source_query_concat_layer3,composites,ci,0.5839061142305129,3.0341956863289807,1.0003784018337338,0.5894591554563435
cycle_none,1009,trained,source_query_concat_layer3,composites,ri,0.5835446851747118,3.0341956863289807,1.000675931167749,0.5891025499043614
cycle_none,1009,trained,source_query_concat_layer3,composites,rci,0.61291257245044,0.6479878930839197,1.0000366049773521,0.6180785037863652
cycle_none,1009,trained,source_query_concat_layer4,generators,c,0.7622167148054897,2.82253881556937,1.0042773857153966,0.7653195296418834
cycle_none,1009,trained,source_query_concat_layer4,generators,r,0.7659219232502869,2.817926626728682,1.0115483663533937,0.7689763891216764
cycle_none,1009,trained,source_query_concat_layer4,generators,i,0.6895542134602666,2.164572893889451,1.0028585520738995,0.6936051953935991
cycle_none,1009,trained,source_query_concat_layer4,composites,rc,0.8817774266231906,2.274630783649821,0.999944219661589,0.8833201034113011
cycle_none,1009,trained,source_query_concat_layer4,composites,ci,0.8714904986329645,2.8102043780280743,0.9998119018087968,0.8731674087115391
cycle_none,1009,trained,source_query_concat_layer4,composites,ri,0.8671511777055184,2.8102043780280743,1.0003395893935219,0.868884711231542
cycle_none,1009,trained,source_query_concat_layer4,composites,rci,0.8576419459289992,0.2999221241065277,0.9999707459140871,0.8594995646505604
cycle_none,1009,trained,source_query_concat_numeric_contrast,generators,c,0.7644675959283525,2.8290589518660543,1.0033517994074548,0.7647551993851553
cycle_none,1009,trained,source_query_concat_numeric_contrast,generators,r,0.7661768369736256,2.8245803407971906,1.0112206612824703,0.7664623533136465
cycle_none,1009,trained,source_query_concat_numeric_contrast,generators,i,0.7103774121362479,2.2110209277987907,1.0027123979200327,0.7107310639310661
cycle_none,1009,trained,source_query_concat_numeric_contrast,composites,rc,0.8945622676057859,2.2774202342055894,0.9998940646710276,0.8946910153100927
cycle_none,1009,trained,source_query_concat_numeric_contrast,composites,ci,0.8804900244047248,2.8216728108420828,0.9997959215879241,0.880635955416804
cycle_none,1009,trained,source_query_concat_numeric_contrast,composites,ri,0.8758054622586365,2.8216728108420828,1.0003804030743668,0.8759571134868878
cycle_none,1009,trained,source_query_concat_numeric_contrast,composites,rci,0.8695970286704526,0.21457392364820826,0.999967832422017,0.8697562608808975
cycle_none,1009,trained,source_query_concat_numeric_null,generators,c,0.7598496926547961,2.7185225166913383,1.0089903712736508,0.7785961939237472
cycle_none,1009,trained,source_query_concat_numeric_null,generators,r,0.7724778561161874,2.712767505134453,1.012549368816995,0.790238583579681
cycle_none,1009,trained,source_query_concat_numeric_null,generators,i,0.5062538544398766,1.592955836274169,1.0058159657465506,0.5447964357365872
cycle_none,1009,trained,source_query_concat_numeric_null,composites,rc,0.8403158895069074,2.245510500796116,1.0002249833693952,0.852781076052295
cycle_none,1009,trained,source_query_concat_numeric_null,composites,ci,0.8188224869790323,2.644550284648282,0.9997417631283807,0.8329654814865127
cycle_none,1009,trained,source_query_concat_numeric_null,composites,ri,0.8163587400536995,2.644550284648282,0.9999620016587518,0.8306940584244003
cycle_none,1009,trained,source_query_concat_numeric_null,composites,rci,0.846044354245257,1.4411430718073581,1.0000088223702177,0.8580623680483992
cycle_none,2027,random,ONE_END_layer1,generators,c,0.9579835185927998,2.405651117055679,1.0055203815251625,0.9638675967786099
cycle_none,2027,random,ONE_END_layer1,generators,r,0.957090485999924,2.3944407068657556,1.0072031896391547,0.9630996263856844
cycle_none,2027,random,ONE_END_layer1,generators,i,0.9423834941695199,2.159484434107774,1.0066679664301585,0.950452233239175
cycle_none,2027,random,ONE_END_layer1,composites,rc,1.0023043156915965,2.3293124228622446,0.9999645897534359,1.0019816143791584
cycle_none,2027,random,ONE_END_layer1,composites,ci,0.9938241631361007,2.2746210696858062,1.0000169359115882,0.9946890405783075
cycle_none,2027,random,ONE_END_layer1,composites,ri,0.9943070756808631,2.2746210696858062,0.9999886357065292,0.9951043250144058
cycle_none,2027,random,ONE_END_layer1,composites,rci,1.0000730703048226,2.1618691797369354,1.0000012946672028,1.0000628373825926
cycle_none,2027,random,ONE_END_layer2,generators,c,0.9592907016345013,2.1248255502774303,1.0045777263379343,0.9603847423888059
cycle_none,2027,random,ONE_END_layer2,generators,r,0.22050737617821123,3.734544064401723,1.0071476970343634,0.24145582609950836
cycle_none,2027,random,ONE_END_layer2,generators,i,0.9195212924979623,1.9884145707507894,1.0030042605093925,0.9216841149831468
cycle_none,2027,random,ONE_END_layer2,composites,rc,0.972169633647241,1.9871746499492757,1.0000487551715977,0.9729175599495755
cycle_none,2027,random,ONE_END_layer2,composites,ci,0.9534798423824209,2.08388007731081,0.9998664148523161,0.9547300468903284
cycle_none,2027,random,ONE_END_layer2,composites,ri,0.9843082977821432,2.08388007731081,1.0001347301404653,0.9847300039382311
cycle_none,2027,random,ONE_END_layer2,composites,rci,0.984008568603699,1.9972810099991627,1.0000019770929736,0.9844383298221348
cycle_none,2027,random,ONE_END_layer3,generators,c,0.9403257752362343,2.147859317824584,1.0048064545297175,0.9418088094183622
cycle_none,2027,random,ONE_END_layer3,generators,r,0.2202080862215074,3.6512703493273686,1.0021868255179371,0.23958761008894353
cycle_none,2027,random,ONE_END_layer3,generators,i,0.9155822709071685,1.9999734968718532,1.0036977596944643,0.9176802349497324
cycle_none,2027,random,ONE_END_layer3,composites,rc,0.9600425945083181,2.000575191639016,1.0000706358490703,0.9610356228787392
cycle_none,2027,random,ONE_END_layer3,composites,ci,0.9483326562137655,2.0937353862431003,0.9999296581684034,0.949616702001341
cycle_none,2027,random,ONE_END_layer3,composites,ri,0.9771971752439895,2.0937353862431003,1.000089386638853,0.977763874999137
cycle_none,2027,random,ONE_END_layer3,composites,rci,0.9759298356764512,2.012850871850976,1.0000024298233428,0.9765280315743047
cycle_none,2027,random,ONE_END_layer4,generators,c,0.934576458595282,2.1514362978555863,1.0040175424346383,0.9362156775183362
cycle_none,2027,random,ONE_END_layer4,generators,r,0.23348903252797537,3.6081347827754087,1.001096668287839,0.25269434082573305
cycle_none,2027,random,ONE_END_layer4,generators,i,0.9167210257964568,2.021018083432509,1.003934193025316,0.9188076213471701
cycle_none,2027,random,ONE_END_layer4,composites,rc,0.9569146788801646,2.013625740524457,1.0000673478569642,0.9579942027360898
cycle_none,2027,random,ONE_END_layer4,composites,ci,0.9487004044727643,2.0928986384388284,0.9999913354783194,0.9499857410034341
cycle_none,2027,random,ONE_END_layer4,composites,ri,0.9709120086490532,2.0928986384388284,1.0001077595272736,0.9716408225413058
cycle_none,2027,random,ONE_END_layer4,composites,rci,0.973982450694755,2.0199878185343825,1.0000082485656236,0.9746343331553637
cycle_none,2027,random,ONE_END_numeric_contrast,generators,c,0.9712293066614427,2.1523939727242567,1.0015499683650855,0.9712293066614428
cycle_none,2027,random,ONE_END_numeric_contrast,generators,r,0.3373573785038795,3.587884701683624,0.997299897456307,0.33735737850387965
cycle_none,2027,random,ONE_END_numeric_contrast,generators,i,0.9585094463636418,2.0075609710108058,1.003454034637388,0.958509446363642
cycle_none,2027,random,ONE_END_numeric_contrast,composites,rc,0.9858004133328435,2.027650778959176,1.0000811272691903,0.9858004133328433
cycle_none,2027,random,ONE_END_numeric_contrast,composites,ci,0.9749220818808643,2.0976174381259005,1.0000525926396489,0.9749220818808644
cycle_none,2027,random,ONE_END_numeric_contrast,composites,ri,0.9832239868454177,2.0976174381259014,0.9999861877370984,0.9832239868454176
cycle_none,2027,random,ONE_END_numeric_contrast,composites,rci,0.9891995718829645,2.0292746993703354,1.0000010527660843,0.9891995718829646
cycle_none,2027,random,ONE_END_numeric_null,generators,c,0.9352146388383834,2.151850676670127,1.0041078620041155,0.9367628740212424
cycle_none,2027,random,ONE_END_numeric_null,generators,r,0.23580196319473007,3.6075849653017635,1.0016707220674623,0.2540647044381098
cycle_none,2027,random,ONE_END_numeric_null,generators,i,0.9162648659073577,2.0233671443950394,1.003948224377527,0.9182659611905997
cycle_none,2027,random,ONE_END_numeric_null,composites,rc,0.9561521230404024,2.0124029151889546,1.000059344559802,0.9571999959639346
cycle_none,2027,random,ONE_END_numeric_null,composites,ci,0.9487802059441096,2.092900608698698,0.9999766651937884,0.9500042523304266
cycle_none,2027,random,ONE_END_numeric_null,composites,ri,0.9708339302041016,2.0929006086986983,1.0001141781409693,0.9715309385188516
cycle_none,2027,random,ONE_END_numeric_null,composites,rci,0.974287630773618,2.0189930810467196,1.0000083987625554,0.9749021028388679
cycle_none,2027,random,source_query_concat_layer1,generators,c,0.9543651726147659,2.429215252508148,1.0055546709351764,0.9606854413216129
cycle_none,2027,random,source_query_concat_layer1,generators,r,0.9664993751532881,2.3650853837739634,1.0074294878577563,0.9711390979924065
cycle_none,2027,random,source_query_concat_layer1,generators,i,0.9446173970033349,2.1476678947342154,1.0065423403364644,0.9522876995481149
cycle_none,2027,random,source_query_concat_layer1,composites,rc,1.0029262079794372,2.3305728890600927,1.0000620797863047,1.0025209381059248
cycle_none,2027,random,source_query_concat_layer1,composites,ci,0.9981209087549278,2.2802361757497938,0.9999666866278958,0.9983811565146765
cycle_none,2027,random,source_query_concat_layer1,composites,ri,0.998022359685179,2.2802361757497938,1.0000454487545278,0.9982962561566098
cycle_none,2027,random,source_query_concat_layer1,composites,rci,1.000169836919632,2.166986228423994,1.000006995347448,1.0001463150826948
cycle_none,2027,random,source_query_concat_layer2,generators,c,0.9582878651157521,2.127804461209918,1.0036857390607465,0.9593726772604847
cycle_none,2027,random,source_query_concat_layer2,generators,r,0.22327647985180935,3.7288298616426263,1.0081496403945962,0.2434768150802595
cycle_none,2027,random,source_query_concat_layer2,generators,i,0.9209426666259244,1.9810623255653472,1.0040390447625298,0.9229987195134679
cycle_none,2027,random,source_query_concat_layer2,composites,rc,0.9710274268781716,1.9857301998381391,1.000038402991162,0.971780919819109
cycle_none,2027,random,source_query_concat_layer2,composites,ci,0.9554734249868607,2.0926081075959373,0.9998673891020192,0.9566314325899633
cycle_none,2027,random,source_query_concat_layer2,composites,ri,0.98145400852543,2.0926081075959373,1.0001319614889608,0.9819363361944297
cycle_none,2027,random,source_query_concat_layer2,composites,rci,0.9849048710980594,1.991356936552095,0.9999982555884867,0.9852974517992048
cycle_none,2027,random,source_query_concat_layer3,generators,c,0.9472995643533563,2.143660948617081,1.0039522209150307,0.9485396472912793
cycle_none,2027,random,source_query_concat_layer3,generators,r,0.22192621939759474,3.644374073831615,1.0038496539222699,0.24023491092796206
cycle_none,2027,random,source_query_concat_layer3,generators,i,0.9206962741033068,2.005355291593803,1.0041341494378604,0.922562353504578
cycle_none,2027,random,source_query_concat_layer3,composites,rc,0.9646352919724352,2.0064110478816564,1.0000249091254991,0.9654674515265548
cycle_none,2027,random,source_query_concat_layer3,composites,ci,0.9510275466716983,2.095027364448119,0.9999353228584488,0.9521799072367579
cycle_none,2027,random,source_query_concat_layer3,composites,ri,0.9758536989014313,2.095027364448119,1.0001151625806395,0.9764218804665147
cycle_none,2027,random,source_query_concat_layer3,composites,rci,0.9775423234264979,2.010143909179605,0.9999996523491618,0.9780707703207691
cycle_none,2027,random,source_query_concat_layer4,generators,c,0.937249221546092,2.153210659965378,1.003652923807028,0.9387206313120902
cycle_none,2027,random,source_query_concat_layer4,generators,r,0.23614165314551386,3.600997538078339,1.0014059381901852,0.25405296291877044
cycle_none,2027,random,source_query_concat_layer4,generators,i,0.9184225315585673,2.0247709526705724,1.005032030357811,0.9203353984059214
cycle_none,2027,random,source_query_concat_layer4,composites,rc,0.9568083713853331,2.01427156326078,1.000040457311844,0.9578211490068836
cycle_none,2027,random,source_query_concat_layer4,composites,ci,0.9491979937235292,2.0940331190495263,1.000027828313014,0.95038922305979
cycle_none,2027,random,source_query_concat_layer4,composites,ri,0.9701977736217435,2.0940331190495263,1.0001061588135345,0.9708965902423797
cycle_none,2027,random,source_query_concat_layer4,composites,rci,0.9735783055510268,2.0186830479258773,1.0000074619466335,0.9741978538690608
cycle_none,2027,random,source_query_concat_numeric_contrast,generators,c,0.9329062650031912,2.1526842356478793,1.0030998167179714,0.9329070820478713
cycle_none,2027,random,source_query_concat_numeric_contrast,generators,r,0.31452488774918985,3.5887577908687853,0.9992994491638054,0.3145332352319167
cycle_none,2027,random,source_query_concat_numeric_contrast,generators,i,0.9256619842071385,2.0088822566376363,1.0062726181886696,0.9256628894702058
cycle_none,2027,random,source_query_concat_numeric_contrast,composites,rc,0.9482737160965937,2.0222825134073066,1.0000862044929235,0.9482743460016825
cycle_none,2027,random,source_query_concat_numeric_contrast,composites,ci,0.9572203893991068,2.09957669893429,1.0000251749649516,0.9572209103546515
cycle_none,2027,random,source_query_concat_numeric_contrast,composites,ri,0.9862144161680221,2.09957669893429,0.9999778208884411,0.9862145840441723
cycle_none,2027,random,source_query_concat_numeric_contrast,composites,rci,0.9876806976076686,2.0282398055698128,1.0000045179237826,0.9876808476279422
cycle_none,2027,random,source_query_concat_numeric_null,generators,c,0.9369351705672292,2.153910929056048,1.0035140228794823,0.938356018798859
cycle_none,2027,random,source_query_concat_numeric_null,generators,r,0.23797937324634708,3.5992882851624457,1.0015435648957127,0.255147669263743
cycle_none,2027,random,source_query_concat_numeric_null,generators,i,0.9206836786458116,2.0277787730709416,1.005094997467595,0.9224706723782792
cycle_none,2027,random,source_query_concat_numeric_null,composites,rc,0.9565553881293536,2.0138692462051324,1.000025701197577,0.9575341935983521
cycle_none,2027,random,source_query_concat_numeric_null,composites,ci,0.9508934455475685,2.0936968031242125,1.0000248499162163,0.9519998143696637
cycle_none,2027,random,source_query_concat_numeric_null,composites,ri,0.9700778818805592,2.0936968031242125,1.0001045799022086,0.9707520260747009
cycle_none,2027,random,source_query_concat_numeric_null,composites,rci,0.9740884160322003,2.017759160257007,1.0000064463101346,0.9746722030429719
cycle_none,2027,trained,ONE_END_layer1,generators,c,0.7922923872114179,2.338528943174377,1.002990499485463,0.7925052312444456
cycle_none,2027,trained,ONE_END_layer1,generators,r,0.8393821468563646,2.527665616788864,0.9936071885387314,0.8395467366428456
cycle_none,2027,trained,ONE_END_layer1,generators,i,0.5865754214765929,2.4082314723125,0.9963475935402721,0.5869990696687041
cycle_none,2027,trained,ONE_END_layer1,composites,rc,0.8930153471247126,2.6945538043735313,1.000120090776142,0.8931249774106916
cycle_none,2027,trained,ONE_END_layer1,composites,ci,0.8856352847178895,2.2933093214623783,0.999981812632285,0.8857524775685025
cycle_none,2027,trained,ONE_END_layer1,composites,ri,0.9184232151354853,2.293309321462378,1.0000195937932057,0.9185068092400003
cycle_none,2027,trained,ONE_END_layer1,composites,rci,0.9344725311895941,1.4444015204259693,0.9999786969174935,0.9345396790930746
cycle_none,2027,trained,ONE_END_layer2,generators,c,0.7887498600948646,2.4716013873563876,1.0003933617776033,0.7890688665595514
cycle_none,2027,trained,ONE_END_layer2,generators,r,0.7759509449436188,2.615477848399184,0.9998207880112399,0.7762892789063893
cycle_none,2027,trained,ONE_END_layer2,generators,i,0.543483937104444,2.291130569223924,1.0159435229930316,0.544173316885979
cycle_none,2027,trained,ONE_END_layer2,composites,rc,0.8109437917508912,2.5373014321723066,0.9997966785034498,0.8112292834085426
cycle_none,2027,trained,ONE_END_layer2,composites,ci,0.8244607563064281,2.4217657969932382,1.0000871207130722,0.8247258361476514
cycle_none,2027,trained,ONE_END_layer2,composites,ri,0.8387842664047802,2.4217657969932382,0.9998365956603119,0.8390277164742058
cycle_none,2027,trained,ONE_END_layer2,composites,rci,0.8374499111410986,1.2409571688617218,1.000009243734346,0.837695376205428
cycle_none,2027,trained,ONE_END_layer3,generators,c,0.8015613983651598,2.548259549643546,1.0006299236741407,0.8020479289959053
cycle_none,2027,trained,ONE_END_layer3,generators,r,0.7897705282837469,2.656775054682066,1.003820996464911,0.7902859677024524
cycle_none,2027,trained,ONE_END_layer3,generators,i,0.5800439062915894,2.1580043699676508,1.0156192319644122,0.5810735522449171
cycle_none,2027,trained,ONE_END_layer3,composites,rc,0.8472513380371351,2.411321687960154,0.9996781099673849,0.8476258463346038
cycle_none,2027,trained,ONE_END_layer3,composites,ci,0.8398445973584387,2.4788704447872165,1.000034039871256,0.8402372654604239
cycle_none,2027,trained,ONE_END_layer3,composites,ri,0.8551345979264556,2.4788704447872165,0.9995073756005677,0.8554897780923274
cycle_none,2027,trained,ONE_END_layer3,composites,rci,0.8599581782381763,1.26789844817215,0.9999909015062177,0.8603015319773741
cycle_none,2027,trained,ONE_END_layer4,generators,c,0.847731239679818,2.5774240160245796,1.0056829925514985,0.8486401283708644
cycle_none,2027,trained,ONE_END_layer4,generators,r,0.840112531593588,2.62675348368316,0.9980372239229396,0.8410668961761134
cycle_none,2027,trained,ONE_END_layer4,generators,i,0.7019944952626425,2.0456762891639544,1.023304533275339,0.7037732831936393
cycle_none,2027,trained,ONE_END_layer4,composites,rc,0.9237660943939249,2.3414912905070704,0.9996431448221051,0.924221132804522
cycle_none,2027,trained,ONE_END_layer4,composites,ci,0.8997950462049814,2.5246370981033865,0.9999845991878219,0.9003931672450399
cycle_none,2027,trained,ONE_END_layer4,composites,ri,0.90693890145392,2.5246370981033865,0.9998523641362602,0.907494380988048
cycle_none,2027,trained,ONE_END_layer4,composites,rci,0.9289578618808397,1.3593807244144622,0.9999810134857275,0.929381910751984
cycle_none,2027,trained,ONE_END_numeric_contrast,generators,c,0.865012886090086,2.59150182638842,1.0047592953972673,0.8650128860900859
cycle_none,2027,trained,ONE_END_numeric_contrast,generators,r,0.8517331303694022,2.64155315183594,0.9983417953251738,0.8517331303694023
cycle_none,2027,trained,ONE_END_numeric_contrast,generators,i,0.7641803376635047,2.031808014964412,1.0210224740988916,0.7641803376635045
cycle_none,2027,trained,ONE_END_numeric_contrast,composites,rc,0.9631576506987494,2.316690735929965,0.9997008025352535,0.9631576506987493
cycle_none,2027,trained,ONE_END_numeric_contrast,composites,ci,0.923822035291147,2.5491521406216426,0.9999366384634469,0.9238220352911471
cycle_none,2027,trained,ONE_END_numeric_contrast,composites,ri,0.9286393167381451,2.549152140621643,0.9997417323847715,0.928639316738145
cycle_none,2027,trained,ONE_END_numeric_contrast,composites,rci,0.9588589492967974,1.3201419896379771,0.9999891606322737,0.9588589492967974
cycle_none,2027,trained,ONE_END_numeric_null,generators,c,0.8480880741027964,2.499865507626707,1.0019758347758392,0.8524257627316497
cycle_none,2027,trained,ONE_END_numeric_null,generators,r,0.8575518154609769,2.543860370467011,0.9999186284426503,0.8616192766996279
cycle_none,2027,trained,ONE_END_numeric_null,generators,i,0.6710480244966982,2.1205949558230484,1.0129183610062522,0.6804409094539002
cycle_none,2027,trained,ONE_END_numeric_null,composites,rc,0.8996199606140883,2.4764696632169714,0.9999692695583896,0.9024862092830882
cycle_none,2027,trained,ONE_END_numeric_null,composites,ci,0.9055482503570879,2.388923968319497,1.00015018770377,0.908245222816502
cycle_none,2027,trained,ONE_END_numeric_null,composites,ri,0.9143780411631187,2.3889239683194967,1.0003621124796274,0.9168228880376043
cycle_none,2027,trained,ONE_END_numeric_null,composites,rci,0.917887085634372,1.581361566227269,0.9999805569512449,0.9202317353570463
cycle_none,2027,trained,source_query_concat_layer1,generators,c,0.7156586030814714,2.869337724630688,0.9989379371142605,0.7168117330355056
cycle_none,2027,trained,source_query_concat_layer1,generators,r,0.7134281326984632,2.892241508702959,0.9902805074843862,0.7145903081950674
cycle_none,2027,trained,source_query_concat_layer1,generators,i,0.281892553032159,1.3156147136752745,0.9991352745499285,0.28480479590740587
cycle_none,2027,trained,source_query_concat_layer1,composites,rc,0.8758881049538315,2.0105980011212985,0.999820281516562,0.8763914335066932
cycle_none,2027,trained,source_query_concat_layer1,composites,ci,0.7345084267633111,2.781309087985662,0.9994635289110471,0.7355851123566179
cycle_none,2027,trained,source_query_concat_layer1,composites,ri,0.7457614095235192,2.781309087985662,1.000091031427752,0.7467924593014518
cycle_none,2027,trained,source_query_concat_layer1,composites,rci,0.8809577032610085,1.3495898758984557,0.9999925178410725,0.8814404723535656
cycle_none,2027,trained,source_query_concat_layer2,generators,c,0.5135451904639848,3.081235452669813,0.9932830118826413,0.5175558811299492
cycle_none,2027,trained,source_query_concat_layer2,generators,r,0.510931463763973,3.118387819268886,0.9975206094943186,0.5149637039121784
cycle_none,2027,trained,source_query_concat_layer2,generators,i,0.26384332877914596,1.3306596881458137,1.01966478772864,0.2699127449552731
cycle_none,2027,trained,source_query_concat_layer2,composites,rc,0.5514031304159758,1.6633987052281467,0.9994725451568365,0.5551016924249269
cycle_none,2027,trained,source_query_concat_layer2,composites,ci,0.5310339112475574,3.064792628820745,1.0000856584567914,0.5349004120569691
cycle_none,2027,trained,source_query_concat_layer2,composites,ri,0.533444943561162,3.064792628820745,0.9999954975336394,0.5372915660496979
cycle_none,2027,trained,source_query_concat_layer2,composites,rci,0.5508046091896351,0.6767330770458508,1.0000238357579703,0.5545081058470857
cycle_none,2027,trained,source_query_concat_layer3,generators,c,0.5156156481975648,3.1324718675193597,0.9956436622861115,0.5222572514753006
cycle_none,2027,trained,source_query_concat_layer3,generators,r,0.5100962288403657,3.138903504759302,0.9957986858909381,0.5168135112633042
cycle_none,2027,trained,source_query_concat_layer3,generators,i,0.3248642177028513,1.3493060662876288,1.0196197233714233,0.33412129631807935
cycle_none,2027,trained,source_query_concat_layer3,composites,rc,0.5684482253056057,1.60506414726883,0.9996014808197502,0.5743654182757287
cycle_none,2027,trained,source_query_concat_layer3,composites,ci,0.5455437712263449,3.107093789740094,0.9994460685690133,0.5517750170694014
cycle_none,2027,trained,source_query_concat_layer3,composites,ri,0.548008300331592,3.107093789740094,0.9998288662216388,0.5542057539505137
cycle_none,2027,trained,source_query_concat_layer3,composites,rci,0.563243975038541,0.560066834684691,1.0000411987397635,0.5692325257342042
cycle_none,2027,trained,source_query_concat_layer4,generators,c,0.7708028724563923,2.8114977127157017,0.9983924316321148,0.7737840188367276
cycle_none,2027,trained,source_query_concat_layer4,generators,r,0.7663931658876418,2.819792717720561,0.9907641789637371,0.7694316689238683
cycle_none,2027,trained,source_query_concat_layer4,generators,i,0.7025547050670353,2.208121858785272,1.0045387442010727,0.7064235492093706
cycle_none,2027,trained,source_query_concat_layer4,composites,rc,0.8835604057480753,2.278120351082476,0.9998292498097113,0.8850749250557649
cycle_none,2027,trained,source_query_concat_layer4,composites,ci,0.8746680756803047,2.8051032318898836,0.9996623425404036,0.8762982567237169
cycle_none,2027,trained,source_query_concat_layer4,composites,ri,0.8735827941773274,2.805103231889884,1.0001552666541809,0.8752270913794321
cycle_none,2027,trained,source_query_concat_layer4,composites,rci,0.8586628098478116,0.2722608959162203,0.9999637367492983,0.8605011699413464
cycle_none,2027,trained,source_query_concat_numeric_contrast,generators,c,0.7741074440840151,2.8156369476392102,0.9982774180390128,0.7743710171615652
cycle_none,2027,trained,source_query_concat_numeric_contrast,generators,r,0.7671161226065557,2.825766606363327,0.9901269159686772,0.7673878532088655
cycle_none,2027,trained,source_query_concat_numeric_contrast,generators,i,0.7165480589533003,2.2364269435732074,1.0043482540467534,0.7168787927401498
cycle_none,2027,trained,source_query_concat_numeric_contrast,composites,rc,0.8958563844754077,2.281596453324229,0.9997724593556466,0.8959779000036183
cycle_none,2027,trained,source_query_concat_numeric_contrast,composites,ci,0.8824949405206624,2.8150759882023046,0.9996789930603329,0.8826320462788801
cycle_none,2027,trained,source_query_concat_numeric_contrast,composites,ri,0.8827591418103468,2.8150759882023046,1.000054420789427,0.882895939296578
cycle_none,2027,trained,source_query_concat_numeric_contrast,composites,rci,0.8713628525420702,0.21042107269541846,0.9999636305526385,0.8715129473015245
cycle_none,2027,trained,source_query_concat_numeric_null,generators,c,0.7776578374089945,2.728562969885122,1.000655254199579,0.797606907556084
cycle_none,2027,trained,source_query_concat_numeric_null,generators,r,0.7784680442004267,2.7111872796592102,0.9982499772819051,0.79834442065808
cycle_none,2027,trained,source_query_concat_numeric_null,generators,i,0.5484675831398359,1.7961111950869868,1.0056047123818035,0.5889801505839052
cycle_none,2027,trained,source_query_concat_numeric_null,composites,rc,0.8319913866351573,2.2314562307093224,1.0004886512041855,0.8470655209076378
cycle_none,2027,trained,source_query_concat_numeric_null,composites,ci,0.8341946324441697,2.6349100509054115,0.9997470968543956,0.8490710862376843
cycle_none,2027,trained,source_query_concat_numeric_null,composites,ri,0.8301563517687809,2.6349100509054115,1.000322593962593,0.8453951297545594
cycle_none,2027,trained,source_query_concat_numeric_null,composites,rci,0.8272253589665544,1.2628622228485356,0.9999910776970453,0.8427271126305885
cycle_none,3037,random,ONE_END_layer1,generators,c,0.9619556458695724,2.369853437976392,1.0035505590315072,0.9672040699491654
cycle_none,3037,random,ONE_END_layer1,generators,r,0.9658647227848358,2.363972065349606,1.0068195938274165,0.9705738685962078
cycle_none,3037,random,ONE_END_layer1,generators,i,0.9644326047843257,2.188064269842759,1.004568877153984,0.9693393190068454
cycle_none,3037,random,ONE_END_layer1,composites,rc,1.0009585757656447,2.322724040562947,1.0000466992619077,1.0008263350627726
cycle_none,3037,random,ONE_END_layer1,composites,ci,0.9992728990856352,2.291542307358838,0.9999114334980445,0.9993732065828832
cycle_none,3037,random,ONE_END_layer1,composites,ri,0.999635472424543,2.291542307358838,0.9999164017868862,0.999685760971909
cycle_none,3037,random,ONE_END_layer1,composites,rci,1.00003358455822,2.172301571550623,0.9999970161167613,1.0000289513870677
cycle_none,3037,random,ONE_END_layer2,generators,c,0.9569636891911275,2.0687395055806492,1.001151943513047,0.9579753197824444
cycle_none,3037,random,ONE_END_layer2,generators,r,0.20675698822347308,3.7452691495491472,1.0075233805784285,0.2254033099452699
cycle_none,3037,random,ONE_END_layer2,generators,i,0.9324610735162038,1.9842150346277296,1.0023849736710808,0.9340486734487154
cycle_none,3037,random,ONE_END_layer2,composites,rc,0.9736532530554673,2.0353238718132998,0.9999907267231594,0.9742725713634225
cycle_none,3037,random,ONE_END_layer2,composites,ci,0.9634147590447195,2.0849040275222346,0.9999849789314652,0.9642747479295807
cycle_none,3037,random,ONE_END_layer2,composites,ri,0.9934036508277865,2.0849040275222346,0.9999633576074903,0.9935587075342792
cycle_none,3037,random,ONE_END_layer2,composites,rci,0.991648047813465,1.9966443833847043,0.9999970973306783,0.9918443725023224
cycle_none,3037,random,ONE_END_layer3,generators,c,0.9547616865212593,2.080493087555987,1.0015930990398503,0.9557401654273406
cycle_none,3037,random,ONE_END_layer3,generators,r,0.19884821308629375,3.660405399018995,1.0093941425421407,0.21617666907377905
cycle_none,3037,random,ONE_END_layer3,generators,i,0.9381685604628245,2.005438404326731,1.0024055583946385,0.9395059392169685
cycle_none,3037,random,ONE_END_layer3,composites,rc,0.974652774260061,2.056932044095527,1.000002193613973,0.9752010202888584
cycle_none,3037,random,ONE_END_layer3,composites,ci,0.9657998664696642,2.099584356481603,0.9999391745223604,0.9665395958422086
cycle_none,3037,random,ONE_END_layer3,composites,ri,0.9874555966201146,2.099584356481603,1.0000397864029158,0.9877269249069741
cycle_none,3037,random,ONE_END_layer3,composites,rci,0.9865501527238648,1.9975623520395542,0.9999993006462917,0.986841065245524
cycle_none,3037,random,ONE_END_layer4,generators,c,0.9493928372426548,2.097600320986338,1.001583362011337,0.9504358258802289
cycle_none,3037,random,ONE_END_layer4,generators,r,0.21892513760998986,3.594322338077437,1.0127468833497368,0.23502270487480004
cycle_none,3037,random,ONE_END_layer4,generators,i,0.9386606622940659,2.0240295194900373,1.0028438330194367,0.9399248357584108
cycle_none,3037,random,ONE_END_layer4,composites,rc,0.970232193668114,2.065795972377973,1.0000319400215834,0.970845693459014
cycle_none,3037,random,ONE_END_layer4,composites,ci,0.9684666312395064,2.1053173731398123,0.99997641597186,0.9691165184003285
cycle_none,3037,random,ONE_END_layer4,composites,ri,0.9834128218957778,2.1053173731398123,1.000049971255706,0.9837546754467286
cycle_none,3037,random,ONE_END_layer4,composites,rci,0.9861142461468594,2.007617102788589,0.999998360061746,0.9864004246778002
cycle_none,3037,random,ONE_END_numeric_contrast,generators,c,0.9690783689339049,2.096582281974074,1.0007659040618833,0.9690783689339052
cycle_none,3037,random,ONE_END_numeric_contrast,generators,r,0.3304949371007716,3.584357932696778,1.0036385282678917,0.33049493710077166
cycle_none,3037,random,ONE_END_numeric_contrast,generators,i,0.9588778268700326,2.000557699409676,0.9999935885130148,0.9588778268700328
cycle_none,3037,random,ONE_END_numeric_contrast,composites,rc,0.9853157871197995,2.080402117598496,0.9999188450776274,0.9853157871197995
cycle_none,3037,random,ONE_END_numeric_contrast,composites,ci,0.9777419183564405,2.1204280573223278,0.9999034625530205,0.9777419183564404
cycle_none,3037,random,ONE_END_numeric_contrast,composites,ri,0.9912770659572885,2.1204280573223278,1.0000182520858834,0.9912770659572887
cycle_none,3037,random,ONE_END_numeric_contrast,composites,rci,0.9916197587279987,1.997243853676318,0.9999983102143513,0.9916197587279988
cycle_none,3037,random,ONE_END_numeric_null,generators,c,0.9514744264662189,2.098475028282925,1.0013888704614444,0.9524089998178176
cycle_none,3037,random,ONE_END_numeric_null,generators,r,0.2217312874309992,3.59257897749609,1.0138158296464406,0.2367202746017285
cycle_none,3037,random,ONE_END_numeric_null,generators,i,0.9402733191216348,2.0272113564925287,1.0028253634393869,0.941423619061717
cycle_none,3037,random,ONE_END_numeric_null,composites,rc,0.9706583477232731,2.064537884394976,1.0000413038489144,0.971223450293171
cycle_none,3037,random,ONE_END_numeric_null,composites,ci,0.9715325982991823,2.1039512955204924,0.9999865062027326,0.9720808633289674
cycle_none,3037,random,ONE_END_numeric_null,composites,ri,0.9856371707966564,2.103951295520493,1.0000387115823666,0.9859137902459382
cycle_none,3037,random,ONE_END_numeric_null,composites,rci,0.9873059156693055,2.009294162292498,0.9999986169484358,0.9875503960963149
cycle_none,3037,random,source_query_concat_layer1,generators,c,0.9659853880913973,2.3492029013135514,1.007947716703983,0.9707308813771437
cycle_none,3037,random,source_query_concat_layer1,generators,r,0.9632699823943073,2.393555244337888,1.0074454449163301,0.9683943110916774
cycle_none,3037,random,source_query_concat_layer1,generators,i,0.9409171627550107,2.183736880960745,1.0050772713815743,0.949160008747266
cycle_none,3037,random,source_query_concat_layer1,composites,rc,1.002165356494063,2.3264054225474515,0.9999399129715593,1.0018632603028308
cycle_none,3037,random,source_query_concat_layer1,composites,ci,0.9964151416836853,2.283925062821604,1.000070233852107,0.9969152773640845
cycle_none,3037,random,source_query_concat_layer1,composites,ri,0.9967197120945684,2.2839250628216035,1.0000704028701604,0.9971773561292077
cycle_none,3037,random,source_query_concat_layer1,composites,rci,1.0002550998984179,2.1792494251971575,0.9999940848235426,1.0002195100507845
cycle_none,3037,random,source_query_concat_layer2,generators,c,0.9625343399525158,2.0752369554130325,1.001809044553743,0.9635075272272403
cycle_none,3037,random,source_query_concat_layer2,generators,r,0.21496419830813385,3.7366524667770773,1.0079109065546175,0.23535585433237846
cycle_none,3037,random,source_query_concat_layer2,generators,i,0.9474842750911732,1.992673139064612,1.0026920233185042,0.9488483945311996
cycle_none,3037,random,source_query_concat_layer2,composites,rc,0.9771461636955848,2.034888301765388,1.000012758148185,0.9777398023140398
cycle_none,3037,random,source_query_concat_layer2,composites,ci,0.9678296004254825,2.0818949743913646,1.0000477661330778,0.9686652409413321
cycle_none,3037,random,source_query_concat_layer2,composites,ri,0.9951810589773729,2.0818949743913646,0.9999813582566778,0.9953062331255109
cycle_none,3037,random,source_query_concat_layer2,composites,rci,0.9923685475605626,1.9967591881971594,0.9999972340692329,0.9925667779505333
cycle_none,3037,random,source_query_concat_layer3,generators,c,0.9559597742014541,2.082946110025307,1.0018541457658412,0.9569943189447128
cycle_none,3037,random,source_query_concat_layer3,generators,r,0.2108328458546662,3.652186115449498,1.0103213523828363,0.22937109619443383
cycle_none,3037,random,source_query_concat_layer3,generators,i,0.9485483689784087,2.0136354110929164,1.0023862184688304,0.9497570143347914
cycle_none,3037,random,source_query_concat_layer3,composites,rc,0.9750408291667316,2.058734531285344,0.9999718096450855,0.975627142667933
cycle_none,3037,random,source_query_concat_layer3,composites,ci,0.9694236216235189,2.097062772259508,0.9999761338367911,0.9701418884112954
cycle_none,3037,random,source_query_concat_layer3,composites,ri,0.9898741053418775,2.0970627722595077,1.000065513517928,0.9901119717673874
cycle_none,3037,random,source_query_concat_layer3,composites,rci,0.9872540444103747,1.9983722876279189,0.9999989286433341,0.9875534584373002
cycle_none,3037,random,source_query_concat_layer4,generators,c,0.9532430790917947,2.09966912232479,1.001962244691887,0.9542729007832552
cycle_none,3037,random,source_query_concat_layer4,generators,r,0.2306877373366862,3.58839416291169,1.0133289723812136,0.24763184828771712
cycle_none,3037,random,source_query_concat_layer4,generators,i,0.951654157710339,2.0338214732581936,1.002509739649283,0.9527189754125047
cycle_none,3037,random,source_query_concat_layer4,composites,rc,0.975599589070553,2.066352159158566,0.9999902321228714,0.976137008386616
cycle_none,3037,random,source_query_concat_layer4,composites,ci,0.9736661095884019,2.1010799614018083,0.9999959933516371,0.9742461138110847
cycle_none,3037,random,source_query_concat_layer4,composites,ri,0.9885383695475857,2.101079961401808,1.0000841319830382,0.9887908120829394
cycle_none,3037,random,source_query_concat_layer4,composites,rci,0.988679835863327,2.0096031595431443,0.9999985032404539,0.9889291626015382
cycle_none,3037,random,source_query_concat_numeric_contrast,generators,c,0.9414370580445235,2.1035980545510533,1.003042651055466,0.9414376394586078
cycle_none,3037,random,source_query_concat_numeric_contrast,generators,r,0.3148115314058165,3.5788162792951494,1.0075075781632197,0.31481833397093284
cycle_none,3037,random,source_query_concat_numeric_contrast,generators,i,0.9447465513329815,2.021722475519628,1.0007984257066855,0.9447470998903489
cycle_none,3037,random,source_query_concat_numeric_contrast,composites,rc,0.9602114240555806,2.0798376443706728,0.9998611390479568,0.9602118190773757
cycle_none,3037,random,source_query_concat_numeric_contrast,composites,ci,0.9652382255394875,2.107233293936692,0.9999210750548319,0.9652385706550948
cycle_none,3037,random,source_query_concat_numeric_contrast,composites,ri,0.990627437252073,2.107233293936692,1.0001529799036248,0.9906275303030674
cycle_none,3037,random,source_query_concat_numeric_contrast,composites,rci,0.9891458285289845,2.001558958390113,0.9999926678022696,0.9891459362894207
cycle_none,3037,random,source_query_concat_numeric_null,generators,c,0.9526248445863139,2.099855349739269,1.001629299742602,0.9536028018497553
cycle_none,3037,random,source_query_concat_numeric_null,generators,r,0.23358070722683638,3.5864436828938575,1.0139546422065295,0.24940177013763906
cycle_none,3037,random,source_query_concat_numeric_null,generators,i,0.9518136490202256,2.0355546257813137,1.0026197207604202,0.9528083516555601
cycle_none,3037,random,source_query_concat_numeric_null,composites,rc,0.9751762047608258,2.065312944813684,1.0000092395902236,0.9756886381375257
cycle_none,3037,random,source_query_concat_numeric_null,composites,ci,0.9755785562493181,2.1008719120276846,1.0000043658832058,0.9760826839527765
cycle_none,3037,random,source_query_concat_numeric_null,composites,ri,0.9896092318795069,2.1008719120276846,1.000067351085568,0.989823726735881
cycle_none,3037,random,source_query_concat_numeric_null,composites,rci,0.9899205947985382,2.011089572716508,0.9999988999119631,0.9901286622432118
cycle_none,3037,trained,ONE_END_layer1,generators,c,0.8468125886366649,2.5729977124928127,0.996746202903442,0.847103871204676
cycle_none,3037,trained,ONE_END_layer1,generators,r,0.8482938294541638,2.5408765866249183,1.012929342340656,0.8485822954746184
cycle_none,3037,trained,ONE_END_layer1,generators,i,0.6242060372222487,1.777647837005248,1.0080251444009616,0.6249206013600376
cycle_none,3037,trained,ONE_END_layer1,composites,rc,0.9508368729959508,2.3822003804217284,0.9998515985226176,0.9509303556245672
cycle_none,3037,trained,ONE_END_layer1,composites,ci,0.8939736499892749,2.5069560200806413,0.9998798029084844,0.8941752568134461
cycle_none,3037,trained,ONE_END_layer1,composites,ri,0.9083148890938368,2.5069560200806413,1.0001860765306132,0.9084892263602965
cycle_none,3037,trained,ONE_END_layer1,composites,rci,0.9678790384375432,1.7123654432940105,0.9999992920335724,0.9679401157551086
cycle_none,3037,trained,ONE_END_layer2,generators,c,0.7426884522007049,2.778909905377355,0.9969233365804734,0.7433179286948298
cycle_none,3037,trained,ONE_END_layer2,generators,r,0.7555835682807425,2.7459291546926647,1.0153844867090256,0.7561814986879125
cycle_none,3037,trained,ONE_END_layer2,generators,i,0.5202370225259871,1.4545251798746097,1.0103665934328652,0.5214106951405831
cycle_none,3037,trained,ONE_END_layer2,composites,rc,0.8721704484135796,2.0669498287086503,1.0002103326468526,0.8724831654240145
cycle_none,3037,trained,ONE_END_layer2,composites,ci,0.777330627076098,2.7423456182607406,0.9998205655954232,0.7778753563640601
cycle_none,3037,trained,ONE_END_layer2,composites,ri,0.782956365593019,2.7423456182607406,0.9995603301821622,0.7834873323033247
cycle_none,3037,trained,ONE_END_layer2,composites,rci,0.8714502473462713,1.4689946948252381,1.0000225957081503,0.8717647262272747
cycle_none,3037,trained,ONE_END_layer3,generators,c,0.7451008610787068,2.793161584324613,0.9947163498275348,0.7460402278115115
cycle_none,3037,trained,ONE_END_layer3,generators,r,0.7622609572281573,2.738208274205754,1.0122616780279325,0.7631370847380962
cycle_none,3037,trained,ONE_END_layer3,generators,i,0.5381082788655428,1.4365378336848265,1.004976044672114,0.5398104647529796
cycle_none,3037,trained,ONE_END_layer3,composites,rc,0.8712022091943754,2.0666815061830692,1.0001334775952881,0.8716768610918026
cycle_none,3037,trained,ONE_END_layer3,composites,ci,0.7709683838272834,2.7528278161428488,0.9997043108784435,0.7718124223042419
cycle_none,3037,trained,ONE_END_layer3,composites,ri,0.7792309298095297,2.7528278161428488,1.000162151423594,0.7800445187492444
cycle_none,3037,trained,ONE_END_layer3,composites,rci,0.8662165638073481,1.4597551693160402,1.000022554704009,0.8667095890482005
cycle_none,3037,trained,ONE_END_layer4,generators,c,0.7087308078059552,2.898601563144756,0.9915831002122537,0.7102506234307002
cycle_none,3037,trained,ONE_END_layer4,generators,r,0.7277991989135216,2.8394016659520007,1.0104288650005384,0.7292195174423816
cycle_none,3037,trained,ONE_END_layer4,generators,i,0.4889525437696019,1.309914616590173,1.0061826429003244,0.4916191419879526
cycle_none,3037,trained,ONE_END_layer4,composites,rc,0.8482087984673152,1.9342185249960175,0.9996155124650161,0.8490008308757222
cycle_none,3037,trained,ONE_END_layer4,composites,ci,0.7385047865971252,2.8513627798376384,0.9995890502716649,0.7398692443625756
cycle_none,3037,trained,ONE_END_layer4,composites,ri,0.7428992837376428,2.8513627798376384,0.9999168662722425,0.7442408114246779
cycle_none,3037,trained,ONE_END_layer4,composites,rci,0.8347270375565194,1.3151380696417747,1.0000195375818162,0.8355894165426985
cycle_none,3037,trained,ONE_END_numeric_contrast,generators,c,0.6955916336653304,2.9838043521997517,0.9887671621412092,0.6955916336653303
cycle_none,3037,trained,ONE_END_numeric_contrast,generators,r,0.7146622659523666,2.9095060240191533,1.0099834049303127,0.7146622659523664
cycle_none,3037,trained,ONE_END_numeric_contrast,generators,i,0.5384952168122517,1.1938173235337661,1.0048271998245237,0.5384952168122514
cycle_none,3037,trained,ONE_END_numeric_contrast,composites,rc,0.8700254784744598,1.8170327558026294,0.9994736895902,0.8700254784744597
cycle_none,3037,trained,ONE_END_numeric_contrast,composites,ci,0.7227670768427292,2.9379659646867258,0.9996415672344077,0.7227670768427291
cycle_none,3037,trained,ONE_END_numeric_contrast,composites,ri,0.7254338196836708,2.9379659646867258,1.0003313008945394,0.7254338196836706
cycle_none,3037,trained,ONE_END_numeric_contrast,composites,rci,0.8299542082307267,1.2199076150712482,1.0000096940140135,0.8299542082307267
cycle_none,3037,trained,ONE_END_numeric_null,generators,c,0.8263888177207299,2.6034860267857463,0.9949191833662024,0.8293045473514749
cycle_none,3037,trained,ONE_END_numeric_null,generators,r,0.839848882875673,2.5966310761879896,1.0090106178618337,0.8425385561528538
cycle_none,3037,trained,ONE_END_numeric_null,generators,i,0.5958145809131224,1.7117655362439508,1.0038907250322342,0.6026027116502939
cycle_none,3037,trained,ONE_END_numeric_null,composites,rc,0.9067142231528234,2.3385125375528317,0.9998432672991503,0.9082809200677883
cycle_none,3037,trained,ONE_END_numeric_null,composites,ci,0.8651668963429744,2.5512861090471857,1.0000319157753879,0.8674313638178037
cycle_none,3037,trained,ONE_END_numeric_null,composites,ri,0.8776994257355326,2.5512861090471857,0.9995710628965919,0.8797534144450063
cycle_none,3037,trained,ONE_END_numeric_null,composites,rci,0.9172747137347191,1.647032605135109,1.0000290295741023,0.918664051479033
cycle_none,3037,trained,source_query_concat_layer1,generators,c,0.7517309578224101,2.8758109614238605,1.008428251610483,0.7533425643149266
cycle_none,3037,trained,source_query_concat_layer1,generators,r,0.768887449208737,2.81166155691716,1.023782617501732,0.7703876865484001
cycle_none,3037,trained,source_query_concat_layer1,generators,i,0.342066233594485,0.9580815086208061,1.0097846416958611,0.34633712585025944
cycle_none,3037,trained,source_query_concat_layer1,composites,rc,0.9266280493463553,2.040276521832355,0.9999923580320532,0.9271043339084775
cycle_none,3037,trained,source_query_concat_layer1,composites,ci,0.7840038356599429,2.7882695337375707,0.999401938169094,0.785405946925028
cycle_none,3037,trained,source_query_concat_layer1,composites,ri,0.7886324643152481,2.7882695337375707,1.0004218206400488,0.7900045294339151
cycle_none,3037,trained,source_query_concat_layer1,composites,rci,0.9291810068674105,1.7376303837306766,1.0000021704476274,0.929640719234788
cycle_none,3037,trained,source_query_concat_layer2,generators,c,0.5788316465829094,2.9752517466126998,1.0065115566112925,0.5832416416131124
cycle_none,3037,trained,source_query_concat_layer2,generators,r,0.5751134041136974,2.999125952273816,1.0145637618690142,0.5795623323416995
cycle_none,3037,trained,source_query_concat_layer2,generators,i,0.2943475258409993,1.3679097309715702,0.9998226702551655,0.3017363143832617
cycle_none,3037,trained,source_query_concat_layer2,composites,rc,0.6238794279852267,1.8486732894635651,1.000751698248441,0.627817733985392
cycle_none,3037,trained,source_query_concat_layer2,composites,ci,0.6026172572557208,2.9500849585568107,0.9994230080338308,0.6067781964772279
cycle_none,3037,trained,source_query_concat_layer2,composites,ri,0.6062664583173758,2.9500849585568107,1.0001644447061777,0.6103891872640237
cycle_none,3037,trained,source_query_concat_layer2,composites,rci,0.6233071407159126,0.9088693635647285,0.9999991437229314,0.6272514390561792
cycle_none,3037,trained,source_query_concat_layer3,generators,c,0.5973780988352074,2.981416148121356,1.0039124075148518,0.6045820947012026
cycle_none,3037,trained,source_query_concat_layer3,generators,r,0.6048101180014723,2.991762842238598,1.007830461493963,0.6118811349232154
cycle_none,3037,trained,source_query_concat_layer3,generators,i,0.38625258597749923,1.5107309527205817,0.9978123990929448,0.39723418886743667
cycle_none,3037,trained,source_query_concat_layer3,composites,rc,0.6565165018664626,1.8718320248061033,1.000906875907503,0.6626623515915595
cycle_none,3037,trained,source_query_concat_layer3,composites,ci,0.6440038130747812,2.96069250227196,0.9998767917135285,0.6503735486790786
cycle_none,3037,trained,source_query_concat_layer3,composites,ri,0.6393814411950023,2.96069250227196,1.0000700024633895,0.6458338835467885
cycle_none,3037,trained,source_query_concat_layer3,composites,rci,0.6531055738168213,0.7228730275694434,0.9999789769097605,0.6593124542794356
cycle_none,3037,trained,source_query_concat_layer4,generators,c,0.7669131211640116,2.818351689378574,1.0079423580180495,0.7701547240540484
cycle_none,3037,trained,source_query_concat_layer4,generators,r,0.7734073571139147,2.8087937096608537,1.006147355015437,0.7765586428907406
cycle_none,3037,trained,source_query_concat_layer4,generators,i,0.6912183710534067,2.1900371580045714,1.0045929983115305,0.695512681508728
cycle_none,3037,trained,source_query_concat_layer4,composites,rc,0.8868741382009451,2.2902741778942364,1.0001709379340644,0.8884474104605292
cycle_none,3037,trained,source_query_concat_layer4,composites,ci,0.877006817716083,2.804172778866369,1.0007615463044874,0.8787173174968405
cycle_none,3037,trained,source_query_concat_layer4,composites,ri,0.8724544255688053,2.8041727788663695,1.000015663208049,0.8742282367106091
cycle_none,3037,trained,source_query_concat_layer4,composites,rci,0.8640842663247392,0.2841977073290271,0.9999643013707743,0.8659744835574014
cycle_none,3037,trained,source_query_concat_numeric_contrast,generators,c,0.7638990435843623,2.8252101847122573,1.0084700533103619,0.7642025183540614
cycle_none,3037,trained,source_query_concat_numeric_contrast,generators,r,0.773627087908018,2.815586617354752,1.0059685539596845,0.7739180586368374
cycle_none,3037,trained,source_query_concat_numeric_contrast,generators,i,0.7090015107332273,2.243405045563932,1.0051981968480808,0.7093755486060663
cycle_none,3037,trained,source_query_concat_numeric_contrast,composites,rc,0.8966434832575537,2.290989112296065,1.000104811109165,0.8967763336093331
cycle_none,3037,trained,source_query_concat_numeric_contrast,composites,ci,0.882801679250793,2.8161298750315247,1.000799848866016,0.8829523213063715
cycle_none,3037,trained,source_query_concat_numeric_contrast,composites,ri,0.8795230901201034,2.8161298750315247,1.0000301560892184,0.8796779463436227
cycle_none,3037,trained,source_query_concat_numeric_contrast,composites,rci,0.8732109596215427,0.19254929000994545,0.99996917015516,0.8733739292063056
cycle_none,3037,trained,source_query_concat_numeric_null,generators,c,0.7834883779373464,2.7193153382909276,1.005392035172608,0.8009600416409066
cycle_none,3037,trained,source_query_concat_numeric_null,generators,r,0.7883960945212222,2.7102878205308047,1.0092751984070232,0.8054717241787159
cycle_none,3037,trained,source_query_concat_numeric_null,generators,i,0.5103073268860558,1.5754519372782634,1.001340755668024,0.5498236614884934
cycle_none,3037,trained,source_query_concat_numeric_null,composites,rc,0.866871958922164,2.2834811951914538,1.0004122225043994,0.8776148850573376
cycle_none,3037,trained,source_query_concat_numeric_null,composites,ci,0.8366227707414778,2.644247103554895,1.000350093964064,0.8498066912129539
cycle_none,3037,trained,source_query_concat_numeric_null,composites,ri,0.8392978654837193,2.6442471035548945,1.000219563141552,0.852265915992806
cycle_none,3037,trained,source_query_concat_numeric_null,composites,rci,0.8604853078334171,1.422969501598761,1.0000155340171188,0.8717436123993256
cycle_three,1009,random,ONE_END_layer1,generators,c,0.9564705212518707,2.4129889727623715,1.0056786183057724,0.962537776778501
cycle_three,1009,random,ONE_END_layer1,generators,r,0.958809443805883,2.3643183246632433,1.0054863408697703,0.9645506940321904
cycle_three,1009,random,ONE_END_layer1,generators,i,0.950890860868705,2.184961207546658,1.005371176773649,0.9577358244283759
cycle_three,1009,random,ONE_END_layer1,composites,rc,1.0010446327093485,2.31156754515757,1.0001227125701175,1.000899028999831
cycle_three,1009,random,ONE_END_layer1,composites,ci,0.9970061746479103,2.279854896989867,0.999962167569473,0.9974234620571701
cycle_three,1009,random,ONE_END_layer1,composites,ri,0.9975332236428051,2.279854896989867,0.9999905747973792,0.9978770495492154
cycle_three,1009,random,ONE_END_layer1,composites,rci,1.0002019618472782,2.1664541558904244,0.9999994563747225,1.0001738118631915
cycle_three,1009,random,ONE_END_layer2,generators,c,0.9479554188079675,2.1039762725042888,0.9994855207591044,0.9495176951300788
cycle_three,1009,random,ONE_END_layer2,generators,r,0.2082784544951503,3.751501864122743,1.003702297583892,0.23204438354900728
cycle_three,1009,random,ONE_END_layer2,generators,i,0.9027476184061518,2.0043727790598513,1.0063519485452943,0.9056669442908659
cycle_three,1009,random,ONE_END_layer2,composites,rc,0.9630876467381952,1.9997428200855372,0.9999214732495773,0.9641956832363957
cycle_three,1009,random,ONE_END_layer2,composites,ci,0.9542905025168318,2.077689655217617,1.000013962631444,0.9556626120425107
cycle_three,1009,random,ONE_END_layer2,composites,ri,0.9859793840010976,2.077689655217617,0.9999481868055831,0.9864002554135447
cycle_three,1009,random,ONE_END_layer2,composites,rci,0.9865304193864708,1.9850269537923444,0.9999988238344487,0.9869347497966562
cycle_three,1009,random,ONE_END_layer3,generators,c,0.9400886743167458,2.1149598230573345,0.9990452056047767,0.941728599403528
cycle_three,1009,random,ONE_END_layer3,generators,r,0.20048323329582904,3.679716976050363,1.001924293978434,0.22236803701312802
cycle_three,1009,random,ONE_END_layer3,generators,i,0.915119233099535,2.020789855643249,1.007418735535648,0.917442635184832
cycle_three,1009,random,ONE_END_layer3,composites,rc,0.9626153487556816,2.0182044212998678,0.9999516242944595,0.9636386615723649
cycle_three,1009,random,ONE_END_layer3,composites,ci,0.9565479715150825,2.0862266984197455,0.9999783793948771,0.9577373638506941
cycle_three,1009,random,ONE_END_layer3,composites,ri,0.9798140830859462,2.086226698419745,1.0000522356945643,0.980366622879876
cycle_three,1009,random,ONE_END_layer3,composites,rci,0.9799704118906725,1.9938755271096942,0.9999996587934831,0.9805186725683293
cycle_three,1009,random,ONE_END_layer4,generators,c,0.9364703975987262,2.1121216406347827,0.9997804877745697,0.938090059559495
cycle_three,1009,random,ONE_END_layer4,generators,r,0.21296062544980204,3.6306324471381934,1.002634907749184,0.23302588146280867
cycle_three,1009,random,ONE_END_layer4,generators,i,0.9194850563609746,2.015554679080143,1.0077548565656012,0.9215377528450774
cycle_three,1009,random,ONE_END_layer4,composites,rc,0.9609510161000657,2.041716092595282,0.999901668501777,0.9619465544229706
cycle_three,1009,random,ONE_END_layer4,composites,ci,0.9573817514028115,2.0971469810541987,1.0000329436253803,0.9584682867104221
cycle_three,1009,random,ONE_END_layer4,composites,ri,0.9759567235778964,2.0971469810541987,1.0001110694163997,0.9765696973532896
cycle_three,1009,random,ONE_END_layer4,composites,rci,0.9776739975455903,2.0056811784432003,0.9999979396887836,0.978243190103778
cycle_three,1009,random,ONE_END_numeric_contrast,generators,c,0.9686346337410989,2.1130891614288974,1.000455837312227,0.9686346337410993
cycle_three,1009,random,ONE_END_numeric_contrast,generators,r,0.32114396780630744,3.6035099365182863,0.999958714800608,0.3211439678063074
cycle_three,1009,random,ONE_END_numeric_contrast,generators,i,0.9762087535285511,2.0242266788642644,1.0024054427250662,0.9762087535285511
cycle_three,1009,random,ONE_END_numeric_contrast,composites,rc,0.9894237220799017,2.0592214017971155,0.9999425126993043,0.9894237220799017
cycle_three,1009,random,ONE_END_numeric_contrast,composites,ci,0.9817633855260064,2.102759810589006,1.00010988261028,0.9817633855260064
cycle_three,1009,random,ONE_END_numeric_contrast,composites,ri,0.998256528083101,2.102759810589006,1.000056385669165,0.9982565280831008
cycle_three,1009,random,ONE_END_numeric_contrast,composites,rci,0.9947682282238094,1.9944332002134224,0.9999997721688696,0.9947682282238092
cycle_three,1009,random,ONE_END_numeric_null,generators,c,0.9362123681869203,2.1128920594498597,0.9998198047124816,0.9377378243837157
cycle_three,1009,random,ONE_END_numeric_null,generators,r,0.21390635597290683,3.6305086562521467,1.0027623166464452,0.23270547715766304
cycle_three,1009,random,ONE_END_numeric_null,generators,i,0.9188772193491699,2.0147929199394388,1.0080415924563508,0.9208172388314375
cycle_three,1009,random,ONE_END_numeric_null,composites,rc,0.9588550154154611,2.040396514297076,0.9999059108978986,0.9598389815844117
cycle_three,1009,random,ONE_END_numeric_null,composites,ci,0.9588184892044037,2.097068186951467,1.0000196473328524,0.9598033288833657
cycle_three,1009,random,ONE_END_numeric_null,composites,ri,0.976247064754928,2.097068186951467,1.000103153407864,0.9768151068852245
cycle_three,1009,random,ONE_END_numeric_null,composites,rci,0.9783106484102324,2.007273476158545,0.999998128060519,0.9788293407467662
cycle_three,1009,random,source_query_concat_layer1,generators,c,0.9671357864011993,2.344337529769065,1.0065263765318464,0.9719526956188723
cycle_three,1009,random,source_query_concat_layer1,generators,r,0.9606651093831706,2.3911411233843136,1.0071120000031946,0.9664304260130281
cycle_three,1009,random,source_query_concat_layer1,generators,i,0.9447040022000331,2.2100466713982874,1.0032324473991765,0.9528087390044702
cycle_three,1009,random,source_query_concat_layer1,composites,rc,1.0023157578527635,2.3097578832630137,1.0001401470072502,1.0019763371234849
cycle_three,1009,random,source_query_concat_layer1,composites,ci,0.996403578181892,2.292522437369828,0.9999272663039503,0.9969307058843151
cycle_three,1009,random,source_query_concat_layer1,composites,ri,0.9975607490186397,2.2925224373698274,1.0000489170806823,0.9979182701411523
cycle_three,1009,random,source_query_concat_layer1,composites,rci,1.0000775844128782,2.1596719174456656,0.9999974151677944,1.0000662128621056
cycle_three,1009,random,source_query_concat_layer2,generators,c,0.949209780362061,2.1019217992263277,0.999177926610774,0.9507078639733002
cycle_three,1009,random,source_query_concat_layer2,generators,r,0.20825798432417397,3.7520799534048104,1.003990142038085,0.23161082167098265
cycle_three,1009,random,source_query_concat_layer2,generators,i,0.9024362142056871,1.998832705215073,1.0065273155922794,0.905313908170998
cycle_three,1009,random,source_query_concat_layer2,composites,rc,0.9642332507784068,1.999504763564061,0.9999431829663823,0.9652882094145012
cycle_three,1009,random,source_query_concat_layer2,composites,ci,0.9516741168746614,2.0809498428823217,0.9999639396065404,0.9530995136149158
cycle_three,1009,random,source_query_concat_layer2,composites,ri,0.9837703427210831,2.0809498428823217,1.0000205218487068,0.9842490447971695
cycle_three,1009,random,source_query_concat_layer2,composites,rci,0.9826305790386107,1.985761092825086,0.9999968341139116,0.9831428990298307
cycle_three,1009,random,source_query_concat_layer3,generators,c,0.9371698784598367,2.1092440291722796,0.9986826922307148,0.9388995233049002
cycle_three,1009,random,source_query_concat_layer3,generators,r,0.2026210626299398,3.6807827790789873,1.001530659608526,0.22457203669741777
cycle_three,1009,random,source_query_concat_layer3,generators,i,0.911702734511332,2.0181891604478572,1.0072507192963582,0.914133462104117
cycle_three,1009,random,source_query_concat_layer3,composites,rc,0.9610210251138452,2.0194341812501624,0.9999370448091023,0.9620940738574263
cycle_three,1009,random,source_query_concat_layer3,composites,ci,0.9560433726456793,2.088343541810157,0.9999382140493659,0.9572534507427142
cycle_three,1009,random,source_query_concat_layer3,composites,ri,0.9836139347628736,2.0883435418101572,1.0000474082070903,0.9840650252999205
cycle_three,1009,random,source_query_concat_layer3,composites,rci,0.9812018081862103,1.9956627664303996,0.9999967113735945,0.9817193019419156
cycle_three,1009,random,source_query_concat_layer4,generators,c,0.92671472678748,2.1104794175997617,0.9993681606411994,0.9285778790827652
cycle_three,1009,random,source_query_concat_layer4,generators,r,0.2163029254858631,3.6296786078564223,1.0022887736178765,0.23622707858214942
cycle_three,1009,random,source_query_concat_layer4,generators,i,0.916226471527415,2.013859185036995,1.0074081680611844,0.9183562697121774
cycle_three,1009,random,source_query_concat_layer4,composites,rc,0.9575763337438733,2.040757050711331,0.9999134020464184,0.9586548826486487
cycle_three,1009,random,source_query_concat_layer4,composites,ci,0.9568056851958938,2.097039244616756,0.9999906688835413,0.9579038265173728
cycle_three,1009,random,source_query_concat_layer4,composites,ri,0.9802144809623348,2.097039244616756,1.0000681246921803,0.9807174938268911
cycle_three,1009,random,source_query_concat_layer4,composites,rci,0.9800276715081899,2.0111472495619784,0.9999945089092254,0.9805354336825057
cycle_three,1009,random,source_query_concat_numeric_contrast,generators,c,0.936365561929393,2.1100672092250514,1.0020106483587103,0.9363664964315475
cycle_three,1009,random,source_query_concat_numeric_contrast,generators,r,0.3045648300633162,3.6009354779504665,1.0017335755972154,0.304575042861359
cycle_three,1009,random,source_query_concat_numeric_contrast,generators,i,0.9396079232201061,2.015198621069743,1.0035024361933005,0.9396088101066343
cycle_three,1009,random,source_query_concat_numeric_contrast,composites,rc,0.9586910951240315,2.054365245775905,0.9999298974755445,0.9586917017650546
cycle_three,1009,random,source_query_concat_numeric_contrast,composites,ci,0.9657394986192722,2.1151108822439637,1.0002404378543166,0.9657400017511193
cycle_three,1009,random,source_query_concat_numeric_contrast,composites,ri,0.99240821934311,2.115110882243964,1.0000629603112794,0.9924083308320395
cycle_three,1009,random,source_query_concat_numeric_contrast,composites,rci,0.9887472982579679,1.9892116814909055,0.9999918082865955,0.9887474635092741
cycle_three,1009,random,source_query_concat_numeric_null,generators,c,0.9285726090501571,2.1111822360761088,0.9992266392774617,0.9302679097270709
cycle_three,1009,random,source_query_concat_numeric_null,generators,r,0.2183292738265306,3.6300162148748596,1.0023419709652108,0.23688191719742227
cycle_three,1009,random,source_query_concat_numeric_null,generators,i,0.9164535684540068,2.0142177548951117,1.0076785044513614,0.9184365097328383
cycle_three,1009,random,source_query_concat_numeric_null,composites,rc,0.9554828312851457,2.0397038340937406,0.9999233733973015,0.9565394285548063
cycle_three,1009,random,source_query_concat_numeric_null,composites,ci,0.9564155470161897,2.0953738843358294,0.999966664996397,0.9574500066494451
cycle_three,1009,random,source_query_concat_numeric_null,composites,ri,0.9826528347201394,2.0953738843358294,1.0000713619614767,0.9830645627792274
cycle_three,1009,random,source_query_concat_numeric_null,composites,rci,0.9801215770486552,2.0141321913885197,0.9999947081240962,0.9805933835004554
cycle_three,1009,trained,ONE_END_layer1,generators,c,0.7952149246496242,2.8649981450173,0.9998320645273167,0.7952533883690999
cycle_three,1009,trained,ONE_END_layer1,generators,r,0.80633539889587,2.795337312005283,0.9996633675244218,0.8063717739142958
cycle_three,1009,trained,ONE_END_layer1,generators,i,0.255892962209684,0.4557437395222563,1.0108495884738071,0.2560327239785159
cycle_three,1009,trained,ONE_END_layer1,composites,rc,0.9893500408154918,2.139226380460681,0.9996848251831946,0.9893520411421362
cycle_three,1009,trained,ONE_END_layer1,composites,ci,0.8227420954120974,2.809827551851171,0.999486720767939,0.8227753888457388
cycle_three,1009,trained,ONE_END_layer1,composites,ri,0.8089939251679297,2.8098275518511713,1.0003160582417465,0.8090298008491427
cycle_three,1009,trained,ONE_END_layer1,composites,rci,0.9876916253814554,2.125039319292137,0.9999905699950474,0.9876939371996759
cycle_three,1009,trained,ONE_END_layer2,generators,c,0.7447846335508839,2.93824444830572,1.0052101036706995,0.7449000313305758
cycle_three,1009,trained,ONE_END_layer2,generators,r,0.7526988162051471,2.8653344606706,1.0023098390031773,0.7528106355204265
cycle_three,1009,trained,ONE_END_layer2,generators,i,0.2436907733447398,0.4156918109311465,1.022129422347165,0.244032744938108
cycle_three,1009,trained,ONE_END_layer2,composites,rc,0.9411757122303323,2.011455971060217,0.9999158801413781,0.9412023101280022
cycle_three,1009,trained,ONE_END_layer2,composites,ci,0.7704460891735108,2.8853247650785976,0.9995565583239672,0.770549883909688
cycle_three,1009,trained,ONE_END_layer2,composites,ri,0.7576089720665451,2.885324765078597,1.0005164919448164,0.7577185712134537
cycle_three,1009,trained,ONE_END_layer2,composites,rci,0.9400459290718093,1.9986237788751235,0.9999879499818114,0.9400730378104594
cycle_three,1009,trained,ONE_END_layer3,generators,c,0.7165168163931438,2.9749688584422995,1.0097053266858949,0.7167365179085781
cycle_three,1009,trained,ONE_END_layer3,generators,r,0.730888583543007,2.904422900044141,0.9997093504770291,0.7310971468350655
cycle_three,1009,trained,ONE_END_layer3,generators,i,0.26589286601997747,0.4469356671885054,1.0174014962978213,0.26646180435266636
cycle_three,1009,trained,ONE_END_layer3,composites,rc,0.9133687108873166,1.922562848987141,0.9999611796262039,0.9134358507622818
cycle_three,1009,trained,ONE_END_layer3,composites,ci,0.7394633386132934,2.9216257988862315,0.999806560993286,0.7396652564082208
cycle_three,1009,trained,ONE_END_layer3,composites,ri,0.7358242745361135,2.9216257988862324,1.0003680728718882,0.7360290126319925
cycle_three,1009,trained,ONE_END_layer3,composites,rci,0.9127133918719642,1.90785812756545,1.0000000849836994,0.912781039623901
cycle_three,1009,trained,ONE_END_layer4,generators,c,0.7635738458055674,2.8966696646599392,1.0024647205930246,0.7640921969696669
cycle_three,1009,trained,ONE_END_layer4,generators,r,0.8001148831866157,2.8246635417198274,1.0023111799858142,0.8005531201631441
cycle_three,1009,trained,ONE_END_layer4,generators,i,0.25814758096136076,0.3765204992129823,1.059887142439264,0.2597740510374355
cycle_three,1009,trained,ONE_END_layer4,composites,rc,0.9804683054205882,2.1037419551104364,0.9995375625181381,0.980511127572209
cycle_three,1009,trained,ONE_END_layer4,composites,ci,0.7830773567548867,2.853856141589785,1.000633364082608,0.7835529475584031
cycle_three,1009,trained,ONE_END_layer4,composites,ri,0.800531112508466,2.853856141589785,1.0003450936687512,0.8009684369254079
cycle_three,1009,trained,ONE_END_layer4,composites,rci,0.9795922789473658,2.090692056117244,1.0000325946470487,0.9796370217381974
cycle_three,1009,trained,ONE_END_numeric_contrast,generators,c,0.7619836452412596,2.914151012328378,1.0072341112082726,0.7619836452412598
cycle_three,1009,trained,ONE_END_numeric_contrast,generators,r,0.7960981097073099,2.804169013327971,0.9953320319486848,0.7960981097073099
cycle_three,1009,trained,ONE_END_numeric_contrast,generators,i,0.37106208651569683,0.5186531953254077,1.0550031836460798,0.37106208651569683
cycle_three,1009,trained,ONE_END_numeric_contrast,composites,rc,0.9691433803245004,2.042197980452798,0.999633609257728,0.9691433803245008
cycle_three,1009,trained,ONE_END_numeric_contrast,composites,ci,0.79718364308289,2.8527273984847694,1.0001170695942618,0.7971836430828902
cycle_three,1009,trained,ONE_END_numeric_contrast,composites,ri,0.7950266302196098,2.8527273984847694,1.000153118539352,0.79502663021961
cycle_three,1009,trained,ONE_END_numeric_contrast,composites,rci,0.9644292875255066,2.015374001595906,1.0000141175905657,0.9644292875255067
cycle_three,1009,trained,ONE_END_numeric_null,generators,c,0.7678424836934653,2.8810620045725943,0.9975511016997051,0.7685919186826229
cycle_three,1009,trained,ONE_END_numeric_null,generators,r,0.7955774895885517,2.8423148724694864,1.007273309024224,0.796237392331789
cycle_three,1009,trained,ONE_END_numeric_null,generators,i,0.17695825930204873,0.2528952645645298,1.0546346286479893,0.17961514626323538
cycle_three,1009,trained,ONE_END_numeric_null,composites,rc,0.9901878371389069,2.157866513267602,0.9997402287026516,0.9902195120908289
cycle_three,1009,trained,ONE_END_numeric_null,composites,ci,0.783264391142676,2.8545220729824075,1.0005645518326556,0.7839640421867525
cycle_three,1009,trained,ONE_END_numeric_null,composites,ri,0.7971733958176359,2.854522072982407,0.9999799274688682,0.797828146765719
cycle_three,1009,trained,ONE_END_numeric_null,composites,rci,0.9907415912984114,2.156817199160974,1.000021418910892,0.9907714786590937
cycle_three,1009,trained,source_query_concat_layer1,generators,c,0.7671660296271612,2.8955075146110296,1.0382000350128238,0.7678772753949945
cycle_three,1009,trained,source_query_concat_layer1,generators,r,0.7756040087493358,2.8929667424016006,0.9985863484425739,0.7762894787382734
cycle_three,1009,trained,source_query_concat_layer1,generators,i,0.19496537492906346,0.34556460106369485,0.9502647673946987,0.19742454130037945
cycle_three,1009,trained,source_query_concat_layer1,composites,rc,0.9761909504316704,2.0708528231851955,0.9997695163205512,0.976263680736937
cycle_three,1009,trained,source_query_concat_layer1,composites,ci,0.7796570324374942,2.868383713459944,1.000953344637911,0.7803301215185233
cycle_three,1009,trained,source_query_concat_layer1,composites,ri,0.7867854909355324,2.8683837134599437,0.9998673224008002,0.7874368044744028
cycle_three,1009,trained,source_query_concat_layer1,composites,rci,0.9731884419813038,2.058340891818593,1.000010315237645,0.9732703441502153
cycle_three,1009,trained,source_query_concat_layer2,generators,c,0.4542930036958365,3.295479891861923,1.0197510498224402,0.4577413788132848
cycle_three,1009,trained,source_query_concat_layer2,generators,r,0.4544378750867183,3.2957091316135707,1.0098716064126791,0.45788533474788157
cycle_three,1009,trained,source_query_concat_layer2,generators,i,0.15087573089965803,0.2426900606046947,0.9651316139346144,0.1562414290142469
cycle_three,1009,trained,source_query_concat_layer2,composites,rc,0.5328097801653732,1.307990842800203,0.9997928454721088,0.5357620002030561
cycle_three,1009,trained,source_query_concat_layer2,composites,ci,0.460573362820779,3.2778007632932575,1.0015894211763552,0.4639820517434712
cycle_three,1009,trained,source_query_concat_layer2,composites,ri,0.46298240129255547,3.2778007632932575,0.9994519809089479,0.46637586726890595
cycle_three,1009,trained,source_query_concat_layer2,composites,rci,0.5316039109775802,1.3025285465330951,0.9999466159593705,0.5345637510189104
cycle_three,1009,trained,source_query_concat_layer3,generators,c,0.2377439154235913,3.650795975669841,1.0097801711779424,0.24302175548331412
cycle_three,1009,trained,source_query_concat_layer3,generators,r,0.24076002239743433,3.640882522448667,1.0097673536704892,0.2460169790158399
cycle_three,1009,trained,source_query_concat_layer3,generators,i,0.12809588982699635,0.1951586815260893,0.9709183978676188,0.13413292978511654
cycle_three,1009,trained,source_query_concat_layer3,composites,rc,0.287843438014408,0.6249506159680664,1.0005908658530602,0.29277439036453673
cycle_three,1009,trained,source_query_concat_layer3,composites,ci,0.24560568006583275,3.6330009276851283,1.0005590679155711,0.2508290854844834
cycle_three,1009,trained,source_query_concat_layer3,composites,ri,0.24558572447459964,3.6330009276851274,0.9990732384584201,0.2508092680652125
cycle_three,1009,trained,source_query_concat_layer3,composites,rci,0.28656269693452546,0.6222103490170797,1.0000202013200896,0.29150251710048974
cycle_three,1009,trained,source_query_concat_layer4,generators,c,0.18104568640739072,3.745512454293063,1.0091668282958834,0.18793758198575275
cycle_three,1009,trained,source_query_concat_layer4,generators,r,0.18416758832177668,3.737031643930108,1.021891478573815,0.1910332115896536
cycle_three,1009,trained,source_query_concat_layer4,generators,i,0.09692859618224299,0.13347896624725605,0.994353982070286,0.10452837764943347
cycle_three,1009,trained,source_query_concat_layer4,composites,rc,0.22888228827216178,0.456817498351436,1.0008137631395306,0.23537161577144572
cycle_three,1009,trained,source_query_concat_layer4,composites,ci,0.18715996614766361,3.736313151458563,1.0000139665514265,0.1940004071127372
cycle_three,1009,trained,source_query_concat_layer4,composites,ri,0.18676783951397488,3.736313151458564,0.9994789700073373,0.19361158041381651
cycle_three,1009,trained,source_query_concat_layer4,composites,rci,0.22804541098965775,0.4545331342610105,1.0000502040917623,0.23454178121494876
cycle_three,1009,trained,source_query_concat_numeric_contrast,generators,c,0.12542237171059384,3.83402236959208,1.0101715950060222,0.1259046527525331
cycle_three,1009,trained,source_query_concat_numeric_contrast,generators,r,0.12791420006857906,3.8282893242048353,1.0222398245228288,0.1283951070054212
cycle_three,1009,trained,source_query_concat_numeric_contrast,generators,i,0.08076855972487232,0.10550801497219084,0.9955254967348788,0.081275464866805
cycle_three,1009,trained,source_query_concat_numeric_contrast,composites,rc,0.17012309337202772,0.2883573378230866,1.000767018410359,0.17058072444588981
cycle_three,1009,trained,source_query_concat_numeric_contrast,composites,ci,0.13044411544295892,3.8282198686654896,0.9997486694834632,0.13092362727182746
cycle_three,1009,trained,source_query_concat_numeric_contrast,composites,ri,0.1299889739224938,3.8282198686654896,0.9992318900747347,0.1304687367366604
cycle_three,1009,trained,source_query_concat_numeric_contrast,composites,rci,0.16964164319551678,0.28738321607682765,1.000091611456651,0.1700995397624412
cycle_three,1009,trained,source_query_concat_numeric_null,generators,c,0.5937206503037282,3.09421363552122,1.0065232864588525,0.6099376309558086
cycle_three,1009,trained,source_query_concat_numeric_null,generators,r,0.6007104888938049,3.0662485581996695,1.01623715214481,0.6166484642819919
cycle_three,1009,trained,source_query_concat_numeric_null,generators,i,0.23166620629842405,0.3518904242565658,0.9942810097040908,0.2623348934372436
cycle_three,1009,trained,source_query_concat_numeric_null,composites,rc,0.6891514292439935,1.6894566869520484,1.0001665493850715,0.7015592103961628
cycle_three,1009,trained,source_query_concat_numeric_null,composites,ci,0.6078255377531551,3.060604584067455,1.000359297275568,0.6234795100046407
cycle_three,1009,trained,source_query_concat_numeric_null,composites,ri,0.6068319932783905,3.060604584067455,0.9999782519350098,0.6225256236900469
cycle_three,1009,trained,source_query_concat_numeric_null,composites,rci,0.6856494030548687,1.6769815269355877,0.9999822246392799,0.6981969705166166
cycle_three,2027,random,ONE_END_layer1,generators,c,0.9579835200832693,2.405651122967913,1.0055203843699196,0.9638675980419461
cycle_three,2027,random,ONE_END_layer1,generators,r,0.9570904823744412,2.394440703768855,1.007203191900221,0.9630996232491263
cycle_three,2027,random,ONE_END_layer1,generators,i,0.9423834816049543,2.1594844241962776,1.0066679650923898,0.9504522224089401
cycle_three,2027,random,ONE_END_layer1,composites,rc,1.002304315970421,2.3293124266773373,0.9999645890004712,1.0019816146199452
cycle_three,2027,random,ONE_END_layer1,composites,ci,0.9938241635577673,2.2746210756844607,1.0000169360639037,0.994689040938218
cycle_three,2027,random,ONE_END_layer1,composites,ri,0.994307075857231,2.2746210756844607,0.9999886361039777,0.9951043251635814
cycle_three,2027,random,ONE_END_layer1,composites,rci,1.0000730699142988,2.161869171020695,1.0000012946336798,1.00006283704679
cycle_three,2027,random,ONE_END_layer2,generators,c,0.9592906982367674,2.1248255514146823,1.004577725278235,0.9603847390721317
cycle_three,2027,random,ONE_END_layer2,generators,r,0.22050737544691093,3.734544064369013,1.007147696875147,0.2414558251915486
cycle_three,2027,random,ONE_END_layer2,generators,i,0.9195212750828401,1.9884145694056041,1.0030042611536085,0.9216840980157782
cycle_three,2027,random,ONE_END_layer2,composites,rc,0.9721696349733432,1.987174649790225,1.000048754991551,0.9729175612330305
cycle_three,2027,random,ONE_END_layer2,composites,ci,0.9534798401526832,2.0838800777598268,0.9998664151718629,0.9547300447087979
cycle_three,2027,random,ONE_END_layer2,composites,ri,0.9843082915031427,2.0838800777598268,1.0001347300517311,0.9847299978240234
cycle_three,2027,random,ONE_END_layer2,composites,rci,0.984008565160405,1.9972810095008222,1.000001977106456,0.9844383264673501
cycle_three,2027,random,ONE_END_layer3,generators,c,0.9403257668547295,2.1478593171403344,1.0048064539914559,0.9418088012767032
cycle_three,2027,random,ONE_END_layer3,generators,r,0.22020808285574456,3.6512703493245677,1.0021868324647532,0.23958760721907318
cycle_three,2027,random,ONE_END_layer3,generators,i,0.9155822527854546,1.9999734955473623,1.0036977600433041,0.917680217323011
cycle_three,2027,random,ONE_END_layer3,composites,rc,0.9600426038364492,2.000575192973741,1.000070635758982,0.9610356319961699
cycle_three,2027,random,ONE_END_layer3,composites,ci,0.9483326547909047,2.0937353867962685,0.9999296582634368,0.9496167006411557
cycle_three,2027,random,ONE_END_layer3,composites,ri,0.9771971714783978,2.0937353867962685,1.000089386475978,0.9777638713391834
cycle_three,2027,random,ONE_END_layer3,composites,rci,0.9759298306525372,2.0128508714214566,1.0000024298263113,0.9765280266879709
cycle_three,2027,random,ONE_END_layer4,generators,c,0.93457646021109,2.151436297384584,1.0040175435826653,0.9362156791055567
cycle_three,2027,random,ONE_END_layer4,generators,r,0.2334890385447773,3.6081347838279254,1.0010966715801513,0.2526943468311723
cycle_three,2027,random,ONE_END_layer4,generators,i,0.9167210284727176,2.021018082675719,1.003934194543205,0.9188076239715203
cycle_three,2027,random,ONE_END_layer4,composites,rc,0.9569146876648056,2.013625740878611,1.000067347737441,0.9579942113084625
cycle_three,2027,random,ONE_END_layer4,composites,ci,0.9487004008673211,2.0928986380931964,0.9999913355217985,0.9499857374976559
cycle_three,2027,random,ONE_END_layer4,composites,ri,0.970912005547491,2.0928986380931964,1.000107759505771,0.9716408195227443
cycle_three,2027,random,ONE_END_layer4,composites,rci,0.9739824515121356,2.0199878190467686,1.000008248572494,0.974634333956996
cycle_three,2027,random,ONE_END_numeric_contrast,generators,c,0.9712293115452536,2.152393972724257,1.0015499674736352,0.9712293115452536
cycle_three,2027,random,ONE_END_numeric_contrast,generators,r,0.33735738069518345,3.5878847016836244,0.9972998931959062,0.3373573806951835
cycle_three,2027,random,ONE_END_numeric_contrast,generators,i,0.9585094450867457,2.0075609710108058,1.0034540396196985,0.9585094450867457
cycle_three,2027,random,ONE_END_numeric_contrast,composites,rc,0.985800410094872,2.0276507789591753,1.0000811271382972,0.9858004100948716
cycle_three,2027,random,ONE_END_numeric_contrast,composites,ci,0.9749220782283162,2.097617438125901,1.0000525927352473,0.9749220782283164
cycle_three,2027,random,ONE_END_numeric_contrast,composites,ri,0.9832239845716616,2.0976174381259014,0.9999861876929128,0.9832239845716616
cycle_three,2027,random,ONE_END_numeric_contrast,composites,rci,0.9891995717266687,2.029274699370336,1.0000010527717238,0.9891995717266687
cycle_three,2027,random,ONE_END_numeric_null,generators,c,0.935214639529262,2.1518506765920438,1.0041078633822904,0.936762874701039
cycle_three,2027,random,ONE_END_numeric_null,generators,r,0.2358019708106054,3.6075849660838597,1.0016707271402545,0.2540647119360198
cycle_three,2027,random,ONE_END_numeric_null,generators,i,0.9162648730796872,2.023367143566312,1.0039482254195986,0.9182659681985421
cycle_three,2027,random,ONE_END_numeric_null,composites,rc,0.9561521264071043,2.012402915293574,1.0000593443916501,0.9571999992538536
cycle_three,2027,random,ONE_END_numeric_null,composites,ci,0.9487802046712507,2.0929006084177697,0.9999766651671009,0.9500042510922784
cycle_three,2027,random,ONE_END_numeric_null,composites,ri,0.9708339222648679,2.0929006084177697,1.0001141780659284,0.9715309307717931
cycle_three,2027,random,ONE_END_numeric_null,composites,rci,0.9742876301985268,2.0189930816286714,1.0000083987695572,0.9749021022796749
cycle_three,2027,random,source_query_concat_layer1,generators,c,0.9542618560195362,2.4294429631509353,1.0055731674417512,0.9605966391532533
cycle_three,2027,random,source_query_concat_layer1,generators,r,0.9665482053348199,2.364833182544343,1.0074533727897883,0.9711813156054963
cycle_three,2027,random,source_query_concat_layer1,generators,i,0.9445861748691534,2.1478161829433797,1.0065606997643306,0.952261050460161
cycle_three,2027,random,source_query_concat_layer1,composites,rc,1.0029234953552175,2.330515913033901,1.0000607678287357,1.0025185880403156
cycle_three,2027,random,source_query_concat_layer1,composites,ci,0.9981265449763859,2.280312370677661,0.9999678794001836,0.9983860205530609
cycle_three,2027,random,source_query_concat_layer1,composites,ri,0.9980261788963266,2.280312370677661,1.0000436287132939,0.9982995552852302
cycle_three,2027,random,source_query_concat_layer1,composites,rci,1.0001692914027132,2.166767016972119,1.0000069446680293,1.0001458443576594
cycle_three,2027,random,source_query_concat_layer2,generators,c,0.9581699432924451,2.127722232874884,1.0036963888994914,0.9592605251346894
cycle_three,2027,random,source_query_concat_layer2,generators,r,0.22340404775521858,3.7286612806635198,1.0081543123160424,0.2436512458453313
cycle_three,2027,random,source_query_concat_layer2,generators,i,0.9209775362471947,1.9813431930513221,1.0040259418039648,0.923037788393175
cycle_three,2027,random,source_query_concat_layer2,composites,rc,0.9709289525114271,1.9859139363711573,1.000038538552904,0.9716868849413952
cycle_three,2027,random,source_query_concat_layer2,composites,ci,0.9555368931460283,2.0924875912384326,0.9998664904506785,0.9566961231543382
cycle_three,2027,random,source_query_concat_layer2,composites,ri,0.9814719547810609,2.0924875912384326,1.0001314976247038,0.9819550129282042
cycle_three,2027,random,source_query_concat_layer2,composites,rci,0.9849359571282255,1.991384174562252,0.9999982267247635,0.9853287027499107
cycle_three,2027,random,source_query_concat_layer3,generators,c,0.9471357512484085,2.1435817221324576,1.0039445266838583,0.9483841461414287
cycle_three,2027,random,source_query_concat_layer3,generators,r,0.22228458038078075,3.6443204579538144,1.003806750171231,0.24065041326413067
cycle_three,2027,random,source_query_concat_layer3,generators,i,0.9206837821379832,2.0056549849105854,1.0041377417742987,0.922556843113046
cycle_three,2027,random,source_query_concat_layer3,composites,rc,0.9644562937624499,2.0065387485660855,1.0000241763624167,0.965295662189957
cycle_three,2027,random,source_query_concat_layer3,composites,ci,0.9510525330055147,2.0948317298335826,0.9999351903529529,0.9522084326780765
cycle_three,2027,random,source_query_concat_layer3,composites,ri,0.9759152331138111,2.0948317298335826,1.0001150886235608,0.9764839974619356
cycle_three,2027,random,source_query_concat_layer3,composites,rci,0.9775898055337368,2.0102406267698902,0.9999996343405806,0.9781190246749134
cycle_three,2027,random,source_query_concat_layer4,generators,c,0.9369618055000881,2.1530156273570795,1.0036418247650571,0.9384455710955473
cycle_three,2027,random,source_query_concat_layer4,generators,r,0.2363659677214429,3.6011188716648714,1.0013699455562475,0.25434005333105597
cycle_three,2027,random,source_query_concat_layer4,generators,i,0.9183648666546783,2.0252489114748684,1.0050256272007223,0.9202863589055184
cycle_three,2027,random,source_query_concat_layer4,composites,rc,0.956652717760485,2.014456324370365,1.0000396957901163,0.9576730072302879
cycle_three,2027,random,source_query_concat_layer4,composites,ci,0.9492748070765575,2.0936470182502163,1.0000284845448613,0.9504687545980548
cycle_three,2027,random,source_query_concat_layer4,composites,ri,0.9703012201480122,2.0936470182502163,1.000105925373745,0.9710002571068128
cycle_three,2027,random,source_query_concat_layer4,composites,rci,0.9736669280292626,2.018866228632385,1.0000074219965487,0.9742867444203075
cycle_three,2027,random,source_query_concat_numeric_contrast,generators,c,0.9284911999198414,2.1521980350163874,1.0031211140289902,0.9284919392907449
cycle_three,2027,random,source_query_concat_numeric_contrast,generators,r,0.3128378956267828,3.588907028812423,0.9992199929779556,0.31284500059379855
cycle_three,2027,random,source_query_concat_numeric_contrast,generators,i,0.9277910425816219,2.009541845463881,1.006273487933339,0.9277917891918577
cycle_three,2027,random,source_query_concat_numeric_contrast,composites,rc,0.9493325492003262,2.022701249765665,1.0000887448523461,0.9493330730804475
cycle_three,2027,random,source_query_concat_numeric_contrast,composites,ci,0.9591489013438406,2.0991378085297114,1.0000252459048264,0.9591493237270112
cycle_three,2027,random,source_query_concat_numeric_contrast,composites,ri,0.9879060471734522,2.0991378085297114,0.9999768916578143,0.9879061722198357
cycle_three,2027,random,source_query_concat_numeric_contrast,composites,rci,0.9889416652445542,2.02837622388222,1.0000044117589355,0.9889417795830824
cycle_three,2027,random,source_query_concat_numeric_null,generators,c,0.9366065390502638,2.153783149509127,1.003503434631947,0.938040617519787
cycle_three,2027,random,source_query_concat_numeric_null,generators,r,0.2381695613044469,3.5994041657028375,1.001510804311314,0.2554035884926235
cycle_three,2027,random,source_query_concat_numeric_null,generators,i,0.9206825670101816,2.0282148819899337,1.005086189321102,0.9224768754641514
cycle_three,2027,random,source_query_concat_numeric_null,composites,rc,0.9563164266529459,2.0139893006537255,1.0000246201322485,0.9573046306580641
cycle_three,2027,random,source_query_concat_numeric_null,composites,ci,0.9509214923674076,2.093331457689079,1.0000256723954826,0.9520317398607258
cycle_three,2027,random,source_query_concat_numeric_null,composites,ri,0.9701784103461428,2.0933314576890796,1.0001046103135118,0.9708530303938389
cycle_three,2027,random,source_query_concat_numeric_null,composites,rci,0.9741409951100722,2.017945586766218,1.0000064249711471,0.9747259740905592
cycle_three,2027,trained,ONE_END_layer1,generators,c,0.7889812068268829,2.8358819639629362,1.000737278031877,0.7890963573774473
cycle_three,2027,trained,ONE_END_layer1,generators,r,0.8046509450439487,2.8443008780029015,0.9973559477353027,0.8047575447969478
cycle_three,2027,trained,ONE_END_layer1,generators,i,0.30293833480640237,0.48927330627388665,0.9843674329211484,0.3033187134130533
cycle_three,2027,trained,ONE_END_layer1,composites,rc,0.9816415581302035,2.11644066845696,1.0002030442415495,0.9816515761227099
cycle_three,2027,trained,ONE_END_layer1,composites,ci,0.810370169022883,2.796506450684433,0.9997273895114062,0.8104736478605358
cycle_three,2027,trained,ONE_END_layer1,composites,ri,0.8161348788163424,2.7965064506844333,0.99932516788103,0.816235211917558
cycle_three,2027,trained,ONE_END_layer1,composites,rci,0.9828486004181505,2.12109028193445,0.999973855150048,0.9828579597414366
cycle_three,2027,trained,ONE_END_layer2,generators,c,0.7386072228715412,2.8802671658289385,1.0010132018187134,0.7388452985031329
cycle_three,2027,trained,ONE_END_layer2,generators,r,0.7527071243110027,2.8665667367126,1.001456859714539,0.7529323578014401
cycle_three,2027,trained,ONE_END_layer2,generators,i,0.31487151255880774,0.4741697884015376,0.9891462161767541,0.31549552520047597
cycle_three,2027,trained,ONE_END_layer2,composites,rc,0.893693737602104,2.056798880320482,1.0001283575562943,0.8937905609758812
cycle_three,2027,trained,ONE_END_layer2,composites,ci,0.7622673725574048,2.834509309365824,0.9997920210576132,0.7624838986070152
cycle_three,2027,trained,ONE_END_layer2,composites,ri,0.7612732702306533,2.8345093093658233,0.9994966082090524,0.7614907017052027
cycle_three,2027,trained,ONE_END_layer2,composites,rci,0.8963190748528796,2.053178810004796,0.9999779098420417,0.8964135070786264
cycle_three,2027,trained,ONE_END_layer3,generators,c,0.7125735316496947,2.93361013183957,1.004151279608682,0.7129868016594385
cycle_three,2027,trained,ONE_END_layer3,generators,r,0.7280235633844749,2.911140296051358,1.0005530310853992,0.7284146188960127
cycle_three,2027,trained,ONE_END_layer3,generators,i,0.3293810333042107,0.4911796089989744,0.9977709417826303,0.33034526846491585
cycle_three,2027,trained,ONE_END_layer3,composites,rc,0.8677291946218858,1.9507550279622365,1.0001170947092486,0.8679193773748564
cycle_three,2027,trained,ONE_END_layer3,composites,ci,0.7358324011819526,2.8811811251811013,0.9999784306328898,0.7362122289228149
cycle_three,2027,trained,ONE_END_layer3,composites,ri,0.7359822555960154,2.8811811251811013,0.9993286219526645,0.7363618678719083
cycle_three,2027,trained,ONE_END_layer3,composites,rci,0.8686737121549655,1.9509526847856584,0.9999869534786056,0.8688625368535705
cycle_three,2027,trained,ONE_END_layer4,generators,c,0.8316505099967284,2.7366082649699424,0.9968538720357442,0.8322770234453089
cycle_three,2027,trained,ONE_END_layer4,generators,r,0.8364292805986091,2.7657665275475276,1.0000389298546815,0.8370380098290746
cycle_three,2027,trained,ONE_END_layer4,generators,i,0.35155218080475303,0.5125723239629812,0.9815968164089974,0.35396538252826604
cycle_three,2027,trained,ONE_END_layer4,composites,rc,0.9870010064638333,2.296876302167193,0.9997257076210279,0.987049382281712
cycle_three,2027,trained,ONE_END_layer4,composites,ci,0.8499519216117232,2.7018358121751724,0.999781220336877,0.850510326267669
cycle_three,2027,trained,ONE_END_layer4,composites,ri,0.8470914790801759,2.7018358121751724,0.9995419037546702,0.8476605288869615
cycle_three,2027,trained,ONE_END_layer4,composites,rci,0.98146140481846,2.284504957002008,0.9999703805523186,0.9815303962908951
cycle_three,2027,trained,ONE_END_numeric_contrast,generators,c,0.8450881486295012,2.7126193459669006,0.9949339924383396,0.8450881486295011
cycle_three,2027,trained,ONE_END_numeric_contrast,generators,r,0.8529144913622775,2.737497085144022,0.9940282511807558,0.8529144913622773
cycle_three,2027,trained,ONE_END_numeric_contrast,generators,i,0.3892806322937436,0.5489253613423578,0.9681573939661783,0.38928063229374343
cycle_three,2027,trained,ONE_END_numeric_contrast,composites,rc,1.009694055670072,2.3474510871326144,0.9998528841134477,1.009694055670072
cycle_three,2027,trained,ONE_END_numeric_contrast,composites,ci,0.8783366189234316,2.660352571596735,0.9999075646301148,0.8783366189234314
cycle_three,2027,trained,ONE_END_numeric_contrast,composites,ri,0.8613108011951938,2.6603525715967344,0.9999586330019051,0.8613108011951939
cycle_three,2027,trained,ONE_END_numeric_contrast,composites,rci,1.0003577935182038,2.332801977220636,0.9999965681858609,1.0003577935182035
cycle_three,2027,trained,ONE_END_numeric_null,generators,c,0.8117667413527753,2.769758515200478,1.000481940234959,0.8130126583284916
cycle_three,2027,trained,ONE_END_numeric_null,generators,r,0.8099357633337834,2.804885052678999,1.008368724221927,0.8111937995630917
cycle_three,2027,trained,ONE_END_numeric_null,generators,i,0.3233085509005607,0.4634147222471315,1.010155831818565,0.32778757532915587
cycle_three,2027,trained,ONE_END_numeric_null,composites,rc,0.9652940690631353,2.2262313707807757,0.9998582365091185,0.9655237878111559
cycle_three,2027,trained,ONE_END_numeric_null,composites,ci,0.8176447944700724,2.7594304059413473,1.0000348859288104,0.8188518045798308
cycle_three,2027,trained,ONE_END_numeric_null,composites,ri,0.8217021987113623,2.7594304059413477,0.9995330558783644,0.8228823528401006
cycle_three,2027,trained,ONE_END_numeric_null,composites,rci,0.956407911774293,2.2168495272099205,0.9999864130575636,0.9566964480463506
cycle_three,2027,trained,source_query_concat_layer1,generators,c,0.7455560958416545,2.9299820429611243,0.9922239124727493,0.7467389274344806
cycle_three,2027,trained,source_query_concat_layer1,generators,r,0.736271663929515,2.953743990682352,1.009745782337439,0.7374976559958585
cycle_three,2027,trained,source_query_concat_layer1,generators,i,0.2009413017601386,0.36913645160177033,0.9674612788726451,0.20465588032678528
cycle_three,2027,trained,source_query_concat_layer1,composites,rc,0.9529210760395023,1.9683420575053636,0.9999967937788821,0.9531399315031495
cycle_three,2027,trained,source_query_concat_layer1,composites,ci,0.7517127528952766,2.9169805982466666,1.0001502274186038,0.7528669640796346
cycle_three,2027,trained,source_query_concat_layer1,composites,ri,0.755257444896579,2.916980598246666,0.9990893499515168,0.7563951778960898
cycle_three,2027,trained,source_query_concat_layer1,composites,rci,0.9514356504493513,1.9448342607560571,1.0000087025819964,0.9516614112005218
cycle_three,2027,trained,source_query_concat_layer2,generators,c,0.3264793134018681,3.4952278424048386,0.9855197049014104,0.3310941252870836
cycle_three,2027,trained,source_query_concat_layer2,generators,r,0.32486416666979284,3.504210194365765,1.0046353502148537,0.32949004517624786
cycle_three,2027,trained,source_query_concat_layer2,generators,i,0.1503586625469815,0.2470007886155772,0.9938886891763057,0.1561802134217627
cycle_three,2027,trained,source_query_concat_layer2,composites,rc,0.3869594734610777,0.8972305790127144,1.000557653693614,0.39115988892608716
cycle_three,2027,trained,source_query_concat_layer2,composites,ci,0.3336457244405666,3.4876380928426585,1.0006452398375072,0.3382114336931626
cycle_three,2027,trained,source_query_concat_layer2,composites,ri,0.3347794203447161,3.4876380928426585,0.9987865138040701,0.33933736176859236
cycle_three,2027,trained,source_query_concat_layer2,composites,rci,0.3867321842537932,0.8810544099157883,1.0000543601468403,0.39093415705320395
cycle_three,2027,trained,source_query_concat_layer3,generators,c,0.26825877512963564,3.589564955613339,0.995484299474957,0.2743200496397586
cycle_three,2027,trained,source_query_concat_layer3,generators,r,0.2660794079510171,3.6005271203115266,1.005037595572516,0.272158734939638
cycle_three,2027,trained,source_query_concat_layer3,generators,i,0.13596454709898878,0.2170367184534657,0.991990344168019,0.14312166205781776
cycle_three,2027,trained,source_query_concat_layer3,composites,rc,0.3195353832333434,0.7193574663040566,1.0007835327063246,0.3251719152428377
cycle_three,2027,trained,source_query_concat_layer3,composites,ci,0.2739537272499432,3.5852870334085307,1.0008570909846235,0.2799678284330076
cycle_three,2027,trained,source_query_concat_layer3,composites,ri,0.27435772202781517,3.585287033408531,0.999478695488051,0.2803684767775146
cycle_three,2027,trained,source_query_concat_layer3,composites,rci,0.3184074462424053,0.7029396725005493,1.0000494043428116,0.324053321357768
cycle_three,2027,trained,source_query_concat_layer4,generators,c,0.19253189744945784,3.7121474942478683,0.9965294854981508,0.2005262283795331
cycle_three,2027,trained,source_query_concat_layer4,generators,r,0.18865240932036761,3.727218483143298,1.0001525473623754,0.19668514908894097
cycle_three,2027,trained,source_query_concat_layer4,generators,i,0.10080231464833922,0.14868916147101718,0.9986152583499204,0.10970481351554237
cycle_three,2027,trained,source_query_concat_layer4,composites,rc,0.23291807592538538,0.4971288896758757,1.0006166594154016,0.24051256384653213
cycle_three,2027,trained,source_query_concat_layer4,composites,ci,0.19639776712178264,3.713359786193891,1.0001345809923998,0.20435382404277264
cycle_three,2027,trained,source_query_concat_layer4,composites,ri,0.19743027647392575,3.7133597861938914,1.0003102684501064,0.20537611104505032
cycle_three,2027,trained,source_query_concat_layer4,composites,rci,0.23255282820809642,0.48809639907415897,1.0000247128645798,0.24015093226109305
cycle_three,2027,trained,source_query_concat_numeric_contrast,generators,c,0.12520622737082726,3.826046094164571,0.9963129084675136,0.12577548578143538
cycle_three,2027,trained,source_query_concat_numeric_contrast,generators,r,0.12350322164915721,3.832739940161668,1.0010864235340788,0.12407358826419097
cycle_three,2027,trained,source_query_concat_numeric_contrast,generators,i,0.07854267605318456,0.10888489034210601,0.9991742966944676,0.0791423000423868
cycle_three,2027,trained,source_query_concat_numeric_contrast,composites,rc,0.16295712133809023,0.29467237904476695,1.0004682465239234,0.1635018139429379
cycle_three,2027,trained,source_query_concat_numeric_contrast,composites,ci,0.12884568725213189,3.825447450543017,1.000040963501673,0.1294125773409568
cycle_three,2027,trained,source_query_concat_numeric_contrast,composites,ri,0.12956867469618108,3.825447450543017,1.0006445737040441,0.13013509431219725
cycle_three,2027,trained,source_query_concat_numeric_contrast,composites,rci,0.1628267328697516,0.2867617952008528,1.0000047066606712,0.16337151032286246
cycle_three,2027,trained,source_query_concat_numeric_null,generators,c,0.5853482106417235,3.0615633127920607,0.9993471313265736,0.6007119680412468
cycle_three,2027,trained,source_query_concat_numeric_null,generators,r,0.5697719265469384,3.1219780024831847,0.9988829346183289,0.5857128194036335
cycle_three,2027,trained,source_query_concat_numeric_null,generators,i,0.24369772609370985,0.3895541192591045,0.997117056976965,0.2717203825857674
cycle_three,2027,trained,source_query_concat_numeric_null,composites,rc,0.6575804994746268,1.6496681783957063,1.0005164866066716,0.670267892294225
cycle_three,2027,trained,source_query_concat_numeric_null,composites,ci,0.5890947601100873,3.0715714096481586,1.0002096174120754,0.6043196996421986
cycle_three,2027,trained,source_query_concat_numeric_null,composites,ri,0.5934339913062638,3.071571409648158,0.9996120325541267,0.6084981528142368
cycle_three,2027,trained,source_query_concat_numeric_null,composites,rci,0.6549050621873629,1.6340935677736261,1.0000330709128262,0.6676915858209939
cycle_three,3037,random,ONE_END_layer1,generators,c,0.9619556502682729,2.3698534422026922,1.0035505584832347,0.9672040739001619
cycle_three,3037,random,ONE_END_layer1,generators,r,0.9658647336869225,2.3639720744056656,1.0068195824933162,0.9705738781370633
cycle_three,3037,random,ONE_END_layer1,generators,i,0.9644326036935044,2.188064265389953,1.0045688869677774,0.9693393182152696
cycle_three,3037,random,ONE_END_layer1,composites,rc,1.000958577127988,2.322724038209982,1.0000466991157506,1.0008263362331642
cycle_three,3037,random,ONE_END_layer1,composites,ci,0.9992728980834233,2.291542300414671,0.9999114335745821,0.9993732057219732
cycle_three,3037,random,ONE_END_layer1,composites,ri,0.9996354708509364,2.291542300414671,0.9999164007508567,0.9996857596169147
cycle_three,3037,random,ONE_END_layer1,composites,rci,1.0000335847020738,2.1723015789623656,0.9999970161027721,1.0000289515109355
cycle_three,3037,random,ONE_END_layer2,generators,c,0.9569636812566669,2.0687395059902354,1.0011519417499735,0.9579753120477911
cycle_three,3037,random,ONE_END_layer2,generators,r,0.20675698884888938,3.7452691503863504,1.007523378739163,0.22540331080105686
cycle_three,3037,random,ONE_END_layer2,generators,i,0.9324610817306109,1.9842150352549348,1.0023849695528682,0.934048681490897
cycle_three,3037,random,ONE_END_layer2,composites,rc,0.97365324390055,2.0353238689905186,0.9999907268486342,0.9742725624318445
cycle_three,3037,random,ONE_END_layer2,composites,ci,0.963414768436575,2.084904027497974,0.9999849788260575,0.9642747571119702
cycle_three,3037,random,ONE_END_layer2,composites,ri,0.9934036561573568,2.0849040274979735,0.999963357604124,0.9935587127406083
cycle_three,3037,random,ONE_END_layer2,composites,rci,0.9916480499537457,1.996644384382012,0.9999970973311859,0.991844374594873
cycle_three,3037,random,ONE_END_layer3,generators,c,0.9547616896959088,2.080493087119193,1.0015930985188264,0.9557401685431889
cycle_three,3037,random,ONE_END_layer3,generators,r,0.19884822410215133,3.6604054007401032,1.0093941410539418,0.21617668002606907
cycle_three,3037,random,ONE_END_layer3,generators,i,0.9381685495791133,2.0054384056840697,1.0024055560173522,0.9395059285821488
cycle_three,3037,random,ONE_END_layer3,composites,rc,0.9746527620928548,2.056932043082608,1.0000021935295342,0.9752010083903492
cycle_three,3037,random,ONE_END_layer3,composites,ci,0.9657998648501046,2.099584355775638,0.9999391743846643,0.9665395942651369
cycle_three,3037,random,ONE_END_layer3,composites,ri,0.9874555970349397,2.0995843557756384,1.0000397864552193,0.9877269253155623
cycle_three,3037,random,ONE_END_layer3,composites,rci,0.9865501456360004,1.9975623518227492,0.9999993006462996,0.986841058313899
cycle_three,3037,random,ONE_END_layer4,generators,c,0.9493928425026169,2.0976003204395957,1.0015833608742353,0.9504358310523225
cycle_three,3037,random,ONE_END_layer4,generators,r,0.21892514515337672,3.5943223388748606,1.0127468771052759,0.23502271257969023
cycle_three,3037,random,ONE_END_layer4,generators,i,0.938660675023047,2.0240295195011955,1.0028438295156201,0.9399248482499458
cycle_three,3037,random,ONE_END_layer4,composites,rc,0.9702321941836685,2.0657959724802555,1.0000319400674946,0.9708456939760229
cycle_three,3037,random,ONE_END_layer4,composites,ci,0.9684666374891374,2.10531737308327,0.9999764159702254,0.9691165245339542
cycle_three,3037,random,ONE_END_layer4,composites,ri,0.9834128359738574,2.10531737308327,1.0000499713908948,0.983754689241397
cycle_three,3037,random,ONE_END_layer4,composites,rci,0.986114252000734,2.0076171025375507,0.9999983600612694,0.9864004304166644
cycle_three,3037,random,ONE_END_numeric_contrast,generators,c,0.9690783750758784,2.096582281974074,1.0007659029170362,0.9690783750758786
cycle_three,3037,random,ONE_END_numeric_contrast,generators,r,0.3304949362724323,3.584357932696779,1.0036385171392863,0.3304949362724323
cycle_three,3037,random,ONE_END_numeric_contrast,generators,i,0.9588778317821568,2.000557699409676,0.9999935873978795,0.9588778317821568
cycle_three,3037,random,ONE_END_numeric_contrast,composites,rc,0.9853157939129159,2.0804021175984966,0.9999188450645339,0.9853157939129161
cycle_three,3037,random,ONE_END_numeric_contrast,composites,ci,0.9777419218544908,2.120428057322328,0.9999034625608509,0.9777419218544906
cycle_three,3037,random,ONE_END_numeric_contrast,composites,ri,0.9912770710482772,2.120428057322328,1.0000182522545864,0.9912770710482773
cycle_three,3037,random,ONE_END_numeric_contrast,composites,rci,0.9916197598530262,1.9972438536763182,0.9999983102060991,0.9916197598530262
cycle_three,3037,random,ONE_END_numeric_null,generators,c,0.9514744405227856,2.0984750282962024,1.001388869954294,0.9524090136291236
cycle_three,3037,random,ONE_END_numeric_null,generators,r,0.22173128389969488,3.5925789772853483,1.013815824054012,0.2367202715467716
cycle_three,3037,random,ONE_END_numeric_null,generators,i,0.9402733269998508,2.027211355779598,1.0028253596348153,0.9414236268195404
cycle_three,3037,random,ONE_END_numeric_null,composites,rc,0.9706583539285032,2.0645378855107013,1.0000413039506544,0.9712234563942865
cycle_three,3037,random,ONE_END_numeric_null,composites,ci,0.9715326029904092,2.103951295446876,0.9999865061928869,0.9720808679447803
cycle_three,3037,random,ONE_END_numeric_null,composites,ri,0.9856371777150644,2.1039512954468758,1.0000387116558864,0.985913797038638
cycle_three,3037,random,ONE_END_numeric_null,composites,rci,0.9873059192841928,2.0092941622343994,0.9999986169537299,0.9875503996482419
cycle_three,3037,random,source_query_concat_layer1,generators,c,0.9659359091447597,2.349357313545416,1.0079903158428087,0.970692503762829
cycle_three,3037,random,source_query_concat_layer1,generators,r,0.9632122563313058,2.3936587451588798,1.0074957895165633,0.9683491726309085
cycle_three,3037,random,source_query_concat_layer1,generators,i,0.940610711533009,2.1842416517894887,1.0050115814756906,0.9489036312264643
cycle_three,3037,random,source_query_concat_layer1,composites,rc,1.0021501924221474,2.3258472511841513,0.9999363779971756,1.0018499468131725
cycle_three,3037,random,source_query_concat_layer1,composites,ci,0.9963706254006353,2.2838710565464524,1.0000798492621192,0.9968774190138764
cycle_three,3037,random,source_query_concat_layer1,composites,ri,0.9966448978204326,2.2838710565464515,1.0000680231151218,0.9971133929591471
cycle_three,3037,random,source_query_concat_layer1,composites,rci,1.0002501221835332,2.1791529252291597,0.9999939686680509,1.000215195966447
cycle_three,3037,random,source_query_concat_layer2,generators,c,0.9623572169707281,2.0752008632783654,1.0018094805974418,0.9633358495085209
cycle_three,3037,random,source_query_concat_layer2,generators,r,0.2149502796669765,3.7367195595628866,1.0079141360227442,0.23535990770923665
cycle_three,3037,random,source_query_concat_layer2,generators,i,0.9475167384148331,1.992840754167349,1.0026779459275152,0.9488811919260624
cycle_three,3037,random,source_query_concat_layer2,composites,rc,0.9770773880841487,2.034899228276848,1.000012858334489,0.9776733273868993
cycle_three,3037,random,source_query_concat_layer2,composites,ci,0.9678308527827653,2.0817057669439003,1.0000472096409827,0.9686671823962094
cycle_three,3037,random,source_query_concat_layer2,composites,ri,0.9952339575282829,2.0817057669439003,0.9999803677727138,0.9953578645262247
cycle_three,3037,random,source_query_concat_layer2,composites,rci,0.9923729614303176,1.996928060826749,0.9999972633908913,0.9925712482601062
cycle_three,3037,random,source_query_concat_layer3,generators,c,0.9558061964224968,2.0827818291557465,1.0018558733712069,0.956846291003377
cycle_three,3037,random,source_query_concat_layer3,generators,r,0.21083140899183395,3.6523315083925856,1.010312197807781,0.2294043741693867
cycle_three,3037,random,source_query_concat_layer3,generators,i,0.9484535713964096,2.0136880314872108,1.0023851505205097,0.9496667089114982
cycle_three,3037,random,source_query_concat_layer3,composites,rc,0.9750618954040591,2.058836418589642,0.9999717850591293,0.9756488099791346
cycle_three,3037,random,source_query_concat_layer3,composites,ci,0.969384529084781,2.096951902868289,0.9999757523647664,0.9701050596300685
cycle_three,3037,random,source_query_concat_layer3,composites,ri,0.9899789639889419,2.096951902868289,1.0000646875201376,0.9902148075780014
cycle_three,3037,random,source_query_concat_layer3,composites,rci,0.9873130857390275,1.9984584066382372,0.9999989503828346,0.9876116703753962
cycle_three,3037,random,source_query_concat_layer4,generators,c,0.9531024734736125,2.099509039166811,1.001973815915806,0.9541375832582936
cycle_three,3037,random,source_query_concat_layer4,generators,r,0.23084130643894696,3.588534848281789,1.0133525429396488,0.24781797341155484
cycle_three,3037,random,source_query_concat_layer4,generators,i,0.9517354555505516,2.0338667049190984,1.0024936247675338,0.9528007377927757
cycle_three,3037,random,source_query_concat_layer4,composites,rc,0.975581701566263,2.0664132680218747,0.9999898690089519,0.9761206557821065
cycle_three,3037,random,source_query_concat_layer4,composites,ci,0.9737063250423709,2.101015854421198,0.9999952781112234,0.9742866720721561
cycle_three,3037,random,source_query_concat_layer4,composites,ri,0.9885810747608902,2.101015854421198,1.0000842281105664,0.9888331102544657
cycle_three,3037,random,source_query_concat_layer4,composites,rci,0.9887018782675842,2.00964443076803,0.9999985050764579,0.9889512474181549
cycle_three,3037,random,source_query_concat_numeric_contrast,generators,c,0.9422474238039662,2.1040553276617326,1.0030697592936095,0.9422480614334402
cycle_three,3037,random,source_query_concat_numeric_contrast,generators,r,0.3129425954545238,3.5789581772532846,1.007453349664791,0.31295018105641953
cycle_three,3037,random,source_query_concat_numeric_contrast,generators,i,0.9407673629399623,2.022102517776152,1.0007819654888368,0.9407680169103598
cycle_three,3037,random,source_query_concat_numeric_contrast,composites,rc,0.9639095623079517,2.0792959606253656,0.9998601240246173,0.9639099607720257
cycle_three,3037,random,source_query_concat_numeric_contrast,composites,ci,0.9608063349351117,2.1069591108519443,0.9999201860243122,0.9608067676610209
cycle_three,3037,random,source_query_concat_numeric_contrast,composites,ri,0.9893362632862698,2.106959110851944,1.000152926821706,0.9893363810214999
cycle_three,3037,random,source_query_concat_numeric_contrast,composites,rci,0.9870277376181662,2.001669794979577,0.9999927116669867,0.9870278808411598
cycle_three,3037,random,source_query_concat_numeric_null,generators,c,0.9522606574041566,2.099623151023749,1.0016396928486717,0.9532487610898013
cycle_three,3037,random,source_query_concat_numeric_null,generators,r,0.23339292774902884,3.5865393270936026,1.0139625989351553,0.24926007698787161
cycle_three,3037,random,source_query_concat_numeric_null,generators,i,0.951518936165552,2.035541660984681,1.002600861572593,0.9525223919161755
cycle_three,3037,random,source_query_concat_numeric_null,composites,rc,0.9751788229071873,2.065471892595585,1.0000098822545285,0.9756925689127635
cycle_three,3037,random,source_query_concat_numeric_null,composites,ci,0.9756732211778671,2.100843956568401,1.000003111551211,0.9761767341821729
cycle_three,3037,random,source_query_concat_numeric_null,composites,ri,0.9897051625423066,2.1008439565684007,1.0000676139030258,0.9899182439607329
cycle_three,3037,random,source_query_concat_numeric_null,composites,rci,0.9898480359996724,2.011136055165582,0.9999988567262275,0.9900581602389222
cycle_three,3037,trained,ONE_END_layer1,generators,c,0.8743222357505764,2.6290835530333956,0.9889025893593848,0.8743672572534985
cycle_three,3037,trained,ONE_END_layer1,generators,r,0.9390933030873405,2.3558679545266505,0.9978879792650991,0.9391151216727471
cycle_three,3037,trained,ONE_END_layer1,generators,i,0.5632805386219156,1.070163498009706,1.0120394214581439,0.5634369844866548
cycle_three,3037,trained,ONE_END_layer1,composites,rc,1.0317093425020771,2.513605460675473,1.0013705304089495,1.0316979832750521
cycle_three,3037,trained,ONE_END_layer1,composites,ci,0.9595477447253564,2.4917976287450125,0.9994470257757682,0.9595622359230629
cycle_three,3037,trained,ONE_END_layer1,composites,ri,0.9452600654912242,2.4917976287450125,1.0007197429539691,0.9452796749594236
cycle_three,3037,trained,ONE_END_layer1,composites,rci,1.0265884156545817,2.4476842762647513,1.0000278548189765,1.026578890895447
cycle_three,3037,trained,ONE_END_layer2,generators,c,0.8419102062691252,2.703838552700089,0.9874938850808046,0.8420223180053182
cycle_three,3037,trained,ONE_END_layer2,generators,r,0.8846973406032541,2.5072831046926214,1.003231089124886,0.8847791092046773
cycle_three,3037,trained,ONE_END_layer2,generators,i,0.45045716517946643,0.8261273253619811,1.0146468160318227,0.45084688168089393
cycle_three,3037,trained,ONE_END_layer2,composites,rc,1.0145228963183084,2.395528988175364,1.0010427012414984,1.0145125971896785
cycle_three,3037,trained,ONE_END_layer2,composites,ci,0.8963027977571648,2.605480031632546,1.0003471464687457,0.8963763361754741
cycle_three,3037,trained,ONE_END_layer2,composites,ri,0.8932162994509942,2.6054800316325455,1.0005578134913176,0.8932920267056333
cycle_three,3037,trained,ONE_END_layer2,composites,rci,1.0107098221298731,2.356261965804853,1.0000249883651209,1.0107022270997013
cycle_three,3037,trained,ONE_END_layer3,generators,c,0.8537634304167601,2.721894427555149,0.9952242111202424,0.853904039362152
cycle_three,3037,trained,ONE_END_layer3,generators,r,0.851520814750579,2.6860904581535308,0.9843048818353753,0.8516635800090235
cycle_three,3037,trained,ONE_END_layer3,generators,i,0.29989910322039637,0.4996234998658573,0.9891256330823334,0.300572262123431
cycle_three,3037,trained,ONE_END_layer3,composites,rc,1.0550822715397747,2.3537250941889973,1.0003807685580974,1.055029309000151
cycle_three,3037,trained,ONE_END_layer3,composites,ci,0.8597137362974087,2.7081457215042666,1.000380079177431,0.8598486239226344
cycle_three,3037,trained,ONE_END_layer3,composites,ri,0.8650482851274903,2.7081457215042666,1.000520440144718,0.8651780434934117
cycle_three,3037,trained,ONE_END_layer3,composites,rci,1.044855910881544,2.3223750772279304,0.9999836767625145,1.0448127811613817
cycle_three,3037,trained,ONE_END_layer4,generators,c,0.8094414816398265,2.8307026133990933,0.9997676973899732,0.8097379074751586
cycle_three,3037,trained,ONE_END_layer4,generators,r,0.815693862189313,2.8005596434881856,0.9930571661385764,0.8159805620510011
cycle_three,3037,trained,ONE_END_layer4,generators,i,0.2582657653158141,0.3568330550379366,0.9935348690773396,0.2594195798605673
cycle_three,3037,trained,ONE_END_layer4,composites,rc,1.0140920318895785,2.2070570707190322,1.0001626740684837,1.0140701108421213
cycle_three,3037,trained,ONE_END_layer4,composites,ci,0.8130209992164196,2.8101700900180457,0.9997018785683863,0.8133118568856214
cycle_three,3037,trained,ONE_END_layer4,composites,ri,0.8146199368937327,2.8101700900180457,1.0006659716344533,0.8149083073141843
cycle_three,3037,trained,ONE_END_layer4,composites,rci,1.0046613747247253,2.1845074373196613,1.0000074407945716,1.0046541236613329
cycle_three,3037,trained,ONE_END_numeric_contrast,generators,c,0.8125889823310143,2.860960639632868,1.0013481276017955,0.8125889823310144
cycle_three,3037,trained,ONE_END_numeric_contrast,generators,r,0.8145603811544808,2.813620733645498,0.9874264502573739,0.8145603811544808
cycle_three,3037,trained,ONE_END_numeric_contrast,generators,i,0.27129130701051823,0.338895035027555,0.994676626889086,0.2712913070105183
cycle_three,3037,trained,ONE_END_numeric_contrast,composites,rc,1.0395552986271164,2.170815746737182,1.0000499973246422,1.0395552986271166
cycle_three,3037,trained,ONE_END_numeric_contrast,composites,ci,0.8159064668146355,2.8365955333082256,0.9994413614259379,0.8159064668146354
cycle_three,3037,trained,ONE_END_numeric_contrast,composites,ri,0.8078807661919921,2.836595533308226,1.0006250404639285,0.8078807661919921
cycle_three,3037,trained,ONE_END_numeric_contrast,composites,rci,1.0236301618478845,2.142516778340445,0.9999993199677666,1.0236301618478847
cycle_three,3037,trained,ONE_END_numeric_null,generators,c,0.8312527400725723,2.756893640505393,0.9973239082404367,0.831953422475705
cycle_three,3037,trained,ONE_END_numeric_null,generators,r,0.8218207214901451,2.7685704670464113,0.9984024370540114,0.8225605680814819
cycle_three,3037,trained,ONE_END_numeric_null,generators,i,0.2637331856443136,0.4013323493159791,0.9756392719342167,0.2667903564751255
cycle_three,3037,trained,ONE_END_numeric_null,composites,rc,1.0117762106197947,2.2952333554359194,1.000480970932056,1.0117273127380724
cycle_three,3037,trained,ONE_END_numeric_null,composites,ci,0.8376996555018404,2.745660707649709,1.0003690571102608,0.8383735686395183
cycle_three,3037,trained,ONE_END_numeric_null,composites,ri,0.8406384796791511,2.745660707649709,1.000293295543617,0.8413001900563941
cycle_three,3037,trained,ONE_END_numeric_null,composites,rci,1.0044751932252687,2.286648772396878,1.0000427797416356,1.00445661106195
cycle_three,3037,trained,source_query_concat_layer1,generators,c,0.7371054097428187,2.930138685375526,0.9984587472194232,0.7377204919948637
cycle_three,3037,trained,source_query_concat_layer1,generators,r,0.7542216782033817,2.8948673168065198,1.0136114810962087,0.7547967143177672
cycle_three,3037,trained,source_query_concat_layer1,generators,i,0.13202415480291663,0.23734554486210108,1.0101827412041842,0.1340549175396547
cycle_three,3037,trained,source_query_concat_layer1,composites,rc,0.9324861395951004,2.076245394201127,0.9998342551398253,0.9326440986358758
cycle_three,3037,trained,source_query_concat_layer1,composites,ci,0.750967057918641,2.897373455695692,0.9993038578671818,0.7515497087168141
cycle_three,3037,trained,source_query_concat_layer1,composites,ri,0.7561979812737999,2.897373455695692,0.9998750367034094,0.7567683935237611
cycle_three,3037,trained,source_query_concat_layer1,composites,rci,0.9300793425069109,2.066656147363343,1.0000281081178377,0.9302429326189526
cycle_three,3037,trained,source_query_concat_layer2,generators,c,0.39425200352171547,3.3903315858518916,0.9925531079289259,0.3971804923207918
cycle_three,3037,trained,source_query_concat_layer2,generators,r,0.3973865754768623,3.3750723927460933,1.0090642151561107,0.4002999101872517
cycle_three,3037,trained,source_query_concat_layer2,generators,i,0.1022205148211948,0.1571591223226837,1.007755807772517,0.10656082990547398
cycle_three,3037,trained,source_query_concat_layer2,composites,rc,0.4610115433872213,1.1673557192931991,1.0001238097952543,0.46361728317868334
cycle_three,3037,trained,source_query_concat_layer2,composites,ci,0.4029990017871078,3.3744754808398283,0.9995362704453102,0.4058852032214802
cycle_three,3037,trained,source_query_concat_layer2,composites,ri,0.398761729620974,3.3744754808398283,0.9985318831019523,0.40166841614840376
cycle_three,3037,trained,source_query_concat_layer2,composites,rci,0.45892107057277953,1.161130218106477,1.0000602432743597,0.46153691675544306
cycle_three,3037,trained,source_query_concat_layer3,generators,c,0.29402744395282654,3.5553973273533557,0.9863228156508805,0.2989100690440357
cycle_three,3037,trained,source_query_concat_layer3,generators,r,0.3015354545377781,3.537684643374613,1.012314123440712,0.3063661529633497
cycle_three,3037,trained,source_query_concat_layer3,generators,i,0.09395353059170058,0.1359528968251983,1.0023130452826308,0.100219900562375
cycle_three,3037,trained,source_query_concat_layer3,composites,rc,0.35922604344022196,0.84761961070644,1.000119606810932,0.36365774403721096
cycle_three,3037,trained,source_query_concat_layer3,composites,ci,0.3024061569514459,3.539752332895061,0.999430165281377,0.30723083345248864
cycle_three,3037,trained,source_query_concat_layer3,composites,ri,0.30113777518639795,3.539752332895061,0.9985879942076484,0.3059712240293372
cycle_three,3037,trained,source_query_concat_layer3,composites,rci,0.3578378875047753,0.8438408559502707,1.0000303265607433,0.36227918882199467
cycle_three,3037,trained,source_query_concat_layer4,generators,c,0.21009490074320247,3.6983240363826866,0.9785122100428317,0.21780563659867308
cycle_three,3037,trained,source_query_concat_layer4,generators,r,0.21249686752133723,3.692070552139597,1.0043063090777833,0.2201841563432626
cycle_three,3037,trained,source_query_concat_layer4,generators,i,0.0705809974820529,0.09000161846324299,0.976100323719832,0.07965361194449112
cycle_three,3037,trained,source_query_concat_layer4,composites,rc,0.26721334613710684,0.5702408846802623,0.9993054272876747,0.2743665147033905
cycle_three,3037,trained,source_query_concat_layer4,composites,ci,0.21542524759311932,3.691383863251544,0.9987252140045343,0.22308395074666607
cycle_three,3037,trained,source_query_concat_layer4,composites,ri,0.21467261892350606,3.6913838632515437,0.998588901272123,0.22233866893539578
cycle_three,3037,trained,source_query_concat_layer4,composites,rci,0.26608193822936665,0.5665951818311238,0.9999620963656929,0.2732461511445595
cycle_three,3037,trained,source_query_concat_numeric_contrast,generators,c,0.14418407309215794,3.8138936784971906,0.9776931515063564,0.14483819897124367
cycle_three,3037,trained,source_query_concat_numeric_contrast,generators,r,0.1426905854899301,3.81118028412692,1.0038839286825652,0.14334585288655483
cycle_three,3037,trained,source_query_concat_numeric_contrast,generators,i,0.06029542992476113,0.07285110133957408,0.9713628431917412,0.06101367441946481
cycle_three,3037,trained,source_query_concat_numeric_contrast,composites,rc,0.19417103523154228,0.3421512737900385,0.9994549251491464,0.19478695457050163
cycle_three,3037,trained,source_query_concat_numeric_contrast,composites,ci,0.14762146230732273,3.810133048674398,0.9987819042638864,0.14827296088634143
cycle_three,3037,trained,source_query_concat_numeric_contrast,composites,ri,0.1447034906293567,3.810133048674398,0.9986867145404614,0.14535721950198058
cycle_three,3037,trained,source_query_concat_numeric_contrast,composites,rci,0.19315515751637594,0.33965756489748017,0.9999746936356901,0.19377185332125813
cycle_three,3037,trained,source_query_concat_numeric_null,generators,c,0.5907238674843986,3.0784683616975723,0.9895838860825282,0.6044806011664434
cycle_three,3037,trained,source_query_concat_numeric_null,generators,r,0.5945455798706397,3.054216263225151,1.0067414982467544,0.6081738568083742
cycle_three,3037,trained,source_query_concat_numeric_null,generators,i,0.13636287105917935,0.19172566476108285,0.9932749614503058,0.1653917467664914
cycle_three,3037,trained,source_query_concat_numeric_null,composites,rc,0.6853976384156499,1.788189243158904,1.000113163836562,0.6959721639259869
cycle_three,3037,trained,source_query_concat_numeric_null,composites,ci,0.6015945820421732,3.054527538858928,0.9995885386098631,0.6149859254333511
cycle_three,3037,trained,source_query_concat_numeric_null,composites,ri,0.5965826486179798,3.054527538858928,0.9995349117137048,0.6101424548826827
cycle_three,3037,trained,source_query_concat_numeric_null,composites,rci,0.6828993569860182,1.7783453894394357,1.000002871501317,0.6935578556126936
interior_four,1009,random,ONE_END_layer1,generators,c,0.956470513235959,2.412988897963573,1.0056786168500327,0.9625377701498462
interior_four,1009,random,ONE_END_layer1,generators,r,0.9588094349219186,2.3643183923914117,1.0054863529551825,0.9645506866419681
interior_four,1009,random,ONE_END_layer1,generators,i,0.9508908891351653,2.1849612451837315,1.0053711772467546,0.9577358490595641
interior_four,1009,random,ONE_END_layer1,composites,rc,1.0010446314081511,2.311567544941791,1.000122713345366,1.000899027873519
interior_four,1009,random,ONE_END_layer1,composites,ci,0.9970061788452307,2.279854944495438,0.9999621680832332,0.9974234656880249
interior_four,1009,random,ONE_END_layer1,composites,ri,0.9975332269744226,2.2798549444954377,0.9999905742141897,0.9978770524317625
interior_four,1009,random,ONE_END_layer1,composites,rci,1.0002019615953677,2.1664540305286164,0.9999994563432453,1.00017381164514
interior_four,1009,random,ONE_END_layer2,generators,c,0.9479554044215098,2.103976247458083,0.999485515608963,0.9495176812478467
interior_four,1009,random,ONE_END_layer2,generators,r,0.20827843463280496,3.7515018792934964,1.0037022896931518,0.2320443653838464
interior_four,1009,random,ONE_END_layer2,generators,i,0.9027475987911551,2.004372812595078,1.0063519477167668,0.9056669253999104
interior_four,1009,random,ONE_END_layer2,composites,rc,0.963087627867711,1.9997428260588788,0.9999214734307904,0.964195664983696
interior_four,1009,random,ONE_END_layer2,composites,ci,0.9542905012194969,2.077689653528692,1.0000139624500426,0.9556626108476822
interior_four,1009,random,ONE_END_layer2,composites,ri,0.9859793777810409,2.077689653528692,0.9999481867720202,0.9864002493996986
interior_four,1009,random,ONE_END_layer2,composites,rci,0.9865304130217949,1.9850269275370815,0.99999882384271,0.9869347436417658
interior_four,1009,random,ONE_END_layer3,generators,c,0.9400886911932407,2.114959810407016,0.9990452020468666,0.9417286156463093
interior_four,1009,random,ONE_END_layer3,generators,r,0.2004832292460289,3.6797169939691394,1.0019242954457384,0.2223680307820275
interior_four,1009,random,ONE_END_layer3,generators,i,0.9151191965162541,2.020789884196689,1.0074187337035283,0.9174425993595815
interior_four,1009,random,ONE_END_layer3,composites,rc,0.9626153798903062,2.018204406728421,0.9999516245778006,0.9636386917475768
interior_four,1009,random,ONE_END_layer3,composites,ci,0.9565479957927938,2.086226676557939,0.9999783793862463,0.957737387339289
interior_four,1009,random,ONE_END_layer3,composites,ri,0.9798140902008082,2.0862266765579385,1.0000522357600725,0.9803666297421141
interior_four,1009,random,ONE_END_layer3,composites,rci,0.9799704073303799,1.993875551582857,0.9999996587435587,0.9805186680754399
interior_four,1009,random,ONE_END_layer4,generators,c,0.9364704563038747,2.112121624135147,0.999780480212156,0.9380901166767309
interior_four,1009,random,ONE_END_layer4,generators,r,0.21296059855659855,3.6306324706066104,1.0026349104583712,0.23302585412480517
interior_four,1009,random,ONE_END_layer4,generators,i,0.9194850379694688,2.01555470506708,1.0077548576955184,0.9215377348068117
interior_four,1009,random,ONE_END_layer4,composites,rc,0.9609510446871239,2.0417160862572197,0.999901668796922,0.9619465822251271
interior_four,1009,random,ONE_END_layer4,composites,ci,0.9573817695275705,2.0971469596005403,1.000032943439207,0.9584683043118848
interior_four,1009,random,ONE_END_layer4,composites,ri,0.9759566842833355,2.0971469596005403,1.0001110694779536,0.9765696590259942
interior_four,1009,random,ONE_END_layer4,composites,rci,0.9776739885791357,2.0056811947328614,0.999997939670408,0.9782431813338526
interior_four,1009,random,ONE_END_numeric_contrast,generators,c,0.9686346313095832,2.113089251011433,1.00045583777729,0.968634631309583
interior_four,1009,random,ONE_END_numeric_contrast,generators,r,0.3211439943861457,3.6035099179380405,0.9999586967866512,0.32114399438614566
interior_four,1009,random,ONE_END_numeric_contrast,generators,i,0.9762087786451509,2.024226800797005,1.0024054499200297,0.9762087786451509
interior_four,1009,random,ONE_END_numeric_contrast,composites,rc,0.9894237214345681,2.059221294718232,0.9999425125439849,0.9894237214345681
interior_four,1009,random,ONE_END_numeric_contrast,composites,ci,0.9817633836270951,2.102759743134401,1.0001098825821173,0.9817633836270949
interior_four,1009,random,ONE_END_numeric_contrast,composites,ri,0.9982565178303606,2.102759743134401,1.0000563858781775,0.9982565178303605
interior_four,1009,random,ONE_END_numeric_contrast,composites,rci,0.9947682174885509,1.9944332492664878,0.9999997721679479,0.9947682174885509
interior_four,1009,random,ONE_END_numeric_null,generators,c,0.9362124145991433,2.112892030252428,0.9998197984138228,0.9377378696744534
interior_four,1009,random,ONE_END_numeric_null,generators,r,0.21390635588693452,3.630508686395913,1.0027623237650394,0.23270547693134297
interior_four,1009,random,ONE_END_numeric_null,generators,i,0.9188772289517289,2.0147929322019413,1.0080415949311428,0.9208172481896595
interior_four,1009,random,ONE_END_numeric_null,composites,rc,0.958855043792019,2.040396523959082,0.999905911307117,0.9598390092749014
interior_four,1009,random,ONE_END_numeric_null,composites,ci,0.9588185209519411,2.097068169336957,1.0000196472395693,0.9598033598642131
interior_four,1009,random,ONE_END_numeric_null,composites,ri,0.9762470491602135,2.097068169336957,1.0001031535697225,0.9768150916591486
interior_four,1009,random,ONE_END_numeric_null,composites,rci,0.9783106510955275,2.007273488516722,0.9999981280370378,0.9788293433639145
interior_four,1009,random,source_query_concat_layer1,generators,c,0.9670967454010149,2.3448387413476643,1.006483498802447,0.9719219822753596
interior_four,1009,random,source_query_concat_layer1,generators,r,0.9606893565255549,2.3913035026864504,1.0071368237993445,0.9664542320297842
interior_four,1009,random,source_query_concat_layer1,generators,i,0.9449492156849012,2.209601349409364,1.0032402572870702,0.953022370686626
interior_four,1009,random,source_query_concat_layer1,composites,rc,1.0023156298086464,2.3091542619812513,1.0001361111429443,1.001976044485669
interior_four,1009,random,source_query_concat_layer1,composites,ci,0.9964111824273841,2.292737253979167,0.9999264538351427,0.9969374797526105
interior_four,1009,random,source_query_concat_layer1,composites,ri,0.9975730133007932,2.2927372539791673,1.0000496703657742,0.9979289290257658
interior_four,1009,random,source_query_concat_layer1,composites,rci,1.0000767888508997,2.1596276366169396,0.9999976487753127,1.0000655278252226
interior_four,1009,random,source_query_concat_layer2,generators,c,0.9491918106519618,2.1018383106844047,0.9991821568904936,0.9506970194987987
interior_four,1009,random,source_query_concat_layer2,generators,r,0.20822187980956183,3.7522584078644265,1.0040161800840204,0.23167855965852677
interior_four,1009,random,source_query_concat_layer2,generators,i,0.9025607303449886,1.9989851855813652,1.0065325045234392,0.9054473998483905
interior_four,1009,random,source_query_concat_layer2,composites,rc,0.9641283647874819,1.9994814373511505,0.9999429966854697,0.9651910734445948
interior_four,1009,random,source_query_concat_layer2,composites,ci,0.9515379517785367,2.0808139095597586,0.9999665585152963,0.9529736554447134
interior_four,1009,random,source_query_concat_layer2,composites,ri,0.9838541877499921,2.0808139095597586,1.0000220279958187,0.9843325125978156
interior_four,1009,random,source_query_concat_layer2,composites,rci,0.9826297159818336,1.9858088393991369,0.9999968709236993,0.9831443161971081
interior_four,1009,random,source_query_concat_layer3,generators,c,0.9364847652156592,2.1089716092776984,0.9986915428275334,0.9382424691131813
interior_four,1009,random,source_query_concat_layer3,generators,r,0.20284072327743943,3.6811032737649123,1.0015578807229246,0.22490109938088582
interior_four,1009,random,source_query_concat_layer3,generators,i,0.9116364393912454,2.018560219424342,1.0072524608443159,0.914081789320413
interior_four,1009,random,source_query_concat_layer3,composites,rc,0.9606975489908218,2.0195662710227023,0.9999367643687245,0.9617851946801679
interior_four,1009,random,source_query_concat_layer3,composites,ci,0.9560519978557367,2.087906765154561,0.9999395724661241,0.957268203305021
interior_four,1009,random,source_query_concat_layer3,composites,ri,0.9839710149031858,2.087906765154561,1.0000479546728296,0.9844145968197708
interior_four,1009,random,source_query_concat_layer3,composites,rci,0.9812952875735751,1.9959850962012213,0.9999967019621117,0.9818129168643365
interior_four,1009,random,source_query_concat_layer4,generators,c,0.9260405320036196,2.110579999585454,0.9993720951814898,0.9279311682909672
interior_four,1009,random,source_query_concat_layer4,generators,r,0.21640691760954653,3.630066314481651,1.0022891012860393,0.23643801783534082
interior_four,1009,random,source_query_concat_layer4,generators,i,0.9162309411359344,2.0139317307595976,1.0074066970188764,0.918372341374956
interior_four,1009,random,source_query_concat_layer4,composites,rc,0.9572175076482614,2.0405857310195112,0.9999140369659809,0.9583111625202424
interior_four,1009,random,source_query_concat_layer4,composites,ci,0.9567871898695001,2.096856444639373,0.9999907487140607,0.9578918450154102
interior_four,1009,random,source_query_concat_layer4,composites,ri,0.9803017074438876,2.096856444639373,1.0000680330256069,0.9808052576682781
interior_four,1009,random,source_query_concat_layer4,composites,rci,0.9800481062022217,2.0111233348750392,0.9999945075110144,0.9805581392708375
interior_four,1009,random,source_query_concat_numeric_contrast,generators,c,0.9264734562053212,2.1100881832671825,1.0020138369892275,0.9264748001022476
interior_four,1009,random,source_query_concat_numeric_contrast,generators,r,0.3033608850183066,3.6012678002754637,1.0017232569078898,0.30337361798679796
interior_four,1009,random,source_query_concat_numeric_contrast,generators,i,0.947509348672266,2.0159179444827577,1.0035143307626764,0.9475103080812269
interior_four,1009,random,source_query_concat_numeric_contrast,composites,rc,0.95323415455772,2.0543013704608857,0.9999282136163344,0.9532350093303328
interior_four,1009,random,source_query_concat_numeric_contrast,composites,ci,0.9707995745862997,2.114838342446294,1.0002390528739513,0.9708001083032397
interior_four,1009,random,source_query_concat_numeric_contrast,composites,ri,0.9983027897377643,2.1148383424462938,1.0000631564154079,0.998302820758883
interior_four,1009,random,source_query_concat_numeric_contrast,composites,rci,0.9915152384858477,1.988748016621122,0.9999917844945219,0.9915153935678674
interior_four,1009,random,source_query_concat_numeric_null,generators,c,0.9280336833771904,2.1112765678869496,0.9992319893056024,0.9297502479895041
interior_four,1009,random,source_query_concat_numeric_null,generators,r,0.21831616449026836,3.630390090399967,1.002352692287545,0.23696114832466966
interior_four,1009,random,source_query_concat_numeric_null,generators,i,0.9160583907634826,2.014224475643641,1.0076832934577118,0.9180605940535481
interior_four,1009,random,source_query_concat_numeric_null,composites,rc,0.9551446322255934,2.0395461944687887,0.9999242921778457,0.956214537434129
interior_four,1009,random,source_query_concat_numeric_null,composites,ci,0.9563056056605191,2.0952033435690094,0.9999660546589048,0.9573478189430574
interior_four,1009,random,source_query_concat_numeric_null,composites,ri,0.9828011282020807,2.0952033435690094,1.000071533306303,0.9832113614345909
interior_four,1009,random,source_query_concat_numeric_null,composites,rci,0.9801732162017849,2.0141559844626347,0.9999946892132436,0.9806461312687379
interior_four,1009,trained,ONE_END_layer1,generators,c,0.436751482275771,3.358858981831384,1.0335344525593897,0.43717386226920407
interior_four,1009,trained,ONE_END_layer1,generators,r,0.9624343358514937,2.0861136323037774,1.006309581224803,0.9624625063383694
interior_four,1009,trained,ONE_END_layer1,generators,i,0.9974903992812122,2.115800143426779,1.002436623568797,0.9974922812304793
interior_four,1009,trained,ONE_END_layer1,composites,rc,0.9738877283678885,2.1582734938095456,0.999807258174013,0.9739073099571398
interior_four,1009,trained,ONE_END_layer1,composites,ci,1.0018905828518774,2.0699343137188433,1.0000065861950567,1.0018891651040316
interior_four,1009,trained,ONE_END_layer1,composites,ri,0.999312549596352,2.0699343137188437,1.000037872421614,0.9993130651153243
interior_four,1009,trained,ONE_END_layer1,composites,rci,1.0000859913929088,2.141085121190828,0.9999882215522385,1.000085926907974
interior_four,1009,trained,ONE_END_layer2,generators,c,0.5479064859841578,3.0403609561341742,1.0210059609247384,0.548741712253875
interior_four,1009,trained,ONE_END_layer2,generators,r,0.9633397105164783,2.1320579965194475,1.00268927610597,0.9634074390635219
interior_four,1009,trained,ONE_END_layer2,generators,i,0.9908442101605968,2.1619343890111784,0.9990832439683733,0.9908611251482194
interior_four,1009,trained,ONE_END_layer2,composites,rc,0.9794434128187334,2.116398555516555,1.0000123585919458,0.9794813903634167
interior_four,1009,trained,ONE_END_layer2,composites,ci,1.0005833132466155,2.18905045779588,0.9999577793767837,1.0005822355966785
interior_four,1009,trained,ONE_END_layer2,composites,ri,0.9982563139783249,2.18905045779588,1.0001564966833658,0.998259535374621
interior_four,1009,trained,ONE_END_layer2,composites,rci,1.0002461550270552,2.171147187226885,0.9999948821715563,1.0002457002646254
interior_four,1009,trained,ONE_END_layer3,generators,c,0.6101344617333806,2.6904656540695515,1.0111759081275846,0.6113953302213427
interior_four,1009,trained,ONE_END_layer3,generators,r,0.9626460131506547,2.1767521919237063,1.0022290490163526,0.9627668200963714
interior_four,1009,trained,ONE_END_layer3,generators,i,0.9748390159469982,2.2577512808740274,1.0003317916011873,0.974920389366305
interior_four,1009,trained,ONE_END_layer3,composites,rc,0.9802993939538176,2.115248412189686,1.0000522691264198,0.9803631079036783
interior_four,1009,trained,ONE_END_layer3,composites,ci,0.9944771204527257,2.261559790319871,0.9999475758374328,0.9944949820591018
interior_four,1009,trained,ONE_END_layer3,composites,ri,0.9978633851947333,2.261559790319872,1.0000951861929068,0.9978702952445184
interior_four,1009,trained,ONE_END_layer3,composites,rci,1.0010358607791618,2.2366628803032826,1.0000000108057903,1.0010325106902567
interior_four,1009,trained,ONE_END_layer4,generators,c,0.7267105771333956,2.128376109200113,1.015913000126051,0.7282619068656672
interior_four,1009,trained,ONE_END_layer4,generators,r,0.9339274935540094,1.9248099365359663,1.0119099113756198,0.9343025546985654
interior_four,1009,trained,ONE_END_layer4,generators,i,0.9120943070382291,2.5134360991194047,0.9978886355684728,0.9125933044516569
interior_four,1009,trained,ONE_END_layer4,composites,rc,0.9632435744578757,1.8955923343562477,0.999905373131687,0.9634522226199504
interior_four,1009,trained,ONE_END_layer4,composites,ci,0.9676106868273507,2.5222243519668934,1.0002216475386256,0.9677945450389331
interior_four,1009,trained,ONE_END_layer4,composites,ri,0.9669401229043099,2.522224351966893,0.9994927630645175,0.9671277875777025
interior_four,1009,trained,ONE_END_layer4,composites,rci,0.9864681872977814,2.4933368168544807,0.9999974659286279,0.9865450007476263
interior_four,1009,trained,ONE_END_numeric_contrast,generators,c,0.8289223122906878,1.9395535090209022,1.0095458533099229,0.8289223122906877
interior_four,1009,trained,ONE_END_numeric_contrast,generators,r,0.9492704044016348,1.8702341766379942,1.0098800960255598,0.9492704044016348
interior_four,1009,trained,ONE_END_numeric_contrast,generators,i,0.8947749771035504,2.59396484846483,0.9960196686656141,0.8947749771035504
interior_four,1009,trained,ONE_END_numeric_contrast,composites,rc,0.9818323507373099,1.8346011578221886,1.0001089985025757,0.9818323507373097
interior_four,1009,trained,ONE_END_numeric_contrast,composites,ci,0.9623015540370459,2.5982675124982326,1.0001833989838895,0.9623015540370459
interior_four,1009,trained,ONE_END_numeric_contrast,composites,ri,0.9617523198748327,2.5982675124982326,0.9999128795426198,0.9617523198748325
interior_four,1009,trained,ONE_END_numeric_contrast,composites,rci,0.987829867151654,2.56511128305762,1.0000132236700292,0.9878298671516542
interior_four,1009,trained,ONE_END_numeric_null,generators,c,0.6164128319874873,2.8795417162156003,1.0173681052631895,0.6246661367477884
interior_four,1009,trained,ONE_END_numeric_null,generators,r,0.9567318994892454,2.1434232123899055,1.0021614634648586,0.9576628608187522
interior_four,1009,trained,ONE_END_numeric_null,generators,i,0.9815927936437031,2.192319698085081,1.003025090413997,0.9819888451712644
interior_four,1009,trained,ONE_END_numeric_null,composites,rc,0.9784351883656325,2.1392940339373467,0.9995387786667467,0.9788991792844087
interior_four,1009,trained,ONE_END_numeric_null,composites,ci,0.9959972745175589,2.219146777836724,0.9999391492416769,0.9960833976103872
interior_four,1009,trained,ONE_END_numeric_null,composites,ri,0.9981570265581307,2.219146777836724,0.9997718541568404,0.9981966801825201
interior_four,1009,trained,ONE_END_numeric_null,composites,rci,1.0001352690175034,2.207127783698618,0.9999843501763618,1.00013235855407
interior_four,1009,trained,source_query_concat_layer1,generators,c,0.29014649672244797,3.5178105617216855,1.0177450204014842,0.2935305161360988
interior_four,1009,trained,source_query_concat_layer1,generators,r,0.8248527160362262,2.1088043115379063,1.0082070808339236,0.8256876795976443
interior_four,1009,trained,source_query_concat_layer1,generators,i,0.9956753503707431,2.0629368106067583,1.001780876755486,0.9956959668757471
interior_four,1009,trained,source_query_concat_layer1,composites,rc,0.8354997209993303,2.0841850415963186,0.9997662129507906,0.8362839280718025
interior_four,1009,trained,source_query_concat_layer1,composites,ci,1.0011589552172062,2.117025590909849,1.0000319703842286,1.001153430236437
interior_four,1009,trained,source_query_concat_layer1,composites,ri,1.0000796895864792,2.117025590909849,1.0000365027906157,1.000079309689632
interior_four,1009,trained,source_query_concat_layer1,composites,rci,1.0004553836077699,1.9922120927176328,0.999989895326247,1.0004532126993186
interior_four,1009,trained,source_query_concat_layer2,generators,c,0.4004311251523946,3.100141952925586,1.0142765535173317,0.40680385953187453
interior_four,1009,trained,source_query_concat_layer2,generators,r,0.8911907281563509,2.1084187758734414,1.0030569359836001,0.892347246809292
interior_four,1009,trained,source_query_concat_layer2,generators,i,0.9800496607566189,2.1361244427283825,0.9997801265204362,0.9802617101442906
interior_four,1009,trained,source_query_concat_layer2,composites,rc,0.9025887629597038,2.0612852174445866,0.9998597433196736,0.9036241334822182
interior_four,1009,trained,source_query_concat_layer2,composites,ci,0.9843560405059849,2.239084457356129,0.9999819163178215,0.984522317980819
interior_four,1009,trained,source_query_concat_layer2,composites,ri,0.9930905026776888,2.239084457356129,1.0001227837765527,0.9931639427660223
interior_four,1009,trained,source_query_concat_layer2,composites,rci,0.9960434739218162,2.115860696315748,0.9999993133382737,0.9960855272885262
interior_four,1009,trained,source_query_concat_layer3,generators,c,0.4458327274370677,2.5553714005903965,1.0113149128687018,0.4540687012998075
interior_four,1009,trained,source_query_concat_layer3,generators,r,0.9034003113693093,2.1098219869973884,1.0001686793721123,0.9048359654580679
interior_four,1009,trained,source_query_concat_layer3,generators,i,0.9429649192517889,2.2906467615811534,0.9976883168419346,0.9438125684320248
interior_four,1009,trained,source_query_concat_layer3,composites,rc,0.9187585200200434,2.0320930451459813,0.9998343326714982,0.9199659220786147
interior_four,1009,trained,source_query_concat_layer3,composites,ci,0.9549991014226175,2.370550596049737,0.9999920004106737,0.9556678998934637
interior_four,1009,trained,source_query_concat_layer3,composites,ri,0.9776769235271083,2.3705505960497364,1.0001152622861955,0.9780086866669927
interior_four,1009,trained,source_query_concat_layer3,composites,rci,0.9849798983660442,2.270965613585606,0.9999930361959418,0.9852031254864421
interior_four,1009,trained,source_query_concat_layer4,generators,c,0.43440094510430816,1.8099555136855396,1.0151174709438826,0.4442979573656359
interior_four,1009,trained,source_query_concat_layer4,generators,r,0.7981218600935511,1.645604723801678,0.9955235799259331,0.8016543808936728
interior_four,1009,trained,source_query_concat_layer4,generators,i,0.8010265819875128,2.664717882775718,0.990045913487153,0.8045082751422351
interior_four,1009,trained,source_query_concat_layer4,composites,rc,0.8105160310280691,1.8040816165978764,1.0003754364070514,0.8138316751190694
interior_four,1009,trained,source_query_concat_layer4,composites,ci,0.8082423742498971,2.718357865516089,1.0009940469092486,0.8115978034303823
interior_four,1009,trained,source_query_concat_layer4,composites,ri,0.8502598780360998,2.718357865516089,0.999793244119773,0.8528800730492662
interior_four,1009,trained,source_query_concat_layer4,composites,rci,0.8740679698773741,2.6389245321070107,1.0000388451599538,0.8762715641645806
interior_four,1009,trained,source_query_concat_numeric_contrast,generators,c,0.44626636922355695,1.656594398126247,1.0140282193222834,0.44694530951743
interior_four,1009,trained,source_query_concat_numeric_contrast,generators,r,0.7944822635632391,1.5770136308405798,0.9936761148453034,0.7947342516394859
interior_four,1009,trained,source_query_concat_numeric_contrast,generators,i,0.7792669953976208,2.727535009521374,0.9884696860241128,0.77953763911995
interior_four,1009,trained,source_query_concat_numeric_contrast,composites,rc,0.8052894759297548,1.7763797073449583,1.0004559717021986,0.8055282131367528
interior_four,1009,trained,source_query_concat_numeric_contrast,composites,ci,0.7906114240528211,2.7784546034735955,1.0011154203805697,0.7908681582177443
interior_four,1009,trained,source_query_concat_numeric_contrast,composites,ri,0.8358807433263088,2.7784546034735955,0.9997524777918623,0.836081972166609
interior_four,1009,trained,source_query_concat_numeric_contrast,composites,rci,0.8609330272566086,2.7055680472196504,1.0000454376966026,0.8611035391527528
interior_four,1009,trained,source_query_concat_numeric_null,generators,c,0.4534891781309158,2.7710030149881093,1.0155964360766996,0.49266998480084745
interior_four,1009,trained,source_query_concat_numeric_null,generators,r,0.8787269415426485,2.0873392048619426,1.003516767368907,0.8874213279437052
interior_four,1009,trained,source_query_concat_numeric_null,generators,i,0.9451104259771986,2.2655525542945423,0.9990863644970127,0.9490456047548614
interior_four,1009,trained,source_query_concat_numeric_null,composites,rc,0.8908043489022865,1.9885855582198264,0.9998319649590475,0.8986328740177173
interior_four,1009,trained,source_query_concat_numeric_null,composites,ci,0.9577779221617034,2.335581731438794,1.000057150814167,0.9608049346247455
interior_four,1009,trained,source_query_concat_numeric_null,composites,ri,0.9708496257430936,2.335581731438794,1.0002620169163945,0.9729394931938604
interior_four,1009,trained,source_query_concat_numeric_null,composites,rci,0.9761002026116854,2.2163562047579926,1.0000138500588454,0.9778136423158058
interior_four,2027,random,ONE_END_layer1,generators,c,0.9579835080567188,2.4056511345054443,1.0055203803914265,0.963867587895144
interior_four,2027,random,ONE_END_layer1,generators,r,0.9570904764707915,2.3944407241411927,1.0072031841748543,0.963099618371916
interior_four,2027,random,ONE_END_layer1,generators,i,0.9423834592862246,2.1594844224386303,1.00666797106304,0.9504522034838927
interior_four,2027,random,ONE_END_layer1,composites,rc,1.002304315319207,2.329312427493521,0.9999645901960328,1.0019816140492053
interior_four,2027,random,ONE_END_layer1,composites,ci,0.9938241642578854,2.2746210741135626,1.000016935531276,0.9946890415690295
interior_four,2027,random,ONE_END_layer1,composites,ri,0.9943070739485416,2.274621074113562,0.9999886357388822,0.9951043235486807
interior_four,2027,random,ONE_END_layer1,composites,rci,1.0000730699459273,2.1618691431940866,1.0000012946933567,1.0000628370736493
interior_four,2027,random,ONE_END_layer2,generators,c,0.9592906471121914,2.1248255649360797,1.004577724467183,0.9603846894127289
interior_four,2027,random,ONE_END_layer2,generators,r,0.22050736562108728,3.7345440678460897,1.0071477056589582,0.2414558173765887
interior_four,2027,random,ONE_END_layer2,generators,i,0.9195212985913376,1.988414526640303,1.0030042546220055,0.9216841210728458
interior_four,2027,random,ONE_END_layer2,composites,rc,0.9721695973720164,1.9871746232253056,1.0000487550662702,0.972917524704586
interior_four,2027,random,ONE_END_layer2,composites,ci,0.9534798313506019,2.0838801093481294,0.9998664149458519,0.9547300362475167
interior_four,2027,random,ONE_END_layer2,composites,ri,0.9843082899923709,2.0838801093481294,1.000134730322337,0.9847299963890171
interior_four,2027,random,ONE_END_layer2,composites,rci,0.9840085582887335,1.9972809986559628,1.000001977108379,0.984438319816187
interior_four,2027,random,ONE_END_layer3,generators,c,0.9403257711011422,2.147859326139126,1.004806450796249,0.9418088055324245
interior_four,2027,random,ONE_END_layer3,generators,r,0.22020808862827898,3.651270352830805,1.002186827958525,0.23958761434882875
interior_four,2027,random,ONE_END_layer3,generators,i,0.9155822693719851,1.99997347870065,1.0036977555703968,0.9176802336597888
interior_four,2027,random,ONE_END_layer3,composites,rc,0.9600425664523088,2.000575196740067,1.000070635860063,0.9610355956180033
interior_four,2027,random,ONE_END_layer3,composites,ci,0.9483326436460021,2.0937353962200778,0.9999296581681826,0.9496166898726597
interior_four,2027,random,ONE_END_layer3,composites,ri,0.9771971861876331,2.0937353962200773,1.000089386674429,0.9777638857267453
interior_four,2027,random,ONE_END_layer3,composites,rci,0.9759298416056894,2.0128508531491964,1.0000024298138572,0.9765280374152352
interior_four,2027,random,ONE_END_layer4,generators,c,0.9345764508579999,2.1514363141097177,1.0040175401279767,0.9362156699996209
interior_four,2027,random,ONE_END_layer4,generators,r,0.23348904350496064,3.608134796057583,1.0010966684064484,0.25269435181713784
interior_four,2027,random,ONE_END_layer4,generators,i,0.9167210562376767,2.021018055529921,1.0039341882463304,0.9188076510571184
interior_four,2027,random,ONE_END_layer4,composites,rc,0.9569146659232223,2.0136257411388327,1.0000673477467186,0.9579941901200599
interior_four,2027,random,ONE_END_layer4,composites,ci,0.948700410892506,2.092898651535638,0.9999913355724787,0.9499857472816979
interior_four,2027,random,ONE_END_layer4,composites,ri,0.9709120283135121,2.0928986515356383,1.0001077597019572,0.9716408417240462
interior_four,2027,random,ONE_END_layer4,composites,rci,0.9739824583868745,2.019987790092671,1.0000082485852664,0.9746343406645782
interior_four,2027,random,ONE_END_numeric_contrast,generators,c,0.9712293348285999,2.1523940123063188,1.0015499663114318,0.9712293348285999
interior_four,2027,random,ONE_END_numeric_contrast,generators,r,0.3373573871681779,3.587884701599424,0.9972998903179594,0.33735738716817787
interior_four,2027,random,ONE_END_numeric_contrast,generators,i,0.9585093998985046,2.007560924588404,1.003454033995339,0.9585093998985045
interior_four,2027,random,ONE_END_numeric_contrast,composites,rc,0.9858004156561191,2.027650737509381,1.0000811274879442,0.9858004156561191
interior_four,2027,random,ONE_END_numeric_contrast,composites,ci,0.9749220823411733,2.0976174634375804,1.0000525928913595,0.9749220823411734
interior_four,2027,random,ONE_END_numeric_contrast,composites,ri,0.9832239957926645,2.0976174634375804,0.9999861876205018,0.9832239957926644
interior_four,2027,random,ONE_END_numeric_contrast,composites,rci,0.9891995797034306,2.029274697121311,1.0000010527620988,0.9891995797034308
interior_four,2027,random,ONE_END_numeric_null,generators,c,0.9352146169660852,2.1518506837104354,1.004107860145333,0.9367628527044506
interior_four,2027,random,ONE_END_numeric_null,generators,r,0.2358019833289067,3.607584981720151,1.0016707231122353,0.25406472447807665
interior_four,2027,random,ONE_END_numeric_null,generators,i,0.9162648635146513,2.023367121523698,1.0039482195911946,0.9182659588974733
interior_four,2027,random,ONE_END_numeric_null,composites,rc,0.9561521116098133,2.0124029239997125,1.0000593443430135,0.9571999848287153
interior_four,2027,random,ONE_END_numeric_null,composites,ci,0.9487801701646967,2.0929006201566005,0.9999766652650379,0.9500042174320024
interior_four,2027,random,ONE_END_numeric_null,composites,ri,0.9708339306054744,2.0929006201566005,1.0001141783358074,0.9715309389254007
interior_four,2027,random,ONE_END_numeric_null,composites,rci,0.9742876365722197,2.018993048732801,1.0000083987868134,0.9749021085119147
interior_four,2027,random,source_query_concat_layer1,generators,c,0.9542450548188824,2.4296163526111942,1.0055739757786812,0.9605818285149943
interior_four,2027,random,source_query_concat_layer1,generators,r,0.9665444445539156,2.3646418568416494,1.0074644941043978,0.9711778297082501
interior_four,2027,random,source_query_concat_layer1,generators,i,0.9447083459690675,2.147763859591492,1.0065619755009336,0.9523658941857862
interior_four,2027,random,source_query_concat_layer1,composites,rc,1.0029305918076103,2.330644117752636,1.000060422128556,1.0025247231740235
interior_four,2027,random,source_query_concat_layer1,composites,ci,0.9981282291080364,2.2801665902309884,0.9999675017311881,0.9983874576680621
interior_four,2027,random,source_query_concat_layer1,composites,ri,0.9980228811204102,2.2801665902309884,1.0000454807643169,0.9982966997177373
interior_four,2027,random,source_query_concat_layer1,composites,rci,1.0001687587764578,2.1670006327410505,1.000006689066677,1.0001453867415575
interior_four,2027,random,source_query_concat_layer2,generators,c,0.9583121295247471,2.1277889122366602,1.0036974491343713,0.9594005651283601
interior_four,2027,random,source_query_concat_layer2,generators,r,0.22332992297467438,3.7288157018141628,1.0081779076789077,0.24360813230650322
interior_four,2027,random,source_query_concat_layer2,generators,i,0.9210435269612826,1.981402147711645,1.004022364317378,0.9231050147612428
interior_four,2027,random,source_query_concat_layer2,composites,rc,0.9710363565179179,1.9857407668229323,1.000039080464488,0.9717925731444054
interior_four,2027,random,source_query_concat_layer2,composites,ci,0.9556041642867661,2.092436289152152,0.9998663945942444,0.9567633026090541
interior_four,2027,random,source_query_concat_layer2,composites,ri,0.981501077475255,2.0924362891521526,1.0001317473614229,0.9819840689467517
interior_four,2027,random,source_query_concat_layer2,composites,rci,0.9849383400507932,1.991379893110296,0.9999982674465434,0.9853315874570849
interior_four,2027,random,source_query_concat_layer3,generators,c,0.9470478635323751,2.143556445128872,1.0039529467051007,0.9483006538174198
interior_four,2027,random,source_query_concat_layer3,generators,r,0.22219695965470643,3.6445459588177815,1.0038387850832466,0.24059893845339902
interior_four,2027,random,source_query_concat_layer3,generators,i,0.9207684041598388,2.005765161178338,1.0041303570729847,0.9226429380343658
interior_four,2027,random,source_query_concat_layer3,composites,rc,0.9644226828344518,2.0064315587287265,1.0000244649617793,0.9652644036843782
interior_four,2027,random,source_query_concat_layer3,composites,ci,0.9511169030887836,2.0947255696016382,0.9999343494996037,0.9522734242982859
interior_four,2027,random,source_query_concat_layer3,composites,ri,0.9758838192178259,2.0947255696016382,1.0001153954012065,0.9764543819752843
interior_four,2027,random,source_query_concat_layer3,composites,rci,0.9776018099666166,2.0102497369430057,0.9999996659149042,0.9781317269208373
interior_four,2027,random,source_query_concat_layer4,generators,c,0.9366560177674141,2.1530676928405184,1.0036512196846017,0.9381503073367022
interior_four,2027,random,source_query_concat_layer4,generators,r,0.23629196159159657,3.601356133612042,1.001368762983383,0.25430789484291433
interior_four,2027,random,source_query_concat_layer4,generators,i,0.9183563530301914,2.0250245216047214,1.0050247844867861,0.9202823331433084
interior_four,2027,random,source_query_concat_layer4,composites,rc,0.9565436226614081,2.014303826594129,1.0000389808490258,0.9575687620525135
interior_four,2027,random,source_query_concat_layer4,composites,ci,0.9492639542151864,2.0937934572866164,1.0000278637904836,0.9504608215628183
interior_four,2027,random,source_query_concat_layer4,composites,ri,0.9702996193684018,2.093793457286617,1.0001066934595528,0.9710002537051998
interior_four,2027,random,source_query_concat_layer4,composites,rci,0.9736763964282759,2.018660910775356,1.0000074872178988,0.9742973723261734
interior_four,2027,random,source_query_concat_numeric_contrast,generators,c,0.9309720668670638,2.152627710444607,1.0031163954160522,0.9309729124965629
interior_four,2027,random,source_query_concat_numeric_contrast,generators,r,0.3109969766314203,3.589012175640427,0.999294767583764,0.3110054172909492
interior_four,2027,random,source_query_concat_numeric_contrast,generators,i,0.9301459891622806,2.0094868368337577,1.0062554140025832,0.9301468449116783
interior_four,2027,random,source_query_concat_numeric_contrast,composites,rc,0.9478418745642616,2.0222669058669953,1.0000859942086244,0.9478425135294961
interior_four,2027,random,source_query_concat_numeric_contrast,composites,ci,0.9561941250333522,2.0991110279614578,1.000023797658301,0.9561946616790031
interior_four,2027,random,source_query_concat_numeric_contrast,composites,ri,0.9855762410929505,2.0991110279614578,0.9999791173033122,0.985576417791795
interior_four,2027,random,source_query_concat_numeric_contrast,composites,rci,0.9867626182183856,2.0283843152912984,1.000004475494835,0.9867627803834689
interior_four,2027,random,source_query_concat_numeric_null,generators,c,0.9366439258957568,2.153795435321387,1.0035095569698034,0.9380799612579147
interior_four,2027,random,source_query_concat_numeric_null,generators,r,0.23812116319600352,3.599655099753274,1.0015011521523272,0.25538998811609054
interior_four,2027,random,source_query_concat_numeric_null,generators,i,0.9206220914437104,2.0279572641737174,1.0050858605533644,0.9224212793711918
interior_four,2027,random,source_query_concat_numeric_null,composites,rc,0.9563067498508977,2.01386857319415,1.0000243380134917,0.9572971056011369
interior_four,2027,random,source_query_concat_numeric_null,composites,ci,0.9509364851655233,2.0935050844819503,1.0000247731469472,0.9520485638934149
interior_four,2027,random,source_query_concat_numeric_null,composites,ri,0.97012481026856,2.0935050844819507,1.0001050904578792,0.970801964424844
interior_four,2027,random,source_query_concat_numeric_null,composites,rci,0.9741441664280319,2.0177134585935717,1.0000064759842282,0.974730217439752
interior_four,2027,trained,ONE_END_layer1,generators,c,0.6705532605473732,2.996801727175508,0.9824454689238192,0.6707985557319383
interior_four,2027,trained,ONE_END_layer1,generators,r,0.9518548620194297,2.3371868052249902,0.9952616939399783,0.9518907093024427
interior_four,2027,trained,ONE_END_layer1,generators,i,0.9864636762597915,2.0453341049486404,1.001199691809375,0.9864737549603295
interior_four,2027,trained,ONE_END_layer1,composites,rc,0.9684114572472794,2.0126391439661084,1.0000315156685167,0.9684349770351444
interior_four,2027,trained,ONE_END_layer1,composites,ci,0.992246372785669,2.2280117344928354,1.0000798828132154,0.992252145880955
interior_four,2027,trained,ONE_END_layer1,composites,ri,0.9847879926529405,2.228011734492836,1.000237587003777,0.9847993190122662
interior_four,2027,trained,ONE_END_layer1,composites,rci,0.9896793500392794,2.1520147496990822,0.9999899399366773,0.9896870344551005
interior_four,2027,trained,ONE_END_layer2,generators,c,0.7118210193506475,2.8779811786676577,0.9909314756275039,0.7122234697072668
interior_four,2027,trained,ONE_END_layer2,generators,r,0.9743944312323184,2.2829986186913245,1.0015060128872761,0.974430190156369
interior_four,2027,trained,ONE_END_layer2,generators,i,0.9843197005411614,2.1272599896629725,1.000323181394788,0.9843415985369653
interior_four,2027,trained,ONE_END_layer2,composites,rc,0.9838683313177349,2.036534340526703,1.000094430005461,0.9838908596638322
interior_four,2027,trained,ONE_END_layer2,composites,ci,0.9944649629605374,2.248284521473207,1.0001344926963762,0.9944726928012965
interior_four,2027,trained,ONE_END_layer2,composites,ri,0.9957590247750667,2.248284521473207,1.000044088116336,0.9957649474207361
interior_four,2027,trained,ONE_END_layer2,composites,rci,0.997375421738789,2.1786568295049302,0.9999910875969942,0.9973790870389256
interior_four,2027,trained,ONE_END_layer3,generators,c,0.6992481733056418,2.830155395884314,0.9933362323031925,0.6999672356176171
interior_four,2027,trained,ONE_END_layer3,generators,r,0.9622807182560505,2.3197151467789214,1.0032361770538263,0.9623709006307841
interior_four,2027,trained,ONE_END_layer3,generators,i,0.980045363227282,2.1707197413909984,1.0014863956552094,0.9800930724213042
interior_four,2027,trained,ONE_END_layer3,composites,rc,0.9756273478218295,1.9760071114688227,1.0000706464332216,0.9756856199720498
interior_four,2027,trained,ONE_END_layer3,composites,ci,0.9874162157536465,2.272777598176667,1.0000183401717961,0.9874463021045525
interior_four,2027,trained,ONE_END_layer3,composites,ri,0.9928043826650731,2.272777598176667,1.0001074996395811,0.992821586541418
interior_four,2027,trained,ONE_END_layer3,composites,rci,0.9955433930808733,2.1578474081236094,0.9999967652086026,0.9955540483048502
interior_four,2027,trained,ONE_END_layer4,generators,c,0.7920893645080201,2.5823627360684895,0.9889643526699902,0.7930562217990754
interior_four,2027,trained,ONE_END_layer4,generators,r,0.9686275650939339,2.285234115610137,1.007285942498316,0.9687734579067537
interior_four,2027,trained,ONE_END_layer4,generators,i,0.9753364355239384,2.2353198867273645,1.0006499704010907,0.9754511297389827
interior_four,2027,trained,ONE_END_layer4,composites,rc,0.9733225454570723,1.901711144776321,0.9999926592362934,0.9734466049664405
interior_four,2027,trained,ONE_END_layer4,composites,ci,0.9956926707493792,2.399359029429367,1.0000706074225993,0.995712701339354
interior_four,2027,trained,ONE_END_layer4,composites,ri,0.9937173472071741,2.3993590294293674,1.0001636939268401,0.9937465637436225
interior_four,2027,trained,ONE_END_layer4,composites,rci,0.9967661804598442,2.1966540579589533,0.9999872120020713,0.9967812188535896
interior_four,2027,trained,ONE_END_numeric_contrast,generators,c,0.845170676602449,2.5383566130379025,0.9868681070447953,0.845170676602449
interior_four,2027,trained,ONE_END_numeric_contrast,generators,r,0.9758481348102555,2.278114624983704,1.004823706268597,0.9758481348102555
interior_four,2027,trained,ONE_END_numeric_contrast,generators,i,0.9766714042155029,2.254811064925337,0.998545729792795,0.9766714042155028
interior_four,2027,trained,ONE_END_numeric_contrast,composites,rc,0.9837856123522907,1.8731227136856072,1.0000073083472631,0.9837856123522908
interior_four,2027,trained,ONE_END_numeric_contrast,composites,ci,0.9969116336969207,2.424855633659851,1.0000302681179527,0.9969116336969206
interior_four,2027,trained,ONE_END_numeric_contrast,composites,ri,0.9948226410584909,2.424855633659851,1.0001022555345238,0.9948226410584907
interior_four,2027,trained,ONE_END_numeric_contrast,composites,rci,0.9980907811709038,2.2058837160477474,0.9999911209773173,0.9980907811709037
interior_four,2027,trained,ONE_END_numeric_null,generators,c,0.749360267788747,2.7172183282336215,0.9953264922187909,0.753055712804951
interior_four,2027,trained,ONE_END_numeric_null,generators,r,0.959606050765215,2.3072511106689166,1.0076457070536164,0.9602016212163464
interior_four,2027,trained,ONE_END_numeric_null,generators,i,0.9754771664568952,2.1752858134436273,1.0033974600111737,0.9758387323674577
interior_four,2027,trained,ONE_END_numeric_null,composites,rc,0.9771802966934774,1.990803429029126,1.0000836524920071,0.9775167515648234
interior_four,2027,trained,ONE_END_numeric_null,composites,ci,0.9909882762013608,2.3204971092520377,0.9999732994966953,0.9911211455174316
interior_four,2027,trained,ONE_END_numeric_null,composites,ri,0.9911799939543046,2.3204971092520377,1.000028776904394,0.9913100365740316
interior_four,2027,trained,ONE_END_numeric_null,composites,rci,0.9947101692142546,2.1684471001206345,0.9999995024252091,0.9947881627496022
interior_four,2027,trained,source_query_concat_layer1,generators,c,0.44193269805703783,3.3470536932522177,1.027569746668471,0.4458582375024569
interior_four,2027,trained,source_query_concat_layer1,generators,r,0.7992890701918944,2.1577327084319498,1.0063970136345846,0.8007009046952696
interior_four,2027,trained,source_query_concat_layer1,generators,i,0.9780725598010147,1.9510465576465217,0.9951570617650829,0.9782268011105101
interior_four,2027,trained,source_query_concat_layer1,composites,rc,0.8293180170764979,2.0934141288123547,0.9998050319893604,0.8305186229071132
interior_four,2027,trained,source_query_concat_layer1,composites,ci,0.9900986216436755,2.2013537066594075,1.0004185066919573,0.9901682696075795
interior_four,2027,trained,source_query_concat_layer1,composites,ri,0.9876948993641796,2.2013537066594075,1.000004204946585,0.9877814555156645
interior_four,2027,trained,source_query_concat_layer1,composites,rci,0.9992820986505382,2.0480454985381416,0.9999949838330532,0.9992871484896085
interior_four,2027,trained,source_query_concat_layer2,generators,c,0.47812950174201946,3.1141080302590085,1.016169353032303,0.48505574568499954
interior_four,2027,trained,source_query_concat_layer2,generators,r,0.8505645999225605,2.055164265952527,1.0028440510383685,0.8525479004503889
interior_four,2027,trained,source_query_concat_layer2,generators,i,0.97488215264469,2.1404015281825113,1.000222406567952,0.9752155156891356
interior_four,2027,trained,source_query_concat_layer2,composites,rc,0.8613979030992759,2.1811566738774757,1.0000346433697538,0.8632374244697069
interior_four,2027,trained,source_query_concat_layer2,composites,ci,0.9882217062027643,2.1810678648865083,1.0000240224639616,0.9883780272370898
interior_four,2027,trained,source_query_concat_layer2,composites,ri,0.9965548524618948,2.1810678648865083,1.0000792539117584,0.9966005763193426
interior_four,2027,trained,source_query_concat_layer2,composites,rci,0.9993913561961303,2.1470337719554613,0.9999991947297971,0.9993994340918418
interior_four,2027,trained,source_query_concat_layer3,generators,c,0.5110401997588195,2.6652580400009276,1.0041987863279185,0.5197645201377601
interior_four,2027,trained,source_query_concat_layer3,generators,r,0.8588760186174067,2.014317421705082,1.007273004947223,0.8613940391706837
interior_four,2027,trained,source_query_concat_layer3,generators,i,0.9240877016323823,2.301827566977966,1.0038498626362746,0.9254421753771239
interior_four,2027,trained,source_query_concat_layer3,composites,rc,0.8684684293348818,1.9597431278083444,0.9999439535323827,0.8708152962181342
interior_four,2027,trained,source_query_concat_layer3,composites,ci,0.9486505147486721,2.3705414043158743,1.0003154303258015,0.9495667237302802
interior_four,2027,trained,source_query_concat_layer3,composites,ri,0.9659949684656449,2.370541404315874,0.9998455023137904,0.9666017070757625
interior_four,2027,trained,source_query_concat_layer3,composites,rci,0.97622847746527,2.3177710348759306,1.0000017808228059,0.9766526235369631
interior_four,2027,trained,source_query_concat_layer4,generators,c,0.4051029764176248,2.1820447189547716,0.9906770482106106,0.4135445239655528
interior_four,2027,trained,source_query_concat_layer4,generators,r,0.7320677620218146,2.037989901926936,1.007969002994634,0.7358697019153706
interior_four,2027,trained,source_query_concat_layer4,generators,i,0.8217395570116972,2.388172871791289,0.9927021052313857,0.8242690603471463
interior_four,2027,trained,source_query_concat_layer4,composites,rc,0.740093301644366,1.4757909577018984,0.9992013650759197,0.7437813596867178
interior_four,2027,trained,source_query_concat_layer4,composites,ci,0.8190091226256735,2.7311404319839054,1.000054417311431,0.8215773706358855
interior_four,2027,trained,source_query_concat_layer4,composites,ri,0.8463688304792744,2.731140431983905,1.0001341309993048,0.8485488461306274
interior_four,2027,trained,source_query_concat_layer4,composites,rci,0.8739512477614558,2.4537206856572946,0.9999505272355522,0.8757398708225886
interior_four,2027,trained,source_query_concat_numeric_contrast,generators,c,0.40546106708962626,2.118303549170437,0.9892132046227363,0.4059922297389796
interior_four,2027,trained,source_query_concat_numeric_contrast,generators,r,0.7295865203320018,2.014120673766694,1.0080112018945198,0.7298281084473135
interior_four,2027,trained,source_query_concat_numeric_contrast,generators,i,0.8054429629715866,2.4107847142105645,0.9917518973960249,0.8056167807411518
interior_four,2027,trained,source_query_concat_numeric_contrast,composites,rc,0.7344145328629701,1.4376314391766298,0.9990136898185953,0.7346518076191643
interior_four,2027,trained,source_query_concat_numeric_contrast,composites,ci,0.809467530533153,2.77078841275799,0.9999879849969662,0.8096377527434537
interior_four,2027,trained,source_query_concat_numeric_contrast,composites,ri,0.8411521618910783,2.77078841275799,1.0000621165660448,0.8412940769682304
interior_four,2027,trained,source_query_concat_numeric_contrast,composites,rci,0.8672129373937147,2.477582798159694,0.9999407098764643,0.8673315697053592
interior_four,2027,trained,source_query_concat_numeric_null,generators,c,0.49990403819988866,2.7381199795045075,1.007681228491278,0.5387626145973324
interior_four,2027,trained,source_query_concat_numeric_null,generators,r,0.8433051679392767,2.250781470975617,1.006591585561516,0.8554807073713466
interior_four,2027,trained,source_query_concat_numeric_null,generators,i,0.9395780213887042,2.1896586444221935,0.9982944977561089,0.944272944466068
interior_four,2027,trained,source_query_concat_numeric_null,composites,rc,0.8606890983860714,1.8235371888152963,0.9998174074735507,0.871513867484138
interior_four,2027,trained,source_query_concat_numeric_null,composites,ci,0.9495366666945088,2.377172392502977,1.0001882749304716,0.9534577807252294
interior_four,2027,trained,source_query_concat_numeric_null,composites,ri,0.9612682435714557,2.377172392502976,1.0002371664402394,0.9642777878012636
interior_four,2027,trained,source_query_concat_numeric_null,composites,rci,0.9702482648263384,2.2435579312764324,0.9999880919444093,0.9725600412902811
interior_four,3037,random,ONE_END_layer1,generators,c,0.9619556690092717,2.3698534292724474,1.0035505748697595,0.9672040906608951
interior_four,3037,random,ONE_END_layer1,generators,r,0.9658647303289227,2.363971900446064,1.0068195960973174,0.9705738757852945
interior_four,3037,random,ONE_END_layer1,generators,i,0.9644325722378081,2.1880643171905154,1.0045688869134646,0.9693392916648139
interior_four,3037,random,ONE_END_layer1,composites,rc,1.0009585762672335,2.3227241082689614,1.0000466992361534,1.0008263354759075
interior_four,3037,random,ONE_END_layer1,composites,ci,0.9992729014128173,2.2915423217425004,0.9999114321443343,0.9993732086036248
interior_four,3037,random,ONE_END_layer1,composites,ri,0.9996354683626203,2.2915423217425004,0.9999164031040323,0.9996857574776736
interior_four,3037,random,ONE_END_layer1,composites,rci,1.000033584640149,2.172301601337013,0.9999970160602353,1.000028951457019
interior_four,3037,random,ONE_END_layer2,generators,c,0.9569637299767659,2.068739464214333,1.0011519426177404,0.9579753595019945
interior_four,3037,random,ONE_END_layer2,generators,r,0.2067569738273181,3.745269150296383,1.0075233744405991,0.22540329390861125
interior_four,3037,random,ONE_END_layer2,generators,i,0.9324611131580667,1.9842150157253418,1.002384976561687,0.9340487119902494
interior_four,3037,random,ONE_END_layer2,composites,rc,0.9736532716319454,2.035323894095536,0.999990726359469,0.9742725894375062
interior_four,3037,random,ONE_END_layer2,composites,ci,0.963414777727721,2.0849040691830103,0.999984978770514,0.964274766082142
interior_four,3037,random,ONE_END_layer2,composites,ri,0.9934036423646521,2.08490406918301,0.9999633574308697,0.9935586992536268
interior_four,3037,random,ONE_END_layer2,composites,rci,0.9916480613391713,1.9966443373023879,0.9999970973447345,0.9918443856892515
interior_four,3037,random,ONE_END_layer3,generators,c,0.9547617505894557,2.080493051799921,1.0015930993086772,0.9557402281401338
interior_four,3037,random,ONE_END_layer3,generators,r,0.1988481715334705,3.660405421824452,1.0093941411182483,0.21617662895730505
interior_four,3037,random,ONE_END_layer3,generators,i,0.9381685445852563,2.0054384325844503,1.002405561610748,0.9395059237243129
interior_four,3037,random,ONE_END_layer3,composites,rc,0.9746527879275965,2.0569320832339595,1.0000021933034324,0.9752010336777813
interior_four,3037,random,ONE_END_layer3,composites,ci,0.9657998890567413,2.099584363313805,0.9999391744107764,0.966539617963689
interior_four,3037,random,ONE_END_layer3,composites,ri,0.9874556065214936,2.099584363313805,1.0000397864051127,0.9877269346026092
interior_four,3037,random,ONE_END_layer3,composites,rci,0.9865501563217682,1.9975622839296074,0.9999993006464273,0.9868410687746318
interior_four,3037,random,ONE_END_layer4,generators,c,0.9493928505160327,2.097600276149888,1.001583360018111,0.9504358389420552
interior_four,3037,random,ONE_END_layer4,generators,r,0.21892511876129872,3.594322376573987,1.0127468839591125,0.2350226873715818
interior_four,3037,random,ONE_END_layer4,generators,i,0.9386606925976964,2.0240295272926194,1.0028438360668757,0.9399248655126544
interior_four,3037,random,ONE_END_layer4,composites,rc,0.9702321777813389,2.065796002544941,1.0000319398025672,0.9708456779361302
interior_four,3037,random,ONE_END_layer4,composites,ci,0.9684666467079245,2.105317373020431,0.9999764161885665,0.9691165335885864
interior_four,3037,random,ONE_END_layer4,composites,ri,0.9834128453132304,2.105317373020431,1.0000499713826407,0.9837546984018823
interior_four,3037,random,ONE_END_layer4,composites,rci,0.9861142728609229,2.0076170713977013,0.9999983600557125,0.9864004508583134
interior_four,3037,random,ONE_END_numeric_contrast,generators,c,0.9690783749782587,2.0965822585453555,1.000765907355706,0.9690783749782587
interior_four,3037,random,ONE_END_numeric_contrast,generators,r,0.33049493800268914,3.5843579308331317,1.0036385326677533,0.3304949380026891
interior_four,3037,random,ONE_END_numeric_contrast,generators,i,0.9588778710994451,2.0005577858436605,0.9999935871332482,0.9588778710994449
interior_four,3037,random,ONE_END_numeric_contrast,composites,rc,0.9853157674233665,2.0804021937529487,0.9999188446083301,0.985315767423366
interior_four,3037,random,ONE_END_numeric_contrast,composites,ci,0.9777419146853595,2.120428037577247,0.999903462151248,0.9777419146853593
interior_four,3037,random,ONE_END_numeric_contrast,composites,ri,0.9912770814360953,2.120428037577247,1.0000182522796017,0.991277081436095
interior_four,3037,random,ONE_END_numeric_contrast,composites,rci,0.9916197490672728,1.9972437558704097,0.9999983102311981,0.9916197490672728
interior_four,3037,random,ONE_END_numeric_null,generators,c,0.9514744726938906,2.0984749813020693,1.0013888681729437,0.9524090452515651
interior_four,3037,random,ONE_END_numeric_null,generators,r,0.22173128544210718,3.592579019941465,1.0138158293169013,0.23672027419711678
interior_four,3037,random,ONE_END_numeric_null,generators,i,0.9402733739231316,2.027211355643397,1.0028253662965463,0.9414236729264129
interior_four,3037,random,ONE_END_numeric_null,composites,rc,0.9706583492384515,2.0645379122193943,1.0000413037747633,0.971223451837453
interior_four,3037,random,ONE_END_numeric_null,composites,ci,0.9715326178877921,2.1039512956075437,0.9999865064134577,0.972080882596861
interior_four,3037,random,ONE_END_numeric_null,composites,ri,0.9856372059184573,2.103951295607544,1.0000387116670746,0.9859138247198451
interior_four,3037,random,ONE_END_numeric_null,composites,rci,0.9873059412760291,2.009294139678587,0.9999986169414197,0.9875504212350843
interior_four,3037,random,source_query_concat_layer1,generators,c,0.965928523946914,2.349132443278215,1.0079495847832467,0.9706857384878571
interior_four,3037,random,source_query_concat_layer1,generators,r,0.9632276984316674,2.393754161324896,1.007432747529453,0.9683620145221196
interior_four,3037,random,source_query_concat_layer1,generators,i,0.9410100848261572,2.1836767286283085,1.0050683374959257,0.9492465252373907
interior_four,3037,random,source_query_concat_layer1,composites,rc,1.0021707893243819,2.32663223521567,0.9999422097229093,1.0018676938399602
interior_four,3037,random,source_query_concat_layer1,composites,ci,0.9964111050095303,2.28384990562497,1.0000657863455826,0.9969122028606472
interior_four,3037,random,source_query_concat_layer1,composites,ri,0.9967296302041212,2.28384990562497,1.0000702821119358,0.9971862541180065
interior_four,3037,random,source_query_concat_layer1,composites,rci,1.000264978488486,2.179104620302972,0.9999938482199711,1.0002279809860448
interior_four,3037,random,source_query_concat_layer2,generators,c,0.962442173742644,2.075153023498492,1.001803090737782,0.9634230268821122
interior_four,3037,random,source_query_concat_layer2,generators,r,0.21525138475016528,3.7363804353386683,1.0078827699546933,0.23574573225810583
interior_four,3037,random,source_query_concat_layer2,generators,i,0.9475393886765513,1.9930914507679127,1.0026824012388342,0.9489094401529716
interior_four,3037,random,source_query_concat_layer2,composites,rc,0.9770247635760971,2.0350618185431735,1.0000126494223602,0.9776247805371958
interior_four,3037,random,source_query_concat_layer2,composites,ci,0.9678752994962327,2.0816794305705257,1.0000469420574074,0.96871426214353
interior_four,3037,random,source_query_concat_layer2,composites,ri,0.9952176241851135,2.081679430570526,0.9999803787628265,0.9953425198140564
interior_four,3037,random,source_query_concat_layer2,composites,rci,0.9923650246241696,1.9969544107107031,0.9999972341203462,0.9925644182077019
interior_four,3037,random,source_query_concat_layer3,generators,c,0.9557314524608029,2.0828822118397072,1.001847874682206,0.9567768133293777
interior_four,3037,random,source_query_concat_layer3,generators,r,0.21115059706105763,3.6521597397943326,1.0102867331402432,0.22977854721688284
interior_four,3037,random,source_query_concat_layer3,generators,i,0.9488803190631603,2.0138841234450324,1.002370213666668,0.9500874631199668
interior_four,3037,random,source_query_concat_layer3,composites,rc,0.9748797115013722,2.0587924891950493,0.9999715525535914,0.9754729039159309
interior_four,3037,random,source_query_concat_layer3,composites,ci,0.9696018658581852,2.096894197136196,0.9999754421833894,0.9703196897235697
interior_four,3037,random,source_query_concat_layer3,composites,ri,0.9899785861119393,2.0968941971361965,1.0000640524571134,0.9902152325462299
interior_four,3037,random,source_query_concat_layer3,composites,rci,0.9873399825085373,1.998493041453485,0.9999989297915856,0.9876389371301979
interior_four,3037,random,source_query_concat_layer4,generators,c,0.9534545162197426,2.0996349714455977,1.0019623378372238,0.9544857048848366
interior_four,3037,random,source_query_concat_layer4,generators,r,0.23107435812187818,3.5884793708551928,1.013318741213191,0.2481094674774507
interior_four,3037,random,source_query_concat_layer4,generators,i,0.9516456243386628,2.033926755473021,1.0024915253321665,0.9527168879724249
interior_four,3037,random,source_query_concat_layer4,composites,rc,0.9756712921474942,2.0663286770797074,0.9999910527615135,0.9762102808041022
interior_four,3037,random,source_query_concat_layer4,composites,ci,0.9737257438617205,2.1009071900976344,0.9999954000120426,0.974307835031757
interior_four,3037,random,source_query_concat_layer4,composites,ri,0.9885895398153007,2.100907190097635,1.000083627182355,0.9888423320574333
interior_four,3037,random,source_query_concat_layer4,composites,rci,0.9887144513662139,2.009815844951212,0.9999984882771976,0.9889644762641281
interior_four,3037,random,source_query_concat_numeric_contrast,generators,c,0.9408990548142887,2.104042018986472,1.0030304932401575,0.9408997053174438
interior_four,3037,random,source_query_concat_numeric_contrast,generators,r,0.31542928700661765,3.5789024510846277,1.0074584731110423,0.31543682183380634
interior_four,3037,random,source_query_concat_numeric_contrast,generators,i,0.944175692771889,2.021963609942637,1.0007789469402126,0.9441763072102516
interior_four,3037,random,source_query_concat_numeric_contrast,composites,rc,0.9609815575024794,2.079419464268973,0.9998619349488488,0.9609819869646459
interior_four,3037,random,source_query_concat_numeric_contrast,composites,ci,0.9673691134370878,2.106980199800225,0.9999201580185056,0.9673694725936901
interior_four,3037,random,source_query_concat_numeric_contrast,composites,ri,0.9941535621588684,2.106980199800225,1.0001528796684167,0.9941536265085373
interior_four,3037,random,source_query_concat_numeric_contrast,composites,rci,0.9898900015314434,2.0017120561168396,0.9999926791641692,0.9898901128086133
interior_four,3037,random,source_query_concat_numeric_null,generators,c,0.952264993882792,2.0997207338690895,1.0016182816565693,0.953256352554104
interior_four,3037,random,source_query_concat_numeric_null,generators,r,0.23369657422317627,3.586494449615143,1.0139367579416465,0.24961113269489352
interior_four,3037,random,source_query_concat_numeric_null,generators,i,0.9527875609975749,2.035672004253394,1.0025832020737326,0.953768067016238
interior_four,3037,random,source_query_concat_numeric_null,composites,rc,0.9750533604907592,2.065353258835355,1.0000108507018917,0.9755714512884612
interior_four,3037,random,source_query_concat_numeric_null,composites,ci,0.9753369840499926,2.100746855231926,1.0000028988398897,0.9758491845651178
interior_four,3037,random,source_query_concat_numeric_null,composites,ri,0.9897485865086394,2.100746855231926,1.0000662674568876,0.9899614874483167
interior_four,3037,random,source_query_concat_numeric_null,composites,rci,0.989998710425798,2.011265842963167,0.9999987913894394,0.990206416802107
interior_four,3037,trained,ONE_END_layer1,generators,c,0.47203646550542433,3.3176437780626453,1.0047769898249042,0.47261444394987934
interior_four,3037,trained,ONE_END_layer1,generators,r,0.9202191594820026,2.1720254469589664,0.9979217635946648,0.9203064981012203
interior_four,3037,trained,ONE_END_layer1,generators,i,0.9771794021239767,2.060597689703114,1.0002382721094376,0.977204384557043
interior_four,3037,trained,ONE_END_layer1,composites,rc,0.93797903333977,1.9954502369993792,1.0000538025490924,0.9380469296611862
interior_four,3037,trained,ONE_END_layer1,composites,ci,0.9975673294554865,2.2005217183695884,1.0001024400907554,0.9975699925771709
interior_four,3037,trained,ONE_END_layer1,composites,ri,0.9854830109074404,2.2005217183695884,0.9997508654089399,0.9854989031163255
interior_four,3037,trained,ONE_END_layer1,composites,rci,0.99523601205068,2.0532394115367185,1.000000180656848,0.9952412273395488
interior_four,3037,trained,ONE_END_layer2,generators,c,0.5555500448413841,3.0976386140579284,0.994034760030342,0.5567677317644507
interior_four,3037,trained,ONE_END_layer2,generators,r,0.9432361307530474,2.1293292227952056,1.002295188790846,0.9433916502226352
interior_four,3037,trained,ONE_END_layer2,generators,i,0.9786191684214324,2.152302661734553,1.0029467047018144,0.9786777468029022
interior_four,3037,trained,ONE_END_layer2,composites,rc,0.9605685121632556,2.0194638420779465,1.000012207216237,0.96067654503971
interior_four,3037,trained,ONE_END_layer2,composites,ci,0.9935790536077295,2.240412379475938,0.9999397950666974,0.9935966454701313
interior_four,3037,trained,ONE_END_layer2,composites,ri,0.9929846566103275,2.240412379475938,0.9997796184053236,0.9930038769788017
interior_four,3037,trained,ONE_END_layer2,composites,rci,0.997444732956548,2.120440900382491,1.0000015246536036,0.9974517337790871
interior_four,3037,trained,ONE_END_layer3,generators,c,0.6094002267409985,2.9819812882791594,0.9944589232291425,0.6112598401448456
interior_four,3037,trained,ONE_END_layer3,generators,r,0.9414183813333699,2.1306913617715075,1.003489704640129,0.9416972836030321
interior_four,3037,trained,ONE_END_layer3,generators,i,0.9729047778370125,2.176979402001181,1.0012513141339412,0.9730337759618555
interior_four,3037,trained,ONE_END_layer3,composites,rc,0.9620468473060092,2.0110979323121785,1.0000853750679202,0.9622275391453287
interior_four,3037,trained,ONE_END_layer3,composites,ci,0.9849072446929624,2.27455744333486,1.0000040334703306,0.984979100059994
interior_four,3037,trained,ONE_END_layer3,composites,ri,0.9841435657737605,2.27455744333486,0.9997795273533594,0.9842190569533338
interior_four,3037,trained,ONE_END_layer3,composites,rci,0.9940886247895334,2.1501351289662547,1.0000015994803981,0.994116768360854
interior_four,3037,trained,ONE_END_layer4,generators,c,0.7540728609230919,2.553071676441144,0.9984474031732384,0.7558656512248884
interior_four,3037,trained,ONE_END_layer4,generators,r,0.9688591316749052,2.0868363191715344,1.0031147088709937,0.9690861462570792
interior_four,3037,trained,ONE_END_layer4,generators,i,0.9690872098620018,2.2821839554688195,1.001089001462815,0.9693125617713881
interior_four,3037,trained,ONE_END_layer4,composites,rc,0.9750608442990815,1.9386289160433652,1.0000601647979437,0.9752426488638133
interior_four,3037,trained,ONE_END_layer4,composites,ci,0.9851531191373766,2.4067479535166663,1.0003501275251008,0.985261351779461
interior_four,3037,trained,ONE_END_layer4,composites,ri,0.9863443842125448,2.4067479535166663,1.0000305970078294,0.9864439326220481
interior_four,3037,trained,ONE_END_layer4,composites,rci,0.9944060560714103,2.325783225841804,1.0000085398465333,0.9944468355008853
interior_four,3037,trained,ONE_END_numeric_contrast,generators,c,0.8334387775351247,2.4292257781819124,1.0015400678674522,0.8334387775351249
interior_four,3037,trained,ONE_END_numeric_contrast,generators,r,0.9935662215863864,2.0619291168008256,1.0026640814644054,0.9935662215863865
interior_four,3037,trained,ONE_END_numeric_contrast,generators,i,0.9686238667248545,2.3190219930611664,1.0004052663283163,0.9686238667248542
interior_four,3037,trained,ONE_END_numeric_contrast,composites,rc,0.9909223929999694,1.9020617891002005,0.9999877307007252,0.9909223929999694
interior_four,3037,trained,ONE_END_numeric_contrast,composites,ci,0.9898316843795967,2.4519854852364893,1.0004993704955205,0.9898316843795966
interior_four,3037,trained,ONE_END_numeric_contrast,composites,ri,0.9900954634585594,2.4519854852364893,1.0000429127843153,0.9900954634585595
interior_four,3037,trained,ONE_END_numeric_contrast,composites,rci,0.9965928890137403,2.383790352382915,1.0000097680079567,0.9965928890137405
interior_four,3037,trained,ONE_END_numeric_null,generators,c,0.6590451672730748,2.8966543982535433,0.993876143227671,0.6662837560417558
interior_four,3037,trained,ONE_END_numeric_null,generators,r,0.9657426609389324,2.1572603185022574,1.0015049628219965,0.9664699560700469
interior_four,3037,trained,ONE_END_numeric_null,generators,i,0.984726910465345,2.1796116060112185,1.0031032283202004,0.9850511634271948
interior_four,3037,trained,ONE_END_numeric_null,composites,rc,0.9744795521286173,2.0420931957445063,0.9998553425527436,0.9750213600445105
interior_four,3037,trained,ONE_END_numeric_null,composites,ci,0.9947730713608114,2.280131970327588,0.999879593289053,0.9948840408597324
interior_four,3037,trained,ONE_END_numeric_null,composites,ri,0.9956351941549768,2.280131970327588,0.9999787523423069,0.9957278604894432
interior_four,3037,trained,ONE_END_numeric_null,composites,rci,0.9981551339273419,2.164116540833297,1.0000018671899904,0.9981943010707625
interior_four,3037,trained,source_query_concat_layer1,generators,c,0.527620840984238,3.131455825497853,1.0086094048681358,0.5317413704190005
interior_four,3037,trained,source_query_concat_layer1,generators,r,0.922782381758338,2.229366825526388,1.0009715740650469,0.923455945489452
interior_four,3037,trained,source_query_concat_layer1,generators,i,0.9981751730137167,2.055855679358068,1.0046385308257546,0.9981910908482928
interior_four,3037,trained,source_query_concat_layer1,composites,rc,0.9456330655839481,2.0615002174179313,1.0002865702087889,0.9461073044432701
interior_four,3037,trained,source_query_concat_layer1,composites,ci,0.9996051236222766,2.1929145628236832,0.9999921871773492,0.9996085681005232
interior_four,3037,trained,source_query_concat_layer1,composites,ri,0.996411469517305,2.1929145628236832,1.0000568807074037,0.9964427720106499
interior_four,3037,trained,source_query_concat_layer1,composites,rci,0.9989158859764078,2.135992326552395,0.9999999626139063,0.9989253426250758
interior_four,3037,trained,source_query_concat_layer2,generators,c,0.5613723659863966,2.8756160735979464,1.0103266392335053,0.5699930704574968
interior_four,3037,trained,source_query_concat_layer2,generators,r,0.9052671728076528,2.1024052686486727,1.0006769751284972,0.9071290338569997
interior_four,3037,trained,source_query_concat_layer2,generators,i,0.9811914486999644,2.1882087012413485,1.0050895268495996,0.9815611084060882
interior_four,3037,trained,source_query_concat_layer2,composites,rc,0.914046818848503,2.066734646767443,1.0001511045094622,0.915736126396862
interior_four,3037,trained,source_query_concat_layer2,composites,ci,0.9821812464664886,2.2598970008231056,0.9997943540256432,0.9825314528747128
interior_four,3037,trained,source_query_concat_layer2,composites,ri,0.9872860757882724,2.2598970008231056,1.0001862300019584,0.9875359528475322
interior_four,3037,trained,source_query_concat_layer2,composites,rci,0.9930053373161064,2.2472413080983755,0.9999900359871896,0.9931428090921578
interior_four,3037,trained,source_query_concat_layer3,generators,c,0.5696554562004797,2.686780830459845,1.0056453877492133,0.5822308053068962
interior_four,3037,trained,source_query_concat_layer3,generators,r,0.887761505076738,1.9989693068098595,1.0025490779681556,0.8910412916504845
interior_four,3037,trained,source_query_concat_layer3,generators,i,0.9391475597135074,2.289015585201859,1.0096869970914897,0.9409257643906799
interior_four,3037,trained,source_query_concat_layer3,composites,rc,0.9005955268287824,1.9737547164473397,1.0002619370961279,0.9035002829616958
interior_four,3037,trained,source_query_concat_layer3,composites,ci,0.9612790815157671,2.3647469862542527,0.9997617084818412,0.9624105680761896
interior_four,3037,trained,source_query_concat_layer3,composites,ri,0.9712568163617877,2.3647469862542527,1.0000306384770994,0.9720967377082723
interior_four,3037,trained,source_query_concat_layer3,composites,rci,0.9813860210229362,2.3219855885725926,1.0000049596646612,0.9819299509676019
interior_four,3037,trained,source_query_concat_layer4,generators,c,0.49281892219952134,2.0626717354773216,0.9911410451691431,0.5053203203566633
interior_four,3037,trained,source_query_concat_layer4,generators,r,0.7580296664884676,1.660849292177931,0.9887227344065662,0.7639939416040983
interior_four,3037,trained,source_query_concat_layer4,generators,i,0.8023066053548039,2.595450626258641,1.0092853092874823,0.8071795076527656
interior_four,3037,trained,source_query_concat_layer4,composites,rc,0.7637259347704514,1.612903567822705,1.0004145933416384,0.7695498037847508
interior_four,3037,trained,source_query_concat_layer4,composites,ci,0.8145744374733465,2.713036568137974,1.001248857325295,0.8191449525953042
interior_four,3037,trained,source_query_concat_layer4,composites,ri,0.828349434526174,2.7130365681379747,1.000458386195496,0.8325804126852825
interior_four,3037,trained,source_query_concat_layer4,composites,rci,0.8549632922602712,2.642051641987452,1.000024237407707,0.858538271119338
interior_four,3037,trained,source_query_concat_numeric_contrast,generators,c,0.4880965403261854,1.9368180483336557,0.9882552727114264,0.4890008137301457
interior_four,3037,trained,source_query_concat_numeric_contrast,generators,r,0.7412984624184307,1.5756700102923005,0.9856803425642736,0.7417554566339958
interior_four,3037,trained,source_query_concat_numeric_contrast,generators,i,0.7715498163540623,2.6627124334002894,1.009041690053923,0.7719533717926845
interior_four,3037,trained,source_query_concat_numeric_contrast,composites,rc,0.7459339595290719,1.552588659681077,1.000503731786782,0.7463827651757339
interior_four,3037,trained,source_query_concat_numeric_contrast,composites,ci,0.7900623019560962,2.782329862516771,1.0015727527374099,0.7904331552356398
interior_four,3037,trained,source_query_concat_numeric_contrast,composites,ri,0.8074085661022301,2.782329862516771,1.0004150024088443,0.8077487773436532
interior_four,3037,trained,source_query_concat_numeric_contrast,composites,rci,0.8375601243226487,2.707551123259134,1.0000319580209331,0.8378470730754686
interior_four,3037,trained,source_query_concat_numeric_null,generators,c,0.5702786931378044,2.766825214116591,1.0077102942430982,0.609239598652024
interior_four,3037,trained,source_query_concat_numeric_null,generators,r,0.8916940698671998,2.1560956252358174,1.001418970769437,0.90151368328443
interior_four,3037,trained,source_query_concat_numeric_null,generators,i,0.9564185831915307,2.212034299377406,1.0068478532823895,0.9603699149857328
interior_four,3037,trained,source_query_concat_numeric_null,composites,rc,0.9102580161580955,1.9688593795993932,1.0002207103433596,0.9183945197414386
interior_four,3037,trained,source_query_concat_numeric_null,composites,ci,0.9702603992861933,2.3153075011243414,0.9999285727334166,0.9729567556337572
interior_four,3037,trained,source_query_concat_numeric_null,composites,ri,0.9738075452488733,2.3153075011243414,1.0001009759663262,0.9761822977650925
interior_four,3037,trained,source_query_concat_numeric_null,composites,rci,0.9807085757641187,2.2655704794221077,1.0000075330742784,0.9824576427637918
interior_none,1009,random,ONE_END_layer1,generators,c,0.9564705208017475,2.4129889708702263,1.0056786205460768,0.9625377763565538
interior_none,1009,random,ONE_END_layer1,generators,r,0.9588094435120719,2.3643183037204465,1.0054863443242357,0.964550693746625
interior_none,1009,random,ONE_END_layer1,generators,i,0.9508908649550535,2.1849612124761095,1.0053711788144957,0.9577358279061644
interior_none,1009,random,ONE_END_layer1,composites,rc,1.0010446335628156,2.3115675617297047,1.0001227127703491,1.0008990297351688
interior_none,1009,random,ONE_END_layer1,composites,ci,0.9970061736980517,2.2798548929537876,0.9999621678756404,0.9974234612373281
interior_none,1009,random,ONE_END_layer1,composites,ri,0.9975332229654889,2.2798548929537876,0.9999905754453302,0.9978770489643467
interior_none,1009,random,ONE_END_layer1,composites,rci,1.000201961348125,2.1664541652959373,0.9999994563192727,1.0001738114337717
interior_none,1009,random,ONE_END_layer2,generators,c,0.9479553808223559,2.1039762732350433,0.9994855193119232,0.9495176582553144
interior_none,1009,random,ONE_END_layer2,generators,r,0.2082784517222189,3.751501863485652,1.0037022977835666,0.23204438041197706
interior_none,1009,random,ONE_END_layer2,generators,i,0.9027476083940298,2.004372778712779,1.0063519481854564,0.9056669345243388
interior_none,1009,random,ONE_END_layer2,composites,rc,0.9630876246286939,1.9997428204094128,0.9999214731969114,0.9641956617697219
interior_none,1009,random,ONE_END_layer2,composites,ci,0.9542905108944211,2.077689654987434,1.000013962691996,0.9556626201427945
interior_none,1009,random,ONE_END_layer2,composites,ri,0.9859793881494887,2.0776896549874335,0.9999481867943197,0.9864002594294873
interior_none,1009,random,ONE_END_layer2,composites,rci,0.9865304198212338,1.9850269541822463,0.9999988238337901,0.9869347502107576
interior_none,1009,random,ONE_END_layer3,generators,c,0.9400886823636612,2.114959822050511,0.9990452048120055,0.9417286072533243
interior_none,1009,random,ONE_END_layer3,generators,r,0.20048322907536142,3.67971697706696,1.0019242999897553,0.2223680332170604
interior_none,1009,random,ONE_END_layer3,generators,i,0.9151192155038782,2.020789856673435,1.0074187347191064,0.917442618103605
interior_none,1009,random,ONE_END_layer3,composites,rc,0.9626153571720161,2.0182044223128535,0.9999516243122688,0.9636386697727655
interior_none,1009,random,ONE_END_layer3,composites,ci,0.9565479743616927,2.0862266972158214,0.9999783793880902,0.957737366636172
interior_none,1009,random,ONE_END_layer3,composites,ri,0.9798140809502563,2.0862266972158223,1.0000522356997057,0.9803666208104433
interior_none,1009,random,ONE_END_layer3,composites,rci,0.979970409480623,1.9938755274645967,0.9999996587901879,0.9805186702319866
interior_none,1009,random,ONE_END_layer4,generators,c,0.9364704192879804,2.1121216425141918,0.9997804868090203,0.9380900806755248
interior_none,1009,random,ONE_END_layer4,generators,r,0.2129606317563358,3.630632447020344,1.0026349111772548,0.2330258873575025
interior_none,1009,random,ONE_END_layer4,generators,i,0.919485036708715,2.015554678796347,1.0077548552322733,0.921537733668161
interior_none,1009,random,ONE_END_layer4,composites,rc,0.9609510203165649,2.04171609152832,0.9999016685547742,0.9619465585195158
interior_none,1009,random,ONE_END_layer4,composites,ci,0.9573817508138907,2.0971469808923313,1.0000329435660864,0.9584682861229207
interior_none,1009,random,ONE_END_layer4,composites,ri,0.9759567176447569,2.0971469808923318,1.0001110695716293,0.9765696915637434
interior_none,1009,random,ONE_END_layer4,composites,rci,0.9776740013362851,2.005681178356135,0.9999979396930995,0.9782431937907088
interior_none,1009,random,ONE_END_numeric_contrast,generators,c,0.968634632360931,2.113089161428898,1.0004558362270828,0.9686346323609311
interior_none,1009,random,ONE_END_numeric_contrast,generators,r,0.3211439662040933,3.6035099365182868,0.9999587055613237,0.32114396620409325
interior_none,1009,random,ONE_END_numeric_contrast,generators,i,0.9762087432323521,2.0242266788642644,1.0024054422955335,0.9762087432323521
interior_none,1009,random,ONE_END_numeric_contrast,composites,rc,0.9894237219762197,2.0592214017971155,0.9999425127491998,0.9894237219762196
interior_none,1009,random,ONE_END_numeric_contrast,composites,ci,0.9817633822127685,2.102759810589006,1.0001098826052628,0.9817633822127685
interior_none,1009,random,ONE_END_numeric_contrast,composites,ri,0.9982565172798846,2.102759810589006,1.0000563856478237,0.9982565172798844
interior_none,1009,random,ONE_END_numeric_contrast,composites,rci,0.9947682232678073,1.994433200213423,0.9999997721736738,0.9947682232678073
interior_none,1009,random,ONE_END_numeric_null,generators,c,0.9362123803833353,2.1128920591614047,0.9998198033394324,0.9377378363038579
interior_none,1009,random,ONE_END_numeric_null,generators,r,0.2139063631336232,3.6305086569461436,1.002762322190704,0.23270548433691343
interior_none,1009,random,ONE_END_numeric_null,generators,i,0.9188772305171939,2.014792919862104,1.0080415926069959,0.9208172497519677
interior_none,1009,random,ONE_END_numeric_null,composites,rc,0.9588550201740744,2.040396514546118,0.9999059109178307,0.9598389862391576
interior_none,1009,random,ONE_END_numeric_null,composites,ci,0.9588185001211333,2.0970681865464984,1.0000196472311416,0.9598033395489681
interior_none,1009,random,ONE_END_numeric_null,composites,ri,0.9762470671040698,2.097068186546499,1.000103153574636,0.976815109183922
interior_none,1009,random,ONE_END_numeric_null,composites,rci,0.9783106594614303,2.007273476391233,0.999998128061117,0.9788293515389153
interior_none,1009,random,source_query_concat_layer1,generators,c,0.9671204482591482,2.3445121240047033,1.0064771755448056,0.9719401043025964
interior_none,1009,random,source_query_concat_layer1,generators,r,0.9606892883881722,2.3913193783528004,1.0071239796112081,0.9664516573610067
interior_none,1009,random,source_query_concat_layer1,generators,i,0.9448339874819032,2.2097772285574697,1.003220535023129,0.952920509090269
interior_none,1009,random,source_query_concat_layer1,composites,rc,1.0023139729518902,2.309169321310543,1.0001367790097249,1.0019747787375088
interior_none,1009,random,source_query_concat_layer1,composites,ci,0.9964219994142856,2.292741080520243,0.9999258189302874,0.9969464813866168
interior_none,1009,random,source_query_concat_layer1,composites,ri,0.9975678320199615,2.292741080520243,1.000049455991668,0.9979243518775333
interior_none,1009,random,source_query_concat_layer1,composites,rci,1.0000777955883147,2.1597397867339967,0.9999975355672912,1.000066391905554
interior_none,1009,random,source_query_concat_layer2,generators,c,0.9491444860487986,2.1019114105167493,0.9991681505937189,0.9506505709362213
interior_none,1009,random,source_query_concat_layer2,generators,r,0.20815318183528522,3.7522701143699866,1.0039969933120376,0.23160370732079597
interior_none,1009,random,source_query_concat_layer2,generators,i,0.9026462142117024,1.9991846751247921,1.0065339472287318,0.9055293443605749
interior_none,1009,random,source_query_concat_layer2,composites,rc,0.9641421124392707,1.9994161276730231,0.9999433903576348,0.9652040429627128
interior_none,1009,random,source_query_concat_layer2,composites,ci,0.9515996607804544,2.0806746904717612,0.9999660728403301,0.9530330357241158
interior_none,1009,random,source_query_concat_layer2,composites,ri,0.9838320645445194,2.0806746904717617,1.000022454153201,0.9843108775848062
interior_none,1009,random,source_query_concat_layer2,composites,rci,0.9826284765897585,1.9858682913719263,0.9999969453392992,0.9831429338599136
interior_none,1009,random,source_query_concat_layer3,generators,c,0.9365863932644629,2.1091626143771185,0.998686883309638,0.938340087298954
interior_none,1009,random,source_query_concat_layer3,generators,r,0.20276985388411292,3.6810459005462097,1.001533908218722,0.2248171371618236
interior_none,1009,random,source_query_concat_layer3,generators,i,0.9116662160819606,2.0186772928559202,1.0072609946673623,0.9141090739775402
interior_none,1009,random,source_query_concat_layer3,composites,rc,0.9607078425732725,2.019422003469508,0.9999364413574174,0.96179446144939
interior_none,1009,random,source_query_concat_layer3,composites,ci,0.9559903436741116,2.0878433354127663,0.9999391212426347,0.9572074242934269
interior_none,1009,random,source_query_concat_layer3,composites,ri,0.9839228949230492,2.087843335412767,1.0000493928375178,0.9843675049163413
interior_none,1009,random,source_query_concat_layer3,composites,rci,0.9812618973692797,1.9960055179257103,0.9999966972027787,0.9817800968613576
interior_none,1009,random,source_query_concat_layer4,generators,c,0.9260367668973306,2.1106368159267053,0.9993659341453154,0.9279262895865247
interior_none,1009,random,source_query_concat_layer4,generators,r,0.21646855298643752,3.629956229686719,1.0022509487781774,0.23648526108212198
interior_none,1009,random,source_query_concat_layer4,generators,i,0.916188560234639,2.0140999484947852,1.0074230484809015,0.9183296729254654
interior_none,1009,random,source_query_concat_layer4,composites,rc,0.9571773820130135,2.0405599606556315,0.9999133187949784,0.9582713621556174
interior_none,1009,random,source_query_concat_layer4,composites,ci,0.9567697477016022,2.0967816968883115,0.9999907721184516,0.9578741415896307
interior_none,1009,random,source_query_concat_layer4,composites,ri,0.9802772116043716,2.0967816968883115,1.000068996433394,0.9807810654058405
interior_none,1009,random,source_query_concat_layer4,composites,rci,0.9800709857034214,2.0111836514595374,0.9999944697509128,0.9805801079132956
interior_none,1009,random,source_query_concat_numeric_contrast,generators,c,0.9388555740234004,2.1101555154936786,1.0020320812401822,0.9388567371953439
interior_none,1009,random,source_query_concat_numeric_contrast,generators,r,0.30096151715567254,3.6010746043130264,1.0016169065114902,0.3009748152108539
interior_none,1009,random,source_query_concat_numeric_contrast,generators,i,0.9488505491492036,2.0157820772669752,1.0035042426278247,0.9488515221832163
interior_none,1009,random,source_query_concat_numeric_contrast,composites,rc,0.9673205558215825,2.0542673978457144,0.9999276840618827,0.967321177494155
interior_none,1009,random,source_query_concat_numeric_contrast,composites,ci,0.9724604533366022,2.1149150663192815,1.000240285992249,0.9724609772310948
interior_none,1009,random,source_query_concat_numeric_contrast,composites,ri,0.9956318319145862,2.1149150663192815,1.0000626984124013,0.9956319150117856
interior_none,1009,random,source_query_concat_numeric_contrast,composites,rci,0.9883914539112884,1.9888902724420416,0.9999917899356315,0.9883916747447482
interior_none,1009,random,source_query_concat_numeric_null,generators,c,0.9279310811402196,2.1113298792056976,0.9992220222538825,0.9296488846910428
interior_none,1009,random,source_query_concat_numeric_null,generators,r,0.21835410839839986,3.630291518184047,1.0023208584352157,0.23698508149086436
interior_none,1009,random,source_query_concat_numeric_null,generators,i,0.9161713930623143,2.0144169944901202,1.0076990471123204,0.9181694954473147
interior_none,1009,random,source_query_concat_numeric_null,composites,rc,0.9550940187936755,2.039526797528524,0.9999235209662257,0.9561643783216089
interior_none,1009,random,source_query_concat_numeric_null,composites,ci,0.9563339300962028,2.095112818983676,0.9999658983633942,0.9573747356350949
interior_none,1009,random,source_query_concat_numeric_null,composites,ri,0.9828270663045587,2.0951128189836754,1.0000724080501515,0.9832363929178453
interior_none,1009,random,source_query_concat_numeric_null,composites,rci,0.9802028491147168,2.0142091726242595,0.9999946545951036,0.9806747254328995
interior_none,1009,trained,ONE_END_layer1,generators,c,0.5210925270233736,2.7074931172501415,0.9849068286303181,0.5212669648422562
interior_none,1009,trained,ONE_END_layer1,generators,r,0.5272042012026588,2.66858643351214,1.0054157534626664,0.52737641289818
interior_none,1009,trained,ONE_END_layer1,generators,i,0.45990827595589495,1.2169653680326864,0.9885241310923212,0.4601049995980491
interior_none,1009,trained,ONE_END_layer1,composites,rc,0.7043941838022694,2.1406461310781637,0.9998418272237142,0.704501855610993
interior_none,1009,trained,ONE_END_layer1,composites,ci,0.6060885898566528,2.5899565693142774,1.0000402726257311,0.6062320686100564
interior_none,1009,trained,ONE_END_layer1,composites,ri,0.6059647093423037,2.5899565693142774,1.0005440548961881,0.6061082332180912
interior_none,1009,trained,ONE_END_layer1,composites,rci,0.6986971626724291,2.086395811498312,1.0000024272517087,0.6988069095708016
interior_none,1009,trained,ONE_END_layer2,generators,c,0.6044754762974607,2.600483435247473,0.9881475548414763,0.6047479251212069
interior_none,1009,trained,ONE_END_layer2,generators,r,0.4166922091304995,2.908627904048349,1.0098579316742808,0.41709400854363526
interior_none,1009,trained,ONE_END_layer2,generators,i,0.48143124064223736,1.575891284137172,0.9898701133299063,0.48178844592295184
interior_none,1009,trained,ONE_END_layer2,composites,rc,0.7329210377832086,2.0943421354432323,0.999905430915991,0.733105009559275
interior_none,1009,trained,ONE_END_layer2,composites,ci,0.6370135705868981,2.467882497682282,1.0003647880319118,0.637263606222625
interior_none,1009,trained,ONE_END_layer2,composites,ri,0.5484837274928251,2.467882497682282,1.0004932517956047,0.5487947450656303
interior_none,1009,trained,ONE_END_layer2,composites,rci,0.6766185866467901,1.8848902457592094,0.9999947229940254,0.6768413411927403
interior_none,1009,trained,ONE_END_layer3,generators,c,0.5961015573480137,2.696167382873318,0.9827541699556555,0.5966176211035245
interior_none,1009,trained,ONE_END_layer3,generators,r,0.45270325192103933,2.790513064556442,1.0101105431324584,0.45340253665543406
interior_none,1009,trained,ONE_END_layer3,generators,i,0.5095354521055231,1.7122878401471744,0.9934888996569297,0.51016212195567
interior_none,1009,trained,ONE_END_layer3,composites,rc,0.7243901464880793,2.0513320385886695,0.9996982927464481,0.7247422950507856
interior_none,1009,trained,ONE_END_layer3,composites,ci,0.6895462018575582,2.395664915471627,1.000463016468112,0.689942870762568
interior_none,1009,trained,ONE_END_layer3,composites,ri,0.5766186778223753,2.395664915471627,1.0007725976637623,0.5771596349840357
interior_none,1009,trained,ONE_END_layer3,composites,rci,0.7273437809087995,1.958369842891139,0.9999967853708829,0.7276921555929495
interior_none,1009,trained,ONE_END_layer4,generators,c,0.706048121912932,2.0862062284431597,0.9940924511045499,0.7071656528804332
interior_none,1009,trained,ONE_END_layer4,generators,r,0.628840703661443,1.77334309436477,1.0089289574881424,0.6302517577776251
interior_none,1009,trained,ONE_END_layer4,generators,i,0.6488622212057854,2.3282892910686317,1.0000516665637857,0.6501971585574898
interior_none,1009,trained,ONE_END_layer4,composites,rc,0.8111731986430637,1.7500674100913018,1.0000296681754106,0.8118910705593236
interior_none,1009,trained,ONE_END_layer4,composites,ci,0.788124974032227,2.7673784405585184,0.9998846546017105,0.7889304694905309
interior_none,1009,trained,ONE_END_layer4,composites,ri,0.7066333688692488,2.7673784405585184,1.0008077114272431,0.7077486748752984
interior_none,1009,trained,ONE_END_layer4,composites,rci,0.8337781011680905,2.5273370949150986,1.0000053490773932,0.8344100349411637
interior_none,1009,trained,ONE_END_numeric_contrast,generators,c,0.837981448526988,1.8784823617682782,0.9977680513193707,0.8379814485269882
interior_none,1009,trained,ONE_END_numeric_contrast,generators,r,0.7010837123979112,1.5057777206681715,1.002944222212427,0.7010837123979112
interior_none,1009,trained,ONE_END_numeric_contrast,generators,i,0.7422314986259909,2.5583035957125113,1.005687255509972,0.7422314986259909
interior_none,1009,trained,ONE_END_numeric_contrast,composites,rc,0.8985200923779245,1.6050787538769244,1.0002025523013456,0.8985200923779247
interior_none,1009,trained,ONE_END_numeric_contrast,composites,ci,0.8548552487564606,2.8872373310556156,0.999740705563829,0.8548552487564608
interior_none,1009,trained,ONE_END_numeric_contrast,composites,ri,0.7683996545577001,2.887237331055616,1.0004552300057699,0.7683996545577001
interior_none,1009,trained,ONE_END_numeric_contrast,composites,rci,0.8907162233403005,2.6778829058628815,0.9999831590972775,0.8907162233403005
interior_none,1009,trained,ONE_END_numeric_null,generators,c,0.6437957285123871,2.622991982936574,0.9937920908015894,0.6474852346028328
interior_none,1009,trained,ONE_END_numeric_null,generators,r,0.5508398231151913,2.465385901700292,1.003014999484193,0.5554921514022196
interior_none,1009,trained,ONE_END_numeric_null,generators,i,0.609170878131666,1.7345638439546422,0.9998881894682111,0.6132190228084119
interior_none,1009,trained,ONE_END_numeric_null,composites,rc,0.7782622328086037,2.125321659566519,0.9999540956836851,0.7805589566494433
interior_none,1009,trained,ONE_END_numeric_null,composites,ci,0.790444392671666,2.456815129891358,1.0010159902085805,0.7926149356758135
interior_none,1009,trained,ONE_END_numeric_null,composites,ri,0.6821749073368983,2.456815129891358,1.0007184889891638,0.6854668881157356
interior_none,1009,trained,ONE_END_numeric_null,composites,rci,0.8260294464448732,2.1381063520592574,0.9999697369387053,0.8278314052316645
interior_none,1009,trained,source_query_concat_layer1,generators,c,0.1338310825157187,3.4901176715674147,0.9970645551973081,0.1359762476199106
interior_none,1009,trained,source_query_concat_layer1,generators,r,0.8834529965576448,2.458974264740425,0.999852553638627,0.883741638368423
interior_none,1009,trained,source_query_concat_layer1,generators,i,0.6958135326240286,1.759556794596876,1.0084519609694753,0.6965668847494748
interior_none,1009,trained,source_query_concat_layer1,composites,rc,0.8999919986759349,1.8609647470579131,0.9997360292278339,0.9002396797809133
interior_none,1009,trained,source_query_concat_layer1,composites,ci,0.7449247418274654,2.239667586147201,1.000556471277264,0.7455564644992553
interior_none,1009,trained,source_query_concat_layer1,composites,ri,0.7994591208662695,2.2396675861472004,1.0001931195960652,0.7999557829920949
interior_none,1009,trained,source_query_concat_layer1,composites,rci,0.8284137260329898,1.9510513497429702,0.9999997917879236,0.8288386788104937
interior_none,1009,trained,source_query_concat_layer2,generators,c,0.5920935071015336,2.7133401617096067,0.98356659199041,0.5936969388178583
interior_none,1009,trained,source_query_concat_layer2,generators,r,0.24302863951993706,3.071091200781286,1.0031061941317383,0.24600420354962102
interior_none,1009,trained,source_query_concat_layer2,generators,i,0.33676862597746826,2.0843292191595295,0.995559203804209,0.3393757093136831
interior_none,1009,trained,source_query_concat_layer2,composites,rc,0.6532069934148653,2.0286614860295153,0.9995871879134582,0.6545701953139257
interior_none,1009,trained,source_query_concat_layer2,composites,ci,0.41305792653950174,2.5429048772759786,1.0009808653820438,0.41536512574475254
interior_none,1009,trained,source_query_concat_layer2,composites,ri,0.39938236753495365,2.542904877275978,0.9995755658870497,0.40174332372968147
interior_none,1009,trained,source_query_concat_layer2,composites,rci,0.41727570755057874,1.016768177768106,0.9999690321074792,0.4195663271623114
interior_none,1009,trained,source_query_concat_layer3,generators,c,0.5373752788658192,2.8279262468279045,0.9899973891915383,0.5411359940969483
interior_none,1009,trained,source_query_concat_layer3,generators,r,0.19872179022208986,2.7639713469703517,0.9860594644601793,0.20523544811848618
interior_none,1009,trained,source_query_concat_layer3,generators,i,0.4445654266683036,2.0663456650207443,0.9919778884803114,0.44908060098649255
interior_none,1009,trained,source_query_concat_layer3,composites,rc,0.5927117362688038,2.2068397127041472,0.9998782146053853,0.5960226167879403
interior_none,1009,trained,source_query_concat_layer3,composites,ci,0.5466736406130968,2.586839700408545,1.0005603658510078,0.5503587686802678
interior_none,1009,trained,source_query_concat_layer3,composites,ri,0.4878040921170003,2.586839700408545,1.0003764755964275,0.4919677756905356
interior_none,1009,trained,source_query_concat_layer3,composites,rci,0.5567874064574594,0.9612376276597628,0.9999810005131108,0.5603903188722508
interior_none,1009,trained,source_query_concat_layer4,generators,c,0.5407930045391632,2.346461740878156,1.0068923490727975,0.5477188070063681
interior_none,1009,trained,source_query_concat_layer4,generators,r,0.22017702074434126,2.001202314895525,0.9884645564654865,0.2319383831954766
interior_none,1009,trained,source_query_concat_layer4,generators,i,0.47078070983612547,2.066723476141396,0.9996372895536946,0.47876244422114067
interior_none,1009,trained,source_query_concat_layer4,composites,rc,0.5704656173469003,2.1916573176283487,0.9998767334188486,0.5769438947175287
interior_none,1009,trained,source_query_concat_layer4,composites,ci,0.626993684554991,2.754537447700025,0.9998090481032149,0.6326194003766749
interior_none,1009,trained,source_query_concat_layer4,composites,ri,0.4724440763133425,2.7545374477000246,1.0009130113241471,0.48040072365097886
interior_none,1009,trained,source_query_concat_layer4,composites,rci,0.6347380056478246,1.8848802550565262,1.0000095241824813,0.6402469209010029
interior_none,1009,trained,source_query_concat_numeric_contrast,generators,c,0.5624713985735449,2.2828816754581345,1.008148549291651,0.5629159794681166
interior_none,1009,trained,source_query_concat_numeric_contrast,generators,r,0.21160705188706516,1.9334489451829477,0.9861250657074788,0.21240815252597953
interior_none,1009,trained,source_query_concat_numeric_contrast,generators,i,0.4833178245819012,2.071418785967071,0.9998412433880536,0.4838428348852453
interior_none,1009,trained,source_query_concat_numeric_contrast,composites,rc,0.5769123733870498,2.2180907867242867,0.9999696738834531,0.5773422805403391
interior_none,1009,trained,source_query_concat_numeric_contrast,composites,ci,0.6258753014409285,2.8052618849717432,0.9997338398039036,0.6262554564585079
interior_none,1009,trained,source_query_concat_numeric_contrast,composites,ri,0.47354495670416297,2.8052618849717432,1.0009532554707796,0.4740798973990962
interior_none,1009,trained,source_query_concat_numeric_contrast,composites,rci,0.6267261524274094,1.8836360367240745,1.000011754660375,0.6271054428795831
interior_none,1009,trained,source_query_concat_numeric_null,generators,c,0.48521510735501333,2.81978413518615,0.9979566415502314,0.5242019750937166
interior_none,1009,trained,source_query_concat_numeric_null,generators,r,0.3377342752140194,2.5173452525700926,0.9954834251897746,0.3878904988892032
interior_none,1009,trained,source_query_concat_numeric_null,generators,i,0.46783784409239726,2.038699159486076,1.0054151641626698,0.5081407665058975
interior_none,1009,trained,source_query_concat_numeric_null,composites,rc,0.5878525222864257,1.9953720669591168,0.9999544306713223,0.6190662183991835
interior_none,1009,trained,source_query_concat_numeric_null,composites,ci,0.7040854240083988,2.360626125510906,1.0008791737604286,0.7264963039719938
interior_none,1009,trained,source_query_concat_numeric_null,composites,ri,0.5133161903973539,2.360626125510906,1.00047167864975,0.5501748425968307
interior_none,1009,trained,source_query_concat_numeric_null,composites,rci,0.7470330341394155,1.9075471347767512,0.9999965026200472,0.7661913073933064
interior_none,2027,random,ONE_END_layer1,generators,c,0.9579835185927998,2.405651117055679,1.0055203815251625,0.9638675967786099
interior_none,2027,random,ONE_END_layer1,generators,r,0.957090485999924,2.3944407068657556,1.0072031896391547,0.9630996263856844
interior_none,2027,random,ONE_END_layer1,generators,i,0.9423834941695199,2.159484434107774,1.0066679664301585,0.950452233239175
interior_none,2027,random,ONE_END_layer1,composites,rc,1.0023043156915965,2.3293124228622446,0.9999645897534359,1.0019816143791584
interior_none,2027,random,ONE_END_layer1,composites,ci,0.9938241631361007,2.2746210696858062,1.0000169359115882,0.9946890405783075
interior_none,2027,random,ONE_END_layer1,composites,ri,0.9943070756808631,2.2746210696858062,0.9999886357065292,0.9951043250144058
interior_none,2027,random,ONE_END_layer1,composites,rci,1.0000730703048226,2.1618691797369354,1.0000012946672028,1.0000628373825926
interior_none,2027,random,ONE_END_layer2,generators,c,0.9592907016345013,2.1248255502774303,1.0045777263379343,0.9603847423888059
interior_none,2027,random,ONE_END_layer2,generators,r,0.22050737617821123,3.734544064401723,1.0071476970343634,0.24145582609950836
interior_none,2027,random,ONE_END_layer2,generators,i,0.9195212924979623,1.9884145707507894,1.0030042605093925,0.9216841149831468
interior_none,2027,random,ONE_END_layer2,composites,rc,0.972169633647241,1.9871746499492757,1.0000487551715977,0.9729175599495755
interior_none,2027,random,ONE_END_layer2,composites,ci,0.9534798423824209,2.08388007731081,0.9998664148523161,0.9547300468903284
interior_none,2027,random,ONE_END_layer2,composites,ri,0.9843082977821432,2.08388007731081,1.0001347301404653,0.9847300039382311
interior_none,2027,random,ONE_END_layer2,composites,rci,0.984008568603699,1.9972810099991627,1.0000019770929736,0.9844383298221348
interior_none,2027,random,ONE_END_layer3,generators,c,0.9403257752362343,2.147859317824584,1.0048064545297175,0.9418088094183622
interior_none,2027,random,ONE_END_layer3,generators,r,0.2202080862215074,3.6512703493273686,1.0021868255179371,0.23958761008894353
interior_none,2027,random,ONE_END_layer3,generators,i,0.9155822709071685,1.9999734968718532,1.0036977596944643,0.9176802349497324
interior_none,2027,random,ONE_END_layer3,composites,rc,0.9600425945083181,2.000575191639016,1.0000706358490703,0.9610356228787392
interior_none,2027,random,ONE_END_layer3,composites,ci,0.9483326562137655,2.0937353862431003,0.9999296581684034,0.949616702001341
interior_none,2027,random,ONE_END_layer3,composites,ri,0.9771971752439895,2.0937353862431003,1.000089386638853,0.977763874999137
interior_none,2027,random,ONE_END_layer3,composites,rci,0.9759298356764512,2.012850871850976,1.0000024298233428,0.9765280315743047
interior_none,2027,random,ONE_END_layer4,generators,c,0.934576458595282,2.1514362978555863,1.0040175424346383,0.9362156775183362
interior_none,2027,random,ONE_END_layer4,generators,r,0.23348903252797537,3.6081347827754087,1.001096668287839,0.25269434082573305
interior_none,2027,random,ONE_END_layer4,generators,i,0.9167210257964568,2.021018083432509,1.003934193025316,0.9188076213471701
interior_none,2027,random,ONE_END_layer4,composites,rc,0.9569146788801646,2.013625740524457,1.0000673478569642,0.9579942027360898
interior_none,2027,random,ONE_END_layer4,composites,ci,0.9487004044727643,2.0928986384388284,0.9999913354783194,0.9499857410034341
interior_none,2027,random,ONE_END_layer4,composites,ri,0.9709120086490532,2.0928986384388284,1.0001077595272736,0.9716408225413058
interior_none,2027,random,ONE_END_layer4,composites,rci,0.973982450694755,2.0199878185343825,1.0000082485656236,0.9746343331553637
interior_none,2027,random,ONE_END_numeric_contrast,generators,c,0.9712293066614427,2.1523939727242567,1.0015499683650855,0.9712293066614428
interior_none,2027,random,ONE_END_numeric_contrast,generators,r,0.3373573785038795,3.587884701683624,0.997299897456307,0.33735737850387965
interior_none,2027,random,ONE_END_numeric_contrast,generators,i,0.9585094463636418,2.0075609710108058,1.003454034637388,0.958509446363642
interior_none,2027,random,ONE_END_numeric_contrast,composites,rc,0.9858004133328435,2.027650778959176,1.0000811272691903,0.9858004133328433
interior_none,2027,random,ONE_END_numeric_contrast,composites,ci,0.9749220818808643,2.0976174381259005,1.0000525926396489,0.9749220818808644
interior_none,2027,random,ONE_END_numeric_contrast,composites,ri,0.9832239868454177,2.0976174381259014,0.9999861877370984,0.9832239868454176
interior_none,2027,random,ONE_END_numeric_contrast,composites,rci,0.9891995718829645,2.0292746993703354,1.0000010527660843,0.9891995718829646
interior_none,2027,random,ONE_END_numeric_null,generators,c,0.9352146388383834,2.151850676670127,1.0041078620041155,0.9367628740212424
interior_none,2027,random,ONE_END_numeric_null,generators,r,0.23580196319473007,3.6075849653017635,1.0016707220674623,0.2540647044381098
interior_none,2027,random,ONE_END_numeric_null,generators,i,0.9162648659073577,2.0233671443950394,1.003948224377527,0.9182659611905997
interior_none,2027,random,ONE_END_numeric_null,composites,rc,0.9561521230404024,2.0124029151889546,1.000059344559802,0.9571999959639346
interior_none,2027,random,ONE_END_numeric_null,composites,ci,0.9487802059441096,2.092900608698698,0.9999766651937884,0.9500042523304266
interior_none,2027,random,ONE_END_numeric_null,composites,ri,0.9708339302041016,2.0929006086986983,1.0001141781409693,0.9715309385188516
interior_none,2027,random,ONE_END_numeric_null,composites,rci,0.974287630773618,2.0189930810467196,1.0000083987625554,0.9749021028388679
interior_none,2027,random,source_query_concat_layer1,generators,c,0.954220788236901,2.429584420208751,1.00559732249233,0.9605630740155032
interior_none,2027,random,source_query_concat_layer1,generators,r,0.9664677405508292,2.365024300356799,1.0074534798715318,0.97111332451871
interior_none,2027,random,source_query_concat_layer1,generators,i,0.9446067780617361,2.147690742428774,1.0065458669840568,0.9522809959042806
interior_none,2027,random,source_query_concat_layer1,composites,rc,1.0029259059368771,2.330468798663827,1.0000607235042958,1.0025205487693265
interior_none,2027,random,source_query_concat_layer1,composites,ci,0.9981193192576127,2.2802179717630735,0.9999659638623833,0.9983798701554363
interior_none,2027,random,source_query_concat_layer1,composites,ri,0.9980216358797592,2.2802179717630735,1.0000446548472683,0.9982957199048322
interior_none,2027,random,source_query_concat_layer1,composites,rci,1.0001690757831687,2.166795794815703,1.0000065942839491,1.0001456518994059
interior_none,2027,random,source_query_concat_layer2,generators,c,0.9583966991896506,2.12774844207466,1.0036973920817356,0.9594833463145905
interior_none,2027,random,source_query_concat_layer2,generators,r,0.22334732440996127,3.728757936093546,1.008177551217824,0.24363291186500444
interior_none,2027,random,source_query_concat_layer2,generators,i,0.920959585033383,1.9812407426378642,1.0040264822115073,0.9230240616014579
interior_none,2027,random,source_query_concat_layer2,composites,rc,0.9710721485674243,1.9858273106894306,1.0000394431637907,0.9718277224276137
interior_none,2027,random,source_query_concat_layer2,composites,ci,0.9556199886115024,2.0925500610321786,0.999866716419547,0.9567791613415689
interior_none,2027,random,source_query_concat_layer2,composites,ri,0.9814757397024305,2.092550061032178,1.0001311863483073,0.9819595795372974
interior_none,2027,random,source_query_concat_layer2,composites,rci,0.9849537113005419,1.991325446440142,0.9999982630415903,0.9853467091165281
interior_none,2027,random,source_query_concat_layer3,generators,c,0.9470843662624823,2.1435464322145314,1.0039608843221814,0.9483359989910783
interior_none,2027,random,source_query_concat_layer3,generators,r,0.2221932867694059,3.644434193812719,1.0038242738388368,0.2405910318220359
interior_none,2027,random,source_query_concat_layer3,generators,i,0.9207488752250107,2.00559719972032,1.004137691607709,0.9226234309005313
interior_none,2027,random,source_query_concat_layer3,composites,rc,0.9644593725735808,2.006511688581253,1.0000247117518881,0.9653000279591403
interior_none,2027,random,source_query_concat_layer3,composites,ci,0.9511184024294292,2.094820870793014,0.9999345930992746,0.9522746166335124
interior_none,2027,random,source_query_concat_layer3,composites,ri,0.9758468389345026,2.094820870793014,1.0001151044242989,0.9764181424369532
interior_none,2027,random,source_query_concat_layer3,composites,rci,0.9775787899853132,2.010268744085149,0.99999968219957,0.9781091270197012
interior_none,2027,random,source_query_concat_layer4,generators,c,0.9370726740146048,2.1531588572597764,1.0036614110006932,0.9385560263478665
interior_none,2027,random,source_query_concat_layer4,generators,r,0.23636252769007643,3.601163926429999,1.0013861642437996,0.2543633470253821
interior_none,2027,random,source_query_concat_layer4,generators,i,0.9182708392943764,2.025031702386694,1.005026090202496,0.92019739726152
interior_none,2027,random,source_query_concat_layer4,composites,rc,0.9566263107277149,2.014313647860219,1.0000396493013255,0.9576487355992108
interior_none,2027,random,source_query_concat_layer4,composites,ci,0.9492263908435755,2.0937480319620816,1.0000282195113763,0.9504232500844685
interior_none,2027,random,source_query_concat_layer4,composites,ri,0.9702726038489163,2.0937480319620816,1.0001062409317703,0.9709733519222215
interior_none,2027,random,source_query_concat_layer4,composites,rci,0.9736542805676445,2.018835802139148,1.0000074858312875,0.9742753141771214
interior_none,2027,random,source_query_concat_numeric_contrast,generators,c,0.9265043363077619,2.1527087163537977,1.0031243263551397,0.9265052501484259
interior_none,2027,random,source_query_concat_numeric_contrast,generators,r,0.3121747351898735,3.589034965685576,0.9992118188735586,0.3121832875678658
interior_none,2027,random,source_query_concat_numeric_contrast,generators,i,0.9387150293589738,2.0093421988430733,1.0062485504349403,0.9387157913726145
interior_none,2027,random,source_query_concat_numeric_contrast,composites,rc,0.9480253606794422,2.02220869838734,1.000088619454453,0.948026006928983
interior_none,2027,random,source_query_concat_numeric_contrast,composites,ci,0.9584034355243842,2.099214813914475,1.000023671788391,0.9584039527335664
interior_none,2027,random,source_query_concat_numeric_contrast,composites,ri,0.9887777621877243,2.099214813914475,0.9999774793988548,0.9887779017243548
interior_none,2027,random,source_query_concat_numeric_contrast,composites,rci,0.989538669190773,2.028275792901264,1.0000045012850163,0.9895387992663315
interior_none,2027,random,source_query_concat_numeric_null,generators,c,0.9366549736104998,2.1538611906297924,1.0035194308089135,0.93809006557642
interior_none,2027,random,source_query_concat_numeric_null,generators,r,0.238206205608004,3.599445660355051,1.0015325691210624,0.2554647690080361
interior_none,2027,random,source_query_concat_numeric_null,generators,i,0.9205202006107446,2.027992262607506,1.0050862586257598,0.9223208285062185
interior_none,2027,random,source_query_concat_numeric_null,composites,rc,0.9562959925606016,2.013913755282393,1.000024977037234,0.9572861140196905
interior_none,2027,random,source_query_concat_numeric_null,composites,ci,0.9508779738524481,2.0934311718722336,1.0000250670393376,0.9519908414143087
interior_none,2027,random,source_query_concat_numeric_null,composites,ri,0.9701290208774072,2.0934311718722336,1.0001047478734237,0.9708057528103832
interior_none,2027,random,source_query_concat_numeric_null,composites,rci,0.9741360663676784,2.0179247873807897,1.0000064699824607,0.9747220180276336
interior_none,2027,trained,ONE_END_layer1,generators,c,0.674485347664553,2.6717670026126346,1.0098911858745758,0.6746288312346318
interior_none,2027,trained,ONE_END_layer1,generators,r,0.7178717364324025,2.740156783270396,1.00482256009667,0.7179960957206446
interior_none,2027,trained,ONE_END_layer1,generators,i,0.29141269003953596,1.323146220992859,0.9913371235879948,0.2917250281669172
interior_none,2027,trained,ONE_END_layer1,composites,rc,0.874545616726047,2.0931090240124437,1.0003148283903236,0.87460091575073
interior_none,2027,trained,ONE_END_layer1,composites,ci,0.7216343881128298,2.4558102189472577,1.0004076023196187,0.721757088862225
interior_none,2027,trained,ONE_END_layer1,composites,ri,0.773893632376541,2.4558102189472577,1.0003318708486881,0.7739932977790396
interior_none,2027,trained,ONE_END_layer1,composites,rci,0.8915446270546676,2.260200531217154,1.0000127418477511,0.8915924330873385
interior_none,2027,trained,ONE_END_layer2,generators,c,0.6947686634439275,2.6310447906373704,1.0091940129326886,0.6950447949305172
interior_none,2027,trained,ONE_END_layer2,generators,r,0.5658692858489219,2.7522445932063384,1.0071252325635833,0.5662620278289076
interior_none,2027,trained,ONE_END_layer2,generators,i,0.3641049331257419,1.5184481207941172,0.9927141316486413,0.3646802038437232
interior_none,2027,trained,ONE_END_layer2,composites,rc,0.7992786459081195,2.0869606215235437,1.0003657818125278,0.7994602310838783
interior_none,2027,trained,ONE_END_layer2,composites,ci,0.7032165929019937,2.4097808629421276,1.0003002508868803,0.7034850818596535
interior_none,2027,trained,ONE_END_layer2,composites,ri,0.6366754407209134,2.4097808629421276,1.0002507674486294,0.6370041269947417
interior_none,2027,trained,ONE_END_layer2,composites,rci,0.7861515656873592,2.1917401479543765,1.0000149358129367,0.7863450264464603
interior_none,2027,trained,ONE_END_layer3,generators,c,0.6760948400191527,2.690283000771004,1.006400160476467,0.6766259406551084
interior_none,2027,trained,ONE_END_layer3,generators,r,0.5309227835647983,2.727349190727446,0.9997257029407255,0.5316919198390577
interior_none,2027,trained,ONE_END_layer3,generators,i,0.3830704821193418,1.5344476262447766,1.0002160097272903,0.38408204877454927
interior_none,2027,trained,ONE_END_layer3,composites,rc,0.793250554557154,2.0698140499627042,1.000274822028974,0.7935895573750303
interior_none,2027,trained,ONE_END_layer3,composites,ci,0.7295434401587818,2.4028804257552943,1.0002560445621382,0.7299869022232285
interior_none,2027,trained,ONE_END_layer3,composites,ri,0.6114751359971262,2.4028804257552943,1.0002674109037268,0.6121121922341085
interior_none,2027,trained,ONE_END_layer3,composites,rci,0.7983534857654669,2.172345280783481,1.00001231537552,0.7986841214118845
interior_none,2027,trained,ONE_END_layer4,generators,c,0.7962036389545212,2.6064932687147766,1.00875393839946,0.7968521024033922
interior_none,2027,trained,ONE_END_layer4,generators,r,0.744268219752934,2.3968159420728177,1.0023501523318064,0.745081937482506
interior_none,2027,trained,ONE_END_layer4,generators,i,0.6788186261069724,1.9249206941213373,0.9999642256059965,0.6798405991214042
interior_none,2027,trained,ONE_END_layer4,composites,rc,0.8811062049855319,1.797754047962067,0.9999427820603201,0.8814845153732588
interior_none,2027,trained,ONE_END_layer4,composites,ci,0.8965368483713567,2.488351955617219,0.9996678903504714,0.8968660597065937
interior_none,2027,trained,ONE_END_layer4,composites,ri,0.8056116842524599,2.488351955617219,1.001013579690388,0.8062302120662208
interior_none,2027,trained,ONE_END_layer4,composites,rci,0.938280669698059,2.297312135894562,1.0000159959504837,0.9384770555882896
interior_none,2027,trained,ONE_END_numeric_contrast,generators,c,0.8588665433110845,2.5780939775209855,1.0036929862823536,0.8588665433110849
interior_none,2027,trained,ONE_END_numeric_contrast,generators,r,0.876129705897026,2.2806641268315238,1.0053817209361338,0.876129705897026
interior_none,2027,trained,ONE_END_numeric_contrast,generators,i,0.8249421933731649,2.0181403546346512,1.0003514981849373,0.8249421933731651
interior_none,2027,trained,ONE_END_numeric_contrast,composites,rc,0.9373770712201324,1.6980146900513506,1.0001338885401245,0.9373770712201326
interior_none,2027,trained,ONE_END_numeric_contrast,composites,ci,0.9666830409589919,2.5370967847452355,0.9998072755832745,0.966683040958992
interior_none,2027,trained,ONE_END_numeric_contrast,composites,ri,0.9145443096146334,2.5370967847452355,1.0004914791153645,0.9145443096146335
interior_none,2027,trained,ONE_END_numeric_contrast,composites,rci,0.9918889532433735,2.3508932814710164,1.0000118656266723,0.9918889532433737
interior_none,2027,trained,ONE_END_numeric_null,generators,c,0.7777802698692999,2.669582440792246,1.0150856637673271,0.7795336919291983
interior_none,2027,trained,ONE_END_numeric_null,generators,r,0.607122385829398,2.6564637352116587,1.0011419686969614,0.6102223818339015
interior_none,2027,trained,ONE_END_numeric_null,generators,i,0.505445990566743,1.7167636408249243,1.0066853793874955,0.5093482629232141
interior_none,2027,trained,ONE_END_numeric_null,composites,rc,0.861566026941535,2.0218711439743813,0.9998759367450754,0.862658338511067
interior_none,2027,trained,ONE_END_numeric_null,composites,ci,0.8138202658269738,2.3789716912622376,1.000215343916191,0.8152893147400159
interior_none,2027,trained,ONE_END_numeric_null,composites,ri,0.7249201110387694,2.3789716912622376,1.0007080962760517,0.7270906255347387
interior_none,2027,trained,ONE_END_numeric_null,composites,rci,0.8814703768105513,2.177375656672314,0.9999895814326172,0.8824056333511366
interior_none,2027,trained,source_query_concat_layer1,generators,c,0.3573709538976909,3.2859168258292537,1.0232848134242922,0.36028026456853435
interior_none,2027,trained,source_query_concat_layer1,generators,r,0.7523090326409421,2.4244886949557354,0.9975336588079743,0.7534303793630982
interior_none,2027,trained,source_query_concat_layer1,generators,i,0.6223844620572226,1.6402160062408389,0.9900481607958102,0.624094003386978
interior_none,2027,trained,source_query_concat_layer1,composites,rc,0.7957967964350772,1.9593518269482866,1.0002779640090238,0.7967212653223071
interior_none,2027,trained,source_query_concat_layer1,composites,ci,0.9000800254305752,2.3199651650826927,0.9999583873508566,0.9005323832099321
interior_none,2027,trained,source_query_concat_layer1,composites,ri,0.7826245018780301,2.3199651650826927,0.9999797605443655,0.7836086043864707
interior_none,2027,trained,source_query_concat_layer1,composites,rci,0.9567075949023789,2.0500963158605012,1.0000043075351643,0.9569035883092764
interior_none,2027,trained,source_query_concat_layer2,generators,c,0.714073448504566,2.563752478497418,1.0094885522257018,0.7158478951454043
interior_none,2027,trained,source_query_concat_layer2,generators,r,0.22385373979245798,3.17578385827928,1.02092151344418,0.2286704667351694
interior_none,2027,trained,source_query_concat_layer2,generators,i,0.3601404202111469,1.884496889773131,1.0271364837186485,0.3641113584679349
interior_none,2027,trained,source_query_concat_layer2,composites,rc,0.7698345100964789,1.997959009900598,0.9998927094152216,0.7712629062291924
interior_none,2027,trained,source_query_concat_layer2,composites,ci,0.4390983751855638,2.45306205231055,0.9980615115643311,0.4425793041121966
interior_none,2027,trained,source_query_concat_layer2,composites,ri,0.3970914501220541,2.45306205231055,1.0007607988950011,0.40083307203673246
interior_none,2027,trained,source_query_concat_layer2,composites,rci,0.447660750947359,1.4718836589284736,0.9999973090495686,0.4510885421754163
interior_none,2027,trained,source_query_concat_layer3,generators,c,0.6027573572766797,2.7542920088072473,1.0139813778038107,0.6070679982973526
interior_none,2027,trained,source_query_concat_layer3,generators,r,0.20071799543755872,2.8414734288510965,1.0099047384957107,0.20939132862337206
interior_none,2027,trained,source_query_concat_layer3,generators,i,0.476536582642292,1.8645899765174103,1.0158311918315202,0.48221689647822447
interior_none,2027,trained,source_query_concat_layer3,composites,rc,0.6722201683877974,2.1731798873127257,0.9995904357231847,0.6757770402739833
interior_none,2027,trained,source_query_concat_layer3,composites,ci,0.5571583634355743,2.570217590890549,0.9985122223265207,0.5619638176314019
interior_none,2027,trained,source_query_concat_layer3,composites,ri,0.5020180079772629,2.5702175908905485,1.000223435297374,0.5074218125327187
interior_none,2027,trained,source_query_concat_layer3,composites,rci,0.5559359362347248,1.226029516730421,1.0000477370080645,0.5607546554838726
interior_none,2027,trained,source_query_concat_layer4,generators,c,0.6799714575098946,2.548571143234779,1.0022066050938379,0.6848767358219187
interior_none,2027,trained,source_query_concat_layer4,generators,r,0.27636453613901935,2.34871511023215,1.0054467860302376,0.28745615102770883
interior_none,2027,trained,source_query_concat_layer4,generators,i,0.5387673276796711,1.8544371653122937,1.0096074417817242,0.5458369303055051
interior_none,2027,trained,source_query_concat_layer4,composites,rc,0.7167594872090568,2.3935406434272055,0.9998207093077531,0.7211008923027071
interior_none,2027,trained,source_query_concat_layer4,composites,ci,0.7210961966732136,2.6414531310198583,1.0010808651348173,0.7253711302993049
interior_none,2027,trained,source_query_concat_layer4,composites,ri,0.5474662934063007,2.641453131019858,0.9996263101452174,0.5544025615252065
interior_none,2027,trained,source_query_concat_layer4,composites,rci,0.7258239017445194,1.5718296757538566,0.999968891178049,0.7300263708680028
interior_none,2027,trained,source_query_concat_numeric_contrast,generators,c,0.6857177753436166,2.5255215391863524,1.0013366702266393,0.6860636561621448
interior_none,2027,trained,source_query_concat_numeric_contrast,generators,r,0.2709954585997459,2.3042628053320775,1.0053485732001697,0.27179775878635715
interior_none,2027,trained,source_query_concat_numeric_contrast,generators,i,0.5491982840983614,1.8381701569188695,1.0095988573024144,0.5496944103640468
interior_none,2027,trained,source_query_concat_numeric_contrast,composites,rc,0.7180136380854553,2.4405953994180916,0.9996473980151112,0.718323975947482
interior_none,2027,trained,source_query_concat_numeric_contrast,composites,ci,0.7324588838382764,2.682369954802005,1.0014836689430513,0.7327533240992526
interior_none,2027,trained,source_query_concat_numeric_contrast,composites,ri,0.5520700576613315,2.682369954802005,0.999306688194419,0.5525630234193182
interior_none,2027,trained,source_query_concat_numeric_contrast,composites,rci,0.739901740130209,1.5267101895405975,0.9999696682118796,0.7401879892145151
interior_none,2027,trained,source_query_concat_numeric_null,generators,c,0.6875944872324565,2.69947730626261,1.010587778149456,0.7094898603155266
interior_none,2027,trained,source_query_concat_numeric_null,generators,r,0.3579105005477476,2.6497914915094,1.0086054728226883,0.40291223249122227
interior_none,2027,trained,source_query_concat_numeric_null,generators,i,0.4979483272092033,1.9725685278010816,1.0118116880970176,0.5331353141011833
interior_none,2027,trained,source_query_concat_numeric_null,composites,rc,0.7582106127202405,2.0728958261553005,1.0004021804245673,0.7751567568363221
interior_none,2027,trained,source_query_concat_numeric_null,composites,ci,0.7037571856981767,2.3540820375430194,0.9989912692783427,0.7245197736719152
interior_none,2027,trained,source_query_concat_numeric_null,composites,ri,0.5532665568720394,2.35408203754302,1.0002434441174317,0.5845764890154241
interior_none,2027,trained,source_query_concat_numeric_null,composites,rci,0.736689026775949,1.8971027731855683,1.000023602577697,0.7551435410530281
interior_none,3037,random,ONE_END_layer1,generators,c,0.9619556458695724,2.369853437976392,1.0035505590315072,0.9672040699491654
interior_none,3037,random,ONE_END_layer1,generators,r,0.9658647227848358,2.363972065349606,1.0068195938274165,0.9705738685962078
interior_none,3037,random,ONE_END_layer1,generators,i,0.9644326047843257,2.188064269842759,1.004568877153984,0.9693393190068454
interior_none,3037,random,ONE_END_layer1,composites,rc,1.0009585757656447,2.322724040562947,1.0000466992619077,1.0008263350627726
interior_none,3037,random,ONE_END_layer1,composites,ci,0.9992728990856352,2.291542307358838,0.9999114334980445,0.9993732065828832
interior_none,3037,random,ONE_END_layer1,composites,ri,0.999635472424543,2.291542307358838,0.9999164017868862,0.999685760971909
interior_none,3037,random,ONE_END_layer1,composites,rci,1.00003358455822,2.172301571550623,0.9999970161167613,1.0000289513870677
interior_none,3037,random,ONE_END_layer2,generators,c,0.9569636891911275,2.0687395055806492,1.001151943513047,0.9579753197824444
interior_none,3037,random,ONE_END_layer2,generators,r,0.20675698822347308,3.7452691495491472,1.0075233805784285,0.2254033099452699
interior_none,3037,random,ONE_END_layer2,generators,i,0.9324610735162038,1.9842150346277296,1.0023849736710808,0.9340486734487154
interior_none,3037,random,ONE_END_layer2,composites,rc,0.9736532530554673,2.0353238718132998,0.9999907267231594,0.9742725713634225
interior_none,3037,random,ONE_END_layer2,composites,ci,0.9634147590447195,2.0849040275222346,0.9999849789314652,0.9642747479295807
interior_none,3037,random,ONE_END_layer2,composites,ri,0.9934036508277865,2.0849040275222346,0.9999633576074903,0.9935587075342792
interior_none,3037,random,ONE_END_layer2,composites,rci,0.991648047813465,1.9966443833847043,0.9999970973306783,0.9918443725023224
interior_none,3037,random,ONE_END_layer3,generators,c,0.9547616865212593,2.080493087555987,1.0015930990398503,0.9557401654273406
interior_none,3037,random,ONE_END_layer3,generators,r,0.19884821308629375,3.660405399018995,1.0093941425421407,0.21617666907377905
interior_none,3037,random,ONE_END_layer3,generators,i,0.9381685604628245,2.005438404326731,1.0024055583946385,0.9395059392169685
interior_none,3037,random,ONE_END_layer3,composites,rc,0.974652774260061,2.056932044095527,1.000002193613973,0.9752010202888584
interior_none,3037,random,ONE_END_layer3,composites,ci,0.9657998664696642,2.099584356481603,0.9999391745223604,0.9665395958422086
interior_none,3037,random,ONE_END_layer3,composites,ri,0.9874555966201146,2.099584356481603,1.0000397864029158,0.9877269249069741
interior_none,3037,random,ONE_END_layer3,composites,rci,0.9865501527238648,1.9975623520395542,0.9999993006462917,0.986841065245524
interior_none,3037,random,ONE_END_layer4,generators,c,0.9493928372426548,2.097600320986338,1.001583362011337,0.9504358258802289
interior_none,3037,random,ONE_END_layer4,generators,r,0.21892513760998986,3.594322338077437,1.0127468833497368,0.23502270487480004
interior_none,3037,random,ONE_END_layer4,generators,i,0.9386606622940659,2.0240295194900373,1.0028438330194367,0.9399248357584108
interior_none,3037,random,ONE_END_layer4,composites,rc,0.970232193668114,2.065795972377973,1.0000319400215834,0.970845693459014
interior_none,3037,random,ONE_END_layer4,composites,ci,0.9684666312395064,2.1053173731398123,0.99997641597186,0.9691165184003285
interior_none,3037,random,ONE_END_layer4,composites,ri,0.9834128218957778,2.1053173731398123,1.000049971255706,0.9837546754467286
interior_none,3037,random,ONE_END_layer4,composites,rci,0.9861142461468594,2.007617102788589,0.999998360061746,0.9864004246778002
interior_none,3037,random,ONE_END_numeric_contrast,generators,c,0.9690783689339049,2.096582281974074,1.0007659040618833,0.9690783689339052
interior_none,3037,random,ONE_END_numeric_contrast,generators,r,0.3304949371007716,3.584357932696778,1.0036385282678917,0.33049493710077166
interior_none,3037,random,ONE_END_numeric_contrast,generators,i,0.9588778268700326,2.000557699409676,0.9999935885130148,0.9588778268700328
interior_none,3037,random,ONE_END_numeric_contrast,composites,rc,0.9853157871197995,2.080402117598496,0.9999188450776274,0.9853157871197995
interior_none,3037,random,ONE_END_numeric_contrast,composites,ci,0.9777419183564405,2.1204280573223278,0.9999034625530205,0.9777419183564404
interior_none,3037,random,ONE_END_numeric_contrast,composites,ri,0.9912770659572885,2.1204280573223278,1.0000182520858834,0.9912770659572887
interior_none,3037,random,ONE_END_numeric_contrast,composites,rci,0.9916197587279987,1.997243853676318,0.9999983102143513,0.9916197587279988
interior_none,3037,random,ONE_END_numeric_null,generators,c,0.9514744264662189,2.098475028282925,1.0013888704614444,0.9524089998178176
interior_none,3037,random,ONE_END_numeric_null,generators,r,0.2217312874309992,3.59257897749609,1.0138158296464406,0.2367202746017285
interior_none,3037,random,ONE_END_numeric_null,generators,i,0.9402733191216348,2.0272113564925287,1.0028253634393869,0.941423619061717
interior_none,3037,random,ONE_END_numeric_null,composites,rc,0.9706583477232731,2.064537884394976,1.0000413038489144,0.971223450293171
interior_none,3037,random,ONE_END_numeric_null,composites,ci,0.9715325982991823,2.1039512955204924,0.9999865062027326,0.9720808633289674
interior_none,3037,random,ONE_END_numeric_null,composites,ri,0.9856371707966564,2.103951295520493,1.0000387115823666,0.9859137902459382
interior_none,3037,random,ONE_END_numeric_null,composites,rci,0.9873059156693055,2.009294162292498,0.9999986169484358,0.9875503960963149
interior_none,3037,random,source_query_concat_layer1,generators,c,0.9659409516332539,2.3491854938741152,1.0079735335334683,0.9706904613789666
interior_none,3037,random,source_query_concat_layer1,generators,r,0.9632844874547138,2.3935230178736995,1.0074338431433065,0.9684044392154019
interior_none,3037,random,source_query_concat_layer1,generators,i,0.9411327671370214,2.1835947714540613,1.0050530610773118,0.9493417603295273
interior_none,3037,random,source_query_concat_layer1,composites,rc,1.0021763593646977,2.3268240936831397,0.9999443767763505,1.0018728676199637
interior_none,3037,random,source_query_concat_layer1,composites,ci,0.9964137958883565,2.2839676723840476,1.0000641484927948,0.9969138894668662
interior_none,3037,random,source_query_concat_layer1,composites,ri,0.9967612062075802,2.2839676723840476,1.000069213032336,0.9972128536674804
interior_none,3037,random,source_query_concat_layer1,composites,rci,1.0002714722559638,2.1789372783468894,0.9999938355051404,1.000233615645541
interior_none,3037,random,source_query_concat_layer2,generators,c,0.9624641573187722,2.07502337403259,1.0018118364778894,0.9634419319114919
interior_none,3037,random,source_query_concat_layer2,generators,r,0.21519457821497745,3.736429548567356,1.0078861288685201,0.23563804629339014
interior_none,3037,random,source_query_concat_layer2,generators,i,0.9474817268222647,1.992944023135992,1.002682827600348,0.948849780114762
interior_none,3037,random,source_query_concat_layer2,composites,rc,0.9770340539089578,2.035180179481831,1.0000123684042015,0.977632295935287
interior_none,3037,random,source_query_concat_layer2,composites,ci,0.9678248632700015,2.0817440478796856,1.0000471723917237,0.968662996344009
interior_none,3037,random,source_query_concat_layer2,composites,ri,0.9952144499434273,2.0817440478796856,0.9999808357692311,0.9953391091737328
interior_none,3037,random,source_query_concat_layer2,composites,rci,0.9923881921515704,1.9969347790228582,0.9999972531630547,0.9925864728291102
interior_none,3037,random,source_query_concat_layer3,generators,c,0.9558055795250877,2.082850104122235,1.0018574551898167,0.9568461371383248
interior_none,3037,random,source_query_concat_layer3,generators,r,0.21100785958598575,3.652101806345243,1.0102828054873527,0.22958467923130632
interior_none,3037,random,source_query_concat_layer3,generators,i,0.9486579346886737,2.0137592436937957,1.0023759307957432,0.9498667835968597
interior_none,3037,random,source_query_concat_layer3,composites,rc,0.9749147639506728,2.0588302452811402,0.999971493673625,0.9755053958238931
interior_none,3037,random,source_query_concat_layer3,composites,ci,0.969505397741931,2.0970100961374416,0.9999752876357489,0.9702233931404742
interior_none,3037,random,source_query_concat_layer3,composites,ri,0.9899067626136817,2.0970100961374416,1.000064322465358,0.9901444078840956
interior_none,3037,random,source_query_concat_layer3,composites,rci,0.9873111161371089,1.9984384082827018,0.9999989175591425,0.9876098759028242
interior_none,3037,random,source_query_concat_layer4,generators,c,0.9537248612599442,2.0995878111254753,1.001968496305438,0.9547466242218338
interior_none,3037,random,source_query_concat_layer4,generators,r,0.2309796275142709,3.5883910477211804,1.013312924717856,0.24795972859961452
interior_none,3037,random,source_query_concat_layer4,generators,i,0.9515444567730426,2.0338283734741402,1.0024994576519115,0.9526143634381671
interior_none,3037,random,source_query_concat_layer4,composites,rc,0.9757502919210579,2.0663762355942397,0.9999909529069065,0.9762857296145219
interior_none,3037,random,source_query_concat_layer4,composites,ci,0.9737177585807585,2.101041430330213,0.9999951821933094,0.9742980749573008
interior_none,3037,random,source_query_concat_layer4,composites,ri,0.9885296465864658,2.101041430330213,1.0000839888363242,0.9887829139476632
interior_none,3037,random,source_query_concat_layer4,composites,rci,0.9886722739543371,2.0097336714245384,0.9999984711364716,0.9889223920789072
interior_none,3037,random,source_query_concat_numeric_contrast,generators,c,0.9428325682982882,2.1041492885921667,1.0030494228461522,0.9428332203666466
interior_none,3037,random,source_query_concat_numeric_contrast,generators,r,0.3130168093998283,3.578906212303038,1.007506221453614,0.3130246453299695
interior_none,3037,random,source_query_concat_numeric_contrast,generators,i,0.9442307976762123,2.0218507575504137,1.0008014034997432,0.9442314337959594
interior_none,3037,random,source_query_concat_numeric_contrast,composites,rc,0.9652248521966701,2.0792715063023945,0.9998619957041909,0.9652252488521236
interior_none,3037,random,source_query_concat_numeric_contrast,composites,ci,0.9693991713536952,2.1070699480795794,0.9999202083384131,0.9693995203956499
interior_none,3037,random,source_query_concat_numeric_contrast,composites,ri,0.9927419905391608,2.1070699480795794,1.0001537496622523,0.9927420733261283
interior_none,3037,random,source_query_concat_numeric_contrast,composites,rci,0.9891962364620559,2.0016823390928264,0.9999926934483123,0.9891963596929261
interior_none,3037,random,source_query_concat_numeric_null,generators,c,0.9525575999478183,2.0996580768225432,1.0016233847209584,0.9535397537378827
interior_none,3037,random,source_query_concat_numeric_null,generators,r,0.23360445822633513,3.5864035791067708,1.0139287293770867,0.24947039850789143
interior_none,3037,random,source_query_concat_numeric_null,generators,i,0.95262565632722,2.0355737443649384,1.0025895482834812,0.953606401212362
interior_none,3037,random,source_query_concat_numeric_null,composites,rc,0.9751852055341568,2.0654310750259333,1.0000104709548745,0.9756989220494993
interior_none,3037,random,source_query_concat_numeric_null,composites,ci,0.9753124793294636,2.100879974716469,1.0000027882893923,0.9758235610194114
interior_none,3037,random,source_query_concat_numeric_null,composites,ri,0.9896539504248311,2.100879974716469,1.0000665911884636,0.9898681346101017
interior_none,3037,random,source_query_concat_numeric_null,composites,rci,0.9899539117211081,2.0111735752468762,0.9999987774961112,0.9901618860998831
interior_none,3037,trained,ONE_END_layer1,generators,c,0.5294291481571676,3.0364544921254386,0.9850361565460145,0.5298250190166341
interior_none,3037,trained,ONE_END_layer1,generators,r,0.7339065756731455,2.596672720744764,1.013272242592854,0.7341304285364797
interior_none,3037,trained,ONE_END_layer1,generators,i,0.8624047287316575,1.8365327767015827,0.9984237000655231,0.8625204816689296
interior_none,3037,trained,ONE_END_layer1,composites,rc,0.8455782758698062,1.961306697442108,0.9999054411137971,0.8457081841724825
interior_none,3037,trained,ONE_END_layer1,composites,ci,0.9096756568625484,2.3514902272530582,1.0003754353730063,0.9097516428170724
interior_none,3037,trained,ONE_END_layer1,composites,ri,0.8989435337901222,2.3514902272530582,0.9997788085917153,0.899028548214574
interior_none,3037,trained,ONE_END_layer1,composites,rci,0.9456431654099368,1.86605285847999,0.9999930130823016,0.945688893458631
interior_none,3037,trained,ONE_END_layer2,generators,c,0.7659522852387539,2.6237140994272923,0.9958953054241455,0.7662645996368193
interior_none,3037,trained,ONE_END_layer2,generators,r,0.572294537055108,2.8733114507770625,0.9963234926407472,0.5728652692852648
interior_none,3037,trained,ONE_END_layer2,generators,i,0.8679155465312763,2.0291952093459162,1.0021955671359988,0.8680918006622808
interior_none,3037,trained,ONE_END_layer2,composites,rc,0.9209314411308513,2.0372317378005573,0.9995835927238979,0.9210369505967066
interior_none,3037,trained,ONE_END_layer2,composites,ci,0.9022046607877559,2.2712279595704614,1.0001038725062972,0.9023351593595141
interior_none,3037,trained,ONE_END_layer2,composites,ri,0.8581301754163172,2.2712279595704614,0.9998128073071056,0.8583194871936772
interior_none,3037,trained,ONE_END_layer2,composites,rci,0.9111001345182708,1.8940915835082488,1.0000145727231964,0.9112187629270307
interior_none,3037,trained,ONE_END_layer3,generators,c,0.6638704683807141,2.8349622542652586,0.9913371446642886,0.6646349330727404
interior_none,3037,trained,ONE_END_layer3,generators,r,0.6569585214550836,2.6823309102583988,0.994510458357345,0.657738706096953
interior_none,3037,trained,ONE_END_layer3,generators,i,0.911244113592283,2.084107756133785,1.0023742232817014,0.9114459725037608
interior_none,3037,trained,ONE_END_layer3,composites,rc,0.9124552845795258,2.0989959873117376,0.9998826448108179,0.9126543889057361
interior_none,3037,trained,ONE_END_layer3,composites,ci,0.9202440486475073,2.3035595689921435,1.0000665106982116,0.920425438864827
interior_none,3037,trained,ONE_END_layer3,composites,ri,0.8946558255074183,2.303559568992144,1.00041043348824,0.8948954114239615
interior_none,3037,trained,ONE_END_layer3,composites,rci,0.9114481444970571,1.6924839540465335,1.0000120565623332,0.9116495393778321
interior_none,3037,trained,ONE_END_layer4,generators,c,0.8130578456210983,2.3637027772006975,1.0035331434545058,0.8137781946752601
interior_none,3037,trained,ONE_END_layer4,generators,r,0.8275315723362383,2.308171899998939,0.989177030059876,0.8281961494036908
interior_none,3037,trained,ONE_END_layer4,generators,i,0.9116429039631739,2.39280038372979,1.004883345372275,0.9119833726539842
interior_none,3037,trained,ONE_END_layer4,composites,rc,0.9462240759242458,1.9227520251382066,1.000136481593291,0.9464312920878413
interior_none,3037,trained,ONE_END_layer4,composites,ci,0.944203421379858,2.416801931333505,1.0002390393376943,0.9444184237840402
interior_none,3037,trained,ONE_END_layer4,composites,ri,0.9324512375210406,2.4168019313335045,1.0004022845817149,0.9327115249202267
interior_none,3037,trained,ONE_END_layer4,composites,rci,0.9527071876480614,2.1789690512653577,0.9999940064553781,0.9528894222690303
interior_none,3037,trained,ONE_END_numeric_contrast,generators,c,0.8633586715018987,2.3321420965102786,1.006592675390572,0.8633586715018987
interior_none,3037,trained,ONE_END_numeric_contrast,generators,r,0.9155831389799431,2.189471058052318,0.9928402217115591,0.915583138979943
interior_none,3037,trained,ONE_END_numeric_contrast,generators,i,0.9257438801870083,2.44136417549666,1.0059792855554233,0.9257438801870084
interior_none,3037,trained,ONE_END_numeric_contrast,composites,rc,0.9864362699813193,1.891710333080918,0.9999731498953197,0.9864362699813193
interior_none,3037,trained,ONE_END_numeric_contrast,composites,ci,0.9664246826517133,2.450017548851311,1.0000601915004952,0.9664246826517133
interior_none,3037,trained,ONE_END_numeric_contrast,composites,ri,0.964875612176037,2.450017548851311,1.0002335174677242,0.9648756121760372
interior_none,3037,trained,ONE_END_numeric_contrast,composites,rci,0.9795676016047962,2.245277239157203,1.0000020989121332,0.979567601604796
interior_none,3037,trained,ONE_END_numeric_null,generators,c,0.7937865732119337,2.462004667842855,0.9989720072674915,0.7963117894919693
interior_none,3037,trained,ONE_END_numeric_null,generators,r,0.672739372865294,2.6772602389060363,0.9931253980499622,0.6767468901076338
interior_none,3037,trained,ONE_END_numeric_null,generators,i,0.8944167619039981,2.241161866287676,1.0029222124430504,0.8957096966846849
interior_none,3037,trained,ONE_END_numeric_null,composites,rc,0.942537579352878,2.020035467413092,0.9999850976192947,0.9432412437183293
interior_none,3037,trained,ONE_END_numeric_null,composites,ci,0.9274837823732917,2.313359405647054,1.0004558205036644,0.928371790182336
interior_none,3037,trained,ONE_END_numeric_null,composites,ri,0.8924082751078809,2.313359405647054,1.0001091266000492,0.8937258051035097
interior_none,3037,trained,ONE_END_numeric_null,composites,rci,0.9345674627660827,1.972818948256232,0.9999748608454082,0.935368726344506
interior_none,3037,trained,source_query_concat_layer1,generators,c,0.36471866248258555,3.146959095219149,0.9596807912722011,0.36741230676447195
interior_none,3037,trained,source_query_concat_layer1,generators,r,0.7678109709045802,2.41204767381359,1.0047922599028019,0.768795471178087
interior_none,3037,trained,source_query_concat_layer1,generators,i,0.7049166652382091,1.8063097032789788,1.000644161542289,0.7061678424575292
interior_none,3037,trained,source_query_concat_layer1,composites,rc,0.8518972744227625,2.063232748903967,0.9998287352956287,0.8525252419645792
interior_none,3037,trained,source_query_concat_layer1,composites,ci,0.817180588616558,2.298568922551278,0.9997904362401928,0.8179557577156775
interior_none,3037,trained,source_query_concat_layer1,composites,ri,0.8263881372510569,2.298568922551278,1.000175480770413,0.8271242655988355
interior_none,3037,trained,source_query_concat_layer1,composites,rci,0.8867615547436382,1.9743129336817582,1.0000152659517982,0.8872416949154658
interior_none,3037,trained,source_query_concat_layer2,generators,c,0.5586110717752983,2.792074358067965,0.9955200794764522,0.5620212964151932
interior_none,3037,trained,source_query_concat_layer2,generators,r,0.3167176766272034,2.7055226762197004,1.0062833767544899,0.3219967991111823
interior_none,3037,trained,source_query_concat_layer2,generators,i,0.33429215935117523,1.1109195090026207,0.9995174426304384,0.33943549924028993
interior_none,3037,trained,source_query_concat_layer2,composites,rc,0.7134982583265892,2.298026503805081,0.9999537095197149,0.7157118056911711
interior_none,3037,trained,source_query_concat_layer2,composites,ci,0.6265983679610685,2.5045189202186395,1.000669138386824,0.6294833144668126
interior_none,3037,trained,source_query_concat_layer2,composites,ri,0.44398941992262336,2.5045189202186395,1.0008478372719367,0.44828522541065025
interior_none,3037,trained,source_query_concat_layer2,composites,rci,0.7221514134042205,2.084419112467355,0.9999944710881614,0.7242981054383406
interior_none,3037,trained,source_query_concat_layer3,generators,c,0.601255417625091,2.771335537874518,0.9999564842455543,0.6068275951112427
interior_none,3037,trained,source_query_concat_layer3,generators,r,0.27437389166641096,2.547345624566452,0.9947836831510996,0.28451401053683784
interior_none,3037,trained,source_query_concat_layer3,generators,i,0.41729733906421396,1.3046351492110426,0.9996030044357683,0.4254402024206226
interior_none,3037,trained,source_query_concat_layer3,composites,rc,0.6733989950469713,2.3660167793398177,1.0001211609962932,0.6779630163458054
interior_none,3037,trained,source_query_concat_layer3,composites,ci,0.6814706978301336,2.5806882755607017,1.000598444180777,0.6859219227111321
interior_none,3037,trained,source_query_concat_layer3,composites,ri,0.4559512178159611,2.5806882755607012,1.0007939762734357,0.46355392017093344
interior_none,3037,trained,source_query_concat_layer3,composites,rci,0.7091413048771881,1.8492903578867672,1.000026711306514,0.7132058523199692
interior_none,3037,trained,source_query_concat_layer4,generators,c,0.6586303675854337,2.459048850763682,1.000523247192958,0.6644444286040363
interior_none,3037,trained,source_query_concat_layer4,generators,r,0.3803036135461421,2.2321623509312953,0.9911297816606119,0.39085801634514333
interior_none,3037,trained,source_query_concat_layer4,generators,i,0.5753435291040278,1.9753187184569028,1.0056558826136694,0.5825760957979957
interior_none,3037,trained,source_query_concat_layer4,composites,rc,0.7201388299968898,2.3427824879924017,1.0001153611127096,0.7249053052912112
interior_none,3037,trained,source_query_concat_layer4,composites,ci,0.7453102178542579,2.692672512354844,0.9999376481614497,0.7496479848774583
interior_none,3037,trained,source_query_concat_layer4,composites,ri,0.6089881146122699,2.692672512354844,1.0005873014604567,0.6156476611705363
interior_none,3037,trained,source_query_concat_layer4,composites,rci,0.7547891191000966,1.6053425671460304,0.9999803996943367,0.7589654455468674
interior_none,3037,trained,source_query_concat_numeric_contrast,generators,c,0.674390119746099,2.4293014733125786,1.0016057869776287,0.6747563986498047
interior_none,3037,trained,source_query_concat_numeric_contrast,generators,r,0.3775614712059194,2.202271766240837,0.9902404806271389,0.3782616529748913
interior_none,3037,trained,source_query_concat_numeric_contrast,generators,i,0.5773664278355873,1.9896063546638825,1.0060900943223638,0.5778418487944381
interior_none,3037,trained,source_query_concat_numeric_contrast,composites,rc,0.7303046264130469,2.3659624311016176,1.0000784274966823,0.730608007028202
interior_none,3037,trained,source_query_concat_numeric_contrast,composites,ci,0.7557481419234261,2.7237415658418067,0.9998237207096379,0.7560229011006802
interior_none,3037,trained,source_query_concat_numeric_contrast,composites,ri,0.611537993063127,2.7237415658418067,1.0005326246443587,0.6119749743915843
interior_none,3037,trained,source_query_concat_numeric_contrast,composites,rci,0.7637672816321565,1.56537484299747,1.0000000792822785,0.7640330200705471
interior_none,3037,trained,source_query_concat_numeric_null,generators,c,0.61050127058793,2.7113124247150897,0.9889640557381333,0.6479462484091922
interior_none,3037,trained,source_query_concat_numeric_null,generators,r,0.4946547946178077,2.4958690815608935,0.9976495961696262,0.5432368273145001
interior_none,3037,trained,source_query_concat_numeric_null,generators,i,0.615154901813091,1.8610687125832852,0.9980918215856894,0.652152496613932
interior_none,3037,trained,source_query_concat_numeric_null,composites,rc,0.7392498779426335,2.141785477153361,1.0001793232858704,0.7643174373466589
interior_none,3037,trained,source_query_concat_numeric_null,composites,ci,0.7944639439076645,2.4086037203705377,1.00056474532003,0.8142234257253959
interior_none,3037,trained,source_query_concat_numeric_null,composites,ri,0.6620479670193773,2.4086037203705377,1.000317305712622,0.6945374346967464
interior_none,3037,trained,source_query_concat_numeric_null,composites,rci,0.8244565714342557,1.9727568632462937,1.0000074133779353,0.8413326721579591
position_four,1009,random,ONE_END_layer1,generators,c,0.956470513235959,2.412988897963573,1.0056786168500327,0.9625377701498462
position_four,1009,random,ONE_END_layer1,generators,r,0.9588094349219186,2.3643183923914117,1.0054863529551825,0.9645506866419681
position_four,1009,random,ONE_END_layer1,generators,i,0.9508908891351653,2.1849612451837315,1.0053711772467546,0.9577358490595641
position_four,1009,random,ONE_END_layer1,composites,rc,1.0010446314081511,2.311567544941791,1.000122713345366,1.000899027873519
position_four,1009,random,ONE_END_layer1,composites,ci,0.9970061788452307,2.279854944495438,0.9999621680832332,0.9974234656880249
position_four,1009,random,ONE_END_layer1,composites,ri,0.9975332269744226,2.2798549444954377,0.9999905742141897,0.9978770524317625
position_four,1009,random,ONE_END_layer1,composites,rci,1.0002019615953677,2.1664540305286164,0.9999994563432453,1.00017381164514
position_four,1009,random,ONE_END_layer2,generators,c,0.9479554044215098,2.103976247458083,0.999485515608963,0.9495176812478467
position_four,1009,random,ONE_END_layer2,generators,r,0.20827843463280496,3.7515018792934964,1.0037022896931518,0.2320443653838464
position_four,1009,random,ONE_END_layer2,generators,i,0.9027475987911551,2.004372812595078,1.0063519477167668,0.9056669253999104
position_four,1009,random,ONE_END_layer2,composites,rc,0.963087627867711,1.9997428260588788,0.9999214734307904,0.964195664983696
position_four,1009,random,ONE_END_layer2,composites,ci,0.9542905012194969,2.077689653528692,1.0000139624500426,0.9556626108476822
position_four,1009,random,ONE_END_layer2,composites,ri,0.9859793777810409,2.077689653528692,0.9999481867720202,0.9864002493996986
position_four,1009,random,ONE_END_layer2,composites,rci,0.9865304130217949,1.9850269275370815,0.99999882384271,0.9869347436417658
position_four,1009,random,ONE_END_layer3,generators,c,0.9400886911932407,2.114959810407016,0.9990452020468666,0.9417286156463093
position_four,1009,random,ONE_END_layer3,generators,r,0.2004832292460289,3.6797169939691394,1.0019242954457384,0.2223680307820275
position_four,1009,random,ONE_END_layer3,generators,i,0.9151191965162541,2.020789884196689,1.0074187337035283,0.9174425993595815
position_four,1009,random,ONE_END_layer3,composites,rc,0.9626153798903062,2.018204406728421,0.9999516245778006,0.9636386917475768
position_four,1009,random,ONE_END_layer3,composites,ci,0.9565479957927938,2.086226676557939,0.9999783793862463,0.957737387339289
position_four,1009,random,ONE_END_layer3,composites,ri,0.9798140902008082,2.0862266765579385,1.0000522357600725,0.9803666297421141
position_four,1009,random,ONE_END_layer3,composites,rci,0.9799704073303799,1.993875551582857,0.9999996587435587,0.9805186680754399
position_four,1009,random,ONE_END_layer4,generators,c,0.9364704563038747,2.112121624135147,0.999780480212156,0.9380901166767309
position_four,1009,random,ONE_END_layer4,generators,r,0.21296059855659855,3.6306324706066104,1.0026349104583712,0.23302585412480517
position_four,1009,random,ONE_END_layer4,generators,i,0.9194850379694688,2.01555470506708,1.0077548576955184,0.9215377348068117
position_four,1009,random,ONE_END_layer4,composites,rc,0.9609510446871239,2.0417160862572197,0.999901668796922,0.9619465822251271
position_four,1009,random,ONE_END_layer4,composites,ci,0.9573817695275705,2.0971469596005403,1.000032943439207,0.9584683043118848
position_four,1009,random,ONE_END_layer4,composites,ri,0.9759566842833355,2.0971469596005403,1.0001110694779536,0.9765696590259942
position_four,1009,random,ONE_END_layer4,composites,rci,0.9776739885791357,2.0056811947328614,0.999997939670408,0.9782431813338526
position_four,1009,random,ONE_END_numeric_contrast,generators,c,0.9686346313095832,2.113089251011433,1.00045583777729,0.968634631309583
position_four,1009,random,ONE_END_numeric_contrast,generators,r,0.3211439943861457,3.6035099179380405,0.9999586967866512,0.32114399438614566
position_four,1009,random,ONE_END_numeric_contrast,generators,i,0.9762087786451509,2.024226800797005,1.0024054499200297,0.9762087786451509
position_four,1009,random,ONE_END_numeric_contrast,composites,rc,0.9894237214345681,2.059221294718232,0.9999425125439849,0.9894237214345681
position_four,1009,random,ONE_END_numeric_contrast,composites,ci,0.9817633836270951,2.102759743134401,1.0001098825821173,0.9817633836270949
position_four,1009,random,ONE_END_numeric_contrast,composites,ri,0.9982565178303606,2.102759743134401,1.0000563858781775,0.9982565178303605
position_four,1009,random,ONE_END_numeric_contrast,composites,rci,0.9947682174885509,1.9944332492664878,0.9999997721679479,0.9947682174885509
position_four,1009,random,ONE_END_numeric_null,generators,c,0.9362124145991433,2.112892030252428,0.9998197984138228,0.9377378696744534
position_four,1009,random,ONE_END_numeric_null,generators,r,0.21390635588693452,3.630508686395913,1.0027623237650394,0.23270547693134297
position_four,1009,random,ONE_END_numeric_null,generators,i,0.9188772289517289,2.0147929322019413,1.0080415949311428,0.9208172481896595
position_four,1009,random,ONE_END_numeric_null,composites,rc,0.958855043792019,2.040396523959082,0.999905911307117,0.9598390092749014
position_four,1009,random,ONE_END_numeric_null,composites,ci,0.9588185209519411,2.097068169336957,1.0000196472395693,0.9598033598642131
position_four,1009,random,ONE_END_numeric_null,composites,ri,0.9762470491602135,2.097068169336957,1.0001031535697225,0.9768150916591486
position_four,1009,random,ONE_END_numeric_null,composites,rci,0.9783106510955275,2.007273488516722,0.9999981280370378,0.9788293433639145
position_four,1009,random,source_query_concat_layer1,generators,c,0.9670731316448284,2.344521063874039,1.0065320683864287,0.9718987072955457
position_four,1009,random,source_query_concat_layer1,generators,r,0.9605674514710207,2.3916385923216668,1.0071169840762404,0.9663464628235318
position_four,1009,random,source_query_concat_layer1,generators,i,0.9447214112877971,2.209752434030545,1.0032448675631802,0.9528227286927278
position_four,1009,random,source_query_concat_layer1,composites,rc,1.0023138541001109,2.3095734351063295,1.0001391250099256,1.0019747487262147
position_four,1009,random,source_query_concat_layer1,composites,ci,0.9963818643072314,2.292507334574161,0.9999293808475452,0.9969121178166657
position_four,1009,random,source_query_concat_layer1,composites,ri,0.9975548232420748,2.292507334574161,1.0000482063776024,0.9979131745221742
position_four,1009,random,source_query_concat_layer1,composites,rci,1.0000764327044358,2.1594998055190975,0.9999973779755451,1.0000652311594402
position_four,1009,random,source_query_concat_layer2,generators,c,0.9491723040989343,2.1018194970228916,0.9991805054538773,0.9506779258265129
position_four,1009,random,source_query_concat_layer2,generators,r,0.2084578072140759,3.7519462509219106,1.0039885264284834,0.23190492797425052
position_four,1009,random,source_query_concat_layer2,generators,i,0.9028544640181899,1.999076624853345,1.0065300431177784,0.905732116194204
position_four,1009,random,source_query_concat_layer2,composites,rc,0.9641749465918094,1.9996844009097585,0.9999439795005353,0.965236158945563
position_four,1009,random,source_query_concat_layer2,composites,ci,0.9517425786525711,2.0808118159882234,0.9999648168687106,0.9531720635192278
position_four,1009,random,source_query_concat_layer2,composites,ri,0.9838685156641626,2.0808118159882234,1.0000211502609633,0.9843463636736695
position_four,1009,random,source_query_concat_layer2,composites,rci,0.9826544960411373,1.985849594315648,0.9999969148654905,0.9831683058287596
position_four,1009,random,source_query_concat_layer3,generators,c,0.9370486836561241,2.10922719815264,0.9986818005685353,0.9387882874405187
position_four,1009,random,source_query_concat_layer3,generators,r,0.20289389240371183,3.6808423085372652,1.0015349663469304,0.22492121259133
position_four,1009,random,source_query_concat_layer3,generators,i,0.911914779988606,2.0184146539962957,1.007252665015667,0.9143489369051033
position_four,1009,random,source_query_concat_layer3,composites,rc,0.9610134985193991,2.019446700661064,0.999937323657068,0.9620908559037225
position_four,1009,random,source_query_concat_layer3,composites,ci,0.956088601230627,2.088133570021966,0.9999368912343775,0.9573020537827547
position_four,1009,random,source_query_concat_layer3,composites,ri,0.983674159423621,2.088133570021966,1.0000475253830996,0.9841253095456447
position_four,1009,random,source_query_concat_layer3,composites,rci,0.9812022006443141,1.9958019986088031,0.9999967557112202,0.981721661154382
position_four,1009,random,source_query_concat_layer4,generators,c,0.9263353040542934,2.1104488287900867,0.9993688113881749,0.9282144948283922
position_four,1009,random,source_query_concat_layer4,generators,r,0.2164928068157757,3.629807823215151,1.0022932178275903,0.23648012190572149
position_four,1009,random,source_query_concat_layer4,generators,i,0.9163636687125188,2.014155730285298,1.0074092696257761,0.9184972364971568
position_four,1009,random,source_query_concat_layer4,composites,rc,0.9573411767167082,2.0407730585343,0.9999144327781532,0.9584294058354023
position_four,1009,random,source_query_concat_layer4,composites,ci,0.9568942246961899,2.096762278255328,0.9999905139943963,0.9579938555875059
position_four,1009,random,source_query_concat_layer4,composites,ri,0.9803145077399129,2.0967622782553286,1.0000678029976249,0.9808166858180798
position_four,1009,random,source_query_concat_layer4,composites,rci,0.9800953769726156,2.0112900026645084,0.9999945517888277,0.9806031450896868
position_four,1009,random,source_query_concat_numeric_contrast,generators,c,0.9365383810005533,2.1098003051940495,1.0019905492132748,0.9365392544083162
position_four,1009,random,source_query_concat_numeric_contrast,generators,r,0.30429747732914647,3.6011445640873725,1.0017471325131782,0.30430705212401665
position_four,1009,random,source_query_concat_numeric_contrast,generators,i,0.9458488620918275,2.0156655825416108,1.0034840519071777,0.9458496073615666
position_four,1009,random,source_query_concat_numeric_contrast,composites,rc,0.959882523359707,2.054469467451612,0.9999300005187222,0.9598830754873722
position_four,1009,random,source_query_concat_numeric_contrast,composites,ci,0.9689713036370703,2.114827492964002,1.0002407261257276,0.9689717306779292
position_four,1009,random,source_query_concat_numeric_contrast,composites,ri,0.994082264530857,2.114827492964002,1.0000629039488829,0.9940823459752982
position_four,1009,random,source_query_concat_numeric_contrast,composites,rci,0.9882491477485414,1.9892650947973523,0.9999918154087274,0.9882493094728358
position_four,1009,random,source_query_concat_numeric_null,generators,c,0.9283614535703961,2.1111763685040117,0.9992323789480878,0.9300668791628139
position_four,1009,random,source_query_concat_numeric_null,generators,r,0.21847223441893465,3.6301195972281266,1.0023469094135076,0.2370772664726857
position_four,1009,random,source_query_concat_numeric_null,generators,i,0.9164519591576407,2.0144936675345293,1.0076809194365528,0.918440901900762
position_four,1009,random,source_query_concat_numeric_null,composites,rc,0.9553312782460578,2.039723325282734,0.9999246605501265,0.9563946608111216
position_four,1009,random,source_query_concat_numeric_null,composites,ci,0.9565132090014793,2.0951083762332168,0.9999661343080087,0.9575484545501014
position_four,1009,random,source_query_concat_numeric_null,composites,ri,0.9827368809503353,2.0951083762332163,1.0000710783019722,0.983147846366296
position_four,1009,random,source_query_concat_numeric_null,composites,rci,0.9802015923288603,2.0142702889841635,0.999994731648867,0.9806729127675667
position_four,1009,trained,ONE_END_layer1,generators,c,0.716153374924521,2.650315951063958,0.9958860594444192,0.7163047507763192
position_four,1009,trained,ONE_END_layer1,generators,r,0.6911205444061486,2.810978425977668,1.0202364921151947,0.6912852703058523
position_four,1009,trained,ONE_END_layer1,generators,i,0.3654136457553697,1.8114220660411116,0.9882463388128432,0.36575207165663787
position_four,1009,trained,ONE_END_layer1,composites,rc,0.829682999771802,2.2408441565905135,1.0006141424299368,0.8297738300960251
position_four,1009,trained,ONE_END_layer1,composites,ci,0.7485345271006846,2.5718814035654414,1.0000792755165535,0.7486686340330739
position_four,1009,trained,ONE_END_layer1,composites,ri,0.7662064160950194,2.5718814035654414,1.000249924681757,0.7663310985812005
position_four,1009,trained,ONE_END_layer1,composites,rci,0.8512498764149923,1.3426765931958642,0.9999688996741704,0.8513292050899651
position_four,1009,trained,ONE_END_layer2,generators,c,0.6919426041798742,2.721920149429677,1.002620164558829,0.6922513920855854
position_four,1009,trained,ONE_END_layer2,generators,r,0.6667427289474577,2.8808536348164067,1.0149114373879773,0.6670767764859604
position_four,1009,trained,ONE_END_layer2,generators,i,0.3710969648017343,1.6480126961849224,1.0006013733766481,0.37172735918203226
position_four,1009,trained,ONE_END_layer2,composites,rc,0.7635293152041748,2.050341042679532,1.0003909176195056,0.7637663466421826
position_four,1009,trained,ONE_END_layer2,composites,ci,0.7400459281951439,2.6019531129873275,1.0001123684444022,0.7403064987073369
position_four,1009,trained,ONE_END_layer2,composites,ri,0.7464752508025557,2.6019531129873275,1.0013527573474974,0.7467293767460091
position_four,1009,trained,ONE_END_layer2,composites,rci,0.7909447790937314,1.494966250914808,0.9999700383681294,0.7911543300563686
position_four,1009,trained,ONE_END_layer3,generators,c,0.7368603524103916,2.6298892787353116,0.9979455306101879,0.7372208600136739
position_four,1009,trained,ONE_END_layer3,generators,r,0.7172324488028028,2.735216580469163,1.0076767573484577,0.717619847102914
position_four,1009,trained,ONE_END_layer3,generators,i,0.3589998191385123,1.908083375202241,1.0041990372978649,0.3598780046990034
position_four,1009,trained,ONE_END_layer3,composites,rc,0.7713747518228181,2.29420534034966,0.9997564934341995,0.7716879738743987
position_four,1009,trained,ONE_END_layer3,composites,ci,0.7605322851032085,2.5527581959041568,1.0000907726712833,0.7608603615932081
position_four,1009,trained,ONE_END_layer3,composites,ri,0.7728929881745027,2.5527581959041568,1.0014394390433126,0.7732041302060129
position_four,1009,trained,ONE_END_layer3,composites,rci,0.7940579207919474,1.32708903343531,0.9999461992975687,0.794340066360167
position_four,1009,trained,ONE_END_layer4,generators,c,0.7729980268942178,2.6699397815087713,1.0062222785048922,0.7737650550235273
position_four,1009,trained,ONE_END_layer4,generators,r,0.7502808731585322,2.793238736344752,1.0153132914761183,0.7511246613956712
position_four,1009,trained,ONE_END_layer4,generators,i,0.47775371908561837,1.7175976312439298,0.9994524819642923,0.4795183627246492
position_four,1009,trained,ONE_END_layer4,composites,rc,0.8459918681050849,2.129088928639891,0.999956535494589,0.8465122537549963
position_four,1009,trained,ONE_END_layer4,composites,ci,0.783926464555466,2.6496800150062696,1.000082742645417,0.7846565660493771
position_four,1009,trained,ONE_END_layer4,composites,ri,0.7982788427335771,2.6496800150062696,1.001014677283292,0.7989604482711117
position_four,1009,trained,ONE_END_layer4,composites,rci,0.8441779168463469,1.3907748922501164,0.9999151562230382,0.8447044317453637
position_four,1009,trained,ONE_END_numeric_contrast,generators,c,0.7912193397137971,2.6876805461668227,1.0076232085088475,0.7912193397137972
position_four,1009,trained,ONE_END_numeric_contrast,generators,r,0.7783647041543716,2.8049503806733367,1.0133969348805139,0.7783647041543716
position_four,1009,trained,ONE_END_numeric_contrast,generators,i,0.5686240882627269,1.7157000565327818,0.9977436514707888,0.5686240882627271
position_four,1009,trained,ONE_END_numeric_contrast,composites,rc,0.876595332090263,2.093623915095551,0.9998230012448355,0.8765953320902631
position_four,1009,trained,ONE_END_numeric_contrast,composites,ci,0.8160248401728952,2.6742798877784626,0.9997904111732107,0.8160248401728953
position_four,1009,trained,ONE_END_numeric_contrast,composites,ri,0.8169822326139246,2.6742798877784626,1.000755416734766,0.8169822326139244
position_four,1009,trained,ONE_END_numeric_contrast,composites,rci,0.8692717033735906,1.3494853259745831,0.9999688181076885,0.8692717033735905
position_four,1009,trained,ONE_END_numeric_null,generators,c,0.7891176947348953,2.581313892109085,0.9907272062538393,0.792266058747118
position_four,1009,trained,ONE_END_numeric_null,generators,r,0.7665541699436959,2.7336770581031127,1.012876820873286,0.7700393957393296
position_four,1009,trained,ONE_END_numeric_null,generators,i,0.4479346699026143,1.7278649224078086,1.0075407061331674,0.4561767204411336
position_four,1009,trained,ONE_END_numeric_null,composites,rc,0.8357987826184218,2.305327865762391,1.000489984389795,0.8382502220737966
position_four,1009,trained,ONE_END_numeric_null,composites,ci,0.8216302528133441,2.5264955155586457,1.0002524083475386,0.8242932211084116
position_four,1009,trained,ONE_END_numeric_null,composites,ri,0.8344052056617733,2.526495515558645,1.0007278951018805,0.8368774505020907
position_four,1009,trained,ONE_END_numeric_null,composites,rci,0.8593602938144909,1.5988252305003137,0.9999785159677242,0.8614599720643438
position_four,1009,trained,source_query_concat_layer1,generators,c,0.8679099230110079,2.7002554103749183,1.0162634692525756,0.8683314912530568
position_four,1009,trained,source_query_concat_layer1,generators,r,0.848397883558391,2.7088391953509836,1.0146286765702714,0.848881724882251
position_four,1009,trained,source_query_concat_layer1,generators,i,0.260379325960922,0.8120586610575926,0.9947615270874146,0.2627398408038605
position_four,1009,trained,source_query_concat_layer1,composites,rc,1.0250887768173162,2.3525058404497887,1.0000897993874132,1.0250087054616241
position_four,1009,trained,source_query_concat_layer1,composites,ci,0.8849565337743476,2.6105520448351425,1.0003819968367944,0.885323697401786
position_four,1009,trained,source_query_concat_layer1,composites,ri,0.8740639011754511,2.6105520448351425,0.999415788513503,0.874465828867539
position_four,1009,trained,source_query_concat_layer1,composites,rci,1.0269634027710226,2.205236803096432,1.0000093507298062,1.0268773485074096
position_four,1009,trained,source_query_concat_layer2,generators,c,0.4149818273874409,3.332695788277441,1.0185123690000388,0.41770029024013966
position_four,1009,trained,source_query_concat_layer2,generators,r,0.4048933798098703,3.339701247219688,1.0355994981773764,0.40765872166781186
position_four,1009,trained,source_query_concat_layer2,generators,i,0.16758072826135914,0.6661343499001626,1.003734121621279,0.17144881471410373
position_four,1009,trained,source_query_concat_layer2,composites,rc,0.49200624476277144,1.183716547039957,0.9993208957282748,0.4943667904990659
position_four,1009,trained,source_query_concat_layer2,composites,ci,0.4250392560230749,3.296191459558051,0.9997093578070747,0.4277109840093719
position_four,1009,trained,source_query_concat_layer2,composites,ri,0.4226008997868546,3.2961914595580515,0.9996283616277633,0.4252839583286115
position_four,1009,trained,source_query_concat_layer2,composites,rci,0.49807347749777064,0.8853691484466507,1.0000119494122957,0.5004058300127585
position_four,1009,trained,source_query_concat_layer3,generators,c,0.4659232645950057,3.102576905966494,1.0105529801029887,0.46781057596749553
position_four,1009,trained,source_query_concat_layer3,generators,r,0.4622613428149101,3.1108129350081977,1.0242077949915467,0.4641615946249112
position_four,1009,trained,source_query_concat_layer3,generators,i,0.08418813324847872,1.5299077466928683,1.0038936642825667,0.08742441379882025
position_four,1009,trained,source_query_concat_layer3,composites,rc,0.4683168867801138,1.729437971188291,0.9990497501454497,0.4701957396108399
position_four,1009,trained,source_query_concat_layer3,composites,ci,0.4684979157121068,3.0967035170764263,1.000403367289221,0.470376128825842
position_four,1009,trained,source_query_concat_layer3,composites,ri,0.46812677703156014,3.0967035170764263,1.0002170207403014,0.47000630166891394
position_four,1009,trained,source_query_concat_layer3,composites,rci,0.4675043674615535,0.33385740699129685,1.000007639925318,0.46938609155936284
position_four,1009,trained,source_query_concat_layer4,generators,c,0.6963605215055506,2.6722211916098666,1.003245777934548,0.6984020141444521
position_four,1009,trained,source_query_concat_layer4,generators,r,0.6987900897831769,2.6602946913913517,1.009613521813197,0.7008152474389628
position_four,1009,trained,source_query_concat_layer4,generators,i,0.08834060405786515,2.57380191168253,1.0146668567266264,0.09447006375536382
position_four,1009,trained,source_query_concat_layer4,composites,rc,0.6880395732130793,2.6108049326273055,1.0007278150662866,0.6901370109970985
position_four,1009,trained,source_query_concat_layer4,composites,ci,0.7013318584729306,2.6621371574475727,0.9998342313356936,0.7033399267762526
position_four,1009,trained,source_query_concat_layer4,composites,ri,0.7008823271491496,2.662137157447573,1.0000335399213176,0.7028934178357698
position_four,1009,trained,source_query_concat_layer4,composites,rci,0.686632654552172,0.1586029577937998,0.9999472617581437,0.6887395516268736
position_four,1009,trained,source_query_concat_numeric_contrast,generators,c,0.6925752948390849,2.671867002528557,1.0030603201619221,0.6927175160075129
position_four,1009,trained,source_query_concat_numeric_contrast,generators,r,0.6954938418348507,2.661079979831293,1.009647213087783,0.695634712821732
position_four,1009,trained,source_query_concat_numeric_contrast,generators,i,0.08322558833730549,2.599846232353874,1.0149084395227772,0.08364970756332298
position_four,1009,trained,source_query_concat_numeric_contrast,composites,rc,0.6964938954236854,2.6177120650802417,1.0007075695662762,0.6966343037646326
position_four,1009,trained,source_query_concat_numeric_contrast,composites,ci,0.6980008994098286,2.6645564978337095,0.9997843922027407,0.6981406105788696
position_four,1009,trained,source_query_concat_numeric_contrast,composites,ri,0.6965997981402584,2.6645564978337095,1.0000547394250412,0.69674015748837
position_four,1009,trained,source_query_concat_numeric_contrast,composites,rci,0.6951817195535639,0.1203817245386152,0.9999437988920857,0.6953227349348118
position_four,1009,trained,source_query_concat_numeric_null,generators,c,0.755141540637061,2.673492257309523,1.005211426660508,0.7738514489375599
position_four,1009,trained,source_query_concat_numeric_null,generators,r,0.7579886405808303,2.637392429288878,1.0108510312818695,0.7764809987954189
position_four,1009,trained,source_query_concat_numeric_null,generators,i,0.2800193229808503,2.015639804075012,1.007574873964198,0.33503385047647843
position_four,1009,trained,source_query_concat_numeric_null,composites,rc,0.7734053663702464,2.458415935906717,1.0004103697030444,0.7907197153522182
position_four,1009,trained,source_query_concat_numeric_null,composites,ci,0.7755810769703536,2.6047049085238108,0.9999837880841189,0.7927291774758696
position_four,1009,trained,source_query_concat_numeric_null,composites,ri,0.7752297859160907,2.6047049085238108,1.0002365799925201,0.7924047289633309
position_four,1009,trained,source_query_concat_numeric_null,composites,rci,0.7765391903714318,1.005649756372248,0.9999613425404884,0.7936140803620961
position_four,2027,random,ONE_END_layer1,generators,c,0.9579835080567188,2.4056511345054443,1.0055203803914265,0.963867587895144
position_four,2027,random,ONE_END_layer1,generators,r,0.9570904764707915,2.3944407241411927,1.0072031841748543,0.963099618371916
position_four,2027,random,ONE_END_layer1,generators,i,0.9423834592862246,2.1594844224386303,1.00666797106304,0.9504522034838927
position_four,2027,random,ONE_END_layer1,composites,rc,1.002304315319207,2.329312427493521,0.9999645901960328,1.0019816140492053
position_four,2027,random,ONE_END_layer1,composites,ci,0.9938241642578854,2.2746210741135626,1.000016935531276,0.9946890415690295
position_four,2027,random,ONE_END_layer1,composites,ri,0.9943070739485416,2.274621074113562,0.9999886357388822,0.9951043235486807
position_four,2027,random,ONE_END_layer1,composites,rci,1.0000730699459273,2.1618691431940866,1.0000012946933567,1.0000628370736493
position_four,2027,random,ONE_END_layer2,generators,c,0.9592906471121914,2.1248255649360797,1.004577724467183,0.9603846894127289
position_four,2027,random,ONE_END_layer2,generators,r,0.22050736562108728,3.7345440678460897,1.0071477056589582,0.2414558173765887
position_four,2027,random,ONE_END_layer2,generators,i,0.9195212985913376,1.988414526640303,1.0030042546220055,0.9216841210728458
position_four,2027,random,ONE_END_layer2,composites,rc,0.9721695973720164,1.9871746232253056,1.0000487550662702,0.972917524704586
position_four,2027,random,ONE_END_layer2,composites,ci,0.9534798313506019,2.0838801093481294,0.9998664149458519,0.9547300362475167
position_four,2027,random,ONE_END_layer2,composites,ri,0.9843082899923709,2.0838801093481294,1.000134730322337,0.9847299963890171
position_four,2027,random,ONE_END_layer2,composites,rci,0.9840085582887335,1.9972809986559628,1.000001977108379,0.984438319816187
position_four,2027,random,ONE_END_layer3,generators,c,0.9403257711011422,2.147859326139126,1.004806450796249,0.9418088055324245
position_four,2027,random,ONE_END_layer3,generators,r,0.22020808862827898,3.651270352830805,1.002186827958525,0.23958761434882875
position_four,2027,random,ONE_END_layer3,generators,i,0.9155822693719851,1.99997347870065,1.0036977555703968,0.9176802336597888
position_four,2027,random,ONE_END_layer3,composites,rc,0.9600425664523088,2.000575196740067,1.000070635860063,0.9610355956180033
position_four,2027,random,ONE_END_layer3,composites,ci,0.9483326436460021,2.0937353962200778,0.9999296581681826,0.9496166898726597
position_four,2027,random,ONE_END_layer3,composites,ri,0.9771971861876331,2.0937353962200773,1.000089386674429,0.9777638857267453
position_four,2027,random,ONE_END_layer3,composites,rci,0.9759298416056894,2.0128508531491964,1.0000024298138572,0.9765280374152352
position_four,2027,random,ONE_END_layer4,generators,c,0.9345764508579999,2.1514363141097177,1.0040175401279767,0.9362156699996209
position_four,2027,random,ONE_END_layer4,generators,r,0.23348904350496064,3.608134796057583,1.0010966684064484,0.25269435181713784
position_four,2027,random,ONE_END_layer4,generators,i,0.9167210562376767,2.021018055529921,1.0039341882463304,0.9188076510571184
position_four,2027,random,ONE_END_layer4,composites,rc,0.9569146659232223,2.0136257411388327,1.0000673477467186,0.9579941901200599
position_four,2027,random,ONE_END_layer4,composites,ci,0.948700410892506,2.092898651535638,0.9999913355724787,0.9499857472816979
position_four,2027,random,ONE_END_layer4,composites,ri,0.9709120283135121,2.0928986515356383,1.0001077597019572,0.9716408417240462
position_four,2027,random,ONE_END_layer4,composites,rci,0.9739824583868745,2.019987790092671,1.0000082485852664,0.9746343406645782
position_four,2027,random,ONE_END_numeric_contrast,generators,c,0.9712293348285999,2.1523940123063188,1.0015499663114318,0.9712293348285999
position_four,2027,random,ONE_END_numeric_contrast,generators,r,0.3373573871681779,3.587884701599424,0.9972998903179594,0.33735738716817787
position_four,2027,random,ONE_END_numeric_contrast,generators,i,0.9585093998985046,2.007560924588404,1.003454033995339,0.9585093998985045
position_four,2027,random,ONE_END_numeric_contrast,composites,rc,0.9858004156561191,2.027650737509381,1.0000811274879442,0.9858004156561191
position_four,2027,random,ONE_END_numeric_contrast,composites,ci,0.9749220823411733,2.0976174634375804,1.0000525928913595,0.9749220823411734
position_four,2027,random,ONE_END_numeric_contrast,composites,ri,0.9832239957926645,2.0976174634375804,0.9999861876205018,0.9832239957926644
position_four,2027,random,ONE_END_numeric_contrast,composites,rci,0.9891995797034306,2.029274697121311,1.0000010527620988,0.9891995797034308
position_four,2027,random,ONE_END_numeric_null,generators,c,0.9352146169660852,2.1518506837104354,1.004107860145333,0.9367628527044506
position_four,2027,random,ONE_END_numeric_null,generators,r,0.2358019833289067,3.607584981720151,1.0016707231122353,0.25406472447807665
position_four,2027,random,ONE_END_numeric_null,generators,i,0.9162648635146513,2.023367121523698,1.0039482195911946,0.9182659588974733
position_four,2027,random,ONE_END_numeric_null,composites,rc,0.9561521116098133,2.0124029239997125,1.0000593443430135,0.9571999848287153
position_four,2027,random,ONE_END_numeric_null,composites,ci,0.9487801701646967,2.0929006201566005,0.9999766652650379,0.9500042174320024
position_four,2027,random,ONE_END_numeric_null,composites,ri,0.9708339306054744,2.0929006201566005,1.0001141783358074,0.9715309389254007
position_four,2027,random,ONE_END_numeric_null,composites,rci,0.9742876365722197,2.018993048732801,1.0000083987868134,0.9749021085119147
position_four,2027,random,source_query_concat_layer1,generators,c,0.9542814521448791,2.4293042602144927,1.0055594272977646,0.9606126792577111
position_four,2027,random,source_query_concat_layer1,generators,r,0.9665428372343937,2.364880804948184,1.0074415251976454,0.9711760748580233
position_four,2027,random,source_query_concat_layer1,generators,i,0.9446031425195398,2.1477564150135064,1.0065575437512455,0.9522746479041255
position_four,2027,random,source_query_concat_layer1,composites,rc,1.0029202917690954,2.3305362756602888,1.000061397323608,1.0025158819334097
position_four,2027,random,source_query_concat_layer1,composites,ci,0.998122260726623,2.280294839358484,0.9999697826232619,0.9983822950968333
position_four,2027,random,source_query_concat_layer1,composites,ri,0.9980265072372128,2.280294839358484,1.0000448135800533,0.998299801807424
position_four,2027,random,source_query_concat_layer1,composites,rci,1.0001690656851858,2.1669325654465585,1.0000069469640644,1.000145653015709
position_four,2027,random,source_query_concat_layer2,generators,c,0.9581824442825078,2.127614855896245,1.0037008950380486,0.9592736779509762
position_four,2027,random,source_query_concat_layer2,generators,r,0.22341766964072482,3.7286894379244795,1.0081162223587392,0.24368267008576966
position_four,2027,random,source_query_concat_layer2,generators,i,0.9210339420002969,1.9813348608590557,1.004022903131842,0.9230945698795935
position_four,2027,random,source_query_concat_layer2,composites,rc,0.9709219548188657,1.986009148019205,1.000038508422574,0.9716807495731375
position_four,2027,random,source_query_concat_layer2,composites,ci,0.9555536493828688,2.0924841963238023,0.9998662665075233,0.956713481740399
position_four,2027,random,source_query_concat_layer2,composites,ri,0.9815179925798765,2.0924841963238023,1.0001312849448023,0.9820002825753503
position_four,2027,random,source_query_concat_layer2,composites,rci,0.9849438210202589,1.9913833046534108,0.9999982094975024,0.9853367136496648
position_four,2027,random,source_query_concat_layer3,generators,c,0.9471626548676849,2.143479067927368,1.0039574693200988,0.9484109210969689
position_four,2027,random,source_query_concat_layer3,generators,r,0.22220364950564073,3.6444470651443615,1.003802813010634,0.24057885202860987
position_four,2027,random,source_query_concat_layer3,generators,i,0.9208207266604818,2.0056689726237775,1.0041338907740187,0.9226913129422385
position_four,2027,random,source_query_concat_layer3,composites,rc,0.9645000937741939,2.0065888112423567,1.000024666449884,0.9653387682755992
position_four,2027,random,source_query_concat_layer3,composites,ci,0.9510735231458708,2.094810777109905,0.9999352617414126,0.9522293963000179
position_four,2027,random,source_query_concat_layer3,composites,ri,0.9759700612621983,2.094810777109905,1.0001159545737701,0.976537761265729
position_four,2027,random,source_query_concat_layer3,composites,rci,0.9776050932728547,2.0101945288423266,0.9999996573002138,0.9781341661417783
position_four,2027,random,source_query_concat_layer4,generators,c,0.9369092389318412,2.152962357498121,1.003657373407432,0.9383958099550112
position_four,2027,random,source_query_concat_layer4,generators,r,0.23632869604960843,3.6011896922848208,1.0013595796555765,0.254322640209716
position_four,2027,random,source_query_concat_layer4,generators,i,0.9184108065885221,2.025147021280019,1.0050262278743642,0.920333245447649
position_four,2027,random,source_query_concat_layer4,composites,rc,0.9566564770947916,2.0144921733572527,1.0000395329930423,0.9576777553945317
position_four,2027,random,source_query_concat_layer4,composites,ci,0.9492539291276714,2.093718931281954,1.0000284940403792,0.9504496293731803
position_four,2027,random,source_query_concat_layer4,composites,ri,0.9703892067535346,2.093718931281954,1.0001067908640533,0.9710869087065309
position_four,2027,random,source_query_concat_layer4,composites,rci,0.9737061414108815,2.018770893015878,1.00000745118733,0.974325688355698
position_four,2027,random,source_query_concat_numeric_contrast,generators,c,0.9300337292684444,2.1525337623373675,1.0031292244715226,0.9300344857196692
position_four,2027,random,source_query_concat_numeric_contrast,generators,r,0.3125147844718618,3.5890202846954176,0.9991972413760867,0.31252221732526314
position_four,2027,random,source_query_concat_numeric_contrast,generators,i,0.9330790963938969,2.0093904586269122,1.0062817855445447,0.9330798199196609
position_four,2027,random,source_query_concat_numeric_contrast,composites,rc,0.9482312131171309,2.0223240555138813,1.0000875831689207,0.9482317728234271
position_four,2027,random,source_query_concat_numeric_contrast,composites,ci,0.9590178715991589,2.099172813461839,1.0000247446862114,0.9590183146838183
position_four,2027,random,source_query_concat_numeric_contrast,composites,ri,0.9858498397804819,2.099172813461839,0.9999775033121562,0.9858499927671411
position_four,2027,random,source_query_concat_numeric_contrast,composites,rci,0.9845830653258332,2.0283858119027447,1.0000043978670623,0.9845832320084218
position_four,2027,random,source_query_concat_numeric_null,generators,c,0.9367680836324955,2.153674264299293,1.0035179384794075,0.9381998525091036
position_four,2027,random,source_query_concat_numeric_null,generators,r,0.23813622265988427,3.599462652597678,1.0015043807289177,0.25538720772051254
position_four,2027,random,source_query_concat_numeric_null,generators,i,0.9207666633898116,2.0281210876727713,1.005086606479407,0.9225607545998415
position_four,2027,random,source_query_concat_numeric_null,composites,rc,0.9564126930853927,2.014089239742416,1.0000247930249722,0.9573996464001205
position_four,2027,random,source_query_concat_numeric_null,composites,ci,0.9509601826624638,2.0934063974262784,1.0000254142236935,0.9520705979117874
position_four,2027,random,source_query_concat_numeric_null,composites,ri,0.9702220593811968,2.0934063974262784,1.0001052327704447,0.9708963253379597
position_four,2027,random,source_query_concat_numeric_null,composites,rci,0.9741835462052758,2.0178399608352837,1.00000644117824,0.9747681116774475
position_four,2027,trained,ONE_END_layer1,generators,c,0.8483297493139679,2.4073543415058434,1.0024119427492753,0.8483985866565112
position_four,2027,trained,ONE_END_layer1,generators,r,0.8449912808832135,2.338413844282485,1.006495859771218,0.8450616334292587
position_four,2027,trained,ONE_END_layer1,generators,i,0.3590913949274307,2.63953934358369,1.0296696559891059,0.3593822789009647
position_four,2027,trained,ONE_END_layer1,composites,rc,0.8656355934638873,2.953077446234046,0.9997243124615741,0.8656965763437635
position_four,2027,trained,ONE_END_layer1,composites,ci,0.8743490503919353,2.31478809307323,0.999897625660502,0.8744060785660168
position_four,2027,trained,ONE_END_layer1,composites,ri,0.8690700828611672,2.31478809307323,0.9999073863376682,0.869129506957287
position_four,2027,trained,ONE_END_layer1,composites,rci,0.8772074090533306,1.0320388382474748,0.9999722362163522,0.8772631399274246
position_four,2027,trained,ONE_END_layer2,generators,c,0.8025746476077603,2.556251225668178,1.0036549450542769,0.8027758253088572
position_four,2027,trained,ONE_END_layer2,generators,r,0.7920014545665944,2.50211661336408,1.0066963918446294,0.7922134064192553
position_four,2027,trained,ONE_END_layer2,generators,i,0.42676270177443987,2.119861139708268,1.0156717206996906,0.42734683426017434
position_four,2027,trained,ONE_END_layer2,composites,rc,0.8308556294759079,2.597891314930794,0.9994673697806702,0.8310279886749831
position_four,2027,trained,ONE_END_layer2,composites,ci,0.8397741887891016,2.4902594798591613,1.0002870170659097,0.8399374599190005
position_four,2027,trained,ONE_END_layer2,composites,ri,0.8332028822453714,2.490259479859161,0.9997704269162075,0.833372849578811
position_four,2027,trained,ONE_END_layer2,composites,rci,0.8392738253086408,1.2433607466103576,1.0000099644946052,0.8394376063121376
position_four,2027,trained,ONE_END_layer3,generators,c,0.8009426458571295,2.6708663654227727,1.0068197419643725,0.8014298655993569
position_four,2027,trained,ONE_END_layer3,generators,r,0.7964244157561131,2.5956965941708705,1.005863516777445,0.7969226944763652
position_four,2027,trained,ONE_END_layer3,generators,i,0.5188336489575367,1.8617260627556953,1.0097078236112877,0.5200113685476151
position_four,2027,trained,ONE_END_layer3,composites,rc,0.8619254392558962,2.338401992237274,0.9994722867220998,0.8622633953800669
position_four,2027,trained,ONE_END_layer3,composites,ci,0.8364619482054566,2.5847706014678535,1.000141644853651,0.836862229660933
position_four,2027,trained,ONE_END_layer3,composites,ri,0.8289032872993866,2.584770601467853,0.9998476394135543,0.8293220695976689
position_four,2027,trained,ONE_END_layer3,composites,rci,0.8609336810762297,1.3637677824776802,0.9999955065320484,0.8612740646624091
position_four,2027,trained,ONE_END_layer4,generators,c,0.8695789125751799,2.557508344461391,1.002930899575127,0.870286410969919
position_four,2027,trained,ONE_END_layer4,generators,r,0.862528954802775,2.600455946560638,1.0011557244703628,0.8632746972721912
position_four,2027,trained,ONE_END_layer4,generators,i,0.685182575612745,1.8569450590344574,1.0032014517921783,0.6868903732303523
position_four,2027,trained,ONE_END_layer4,composites,rc,0.9329911186822801,2.317783223974665,0.9993814843698837,0.9333546233647023
position_four,2027,trained,ONE_END_layer4,composites,ci,0.9000645625211593,2.543233880725278,0.9998356365499232,0.9006066846809256
position_four,2027,trained,ONE_END_layer4,composites,ri,0.895655908829254,2.543233880725278,1.0000016445835183,0.8962219467182293
position_four,2027,trained,ONE_END_layer4,composites,rci,0.9394290438723044,1.580839664518293,1.0000112957767238,0.9397576245878491
position_four,2027,trained,ONE_END_numeric_contrast,generators,c,0.8861109666379612,2.5701845448104867,1.002683159161402,0.8861109666379614
position_four,2027,trained,ONE_END_numeric_contrast,generators,r,0.8769608203365247,2.6405134323018538,0.9997615724534464,0.8769608203365248
position_four,2027,trained,ONE_END_numeric_contrast,generators,i,0.8077727941601177,1.7598156505509834,1.0000868257344497,0.8077727941601179
position_four,2027,trained,ONE_END_numeric_contrast,composites,rc,0.9723943491920263,2.2377561686832785,0.9996562835759377,0.9723943491920264
position_four,2027,trained,ONE_END_numeric_contrast,composites,ci,0.9173415601167332,2.577279038260133,0.9998284019095852,0.9173415601167332
position_four,2027,trained,ONE_END_numeric_contrast,composites,ri,0.9193052685637787,2.577279038260133,0.9999236987036906,0.9193052685637788
position_four,2027,trained,ONE_END_numeric_contrast,composites,rci,0.9663703957606845,1.637172127133131,1.0000021635009075,0.9663703957606846
position_four,2027,trained,ONE_END_numeric_null,generators,c,0.8655386394517569,2.502930315857371,1.0048939323916926,0.868409162308356
position_four,2027,trained,ONE_END_numeric_null,generators,r,0.8678266165378359,2.429777743663258,1.003753105920053,0.8706482949495015
position_four,2027,trained,ONE_END_numeric_null,generators,i,0.5227457673420912,2.2694604898196857,1.0173213768089513,0.5329343388221606
position_four,2027,trained,ONE_END_numeric_null,composites,rc,0.8887760095545219,2.656838778868296,0.9989572444853457,0.8911504538221846
position_four,2027,trained,ONE_END_numeric_null,composites,ci,0.8981208063210896,2.3978296592369093,1.000073083000462,0.9002957549671156
position_four,2027,trained,ONE_END_numeric_null,composites,ri,0.8919671000713969,2.3978296592369097,1.0001003187183615,0.8942734199483139
position_four,2027,trained,ONE_END_numeric_null,composites,rci,0.8963872768712813,1.3453333533175704,1.000028967419705,0.8985992334420222
position_four,2027,trained,source_query_concat_layer1,generators,c,0.7974191361106449,2.3169242440248357,1.002019001280462,0.7977683862936211
position_four,2027,trained,source_query_concat_layer1,generators,r,0.7865726833918215,2.350360623977557,1.009902244282632,0.7869406329007065
position_four,2027,trained,source_query_concat_layer1,generators,i,0.12576504254203608,2.927840536498114,1.0261171463664134,0.12727222694728835
position_four,2027,trained,source_query_concat_layer1,composites,rc,0.7814707963105723,3.2197220244534677,1.0002673624921028,0.7818475414922686
position_four,2027,trained,source_query_concat_layer1,composites,ci,0.8025847667846795,2.305530016879825,1.0000598777436265,0.8029251114006468
position_four,2027,trained,source_query_concat_layer1,composites,ri,0.8068024881892861,2.3055300168798247,0.9998332473664263,0.807135561437445
position_four,2027,trained,source_query_concat_layer1,composites,rci,0.7844350511964823,0.5740925372863754,1.000001779352362,0.7848066859914351
position_four,2027,trained,source_query_concat_layer2,generators,c,0.6360365713783207,2.6705171479413243,0.9982044373368841,0.6371440127117746
position_four,2027,trained,source_query_concat_layer2,generators,r,0.6407319052090535,2.6546584838347407,1.0028844541802193,0.6418250599237165
position_four,2027,trained,source_query_concat_layer2,generators,i,0.07248842188872295,2.4488406133952276,1.0065320961686774,0.07531058636482763
position_four,2027,trained,source_query_concat_layer2,composites,rc,0.6125447829043209,2.6221471796185383,1.000975787677513,0.6137237033356924
position_four,2027,trained,source_query_concat_layer2,composites,ci,0.6446572899663126,2.6530464917255756,0.9998753308776388,0.6457385008069814
position_four,2027,trained,source_query_concat_layer2,composites,ri,0.6452758839852722,2.653046491725575,0.9999806061216271,0.646355212613248
position_four,2027,trained,source_query_concat_layer2,composites,rci,0.6155345911774095,0.2977435917590191,1.00000285308137,0.61670441443857
position_four,2027,trained,source_query_concat_layer3,generators,c,0.5681676444677666,2.9014290801832034,0.9974239696724913,0.5709980377180576
position_four,2027,trained,source_query_concat_layer3,generators,r,0.5693921066693612,2.8990549459419412,0.9954988215375395,0.5722144743293828
position_four,2027,trained,source_query_concat_layer3,generators,i,0.08614955023029633,1.9802010797401879,1.0018598238007028,0.09213927312082781
position_four,2027,trained,source_query_concat_layer3,composites,rc,0.5638988493022246,2.143130268383012,1.000498203239716,0.5667572218571428
position_four,2027,trained,source_query_concat_layer3,composites,ci,0.5737996782304993,2.8930644286026843,0.9993540301508841,0.5765931569926949
position_four,2027,trained,source_query_concat_layer3,composites,ri,0.5751557520811648,2.8930644286026843,0.9995995800645763,0.5779403426203621
position_four,2027,trained,source_query_concat_layer3,composites,rci,0.5670571240452622,0.2900557685462869,1.0000017671807977,0.5698947960681322
position_four,2027,trained,source_query_concat_layer4,generators,c,0.7019868269114746,2.6665586671562616,1.0067650348856507,0.7043941582204403
position_four,2027,trained,source_query_concat_layer4,generators,r,0.7024208624686707,2.652917715230839,1.0000472377877465,0.7048246876662282
position_four,2027,trained,source_query_concat_layer4,generators,i,0.09099148588683764,2.573542994478911,1.0288784425283966,0.09833439839457124
position_four,2027,trained,source_query_concat_layer4,composites,rc,0.69212709241899,2.6210345126357266,1.0002392419478634,0.694614070031157
position_four,2027,trained,source_query_concat_layer4,composites,ci,0.7057600369202092,2.6567307179584163,0.9998078928186661,0.7081368884805949
position_four,2027,trained,source_query_concat_layer4,composites,ri,0.7048313075698994,2.656730717958417,0.9998435828889931,0.7072156613464432
position_four,2027,trained,source_query_concat_layer4,composites,rci,0.6934389990873617,0.17248467458142994,1.0000232942434206,0.6959153792015577
position_four,2027,trained,source_query_concat_numeric_contrast,generators,c,0.7009905168371042,2.6693816102623438,1.0070756677559634,0.7011995292094102
position_four,2027,trained,source_query_concat_numeric_contrast,generators,r,0.7007518945285715,2.654851543477473,0.9998556589559985,0.7009610737016568
position_four,2027,trained,source_query_concat_numeric_contrast,generators,i,0.0873820421667784,2.587154894241319,1.0293562006621055,0.0880199765973462
position_four,2027,trained,source_query_concat_numeric_contrast,composites,rc,0.6993611250145584,2.6216717224745034,1.0002403488277207,0.6995712763575975
position_four,2027,trained,source_query_concat_numeric_contrast,composites,ci,0.7045181262001685,2.660475297404168,0.9998181511479951,0.7047246727175669
position_four,2027,trained,source_query_concat_numeric_contrast,composites,ri,0.7039380290809107,2.6604752974041674,0.9998446730602994,0.7041449810953981
position_four,2027,trained,source_query_concat_numeric_contrast,composites,rci,0.7004990851865566,0.1459896347360251,1.0000256809432693,0.7007084410773825
position_four,2027,trained,source_query_concat_numeric_null,generators,c,0.7766754670575104,2.5885079817925396,1.0019575149856466,0.7978672733839289
position_four,2027,trained,source_query_concat_numeric_null,generators,r,0.7779823138442208,2.5983314431708786,1.0032397163736644,0.7990501103109191
position_four,2027,trained,source_query_concat_numeric_null,generators,i,0.26397322605490503,2.233349072247745,1.0162829564480274,0.33381659095078026
position_four,2027,trained,source_query_concat_numeric_null,composites,rc,0.7809528940973706,2.589288485566843,1.0007669401839354,0.8017388050024051
position_four,2027,trained,source_query_concat_numeric_null,composites,ci,0.7879277292344146,2.5570696014353325,0.9997057460022525,0.8080517811245193
position_four,2027,trained,source_query_concat_numeric_null,composites,ri,0.7920523502590907,2.5570696014353325,0.999674296938795,0.811785006861033
position_four,2027,trained,source_query_concat_numeric_null,composites,rci,0.7809885060450706,0.8763838143513287,0.9999852671600226,0.8017710376460554
position_four,3037,random,ONE_END_layer1,generators,c,0.9619556690092717,2.3698534292724474,1.0035505748697595,0.9672040906608951
position_four,3037,random,ONE_END_layer1,generators,r,0.9658647303289227,2.363971900446064,1.0068195960973174,0.9705738757852945
position_four,3037,random,ONE_END_layer1,generators,i,0.9644325722378081,2.1880643171905154,1.0045688869134646,0.9693392916648139
position_four,3037,random,ONE_END_layer1,composites,rc,1.0009585762672335,2.3227241082689614,1.0000466992361534,1.0008263354759075
position_four,3037,random,ONE_END_layer1,composites,ci,0.9992729014128173,2.2915423217425004,0.9999114321443343,0.9993732086036248
position_four,3037,random,ONE_END_layer1,composites,ri,0.9996354683626203,2.2915423217425004,0.9999164031040323,0.9996857574776736
position_four,3037,random,ONE_END_layer1,composites,rci,1.000033584640149,2.172301601337013,0.9999970160602353,1.000028951457019
position_four,3037,random,ONE_END_layer2,generators,c,0.9569637299767659,2.068739464214333,1.0011519426177404,0.9579753595019945
position_four,3037,random,ONE_END_layer2,generators,r,0.2067569738273181,3.745269150296383,1.0075233744405991,0.22540329390861125
position_four,3037,random,ONE_END_layer2,generators,i,0.9324611131580667,1.9842150157253418,1.002384976561687,0.9340487119902494
position_four,3037,random,ONE_END_layer2,composites,rc,0.9736532716319454,2.035323894095536,0.999990726359469,0.9742725894375062
position_four,3037,random,ONE_END_layer2,composites,ci,0.963414777727721,2.0849040691830103,0.999984978770514,0.964274766082142
position_four,3037,random,ONE_END_layer2,composites,ri,0.9934036423646521,2.08490406918301,0.9999633574308697,0.9935586992536268
position_four,3037,random,ONE_END_layer2,composites,rci,0.9916480613391713,1.9966443373023879,0.9999970973447345,0.9918443856892515
position_four,3037,random,ONE_END_layer3,generators,c,0.9547617505894557,2.080493051799921,1.0015930993086772,0.9557402281401338
position_four,3037,random,ONE_END_layer3,generators,r,0.1988481715334705,3.660405421824452,1.0093941411182483,0.21617662895730505
position_four,3037,random,ONE_END_layer3,generators,i,0.9381685445852563,2.0054384325844503,1.002405561610748,0.9395059237243129
position_four,3037,random,ONE_END_layer3,composites,rc,0.9746527879275965,2.0569320832339595,1.0000021933034324,0.9752010336777813
position_four,3037,random,ONE_END_layer3,composites,ci,0.9657998890567413,2.099584363313805,0.9999391744107764,0.966539617963689
position_four,3037,random,ONE_END_layer3,composites,ri,0.9874556065214936,2.099584363313805,1.0000397864051127,0.9877269346026092
position_four,3037,random,ONE_END_layer3,composites,rci,0.9865501563217682,1.9975622839296074,0.9999993006464273,0.9868410687746318
position_four,3037,random,ONE_END_layer4,generators,c,0.9493928505160327,2.097600276149888,1.001583360018111,0.9504358389420552
position_four,3037,random,ONE_END_layer4,generators,r,0.21892511876129872,3.594322376573987,1.0127468839591125,0.2350226873715818
position_four,3037,random,ONE_END_layer4,generators,i,0.9386606925976964,2.0240295272926194,1.0028438360668757,0.9399248655126544
position_four,3037,random,ONE_END_layer4,composites,rc,0.9702321777813389,2.065796002544941,1.0000319398025672,0.9708456779361302
position_four,3037,random,ONE_END_layer4,composites,ci,0.9684666467079245,2.105317373020431,0.9999764161885665,0.9691165335885864
position_four,3037,random,ONE_END_layer4,composites,ri,0.9834128453132304,2.105317373020431,1.0000499713826407,0.9837546984018823
position_four,3037,random,ONE_END_layer4,composites,rci,0.9861142728609229,2.0076170713977013,0.9999983600557125,0.9864004508583134
position_four,3037,random,ONE_END_numeric_contrast,generators,c,0.9690783749782587,2.0965822585453555,1.000765907355706,0.9690783749782587
position_four,3037,random,ONE_END_numeric_contrast,generators,r,0.33049493800268914,3.5843579308331317,1.0036385326677533,0.3304949380026891
position_four,3037,random,ONE_END_numeric_contrast,generators,i,0.9588778710994451,2.0005577858436605,0.9999935871332482,0.9588778710994449
position_four,3037,random,ONE_END_numeric_contrast,composites,rc,0.9853157674233665,2.0804021937529487,0.9999188446083301,0.985315767423366
position_four,3037,random,ONE_END_numeric_contrast,composites,ci,0.9777419146853595,2.120428037577247,0.999903462151248,0.9777419146853593
position_four,3037,random,ONE_END_numeric_contrast,composites,ri,0.9912770814360953,2.120428037577247,1.0000182522796017,0.991277081436095
position_four,3037,random,ONE_END_numeric_contrast,composites,rci,0.9916197490672728,1.9972437558704097,0.9999983102311981,0.9916197490672728
position_four,3037,random,ONE_END_numeric_null,generators,c,0.9514744726938906,2.0984749813020693,1.0013888681729437,0.9524090452515651
position_four,3037,random,ONE_END_numeric_null,generators,r,0.22173128544210718,3.592579019941465,1.0138158293169013,0.23672027419711678
position_four,3037,random,ONE_END_numeric_null,generators,i,0.9402733739231316,2.027211355643397,1.0028253662965463,0.9414236729264129
position_four,3037,random,ONE_END_numeric_null,composites,rc,0.9706583492384515,2.0645379122193943,1.0000413037747633,0.971223451837453
position_four,3037,random,ONE_END_numeric_null,composites,ci,0.9715326178877921,2.1039512956075437,0.9999865064134577,0.972080882596861
position_four,3037,random,ONE_END_numeric_null,composites,ri,0.9856372059184573,2.103951295607544,1.0000387116670746,0.9859138247198451
position_four,3037,random,ONE_END_numeric_null,composites,rci,0.9873059412760291,2.009294139678587,0.9999986169414197,0.9875504212350843
position_four,3037,random,source_query_concat_layer1,generators,c,0.9659381394257754,2.349478268126429,1.0079485462974924,0.9706902237346955
position_four,3037,random,source_query_concat_layer1,generators,r,0.9633341500685421,2.3934382658235687,1.0074360237175293,0.9684495256585751
position_four,3037,random,source_query_concat_layer1,generators,i,0.941121159890361,2.1837046290946205,1.0050793587949196,0.9493355441751747
position_four,3037,random,source_query_concat_layer1,composites,rc,1.0021709530885283,2.3264958625708028,0.9999428547368399,1.0018680761483532
position_four,3037,random,source_query_concat_layer1,composites,ci,0.9964221588539434,2.283982861480866,1.0000670269482526,0.9969213154614616
position_four,3037,random,source_query_concat_layer1,composites,ri,0.9967563117524616,2.2839828614808657,1.0000697293196699,0.9972088495693716
position_four,3037,random,source_query_concat_layer1,composites,rci,1.0002651478512514,2.1789172514228468,0.9999940944023971,1.0002281561860213
position_four,3037,random,source_query_concat_layer2,generators,c,0.9624368910655937,2.075256899854569,1.0018136749204218,0.9634137870613073
position_four,3037,random,source_query_concat_layer2,generators,r,0.21506121974156894,3.7365187000830256,1.007922620050897,0.23547496005933155
position_four,3037,random,source_query_concat_layer2,generators,i,0.9475096407609386,1.9927497627211277,1.0026861291115645,0.94887474666428
position_four,3037,random,source_query_concat_layer2,composites,rc,0.9771075927841627,2.034914661998923,1.0000123281252327,0.9777029508782025
position_four,3037,random,source_query_concat_layer2,composites,ci,0.9678348041144396,2.081883419966127,1.000048068068652,0.9686713177032594
position_four,3037,random,source_query_concat_layer2,composites,ri,0.995209219112989,2.081883419966127,0.9999813940873462,0.9953338119594712
position_four,3037,random,source_query_concat_layer2,composites,rci,0.992386019490204,1.9967931354101005,0.999997249134851,0.9925840347046649
position_four,3037,random,source_query_concat_layer3,generators,c,0.9558316370879402,2.0829462635536404,1.0018523705300195,0.9568707158713484
position_four,3037,random,source_query_concat_layer3,generators,r,0.21089851560482117,3.652107749616526,1.0103297524895651,0.2294624504290157
position_four,3037,random,source_query_concat_layer3,generators,i,0.9485313872715573,2.013683577518083,1.0023834217725955,0.9497422074145646
position_four,3037,random,source_query_concat_layer3,composites,rc,0.9750105276057324,2.0587444979173024,0.9999712899080491,0.9755984151537754
position_four,3037,random,source_query_concat_layer3,composites,ci,0.9693888645561751,2.097050273716627,0.9999761350454704,0.9701090040243063
position_four,3037,random,source_query_concat_layer3,composites,ri,0.989935553052264,2.097050273716627,1.0000655951945696,0.9901723232787486
position_four,3037,random,source_query_concat_layer3,composites,rci,0.9872625961649996,1.9984173639611928,0.9999989401982047,0.987562248794349
position_four,3037,random,source_query_concat_layer4,generators,c,0.9530346772861091,2.0996676645947416,1.0019664221519828,0.9540708207495023
position_four,3037,random,source_query_concat_layer4,generators,r,0.23086662084212828,3.5883949243936084,1.0133528758683321,0.24783515160570416
position_four,3037,random,source_query_concat_layer4,generators,i,0.9517751901227682,2.0338522813682154,1.0025001253057084,0.9528391202448303
position_four,3037,random,source_query_concat_layer4,composites,rc,0.9755291647014233,2.066345252093871,0.9999901872498091,0.976069037411185
position_four,3037,random,source_query_concat_layer4,composites,ci,0.9737000392191798,2.10106837693925,0.9999958334142204,0.9742802658816588
position_four,3037,random,source_query_concat_layer4,composites,ri,0.9885691796810915,2.10106837693925,1.000084485486842,0.9888213651036594
position_four,3037,random,source_query_concat_layer4,composites,rci,0.9886868996916175,2.009603123671062,0.9999985213445735,0.9889364879890652
position_four,3037,random,source_query_concat_numeric_contrast,generators,c,0.9425547511291158,2.1038636784778566,1.0030547828169116,0.9425553639140342
position_four,3037,random,source_query_concat_numeric_contrast,generators,r,0.31301732000741445,3.5787129745711974,1.0075230980923369,0.3130246482483723
position_four,3037,random,source_query_concat_numeric_contrast,generators,i,0.945861139779331,2.0218232835185224,1.00079653103293,0.9458617172940549
position_four,3037,random,source_query_concat_numeric_contrast,composites,rc,0.96149685727108,2.079616265218962,0.9998607885762725,0.9614972679951285
position_four,3037,random,source_query_concat_numeric_contrast,composites,ci,0.9649082307195487,2.107110706966061,0.9999211615144942,0.9649086050534997
position_four,3037,random,source_query_concat_numeric_contrast,composites,ri,0.9889427350892958,2.107110706966061,1.0001533222603294,0.9889428530403067
position_four,3037,random,source_query_concat_numeric_contrast,composites,rci,0.9870952069212584,2.0017623842813417,0.9999926460997701,0.9870953445803813
position_four,3037,random,source_query_concat_numeric_null,generators,c,0.9519356296867486,2.0997872143511565,1.0016330250653274,0.9529298014128675
position_four,3037,random,source_query_concat_numeric_null,generators,r,0.23299816761564968,3.5863732499352343,1.0139242584954105,0.24886296581581646
position_four,3037,random,source_query_concat_numeric_null,generators,i,0.9519724424664032,2.0355919198284957,1.0025741365425025,0.9529658527506378
position_four,3037,random,source_query_concat_numeric_null,composites,rc,0.9750200083043988,2.065360375876633,1.0000107958899525,0.9755366987613963
position_four,3037,random,source_query_concat_numeric_null,composites,ci,0.9753698860942357,2.10091378386574,1.0000025531487677,0.9758793396186782
position_four,3037,random,source_query_concat_numeric_null,composites,ri,0.9895568611226689,2.10091378386574,1.00006743851098,0.9897728688085308
position_four,3037,random,source_query_concat_numeric_null,composites,rci,0.9896830717332876,2.0110596722769993,0.9999987901755094,0.9898964688571096
position_four,3037,trained,ONE_END_layer1,generators,c,0.8137487631923076,2.548766671424844,1.018156887947647,0.8138772986699258
position_four,3037,trained,ONE_END_layer1,generators,r,0.8460670240793376,2.248578291139469,1.0103743690101288,0.8461732561179554
position_four,3037,trained,ONE_END_layer1,generators,i,0.4057775987696717,2.536744349433433,1.0104714321415702,0.40618768281240164
position_four,3037,trained,ONE_END_layer1,composites,rc,0.8179641052407586,2.913696229105539,0.9993107105611524,0.8180897316316358
position_four,3037,trained,ONE_END_layer1,composites,ci,0.8579361129125876,2.3286011764579517,1.000519493610531,0.8580341538700175
position_four,3037,trained,ONE_END_layer1,composites,ri,0.8568191569892428,2.3286011764579517,1.0002161709151036,0.8569179687789393
position_four,3037,trained,ONE_END_layer1,composites,rci,0.8544345937002575,1.09501210598081,1.0000141094919155,0.8545350511218787
position_four,3037,trained,ONE_END_layer2,generators,c,0.8321462932573501,2.4451884753163706,1.0178176937824666,0.8322577658710116
position_four,3037,trained,ONE_END_layer2,generators,r,0.8444812450059426,2.216522374277249,1.0028348149701267,0.8445845259070855
position_four,3037,trained,ONE_END_layer2,generators,i,0.3918015193956624,2.973163525246852,0.9877462679781803,0.39220542751049375
position_four,3037,trained,ONE_END_layer2,composites,rc,0.7827961651060421,3.096647332603926,1.000332911589099,0.7829404114241173
position_four,3037,trained,ONE_END_layer2,composites,ci,0.8866433814409681,2.3133411151569723,0.9997350262576634,0.8867186622244065
position_four,3037,trained,ONE_END_layer2,composites,ri,0.872550773361021,2.3133411151569723,1.0001882304741954,0.8726354131266735
position_four,3037,trained,ONE_END_layer2,composites,rci,0.8029293235842678,0.6417960622416569,1.0000014364853695,0.8030601993558096
position_four,3037,trained,ONE_END_layer3,generators,c,0.8843656089365305,2.4880453356522247,1.0040808018519092,0.8845156470630245
position_four,3037,trained,ONE_END_layer3,generators,r,0.8722669820191212,2.381511108155323,1.0037515017654022,0.8724327183760395
position_four,3037,trained,ONE_END_layer3,generators,i,0.6159360112971051,2.739565442188668,0.9971975575972736,0.616434342639441
position_four,3037,trained,ONE_END_layer3,composites,rc,0.9296905494753133,2.844300404580244,0.9998474373520061,0.9297817775099364
position_four,3037,trained,ONE_END_layer3,composites,ci,0.9390043589617062,2.4088717231269756,0.9998693763914412,0.9390835021268281
position_four,3037,trained,ONE_END_layer3,composites,ri,0.9421879346103339,2.4088717231269756,1.0001540518100929,0.9422629470171106
position_four,3037,trained,ONE_END_layer3,composites,rci,0.9157134511704734,0.7288342631695871,0.9999869650184716,0.9158228147928243
position_four,3037,trained,ONE_END_layer4,generators,c,0.9361477591428395,2.489525621189611,1.0034273199759363,0.9363437549047686
position_four,3037,trained,ONE_END_layer4,generators,r,0.9401832771368727,2.4383578790984646,1.003222671340075,0.9403668857936135
position_four,3037,trained,ONE_END_layer4,generators,i,0.8710677517133978,2.452692251716649,0.9977296096988506,0.8714635118919125
position_four,3037,trained,ONE_END_layer4,composites,rc,0.9978860844295692,2.531329307814147,1.0005239403557866,0.997892573136736
position_four,3037,trained,ONE_END_layer4,composites,ci,0.9969876996494521,2.4256190911986932,0.999941378509193,0.9969969459671133
position_four,3037,trained,ONE_END_layer4,composites,ri,0.9991972598806288,2.4256190911986932,1.000163693792815,0.9991997239078769
position_four,3037,trained,ONE_END_layer4,composites,rci,0.9830298111977389,1.2368567577837413,0.999988946653963,0.9830819015400625
position_four,3037,trained,ONE_END_numeric_contrast,generators,c,0.9381830044063538,2.483017628893682,1.0015130593026456,0.9381830044063536
position_four,3037,trained,ONE_END_numeric_contrast,generators,r,0.9491251356642362,2.4361405104752936,1.0025132233070602,0.949125135664236
position_four,3037,trained,ONE_END_numeric_contrast,generators,i,0.9134101961533406,2.482332179257471,0.9970653569489757,0.9134101961533405
position_four,3037,trained,ONE_END_numeric_contrast,composites,rc,1.02199305014917,2.5363820106198434,1.0004114267395925,1.0219930501491696
position_four,3037,trained,ONE_END_numeric_contrast,composites,ci,1.0199321433257575,2.4240330197054023,0.9999673141995739,1.0199321433257575
position_four,3037,trained,ONE_END_numeric_contrast,composites,ri,1.0165581813063407,2.424033019705403,1.0000632226973816,1.0165581813063405
position_four,3037,trained,ONE_END_numeric_contrast,composites,rci,1.006008621877448,1.214061631342905,0.9999907345330867,1.006008621877448
position_four,3037,trained,ONE_END_numeric_null,generators,c,0.8855880600401242,2.580130965917022,1.0068545216883256,0.8895554353151992
position_four,3037,trained,ONE_END_numeric_null,generators,r,0.8940326187107234,2.469937898872033,1.0012453612168628,0.8977071684879488
position_four,3037,trained,ONE_END_numeric_null,generators,i,0.6901127770829166,2.029082516337279,0.9999077430651445,0.7008584991351253
position_four,3037,trained,ONE_END_numeric_null,composites,rc,0.9399476777712539,2.4576709582815357,1.0001350003350025,0.9420300661872242
position_four,3037,trained,ONE_END_numeric_null,composites,ci,0.9354110994019574,2.4475258920711482,1.0001807331507082,0.9376507992739007
position_four,3037,trained,ONE_END_numeric_null,composites,ri,0.9251840517740341,2.447525892071148,1.0001953490756272,0.9277783871491453
position_four,3037,trained,ONE_END_numeric_null,composites,rci,0.9418722597440393,1.5681258764498343,1.0000004728914176,0.9438879109039473
position_four,3037,trained,source_query_concat_layer1,generators,c,0.7031742268642175,2.3613047561722076,1.0114105062897192,0.7038023811185476
position_four,3037,trained,source_query_concat_layer1,generators,r,0.7395826782159186,2.2412976867503054,1.0059976573403155,0.7401337834883881
position_four,3037,trained,source_query_concat_layer1,generators,i,0.1471268795282223,2.9673980743619084,0.9933792854702932,0.1489317628217738
position_four,3037,trained,source_query_concat_layer1,composites,rc,0.6361568454626011,3.2879690790359595,0.998381843143853,0.6369268245079417
position_four,3037,trained,source_query_concat_layer1,composites,ci,0.7495907567181163,2.260878639249117,1.000065982533875,0.7501206825053193
position_four,3037,trained,source_query_concat_layer1,composites,ri,0.731408884684344,2.2608786392491176,0.9999845929112808,0.7319772876568299
position_four,3037,trained,source_query_concat_layer1,composites,rci,0.6592912603305228,0.6202731251813846,0.9999840652244615,0.6600122814266692
position_four,3037,trained,source_query_concat_layer2,generators,c,0.6948507687487594,2.479895955122158,1.0056018521592072,0.6960261344811237
position_four,3037,trained,source_query_concat_layer2,generators,r,0.6966628031126427,2.4498300527311625,1.0060765865732273,0.6978311892990046
position_four,3037,trained,source_query_concat_layer2,generators,i,0.07749707799694458,2.869393692765792,0.9780187066577194,0.08105035033547314
position_four,3037,trained,source_query_concat_layer2,composites,rc,0.6510479746702605,3.007338939518042,1.0000157442258206,0.6523920588455014
position_four,3037,trained,source_query_concat_layer2,composites,ci,0.7014120815043152,2.4552266051839315,1.0001012556155573,0.70256217454587
position_four,3037,trained,source_query_concat_layer2,composites,ri,0.6981843927036312,2.455226605183931,1.0002867958805253,0.6993469180714793
position_four,3037,trained,source_query_concat_layer2,composites,rci,0.6536466219695973,0.28308814949498323,1.0000277655735472,0.6549806967439507
position_four,3037,trained,source_query_concat_layer3,generators,c,0.6280553042168405,2.7519231380965845,1.0038941785107343,0.631175110113154
position_four,3037,trained,source_query_concat_layer3,generators,r,0.6337119343094824,2.7284618292293565,1.0100871795514268,0.6367842933995462
position_four,3037,trained,source_query_concat_layer3,generators,i,0.10473589889397777,2.3111375501934215,0.9892975198342868,0.11224521480318114
position_four,3037,trained,source_query_concat_layer3,composites,rc,0.6250293314117576,2.447985274302671,0.9994540857947235,0.6281745186292901
position_four,3037,trained,source_query_concat_layer3,composites,ci,0.6383766597452489,2.7290941851131185,1.000584850482485,0.6414098919487511
position_four,3037,trained,source_query_concat_layer3,composites,ri,0.6375059940726358,2.7290941851131185,0.9999484984575914,0.6405465292648078
position_four,3037,trained,source_query_concat_layer3,composites,rci,0.6286607519729845,0.3023038379517274,1.0000199053824614,0.6317754794812985
position_four,3037,trained,source_query_concat_layer4,generators,c,0.6983626509630538,2.662836898310646,1.0031102836093329,0.7009243037255596
position_four,3037,trained,source_query_concat_layer4,generators,r,0.6998683106123,2.652956036442941,1.007666397509882,0.702417176572335
position_four,3037,trained,source_query_concat_layer4,generators,i,0.09381778656992054,2.578231589630377,1.0035834106752468,0.1015135317346954
position_four,3037,trained,source_query_concat_layer4,composites,rc,0.6955244876593207,2.6253927943924102,1.0006889827735566,0.6981102435008735
position_four,3037,trained,source_query_concat_layer4,composites,ci,0.7041693660126389,2.651722211279283,1.0002202304464962,0.7066817052942532
position_four,3037,trained,source_query_concat_layer4,composites,ri,0.7046865283348087,2.651722211279283,1.0002274176589676,0.7071944756195583
position_four,3037,trained,source_query_concat_layer4,composites,rci,0.6950261722006517,0.17713825866505956,1.0000722243997817,0.6976161599822325
position_four,3037,trained,source_query_concat_numeric_contrast,generators,c,0.699433685976575,2.6616253459692594,1.003098030014697,0.699633436709883
position_four,3037,trained,source_query_concat_numeric_contrast,generators,r,0.7012798252234493,2.6531825410974643,1.0076153371190641,0.7014783490472495
position_four,3037,trained,source_query_concat_numeric_contrast,generators,i,0.08977136209151217,2.6033588553375244,1.0035316556324507,0.09037628296726279
position_four,3037,trained,source_query_concat_numeric_contrast,composites,rc,0.7041649789562938,2.631468006694311,1.0007513193685518,0.7043615853610523
position_four,3037,trained,source_query_concat_numeric_contrast,composites,ci,0.7044425235800604,2.6532261573586595,1.0002034006333989,0.704638945533869
position_four,3037,trained,source_query_concat_numeric_contrast,composites,ri,0.7043841270217103,2.65322615735866,1.0002692226923182,0.7045805877847758
position_four,3037,trained,source_query_concat_numeric_contrast,composites,rci,0.7022311530147319,0.14391293618412168,1.0000840301607088,0.7024290446039302
position_four,3037,trained,source_query_concat_numeric_null,generators,c,0.737284311693741,2.6741578387784344,1.0060404337471915,0.7615467860446636
position_four,3037,trained,source_query_concat_numeric_null,generators,r,0.7418932121363699,2.636505002947019,1.0083809699297361,0.7657300425925703
position_four,3037,trained,source_query_concat_numeric_null,generators,i,0.25990850128268944,2.0393460427456915,1.0039506548350126,0.32825786831413956
position_four,3037,trained,source_query_concat_numeric_null,composites,rc,0.7547277170367954,2.486857184778141,0.9998464606683597,0.7773792477190811
position_four,3037,trained,source_query_concat_numeric_null,composites,ci,0.7624006489635886,2.6058735364306287,1.0001465648308971,0.7843435645065561
position_four,3037,trained,source_query_concat_numeric_null,composites,ri,0.7601022980225981,2.6058735364306287,0.9998624262880319,0.782257472228589
position_four,3037,trained,source_query_concat_numeric_null,composites,rci,0.7623938467288042,0.9513868578894576,0.9999858673169457,0.7843373904757742
position_none,1009,random,ONE_END_layer1,generators,c,0.956470513235959,2.412988897963573,1.0056786168500327,0.9625377701498462
position_none,1009,random,ONE_END_layer1,generators,r,0.9588094349219186,2.3643183923914117,1.0054863529551825,0.9645506866419681
position_none,1009,random,ONE_END_layer1,generators,i,0.9508908891351653,2.1849612451837315,1.0053711772467546,0.9577358490595641
position_none,1009,random,ONE_END_layer1,composites,rc,1.0010446314081511,2.311567544941791,1.000122713345366,1.000899027873519
position_none,1009,random,ONE_END_layer1,composites,ci,0.9970061788452307,2.279854944495438,0.9999621680832332,0.9974234656880249
position_none,1009,random,ONE_END_layer1,composites,ri,0.9975332269744226,2.2798549444954377,0.9999905742141897,0.9978770524317625
position_none,1009,random,ONE_END_layer1,composites,rci,1.0002019615953677,2.1664540305286164,0.9999994563432453,1.00017381164514
position_none,1009,random,ONE_END_layer2,generators,c,0.9479554044215098,2.103976247458083,0.999485515608963,0.9495176812478467
position_none,1009,random,ONE_END_layer2,generators,r,0.20827843463280496,3.7515018792934964,1.0037022896931518,0.2320443653838464
position_none,1009,random,ONE_END_layer2,generators,i,0.9027475987911551,2.004372812595078,1.0063519477167668,0.9056669253999104
position_none,1009,random,ONE_END_layer2,composites,rc,0.963087627867711,1.9997428260588788,0.9999214734307904,0.964195664983696
position_none,1009,random,ONE_END_layer2,composites,ci,0.9542905012194969,2.077689653528692,1.0000139624500426,0.9556626108476822
position_none,1009,random,ONE_END_layer2,composites,ri,0.9859793777810409,2.077689653528692,0.9999481867720202,0.9864002493996986
position_none,1009,random,ONE_END_layer2,composites,rci,0.9865304130217949,1.9850269275370815,0.99999882384271,0.9869347436417658
position_none,1009,random,ONE_END_layer3,generators,c,0.9400886911932407,2.114959810407016,0.9990452020468666,0.9417286156463093
position_none,1009,random,ONE_END_layer3,generators,r,0.2004832292460289,3.6797169939691394,1.0019242954457384,0.2223680307820275
position_none,1009,random,ONE_END_layer3,generators,i,0.9151191965162541,2.020789884196689,1.0074187337035283,0.9174425993595815
position_none,1009,random,ONE_END_layer3,composites,rc,0.9626153798903062,2.018204406728421,0.9999516245778006,0.9636386917475768
position_none,1009,random,ONE_END_layer3,composites,ci,0.9565479957927938,2.086226676557939,0.9999783793862463,0.957737387339289
position_none,1009,random,ONE_END_layer3,composites,ri,0.9798140902008082,2.0862266765579385,1.0000522357600725,0.9803666297421141
position_none,1009,random,ONE_END_layer3,composites,rci,0.9799704073303799,1.993875551582857,0.9999996587435587,0.9805186680754399
position_none,1009,random,ONE_END_layer4,generators,c,0.9364704563038747,2.112121624135147,0.999780480212156,0.9380901166767309
position_none,1009,random,ONE_END_layer4,generators,r,0.21296059855659855,3.6306324706066104,1.0026349104583712,0.23302585412480517
position_none,1009,random,ONE_END_layer4,generators,i,0.9194850379694688,2.01555470506708,1.0077548576955184,0.9215377348068117
position_none,1009,random,ONE_END_layer4,composites,rc,0.9609510446871239,2.0417160862572197,0.999901668796922,0.9619465822251271
position_none,1009,random,ONE_END_layer4,composites,ci,0.9573817695275705,2.0971469596005403,1.000032943439207,0.9584683043118848
position_none,1009,random,ONE_END_layer4,composites,ri,0.9759566842833355,2.0971469596005403,1.0001110694779536,0.9765696590259942
position_none,1009,random,ONE_END_layer4,composites,rci,0.9776739885791357,2.0056811947328614,0.999997939670408,0.9782431813338526
position_none,1009,random,ONE_END_numeric_contrast,generators,c,0.9686346313095832,2.113089251011433,1.00045583777729,0.968634631309583
position_none,1009,random,ONE_END_numeric_contrast,generators,r,0.3211439943861457,3.6035099179380405,0.9999586967866512,0.32114399438614566
position_none,1009,random,ONE_END_numeric_contrast,generators,i,0.9762087786451509,2.024226800797005,1.0024054499200297,0.9762087786451509
position_none,1009,random,ONE_END_numeric_contrast,composites,rc,0.9894237214345681,2.059221294718232,0.9999425125439849,0.9894237214345681
position_none,1009,random,ONE_END_numeric_contrast,composites,ci,0.9817633836270951,2.102759743134401,1.0001098825821173,0.9817633836270949
position_none,1009,random,ONE_END_numeric_contrast,composites,ri,0.9982565178303606,2.102759743134401,1.0000563858781775,0.9982565178303605
position_none,1009,random,ONE_END_numeric_contrast,composites,rci,0.9947682174885509,1.9944332492664878,0.9999997721679479,0.9947682174885509
position_none,1009,random,ONE_END_numeric_null,generators,c,0.9362124145991433,2.112892030252428,0.9998197984138228,0.9377378696744534
position_none,1009,random,ONE_END_numeric_null,generators,r,0.21390635588693452,3.630508686395913,1.0027623237650394,0.23270547693134297
position_none,1009,random,ONE_END_numeric_null,generators,i,0.9188772289517289,2.0147929322019413,1.0080415949311428,0.9208172481896595
position_none,1009,random,ONE_END_numeric_null,composites,rc,0.958855043792019,2.040396523959082,0.999905911307117,0.9598390092749014
position_none,1009,random,ONE_END_numeric_null,composites,ci,0.9588185209519411,2.097068169336957,1.0000196472395693,0.9598033598642131
position_none,1009,random,ONE_END_numeric_null,composites,ri,0.9762470491602135,2.097068169336957,1.0001031535697225,0.9768150916591486
position_none,1009,random,ONE_END_numeric_null,composites,rci,0.9783106510955275,2.007273488516722,0.9999981280370378,0.9788293433639145
position_none,1009,random,source_query_concat_layer1,generators,c,0.967016989286574,2.3446860470762387,1.0065107097546877,0.9718534205792972
position_none,1009,random,source_query_concat_layer1,generators,r,0.9605749668384332,2.3916974869647705,1.0071385192269078,0.9663560177484292
position_none,1009,random,source_query_concat_layer1,generators,i,0.9449025618764931,2.2094577923155625,1.0032692998167503,0.9529817204531523
position_none,1009,random,source_query_concat_layer1,composites,rc,1.0023105357623,2.309253942746779,1.000138937453792,1.0019717326263209
position_none,1009,random,source_query_concat_layer1,composites,ci,0.9963838161545128,2.292719013658621,0.9999288351671527,0.9969140717113056
position_none,1009,random,source_query_concat_layer1,composites,ri,0.9975489609210166,2.2927190136586204,1.0000490098206807,0.9979083666224635
position_none,1009,random,source_query_concat_layer1,composites,rci,1.0000766618014238,2.1594667035794077,0.999997491961446,1.0000654205736723
position_none,1009,random,source_query_concat_layer2,generators,c,0.949199268802467,2.1019307588213114,0.9991845932233825,0.9507071917821756
position_none,1009,random,source_query_concat_layer2,generators,r,0.20842404441799117,3.7520325827582255,1.004007669522046,0.231920469478598
position_none,1009,random,source_query_concat_layer2,generators,i,0.902843896653978,1.9989565333182988,1.0065275722828746,0.9057277905941015
position_none,1009,random,source_query_concat_layer2,composites,rc,0.9641167608990264,1.9995010044695056,0.9999435269868235,0.9651818865291348
position_none,1009,random,source_query_concat_layer2,composites,ci,0.9515732254350483,2.080933190407999,0.9999655627546203,0.9530106820321927
position_none,1009,random,source_query_concat_layer2,composites,ri,0.9838501982454065,2.080933190407999,1.0000223486839124,0.9843295743608566
position_none,1009,random,source_query_concat_layer2,composites,rci,0.9826012249858533,1.9857127398166607,0.9999968804628772,0.983117674494436
position_none,1009,random,source_query_concat_layer3,generators,c,0.9365243100877655,2.1090270248954246,0.9986934244714899,0.9382839449685586
position_none,1009,random,source_query_concat_layer3,generators,r,0.2028497415684358,3.680990283482714,1.0015440598155483,0.22494786136688075
position_none,1009,random,source_query_concat_layer3,generators,i,0.9120458162141133,2.0183574813596543,1.0072489101069262,0.914484029172733
position_none,1009,random,source_query_concat_layer3,composites,rc,0.96074876161011,2.0195667418301793,0.9999365104027761,0.9618368608222758
position_none,1009,random,source_query_concat_layer3,composites,ci,0.9562012269615784,2.0881141898922677,0.999939217581617,0.9574153901929024
position_none,1009,random,source_query_concat_layer3,composites,ri,0.9838836028892599,2.0881141898922677,1.0000484883238492,0.9843303719523137
position_none,1009,random,source_query_concat_layer3,composites,rci,0.9813116477132882,1.9958300886474927,0.9999967035096321,0.9818297149701186
position_none,1009,random,source_query_concat_layer4,generators,c,0.9263727864643153,2.1105869129770807,0.9993667109333276,0.9282555046893359
position_none,1009,random,source_query_concat_layer4,generators,r,0.21647581360207369,3.629935788397512,1.002285114515247,0.23651127596220972
position_none,1009,random,source_query_concat_layer4,generators,i,0.9164737061583379,2.0138152313225217,1.0074027979032172,0.9186095533285953
position_none,1009,random,source_query_concat_layer4,composites,rc,0.9574547718484463,2.0406060955193217,0.999913861282357,0.9585426939981795
position_none,1009,random,source_query_concat_layer4,composites,ci,0.9568500163664475,2.097048175925296,0.9999908646871056,0.9579534026918973
position_none,1009,random,source_query_concat_layer4,composites,ri,0.9803230494283122,2.097048175925296,1.0000678551738382,0.9808262078622002
position_none,1009,random,source_query_concat_layer4,composites,rci,0.9800465150647918,2.0109596199329722,0.9999945103072713,0.9805567447466741
position_none,1009,random,source_query_concat_numeric_contrast,generators,c,0.9214379336310372,2.1101343730513977,1.0019822935814187,0.9214392679500003
position_none,1009,random,source_query_concat_numeric_contrast,generators,r,0.30529519337643135,3.601189118320711,1.0017404332327986,0.30530699242704357
position_none,1009,random,source_query_concat_numeric_contrast,generators,i,0.9413783005255528,2.0158857369428573,1.0034824533271052,0.9413792961720383
position_none,1009,random,source_query_concat_numeric_contrast,composites,rc,0.950924242678694,2.054160904073961,0.999928722885873,0.9509250761943668
position_none,1009,random,source_query_concat_numeric_contrast,composites,ci,0.9667825421856583,2.1150691245633233,1.0002384019071555,0.966783106359768
position_none,1009,random,source_query_concat_numeric_contrast,composites,ri,0.9949140337817645,2.1150691245633233,1.000064112814149,0.9949141201631628
position_none,1009,random,source_query_concat_numeric_contrast,composites,rci,0.9899683206464126,1.988491618484426,0.9999918184041848,0.9899684910271144
position_none,1009,random,source_query_concat_numeric_null,generators,c,0.9282681470895475,2.1112915479761414,0.9992338790907237,0.9299798558019778
position_none,1009,random,source_query_concat_numeric_null,generators,r,0.21842027800244773,3.6302567758994337,1.0023461029262735,0.2370708044467086
position_none,1009,random,source_query_concat_numeric_null,generators,i,0.916212760225731,2.0140877917285596,1.0076790754374276,0.9182121418462109
position_none,1009,random,source_query_concat_numeric_null,composites,rc,0.9552660378493454,2.039575181424271,0.9999239418077638,0.9563335066187693
position_none,1009,random,source_query_concat_numeric_null,composites,ci,0.9563705986853024,2.095396012304353,0.99996660477109,0.9574117097582552
position_none,1009,random,source_query_concat_numeric_null,composites,ri,0.9828175272428656,2.095396012304353,1.0000712014962259,0.9832275457649885
position_none,1009,random,source_query_concat_numeric_null,composites,rci,0.9801689898848569,2.0139966783628895,0.9999946886757374,0.980642209401893
position_none,1009,trained,ONE_END_layer1,generators,c,0.7010853299021671,2.900362405400762,1.0207657474371765,0.7011826094839237
position_none,1009,trained,ONE_END_layer1,generators,r,0.879610644766995,2.594137518798919,1.0057358571666435,0.8796498245975505
position_none,1009,trained,ONE_END_layer1,generators,i,0.9609535420585176,1.9972482435017,1.0010017969381415,0.9609662494411843
position_none,1009,trained,ONE_END_layer1,composites,rc,0.967548264004795,1.911026532049341,1.0002534955776625,0.9675588251836887
position_none,1009,trained,ONE_END_layer1,composites,ci,0.9821289467028095,2.3550259048208684,0.9998865098162689,0.9821347627057169
position_none,1009,trained,ONE_END_layer1,composites,ri,0.981857913432327,2.3550259048208684,1.0001854192928417,0.981863817641019
position_none,1009,trained,ONE_END_layer1,composites,rci,0.9938632784959975,1.8871734906075417,1.0000034926258676,0.9938652756468939
position_none,1009,trained,ONE_END_layer2,generators,c,0.8016745483393977,2.8032416474240227,1.0069902734646683,0.8017876659809076
position_none,1009,trained,ONE_END_layer2,generators,r,0.8513142548861681,2.6777499089556667,1.029505943778753,0.85139905984021
position_none,1009,trained,ONE_END_layer2,generators,i,0.5946187321689596,1.1405480974864777,1.0016384902479172,0.5948499469351197
position_none,1009,trained,ONE_END_layer2,composites,rc,0.9957506869865304,2.088830051454663,0.9999274119848413,0.9957531106404895
position_none,1009,trained,ONE_END_layer2,composites,ci,0.8949965341921126,2.6086882052903477,0.9996436287453416,0.8950564243590231
position_none,1009,trained,ONE_END_layer2,composites,ri,0.8848813036476357,2.6086882052903477,1.0001533181342661,0.884946963175024
position_none,1009,trained,ONE_END_layer2,composites,rci,0.9991615632631123,2.072253884098475,1.0000055452352377,0.9991620414770049
position_none,1009,trained,ONE_END_layer3,generators,c,0.7805915210851462,2.803181132016948,0.9971370171016339,0.7807677743864297
position_none,1009,trained,ONE_END_layer3,generators,r,0.8331294020170859,2.711515747896785,1.0170981051592505,0.8332634510471281
position_none,1009,trained,ONE_END_layer3,generators,i,0.6929437361223928,1.3119602766283516,0.996626904936139,0.6931903978761034
position_none,1009,trained,ONE_END_layer3,composites,rc,0.9663244659340728,1.9111678426333814,0.9999937946238965,0.966351517869718
position_none,1009,trained,ONE_END_layer3,composites,ci,0.8833901850694372,2.666713476504452,0.9994626230015464,0.8834838590466016
position_none,1009,trained,ONE_END_layer3,composites,ri,0.8709498470373132,2.666713476504452,0.9997557476747122,0.871053514478076
position_none,1009,trained,ONE_END_layer3,composites,rci,0.9730648585643379,1.9287480478156314,1.0000051451318899,0.9730864958666974
position_none,1009,trained,ONE_END_layer4,generators,c,0.7785308245790142,2.735982132413165,0.9968549130547585,0.7789227716154666
position_none,1009,trained,ONE_END_layer4,generators,r,0.7996044278522955,2.7441735139031094,1.0148205816034868,0.7999590796925442
position_none,1009,trained,ONE_END_layer4,generators,i,0.697749655015097,1.324414473750303,0.9943209410251906,0.6982845652424835
position_none,1009,trained,ONE_END_layer4,composites,rc,0.9254655685620145,1.901634377958446,1.0000981653426477,0.9255974765327749
position_none,1009,trained,ONE_END_layer4,composites,ci,0.8601268682368721,2.694249211587273,0.9995580988284947,0.8603744099517391
position_none,1009,trained,ONE_END_layer4,composites,ri,0.845193152083135,2.694249211587273,0.999934049688475,0.8454671228745475
position_none,1009,trained,ONE_END_layer4,composites,rci,0.9458029737356463,1.9052970788004304,1.0000316603204766,0.9458988894033162
position_none,1009,trained,ONE_END_numeric_contrast,generators,c,0.7733339681390606,2.7535872563167807,0.9933369853268241,0.7733339681390609
position_none,1009,trained,ONE_END_numeric_contrast,generators,r,0.7932695598195789,2.7945721543254702,1.0086289532052601,0.7932695598195788
position_none,1009,trained,ONE_END_numeric_contrast,generators,i,0.7037433868574489,1.2876591270798048,0.9954580085722595,0.7037433868574489
position_none,1009,trained,ONE_END_numeric_contrast,composites,rc,0.9249559936088548,1.8308614469952,1.0001437818903756,0.9249559936088548
position_none,1009,trained,ONE_END_numeric_contrast,composites,ci,0.8681596183738329,2.7403597951001193,0.9998932176158346,0.8681596183738328
position_none,1009,trained,ONE_END_numeric_contrast,composites,ri,0.8459596715489494,2.7403597951001193,1.0003206467570476,0.8459596715489494
position_none,1009,trained,ONE_END_numeric_contrast,composites,rci,0.9499392280949596,1.8526004250825057,1.0000050669894665,0.9499392280949597
position_none,1009,trained,ONE_END_numeric_null,generators,c,0.8099479403271785,2.6965946016270705,0.997191481555176,0.8107921471392173
position_none,1009,trained,ONE_END_numeric_null,generators,r,0.8472957845769183,2.6322271903599317,1.0176993751902204,0.8479740931367369
position_none,1009,trained,ONE_END_numeric_null,generators,i,0.7325994865695148,1.4067099113849388,0.9891483933986008,0.7337872734073386
position_none,1009,trained,ONE_END_numeric_null,composites,rc,0.9520898753614505,2.0585576695399177,1.0001078399521255,0.952302691016567
position_none,1009,trained,ONE_END_numeric_null,composites,ci,0.8871330044978218,2.5918455829317946,0.9997980742184283,0.8876343570568065
position_none,1009,trained,ONE_END_numeric_null,composites,ri,0.8798375472540747,2.5918455829317946,0.999397608573715,0.8803713060638138
position_none,1009,trained,ONE_END_numeric_null,composites,rci,0.9642326783350672,2.0222194612245548,1.0000314068565561,0.9643915559428654
position_none,1009,trained,source_query_concat_layer1,generators,c,0.6465792856206731,2.927263266698349,0.9889894575115223,0.6472301669436812
position_none,1009,trained,source_query_concat_layer1,generators,r,0.8265320052726937,2.5279071044336887,1.0132770398705704,0.8268514746000813
position_none,1009,trained,source_query_concat_layer1,generators,i,0.9566497896565378,1.8996588476277578,1.000605473218483,0.9567296260699484
position_none,1009,trained,source_query_concat_layer1,composites,rc,0.9049547959307481,1.9238556254525034,1.0005754971335348,0.905129837023851
position_none,1009,trained,source_query_concat_layer1,composites,ci,0.9588143052558671,2.338132251123263,0.9999279640695892,0.9588901553642319
position_none,1009,trained,source_query_concat_layer1,composites,ri,0.976747620456755,2.3381322511232625,1.0002615211326236,0.9767904434689454
position_none,1009,trained,source_query_concat_layer1,composites,rci,0.987688403228615,2.0450506535411743,1.0000120352342996,0.9877110770223937
position_none,1009,trained,source_query_concat_layer2,generators,c,0.7707155940781808,2.801627271657578,1.000802076723844,0.7718508117513163
position_none,1009,trained,source_query_concat_layer2,generators,r,0.8478532475996837,2.589383194834281,1.0187433295825596,0.8486065464624678
position_none,1009,trained,source_query_concat_layer2,generators,i,0.6285078240225832,1.2161742064752017,1.0041116756938564,0.6303471313313621
position_none,1009,trained,source_query_concat_layer2,composites,rc,0.966454172226537,2.134117121821119,0.9997465599456861,0.9666202620938148
position_none,1009,trained,source_query_concat_layer2,composites,ci,0.9054766806118889,2.5439266705778185,1.000135921566155,0.905944678172654
position_none,1009,trained,source_query_concat_layer2,composites,ri,0.9024154661801164,2.5439266705778185,1.0002526920456731,0.9028986202218037
position_none,1009,trained,source_query_concat_layer2,composites,rci,0.9967521655926355,2.170844864056182,1.0000069942685816,0.9967682460539469
position_none,1009,trained,source_query_concat_layer3,generators,c,0.7540966947109906,2.8190522504137485,1.0029160663540906,0.7552382812725393
position_none,1009,trained,source_query_concat_layer3,generators,r,0.7953521620138957,2.7145541175774337,1.0223461754942464,0.7963022233456066
position_none,1009,trained,source_query_concat_layer3,generators,i,0.5457560889364753,1.0099137471657276,0.9961342747502359,0.547864880210859
position_none,1009,trained,source_query_concat_layer3,composites,rc,0.9461525423552513,2.029558718467024,0.9995986477867467,0.9464025249000103
position_none,1009,trained,source_query_concat_layer3,composites,ci,0.8563821652285696,2.685060084125641,1.0001017445367808,0.8570488996182564
position_none,1009,trained,source_query_concat_layer3,composites,ri,0.8422232638876715,2.6850600841256416,0.9998571874623421,0.8429557298521253
position_none,1009,trained,source_query_concat_layer3,composites,rci,0.9659664628133775,2.056800998124784,1.0000053125300394,0.9661244608063226
position_none,1009,trained,source_query_concat_layer4,generators,c,0.7449832486121728,2.7548224473911533,1.0043020644133784,0.7471395439108979
position_none,1009,trained,source_query_concat_layer4,generators,r,0.7802288908510229,2.7012013425353985,1.0234900226943258,0.782087166461839
position_none,1009,trained,source_query_concat_layer4,generators,i,0.5379864830438645,0.9983638972745685,0.9852610054970475,0.5418930404332845
position_none,1009,trained,source_query_concat_layer4,composites,rc,0.9198052006685943,2.0192924951084352,0.9996960104162808,0.9204832881582962
position_none,1009,trained,source_query_concat_layer4,composites,ci,0.817964257019351,2.7341062903006677,0.9999644882549319,0.8195034610702732
position_none,1009,trained,source_query_concat_layer4,composites,ri,0.8167354561374187,2.7341062903006668,1.0008732872709933,0.8182850503197748
position_none,1009,trained,source_query_concat_layer4,composites,rci,0.9310921831085014,2.05810723708911,0.9999912216767264,0.9316748334669581
position_none,1009,trained,source_query_concat_numeric_contrast,generators,c,0.746355729951399,2.762715113576706,1.0026905820807537,0.7465129253745433
position_none,1009,trained,source_query_concat_numeric_contrast,generators,r,0.7698812073584761,2.734696513378072,1.0237725674523732,0.7700238229238733
position_none,1009,trained,source_query_concat_numeric_contrast,generators,i,0.5094544212864882,0.9133266233453636,0.9809391685310002,0.5097584357229376
position_none,1009,trained,source_query_concat_numeric_contrast,composites,rc,0.9217856563356691,2.0002083654928358,0.9999966974744563,0.9218341294860618
position_none,1009,trained,source_query_concat_numeric_contrast,composites,ci,0.8080342107046378,2.771560075894726,0.9999913032328662,0.8081531810384512
position_none,1009,trained,source_query_concat_numeric_contrast,composites,ri,0.8082799519076536,2.771560075894727,1.00077899322266,0.8083987699439505
position_none,1009,trained,source_query_concat_numeric_contrast,composites,rci,0.9321070224750231,2.0459332324175703,0.9999948559951124,0.9321490989837042
position_none,1009,trained,source_query_concat_numeric_null,generators,c,0.7776687188274364,2.7189814470336886,1.0074424071586356,0.7841575759765089
position_none,1009,trained,source_query_concat_numeric_null,generators,r,0.8430196462645184,2.560690419512824,1.0166146826267684,0.8476012017038981
position_none,1009,trained,source_query_concat_numeric_null,generators,i,0.6768859478218551,1.3570618156363432,0.9975395110184376,0.6863162039530858
position_none,1009,trained,source_query_concat_numeric_null,composites,rc,0.9440187327401174,2.0993382510113268,0.9995557498389577,0.9456525759148506
position_none,1009,trained,source_query_concat_numeric_null,composites,ci,0.8786650962082487,2.57721708077095,1.0000000986787219,0.8822063201590524
position_none,1009,trained,source_query_concat_numeric_null,composites,ri,0.8753676831973022,2.5772170807709496,1.0004803977421843,0.8790051439073989
position_none,1009,trained,source_query_concat_numeric_null,composites,rci,0.9599507706813204,2.109493905263916,0.999990585566827,0.9611196288222388
position_none,2027,random,ONE_END_layer1,generators,c,0.9579835080567188,2.4056511345054443,1.0055203803914265,0.963867587895144
position_none,2027,random,ONE_END_layer1,generators,r,0.9570904764707915,2.3944407241411927,1.0072031841748543,0.963099618371916
position_none,2027,random,ONE_END_layer1,generators,i,0.9423834592862246,2.1594844224386303,1.00666797106304,0.9504522034838927
position_none,2027,random,ONE_END_layer1,composites,rc,1.002304315319207,2.329312427493521,0.9999645901960328,1.0019816140492053
position_none,2027,random,ONE_END_layer1,composites,ci,0.9938241642578854,2.2746210741135626,1.000016935531276,0.9946890415690295
position_none,2027,random,ONE_END_layer1,composites,ri,0.9943070739485416,2.274621074113562,0.9999886357388822,0.9951043235486807
position_none,2027,random,ONE_END_layer1,composites,rci,1.0000730699459273,2.1618691431940866,1.0000012946933567,1.0000628370736493
position_none,2027,random,ONE_END_layer2,generators,c,0.9592906471121914,2.1248255649360797,1.004577724467183,0.9603846894127289
position_none,2027,random,ONE_END_layer2,generators,r,0.22050736562108728,3.7345440678460897,1.0071477056589582,0.2414558173765887
position_none,2027,random,ONE_END_layer2,generators,i,0.9195212985913376,1.988414526640303,1.0030042546220055,0.9216841210728458
position_none,2027,random,ONE_END_layer2,composites,rc,0.9721695973720164,1.9871746232253056,1.0000487550662702,0.972917524704586
position_none,2027,random,ONE_END_layer2,composites,ci,0.9534798313506019,2.0838801093481294,0.9998664149458519,0.9547300362475167
position_none,2027,random,ONE_END_layer2,composites,ri,0.9843082899923709,2.0838801093481294,1.000134730322337,0.9847299963890171
position_none,2027,random,ONE_END_layer2,composites,rci,0.9840085582887335,1.9972809986559628,1.000001977108379,0.984438319816187
position_none,2027,random,ONE_END_layer3,generators,c,0.9403257711011422,2.147859326139126,1.004806450796249,0.9418088055324245
position_none,2027,random,ONE_END_layer3,generators,r,0.22020808862827898,3.651270352830805,1.002186827958525,0.23958761434882875
position_none,2027,random,ONE_END_layer3,generators,i,0.9155822693719851,1.99997347870065,1.0036977555703968,0.9176802336597888
position_none,2027,random,ONE_END_layer3,composites,rc,0.9600425664523088,2.000575196740067,1.000070635860063,0.9610355956180033
position_none,2027,random,ONE_END_layer3,composites,ci,0.9483326436460021,2.0937353962200778,0.9999296581681826,0.9496166898726597
position_none,2027,random,ONE_END_layer3,composites,ri,0.9771971861876331,2.0937353962200773,1.000089386674429,0.9777638857267453
position_none,2027,random,ONE_END_layer3,composites,rci,0.9759298416056894,2.0128508531491964,1.0000024298138572,0.9765280374152352
position_none,2027,random,ONE_END_layer4,generators,c,0.9345764508579999,2.1514363141097177,1.0040175401279767,0.9362156699996209
position_none,2027,random,ONE_END_layer4,generators,r,0.23348904350496064,3.608134796057583,1.0010966684064484,0.25269435181713784
position_none,2027,random,ONE_END_layer4,generators,i,0.9167210562376767,2.021018055529921,1.0039341882463304,0.9188076510571184
position_none,2027,random,ONE_END_layer4,composites,rc,0.9569146659232223,2.0136257411388327,1.0000673477467186,0.9579941901200599
position_none,2027,random,ONE_END_layer4,composites,ci,0.948700410892506,2.092898651535638,0.9999913355724787,0.9499857472816979
position_none,2027,random,ONE_END_layer4,composites,ri,0.9709120283135121,2.0928986515356383,1.0001077597019572,0.9716408417240462
position_none,2027,random,ONE_END_layer4,composites,rci,0.9739824583868745,2.019987790092671,1.0000082485852664,0.9746343406645782
position_none,2027,random,ONE_END_numeric_contrast,generators,c,0.9712293348285999,2.1523940123063188,1.0015499663114318,0.9712293348285999
position_none,2027,random,ONE_END_numeric_contrast,generators,r,0.3373573871681779,3.587884701599424,0.9972998903179594,0.33735738716817787
position_none,2027,random,ONE_END_numeric_contrast,generators,i,0.9585093998985046,2.007560924588404,1.003454033995339,0.9585093998985045
position_none,2027,random,ONE_END_numeric_contrast,composites,rc,0.9858004156561191,2.027650737509381,1.0000811274879442,0.9858004156561191
position_none,2027,random,ONE_END_numeric_contrast,composites,ci,0.9749220823411733,2.0976174634375804,1.0000525928913595,0.9749220823411734
position_none,2027,random,ONE_END_numeric_contrast,composites,ri,0.9832239957926645,2.0976174634375804,0.9999861876205018,0.9832239957926644
position_none,2027,random,ONE_END_numeric_contrast,composites,rci,0.9891995797034306,2.029274697121311,1.0000010527620988,0.9891995797034308
position_none,2027,random,ONE_END_numeric_null,generators,c,0.9352146169660852,2.1518506837104354,1.004107860145333,0.9367628527044506
position_none,2027,random,ONE_END_numeric_null,generators,r,0.2358019833289067,3.607584981720151,1.0016707231122353,0.25406472447807665
position_none,2027,random,ONE_END_numeric_null,generators,i,0.9162648635146513,2.023367121523698,1.0039482195911946,0.9182659588974733
position_none,2027,random,ONE_END_numeric_null,composites,rc,0.9561521116098133,2.0124029239997125,1.0000593443430135,0.9571999848287153
position_none,2027,random,ONE_END_numeric_null,composites,ci,0.9487801701646967,2.0929006201566005,0.9999766652650379,0.9500042174320024
position_none,2027,random,ONE_END_numeric_null,composites,ri,0.9708339306054744,2.0929006201566005,1.0001141783358074,0.9715309389254007
position_none,2027,random,ONE_END_numeric_null,composites,rci,0.9742876365722197,2.018993048732801,1.0000083987868134,0.9749021085119147
position_none,2027,random,source_query_concat_layer1,generators,c,0.9542951520648649,2.429472750201525,1.0055811393755543,0.9606251151698575
position_none,2027,random,source_query_concat_layer1,generators,r,0.966508757285731,2.3648502391126134,1.0074601659638187,0.9711471783788839
position_none,2027,random,source_query_concat_layer1,generators,i,0.944695660551408,2.1478007731054682,1.0065478157195265,0.952355119975765
position_none,2027,random,source_query_concat_layer1,composites,rc,1.002921536721472,2.330581975505749,1.000061239080204,1.002516914006546
position_none,2027,random,source_query_concat_layer1,composites,ci,0.998129397694809,2.280170348138981,0.9999667065143869,0.998388469633803
position_none,2027,random,source_query_concat_layer1,composites,ri,0.9980296780297725,2.280170348138981,1.0000448996024884,0.9983025607969178
position_none,2027,random,source_query_concat_layer1,composites,rci,1.0001689760681711,2.166953565796683,1.0000067620496889,1.0001455734681086
position_none,2027,random,source_query_concat_layer2,generators,c,0.9582207053429029,2.1277742144609717,1.0036966712728763,0.9593102285929724
position_none,2027,random,source_query_concat_layer2,generators,r,0.2232836814315798,3.72889706560866,1.0081221214247271,0.24353894171623144
position_none,2027,random,source_query_concat_layer2,generators,i,0.9209533077395627,1.9811984491494519,1.0040134833144432,0.9230146926855194
position_none,2027,random,source_query_concat_layer2,composites,rc,0.9709534131241266,1.985756065198817,1.0000383596377267,0.9717108919661265
position_none,2027,random,source_query_concat_layer2,composites,ci,0.9555259591298698,2.092531898073355,0.9998662979163672,0.9566857561525397
position_none,2027,random,source_query_concat_layer2,composites,ri,0.9814431241611925,2.0925318980733545,1.0001314948930344,0.9819270516147548
position_none,2027,random,source_query_concat_layer2,composites,rci,0.9849167268702687,1.991310409435389,0.9999982756789991,0.9853100694792538
position_none,2027,random,source_query_concat_layer3,generators,c,0.947117372096381,2.143624560502231,1.0039543497645294,0.9483673231619093
position_none,2027,random,source_query_concat_layer3,generators,r,0.2222254250981428,3.644476379009131,1.0038005186722727,0.24060915898540755
position_none,2027,random,source_query_concat_layer3,generators,i,0.9206597298492123,2.0057379753671154,1.0041201764539822,0.922535042388427
position_none,2027,random,source_query_concat_layer3,composites,rc,0.9645219395446116,2.006400969746257,1.0000247064074859,0.965360510569295
position_none,2027,random,source_query_concat_layer3,composites,ci,0.9510551939149477,2.0947444756490046,0.9999345907600192,0.9522120693378104
position_none,2027,random,source_query_concat_layer3,composites,ri,0.9759347523099516,2.094744475649005,1.0001151735207923,0.9765035663644877
position_none,2027,random,source_query_concat_layer3,composites,rci,0.9776184580682953,2.0102711640772566,0.9999996656720579,0.978147475503599
position_none,2027,random,source_query_concat_layer4,generators,c,0.9367367001573355,2.1529576073250536,1.003646503223097,0.9382284560634997
position_none,2027,random,source_query_concat_layer4,generators,r,0.23628416761383395,3.601314199243836,1.0013495057277841,0.2542926750174402
position_none,2027,random,source_query_concat_layer4,generators,i,0.9183509064311919,2.0252053950146487,1.0050124194676502,0.9202762014737704
position_none,2027,random,source_query_concat_layer4,composites,rc,0.9564530458816132,2.0144354875175594,1.0000396998490877,0.957479888081801
position_none,2027,random,source_query_concat_layer4,composites,ci,0.9493147338493436,2.0936039553228984,1.0000280492567557,0.9505098982704819
position_none,2027,random,source_query_concat_layer4,composites,ri,0.9703483418445555,2.0936039553228984,1.0001064183420374,0.9710475313634543
position_none,2027,random,source_query_concat_layer4,composites,rci,0.973692710926385,2.0188794002531045,1.00000746669071,0.9743130398366432
position_none,2027,random,source_query_concat_numeric_contrast,generators,c,0.9341591494666523,2.1526460335383537,1.003103737525803,0.934159978951581
position_none,2027,random,source_query_concat_numeric_contrast,generators,r,0.31116343244136185,3.5890285861378843,0.9992415997064228,0.31117211063349404
position_none,2027,random,source_query_concat_numeric_contrast,generators,i,0.9273030656257906,2.009632933984606,1.0062448210720472,0.9273039814859433
position_none,2027,random,source_query_concat_numeric_contrast,composites,rc,0.951156078719127,2.02221925808678,1.0000872311758147,0.951156694071089
position_none,2027,random,source_query_concat_numeric_contrast,composites,ci,0.9561434748036999,2.0990258832940145,1.0000259555779059,0.9561440273227876
position_none,2027,random,source_query_concat_numeric_contrast,composites,ri,0.9842878967776802,2.099025883294015,0.9999784031223694,0.9842880947239813
position_none,2027,random,source_query_concat_numeric_contrast,composites,rci,0.9853316545654195,2.0284214216643464,1.0000045006288885,0.9853318393621128
position_none,2027,random,source_query_concat_numeric_null,generators,c,0.9366630255151633,2.153661741967086,1.003509072980855,0.9380979942588592
position_none,2027,random,source_query_concat_numeric_null,generators,r,0.23810355947082884,3.5996105191334826,1.0014867996320629,0.25536516040748664
position_none,2027,random,source_query_concat_numeric_null,generators,i,0.9206156169955412,2.028140067481844,1.0050726729587136,0.9224141574101336
position_none,2027,random,source_query_concat_numeric_null,composites,rc,0.9562628774173706,2.0140368380456244,1.0000250604602314,0.957253789982357
position_none,2027,random,source_query_concat_numeric_null,composites,ci,0.9509211582526792,2.0932978217764373,1.00002518544604,0.9520330933341545
position_none,2027,random,source_query_concat_numeric_null,composites,ri,0.9701881559278412,2.0932978217764373,1.0001049451218977,0.9708635760088198
position_none,2027,random,source_query_concat_numeric_null,composites,rci,0.9741724599174845,2.0179551898190886,1.0000064674841092,0.9747576112141227
position_none,2027,trained,ONE_END_layer1,generators,c,0.688119625635628,2.882669649328329,1.0070786631121242,0.6882493354142603
position_none,2027,trained,ONE_END_layer1,generators,r,0.8329843076691461,2.5329616237363024,1.0034212106735163,0.8330537688159864
position_none,2027,trained,ONE_END_layer1,generators,i,0.9638689334314404,2.0116578003984724,1.006593300392743,0.9638839601950061
position_none,2027,trained,ONE_END_layer1,composites,rc,0.8821510592981413,1.8407028403868193,0.9998462745387541,0.8822000721930425
position_none,2027,trained,ONE_END_layer1,composites,ci,0.9810683837147374,2.2951730960361547,0.9999068866201498,0.981076257296916
position_none,2027,trained,ONE_END_layer1,composites,ri,0.9765072822810063,2.2951730960361547,0.9999893200959362,0.976517052806712
position_none,2027,trained,ONE_END_layer1,composites,rci,0.986560965600952,2.1416618940777674,0.9999953931828724,0.986566554840674
position_none,2027,trained,ONE_END_layer2,generators,c,0.6977390094953758,2.8415282806876614,1.0060155749134845,0.6979534119199526
position_none,2027,trained,ONE_END_layer2,generators,r,0.8632851205018358,2.5055398230311776,1.003406832263245,0.8633820963027529
position_none,2027,trained,ONE_END_layer2,generators,i,0.9668186827570387,2.0209212791248246,1.005119164446703,0.96684221922086
position_none,2027,trained,ONE_END_layer2,composites,rc,0.9028095634444381,1.8522203652866953,1.000011102401125,0.9028785034198163
position_none,2027,trained,ONE_END_layer2,composites,ci,0.9818137844914585,2.320021566904853,0.999947596231314,0.9818266844978154
position_none,2027,trained,ONE_END_layer2,composites,ri,0.981416118263398,2.320021566904853,1.0000048763659874,0.9814293003458618
position_none,2027,trained,ONE_END_layer2,composites,rci,0.9906934920917883,2.139747118059934,0.9999968736151224,0.9907000934658409
position_none,2027,trained,ONE_END_layer3,generators,c,0.756237985192766,2.7166704962719943,1.0068764229275349,0.7564763036452106
position_none,2027,trained,ONE_END_layer3,generators,r,0.9004609795566942,2.486532480509719,1.0020965943153313,0.9005582957252068
position_none,2027,trained,ONE_END_layer3,generators,i,0.9756564508395742,1.970828003319394,1.00191150221029,0.9756802507616728
position_none,2027,trained,ONE_END_layer3,composites,rc,0.9376105117971341,1.9797457772993163,1.0000829598347156,0.9376715080368029
position_none,2027,trained,ONE_END_layer3,composites,ci,0.9851167080121495,2.3346162636294157,1.0001005325845893,0.9851312589384563
position_none,2027,trained,ONE_END_layer3,composites,ri,0.9844354931409669,2.3346162636294157,1.0001937378064893,0.9844507100696205
position_none,2027,trained,ONE_END_layer3,composites,rci,0.9930199855384383,2.176990715340744,1.0000053116815049,0.993026809678967
position_none,2027,trained,ONE_END_layer4,generators,c,0.8041155410735928,2.438859382456429,1.0088388594969435,0.8044500577696779
position_none,2027,trained,ONE_END_layer4,generators,r,0.9332689496272281,2.400529546033631,1.0117167241943137,0.933382907879043
position_none,2027,trained,ONE_END_layer4,generators,i,0.976090519166261,2.0522160103358638,1.0041897251232792,0.976131349973245
position_none,2027,trained,ONE_END_layer4,composites,rc,0.9686299782792497,2.0895283465584376,1.000025860407883,0.9686835496349339
position_none,2027,trained,ONE_END_layer4,composites,ci,0.9807129113530672,2.372518881897689,1.0002497937003156,0.9807458483875142
position_none,2027,trained,ONE_END_layer4,composites,ri,0.9840041125564947,2.372518881897689,1.0007816112867673,0.9840314291259045
position_none,2027,trained,ONE_END_layer4,composites,rci,0.9976546036366557,2.2738289508202603,1.000001952437468,0.9976586089275644
position_none,2027,trained,ONE_END_numeric_contrast,generators,c,0.890246143138646,2.293775192243376,1.0080665112699039,0.8902461431386463
position_none,2027,trained,ONE_END_numeric_contrast,generators,r,0.9508055999902839,2.383447004742858,1.008728909184033,0.950805599990284
position_none,2027,trained,ONE_END_numeric_contrast,generators,i,0.9799814105087914,2.086474236046122,1.003972855704426,0.9799814105087914
position_none,2027,trained,ONE_END_numeric_contrast,composites,rc,0.9948695024967955,2.133213570549316,0.9999396059253723,0.9948695024967955
position_none,2027,trained,ONE_END_numeric_contrast,composites,ci,0.9901867090224101,2.380517440476333,1.0001255094625185,0.9901867090224101
position_none,2027,trained,ONE_END_numeric_contrast,composites,ri,0.9896394483425477,2.380517440476333,1.0001408171750816,0.9896394483425475
position_none,2027,trained,ONE_END_numeric_contrast,composites,rci,1.000599144057696,2.3420551154656613,1.0000022799278414,1.000599144057696
position_none,2027,trained,ONE_END_numeric_null,generators,c,0.6986877143228777,2.7902447950304334,1.0037736974083575,0.7001013241621735
position_none,2027,trained,ONE_END_numeric_null,generators,r,0.9309828039619165,2.441841629679616,1.0098964456657693,0.9313065988817977
position_none,2027,trained,ONE_END_numeric_null,generators,i,0.9820535151023522,1.9693979171090985,0.999835366447164,0.9821377112298851
position_none,2027,trained,ONE_END_numeric_null,composites,rc,0.977833835643351,1.983922552881401,1.0002261394290974,0.9779378284425944
position_none,2027,trained,ONE_END_numeric_null,composites,ci,0.9842297675796507,2.353051015219808,1.0002002370029968,0.9843037537952055
position_none,2027,trained,ONE_END_numeric_null,composites,ri,0.9884409842543858,2.3530510152198083,1.0006341004437505,0.9884952135014735
position_none,2027,trained,ONE_END_numeric_null,composites,rci,0.9978763995680525,2.1084910748598342,0.9999892770758707,0.9978863624623918
position_none,2027,trained,source_query_concat_layer1,generators,c,0.5251976742230212,2.9442242038656414,1.0205473370355662,0.5263669855013794
position_none,2027,trained,source_query_concat_layer1,generators,r,0.8951565630819603,2.3468619095408196,0.9964081299972445,0.8954147644567105
position_none,2027,trained,source_query_concat_layer1,generators,i,0.9677262327515359,2.0216424886292987,1.003339208164579,0.9678057144178838
position_none,2027,trained,source_query_concat_layer1,composites,rc,0.9178098391254039,2.0092605636387386,0.9999667065854468,0.918012251533396
position_none,2027,trained,source_query_concat_layer1,composites,ci,0.978882253849873,2.2893679512389764,0.9998621828808553,0.9789342612167419
position_none,2027,trained,source_query_concat_layer1,composites,ri,0.9816830891386399,2.289367951238977,1.0000801512737616,0.9817281987964743
position_none,2027,trained,source_query_concat_layer1,composites,rci,0.9884281831019528,2.0992749318475483,1.000005453788559,0.9884566813954011
position_none,2027,trained,source_query_concat_layer2,generators,c,0.5595992121283355,2.9059683355542796,1.0181255602861787,0.5617086218495324
position_none,2027,trained,source_query_concat_layer2,generators,r,0.9062418172976561,2.3300852103251852,0.9972286801133068,0.9066908955633648
position_none,2027,trained,source_query_concat_layer2,generators,i,0.9739452012926364,2.029100992405989,1.0030154129887139,0.9740699972675547
position_none,2027,trained,source_query_concat_layer2,composites,rc,0.9241897898666627,2.0360627252618335,0.9999818440338785,0.9245529018288234
position_none,2027,trained,source_query_concat_layer2,composites,ci,0.9772737296554401,2.2841745086599587,0.9999548140005159,0.9773825828112735
position_none,2027,trained,source_query_concat_layer2,composites,ri,0.9836279269448898,2.2841745086599587,0.9999330898791059,0.983706345083571
position_none,2027,trained,source_query_concat_layer2,composites,rci,0.9879281633425443,2.1304337191327956,0.9999988771535268,0.9879859844234762
position_none,2027,trained,source_query_concat_layer3,generators,c,0.661961444198864,2.7806364950146185,1.0069505898446025,0.6642111904477895
position_none,2027,trained,source_query_concat_layer3,generators,r,0.9124930068051342,2.4319312924000127,1.0015569566826439,0.9130753916435391
position_none,2027,trained,source_query_concat_layer3,generators,i,0.9353840117291425,1.8290281121940584,0.9949875416188039,0.9358140501810832
position_none,2027,trained,source_query_concat_layer3,composites,rc,0.9528003050609469,2.091048392555106,0.9998518794976353,0.9531144329461163
position_none,2027,trained,source_query_concat_layer3,composites,ci,0.9644856771451001,2.362874001569599,1.0001291488761836,0.9647220354339839
position_none,2027,trained,source_query_concat_layer3,composites,ri,0.9739310130865394,2.362874001569599,1.0000464736731964,0.9741045098800718
position_none,2027,trained,source_query_concat_layer3,composites,rci,0.9918652971382017,2.1416077046970066,0.999998883657028,0.9919194359840089
position_none,2027,trained,source_query_concat_layer4,generators,c,0.6484878392098581,2.7684155606613468,1.0084202915556784,0.6515802500923693
position_none,2027,trained,source_query_concat_layer4,generators,r,0.9118728206895061,2.467555606644465,1.0087628198276994,0.912648115199182
position_none,2027,trained,source_query_concat_layer4,generators,i,0.9014922202702079,1.6946789351546039,0.9838768541648478,0.9023588375996446
position_none,2027,trained,source_query_concat_layer4,composites,rc,0.9735882158435192,2.0357950533016274,0.9997637985469398,0.9738205722108452
position_none,2027,trained,source_query_concat_layer4,composites,ci,0.9387905524753869,2.471713759534357,1.00045931919064,0.9393290395684427
position_none,2027,trained,source_query_concat_layer4,composites,ri,0.9583263768057317,2.471713759534357,1.0012230234069859,0.9586929984486076
position_none,2027,trained,source_query_concat_layer4,composites,rci,0.9919435228709199,2.0901273251692407,0.9999607975916258,0.9920143993307632
position_none,2027,trained,source_query_concat_numeric_contrast,generators,c,0.6919215835360524,2.6916719671430243,0.9990749424412736,0.6921272675527574
position_none,2027,trained,source_query_concat_numeric_contrast,generators,r,0.8858232796687622,2.5364404054956093,1.0077996264546802,0.8858995080742491
position_none,2027,trained,source_query_concat_numeric_contrast,generators,i,0.8767785718367599,1.5971778200852562,0.9805007820264388,0.8768608388082006
position_none,2027,trained,source_query_concat_numeric_contrast,composites,rc,0.957243934244775,2.007009810608172,0.9998540732169294,0.9572724797022725
position_none,2027,trained,source_query_concat_numeric_contrast,composites,ci,0.9276386984924015,2.5448974602020433,1.0003546963933598,0.927687009449459
position_none,2027,trained,source_query_concat_numeric_contrast,composites,ri,0.9445623867244178,2.5448974602020433,1.001161596484671,0.9445993988303161
position_none,2027,trained,source_query_concat_numeric_contrast,composites,rci,0.9866649888041624,2.0779050762638507,0.9999630239068616,0.9866738917279604
position_none,2027,trained,source_query_concat_numeric_null,generators,c,0.5639077542760835,2.958330614813471,1.0234186061349146,0.5729549880943403
position_none,2027,trained,source_query_concat_numeric_null,generators,r,0.9525094522943623,2.2931940037714016,1.0078528822059083,0.9534946981763127
position_none,2027,trained,source_query_concat_numeric_null,generators,i,0.9596597858668761,1.943834033846602,0.9955233657746791,0.9604966898777125
position_none,2027,trained,source_query_concat_numeric_null,composites,rc,0.9761663139510829,2.109762069112612,0.9996665764365513,0.9766607711044714
position_none,2027,trained,source_query_concat_numeric_null,composites,ci,0.9790352950538436,2.2863884854794074,1.0004677905528074,0.9794702319036463
position_none,2027,trained,source_query_concat_numeric_null,composites,ri,0.9886567827061048,2.2863884854794074,1.0005346640217645,0.9888921107590922
position_none,2027,trained,source_query_concat_numeric_null,composites,rci,0.9975392164561828,2.122102307497099,0.9999793782419112,0.9975902682332216
position_none,3037,random,ONE_END_layer1,generators,c,0.9619556690092717,2.3698534292724474,1.0035505748697595,0.9672040906608951
position_none,3037,random,ONE_END_layer1,generators,r,0.9658647303289227,2.363971900446064,1.0068195960973174,0.9705738757852945
position_none,3037,random,ONE_END_layer1,generators,i,0.9644325722378081,2.1880643171905154,1.0045688869134646,0.9693392916648139
position_none,3037,random,ONE_END_layer1,composites,rc,1.0009585762672335,2.3227241082689614,1.0000466992361534,1.0008263354759075
position_none,3037,random,ONE_END_layer1,composites,ci,0.9992729014128173,2.2915423217425004,0.9999114321443343,0.9993732086036248
position_none,3037,random,ONE_END_layer1,composites,ri,0.9996354683626203,2.2915423217425004,0.9999164031040323,0.9996857574776736
position_none,3037,random,ONE_END_layer1,composites,rci,1.000033584640149,2.172301601337013,0.9999970160602353,1.000028951457019
position_none,3037,random,ONE_END_layer2,generators,c,0.9569637299767659,2.068739464214333,1.0011519426177404,0.9579753595019945
position_none,3037,random,ONE_END_layer2,generators,r,0.2067569738273181,3.745269150296383,1.0075233744405991,0.22540329390861125
position_none,3037,random,ONE_END_layer2,generators,i,0.9324611131580667,1.9842150157253418,1.002384976561687,0.9340487119902494
position_none,3037,random,ONE_END_layer2,composites,rc,0.9736532716319454,2.035323894095536,0.999990726359469,0.9742725894375062
position_none,3037,random,ONE_END_layer2,composites,ci,0.963414777727721,2.0849040691830103,0.999984978770514,0.964274766082142
position_none,3037,random,ONE_END_layer2,composites,ri,0.9934036423646521,2.08490406918301,0.9999633574308697,0.9935586992536268
position_none,3037,random,ONE_END_layer2,composites,rci,0.9916480613391713,1.9966443373023879,0.9999970973447345,0.9918443856892515
position_none,3037,random,ONE_END_layer3,generators,c,0.9547617505894557,2.080493051799921,1.0015930993086772,0.9557402281401338
position_none,3037,random,ONE_END_layer3,generators,r,0.1988481715334705,3.660405421824452,1.0093941411182483,0.21617662895730505
position_none,3037,random,ONE_END_layer3,generators,i,0.9381685445852563,2.0054384325844503,1.002405561610748,0.9395059237243129
position_none,3037,random,ONE_END_layer3,composites,rc,0.9746527879275965,2.0569320832339595,1.0000021933034324,0.9752010336777813
position_none,3037,random,ONE_END_layer3,composites,ci,0.9657998890567413,2.099584363313805,0.9999391744107764,0.966539617963689
position_none,3037,random,ONE_END_layer3,composites,ri,0.9874556065214936,2.099584363313805,1.0000397864051127,0.9877269346026092
position_none,3037,random,ONE_END_layer3,composites,rci,0.9865501563217682,1.9975622839296074,0.9999993006464273,0.9868410687746318
position_none,3037,random,ONE_END_layer4,generators,c,0.9493928505160327,2.097600276149888,1.001583360018111,0.9504358389420552
position_none,3037,random,ONE_END_layer4,generators,r,0.21892511876129872,3.594322376573987,1.0127468839591125,0.2350226873715818
position_none,3037,random,ONE_END_layer4,generators,i,0.9386606925976964,2.0240295272926194,1.0028438360668757,0.9399248655126544
position_none,3037,random,ONE_END_layer4,composites,rc,0.9702321777813389,2.065796002544941,1.0000319398025672,0.9708456779361302
position_none,3037,random,ONE_END_layer4,composites,ci,0.9684666467079245,2.105317373020431,0.9999764161885665,0.9691165335885864
position_none,3037,random,ONE_END_layer4,composites,ri,0.9834128453132304,2.105317373020431,1.0000499713826407,0.9837546984018823
position_none,3037,random,ONE_END_layer4,composites,rci,0.9861142728609229,2.0076170713977013,0.9999983600557125,0.9864004508583134
position_none,3037,random,ONE_END_numeric_contrast,generators,c,0.9690783749782587,2.0965822585453555,1.000765907355706,0.9690783749782587
position_none,3037,random,ONE_END_numeric_contrast,generators,r,0.33049493800268914,3.5843579308331317,1.0036385326677533,0.3304949380026891
position_none,3037,random,ONE_END_numeric_contrast,generators,i,0.9588778710994451,2.0005577858436605,0.9999935871332482,0.9588778710994449
position_none,3037,random,ONE_END_numeric_contrast,composites,rc,0.9853157674233665,2.0804021937529487,0.9999188446083301,0.985315767423366
position_none,3037,random,ONE_END_numeric_contrast,composites,ci,0.9777419146853595,2.120428037577247,0.999903462151248,0.9777419146853593
position_none,3037,random,ONE_END_numeric_contrast,composites,ri,0.9912770814360953,2.120428037577247,1.0000182522796017,0.991277081436095
position_none,3037,random,ONE_END_numeric_contrast,composites,rci,0.9916197490672728,1.9972437558704097,0.9999983102311981,0.9916197490672728
position_none,3037,random,ONE_END_numeric_null,generators,c,0.9514744726938906,2.0984749813020693,1.0013888681729437,0.9524090452515651
position_none,3037,random,ONE_END_numeric_null,generators,r,0.22173128544210718,3.592579019941465,1.0138158293169013,0.23672027419711678
position_none,3037,random,ONE_END_numeric_null,generators,i,0.9402733739231316,2.027211355643397,1.0028253662965463,0.9414236729264129
position_none,3037,random,ONE_END_numeric_null,composites,rc,0.9706583492384515,2.0645379122193943,1.0000413037747633,0.971223451837453
position_none,3037,random,ONE_END_numeric_null,composites,ci,0.9715326178877921,2.1039512956075437,0.9999865064134577,0.972080882596861
position_none,3037,random,ONE_END_numeric_null,composites,ri,0.9856372059184573,2.103951295607544,1.0000387116670746,0.9859138247198451
position_none,3037,random,ONE_END_numeric_null,composites,rci,0.9873059412760291,2.009294139678587,0.9999986169414197,0.9875504212350843
position_none,3037,random,source_query_concat_layer1,generators,c,0.9658869809045386,2.349142781607302,1.0080914425588776,0.9706492462018297
position_none,3037,random,source_query_concat_layer1,generators,r,0.9631059408562839,2.3938940736665506,1.0075579045491283,0.9682564465047188
position_none,3037,random,source_query_concat_layer1,generators,i,0.9404323679924167,2.1845878872037905,1.0049664860308731,0.9487481627908096
position_none,3037,random,source_query_concat_layer1,composites,rc,1.0021390477724412,2.325767276328518,0.9999409229539659,1.001840431195954
position_none,3037,random,source_query_concat_layer1,composites,ci,0.9963353931845196,2.283695325076036,1.0000814075913453,0.996846981731307
position_none,3037,random,source_query_concat_layer1,composites,ri,0.9966091969672499,2.283695325076036,1.0000550603835159,0.9970825618009994
position_none,3037,random,source_query_concat_layer1,composites,rci,1.0002633101452318,2.1792173310417646,0.9999939262134229,1.000226551371007
position_none,3037,random,source_query_concat_layer2,generators,c,0.9623316790669886,2.0753274235179977,1.001802680130002,0.9633130098732703
position_none,3037,random,source_query_concat_layer2,generators,r,0.21520500649090535,3.7364378315384696,1.0079033672044009,0.23565039626859063
position_none,3037,random,source_query_concat_layer2,generators,i,0.9474350950738754,1.9929032222924383,1.0026766541860574,0.9488045099895288
position_none,3037,random,source_query_concat_layer2,composites,rc,0.977089904173278,2.0348710109591313,1.000012999456844,0.9776867553801482
position_none,3037,random,source_query_concat_layer2,composites,ci,0.9678202338464952,2.081751129328074,1.0000472346395517,0.9686585774488431
position_none,3037,random,source_query_concat_layer2,composites,ri,0.995211610294551,2.081751129328074,0.9999810719694664,0.9953363568777288
position_none,3037,random,source_query_concat_layer2,composites,rci,0.9923461740676602,1.996958253035816,0.9999972264598257,0.9925455706690294
position_none,3037,random,source_query_concat_layer3,generators,c,0.9555821489506755,2.083019590007463,1.0018517388130759,0.9566299352662974
position_none,3037,random,source_query_concat_layer3,generators,r,0.21102320020939308,3.652248953262862,1.0103069776872027,0.22963461599458926
position_none,3037,random,source_query_concat_layer3,generators,i,0.9488888989852032,2.013619633089904,1.0023667627330908,0.9500945744277233
position_none,3037,random,source_query_concat_layer3,composites,rc,0.9748831353728935,2.0586350722353965,0.9999719382316063,0.9754756247983363
position_none,3037,random,source_query_concat_layer3,composites,ci,0.9695160613594119,2.097064707937939,0.9999757013469889,0.9702351563403556
position_none,3037,random,source_query_concat_layer3,composites,ri,0.989886733113028,2.097064707937939,1.0000648933312755,0.9901252980683345
position_none,3037,random,source_query_concat_layer3,composites,rci,0.9872859444168594,1.9983473355284975,0.9999989452171772,0.9875858601746315
position_none,3037,random,source_query_concat_layer4,generators,c,0.9530744249500961,2.0996532955757377,1.0019677117129575,0.9541134926672646
position_none,3037,random,source_query_concat_layer4,generators,r,0.23097017125482508,3.5885679100018155,1.0133495975917841,0.24799871203964835
position_none,3037,random,source_query_concat_layer4,generators,i,0.9516270168003913,2.033778592125205,1.002487966877086,0.9526981343130139
position_none,3037,random,source_query_concat_layer4,composites,rc,0.9755359683072913,2.0663042527229845,0.99999070801731,0.9760776726025854
position_none,3037,random,source_query_concat_layer4,composites,ci,0.9736152546293692,2.100952172402895,0.9999954028870726,0.9741994890710606
position_none,3037,random,source_query_concat_layer4,composites,ri,0.9885088807242528,2.100952172402895,1.0000837742684945,0.9887633272826778
position_none,3037,random,source_query_concat_layer4,composites,rci,0.988718112074884,2.009791604768468,0.9999984911595402,0.9889679256471041
position_none,3037,random,source_query_concat_numeric_contrast,generators,c,0.9400694578452886,2.1040899851749533,1.0030423540552682,0.9400700824658126
position_none,3037,random,source_query_concat_numeric_contrast,generators,r,0.31200634602671284,3.5788914434981076,1.0074760677742194,0.31201351657683984
position_none,3037,random,source_query_concat_numeric_contrast,generators,i,0.948888969436911,2.021907917518537,1.0007808516475198,0.9488895021368925
position_none,3037,random,source_query_concat_numeric_contrast,composites,rc,0.962746695870061,2.0794253246626404,0.9998624140103769,0.9627470841391724
position_none,3037,random,source_query_concat_numeric_contrast,composites,ci,0.9696583997789635,2.1070245662871923,0.99991915856999,0.9696587160114811
position_none,3037,random,source_query_concat_numeric_contrast,composites,ri,0.9929309311129175,2.1070245662871923,1.000151142022624,0.992931004789633
position_none,3037,random,source_query_concat_numeric_contrast,composites,rci,0.9882610524177028,2.0016361965713765,0.9999927024397611,0.9882611747657966
position_none,3037,random,source_query_concat_numeric_null,generators,c,0.9523764287929619,2.099742220645202,1.0016244944163062,0.9533646441784389
position_none,3037,random,source_query_concat_numeric_null,generators,r,0.23386067304545027,3.5866257289150676,1.0139799130689762,0.24975848690371852
position_none,3037,random,source_query_concat_numeric_null,generators,i,0.9527288238534902,2.035512776185969,1.002585525147245,0.9537097268469784
position_none,3037,random,source_query_concat_numeric_null,composites,rc,0.9750742095213903,2.0653008743208225,1.0000102923586298,0.9755914334300944
position_none,3037,random,source_query_concat_numeric_null,composites,ci,0.9753195918993969,2.100787134155867,1.0000034514848168,0.9758317239883332
position_none,3037,random,source_query_concat_numeric_null,composites,ri,0.9896837005198991,2.100787134155867,1.0000667743392302,0.9898977694275646
position_none,3037,random,source_query_concat_numeric_null,composites,rci,0.9900556215315096,2.0112441316212055,0.9999988373259447,0.990261972872925
position_none,3037,trained,ONE_END_layer1,generators,c,0.6728785922484322,3.014058497893956,1.0115594596374353,0.6730571745870948
position_none,3037,trained,ONE_END_layer1,generators,r,0.9694601041636856,2.18254905851454,1.0016119266370735,0.9694767765241356
position_none,3037,trained,ONE_END_layer1,generators,i,0.9873502025836571,2.1866160317215932,1.0012003084025967,0.9873571083695601
position_none,3037,trained,ONE_END_layer1,composites,rc,0.9913590822697291,2.1453546009234272,0.9998911069782033,0.991363799525341
position_none,3037,trained,ONE_END_layer1,composites,ci,1.0049364898515645,2.1727710721065097,1.0001612714462358,1.0049337949197088
position_none,3037,trained,ONE_END_layer1,composites,ri,1.0010156656763713,2.1727710721065097,0.9999938468035686,1.0010151112034833
position_none,3037,trained,ONE_END_layer1,composites,rci,1.000114362682544,2.1258796667334634,0.9999991840548934,1.0001143002495916
position_none,3037,trained,ONE_END_layer2,generators,c,0.6941579277268618,2.9294395324681406,1.0125934999966892,0.6946909674348297
position_none,3037,trained,ONE_END_layer2,generators,r,0.9756594604376908,2.177521566375019,1.0065156940331283,0.9757018825740688
position_none,3037,trained,ONE_END_layer2,generators,i,0.9886030441929751,2.1766682631434064,1.0025556141229413,0.9886229074836923
position_none,3037,trained,ONE_END_layer2,composites,rc,0.9923120959802163,2.1774015640023814,0.9999999068833388,0.9923254949154354
position_none,3037,trained,ONE_END_layer2,composites,ci,1.0039666615852239,2.186726373830194,1.000268027435305,1.0039597482520868
position_none,3037,trained,ONE_END_layer2,composites,ri,1.0018463271656546,2.186726373830194,0.9999494552323583,1.001843109277135
position_none,3037,trained,ONE_END_layer2,composites,rci,0.9999382194387902,2.165516326350663,1.0000051509267374,0.9999383271136177
position_none,3037,trained,ONE_END_layer3,generators,c,0.702600346308667,2.8705637999176283,1.0189960789898742,0.7035289250329819
position_none,3037,trained,ONE_END_layer3,generators,r,0.9793159430536866,2.214113153312556,1.0047157685603427,0.9793805254261759
position_none,3037,trained,ONE_END_layer3,generators,i,0.9929049270101626,2.1112063514116595,1.0022217131821234,0.9929270801423
position_none,3037,trained,ONE_END_layer3,composites,rc,0.9878169773080023,2.1352441684273296,1.0000585436064766,0.9878550166786918
position_none,3037,trained,ONE_END_layer3,composites,ci,1.0018816477934658,2.2479893547813248,1.0001405459823018,1.0018757726753007
position_none,3037,trained,ONE_END_layer3,composites,ri,1.0003878302706097,2.2479893547813243,0.9998927321550184,1.0003866193380029
position_none,3037,trained,ONE_END_layer3,composites,rci,1.0001881522479275,2.172893817368178,1.0000005157885479,1.000187564775238
position_none,3037,trained,ONE_END_layer4,generators,c,0.6828418263432541,2.8424124929927137,1.0138170720624715,0.6839230987917497
position_none,3037,trained,ONE_END_layer4,generators,r,0.9709998501720974,2.262218173774119,1.0033651291945576,0.9710987190193029
position_none,3037,trained,ONE_END_layer4,generators,i,0.9859148233317135,2.0691299879881773,1.001460609694067,0.9859628432622358
position_none,3037,trained,ONE_END_layer4,composites,rc,0.9883492913468763,2.0355325062927574,1.0001419213773288,0.9883890115600645
position_none,3037,trained,ONE_END_layer4,composites,ci,0.9979954869167305,2.321956279977518,0.9999830973138272,0.9980023208089318
position_none,3037,trained,ONE_END_layer4,composites,ri,0.9980052333358235,2.321956279977518,0.9997515669201748,0.9980120340000167
position_none,3037,trained,ONE_END_layer4,composites,rci,0.9996952051196255,2.1467942789971954,1.0000059670346224,0.9996962442424793
position_none,3037,trained,ONE_END_numeric_contrast,generators,c,0.7507418411899139,2.8352179440060796,1.0137966857590672,0.7507418411899139
position_none,3037,trained,ONE_END_numeric_contrast,generators,r,0.9761742141483286,2.275738708554817,1.005086751613205,0.9761742141483286
position_none,3037,trained,ONE_END_numeric_contrast,generators,i,0.9842894338290722,2.038959224273752,0.9999664521256185,0.9842894338290723
position_none,3037,trained,ONE_END_numeric_contrast,composites,rc,0.9953455898646821,1.9902312695320101,1.0000144193647973,0.9953455898646817
position_none,3037,trained,ONE_END_numeric_contrast,composites,ci,0.9974753044606943,2.356475977973905,0.9997910592127786,0.9974753044606945
position_none,3037,trained,ONE_END_numeric_contrast,composites,ri,0.9954424945491671,2.356475977973905,0.9998997494963687,0.9954424945491671
position_none,3037,trained,ONE_END_numeric_contrast,composites,rci,0.9999020153998273,2.1469008976855313,0.9999989907787692,0.9999020153998274
position_none,3037,trained,ONE_END_numeric_null,generators,c,0.688912053080839,2.86221993588079,1.0094968267624613,0.6921897917923652
position_none,3037,trained,ONE_END_numeric_null,generators,r,0.9780463824291056,2.2227386419144017,1.0062384022452517,0.9782776939372588
position_none,3037,trained,ONE_END_numeric_null,generators,i,0.98951247863936,2.1579549541603034,1.005525569879753,0.989622979078519
position_none,3037,trained,ONE_END_numeric_null,composites,rc,0.9913737661933089,2.1689935243117158,1.0000625870099122,0.991464655412139
position_none,3037,trained,ONE_END_numeric_null,composites,ci,0.999809435830043,2.220622572895291,1.0000066793298215,0.9998114436852593
position_none,3037,trained,ONE_END_numeric_null,composites,ri,1.0005818052898567,2.2206225728952904,0.9998812583844787,1.0005756751721844
position_none,3037,trained,ONE_END_numeric_null,composites,rci,0.9999322737913627,2.1468477979422094,0.9999974519755991,0.9999329873799733
position_none,3037,trained,source_query_concat_layer1,generators,c,0.6866140609976271,2.900006413339426,0.9999643174731471,0.6872212110006463
position_none,3037,trained,source_query_concat_layer1,generators,r,0.9671301917701531,2.2263952352678995,1.005701859591594,0.9671938733259673
position_none,3037,trained,source_query_concat_layer1,generators,i,0.9786343782238078,2.2109300647341663,1.007271379296861,0.9786757717125112
position_none,3037,trained,source_query_concat_layer1,composites,rc,0.9934395400644093,2.1098352301642795,1.000001902407863,0.9934522502175273
position_none,3037,trained,source_query_concat_layer1,composites,ci,0.9970103576693664,2.222579947159252,0.9997509050214889,0.9970161497650672
position_none,3037,trained,source_query_concat_layer1,composites,ri,1.0008266099563596,2.222579947159252,0.999724126607915,1.0008250084925574
position_none,3037,trained,source_query_concat_layer1,composites,rci,1.0002143572853468,2.1076731621757245,1.0000083603518999,1.00021394199222
position_none,3037,trained,source_query_concat_layer2,generators,c,0.65803259725668,2.8302688276216568,1.0018172695052319,0.660779544333642
position_none,3037,trained,source_query_concat_layer2,generators,r,0.9694039936683434,2.2145399411437214,1.0064297903529444,0.9696497644917764
position_none,3037,trained,source_query_concat_layer2,generators,i,0.9794342317194312,2.206844649201701,1.007093000215357,0.9795994319011168
position_none,3037,trained,source_query_concat_layer2,composites,rc,0.9918754061853844,2.128485984788718,1.0000352293257273,0.9919406692164557
position_none,3037,trained,source_query_concat_layer2,composites,ci,0.9951638820327506,2.2408353537026278,0.9998346498529664,0.9952027294784643
position_none,3037,trained,source_query_concat_layer2,composites,ri,1.002188051294712,2.2408353537026278,0.9998356167790906,1.0021704751717833
position_none,3037,trained,source_query_concat_layer2,composites,rci,1.000395789151774,2.1381898898389466,1.0000033673525528,1.0003926098667169
position_none,3037,trained,source_query_concat_layer3,generators,c,0.6685710887713473,2.6749700609429947,1.0012963274243527,0.673612551368673
position_none,3037,trained,source_query_concat_layer3,generators,r,0.9570577645577099,2.2376550960487815,1.0067900350320993,0.9577109715245531
position_none,3037,trained,source_query_concat_layer3,generators,i,0.9650911420795568,2.1588216954135864,1.0040563810927374,0.9656221509793803
position_none,3037,trained,source_query_concat_layer3,composites,rc,0.9838157823426361,2.095283472720164,1.000052490633267,0.984061965235022
position_none,3037,trained,source_query_concat_layer3,composites,ci,0.9844943858665371,2.3208892364823335,0.9999131848169297,0.9847302463212348
position_none,3037,trained,source_query_concat_layer3,composites,ri,0.9938512633357982,2.320889236482333,0.9995349844890842,0.9939447935767134
position_none,3037,trained,source_query_concat_layer3,composites,rci,0.9971241528620429,2.1914912019098076,0.9999930739423076,0.9971678982182578
position_none,3037,trained,source_query_concat_layer4,generators,c,0.5710404179686831,2.556481107547009,1.0190166318205072,0.5774772339544502
position_none,3037,trained,source_query_concat_layer4,generators,r,0.8772719502710586,2.35520057688923,0.9986495965651643,0.8791135640395547
position_none,3037,trained,source_query_concat_layer4,generators,i,0.9130938918277595,2.0291223396265874,0.9967427733652279,0.914397974193037
position_none,3037,trained,source_query_concat_layer4,composites,rc,0.9068714919354924,1.8857702811065808,1.0001838227408437,0.9082689454358933
position_none,3037,trained,source_query_concat_layer4,composites,ci,0.9152513764028225,2.513826286524279,1.0000052767038292,0.9165230843165585
position_none,3037,trained,source_query_concat_layer4,composites,ri,0.936839280997466,2.513826286524279,0.9996170231256564,0.9377870484393842
position_none,3037,trained,source_query_concat_layer4,composites,rci,0.9598556781286209,2.145773121782037,1.0000139115406836,0.9604580696442405
position_none,3037,trained,source_query_concat_numeric_contrast,generators,c,0.5723797217067605,2.4757145598589347,1.022452993115453,0.5729174266414518
position_none,3037,trained,source_query_concat_numeric_contrast,generators,r,0.8527679098998225,2.3868007476235147,0.996588836945647,0.852953044762247
position_none,3037,trained,source_query_concat_numeric_contrast,generators,i,0.8872538109630963,1.9920041785535458,0.9943706455235717,0.8873955820279641
position_none,3037,trained,source_query_concat_numeric_contrast,composites,rc,0.8922929297634242,1.8082819727385482,0.9998630537741471,0.8924283644612325
position_none,3037,trained,source_query_concat_numeric_contrast,composites,ci,0.8984349576117234,2.5973151830389836,0.9999259210907574,0.8985626691054397
position_none,3037,trained,source_query_concat_numeric_contrast,composites,ri,0.9249015448476413,2.597315183038983,0.9997299515094246,0.9249959763139981
position_none,3037,trained,source_query_concat_numeric_contrast,composites,rci,0.9520064398251501,2.1425681751474905,1.0000049158481066,0.9520667886333086
position_none,3037,trained,source_query_concat_numeric_null,generators,c,0.6051878701519179,2.7953692914670376,1.0016594193469628,0.6214331403829603
position_none,3037,trained,source_query_concat_numeric_null,generators,r,0.9669957507076611,2.260061816340332,1.0041631647854692,0.9683537711634487
position_none,3037,trained,source_query_concat_numeric_null,generators,i,0.9779984360148667,2.143277601527034,1.0037996366477362,0.9789037307751408
position_none,3037,trained,source_query_concat_numeric_null,composites,rc,0.986947105894081,2.122472997475501,1.0000460785767085,0.9874841911962209
position_none,3037,trained,source_query_concat_numeric_null,composites,ci,0.9879645387998276,2.261073535106672,1.0000497799739765,0.988459759956349
position_none,3037,trained,source_query_concat_numeric_null,composites,ri,0.9975729630832886,2.261073535106672,0.9997649884308019,0.9976728279749469
position_none,3037,trained,source_query_concat_numeric_null,composites,rci,0.9983516116383943,2.156671222976751,1.0000028682012168,0.9984194376051148
position_three,1009,random,ONE_END_layer1,generators,c,0.956470513235959,2.412988897963573,1.0056786168500327,0.9625377701498462
position_three,1009,random,ONE_END_layer1,generators,r,0.9588094349219186,2.3643183923914117,1.0054863529551825,0.9645506866419681
position_three,1009,random,ONE_END_layer1,generators,i,0.9508908891351653,2.1849612451837315,1.0053711772467546,0.9577358490595641
position_three,1009,random,ONE_END_layer1,composites,rc,1.0010446314081511,2.311567544941791,1.000122713345366,1.000899027873519
position_three,1009,random,ONE_END_layer1,composites,ci,0.9970061788452307,2.279854944495438,0.9999621680832332,0.9974234656880249
position_three,1009,random,ONE_END_layer1,composites,ri,0.9975332269744226,2.2798549444954377,0.9999905742141897,0.9978770524317625
position_three,1009,random,ONE_END_layer1,composites,rci,1.0002019615953677,2.1664540305286164,0.9999994563432453,1.00017381164514
position_three,1009,random,ONE_END_layer2,generators,c,0.9479554044215098,2.103976247458083,0.999485515608963,0.9495176812478467
position_three,1009,random,ONE_END_layer2,generators,r,0.20827843463280496,3.7515018792934964,1.0037022896931518,0.2320443653838464
position_three,1009,random,ONE_END_layer2,generators,i,0.9027475987911551,2.004372812595078,1.0063519477167668,0.9056669253999104
position_three,1009,random,ONE_END_layer2,composites,rc,0.963087627867711,1.9997428260588788,0.9999214734307904,0.964195664983696
position_three,1009,random,ONE_END_layer2,composites,ci,0.9542905012194969,2.077689653528692,1.0000139624500426,0.9556626108476822
position_three,1009,random,ONE_END_layer2,composites,ri,0.9859793777810409,2.077689653528692,0.9999481867720202,0.9864002493996986
position_three,1009,random,ONE_END_layer2,composites,rci,0.9865304130217949,1.9850269275370815,0.99999882384271,0.9869347436417658
position_three,1009,random,ONE_END_layer3,generators,c,0.9400886911932407,2.114959810407016,0.9990452020468666,0.9417286156463093
position_three,1009,random,ONE_END_layer3,generators,r,0.2004832292460289,3.6797169939691394,1.0019242954457384,0.2223680307820275
position_three,1009,random,ONE_END_layer3,generators,i,0.9151191965162541,2.020789884196689,1.0074187337035283,0.9174425993595815
position_three,1009,random,ONE_END_layer3,composites,rc,0.9626153798903062,2.018204406728421,0.9999516245778006,0.9636386917475768
position_three,1009,random,ONE_END_layer3,composites,ci,0.9565479957927938,2.086226676557939,0.9999783793862463,0.957737387339289
position_three,1009,random,ONE_END_layer3,composites,ri,0.9798140902008082,2.0862266765579385,1.0000522357600725,0.9803666297421141
position_three,1009,random,ONE_END_layer3,composites,rci,0.9799704073303799,1.993875551582857,0.9999996587435587,0.9805186680754399
position_three,1009,random,ONE_END_layer4,generators,c,0.9364704563038747,2.112121624135147,0.999780480212156,0.9380901166767309
position_three,1009,random,ONE_END_layer4,generators,r,0.21296059855659855,3.6306324706066104,1.0026349104583712,0.23302585412480517
position_three,1009,random,ONE_END_layer4,generators,i,0.9194850379694688,2.01555470506708,1.0077548576955184,0.9215377348068117
position_three,1009,random,ONE_END_layer4,composites,rc,0.9609510446871239,2.0417160862572197,0.999901668796922,0.9619465822251271
position_three,1009,random,ONE_END_layer4,composites,ci,0.9573817695275705,2.0971469596005403,1.000032943439207,0.9584683043118848
position_three,1009,random,ONE_END_layer4,composites,ri,0.9759566842833355,2.0971469596005403,1.0001110694779536,0.9765696590259942
position_three,1009,random,ONE_END_layer4,composites,rci,0.9776739885791357,2.0056811947328614,0.999997939670408,0.9782431813338526
position_three,1009,random,ONE_END_numeric_contrast,generators,c,0.9686346313095832,2.113089251011433,1.00045583777729,0.968634631309583
position_three,1009,random,ONE_END_numeric_contrast,generators,r,0.3211439943861457,3.6035099179380405,0.9999586967866512,0.32114399438614566
position_three,1009,random,ONE_END_numeric_contrast,generators,i,0.9762087786451509,2.024226800797005,1.0024054499200297,0.9762087786451509
position_three,1009,random,ONE_END_numeric_contrast,composites,rc,0.9894237214345681,2.059221294718232,0.9999425125439849,0.9894237214345681
position_three,1009,random,ONE_END_numeric_contrast,composites,ci,0.9817633836270951,2.102759743134401,1.0001098825821173,0.9817633836270949
position_three,1009,random,ONE_END_numeric_contrast,composites,ri,0.9982565178303606,2.102759743134401,1.0000563858781775,0.9982565178303605
position_three,1009,random,ONE_END_numeric_contrast,composites,rci,0.9947682174885509,1.9944332492664878,0.9999997721679479,0.9947682174885509
position_three,1009,random,ONE_END_numeric_null,generators,c,0.9362124145991433,2.112892030252428,0.9998197984138228,0.9377378696744534
position_three,1009,random,ONE_END_numeric_null,generators,r,0.21390635588693452,3.630508686395913,1.0027623237650394,0.23270547693134297
position_three,1009,random,ONE_END_numeric_null,generators,i,0.9188772289517289,2.0147929322019413,1.0080415949311428,0.9208172481896595
position_three,1009,random,ONE_END_numeric_null,composites,rc,0.958855043792019,2.040396523959082,0.999905911307117,0.9598390092749014
position_three,1009,random,ONE_END_numeric_null,composites,ci,0.9588185209519411,2.097068169336957,1.0000196472395693,0.9598033598642131
position_three,1009,random,ONE_END_numeric_null,composites,ri,0.9762470491602135,2.097068169336957,1.0001031535697225,0.9768150916591486
position_three,1009,random,ONE_END_numeric_null,composites,rci,0.9783106510955275,2.007273488516722,0.9999981280370378,0.9788293433639145
position_three,1009,random,source_query_concat_layer1,generators,c,0.9670842150834437,2.344355615689913,1.0064960052408032,0.9719056424409176
position_three,1009,random,source_query_concat_layer1,generators,r,0.960566747193632,2.391629001316055,1.0070957410642367,0.9663428380374862
position_three,1009,random,source_query_concat_layer1,generators,i,0.9448416605515256,2.2098288791287133,1.003251869483735,0.9529211253883472
position_three,1009,random,source_query_concat_layer1,composites,rc,1.0023148104045545,2.309480994650377,1.000138726249139,1.0019757423786761
position_three,1009,random,source_query_concat_layer1,composites,ci,0.9963918549518688,2.292489563453157,0.9999290727846014,0.9969203676180224
position_three,1009,random,source_query_concat_layer1,composites,ri,0.9975780432244948,2.2924895634531564,1.0000469636525626,0.9979328058007373
position_three,1009,random,source_query_concat_layer1,composites,rci,1.000074322910905,2.159726382308628,0.9999974807989348,1.0000634362643663
position_three,1009,random,source_query_concat_layer2,generators,c,0.949072926874922,2.1019416204259533,0.99917896060378,0.9505767752827212
position_three,1009,random,source_query_concat_layer2,generators,r,0.20834829987472925,3.7521041589102313,1.0040024221447708,0.23172533836741796
position_three,1009,random,source_query_concat_layer2,generators,i,0.9028772793906173,1.9990107565131876,1.0065272016997815,0.9057452598141306
position_three,1009,random,source_query_concat_layer2,composites,rc,0.9641579629900102,1.9994540771250293,0.9999429618509594,0.9652163585934131
position_three,1009,random,source_query_concat_layer2,composites,ci,0.9518269793432448,2.0808758810693315,0.9999660467946404,0.9532495020991788
position_three,1009,random,source_query_concat_layer2,composites,ri,0.9838237919786325,2.0808758810693315,1.000021242959803,0.9843014664881692
position_three,1009,random,source_query_concat_layer2,composites,rci,0.9826526790206147,1.9857376248869358,0.9999968869939531,0.9831649358505009
position_three,1009,random,source_query_concat_layer3,generators,c,0.9370462459734533,2.109279044420096,0.9986730724190347,0.9387803374732722
position_three,1009,random,source_query_concat_layer3,generators,r,0.20290072286136943,3.680903712145749,1.0015548706190698,0.22485720667034073
position_three,1009,random,source_query_concat_layer3,generators,i,0.9114742285437816,2.0182133529987643,1.0072477499637582,0.9139127135900014
position_three,1009,random,source_query_concat_layer3,composites,rc,0.9610659764786923,2.0193328322479784,0.9999373616971595,0.9621384329236816
position_three,1009,random,source_query_concat_layer3,composites,ci,0.9559692334252302,2.0883410083211245,0.9999379465442525,0.9571820821143745
position_three,1009,random,source_query_concat_layer3,composites,ri,0.9837182223460325,2.0883410083211245,1.0000487691445517,0.9841667117597023
position_three,1009,random,source_query_concat_layer3,composites,rci,0.9811795970777716,1.9955890415451636,0.9999967720911644,0.9816980141481315
position_three,1009,random,source_query_concat_layer4,generators,c,0.9261554037171946,2.1106335753797687,0.9993543647184762,0.9280343438093794
position_three,1009,random,source_query_concat_layer4,generators,r,0.21636126760641455,3.6298654954124627,1.002339032693335,0.23630057672585603
position_three,1009,random,source_query_concat_layer4,generators,i,0.9161172667829243,2.013811393924225,1.007403592485417,0.9182516224218934
position_three,1009,random,source_query_concat_layer4,composites,rc,0.9572541026578437,2.0405683802242165,0.9999144546501837,0.9583417513733302
position_three,1009,random,source_query_concat_layer4,composites,ci,0.956864830833421,2.0971091909235327,0.9999917684055337,0.9579623843824968
position_three,1009,random,source_query_concat_layer4,composites,ri,0.9802478060765556,2.0971091909235327,1.0000682111437802,0.9807503911124227
position_three,1009,random,source_query_concat_layer4,composites,rci,0.9800268664894247,2.0109027732122606,0.9999945553765026,0.9805350732263924
position_three,1009,random,source_query_concat_numeric_contrast,generators,c,0.9308416781315616,2.109907279962237,1.0019928777677591,0.9308425995057044
position_three,1009,random,source_query_concat_numeric_contrast,generators,r,0.3032798572690043,3.6011438750886997,1.0017903866750593,0.3032891394480255
position_three,1009,random,source_query_concat_numeric_contrast,generators,i,0.944518592133862,2.0152980994928766,1.003480185517541,0.944519331294866
position_three,1009,random,source_query_concat_numeric_contrast,composites,rc,0.9549096902349573,2.054417001303655,0.999930246626688,0.9549102909586936
position_three,1009,random,source_query_concat_numeric_contrast,composites,ci,0.9689067130275372,2.115355819603995,1.0002409032143584,0.9689071272734279
position_three,1009,random,source_query_concat_numeric_contrast,composites,ri,0.9938683610128128,2.1153558196039954,1.000065108065303,0.9938684427026726
position_three,1009,random,source_query_concat_numeric_contrast,composites,rci,0.9871910328938728,1.988522104944542,0.9999917742518126,0.9871912035436335
position_three,1009,random,source_query_concat_numeric_null,generators,c,0.9284135188573235,2.111357700016376,0.9992161518245268,0.9301133217602413
position_three,1009,random,source_query_concat_numeric_null,generators,r,0.21833391572136593,3.630189073312154,1.0023901797381431,0.23689437934467109
position_three,1009,random,source_query_concat_numeric_null,generators,i,0.9161642317785093,2.0141575239816856,1.0076752039375814,0.9181548909073916
position_three,1009,random,source_query_concat_numeric_null,composites,rc,0.9553894958774375,2.0395100972292495,0.9999245247837689,0.9564487610235625
position_three,1009,random,source_query_concat_numeric_null,composites,ci,0.9564316322776645,2.095424478957273,0.9999668127762943,0.9574661521583416
position_three,1009,random,source_query_concat_numeric_null,composites,ri,0.9826587590836914,2.095424478957273,1.0000716533035965,0.9830705224666547
position_three,1009,random,source_query_concat_numeric_null,composites,rci,0.9801208548867294,2.0139366475459886,0.9999947468762201,0.9805928801634535
position_three,1009,trained,ONE_END_layer1,generators,c,0.7306992205875591,2.7629979633498287,1.003315714109304,0.730918078598158
position_three,1009,trained,ONE_END_layer1,generators,r,0.7661305431193927,2.7477729657850793,0.9968236746127807,0.7663206064537225
position_three,1009,trained,ONE_END_layer1,generators,i,0.378203199778142,1.1679090568758055,0.9827253025267254,0.37870852772776914
position_three,1009,trained,ONE_END_layer1,composites,rc,0.9116606636097999,2.2401747639180365,0.9997245339376537,0.9117324560920282
position_three,1009,trained,ONE_END_layer1,composites,ci,0.8132974259327819,2.627971842065668,1.0000597082916591,0.8134491572200928
position_three,1009,trained,ONE_END_layer1,composites,ri,0.8011741650249052,2.627971842065668,0.9999382135775039,0.8013357487633306
position_three,1009,trained,ONE_END_layer1,composites,rci,0.9184173274935956,1.8252015659399148,0.9999842819400836,0.918483628903651
position_three,1009,trained,ONE_END_layer2,generators,c,0.7040234716616368,2.576231644658881,0.9934781035128051,0.7043182439772153
position_three,1009,trained,ONE_END_layer2,generators,r,0.6541815414670562,2.838536402215766,1.0118164198777746,0.6545259529255049
position_three,1009,trained,ONE_END_layer2,generators,i,0.2753028898159936,1.9775133756754584,1.000935698102321,0.27602463841701064
position_three,1009,trained,ONE_END_layer2,composites,rc,0.7637963333375143,2.093610566830093,1.0004607824019862,0.7640315759838187
position_three,1009,trained,ONE_END_layer2,composites,ci,0.7184681426408435,2.434193579807597,1.0000147597585165,0.718748529055161
position_three,1009,trained,ONE_END_layer2,composites,ri,0.7322994061405059,2.434193579807597,1.000035324355717,0.7325660175653266
position_three,1009,trained,ONE_END_layer2,composites,rci,0.7805673568232824,1.6457208510046066,0.9999920727850893,0.7807858966808376
position_three,1009,trained,ONE_END_layer3,generators,c,0.7203971901157437,2.5832067329534296,0.9875649928397946,0.720943366437806
position_three,1009,trained,ONE_END_layer3,generators,r,0.6731948995941487,2.739008884482477,1.0147756264434773,0.6738332809031375
position_three,1009,trained,ONE_END_layer3,generators,i,0.32888124488908255,1.9902385698843699,1.0133125793656947,0.3301922087291288
position_three,1009,trained,ONE_END_layer3,composites,rc,0.7891591406177446,2.232794319450562,1.000341070677627,0.7895709972981745
position_three,1009,trained,ONE_END_layer3,composites,ci,0.736717081151716,2.4844651871965935,1.0001690815317694,0.7372313781873499
position_three,1009,trained,ONE_END_layer3,composites,ri,0.7449859416235722,2.484465187196594,1.0000810902534303,0.7454840862614458
position_three,1009,trained,ONE_END_layer3,composites,rci,0.7947186540665077,1.4858211188359738,0.9999841422495572,0.7951196507895247
position_three,1009,trained,ONE_END_layer4,generators,c,0.8048171548177319,2.5179082972497744,0.9912407030826429,0.8055345380965869
position_three,1009,trained,ONE_END_layer4,generators,r,0.7724373410159626,2.566358391808075,1.0058083557811062,0.7732737344310421
position_three,1009,trained,ONE_END_layer4,generators,i,0.5025067490079174,2.2359776136434295,1.012382539898998,0.5043352567298516
position_three,1009,trained,ONE_END_layer4,composites,rc,0.8511226093029441,2.3562291960357826,0.9995433047565324,0.8516697995572204
position_three,1009,trained,ONE_END_layer4,composites,ci,0.8352697003057364,2.38041478832823,0.99964455709076,0.8358751570117858
position_three,1009,trained,ONE_END_layer4,composites,ri,0.833246061670193,2.38041478832823,1.0003851104364114,0.8338589561432155
position_three,1009,trained,ONE_END_layer4,composites,rci,0.8700195704853896,1.5626969246064757,1.000036686463934,0.8704973060498296
position_three,1009,trained,ONE_END_numeric_contrast,generators,c,0.8542937685679954,2.5277052609581223,0.9899996540138193,0.8542937685679952
position_three,1009,trained,ONE_END_numeric_contrast,generators,r,0.8461647152273233,2.528886901384523,1.005239480719429,0.8461647152273232
position_three,1009,trained,ONE_END_numeric_contrast,generators,i,0.6388841926659588,2.2943260710724687,1.0110845945693567,0.6388841926659585
position_three,1009,trained,ONE_END_numeric_contrast,composites,rc,0.9373588732137083,2.3641041497042155,0.9996919773612625,0.9373588732137081
position_three,1009,trained,ONE_END_numeric_contrast,composites,ci,0.8940426056800219,2.3767534372008594,0.9996656629453806,0.8940426056800218
position_three,1009,trained,ONE_END_numeric_contrast,composites,ri,0.8983839053509515,2.3767534372008594,1.0004066139981014,0.8983839053509515
position_three,1009,trained,ONE_END_numeric_contrast,composites,rci,0.9277559544688876,1.5314707424789535,1.0000231428273985,0.9277559544688875
position_three,1009,trained,ONE_END_numeric_null,generators,c,0.7704619557723209,2.478939101821789,1.0018192923043787,0.7734044464680092
position_three,1009,trained,ONE_END_numeric_null,generators,r,0.7036838297744581,2.714143317085758,1.0046694319627862,0.7074823616335418
position_three,1009,trained,ONE_END_numeric_null,generators,i,0.3997238755455277,2.0036883731705895,1.0024581131033508,0.4074189263463397
position_three,1009,trained,ONE_END_numeric_null,composites,rc,0.8152885140292044,2.324402437489883,0.9998851091500756,0.8176563647734439
position_three,1009,trained,ONE_END_numeric_null,composites,ci,0.7824569707807245,2.3949245433873667,1.0001342671406666,0.7852456951577371
position_three,1009,trained,ONE_END_numeric_null,composites,ri,0.773099258239705,2.3949245433873667,0.999693538954076,0.7760079408666782
position_three,1009,trained,ONE_END_numeric_null,composites,rci,0.834836104309674,1.6889776836572474,1.0000177237370331,0.8369533708742105
position_three,1009,trained,source_query_concat_layer1,generators,c,0.7251136609099262,2.915467908108448,1.005218859534453,0.7265343722677138
position_three,1009,trained,source_query_concat_layer1,generators,r,0.7243689065851511,2.955253482359287,0.9864973769218983,0.7257934671008541
position_three,1009,trained,source_query_concat_layer1,generators,i,0.1933589023569993,0.7128378306538827,0.974297290770367,0.19752791334849898
position_three,1009,trained,source_query_concat_layer1,composites,rc,0.9425801143336221,1.9889748305554158,0.9996526055838928,0.9428768809317698
position_three,1009,trained,source_query_concat_layer1,composites,ci,0.7454163326144579,2.89628220545785,1.000758946830172,0.7467321124708127
position_three,1009,trained,source_query_concat_layer1,composites,ri,0.7408636905167093,2.8962822054578505,0.9998692023063569,0.7422030000630356
position_three,1009,trained,source_query_concat_layer1,composites,rci,0.9402439085831996,1.634901537407267,0.9999986652878151,0.9405527495319853
position_three,1009,trained,source_query_concat_layer2,generators,c,0.6190124228746839,2.591483858221535,1.0030772864855175,0.6220243429910185
position_three,1009,trained,source_query_concat_layer2,generators,r,0.49649171004073833,2.836176556448997,1.0159378977276134,0.5004722249927279
position_three,1009,trained,source_query_concat_layer2,generators,i,0.27042235382848323,2.2091371754459375,0.9992897024399221,0.2761900736200642
position_three,1009,trained,source_query_concat_layer2,composites,rc,0.610599123545788,2.3660417364637354,0.9990998464227839,0.613677555504017
position_three,1009,trained,source_query_concat_layer2,composites,ci,0.6088309816786538,2.515574008825037,1.000295441605752,0.6119233917883444
position_three,1009,trained,source_query_concat_layer2,composites,ri,0.6346450876381815,2.515574008825037,1.0000131922928124,0.6375334227866587
position_three,1009,trained,source_query_concat_layer2,composites,rci,0.5936668699095007,0.9660126557697212,0.9999742259433575,0.5968791608132807
position_three,1009,trained,source_query_concat_layer3,generators,c,0.6912618737782468,2.59443516897156,1.0009157945671574,0.6946793700869686
position_three,1009,trained,source_query_concat_layer3,generators,r,0.6405242542553113,2.6391769931121414,1.0134648242729016,0.6445033774338819
position_three,1009,trained,source_query_concat_layer3,generators,i,0.20563908625312355,2.628375769364085,1.0108777998311231,0.2144320575772194
position_three,1009,trained,source_query_concat_layer3,composites,rc,0.6791140508252841,2.6873570430151403,0.9995577903086112,0.6826660142975167
position_three,1009,trained,source_query_concat_layer3,composites,ci,0.7105174199293609,2.5564611206140557,1.0003728968592847,0.7137217719831143
position_three,1009,trained,source_query_concat_layer3,composites,ri,0.7115944843575126,2.5564611206140557,1.0000023234208073,0.7147869141269907
position_three,1009,trained,source_query_concat_layer3,composites,rci,0.6606715258720111,0.33773278430896103,0.9999811115241095,0.6644276340727314
position_three,1009,trained,source_query_concat_layer4,generators,c,0.681329583013287,2.7750034904166503,1.0055581745140743,0.6880031685317469
position_three,1009,trained,source_query_concat_layer4,generators,r,0.6588230146807647,2.793408046946929,1.0086926079335403,0.6659679320219722
position_three,1009,trained,source_query_concat_layer4,generators,i,0.3159298214478382,2.3372221958688444,1.014898276342154,0.3302555969006194
position_three,1009,trained,source_query_concat_layer4,composites,rc,0.7265341932261874,2.3700538070258723,1.0003948495391786,0.7322611052663337
position_three,1009,trained,source_query_concat_layer4,composites,ci,0.7293876841053881,2.7613436809588294,1.0000669169028888,0.7350548384322563
position_three,1009,trained,source_query_concat_layer4,composites,ri,0.7270465673932116,2.7613436809588294,0.9999768403659911,0.7327627493101998
position_three,1009,trained,source_query_concat_layer4,composites,rci,0.7128545867664279,0.20162509782404534,0.9999829650557653,0.7188679766805837
position_three,1009,trained,source_query_concat_numeric_contrast,generators,c,0.6831327084027315,2.784385455194899,1.0059791330862862,0.6840799001065826
position_three,1009,trained,source_query_concat_numeric_contrast,generators,r,0.6730658571277573,2.7915469555728882,1.0085875364446955,0.6740431410445455
position_three,1009,trained,source_query_concat_numeric_contrast,generators,i,0.3141769734880564,2.3652201329986267,1.015086408545938,0.316227061642462
position_three,1009,trained,source_query_concat_numeric_contrast,composites,rc,0.7341529730279565,2.3755360262785463,1.0003078340662939,0.7349476530252894
position_three,1009,trained,source_query_concat_numeric_contrast,composites,ci,0.7341105686002426,2.7803895932709684,0.9999782938402602,0.7349053753544961
position_three,1009,trained,source_query_concat_numeric_contrast,composites,ri,0.732759091456761,2.7803895932709684,0.9999999749628445,0.7335579380976552
position_three,1009,trained,source_query_concat_numeric_contrast,composites,rci,0.7219329742422192,0.12253224341310417,0.9999969764080047,0.7227641827225412
position_three,1009,trained,source_query_concat_numeric_null,generators,c,0.7366194353991884,2.6399849181401547,1.0017341017645895,0.7654430468900029
position_three,1009,trained,source_query_concat_numeric_null,generators,r,0.6400984159502792,2.7857546534785906,1.0064362620099971,0.6794850102090491
position_three,1009,trained,source_query_concat_numeric_null,generators,i,0.44928661420434207,1.9728642207962377,1.0085098460285866,0.5095551032594231
position_three,1009,trained,source_query_concat_numeric_null,composites,rc,0.7881187634107207,2.3016907350583207,0.9996640480182287,0.8113064365592654
position_three,1009,trained,source_query_concat_numeric_null,composites,ci,0.7784111266463223,2.5106494722364934,1.0002591638135967,0.8026611756425875
position_three,1009,trained,source_query_concat_numeric_null,composites,ri,0.7725126297745919,2.5106494722364925,0.9998918106273357,0.7974081933040507
position_three,1009,trained,source_query_concat_numeric_null,composites,rci,0.7862934032448721,1.2784065280537105,0.9999760155072901,0.8096808385601161
position_three,2027,random,ONE_END_layer1,generators,c,0.9579835080567188,2.4056511345054443,1.0055203803914265,0.963867587895144
position_three,2027,random,ONE_END_layer1,generators,r,0.9570904764707915,2.3944407241411927,1.0072031841748543,0.963099618371916
position_three,2027,random,ONE_END_layer1,generators,i,0.9423834592862246,2.1594844224386303,1.00666797106304,0.9504522034838927
position_three,2027,random,ONE_END_layer1,composites,rc,1.002304315319207,2.329312427493521,0.9999645901960328,1.0019816140492053
position_three,2027,random,ONE_END_layer1,composites,ci,0.9938241642578854,2.2746210741135626,1.000016935531276,0.9946890415690295
position_three,2027,random,ONE_END_layer1,composites,ri,0.9943070739485416,2.274621074113562,0.9999886357388822,0.9951043235486807
position_three,2027,random,ONE_END_layer1,composites,rci,1.0000730699459273,2.1618691431940866,1.0000012946933567,1.0000628370736493
position_three,2027,random,ONE_END_layer2,generators,c,0.9592906471121914,2.1248255649360797,1.004577724467183,0.9603846894127289
position_three,2027,random,ONE_END_layer2,generators,r,0.22050736562108728,3.7345440678460897,1.0071477056589582,0.2414558173765887
position_three,2027,random,ONE_END_layer2,generators,i,0.9195212985913376,1.988414526640303,1.0030042546220055,0.9216841210728458
position_three,2027,random,ONE_END_layer2,composites,rc,0.9721695973720164,1.9871746232253056,1.0000487550662702,0.972917524704586
position_three,2027,random,ONE_END_layer2,composites,ci,0.9534798313506019,2.0838801093481294,0.9998664149458519,0.9547300362475167
position_three,2027,random,ONE_END_layer2,composites,ri,0.9843082899923709,2.0838801093481294,1.000134730322337,0.9847299963890171
position_three,2027,random,ONE_END_layer2,composites,rci,0.9840085582887335,1.9972809986559628,1.000001977108379,0.984438319816187
position_three,2027,random,ONE_END_layer3,generators,c,0.9403257711011422,2.147859326139126,1.004806450796249,0.9418088055324245
position_three,2027,random,ONE_END_layer3,generators,r,0.22020808862827898,3.651270352830805,1.002186827958525,0.23958761434882875
position_three,2027,random,ONE_END_layer3,generators,i,0.9155822693719851,1.99997347870065,1.0036977555703968,0.9176802336597888
position_three,2027,random,ONE_END_layer3,composites,rc,0.9600425664523088,2.000575196740067,1.000070635860063,0.9610355956180033
position_three,2027,random,ONE_END_layer3,composites,ci,0.9483326436460021,2.0937353962200778,0.9999296581681826,0.9496166898726597
position_three,2027,random,ONE_END_layer3,composites,ri,0.9771971861876331,2.0937353962200773,1.000089386674429,0.9777638857267453
position_three,2027,random,ONE_END_layer3,composites,rci,0.9759298416056894,2.0128508531491964,1.0000024298138572,0.9765280374152352
position_three,2027,random,ONE_END_layer4,generators,c,0.9345764508579999,2.1514363141097177,1.0040175401279767,0.9362156699996209
position_three,2027,random,ONE_END_layer4,generators,r,0.23348904350496064,3.608134796057583,1.0010966684064484,0.25269435181713784
position_three,2027,random,ONE_END_layer4,generators,i,0.9167210562376767,2.021018055529921,1.0039341882463304,0.9188076510571184
position_three,2027,random,ONE_END_layer4,composites,rc,0.9569146659232223,2.0136257411388327,1.0000673477467186,0.9579941901200599
position_three,2027,random,ONE_END_layer4,composites,ci,0.948700410892506,2.092898651535638,0.9999913355724787,0.9499857472816979
position_three,2027,random,ONE_END_layer4,composites,ri,0.9709120283135121,2.0928986515356383,1.0001077597019572,0.9716408417240462
position_three,2027,random,ONE_END_layer4,composites,rci,0.9739824583868745,2.019987790092671,1.0000082485852664,0.9746343406645782
position_three,2027,random,ONE_END_numeric_contrast,generators,c,0.9712293348285999,2.1523940123063188,1.0015499663114318,0.9712293348285999
position_three,2027,random,ONE_END_numeric_contrast,generators,r,0.3373573871681779,3.587884701599424,0.9972998903179594,0.33735738716817787
position_three,2027,random,ONE_END_numeric_contrast,generators,i,0.9585093998985046,2.007560924588404,1.003454033995339,0.9585093998985045
position_three,2027,random,ONE_END_numeric_contrast,composites,rc,0.9858004156561191,2.027650737509381,1.0000811274879442,0.9858004156561191
position_three,2027,random,ONE_END_numeric_contrast,composites,ci,0.9749220823411733,2.0976174634375804,1.0000525928913595,0.9749220823411734
position_three,2027,random,ONE_END_numeric_contrast,composites,ri,0.9832239957926645,2.0976174634375804,0.9999861876205018,0.9832239957926644
position_three,2027,random,ONE_END_numeric_contrast,composites,rci,0.9891995797034306,2.029274697121311,1.0000010527620988,0.9891995797034308
position_three,2027,random,ONE_END_numeric_null,generators,c,0.9352146169660852,2.1518506837104354,1.004107860145333,0.9367628527044506
position_three,2027,random,ONE_END_numeric_null,generators,r,0.2358019833289067,3.607584981720151,1.0016707231122353,0.25406472447807665
position_three,2027,random,ONE_END_numeric_null,generators,i,0.9162648635146513,2.023367121523698,1.0039482195911946,0.9182659588974733
position_three,2027,random,ONE_END_numeric_null,composites,rc,0.9561521116098133,2.0124029239997125,1.0000593443430135,0.9571999848287153
position_three,2027,random,ONE_END_numeric_null,composites,ci,0.9487801701646967,2.0929006201566005,0.9999766652650379,0.9500042174320024
position_three,2027,random,ONE_END_numeric_null,composites,ri,0.9708339306054744,2.0929006201566005,1.0001141783358074,0.9715309389254007
position_three,2027,random,ONE_END_numeric_null,composites,rci,0.9742876365722197,2.018993048732801,1.0000083987868134,0.9749021085119147
position_three,2027,random,source_query_concat_layer1,generators,c,0.9542925995659366,2.4293979572412963,1.005551290915267,0.9606227203047951
position_three,2027,random,source_query_concat_layer1,generators,r,0.966575052549882,2.3648424512839705,1.0074706129295037,0.9712041487364934
position_three,2027,random,source_query_concat_layer1,generators,i,0.9446500579871382,2.14772742104456,1.0065667568508647,0.9523155960073035
position_three,2027,random,source_query_concat_layer1,composites,rc,1.0029169267983906,2.330490303789667,1.000062546931028,1.002512955042288
position_three,2027,random,source_query_concat_layer1,composites,ci,0.998124257243918,2.28026841189125,0.9999684509771898,0.9983840330790842
position_three,2027,random,source_query_concat_layer1,composites,ri,0.9980297560858763,2.28026841189125,1.0000450049952947,0.9983026195990703
position_three,2027,random,source_query_concat_layer1,composites,rci,1.000169033283134,2.1670050428580065,1.0000070063090059,1.0001456234833868
position_three,2027,random,source_query_concat_layer2,generators,c,0.9581873355146018,2.127677718365287,1.0036994291491068,0.9592798157705201
position_three,2027,random,source_query_concat_layer2,generators,r,0.22347496435838032,3.7286208910867034,1.0081223748089105,0.24376399114262146
position_three,2027,random,source_query_concat_layer2,generators,i,0.9210374371139372,1.9812969557681384,1.0040193076000203,0.923100568989684
position_three,2027,random,source_query_concat_layer2,composites,rc,0.9709439791190541,1.985977394223662,1.0000382127102623,0.9717031541087049
position_three,2027,random,source_query_concat_layer2,composites,ci,0.955582228155415,2.0925078395859744,0.9998665167634712,0.9567427745915085
position_three,2027,random,source_query_concat_layer2,composites,ri,0.9814861924071161,2.092507839585975,1.00013132353097,0.9819699207106342
position_three,2027,random,source_query_concat_layer2,composites,rci,0.9849409447529507,1.9914113613842586,0.999998236105297,0.9853344073732515
position_three,2027,random,source_query_concat_layer3,generators,c,0.9471699319771045,2.1435303074219663,1.0039540688123385,0.9484203111892605
position_three,2027,random,source_query_concat_layer3,generators,r,0.2223054921852494,3.6443932072397605,1.0038065025300593,0.24071192402171915
position_three,2027,random,source_query_concat_layer3,generators,i,0.9207386760036298,2.0056332107360015,1.0041345142829947,0.9226146287623898
position_three,2027,random,source_query_concat_layer3,composites,rc,0.9645118134376937,2.0065692073020176,1.0000243096064967,0.9653517459309736
position_three,2027,random,source_query_concat_layer3,composites,ci,0.9510081934501371,2.0948206963768063,0.9999351891643226,0.9521677288959246
position_three,2027,random,source_query_concat_layer3,composites,ri,0.9759087351380172,2.0948206963768063,1.0001154402401566,0.9764789259006887
position_three,2027,random,source_query_concat_layer3,composites,rci,0.9775693041803423,2.010232674546643,0.9999996447507464,0.978100192684119
position_three,2027,random,source_query_concat_layer4,generators,c,0.9369834376811842,2.153005871128351,1.0036601094495314,0.9384708873776548
position_three,2027,random,source_query_concat_layer4,generators,r,0.23632033282831252,3.601255521782187,1.0013530290596346,0.2543463096086427
position_three,2027,random,source_query_concat_layer4,generators,i,0.9183924459811273,2.025108482300816,1.0050289961606074,0.9203187194398562
position_three,2027,random,source_query_concat_layer4,composites,rc,0.9566180571820294,2.0144149122893764,1.00003902106829,0.9576420492136866
position_three,2027,random,source_query_concat_layer4,composites,ci,0.9492896197379557,2.0936990441868306,1.000028145015508,0.9504865929931305
position_three,2027,random,source_query_concat_layer4,composites,ri,0.9702477629234141,2.093699044186831,1.0001063337508271,0.9709500379187554
position_three,2027,random,source_query_concat_layer4,composites,rci,0.9736354113870718,2.018817124125608,1.0000074112744273,0.9742577239646996
position_three,2027,random,source_query_concat_numeric_contrast,generators,c,0.9271157013036834,2.152836913922448,1.0031381506901493,0.9271164775763541
position_three,2027,random,source_query_concat_numeric_contrast,generators,r,0.3110854639772624,3.5889780989385582,0.9991830602541718,0.31109280143589674
position_three,2027,random,source_query_concat_numeric_contrast,generators,i,0.9363875583675961,2.009334106299827,1.006281470412265,0.9363882358880066
position_three,2027,random,source_query_concat_numeric_contrast,composites,rc,0.9462031174079915,2.022077919821603,1.0000873332486016,0.9462036903853059
position_three,2027,random,source_query_concat_numeric_contrast,composites,ci,0.9612257392748742,2.0991983377213566,1.0000244324832048,0.9612261522499521
position_three,2027,random,source_query_concat_numeric_contrast,composites,ri,0.985121457081456,2.0991983377213566,0.9999765913112354,0.9851216155491432
position_three,2027,random,source_query_concat_numeric_contrast,composites,rci,0.9874532570432935,2.02837628557485,1.0000043884386618,0.987453390675555
position_three,2027,random,source_query_concat_numeric_null,generators,c,0.9367288154327829,2.1536623536961463,1.003515790308177,0.9381638318558284
position_three,2027,random,source_query_concat_numeric_null,generators,r,0.23815232362124794,3.5995463595783703,1.0014987070972687,0.25543134147022056
position_three,2027,random,source_query_concat_numeric_null,generators,i,0.9207422597306361,2.0280954663211155,1.0050893587969265,0.9225398577955055
position_three,2027,random,source_query_concat_numeric_null,composites,rc,0.9563823290269845,2.014059220752552,1.0000241219000676,0.9573715956988418
position_three,2027,random,source_query_concat_numeric_null,composites,ci,0.9509634735913621,2.0933746835546305,1.000025140166087,0.9520756421275897
position_three,2027,random,source_query_concat_numeric_null,composites,ri,0.9701552131718807,2.0933746835546305,1.0001051045293419,0.9708321051809937
position_three,2027,random,source_query_concat_numeric_null,composites,rci,0.9741382558612363,2.0178872325425536,1.0000064214053432,0.9747248108281075
position_three,2027,trained,ONE_END_layer1,generators,c,0.7844575809273711,2.656193578344572,1.012390282889624,0.7846499180664606
position_three,2027,trained,ONE_END_layer1,generators,r,0.8417245449117375,2.501970838908576,1.0090702050746876,0.8418657804437075
position_three,2027,trained,ONE_END_layer1,generators,i,0.3042876372261532,1.1324702468310646,0.9993974760853443,0.30490844925035204
position_three,2027,trained,ONE_END_layer1,composites,rc,0.9551098139035858,2.6235968395874796,0.9999979134066983,0.9551498712157575
position_three,2027,trained,ONE_END_layer1,composites,ci,0.8683783652532522,2.4638480027420355,1.0000170031922995,0.8684958165130944
position_three,2027,trained,ONE_END_layer1,composites,ri,0.8724815597619344,2.463848002742035,1.000398450050887,0.8725953495768677
position_three,2027,trained,ONE_END_layer1,composites,rci,0.9759736410309124,2.1580724908442352,0.9999913902411587,0.9759950807139537
position_three,2027,trained,ONE_END_layer2,generators,c,0.706123209484362,2.5605667188289223,1.0015059707199372,0.706439695800188
position_three,2027,trained,ONE_END_layer2,generators,r,0.7305914162389621,2.488387877459317,1.004442182665793,0.730881551877019
position_three,2027,trained,ONE_END_layer2,generators,i,0.1906838422719871,2.018877637415125,1.0092559987356624,0.1915554234834473
position_three,2027,trained,ONE_END_layer2,composites,rc,0.7776030296093707,2.7557217935647333,1.0002346070540715,0.7778425367772771
position_three,2027,trained,ONE_END_layer2,composites,ci,0.7442285688243674,2.4104988672996153,0.999833872105711,0.7445040181301947
position_three,2027,trained,ONE_END_layer2,composites,ri,0.7509162407585587,2.4104988672996157,1.000031592138204,0.7511844878738074
position_three,2027,trained,ONE_END_layer2,composites,rci,0.7703403286408347,1.3554482381326713,0.9999580524432531,0.7705876572684365
position_three,2027,trained,ONE_END_layer3,generators,c,0.7295571559488531,2.5453837777749224,1.0014745064765187,0.7301243487968216
position_three,2027,trained,ONE_END_layer3,generators,r,0.7220710305546187,2.604942016834645,1.0025159905294798,0.7226539238615789
position_three,2027,trained,ONE_END_layer3,generators,i,0.2814001308904208,2.0378773676824165,1.0020641625005235,0.2829072319850718
position_three,2027,trained,ONE_END_layer3,composites,rc,0.7889199491193178,2.6434002321751398,1.0004201588943047,0.7893626419020698
position_three,2027,trained,ONE_END_layer3,composites,ci,0.7653111032934482,2.4588083245851258,0.9999725847288357,0.765803310303682
position_three,2027,trained,ONE_END_layer3,composites,ri,0.7437889853204571,2.4588083245851258,1.0000660837499402,0.7443263301173102
position_three,2027,trained,ONE_END_layer3,composites,rci,0.7732297115125817,1.2507799563626258,1.0000008623238072,0.7737053110286756
position_three,2027,trained,ONE_END_layer4,generators,c,0.8202754644915571,2.494762466282903,1.0030913513858561,0.8211300533711524
position_three,2027,trained,ONE_END_layer4,generators,r,0.8001390981121261,2.6142769092058495,0.9957677110468842,0.8010894352696883
position_three,2027,trained,ONE_END_layer4,generators,i,0.5865077330346206,2.3090337435197976,0.9978853552941834,0.5884738858036214
position_three,2027,trained,ONE_END_layer4,composites,rc,0.8826822995551746,2.5483301878019904,1.001112322784846,0.8832401443808474
position_three,2027,trained,ONE_END_layer4,composites,ci,0.8810345548993096,2.4667774985643773,1.0004371828139331,0.8816002347390239
position_three,2027,trained,ONE_END_layer4,composites,ri,0.8675367761241346,2.4667774985643773,1.0000506052044509,0.8681666378052869
position_three,2027,trained,ONE_END_layer4,composites,rci,0.8798046635639376,1.100041696060706,1.0001650684612844,0.8803761915281462
position_three,2027,trained,ONE_END_numeric_contrast,generators,c,0.8955167774905067,2.463348252539816,1.0007929709458938,0.8955167774905067
position_three,2027,trained,ONE_END_numeric_contrast,generators,r,0.8536094262011072,2.6334930619695425,0.991500963499685,0.8536094262011074
position_three,2027,trained,ONE_END_numeric_contrast,generators,i,0.7588302939614979,2.5158393135670307,0.9920646393402962,0.7588302939614979
position_three,2027,trained,ONE_END_numeric_contrast,composites,rc,0.9690777985175134,2.5404613241641636,1.0009164941858384,0.9690777985175135
position_three,2027,trained,ONE_END_numeric_contrast,composites,ci,0.9568114056847384,2.4762080954688215,1.0006056219648163,0.9568114056847382
position_three,2027,trained,ONE_END_numeric_contrast,composites,ri,0.9552035937012437,2.4762080954688215,1.0001480047385407,0.9552035937012439
position_three,2027,trained,ONE_END_numeric_contrast,composites,rci,0.9505257641603639,0.8944418568218022,1.0001271760936528,0.950525764160364
position_three,2027,trained,ONE_END_numeric_null,generators,c,0.7780966991969828,2.5871720245277214,1.005367228048132,0.7810073290302904
position_three,2027,trained,ONE_END_numeric_null,generators,r,0.7805349990124395,2.5568422097229044,1.0102613210135345,0.7834136464995641
position_three,2027,trained,ONE_END_numeric_null,generators,i,0.3073540272139385,1.697312223295313,0.9970753741734557,0.3164392279523495
position_three,2027,trained,ONE_END_numeric_null,composites,rc,0.8712093038948816,2.5698432329119236,1.0003641315025642,0.8728986074833341
position_three,2027,trained,ONE_END_numeric_null,composites,ci,0.814041228415401,2.438515457572696,0.9999557769899513,0.81648038613131
position_three,2027,trained,ONE_END_numeric_null,composites,ri,0.818290814443591,2.4385154575726955,1.0002629732883421,0.8206742317904829
position_three,2027,trained,ONE_END_numeric_null,composites,rci,0.8713944617473826,1.7117993943967458,0.9999849342516693,0.8730813366835015
position_three,2027,trained,source_query_concat_layer1,generators,c,0.3945395813079039,2.83186297820739,0.995402875407792,0.39915274868058837
position_three,2027,trained,source_query_concat_layer1,generators,r,0.5605044882573905,2.328657208582666,1.00680204342524,0.5638531239280625
position_three,2027,trained,source_query_concat_layer1,generators,i,0.5211509227354333,2.4629827753846603,1.015530805728566,0.5247994039102207
position_three,2027,trained,source_query_concat_layer1,composites,rc,0.6527590953768545,2.485925961154224,0.9995790722603703,0.6554048181395898
position_three,2027,trained,source_query_concat_layer1,composites,ci,0.6918897118167437,2.0988433511975244,1.000529210939978,0.6942372877849728
position_three,2027,trained,source_query_concat_layer1,composites,ri,0.6975021073789184,2.0988433511975244,0.999807637332067,0.699806920981036
position_three,2027,trained,source_query_concat_layer1,composites,rci,0.7822969954783621,1.6928843742760113,1.0000143736001672,0.7839557337978117
position_three,2027,trained,source_query_concat_layer2,generators,c,0.6028729024516606,2.387776981193397,0.9959515951994843,0.6050233476289966
position_three,2027,trained,source_query_concat_layer2,generators,r,0.5471332671788878,2.546987956870711,1.0083847424289247,0.549585542754096
position_three,2027,trained,source_query_concat_layer2,generators,i,0.2784658239941929,2.9710332710562923,1.016804680546916,0.2823729350894916
position_three,2027,trained,source_query_concat_layer2,composites,rc,0.570113527138786,2.931516406934831,1.0005819691794149,0.5724413644938127
position_three,2027,trained,source_query_concat_layer2,composites,ci,0.634854912997167,2.372473610222119,1.000124740408963,0.6368321754308333
position_three,2027,trained,source_query_concat_layer2,composites,ri,0.635773938703139,2.3724736102221184,0.9998811602409647,0.6377462246081085
position_three,2027,trained,source_query_concat_layer2,composites,rci,0.5287526768011479,0.4177381635005317,1.000059694000312,0.5313044833632325
position_three,2027,trained,source_query_concat_layer3,generators,c,0.6687849265431604,2.546075973004782,0.9997538913114332,0.671943343950778
position_three,2027,trained,source_query_concat_layer3,generators,r,0.6465095662296205,2.5579795517784047,1.006139514467346,0.6498803981419315
position_three,2027,trained,source_query_concat_layer3,generators,i,0.2540234106739534,2.8157648127944843,1.018010166627108,0.2611369318697503
position_three,2027,trained,source_query_concat_layer3,composites,rc,0.6725118599301021,2.799883966161085,0.9998991796465031,0.6756347378583011
position_three,2027,trained,source_query_concat_layer3,composites,ci,0.7108410396819058,2.4949192531590243,1.0001508227982,0.71359841628408
position_three,2027,trained,source_query_concat_layer3,composites,ri,0.7160459278782015,2.4949192531590243,0.9999312115299179,0.7187536714449215
position_three,2027,trained,source_query_concat_layer3,composites,rci,0.654224675009135,0.29045718994319486,1.0000636660639746,0.6575219367979109
position_three,2027,trained,source_query_concat_layer4,generators,c,0.6739532075209042,2.7788263237696755,1.0042471908361736,0.6792945619206342
position_three,2027,trained,source_query_concat_layer4,generators,r,0.6640814802238896,2.772879306014222,0.9985068442385181,0.6695845549510301
position_three,2027,trained,source_query_concat_layer4,generators,i,0.3136906373426714,2.387405297134539,1.0200653956342083,0.3249338748728818
position_three,2027,trained,source_query_concat_layer4,composites,rc,0.7262960298399992,2.383950579969036,1.000167052943583,0.7307798951592123
position_three,2027,trained,source_query_concat_layer4,composites,ci,0.7264606982518146,2.7520612658090404,1.0000416250620479,0.7309418659449007
position_three,2027,trained,source_query_concat_layer4,composites,ri,0.7269368303699428,2.7520612658090404,1.0001394314485432,0.7314101979851177
position_three,2027,trained,source_query_concat_layer4,composites,rci,0.7132430061778072,0.17281596149444683,1.0000203369432097,0.7179407083663779
position_three,2027,trained,source_query_concat_numeric_contrast,generators,c,0.6782234304754488,2.7892065277830618,1.0043394621821429,0.6789287407638382
position_three,2027,trained,source_query_concat_numeric_contrast,generators,r,0.6699994604269705,2.774059125700847,0.9978535154720851,0.6707227970455404
position_three,2027,trained,source_query_concat_numeric_contrast,generators,i,0.30116195373077,2.3930755100025882,1.0203976032299578,0.30269375470894566
position_three,2027,trained,source_query_concat_numeric_contrast,composites,rc,0.7311520461133503,2.394129258510172,1.0001450440479873,0.7317413408160965
position_three,2027,trained,source_query_concat_numeric_contrast,composites,ci,0.7311146168907378,2.7744502996041454,1.000056105234323,0.731703993635554
position_three,2027,trained,source_query_concat_numeric_contrast,composites,ri,0.7300490678289545,2.7744502996041454,1.0001380234857404,0.7306407801779983
position_three,2027,trained,source_query_concat_numeric_contrast,composites,rci,0.7202520173674324,0.10062897879503999,1.0000172651250385,0.7208652041218268
position_three,2027,trained,source_query_concat_numeric_null,generators,c,0.6861411672040265,2.634057060138663,0.9997303100690994,0.714957192694364
position_three,2027,trained,source_query_concat_numeric_null,generators,r,0.6408767862680997,2.738090026764597,1.00243295307322,0.6738486277449893
position_three,2027,trained,source_query_concat_numeric_null,generators,i,0.5322276049777369,2.3018952524871117,1.0122802999433103,0.5751747514338642
position_three,2027,trained,source_query_concat_numeric_null,composites,rc,0.7624657561812219,2.2575672495627956,1.000096940118839,0.7842742640499792
position_three,2027,trained,source_query_concat_numeric_null,composites,ci,0.7638755836221212,2.4610394451611444,0.9996627458864616,0.7855546523315213
position_three,2027,trained,source_query_concat_numeric_null,composites,ri,0.7645154476140166,2.4610394451611444,0.9998166577869392,0.7861357690932161
position_three,2027,trained,source_query_concat_numeric_null,composites,rci,0.7519063626909638,1.1463115207245442,1.0000050990044702,0.7746843502116626
position_three,3037,random,ONE_END_layer1,generators,c,0.9619556690092717,2.3698534292724474,1.0035505748697595,0.9672040906608951
position_three,3037,random,ONE_END_layer1,generators,r,0.9658647303289227,2.363971900446064,1.0068195960973174,0.9705738757852945
position_three,3037,random,ONE_END_layer1,generators,i,0.9644325722378081,2.1880643171905154,1.0045688869134646,0.9693392916648139
position_three,3037,random,ONE_END_layer1,composites,rc,1.0009585762672335,2.3227241082689614,1.0000466992361534,1.0008263354759075
position_three,3037,random,ONE_END_layer1,composites,ci,0.9992729014128173,2.2915423217425004,0.9999114321443343,0.9993732086036248
position_three,3037,random,ONE_END_layer1,composites,ri,0.9996354683626203,2.2915423217425004,0.9999164031040323,0.9996857574776736
position_three,3037,random,ONE_END_layer1,composites,rci,1.000033584640149,2.172301601337013,0.9999970160602353,1.000028951457019
position_three,3037,random,ONE_END_layer2,generators,c,0.9569637299767659,2.068739464214333,1.0011519426177404,0.9579753595019945
position_three,3037,random,ONE_END_layer2,generators,r,0.2067569738273181,3.745269150296383,1.0075233744405991,0.22540329390861125
position_three,3037,random,ONE_END_layer2,generators,i,0.9324611131580667,1.9842150157253418,1.002384976561687,0.9340487119902494
position_three,3037,random,ONE_END_layer2,composites,rc,0.9736532716319454,2.035323894095536,0.999990726359469,0.9742725894375062
position_three,3037,random,ONE_END_layer2,composites,ci,0.963414777727721,2.0849040691830103,0.999984978770514,0.964274766082142
position_three,3037,random,ONE_END_layer2,composites,ri,0.9934036423646521,2.08490406918301,0.9999633574308697,0.9935586992536268
position_three,3037,random,ONE_END_layer2,composites,rci,0.9916480613391713,1.9966443373023879,0.9999970973447345,0.9918443856892515
position_three,3037,random,ONE_END_layer3,generators,c,0.9547617505894557,2.080493051799921,1.0015930993086772,0.9557402281401338
position_three,3037,random,ONE_END_layer3,generators,r,0.1988481715334705,3.660405421824452,1.0093941411182483,0.21617662895730505
position_three,3037,random,ONE_END_layer3,generators,i,0.9381685445852563,2.0054384325844503,1.002405561610748,0.9395059237243129
position_three,3037,random,ONE_END_layer3,composites,rc,0.9746527879275965,2.0569320832339595,1.0000021933034324,0.9752010336777813
position_three,3037,random,ONE_END_layer3,composites,ci,0.9657998890567413,2.099584363313805,0.9999391744107764,0.966539617963689
position_three,3037,random,ONE_END_layer3,composites,ri,0.9874556065214936,2.099584363313805,1.0000397864051127,0.9877269346026092
position_three,3037,random,ONE_END_layer3,composites,rci,0.9865501563217682,1.9975622839296074,0.9999993006464273,0.9868410687746318
position_three,3037,random,ONE_END_layer4,generators,c,0.9493928505160327,2.097600276149888,1.001583360018111,0.9504358389420552
position_three,3037,random,ONE_END_layer4,generators,r,0.21892511876129872,3.594322376573987,1.0127468839591125,0.2350226873715818
position_three,3037,random,ONE_END_layer4,generators,i,0.9386606925976964,2.0240295272926194,1.0028438360668757,0.9399248655126544
position_three,3037,random,ONE_END_layer4,composites,rc,0.9702321777813389,2.065796002544941,1.0000319398025672,0.9708456779361302
position_three,3037,random,ONE_END_layer4,composites,ci,0.9684666467079245,2.105317373020431,0.9999764161885665,0.9691165335885864
position_three,3037,random,ONE_END_layer4,composites,ri,0.9834128453132304,2.105317373020431,1.0000499713826407,0.9837546984018823
position_three,3037,random,ONE_END_layer4,composites,rci,0.9861142728609229,2.0076170713977013,0.9999983600557125,0.9864004508583134
position_three,3037,random,ONE_END_numeric_contrast,generators,c,0.9690783749782587,2.0965822585453555,1.000765907355706,0.9690783749782587
position_three,3037,random,ONE_END_numeric_contrast,generators,r,0.33049493800268914,3.5843579308331317,1.0036385326677533,0.3304949380026891
position_three,3037,random,ONE_END_numeric_contrast,generators,i,0.9588778710994451,2.0005577858436605,0.9999935871332482,0.9588778710994449
position_three,3037,random,ONE_END_numeric_contrast,composites,rc,0.9853157674233665,2.0804021937529487,0.9999188446083301,0.985315767423366
position_three,3037,random,ONE_END_numeric_contrast,composites,ci,0.9777419146853595,2.120428037577247,0.999903462151248,0.9777419146853593
position_three,3037,random,ONE_END_numeric_contrast,composites,ri,0.9912770814360953,2.120428037577247,1.0000182522796017,0.991277081436095
position_three,3037,random,ONE_END_numeric_contrast,composites,rci,0.9916197490672728,1.9972437558704097,0.9999983102311981,0.9916197490672728
position_three,3037,random,ONE_END_numeric_null,generators,c,0.9514744726938906,2.0984749813020693,1.0013888681729437,0.9524090452515651
position_three,3037,random,ONE_END_numeric_null,generators,r,0.22173128544210718,3.592579019941465,1.0138158293169013,0.23672027419711678
position_three,3037,random,ONE_END_numeric_null,generators,i,0.9402733739231316,2.027211355643397,1.0028253662965463,0.9414236729264129
position_three,3037,random,ONE_END_numeric_null,composites,rc,0.9706583492384515,2.0645379122193943,1.0000413037747633,0.971223451837453
position_three,3037,random,ONE_END_numeric_null,composites,ci,0.9715326178877921,2.1039512956075437,0.9999865064134577,0.972080882596861
position_three,3037,random,ONE_END_numeric_null,composites,ri,0.9856372059184573,2.103951295607544,1.0000387116670746,0.9859138247198451
position_three,3037,random,ONE_END_numeric_null,composites,rci,0.9873059412760291,2.009294139678587,0.9999986169414197,0.9875504212350843
position_three,3037,random,source_query_concat_layer1,generators,c,0.9659433786502579,2.349228182232538,1.0079416239591061,0.9706967847041033
position_three,3037,random,source_query_concat_layer1,generators,r,0.9632738242100911,2.3935734767738706,1.0074328068562568,0.9683998296509
position_three,3037,random,source_query_concat_layer1,generators,i,0.940960955073538,2.18358049238815,1.005087858057395,0.949201248515589
position_three,3037,random,source_query_concat_layer1,composites,rc,1.0021633010491435,2.326577333182081,0.9999426602830885,1.0018613612824918
position_three,3037,random,source_query_concat_layer1,composites,ci,0.9964077544830049,2.284042485866708,1.000066421292526,0.9969091372071465
position_three,3037,random,source_query_concat_layer1,composites,ri,0.9967327006409401,2.284042485866707,1.0000689194214558,0.9971887294523007
position_three,3037,random,source_query_concat_layer1,composites,rci,1.000263106337375,2.178955543689946,0.9999938517113517,1.0002263836324408
position_three,3037,random,source_query_concat_layer2,generators,c,0.9623619394327145,2.075172822016833,1.001816271918637,0.9633409559252998
position_three,3037,random,source_query_concat_layer2,generators,r,0.21503956643526273,3.73662180593605,1.007928565910932,0.23545744129129711
position_three,3037,random,source_query_concat_layer2,generators,i,0.9475970063535629,1.9927497892504447,1.002694189984683,0.9489600785806501
position_three,3037,random,source_query_concat_layer2,composites,rc,0.9770087773622993,2.034961539114515,1.0000119507752692,0.9776068099337908
position_three,3037,random,source_query_concat_layer2,composites,ci,0.9678855229523113,2.081885511801532,1.000047145341111,0.9687208636209472
position_three,3037,random,source_query_concat_layer2,composites,ri,0.9952236369493228,2.0818855118015316,0.9999811583448965,0.9953478765655707
position_three,3037,random,source_query_concat_layer2,composites,rci,0.9923554189775721,1.996723020079094,0.9999972580104645,0.9925542647944674
position_three,3037,random,source_query_concat_layer3,generators,c,0.9558316296652402,2.0829845007891645,1.0018578140374053,0.9568700600437162
position_three,3037,random,source_query_concat_layer3,generators,r,0.21080956218945296,3.652234669406191,1.0103233206243754,0.22936400100650803
position_three,3037,random,source_query_concat_layer3,generators,i,0.9485564859339356,2.0136589237071734,1.0023893808153495,0.9497659602110458
position_three,3037,random,source_query_concat_layer3,composites,rc,0.9750343829112882,2.058676150468578,0.9999711679473732,0.9756213426520672
position_three,3037,random,source_query_concat_layer3,composites,ci,0.9694515085563158,2.097045595388326,0.9999749929137677,0.9701697257169516
position_three,3037,random,source_query_concat_layer3,composites,ri,0.9899246397714536,2.097045595388326,1.000065074311049,0.9901615187881827
position_three,3037,random,source_query_concat_layer3,composites,rci,0.9873222211275084,1.9983545648522416,0.9999989460160394,0.9876202848915329
position_three,3037,random,source_query_concat_layer4,generators,c,0.9531084848210227,2.099752768146418,1.001972050060801,0.9541416873791732
position_three,3037,random,source_query_concat_layer4,generators,r,0.23071049310226802,3.5883218568925543,1.0133365613710263,0.24766093463633373
position_three,3037,random,source_query_concat_layer4,generators,i,0.9515986437200202,2.033856920238591,1.0025104938722236,0.9526651139531861
position_three,3037,random,source_query_concat_layer4,composites,rc,0.9755847221045536,2.066323615294592,0.9999895516127114,0.976122685688866
position_three,3037,random,source_query_concat_layer4,composites,ci,0.9735602561693351,2.101122633210038,0.9999956242584521,0.9741428266164283
position_three,3037,random,source_query_concat_layer4,composites,ri,0.9884847047236348,2.1011226332100383,1.00008455878436,0.9887384314904494
position_three,3037,random,source_query_concat_layer4,composites,rci,0.9886471140163268,2.0094995730077687,0.9999985391549506,0.9888972622744061
position_three,3037,random,source_query_concat_numeric_contrast,generators,c,0.9449261751748074,2.1038140257033264,1.00304355898433,0.9449268076552891
position_three,3037,random,source_query_concat_numeric_contrast,generators,r,0.3110098737794213,3.5789481585361824,1.00747909776147,0.31101778630062976
position_three,3037,random,source_query_concat_numeric_contrast,generators,i,0.9477129518535244,2.0217393698462165,1.0007996198818114,0.9477135523300212
position_three,3037,random,source_query_concat_numeric_contrast,composites,rc,0.9687795410402781,2.079593781505723,0.999860200325578,0.9687798995832152
position_three,3037,random,source_query_concat_numeric_contrast,composites,ci,0.9658801852081969,2.107083434240871,0.9999210612125978,0.965880577048004
position_three,3037,random,source_query_concat_numeric_contrast,composites,ri,0.9921084439805332,2.1070834342408706,1.0001537415887427,0.9921085346089794
position_three,3037,random,source_query_concat_numeric_contrast,composites,rci,0.9908084355118532,2.0017377959268106,0.9999926863889363,0.9908085410698959
position_three,3037,random,source_query_concat_numeric_null,generators,c,0.9520494997967215,2.099909526037329,1.0016423009743305,0.9530402420509408
position_three,3037,random,source_query_concat_numeric_null,generators,r,0.23288850033213884,3.5862622739607586,1.013917849992877,0.2487383824646807
position_three,3037,random,source_query_concat_numeric_null,generators,i,0.9515037145473945,2.0355999614822746,1.0025901548539558,0.9525057336914468
position_three,3037,random,source_query_concat_numeric_null,composites,rc,0.9750967355347427,2.0653429116151436,1.0000100555490445,0.975611281082112
position_three,3037,random,source_query_concat_numeric_null,composites,ci,0.9753738514583675,2.1009643216804905,1.000002443353507,0.9758826712999844
position_three,3037,random,source_query_concat_numeric_null,composites,ri,0.9894983937833073,2.1009643216804905,1.0000675964379107,0.9897153755660194
position_three,3037,random,source_query_concat_numeric_null,composites,rci,0.9896489857984464,2.010956683543513,0.9999988198159334,0.9898628560834283
position_three,3037,trained,ONE_END_layer1,generators,c,0.8532501052385132,2.7732674705565405,1.0070231749922272,0.8532771893948387
position_three,3037,trained,ONE_END_layer1,generators,r,0.8194543113563781,2.7092618742558296,1.0064701821223898,0.8194876328634431
position_three,3037,trained,ONE_END_layer1,generators,i,0.10661234845064205,0.38941953080985314,0.9677018282471178,0.10677723204972714
position_three,3037,trained,ONE_END_layer1,composites,rc,1.0391534691960773,2.406622597018622,1.0000814689974988,1.0391462430329368
position_three,3037,trained,ONE_END_layer1,composites,ci,0.8663494750512312,2.715313007684097,0.9997881083213305,0.8663741415882431
position_three,3037,trained,ONE_END_layer1,composites,ri,0.8355336468692272,2.715313007684097,0.9995596666062123,0.8355640007745959
position_three,3037,trained,ONE_END_layer1,composites,rci,1.035555737130379,2.2908025119909605,0.9999990626211792,1.035549174964564
position_three,3037,trained,ONE_END_layer2,generators,c,0.8299763525854266,2.6533593418738146,1.0158418961763342,0.8300415272097248
position_three,3037,trained,ONE_END_layer2,generators,r,0.8127277238103483,2.67030725935042,1.0047815714323058,0.8127995102966857
position_three,3037,trained,ONE_END_layer2,generators,i,0.10173579037790603,0.8326465504928893,0.968798070112501,0.10208011914201026
position_three,3037,trained,ONE_END_layer2,composites,rc,0.968837168038213,2.532447736329054,0.9992615684071118,0.9688491135875293
position_three,3037,trained,ONE_END_layer2,composites,ci,0.8372725696730259,2.621104422554414,1.00058669978358,0.8373349474616208
position_three,3037,trained,ONE_END_layer2,composites,ri,0.8308506075579571,2.6211044225544144,0.9995416137231687,0.8309154470568758
position_three,3037,trained,ONE_END_layer2,composites,rci,0.9742236181621683,2.069030266844995,0.9999604663074807,0.9742334989406811
position_three,3037,trained,ONE_END_layer3,generators,c,0.8108189771679781,2.714131212456374,1.008326206570215,0.8109889314027602
position_three,3037,trained,ONE_END_layer3,generators,r,0.7875964579240655,2.739267436198243,1.0008179460969642,0.7877872745340935
position_three,3037,trained,ONE_END_layer3,generators,i,0.14041487906863392,0.7803877711590916,0.9804645645445974,0.14118710309655558
position_three,3037,trained,ONE_END_layer3,composites,rc,0.9299217127775543,2.3907562664268207,1.0000206584178715,0.9299846688896497
position_three,3037,trained,ONE_END_layer3,composites,ci,0.8160071834156115,2.686144400774419,1.0002562362989413,0.8161724767303417
position_three,3037,trained,ONE_END_layer3,composites,ri,0.8078139109487608,2.686144400774419,0.9997661733742371,0.8079865648397876
position_three,3037,trained,ONE_END_layer3,composites,rci,0.9314253814130485,2.003168512210632,0.9999851302949622,0.931486986676901
position_three,3037,trained,ONE_END_layer4,generators,c,0.8247877602467495,2.6247424282774534,1.0049235410950164,0.825375931702692
position_three,3037,trained,ONE_END_layer4,generators,r,0.7954324376649577,2.6898775112550246,1.0051593518530417,0.7961191522526294
position_three,3037,trained,ONE_END_layer4,generators,i,0.45463884009981065,1.647601563204237,0.9908255818384921,0.4564695676099705
position_three,3037,trained,ONE_END_layer4,composites,rc,0.9103977246994951,2.2488383479150933,0.9998184982324156,0.9106985113385649
position_three,3037,trained,ONE_END_layer4,composites,ci,0.8336814810670387,2.59440691019681,1.0002949732025916,0.834239797116013
position_three,3037,trained,ONE_END_layer4,composites,ri,0.8386673302745796,2.59440691019681,0.9996426881075474,0.8392089092839977
position_three,3037,trained,ONE_END_layer4,composites,rci,0.9045802871856463,1.6001263289545709,0.9999976126216059,0.9049006024301216
position_three,3037,trained,ONE_END_numeric_contrast,generators,c,0.847562656899787,2.619791338780576,1.0053542731329117,0.8475626568997867
position_three,3037,trained,ONE_END_numeric_contrast,generators,r,0.824753982692162,2.677565018992193,1.0050382796145059,0.8247539826921622
position_three,3037,trained,ONE_END_numeric_contrast,generators,i,0.6166490057275483,1.7721671834370418,0.9961689005650959,0.6166490057275484
position_three,3037,trained,ONE_END_numeric_contrast,composites,rc,0.9375462536115025,2.2056527043933603,0.9998909471356092,0.9375462536115025
position_three,3037,trained,ONE_END_numeric_contrast,composites,ci,0.8673266700090227,2.5903356509559723,1.0001451306289868,0.8673266700090227
position_three,3037,trained,ONE_END_numeric_contrast,composites,ri,0.8903464622621801,2.5903356509559723,0.9999901595701047,0.8903464622621801
position_three,3037,trained,ONE_END_numeric_contrast,composites,rci,0.9351532032124606,1.5441524524848838,1.0000021950096707,0.9351532032124606
position_three,3037,trained,ONE_END_numeric_null,generators,c,0.7985039893311324,2.6384420342900414,1.0040024318181462,0.8003569848037666
position_three,3037,trained,ONE_END_numeric_null,generators,r,0.7687330888328241,2.7248247990720387,1.0043845233601958,0.7708598631443366
position_three,3037,trained,ONE_END_numeric_null,generators,i,0.2561512116646059,1.2845969138192754,0.9816914065485428,0.2629917859893003
position_three,3037,trained,ONE_END_numeric_null,composites,rc,0.914826993850136,2.3755290510933595,0.9997000302377588,0.9156102609444193
position_three,3037,trained,ONE_END_numeric_null,composites,ci,0.8073663915773485,2.6055805971616874,0.9998384451956863,0.8091378867205992
position_three,3037,trained,ONE_END_numeric_null,composites,ri,0.8122009417196608,2.605580597161687,0.9995847970331176,0.8139279774242546
position_three,3037,trained,ONE_END_numeric_null,composites,rci,0.908057478967206,1.7654460074019116,0.9999910532133368,0.9089029998023368
position_three,3037,trained,source_query_concat_layer1,generators,c,0.6846119719913575,2.3566812916320674,1.002617261211977,0.6863197146483211
position_three,3037,trained,source_query_concat_layer1,generators,r,0.6978607163168355,2.261728991596635,0.9967113303696434,0.6994967205315423
position_three,3037,trained,source_query_concat_layer1,generators,i,0.1586361230755566,2.8679587208038386,0.9944435078102749,0.1631918856760724
position_three,3037,trained,source_query_concat_layer1,composites,rc,0.6531396340324425,3.145956664524261,0.9997606490686154,0.6550177910655833
position_three,3037,trained,source_query_concat_layer1,composites,ci,0.7071440193650904,2.2196961464795506,1.0002451359981082,0.7087297569520082
position_three,3037,trained,source_query_concat_layer1,composites,ri,0.7298876419912707,2.2196961464795506,0.9997664951705948,0.7313502288841754
position_three,3037,trained,source_query_concat_layer1,composites,rci,0.6628866102032791,0.9282820384840972,1.000004731701473,0.6647119899414529
position_three,3037,trained,source_query_concat_layer2,generators,c,0.697023093829151,2.3638850227752948,1.0042707244592546,0.6992257557724915
position_three,3037,trained,source_query_concat_layer2,generators,r,0.6635046479488476,2.3502393624367994,1.0032042329071196,0.665950991188144
position_three,3037,trained,source_query_concat_layer2,generators,i,0.22017109137720994,3.0821787095842006,0.974507901777104,0.225840498597216
position_three,3037,trained,source_query_concat_layer2,composites,rc,0.6591138047757399,3.146626915238256,0.9993276123120076,0.6615920697323673
position_three,3037,trained,source_query_concat_layer2,composites,ci,0.7261383440694985,2.274043632075915,1.0000680052427524,0.7281293362374567
position_three,3037,trained,source_query_concat_layer2,composites,ri,0.7234582811627799,2.274043632075915,0.9999074453933213,0.7254687575635299
position_three,3037,trained,source_query_concat_layer2,composites,rci,0.6474381188004641,0.5089827258136191,0.9999796290635379,0.6500012667585229
position_three,3037,trained,source_query_concat_layer3,generators,c,0.6719651514101102,2.5578233601885456,1.0007473799898372,0.6757785575751706
position_three,3037,trained,source_query_concat_layer3,generators,r,0.6585221317044369,2.561679182059585,1.0071765348246537,0.6624918130166135
position_three,3037,trained,source_query_concat_layer3,generators,i,0.267101585300616,2.7448394657279556,0.9876959535481398,0.27562153171786913
position_three,3037,trained,source_query_concat_layer3,composites,rc,0.6835330247046428,2.779196206636437,0.9995993018860186,0.68721195430562
position_three,3037,trained,source_query_concat_layer3,composites,ci,0.7220636573781887,2.5015177558169372,1.0002786172717821,0.7252946682509802
position_three,3037,trained,source_query_concat_layer3,composites,ri,0.7252669044026935,2.5015177558169372,0.999891016583538,0.7284606775185698
position_three,3037,trained,source_query_concat_layer3,composites,rci,0.6685121849686421,0.35342627375360286,0.999993996821965,0.6723657318796394
position_three,3037,trained,source_query_concat_layer4,generators,c,0.6727416940006201,2.771292017742087,0.9956802105876674,0.6798118830518121
position_three,3037,trained,source_query_concat_layer4,generators,r,0.6688803915384486,2.7870614748569946,1.0057888661137495,0.6760340013551057
position_three,3037,trained,source_query_concat_layer4,generators,i,0.3109145719166664,2.3363120476286627,1.0005605699671107,0.3258017853491648
position_three,3037,trained,source_query_concat_layer4,composites,rc,0.7230497516645475,2.367657430077325,1.000019795157107,0.72903306997186
position_three,3037,trained,source_query_concat_layer4,composites,ci,0.724614339490434,2.760924806228964,0.999986606035285,0.730563855961358
position_three,3037,trained,source_query_concat_layer4,composites,ri,0.7266666398832926,2.7609248062289646,0.9997939710285809,0.7325718178255946
position_three,3037,trained,source_query_concat_layer4,composites,rci,0.7120455357037494,0.21582741723700286,0.9999911697707826,0.7182665924756838
position_three,3037,trained,source_query_concat_numeric_contrast,generators,c,0.6776646475750868,2.7785029506664705,0.9957311930920338,0.6785497946320853
position_three,3037,trained,source_query_concat_numeric_contrast,generators,r,0.6760482657066679,2.793896826310317,1.005769462842273,0.6769378514193803
position_three,3037,trained,source_query_concat_numeric_contrast,generators,i,0.2995741678052989,2.356109847431012,1.0001082817072393,0.3014975679516022
position_three,3037,trained,source_query_concat_numeric_contrast,composites,rc,0.7301042084420455,2.3732467287662,1.0000429577181802,0.7308453541581347
position_three,3037,trained,source_query_concat_numeric_contrast,composites,ci,0.7280958641863056,2.7820821428512477,0.9999747405587347,0.7288425249040661
position_three,3037,trained,source_query_concat_numeric_contrast,composites,ri,0.729250625142695,2.7820821428512477,0.9998285978499992,0.7299941148360726
position_three,3037,trained,source_query_concat_numeric_contrast,composites,rci,0.7195483480343756,0.13407936112350494,0.9999960670690641,0.7203184806074869
position_three,3037,trained,source_query_concat_numeric_null,generators,c,0.6993515926749331,2.6580526878095685,0.9972577944056558,0.7351313880596091
position_three,3037,trained,source_query_concat_numeric_null,generators,r,0.6803121903222109,2.674900243446314,1.0032066159126343,0.7183578414501055
position_three,3037,trained,source_query_concat_numeric_null,generators,i,0.5223233357895009,2.0852980961905785,1.0011372263293374,0.5791710452370584
position_three,3037,trained,source_query_concat_numeric_null,composites,rc,0.785633990722636,2.309641448221201,0.999732264032277,0.8111454245519885
position_three,3037,trained,source_query_concat_numeric_null,composites,ci,0.7765445819836596,2.4814817934572964,1.0002669338312808,0.8031377351134461
position_three,3037,trained,source_query_concat_numeric_null,composites,ri,0.7935906540162452,2.4814817934572964,0.9998194030776767,0.818155175180658
position_three,3037,trained,source_query_concat_numeric_null,composites,rci,0.7826045676117619,1.3091439374177454,1.0000060092438379,0.8084765293414785
