target,budget,mode,policy,test_accuracy,group,seed,phase,paired_random_gain,gain_over_length
descents,64,candidate_shared,"{'learning_rate': 0.0003, 'steps': 100}",0.21904761904761905,position_none,2027,multi,-0.003809523809523818,-0.05428571428571427
descents,64,shared,"{'learning_rate': 0.0001, 'steps': 100}",0.2180952380952381,position_none,2027,multi,0.0007142857142857229,-0.055238095238095225
descents,64,condition,"{'learning_rate': 0.0003, 'steps': 100}",0.21904761904761905,position_none,2027,multi,0.0016666666666666774,-0.05428571428571427
descents,256,candidate_shared,"{'learning_rate': 0.0003, 'steps': 100}",0.27071428571428574,position_none,2027,multi,-0.004047619047619022,-0.010238095238095213
descents,256,shared,"{'learning_rate': 0.0001, 'steps': 100}",0.25785714285714284,position_none,2027,multi,-0.004047619047619078,-0.023095238095238113
descents,256,condition,"{'learning_rate': 0.0003, 'steps': 100}",0.27071428571428574,position_none,2027,multi,0.008809523809523823,-0.010238095238095213
recoils,64,candidate_shared,"{'learning_rate': 0.0003, 'steps': 100}",0.18404761904761904,position_none,2027,multi,-0.021666666666666667,-0.06095238095238095
recoils,64,shared,"{'learning_rate': 0.0001, 'steps': 100}",0.18619047619047618,position_none,2027,multi,-0.018809523809523804,-0.05880952380952381
recoils,64,condition,"{'learning_rate': 0.0003, 'steps': 100}",0.18404761904761904,position_none,2027,multi,-0.020952380952380945,-0.06095238095238095
recoils,256,candidate_shared,"{'learning_rate': 0.0003, 'steps': 100}",0.2588095238095238,position_none,2027,multi,0.03047619047619049,-0.02047619047619048
recoils,256,shared,"{'learning_rate': 0.0001, 'steps': 100}",0.24833333333333332,position_none,2027,multi,-0.028809523809523813,-0.03095238095238098
recoils,256,condition,"{'learning_rate': 0.0003, 'steps': 100}",0.2588095238095238,position_none,2027,multi,-0.018333333333333313,-0.02047619047619048
lis_length,64,candidate_shared,"{'learning_rate': 0.0003, 'steps': 100}",0.305952380952381,position_none,2027,multi,0.022142857142857186,-0.008095238095238044
lis_length,64,shared,"{'learning_rate': 0.0001, 'steps': 100}",0.32095238095238093,position_none,2027,multi,0.027857142857142858,0.0069047619047619135
lis_length,64,condition,"{'learning_rate': 0.0003, 'steps': 100}",0.305952380952381,position_none,2027,multi,0.0128571428571429,-0.008095238095238044
lis_length,256,candidate_shared,"{'learning_rate': 0.0003, 'steps': 100}",0.3657142857142857,position_none,2027,multi,0.03047619047619049,0.029285714285714304
lis_length,256,shared,"{'learning_rate': 0.0001, 'steps': 100}",0.37476190476190474,position_none,2027,multi,0.014523809523809494,0.03833333333333333
lis_length,256,condition,"{'learning_rate': 0.0003, 'steps': 100}",0.3657142857142857,position_none,2027,multi,0.005476190476190468,0.029285714285714304
longest_increasing_run,64,candidate_shared,"{'learning_rate': 0.0003, 'steps': 100}",0.43452380952380953,position_none,2027,multi,0.030000000000000027,0.004285714285714282
longest_increasing_run,64,shared,"{'learning_rate': 0.0001, 'steps': 100}",0.45,position_none,2027,multi,0.04642857142857143,0.01976190476190476
longest_increasing_run,64,condition,"{'learning_rate': 0.0003, 'steps': 100}",0.43452380952380953,position_none,2027,multi,0.030952380952380953,0.004285714285714282
longest_increasing_run,256,candidate_shared,"{'learning_rate': 0.0003, 'steps': 100}",0.4514285714285714,position_none,2027,multi,0.07714285714285712,0.01738095238095233
longest_increasing_run,256,shared,"{'learning_rate': 0.0001, 'steps': 100}",0.4766666666666667,position_none,2027,multi,0.04095238095238096,0.04261904761904761
longest_increasing_run,256,condition,"{'learning_rate': 0.0003, 'steps': 100}",0.4514285714285714,position_none,2027,multi,0.01571428571428568,0.01738095238095233
descents,64,candidate_shared,"{'learning_rate': 0.0003, 'steps': 100}",0.18857142857142858,right_to_left_maxima,2027,single,-0.03428571428571428,-0.08476190476190473
descents,64,shared,"{'learning_rate': 0.0001, 'steps': 100}",0.16023809523809524,right_to_left_maxima,2027,single,-0.057142857142857134,-0.11309523809523808
descents,64,condition,"{'learning_rate': 0.0003, 'steps': 100}",0.18857142857142858,right_to_left_maxima,2027,single,-0.028809523809523785,-0.08476190476190473
descents,256,candidate_shared,"{'learning_rate': 0.0003, 'steps': 100}",0.25285714285714284,right_to_left_maxima,2027,single,-0.021904761904761927,-0.028095238095238118
descents,256,shared,"{'learning_rate': 0.0001, 'steps': 100}",0.22595238095238096,right_to_left_maxima,2027,single,-0.03595238095238096,-0.05499999999999999
descents,256,condition,"{'learning_rate': 0.0003, 'steps': 100}",0.25285714285714284,right_to_left_maxima,2027,single,-0.009047619047619082,-0.028095238095238118
recoils,64,candidate_shared,"{'learning_rate': 0.0003, 'steps': 100}",0.18166666666666667,right_to_left_maxima,2027,single,-0.02404761904761904,-0.06333333333333332
recoils,64,shared,"{'learning_rate': 0.0001, 'steps': 100}",0.15880952380952382,right_to_left_maxima,2027,single,-0.04619047619047617,-0.08619047619047618
recoils,64,condition,"{'learning_rate': 0.0003, 'steps': 100}",0.18166666666666667,right_to_left_maxima,2027,single,-0.023333333333333317,-0.06333333333333332
recoils,256,candidate_shared,"{'learning_rate': 0.0003, 'steps': 100}",0.24523809523809523,right_to_left_maxima,2027,single,0.016904761904761895,-0.03404761904761908
recoils,256,shared,"{'learning_rate': 0.0001, 'steps': 100}",0.21904761904761905,right_to_left_maxima,2027,single,-0.05809523809523809,-0.06023809523809526
recoils,256,condition,"{'learning_rate': 0.0003, 'steps': 100}",0.24523809523809523,right_to_left_maxima,2027,single,-0.03190476190476191,-0.03404761904761908
lis_length,64,candidate_shared,"{'learning_rate': 0.0003, 'steps': 100}",0.2671428571428571,right_to_left_maxima,2027,single,-0.016666666666666663,-0.046904761904761894
lis_length,64,shared,"{'learning_rate': 0.0001, 'steps': 100}",0.20523809523809525,right_to_left_maxima,2027,single,-0.08785714285714283,-0.10880952380952377
lis_length,64,condition,"{'learning_rate': 0.0003, 'steps': 100}",0.2671428571428571,right_to_left_maxima,2027,single,-0.02595238095238095,-0.046904761904761894
lis_length,256,candidate_shared,"{'learning_rate': 0.0003, 'steps': 100}",0.3319047619047619,right_to_left_maxima,2027,single,-0.0033333333333332993,-0.0045238095238094855
lis_length,256,shared,"{'learning_rate': 0.0001, 'steps': 100}",0.31547619047619047,right_to_left_maxima,2027,single,-0.04476190476190478,-0.020952380952380945
lis_length,256,condition,"{'learning_rate': 0.0003, 'steps': 100}",0.3319047619047619,right_to_left_maxima,2027,single,-0.02833333333333332,-0.0045238095238094855
longest_increasing_run,64,candidate_shared,"{'learning_rate': 0.0003, 'steps': 100}",0.3973809523809524,right_to_left_maxima,2027,single,-0.0071428571428571175,-0.03285714285714286
longest_increasing_run,64,shared,"{'learning_rate': 0.0001, 'steps': 100}",0.3611904761904762,right_to_left_maxima,2027,single,-0.04238095238095241,-0.06904761904761908
longest_increasing_run,64,condition,"{'learning_rate': 0.0003, 'steps': 100}",0.3973809523809524,right_to_left_maxima,2027,single,-0.006190476190476191,-0.03285714285714286
longest_increasing_run,256,candidate_shared,"{'learning_rate': 0.0003, 'steps': 100}",0.4095238095238095,right_to_left_maxima,2027,single,0.035238095238095235,-0.02452380952380956
longest_increasing_run,256,shared,"{'learning_rate': 0.0001, 'steps': 100}",0.4026190476190476,right_to_left_maxima,2027,single,-0.03309523809523812,-0.03142857142857147
longest_increasing_run,256,condition,"{'learning_rate': 0.0003, 'steps': 100}",0.4095238095238095,right_to_left_maxima,2027,single,-0.02619047619047621,-0.02452380952380956
descents,64,candidate_shared,"{'learning_rate': 0.0003, 'steps': 100}",0.23261904761904761,interior_four,2027,multi,0.00976190476190475,-0.0407142857142857
descents,64,shared,"{'learning_rate': 0.0001, 'steps': 100}",0.2319047619047619,interior_four,2027,multi,0.014523809523809522,-0.041428571428571426
descents,64,condition,"{'learning_rate': 0.0001, 'steps': 100}",0.2319047619047619,interior_four,2027,multi,0.014523809523809522,-0.041428571428571426
descents,256,candidate_shared,"{'learning_rate': 0.0003, 'steps': 100}",0.28404761904761905,interior_four,2027,multi,0.009285714285714286,0.0030952380952380953
descents,256,shared,"{'learning_rate': 0.0001, 'steps': 100}",0.2830952380952381,interior_four,2027,multi,0.021190476190476204,0.0021428571428571686
descents,256,condition,"{'learning_rate': 0.0001, 'steps': 100}",0.2830952380952381,interior_four,2027,multi,0.021190476190476204,0.0021428571428571686
recoils,64,candidate_shared,"{'learning_rate': 0.0003, 'steps': 100}",0.20333333333333334,interior_four,2027,multi,-0.0023809523809523725,-0.04166666666666666
recoils,64,shared,"{'learning_rate': 0.0001, 'steps': 100}",0.19952380952380952,interior_four,2027,multi,-0.005476190476190468,-0.045476190476190476
recoils,64,condition,"{'learning_rate': 0.0001, 'steps': 100}",0.19952380952380952,interior_four,2027,multi,-0.005476190476190468,-0.045476190476190476
recoils,256,candidate_shared,"{'learning_rate': 0.0003, 'steps': 100}",0.2280952380952381,interior_four,2027,multi,-0.0002380952380952317,-0.0511904761904762
recoils,256,shared,"{'learning_rate': 0.0001, 'steps': 100}",0.2488095238095238,interior_four,2027,multi,-0.02833333333333332,-0.03047619047619049
recoils,256,condition,"{'learning_rate': 0.0001, 'steps': 100}",0.2488095238095238,interior_four,2027,multi,-0.02833333333333332,-0.03047619047619049
lis_length,64,candidate_shared,"{'learning_rate': 0.0003, 'steps': 100}",0.30023809523809525,interior_four,2027,multi,0.01642857142857146,-0.013809523809523772
lis_length,64,shared,"{'learning_rate': 0.0001, 'steps': 100}",0.2947619047619048,interior_four,2027,multi,0.0016666666666667052,-0.01928571428571424
lis_length,64,condition,"{'learning_rate': 0.0001, 'steps': 100}",0.2947619047619048,interior_four,2027,multi,0.0016666666666667052,-0.01928571428571424
lis_length,256,candidate_shared,"{'learning_rate': 0.0003, 'steps': 100}",0.3464285714285714,interior_four,2027,multi,0.011190476190476195,0.010000000000000009
lis_length,256,shared,"{'learning_rate': 0.0001, 'steps': 100}",0.3311904761904762,interior_four,2027,multi,-0.029047619047619044,-0.005238095238095208
lis_length,256,condition,"{'learning_rate': 0.0001, 'steps': 100}",0.3311904761904762,interior_four,2027,multi,-0.029047619047619044,-0.005238095238095208
longest_increasing_run,64,candidate_shared,"{'learning_rate': 0.0003, 'steps': 100}",0.4533333333333333,interior_four,2027,multi,0.0488095238095238,0.023095238095238058
longest_increasing_run,64,shared,"{'learning_rate': 0.0001, 'steps': 100}",0.455,interior_four,2027,multi,0.051428571428571435,0.024761904761904763
longest_increasing_run,64,condition,"{'learning_rate': 0.0001, 'steps': 100}",0.455,interior_four,2027,multi,0.051428571428571435,0.024761904761904763
longest_increasing_run,256,candidate_shared,"{'learning_rate': 0.0003, 'steps': 100}",0.4388095238095238,interior_four,2027,multi,0.06452380952380954,0.004761904761904745
longest_increasing_run,256,shared,"{'learning_rate': 0.0001, 'steps': 100}",0.48119047619047617,interior_four,2027,multi,0.04547619047619045,0.0471428571428571
longest_increasing_run,256,condition,"{'learning_rate': 0.0001, 'steps': 100}",0.48119047619047617,interior_four,2027,multi,0.04547619047619045,0.0471428571428571
descents,64,candidate_shared,"{'learning_rate': 0.0003, 'steps': 100}",0.19642857142857142,left_to_right_maxima,1009,single,-0.017619047619047618,-0.07690476190476189
descents,64,shared,"{'learning_rate': 0.0001, 'steps': 100}",0.17642857142857143,left_to_right_maxima,1009,single,-0.03404761904761905,-0.09690476190476188
descents,64,condition,"{'learning_rate': 0.0003, 'steps': 100}",0.19642857142857142,left_to_right_maxima,1009,single,-0.014047619047619059,-0.07690476190476189
descents,256,candidate_shared,"{'learning_rate': 0.0003, 'steps': 100}",0.28,left_to_right_maxima,1009,single,0.03404761904761908,-0.0009523809523809268
descents,256,shared,"{'learning_rate': 0.0001, 'steps': 100}",0.2604761904761905,left_to_right_maxima,1009,single,-0.007380952380952377,-0.02047619047619048
descents,256,condition,"{'learning_rate': 0.0003, 'steps': 100}",0.28,left_to_right_maxima,1009,single,0.012142857142857177,-0.0009523809523809268
recoils,64,candidate_shared,"{'learning_rate': 0.0003, 'steps': 100}",0.17333333333333334,left_to_right_maxima,1009,single,-0.021666666666666667,-0.07166666666666666
recoils,64,shared,"{'learning_rate': 0.0001, 'steps': 100}",0.1492857142857143,left_to_right_maxima,1009,single,-0.053095238095238084,-0.0957142857142857
recoils,64,condition,"{'learning_rate': 0.0003, 'steps': 100}",0.17333333333333334,left_to_right_maxima,1009,single,-0.029047619047619044,-0.07166666666666666
recoils,256,candidate_shared,"{'learning_rate': 0.0003, 'steps': 100}",0.24095238095238095,left_to_right_maxima,1009,single,-0.011666666666666686,-0.03833333333333336
recoils,256,shared,"{'learning_rate': 0.0001, 'steps': 100}",0.2007142857142857,left_to_right_maxima,1009,single,-0.06619047619047622,-0.0785714285714286
recoils,256,condition,"{'learning_rate': 0.0003, 'steps': 100}",0.24095238095238095,left_to_right_maxima,1009,single,-0.025952380952380977,-0.03833333333333336
lis_length,64,candidate_shared,"{'learning_rate': 0.0003, 'steps': 100}",0.24214285714285713,left_to_right_maxima,1009,single,-0.05333333333333337,-0.07190476190476189
lis_length,64,shared,"{'learning_rate': 0.0001, 'steps': 100}",0.22428571428571428,left_to_right_maxima,1009,single,-0.06285714285714286,-0.08976190476190474
lis_length,64,condition,"{'learning_rate': 0.0003, 'steps': 100}",0.24214285714285713,left_to_right_maxima,1009,single,-0.04500000000000001,-0.07190476190476189
lis_length,256,candidate_shared,"{'learning_rate': 0.0003, 'steps': 100}",0.35738095238095235,left_to_right_maxima,1009,single,0.0026190476190475764,0.020952380952380945
lis_length,256,shared,"{'learning_rate': 0.0001, 'steps': 100}",0.2966666666666667,left_to_right_maxima,1009,single,-0.05857142857142855,-0.03976190476190472
lis_length,256,condition,"{'learning_rate': 0.0003, 'steps': 100}",0.35738095238095235,left_to_right_maxima,1009,single,0.002142857142857113,0.020952380952380945
longest_increasing_run,64,candidate_shared,"{'learning_rate': 0.0003, 'steps': 100}",0.3395238095238095,left_to_right_maxima,1009,single,-0.054285714285714326,-0.09071428571428575
longest_increasing_run,64,shared,"{'learning_rate': 0.0001, 'steps': 100}",0.3726190476190476,left_to_right_maxima,1009,single,-0.010476190476190472,-0.057619047619047625
longest_increasing_run,64,condition,"{'learning_rate': 0.0003, 'steps': 100}",0.3395238095238095,left_to_right_maxima,1009,single,-0.043571428571428594,-0.09071428571428575
longest_increasing_run,256,candidate_shared,"{'learning_rate': 0.0003, 'steps': 100}",0.4278571428571429,left_to_right_maxima,1009,single,0.0323809523809524,-0.006190476190476191
longest_increasing_run,256,shared,"{'learning_rate': 0.0001, 'steps': 100}",0.4707142857142857,left_to_right_maxima,1009,single,0.037142857142857144,0.036666666666666625
longest_increasing_run,256,condition,"{'learning_rate': 0.0003, 'steps': 100}",0.4278571428571429,left_to_right_maxima,1009,single,-0.005714285714285672,-0.006190476190476191
descents,64,candidate_shared,"{'learning_rate': 0.0003, 'steps': 100}",0.22833333333333333,interior_none,1009,multi,0.01428571428571429,-0.044999999999999984
descents,64,shared,"{'learning_rate': 0.0001, 'steps': 100}",0.22071428571428572,interior_none,1009,multi,0.01023809523809524,-0.05261904761904759
descents,64,condition,"{'learning_rate': 0.0003, 'steps': 100}",0.22833333333333333,interior_none,1009,multi,0.01785714285714285,-0.044999999999999984
descents,256,candidate_shared,"{'learning_rate': 0.0003, 'steps': 100}",0.3223809523809524,interior_none,1009,multi,0.07642857142857143,0.041428571428571426
descents,256,shared,"{'learning_rate': 0.0001, 'steps': 100}",0.3419047619047619,interior_none,1009,multi,0.07404761904761903,0.060952380952380925
descents,256,condition,"{'learning_rate': 0.0003, 'steps': 100}",0.3223809523809524,interior_none,1009,multi,0.05452380952380953,0.041428571428571426
recoils,64,candidate_shared,"{'learning_rate': 0.0003, 'steps': 100}",0.22,interior_none,1009,multi,0.024999999999999994,-0.024999999999999994
recoils,64,shared,"{'learning_rate': 0.0001, 'steps': 100}",0.20095238095238097,interior_none,1009,multi,-0.001428571428571418,-0.04404761904761903
recoils,64,condition,"{'learning_rate': 0.0003, 'steps': 100}",0.22,interior_none,1009,multi,0.017619047619047618,-0.024999999999999994
recoils,256,candidate_shared,"{'learning_rate': 0.0003, 'steps': 100}",0.2507142857142857,interior_none,1009,multi,-0.001904761904761909,-0.02857142857142858
recoils,256,shared,"{'learning_rate': 0.0001, 'steps': 100}",0.26880952380952383,interior_none,1009,multi,0.001904761904761909,-0.010476190476190472
recoils,256,condition,"{'learning_rate': 0.0003, 'steps': 100}",0.2507142857142857,interior_none,1009,multi,-0.0161904761904762,-0.02857142857142858
lis_length,64,candidate_shared,"{'learning_rate': 0.0003, 'steps': 100}",0.3457142857142857,interior_none,1009,multi,0.05023809523809519,0.031666666666666676
lis_length,64,shared,"{'learning_rate': 0.0001, 'steps': 100}",0.3292857142857143,interior_none,1009,multi,0.04214285714285715,0.015238095238095273
lis_length,64,condition,"{'learning_rate': 0.0003, 'steps': 100}",0.3457142857142857,interior_none,1009,multi,0.05857142857142855,0.031666666666666676
lis_length,256,candidate_shared,"{'learning_rate': 0.0003, 'steps': 100}",0.3985714285714286,interior_none,1009,multi,0.0438095238095238,0.062142857142857166
lis_length,256,shared,"{'learning_rate': 0.0001, 'steps': 100}",0.3821428571428571,interior_none,1009,multi,0.026904761904761876,0.04571428571428571
lis_length,256,condition,"{'learning_rate': 0.0003, 'steps': 100}",0.3985714285714286,interior_none,1009,multi,0.043333333333333335,0.062142857142857166
longest_increasing_run,64,candidate_shared,"{'learning_rate': 0.0003, 'steps': 100}",0.4061904761904762,interior_none,1009,multi,0.012380952380952381,-0.02404761904761904
longest_increasing_run,64,shared,"{'learning_rate': 0.0001, 'steps': 100}",0.37285714285714283,interior_none,1009,multi,-0.010238095238095268,-0.05738095238095242
longest_increasing_run,64,condition,"{'learning_rate': 0.0003, 'steps': 100}",0.4061904761904762,interior_none,1009,multi,0.023095238095238113,-0.02404761904761904
longest_increasing_run,256,candidate_shared,"{'learning_rate': 0.0003, 'steps': 100}",0.47833333333333333,interior_none,1009,multi,0.08285714285714285,0.04428571428571426
longest_increasing_run,256,shared,"{'learning_rate': 0.0001, 'steps': 100}",0.47833333333333333,interior_none,1009,multi,0.04476190476190478,0.04428571428571426
longest_increasing_run,256,condition,"{'learning_rate': 0.0003, 'steps': 100}",0.47833333333333333,interior_none,1009,multi,0.04476190476190478,0.04428571428571426
descents,64,candidate_shared,"{'learning_rate': 0.0003, 'steps': 100}",0.20714285714285716,cycle_none,2027,multi,-0.01571428571428571,-0.06619047619047616
descents,64,shared,"{'learning_rate': 0.0001, 'steps': 100}",0.20047619047619047,cycle_none,2027,multi,-0.016904761904761895,-0.07285714285714284
descents,64,condition,"{'learning_rate': 0.001, 'steps': 100}",0.24642857142857144,cycle_none,2027,multi,0.029047619047619072,-0.026904761904761876
descents,256,candidate_shared,"{'learning_rate': 0.0003, 'steps': 100}",0.23142857142857143,cycle_none,2027,multi,-0.043333333333333335,-0.049523809523809526
descents,256,shared,"{'learning_rate': 0.0001, 'steps': 100}",0.2469047619047619,cycle_none,2027,multi,-0.015000000000000013,-0.03404761904761905
descents,256,condition,"{'learning_rate': 0.001, 'steps': 100}",0.23952380952380953,cycle_none,2027,multi,-0.02238095238095239,-0.041428571428571426
recoils,64,candidate_shared,"{'learning_rate': 0.0003, 'steps': 100}",0.18880952380952382,cycle_none,2027,multi,-0.016904761904761895,-0.05619047619047618
recoils,64,shared,"{'learning_rate': 0.0001, 'steps': 100}",0.20595238095238094,cycle_none,2027,multi,0.0009523809523809545,-0.03904761904761905
recoils,64,condition,"{'learning_rate': 0.001, 'steps': 100}",0.21357142857142858,cycle_none,2027,multi,0.008571428571428591,-0.03142857142857142
recoils,256,candidate_shared,"{'learning_rate': 0.0003, 'steps': 100}",0.2330952380952381,cycle_none,2027,multi,0.004761904761904773,-0.0461904761904762
recoils,256,shared,"{'learning_rate': 0.0001, 'steps': 100}",0.21595238095238095,cycle_none,2027,multi,-0.061190476190476184,-0.06333333333333335
recoils,256,condition,"{'learning_rate': 0.001, 'steps': 100}",0.22476190476190477,cycle_none,2027,multi,-0.05238095238095236,-0.05452380952380953
lis_length,64,candidate_shared,"{'learning_rate': 0.0003, 'steps': 100}",0.3280952380952381,cycle_none,2027,multi,0.04428571428571432,0.014047619047619087
lis_length,64,shared,"{'learning_rate': 0.0001, 'steps': 100}",0.2754761904761905,cycle_none,2027,multi,-0.01761904761904759,-0.038571428571428534
lis_length,64,condition,"{'learning_rate': 0.001, 'steps': 100}",0.3,cycle_none,2027,multi,0.0069047619047619135,-0.014047619047619031
lis_length,256,candidate_shared,"{'learning_rate': 0.0003, 'steps': 100}",0.3523809523809524,cycle_none,2027,multi,0.017142857142857182,0.015952380952380996
lis_length,256,shared,"{'learning_rate': 0.0001, 'steps': 100}",0.35595238095238096,cycle_none,2027,multi,-0.004285714285714282,0.019523809523809554
lis_length,256,condition,"{'learning_rate': 0.001, 'steps': 100}",0.31523809523809526,cycle_none,2027,multi,-0.044999999999999984,-0.02119047619047615
longest_increasing_run,64,candidate_shared,"{'learning_rate': 0.0003, 'steps': 100}",0.40523809523809523,cycle_none,2027,multi,0.0007142857142857229,-0.025000000000000022
longest_increasing_run,64,shared,"{'learning_rate': 0.0001, 'steps': 100}",0.4185714285714286,cycle_none,2027,multi,0.015000000000000013,-0.011666666666666659
longest_increasing_run,64,condition,"{'learning_rate': 0.001, 'steps': 100}",0.3738095238095238,cycle_none,2027,multi,-0.029761904761904767,-0.05642857142857144
longest_increasing_run,256,candidate_shared,"{'learning_rate': 0.0003, 'steps': 100}",0.3473809523809524,cycle_none,2027,multi,-0.026904761904761876,-0.08666666666666667
longest_increasing_run,256,shared,"{'learning_rate': 0.0001, 'steps': 100}",0.40166666666666667,cycle_none,2027,multi,-0.03404761904761905,-0.0323809523809524
longest_increasing_run,256,condition,"{'learning_rate': 0.001, 'steps': 100}",0.4104761904761905,cycle_none,2027,multi,-0.025238095238095226,-0.023571428571428577
descents,64,candidate_shared,"{'learning_rate': 0.0003, 'steps': 100}",0.23357142857142857,interior_none,4051,multi,0.020952380952380945,-0.03976190476190475
descents,64,shared,"{'learning_rate': 0.0001, 'steps': 100}",0.2230952380952381,interior_none,4051,multi,0.004285714285714282,-0.05023809523809522
descents,64,condition,"{'learning_rate': 0.0003, 'steps': 100}",0.23357142857142857,interior_none,4051,multi,0.014761904761904754,-0.03976190476190475
descents,256,candidate_shared,"{'learning_rate': 0.0003, 'steps': 100}",0.2838095238095238,interior_none,4051,multi,0.014999999999999958,0.002857142857142836
descents,256,shared,"{'learning_rate': 0.0001, 'steps': 100}",0.27976190476190477,interior_none,4051,multi,0.015714285714285736,-0.0011904761904761862
descents,256,condition,"{'learning_rate': 0.0003, 'steps': 100}",0.2838095238095238,interior_none,4051,multi,0.01976190476190476,0.002857142857142836
recoils,64,candidate_shared,"{'learning_rate': 0.0003, 'steps': 100}",0.2092857142857143,interior_none,4051,multi,0.014761904761904782,-0.0357142857142857
recoils,64,shared,"{'learning_rate': 0.0001, 'steps': 100}",0.205,interior_none,4051,multi,0.006428571428571422,-0.04000000000000001
recoils,64,condition,"{'learning_rate': 0.0003, 'steps': 100}",0.2092857142857143,interior_none,4051,multi,0.010714285714285732,-0.0357142857142857
recoils,256,candidate_shared,"{'learning_rate': 0.0003, 'steps': 100}",0.2519047619047619,interior_none,4051,multi,0.010714285714285732,-0.027380952380952395
recoils,256,shared,"{'learning_rate': 0.0001, 'steps': 100}",0.26976190476190476,interior_none,4051,multi,0.0071428571428571175,-0.009523809523809545
recoils,256,condition,"{'learning_rate': 0.0003, 'steps': 100}",0.2519047619047619,interior_none,4051,multi,-0.010714285714285732,-0.027380952380952395
lis_length,64,candidate_shared,"{'learning_rate': 0.0003, 'steps': 100}",0.3088095238095238,interior_none,4051,multi,0.03142857142857142,-0.005238095238095208
lis_length,64,shared,"{'learning_rate': 0.0001, 'steps': 100}",0.3038095238095238,interior_none,4051,multi,0.013809523809523827,-0.010238095238095213
lis_length,64,condition,"{'learning_rate': 0.0003, 'steps': 100}",0.3088095238095238,interior_none,4051,multi,0.01880952380952383,-0.005238095238095208
lis_length,256,candidate_shared,"{'learning_rate': 0.0003, 'steps': 100}",0.37547619047619046,interior_none,4051,multi,0.03666666666666668,0.03904761904761905
lis_length,256,shared,"{'learning_rate': 0.0001, 'steps': 100}",0.35285714285714287,interior_none,4051,multi,0.02452380952380956,0.01642857142857146
lis_length,256,condition,"{'learning_rate': 0.0003, 'steps': 100}",0.37547619047619046,interior_none,4051,multi,0.04714285714285715,0.03904761904761905
longest_increasing_run,64,candidate_shared,"{'learning_rate': 0.0003, 'steps': 100}",0.3904761904761905,interior_none,4051,multi,0.013571428571428568,-0.039761904761904776
longest_increasing_run,64,shared,"{'learning_rate': 0.0001, 'steps': 100}",0.38285714285714284,interior_none,4051,multi,-0.017380952380952386,-0.04738095238095241
longest_increasing_run,64,condition,"{'learning_rate': 0.0003, 'steps': 100}",0.3904761904761905,interior_none,4051,multi,-0.00976190476190475,-0.039761904761904776
longest_increasing_run,256,candidate_shared,"{'learning_rate': 0.0003, 'steps': 100}",0.43142857142857144,interior_none,4051,multi,0.026666666666666672,-0.002619047619047632
longest_increasing_run,256,shared,"{'learning_rate': 0.0001, 'steps': 100}",0.40714285714285714,interior_none,4051,multi,-0.04404761904761906,-0.02690476190476193
longest_increasing_run,256,condition,"{'learning_rate': 0.0003, 'steps': 100}",0.43142857142857144,interior_none,4051,multi,-0.01976190476190476,-0.002619047619047632
descents,64,candidate_shared,"{'learning_rate': 0.0003, 'steps': 100}",0.21976190476190477,valleys,4051,single,0.007142857142857145,-0.05357142857142855
descents,64,shared,"{'learning_rate': 0.0001, 'steps': 100}",0.2138095238095238,valleys,4051,single,-0.0050000000000000044,-0.05952380952380951
descents,64,condition,"{'learning_rate': 0.0003, 'steps': 100}",0.21976190476190477,valleys,4051,single,0.0009523809523809545,-0.05357142857142855
descents,256,candidate_shared,"{'learning_rate': 0.0003, 'steps': 100}",0.25547619047619047,valleys,4051,single,-0.013333333333333364,-0.025476190476190486
descents,256,shared,"{'learning_rate': 0.0001, 'steps': 100}",0.2509523809523809,valleys,4051,single,-0.013095238095238104,-0.030000000000000027
descents,256,condition,"{'learning_rate': 0.0003, 'steps': 100}",0.25547619047619047,valleys,4051,single,-0.008571428571428563,-0.025476190476190486
recoils,64,candidate_shared,"{'learning_rate': 0.0003, 'steps': 100}",0.19,valleys,4051,single,-0.004523809523809513,-0.05499999999999999
recoils,64,shared,"{'learning_rate': 0.0001, 'steps': 100}",0.17857142857142858,valleys,4051,single,-0.01999999999999999,-0.06642857142857142
recoils,64,condition,"{'learning_rate': 0.0003, 'steps': 100}",0.19,valleys,4051,single,-0.008571428571428563,-0.05499999999999999
recoils,256,candidate_shared,"{'learning_rate': 0.0003, 'steps': 100}",0.25666666666666665,valleys,4051,single,0.015476190476190477,-0.02261904761904765
recoils,256,shared,"{'learning_rate': 0.0001, 'steps': 100}",0.23666666666666666,valleys,4051,single,-0.025952380952380977,-0.04261904761904764
recoils,256,condition,"{'learning_rate': 0.0003, 'steps': 100}",0.25666666666666665,valleys,4051,single,-0.005952380952380987,-0.02261904761904765
lis_length,64,candidate_shared,"{'learning_rate': 0.0003, 'steps': 100}",0.3092857142857143,valleys,4051,single,0.03190476190476188,-0.004761904761904745
lis_length,64,shared,"{'learning_rate': 0.0001, 'steps': 100}",0.29,valleys,4051,single,0.0,-0.02404761904761904
lis_length,64,condition,"{'learning_rate': 0.0003, 'steps': 100}",0.3092857142857143,valleys,4051,single,0.019285714285714295,-0.004761904761904745
lis_length,256,candidate_shared,"{'learning_rate': 0.0003, 'steps': 100}",0.3492857142857143,valleys,4051,single,0.010476190476190528,0.0128571428571429
lis_length,256,shared,"{'learning_rate': 0.0001, 'steps': 100}",0.3221428571428571,valleys,4051,single,-0.006190476190476191,-0.01428571428571429
lis_length,256,condition,"{'learning_rate': 0.0003, 'steps': 100}",0.3492857142857143,valleys,4051,single,0.020952380952381,0.0128571428571429
longest_increasing_run,64,candidate_shared,"{'learning_rate': 0.0003, 'steps': 100}",0.4038095238095238,valleys,4051,single,0.026904761904761876,-0.026428571428571468
longest_increasing_run,64,shared,"{'learning_rate': 0.0001, 'steps': 100}",0.3726190476190476,valleys,4051,single,-0.0276190476190476,-0.057619047619047625
longest_increasing_run,64,condition,"{'learning_rate': 0.0003, 'steps': 100}",0.4038095238095238,valleys,4051,single,0.0035714285714285587,-0.026428571428571468
longest_increasing_run,256,candidate_shared,"{'learning_rate': 0.0003, 'steps': 100}",0.4147619047619048,valleys,4051,single,0.010000000000000009,-0.019285714285714295
longest_increasing_run,256,shared,"{'learning_rate': 0.0001, 'steps': 100}",0.41714285714285715,valleys,4051,single,-0.03404761904761905,-0.016904761904761922
longest_increasing_run,256,condition,"{'learning_rate': 0.0003, 'steps': 100}",0.4147619047619048,valleys,4051,single,-0.03642857142857142,-0.019285714285714295
descents,64,candidate_shared,"{'learning_rate': 0.0003, 'steps': 100}",0.18619047619047618,left_to_right_maxima,4051,single,-0.02642857142857144,-0.08714285714285713
descents,64,shared,"{'learning_rate': 0.0001, 'steps': 100}",0.19,left_to_right_maxima,4051,single,-0.028809523809523813,-0.08333333333333331
descents,64,condition,"{'learning_rate': 0.0003, 'steps': 100}",0.18619047619047618,left_to_right_maxima,4051,single,-0.03261904761904763,-0.08714285714285713
descents,256,candidate_shared,"{'learning_rate': 0.0003, 'steps': 100}",0.2733333333333333,left_to_right_maxima,4051,single,0.0045238095238094855,-0.007619047619047636
descents,256,shared,"{'learning_rate': 0.0001, 'steps': 100}",0.27,left_to_right_maxima,4051,single,0.005952380952380987,-0.010952380952380936
descents,256,condition,"{'learning_rate': 0.0003, 'steps': 100}",0.2733333333333333,left_to_right_maxima,4051,single,0.009285714285714286,-0.007619047619047636
recoils,64,candidate_shared,"{'learning_rate': 0.0003, 'steps': 100}",0.19166666666666668,left_to_right_maxima,4051,single,-0.002857142857142836,-0.053333333333333316
recoils,64,shared,"{'learning_rate': 0.0001, 'steps': 100}",0.1919047619047619,left_to_right_maxima,4051,single,-0.006666666666666654,-0.053095238095238084
recoils,64,condition,"{'learning_rate': 0.0003, 'steps': 100}",0.19166666666666668,left_to_right_maxima,4051,single,-0.006904761904761886,-0.053333333333333316
recoils,256,candidate_shared,"{'learning_rate': 0.0003, 'steps': 100}",0.2702380952380952,left_to_right_maxima,4051,single,0.029047619047619044,-0.009047619047619082
recoils,256,shared,"{'learning_rate': 0.0001, 'steps': 100}",0.2680952380952381,left_to_right_maxima,4051,single,0.005476190476190468,-0.011190476190476195
recoils,256,condition,"{'learning_rate': 0.0003, 'steps': 100}",0.2702380952380952,left_to_right_maxima,4051,single,0.007619047619047581,-0.009047619047619082
lis_length,64,candidate_shared,"{'learning_rate': 0.0003, 'steps': 100}",0.3076190476190476,left_to_right_maxima,4051,single,0.03023809523809523,-0.006428571428571395
lis_length,64,shared,"{'learning_rate': 0.0001, 'steps': 100}",0.24619047619047618,left_to_right_maxima,4051,single,-0.0438095238095238,-0.06785714285714284
lis_length,64,condition,"{'learning_rate': 0.0003, 'steps': 100}",0.3076190476190476,left_to_right_maxima,4051,single,0.017619047619047645,-0.006428571428571395
lis_length,256,candidate_shared,"{'learning_rate': 0.0003, 'steps': 100}",0.3547619047619048,left_to_right_maxima,4051,single,0.015952380952380996,0.018333333333333368
lis_length,256,shared,"{'learning_rate': 0.0001, 'steps': 100}",0.3295238095238095,left_to_right_maxima,4051,single,0.0011904761904761862,-0.0069047619047619135
lis_length,256,condition,"{'learning_rate': 0.0003, 'steps': 100}",0.3547619047619048,left_to_right_maxima,4051,single,0.026428571428571468,0.018333333333333368
longest_increasing_run,64,candidate_shared,"{'learning_rate': 0.0003, 'steps': 100}",0.39666666666666667,left_to_right_maxima,4051,single,0.01976190476190476,-0.033571428571428585
longest_increasing_run,64,shared,"{'learning_rate': 0.0001, 'steps': 100}",0.38261904761904764,left_to_right_maxima,4051,single,-0.01761904761904759,-0.047619047619047616
longest_increasing_run,64,condition,"{'learning_rate': 0.0003, 'steps': 100}",0.39666666666666667,left_to_right_maxima,4051,single,-0.0035714285714285587,-0.033571428571428585
longest_increasing_run,256,candidate_shared,"{'learning_rate': 0.0003, 'steps': 100}",0.4747619047619048,left_to_right_maxima,4051,single,0.07,0.0407142857142857
longest_increasing_run,256,shared,"{'learning_rate': 0.0001, 'steps': 100}",0.47928571428571426,left_to_right_maxima,4051,single,0.028095238095238062,0.04523809523809519
longest_increasing_run,256,condition,"{'learning_rate': 0.0003, 'steps': 100}",0.4747619047619048,left_to_right_maxima,4051,single,0.023571428571428577,0.0407142857142857
descents,64,candidate_shared,"{'learning_rate': 0.0003, 'steps': 100}",0.23214285714285715,interior_four,3037,multi,0.013571428571428568,-0.041190476190476166
descents,64,shared,"{'learning_rate': 0.0001, 'steps': 100}",0.22547619047619047,interior_four,3037,multi,0.00785714285714284,-0.04785714285714285
descents,64,condition,"{'learning_rate': 0.0001, 'steps': 100}",0.22547619047619047,interior_four,3037,multi,0.00785714285714284,-0.04785714285714285
descents,256,candidate_shared,"{'learning_rate': 0.0003, 'steps': 100}",0.27095238095238094,interior_four,3037,multi,0.026428571428571412,-0.010000000000000009
descents,256,shared,"{'learning_rate': 0.0001, 'steps': 100}",0.2695238095238095,interior_four,3037,multi,0.016190476190476144,-0.011428571428571455
descents,256,condition,"{'learning_rate': 0.0001, 'steps': 100}",0.2695238095238095,interior_four,3037,multi,0.016190476190476144,-0.011428571428571455
recoils,64,candidate_shared,"{'learning_rate': 0.0003, 'steps': 100}",0.23404761904761906,interior_four,3037,multi,0.04285714285714287,-0.010952380952380936
recoils,64,shared,"{'learning_rate': 0.0001, 'steps': 100}",0.22476190476190477,interior_four,3037,multi,0.031428571428571445,-0.02023809523809522
recoils,64,condition,"{'learning_rate': 0.0001, 'steps': 100}",0.22476190476190477,interior_four,3037,multi,0.031428571428571445,-0.02023809523809522
recoils,256,candidate_shared,"{'learning_rate': 0.0003, 'steps': 100}",0.24095238095238095,interior_four,3037,multi,-0.007857142857142868,-0.03833333333333336
recoils,256,shared,"{'learning_rate': 0.0001, 'steps': 100}",0.245,interior_four,3037,multi,-0.02238095238095239,-0.03428571428571431
recoils,256,condition,"{'learning_rate': 0.0001, 'steps': 100}",0.245,interior_four,3037,multi,-0.02238095238095239,-0.03428571428571431
lis_length,64,candidate_shared,"{'learning_rate': 0.0003, 'steps': 100}",0.30857142857142855,interior_four,3037,multi,0.03190476190476188,-0.005476190476190468
lis_length,64,shared,"{'learning_rate': 0.0001, 'steps': 100}",0.30333333333333334,interior_four,3037,multi,0.02047619047619048,-0.010714285714285676
lis_length,64,condition,"{'learning_rate': 0.0001, 'steps': 100}",0.30333333333333334,interior_four,3037,multi,0.02047619047619048,-0.010714285714285676
lis_length,256,candidate_shared,"{'learning_rate': 0.0003, 'steps': 100}",0.35023809523809524,interior_four,3037,multi,-0.009047619047619027,0.013809523809523827
lis_length,256,shared,"{'learning_rate': 0.0001, 'steps': 100}",0.3361904761904762,interior_four,3037,multi,-0.027857142857142858,-0.00023809523809520394
lis_length,256,condition,"{'learning_rate': 0.0001, 'steps': 100}",0.3361904761904762,interior_four,3037,multi,-0.027857142857142858,-0.00023809523809520394
longest_increasing_run,64,candidate_shared,"{'learning_rate': 0.0003, 'steps': 100}",0.41904761904761906,interior_four,3037,multi,0.04214285714285715,-0.011190476190476195
longest_increasing_run,64,shared,"{'learning_rate': 0.0001, 'steps': 100}",0.3892857142857143,interior_four,3037,multi,0.0050000000000000044,-0.04095238095238096
longest_increasing_run,64,condition,"{'learning_rate': 0.0001, 'steps': 100}",0.3892857142857143,interior_four,3037,multi,0.0050000000000000044,-0.04095238095238096
longest_increasing_run,256,candidate_shared,"{'learning_rate': 0.0003, 'steps': 100}",0.43642857142857144,interior_four,3037,multi,0.06595238095238098,0.0023809523809523725
longest_increasing_run,256,shared,"{'learning_rate': 0.0001, 'steps': 100}",0.46904761904761905,interior_four,3037,multi,0.04666666666666669,0.034999999999999976
longest_increasing_run,256,condition,"{'learning_rate': 0.0001, 'steps': 100}",0.46904761904761905,interior_four,3037,multi,0.04666666666666669,0.034999999999999976
descents,64,candidate_shared,"{'learning_rate': 0.0003, 'steps': 100}",0.22690476190476191,interior_none,5059,multi,0.009523809523809545,-0.0464285714285714
descents,64,shared,"{'learning_rate': 0.0001, 'steps': 100}",0.2338095238095238,interior_none,5059,multi,0.009285714285714286,-0.03952380952380952
descents,64,condition,"{'learning_rate': 0.0003, 'steps': 100}",0.22690476190476191,interior_none,5059,multi,0.0023809523809524002,-0.0464285714285714
descents,256,candidate_shared,"{'learning_rate': 0.0003, 'steps': 100}",0.25785714285714284,interior_none,5059,multi,0.025238095238095226,-0.023095238095238113
descents,256,shared,"{'learning_rate': 0.0001, 'steps': 100}",0.2785714285714286,interior_none,5059,multi,0.025000000000000022,-0.0023809523809523725
descents,256,condition,"{'learning_rate': 0.0003, 'steps': 100}",0.25785714285714284,interior_none,5059,multi,0.004285714285714282,-0.023095238095238113
recoils,64,candidate_shared,"{'learning_rate': 0.0003, 'steps': 100}",0.23238095238095238,interior_none,5059,multi,0.03142857142857142,-0.012619047619047613
recoils,64,shared,"{'learning_rate': 0.0001, 'steps': 100}",0.21642857142857144,interior_none,5059,multi,0.00642857142857145,-0.028571428571428553
recoils,64,condition,"{'learning_rate': 0.0003, 'steps': 100}",0.23238095238095238,interior_none,5059,multi,0.02238095238095239,-0.012619047619047613
recoils,256,candidate_shared,"{'learning_rate': 0.0003, 'steps': 100}",0.26142857142857145,interior_none,5059,multi,0.017619047619047645,-0.01785714285714285
recoils,256,shared,"{'learning_rate': 0.0001, 'steps': 100}",0.27666666666666667,interior_none,5059,multi,-0.0071428571428571175,-0.002619047619047632
recoils,256,condition,"{'learning_rate': 0.0003, 'steps': 100}",0.26142857142857145,interior_none,5059,multi,-0.022380952380952335,-0.01785714285714285
lis_length,64,candidate_shared,"{'learning_rate': 0.0003, 'steps': 100}",0.3647619047619048,interior_none,5059,multi,0.08166666666666667,0.05071428571428577
lis_length,64,shared,"{'learning_rate': 0.0001, 'steps': 100}",0.35428571428571426,interior_none,5059,multi,0.06857142857142856,0.04023809523809524
lis_length,64,condition,"{'learning_rate': 0.0003, 'steps': 100}",0.3647619047619048,interior_none,5059,multi,0.07904761904761909,0.05071428571428577
lis_length,256,candidate_shared,"{'learning_rate': 0.0003, 'steps': 100}",0.37714285714285717,interior_none,5059,multi,0.029285714285714304,0.04071428571428576
lis_length,256,shared,"{'learning_rate': 0.0001, 'steps': 100}",0.37023809523809526,interior_none,5059,multi,0.05119047619047623,0.033809523809523845
lis_length,256,condition,"{'learning_rate': 0.0003, 'steps': 100}",0.37714285714285717,interior_none,5059,multi,0.058095238095238144,0.04071428571428576
longest_increasing_run,64,candidate_shared,"{'learning_rate': 0.0003, 'steps': 100}",0.42214285714285715,interior_none,5059,multi,0.051190476190476175,-0.0080952380952381
longest_increasing_run,64,shared,"{'learning_rate': 0.0001, 'steps': 100}",0.39785714285714285,interior_none,5059,multi,-0.004285714285714282,-0.0323809523809524
longest_increasing_run,64,condition,"{'learning_rate': 0.0003, 'steps': 100}",0.42214285714285715,interior_none,5059,multi,0.020000000000000018,-0.0080952380952381
longest_increasing_run,256,candidate_shared,"{'learning_rate': 0.0003, 'steps': 100}",0.44142857142857145,interior_none,5059,multi,0.02690476190476193,0.007380952380952377
longest_increasing_run,256,shared,"{'learning_rate': 0.0001, 'steps': 100}",0.43023809523809525,interior_none,5059,multi,-0.012142857142857122,-0.003809523809523818
longest_increasing_run,256,condition,"{'learning_rate': 0.0003, 'steps': 100}",0.44142857142857145,interior_none,5059,multi,-0.0009523809523809268,0.007380952380952377
descents,64,candidate_shared,"{'learning_rate': 0.0003, 'steps': 100}",0.1519047619047619,cycle_four,2027,multi,-0.07095238095238096,-0.12142857142857141
descents,64,shared,"{'learning_rate': 0.0001, 'steps': 100}",0.1269047619047619,cycle_four,2027,multi,-0.09047619047619046,-0.1464285714285714
descents,64,condition,"{'learning_rate': 0.001, 'steps': 100}",0.16904761904761906,cycle_four,2027,multi,-0.04833333333333331,-0.10428571428571426
descents,256,candidate_shared,"{'learning_rate': 0.0003, 'steps': 100}",0.2092857142857143,cycle_four,2027,multi,-0.06547619047619047,-0.07166666666666666
descents,256,shared,"{'learning_rate': 0.0001, 'steps': 100}",0.18928571428571428,cycle_four,2027,multi,-0.07261904761904764,-0.09166666666666667
descents,256,condition,"{'learning_rate': 0.001, 'steps': 100}",0.22238095238095237,cycle_four,2027,multi,-0.039523809523809544,-0.05857142857142858
recoils,64,candidate_shared,"{'learning_rate': 0.0003, 'steps': 100}",0.16142857142857142,cycle_four,2027,multi,-0.04428571428571429,-0.08357142857142857
recoils,64,shared,"{'learning_rate': 0.0001, 'steps': 100}",0.1388095238095238,cycle_four,2027,multi,-0.06619047619047619,-0.1061904761904762
recoils,64,condition,"{'learning_rate': 0.001, 'steps': 100}",0.17214285714285715,cycle_four,2027,multi,-0.032857142857142835,-0.07285714285714284
recoils,256,candidate_shared,"{'learning_rate': 0.0003, 'steps': 100}",0.1988095238095238,cycle_four,2027,multi,-0.029523809523809535,-0.0804761904761905
recoils,256,shared,"{'learning_rate': 0.0001, 'steps': 100}",0.18285714285714286,cycle_four,2027,multi,-0.09428571428571428,-0.09642857142857145
recoils,256,condition,"{'learning_rate': 0.001, 'steps': 100}",0.2288095238095238,cycle_four,2027,multi,-0.04833333333333334,-0.05047619047619051
lis_length,64,candidate_shared,"{'learning_rate': 0.0003, 'steps': 100}",0.27285714285714285,cycle_four,2027,multi,-0.010952380952380936,-0.041190476190476166
lis_length,64,shared,"{'learning_rate': 0.0001, 'steps': 100}",0.2671428571428571,cycle_four,2027,multi,-0.02595238095238095,-0.046904761904761894
lis_length,64,condition,"{'learning_rate': 0.001, 'steps': 100}",0.2604761904761905,cycle_four,2027,multi,-0.0326190476190476,-0.05357142857142855
lis_length,256,candidate_shared,"{'learning_rate': 0.0003, 'steps': 100}",0.3173809523809524,cycle_four,2027,multi,-0.01785714285714285,-0.019047619047619035
lis_length,256,shared,"{'learning_rate': 0.0001, 'steps': 100}",0.2907142857142857,cycle_four,2027,multi,-0.06952380952380954,-0.04571428571428571
lis_length,256,condition,"{'learning_rate': 0.001, 'steps': 100}",0.3252380952380952,cycle_four,2027,multi,-0.03500000000000003,-0.011190476190476195
longest_increasing_run,64,candidate_shared,"{'learning_rate': 0.0003, 'steps': 100}",0.4197619047619048,cycle_four,2027,multi,0.015238095238095273,-0.010476190476190472
longest_increasing_run,64,shared,"{'learning_rate': 0.0001, 'steps': 100}",0.3821428571428571,cycle_four,2027,multi,-0.021428571428571463,-0.048095238095238135
longest_increasing_run,64,condition,"{'learning_rate': 0.001, 'steps': 100}",0.42119047619047617,cycle_four,2027,multi,0.01761904761904759,-0.009047619047619082
longest_increasing_run,256,candidate_shared,"{'learning_rate': 0.0003, 'steps': 100}",0.379047619047619,cycle_four,2027,multi,0.004761904761904745,-0.05500000000000005
longest_increasing_run,256,shared,"{'learning_rate': 0.0001, 'steps': 100}",0.39476190476190476,cycle_four,2027,multi,-0.04095238095238096,-0.03928571428571431
longest_increasing_run,256,condition,"{'learning_rate': 0.001, 'steps': 100}",0.379047619047619,cycle_four,2027,multi,-0.0566666666666667,-0.05500000000000005
descents,64,candidate_shared,"{'learning_rate': 0.0003, 'steps': 100}",0.20095238095238097,position_none,1009,multi,-0.013095238095238076,-0.07238095238095235
descents,64,shared,"{'learning_rate': 0.0001, 'steps': 100}",0.21666666666666667,position_none,1009,multi,0.006190476190476191,-0.05666666666666664
descents,64,condition,"{'learning_rate': 0.0003, 'steps': 100}",0.20095238095238097,position_none,1009,multi,-0.009523809523809518,-0.07238095238095235
descents,256,candidate_shared,"{'learning_rate': 0.0003, 'steps': 100}",0.2638095238095238,position_none,1009,multi,0.017857142857142877,-0.017142857142857126
descents,256,shared,"{'learning_rate': 0.0001, 'steps': 100}",0.2469047619047619,position_none,1009,multi,-0.020952380952380945,-0.03404761904761905
descents,256,condition,"{'learning_rate': 0.0003, 'steps': 100}",0.2638095238095238,position_none,1009,multi,-0.004047619047619022,-0.017142857142857126
recoils,64,candidate_shared,"{'learning_rate': 0.0003, 'steps': 100}",0.2,position_none,1009,multi,0.0050000000000000044,-0.044999999999999984
recoils,64,shared,"{'learning_rate': 0.0001, 'steps': 100}",0.17547619047619048,position_none,1009,multi,-0.026904761904761904,-0.06952380952380952
recoils,64,condition,"{'learning_rate': 0.0003, 'steps': 100}",0.2,position_none,1009,multi,-0.0023809523809523725,-0.044999999999999984
recoils,256,candidate_shared,"{'learning_rate': 0.0003, 'steps': 100}",0.24261904761904762,position_none,1009,multi,-0.010000000000000009,-0.03666666666666668
recoils,256,shared,"{'learning_rate': 0.0001, 'steps': 100}",0.2307142857142857,position_none,1009,multi,-0.03619047619047622,-0.0485714285714286
recoils,256,condition,"{'learning_rate': 0.0003, 'steps': 100}",0.24261904761904762,position_none,1009,multi,-0.0242857142857143,-0.03666666666666668
lis_length,64,candidate_shared,"{'learning_rate': 0.0003, 'steps': 100}",0.32452380952380955,position_none,1009,multi,0.029047619047619044,0.010476190476190528
lis_length,64,shared,"{'learning_rate': 0.0001, 'steps': 100}",0.3280952380952381,position_none,1009,multi,0.04095238095238096,0.014047619047619087
lis_length,64,condition,"{'learning_rate': 0.0003, 'steps': 100}",0.32452380952380955,position_none,1009,multi,0.037380952380952404,0.010476190476190528
lis_length,256,candidate_shared,"{'learning_rate': 0.0003, 'steps': 100}",0.36,position_none,1009,multi,0.005238095238095208,0.023571428571428577
lis_length,256,shared,"{'learning_rate': 0.0001, 'steps': 100}",0.3454761904761905,position_none,1009,multi,-0.00976190476190475,0.009047619047619082
lis_length,256,condition,"{'learning_rate': 0.0003, 'steps': 100}",0.36,position_none,1009,multi,0.004761904761904745,0.023571428571428577
longest_increasing_run,64,candidate_shared,"{'learning_rate': 0.0003, 'steps': 100}",0.42428571428571427,position_none,1009,multi,0.030476190476190435,-0.005952380952380987
longest_increasing_run,64,shared,"{'learning_rate': 0.0001, 'steps': 100}",0.43023809523809525,position_none,1009,multi,0.04714285714285715,0.0
longest_increasing_run,64,condition,"{'learning_rate': 0.0003, 'steps': 100}",0.42428571428571427,position_none,1009,multi,0.041190476190476166,-0.005952380952380987
longest_increasing_run,256,candidate_shared,"{'learning_rate': 0.0003, 'steps': 100}",0.4664285714285714,position_none,1009,multi,0.07095238095238093,0.032380952380952344
longest_increasing_run,256,shared,"{'learning_rate': 0.0001, 'steps': 100}",0.47309523809523807,position_none,1009,multi,0.03952380952380952,0.039047619047619
longest_increasing_run,256,condition,"{'learning_rate': 0.0003, 'steps': 100}",0.4664285714285714,position_none,1009,multi,0.03285714285714286,0.032380952380952344
descents,64,candidate_shared,"{'learning_rate': 0.0003, 'steps': 100}",0.2119047619047619,position_four,3037,multi,-0.006666666666666682,-0.061428571428571416
descents,64,shared,"{'learning_rate': 0.0001, 'steps': 100}",0.21714285714285714,position_four,3037,multi,-0.00047619047619049115,-0.05619047619047618
descents,64,condition,"{'learning_rate': 0.001, 'steps': 100}",0.2257142857142857,position_four,3037,multi,0.008095238095238072,-0.047619047619047616
descents,256,candidate_shared,"{'learning_rate': 0.0003, 'steps': 100}",0.24285714285714285,position_four,3037,multi,-0.0016666666666666774,-0.0380952380952381
descents,256,shared,"{'learning_rate': 0.0001, 'steps': 100}",0.22785714285714287,position_four,3037,multi,-0.025476190476190486,-0.053095238095238084
descents,256,condition,"{'learning_rate': 0.001, 'steps': 100}",0.2511904761904762,position_four,3037,multi,-0.0021428571428571686,-0.029761904761904767
recoils,64,candidate_shared,"{'learning_rate': 0.0003, 'steps': 100}",0.22238095238095237,position_four,3037,multi,0.031190476190476185,-0.022619047619047622
recoils,64,shared,"{'learning_rate': 0.0001, 'steps': 100}",0.21285714285714286,position_four,3037,multi,0.019523809523809527,-0.03214285714285714
recoils,64,condition,"{'learning_rate': 0.001, 'steps': 100}",0.2195238095238095,position_four,3037,multi,0.02619047619047618,-0.025476190476190486
recoils,256,candidate_shared,"{'learning_rate': 0.0003, 'steps': 100}",0.2361904761904762,position_four,3037,multi,-0.012619047619047613,-0.0430952380952381
recoils,256,shared,"{'learning_rate': 0.0001, 'steps': 100}",0.22738095238095238,position_four,3037,multi,-0.04000000000000001,-0.051904761904761926
recoils,256,condition,"{'learning_rate': 0.001, 'steps': 100}",0.22404761904761905,position_four,3037,multi,-0.043333333333333335,-0.05523809523809525
lis_length,64,candidate_shared,"{'learning_rate': 0.0003, 'steps': 100}",0.27404761904761904,position_four,3037,multi,-0.002619047619047632,-0.03999999999999998
lis_length,64,shared,"{'learning_rate': 0.0001, 'steps': 100}",0.26357142857142857,position_four,3037,multi,-0.019285714285714295,-0.05047619047619045
lis_length,64,condition,"{'learning_rate': 0.001, 'steps': 100}",0.2966666666666667,position_four,3037,multi,0.013809523809523827,-0.01738095238095233
lis_length,256,candidate_shared,"{'learning_rate': 0.0003, 'steps': 100}",0.3330952380952381,position_four,3037,multi,-0.026190476190476153,-0.0033333333333332993
lis_length,256,shared,"{'learning_rate': 0.0001, 'steps': 100}",0.31523809523809526,position_four,3037,multi,-0.0488095238095238,-0.02119047619047615
lis_length,256,condition,"{'learning_rate': 0.001, 'steps': 100}",0.319047619047619,position_four,3037,multi,-0.04500000000000004,-0.017380952380952386
longest_increasing_run,64,candidate_shared,"{'learning_rate': 0.0003, 'steps': 100}",0.3992857142857143,position_four,3037,multi,0.02238095238095239,-0.030952380952380953
longest_increasing_run,64,shared,"{'learning_rate': 0.0001, 'steps': 100}",0.35285714285714287,position_four,3037,multi,-0.03142857142857142,-0.07738095238095238
longest_increasing_run,64,condition,"{'learning_rate': 0.001, 'steps': 100}",0.4023809523809524,position_four,3037,multi,0.01809523809523811,-0.027857142857142858
longest_increasing_run,256,candidate_shared,"{'learning_rate': 0.0003, 'steps': 100}",0.4135714285714286,position_four,3037,multi,0.04309523809523813,-0.02047619047619048
longest_increasing_run,256,shared,"{'learning_rate': 0.0001, 'steps': 100}",0.41,position_four,3037,multi,-0.012380952380952381,-0.024047619047619095
longest_increasing_run,256,condition,"{'learning_rate': 0.001, 'steps': 100}",0.435,position_four,3037,multi,0.01261904761904764,0.0009523809523809268
descents,64,candidate_shared,"{'learning_rate': 0.0003, 'steps': 100}",0.2257142857142857,valleys,2027,single,0.002857142857142836,-0.047619047619047616
descents,64,shared,"{'learning_rate': 0.0001, 'steps': 100}",0.22595238095238096,valleys,2027,single,0.008571428571428591,-0.04738095238095236
descents,64,condition,"{'learning_rate': 0.0003, 'steps': 100}",0.2257142857142857,valleys,2027,single,0.008333333333333331,-0.047619047619047616
descents,256,candidate_shared,"{'learning_rate': 0.0003, 'steps': 100}",0.25285714285714284,valleys,2027,single,-0.021904761904761927,-0.028095238095238118
descents,256,shared,"{'learning_rate': 0.0001, 'steps': 100}",0.2561904761904762,valleys,2027,single,-0.005714285714285727,-0.024761904761904763
descents,256,condition,"{'learning_rate': 0.0003, 'steps': 100}",0.25285714285714284,valleys,2027,single,-0.009047619047619082,-0.028095238095238118
recoils,64,candidate_shared,"{'learning_rate': 0.0003, 'steps': 100}",0.2,valleys,2027,single,-0.0057142857142856995,-0.044999999999999984
recoils,64,shared,"{'learning_rate': 0.0001, 'steps': 100}",0.1926190476190476,valleys,2027,single,-0.012380952380952381,-0.05238095238095239
recoils,64,condition,"{'learning_rate': 0.0003, 'steps': 100}",0.2,valleys,2027,single,-0.004999999999999977,-0.044999999999999984
recoils,256,candidate_shared,"{'learning_rate': 0.0003, 'steps': 100}",0.24642857142857144,valleys,2027,single,0.01809523809523811,-0.03285714285714286
recoils,256,shared,"{'learning_rate': 0.0001, 'steps': 100}",0.23785714285714285,valleys,2027,single,-0.039285714285714285,-0.041428571428571453
recoils,256,condition,"{'learning_rate': 0.0003, 'steps': 100}",0.24642857142857144,valleys,2027,single,-0.030714285714285694,-0.03285714285714286
lis_length,64,candidate_shared,"{'learning_rate': 0.0003, 'steps': 100}",0.3119047619047619,valleys,2027,single,0.028095238095238118,-0.002142857142857113
lis_length,64,shared,"{'learning_rate': 0.0001, 'steps': 100}",0.28809523809523807,valleys,2027,single,-0.0050000000000000044,-0.02595238095238095
lis_length,64,condition,"{'learning_rate': 0.0003, 'steps': 100}",0.3119047619047619,valleys,2027,single,0.01880952380952383,-0.002142857142857113
lis_length,256,candidate_shared,"{'learning_rate': 0.0003, 'steps': 100}",0.32761904761904764,valleys,2027,single,-0.007619047619047581,-0.008809523809523767
lis_length,256,shared,"{'learning_rate': 0.0001, 'steps': 100}",0.310952380952381,valleys,2027,single,-0.049285714285714266,-0.02547619047619043
lis_length,256,condition,"{'learning_rate': 0.0003, 'steps': 100}",0.32761904761904764,valleys,2027,single,-0.0326190476190476,-0.008809523809523767
longest_increasing_run,64,candidate_shared,"{'learning_rate': 0.0003, 'steps': 100}",0.4042857142857143,valleys,2027,single,-0.00023809523809520394,-0.02595238095238095
longest_increasing_run,64,shared,"{'learning_rate': 0.0001, 'steps': 100}",0.384047619047619,valleys,2027,single,-0.019523809523809554,-0.046190476190476226
longest_increasing_run,64,condition,"{'learning_rate': 0.0003, 'steps': 100}",0.4042857142857143,valleys,2027,single,0.0007142857142857229,-0.02595238095238095
longest_increasing_run,256,candidate_shared,"{'learning_rate': 0.0003, 'steps': 100}",0.41523809523809524,valleys,2027,single,0.04095238095238096,-0.01880952380952383
longest_increasing_run,256,shared,"{'learning_rate': 0.0001, 'steps': 100}",0.4245238095238095,valleys,2027,single,-0.011190476190476195,-0.009523809523809545
longest_increasing_run,256,condition,"{'learning_rate': 0.0003, 'steps': 100}",0.41523809523809524,valleys,2027,single,-0.02047619047619048,-0.01880952380952383
descents,64,candidate_shared,"{'learning_rate': 0.0003, 'steps': 100}",0.20547619047619048,right_to_left_maxima,1009,single,-0.008571428571428563,-0.06785714285714284
descents,64,shared,"{'learning_rate': 0.0001, 'steps': 100}",0.18666666666666668,right_to_left_maxima,1009,single,-0.023809523809523808,-0.08666666666666664
descents,64,condition,"{'learning_rate': 0.0003, 'steps': 100}",0.20547619047619048,right_to_left_maxima,1009,single,-0.0050000000000000044,-0.06785714285714284
descents,256,candidate_shared,"{'learning_rate': 0.0003, 'steps': 100}",0.2307142857142857,right_to_left_maxima,1009,single,-0.015238095238095245,-0.05023809523809525
descents,256,shared,"{'learning_rate': 0.0001, 'steps': 100}",0.24642857142857144,right_to_left_maxima,1009,single,-0.021428571428571408,-0.03452380952380951
descents,256,condition,"{'learning_rate': 0.0003, 'steps': 100}",0.2307142857142857,right_to_left_maxima,1009,single,-0.037142857142857144,-0.05023809523809525
recoils,64,candidate_shared,"{'learning_rate': 0.0003, 'steps': 100}",0.20047619047619047,right_to_left_maxima,1009,single,0.005476190476190468,-0.04452380952380952
recoils,64,shared,"{'learning_rate': 0.0001, 'steps': 100}",0.19785714285714287,right_to_left_maxima,1009,single,-0.004523809523809513,-0.047142857142857125
recoils,64,condition,"{'learning_rate': 0.0003, 'steps': 100}",0.20047619047619047,right_to_left_maxima,1009,single,-0.001904761904761909,-0.04452380952380952
recoils,256,candidate_shared,"{'learning_rate': 0.0003, 'steps': 100}",0.24785714285714286,right_to_left_maxima,1009,single,-0.004761904761904773,-0.031428571428571445
recoils,256,shared,"{'learning_rate': 0.0001, 'steps': 100}",0.26142857142857145,right_to_left_maxima,1009,single,-0.005476190476190468,-0.01785714285714285
recoils,256,condition,"{'learning_rate': 0.0003, 'steps': 100}",0.24785714285714286,right_to_left_maxima,1009,single,-0.019047619047619063,-0.031428571428571445
lis_length,64,candidate_shared,"{'learning_rate': 0.0003, 'steps': 100}",0.24166666666666667,right_to_left_maxima,1009,single,-0.053809523809523835,-0.07238095238095235
lis_length,64,shared,"{'learning_rate': 0.0001, 'steps': 100}",0.26142857142857145,right_to_left_maxima,1009,single,-0.02571428571428569,-0.052619047619047565
lis_length,64,condition,"{'learning_rate': 0.0003, 'steps': 100}",0.24166666666666667,right_to_left_maxima,1009,single,-0.045476190476190476,-0.07238095238095235
lis_length,256,candidate_shared,"{'learning_rate': 0.0003, 'steps': 100}",0.3545238095238095,right_to_left_maxima,1009,single,-0.00023809523809525945,0.01809523809523811
lis_length,256,shared,"{'learning_rate': 0.0001, 'steps': 100}",0.3242857142857143,right_to_left_maxima,1009,single,-0.030952380952380953,-0.012142857142857122
lis_length,256,condition,"{'learning_rate': 0.0003, 'steps': 100}",0.3545238095238095,right_to_left_maxima,1009,single,-0.0007142857142857229,0.01809523809523811
longest_increasing_run,64,candidate_shared,"{'learning_rate': 0.0003, 'steps': 100}",0.41404761904761905,right_to_left_maxima,1009,single,0.02023809523809522,-0.0161904761904762
longest_increasing_run,64,shared,"{'learning_rate': 0.0001, 'steps': 100}",0.36666666666666664,right_to_left_maxima,1009,single,-0.01642857142857146,-0.06357142857142861
longest_increasing_run,64,condition,"{'learning_rate': 0.0003, 'steps': 100}",0.41404761904761905,right_to_left_maxima,1009,single,0.030952380952380953,-0.0161904761904762
longest_increasing_run,256,candidate_shared,"{'learning_rate': 0.0003, 'steps': 100}",0.4038095238095238,right_to_left_maxima,1009,single,0.008333333333333304,-0.030238095238095286
longest_increasing_run,256,shared,"{'learning_rate': 0.0001, 'steps': 100}",0.42238095238095236,right_to_left_maxima,1009,single,-0.011190476190476195,-0.011666666666666714
longest_increasing_run,256,condition,"{'learning_rate': 0.0003, 'steps': 100}",0.4038095238095238,right_to_left_maxima,1009,single,-0.029761904761904767,-0.030238095238095286
descents,64,candidate_shared,"{'learning_rate': 0.0003, 'steps': 100}",0.18404761904761904,cycle_three,3037,multi,-0.03452380952380954,-0.08928571428571427
descents,64,shared,"{'learning_rate': 0.0001, 'steps': 100}",0.13976190476190475,cycle_three,3037,multi,-0.07785714285714287,-0.13357142857142856
descents,64,condition,"{'learning_rate': 0.001, 'steps': 100}",0.19285714285714287,cycle_three,3037,multi,-0.024761904761904763,-0.08047619047619045
descents,256,candidate_shared,"{'learning_rate': 0.0003, 'steps': 100}",0.2257142857142857,cycle_three,3037,multi,-0.01880952380952383,-0.05523809523809525
descents,256,shared,"{'learning_rate': 0.0001, 'steps': 100}",0.22428571428571428,cycle_three,3037,multi,-0.029047619047619072,-0.05666666666666667
descents,256,condition,"{'learning_rate': 0.001, 'steps': 100}",0.20904761904761904,cycle_three,3037,multi,-0.04428571428571432,-0.07190476190476192
recoils,64,candidate_shared,"{'learning_rate': 0.0003, 'steps': 100}",0.18,cycle_three,3037,multi,-0.011190476190476195,-0.065
recoils,64,shared,"{'learning_rate': 0.0001, 'steps': 100}",0.15928571428571428,cycle_three,3037,multi,-0.03404761904761905,-0.08571428571428572
recoils,64,condition,"{'learning_rate': 0.001, 'steps': 100}",0.1792857142857143,cycle_three,3037,multi,-0.014047619047619031,-0.0657142857142857
recoils,256,candidate_shared,"{'learning_rate': 0.0003, 'steps': 100}",0.23166666666666666,cycle_three,3037,multi,-0.017142857142857154,-0.047619047619047644
recoils,256,shared,"{'learning_rate': 0.0001, 'steps': 100}",0.22404761904761905,cycle_three,3037,multi,-0.043333333333333335,-0.05523809523809525
recoils,256,condition,"{'learning_rate': 0.001, 'steps': 100}",0.2169047619047619,cycle_three,3037,multi,-0.05047619047619048,-0.0623809523809524
lis_length,64,candidate_shared,"{'learning_rate': 0.0003, 'steps': 100}",0.2842857142857143,cycle_three,3037,multi,0.007619047619047636,-0.02976190476190471
lis_length,64,shared,"{'learning_rate': 0.0001, 'steps': 100}",0.2995238095238095,cycle_three,3037,multi,0.016666666666666663,-0.014523809523809494
lis_length,64,condition,"{'learning_rate': 0.001, 'steps': 100}",0.26785714285714285,cycle_three,3037,multi,-0.015000000000000013,-0.04619047619047617
lis_length,256,candidate_shared,"{'learning_rate': 0.0003, 'steps': 100}",0.3361904761904762,cycle_three,3037,multi,-0.023095238095238058,-0.00023809523809520394
lis_length,256,shared,"{'learning_rate': 0.0001, 'steps': 100}",0.33476190476190476,cycle_three,3037,multi,-0.029285714285714304,-0.0016666666666666496
lis_length,256,condition,"{'learning_rate': 0.001, 'steps': 100}",0.325,cycle_three,3037,multi,-0.03904761904761905,-0.011428571428571399
longest_increasing_run,64,candidate_shared,"{'learning_rate': 0.0003, 'steps': 100}",0.4280952380952381,cycle_three,3037,multi,0.051190476190476175,-0.0021428571428571686
longest_increasing_run,64,shared,"{'learning_rate': 0.0001, 'steps': 100}",0.3985714285714286,cycle_three,3037,multi,0.01428571428571429,-0.031666666666666676
longest_increasing_run,64,condition,"{'learning_rate': 0.001, 'steps': 100}",0.38166666666666665,cycle_three,3037,multi,-0.002619047619047632,-0.0485714285714286
longest_increasing_run,256,candidate_shared,"{'learning_rate': 0.0003, 'steps': 100}",0.4107142857142857,cycle_three,3037,multi,0.04023809523809524,-0.023333333333333373
longest_increasing_run,256,shared,"{'learning_rate': 0.0001, 'steps': 100}",0.4235714285714286,cycle_three,3037,multi,0.0011904761904762418,-0.010476190476190472
longest_increasing_run,256,condition,"{'learning_rate': 0.001, 'steps': 100}",0.36547619047619045,cycle_three,3037,multi,-0.0569047619047619,-0.06857142857142862
descents,64,candidate_shared,"{'learning_rate': 0.0003, 'steps': 100}",0.1788095238095238,left_to_right_maxima,2027,single,-0.04404761904761906,-0.09452380952380951
descents,64,shared,"{'learning_rate': 0.0001, 'steps': 100}",0.19047619047619047,left_to_right_maxima,2027,single,-0.026904761904761904,-0.08285714285714285
descents,64,condition,"{'learning_rate': 0.0003, 'steps': 100}",0.1788095238095238,left_to_right_maxima,2027,single,-0.03857142857142856,-0.09452380952380951
descents,256,candidate_shared,"{'learning_rate': 0.0003, 'steps': 100}",0.27380952380952384,left_to_right_maxima,2027,single,-0.0009523809523809268,-0.0071428571428571175
descents,256,shared,"{'learning_rate': 0.0001, 'steps': 100}",0.2580952380952381,left_to_right_maxima,2027,single,-0.003809523809523818,-0.022857142857142854
descents,256,condition,"{'learning_rate': 0.0003, 'steps': 100}",0.27380952380952384,left_to_right_maxima,2027,single,0.011904761904761918,-0.0071428571428571175
recoils,64,candidate_shared,"{'learning_rate': 0.0003, 'steps': 100}",0.1823809523809524,left_to_right_maxima,2027,single,-0.023333333333333317,-0.0626190476190476
recoils,64,shared,"{'learning_rate': 0.0001, 'steps': 100}",0.16166666666666665,left_to_right_maxima,2027,single,-0.043333333333333335,-0.08333333333333334
recoils,64,condition,"{'learning_rate': 0.0003, 'steps': 100}",0.1823809523809524,left_to_right_maxima,2027,single,-0.022619047619047594,-0.0626190476190476
recoils,256,candidate_shared,"{'learning_rate': 0.0003, 'steps': 100}",0.23952380952380953,left_to_right_maxima,2027,single,0.011190476190476195,-0.039761904761904776
recoils,256,shared,"{'learning_rate': 0.0001, 'steps': 100}",0.24071428571428571,left_to_right_maxima,2027,single,-0.03642857142857142,-0.03857142857142859
recoils,256,condition,"{'learning_rate': 0.0003, 'steps': 100}",0.23952380952380953,left_to_right_maxima,2027,single,-0.03761904761904761,-0.039761904761904776
lis_length,64,candidate_shared,"{'learning_rate': 0.0003, 'steps': 100}",0.25547619047619047,left_to_right_maxima,2027,single,-0.02833333333333332,-0.05857142857142855
lis_length,64,shared,"{'learning_rate': 0.0001, 'steps': 100}",0.24738095238095237,left_to_right_maxima,2027,single,-0.04571428571428571,-0.06666666666666665
lis_length,64,condition,"{'learning_rate': 0.0003, 'steps': 100}",0.25547619047619047,left_to_right_maxima,2027,single,-0.03761904761904761,-0.05857142857142855
lis_length,256,candidate_shared,"{'learning_rate': 0.0003, 'steps': 100}",0.3323809523809524,left_to_right_maxima,2027,single,-0.002857142857142836,-0.004047619047619022
lis_length,256,shared,"{'learning_rate': 0.0001, 'steps': 100}",0.3630952380952381,left_to_right_maxima,2027,single,0.002857142857142836,0.026666666666666672
lis_length,256,condition,"{'learning_rate': 0.0003, 'steps': 100}",0.3323809523809524,left_to_right_maxima,2027,single,-0.027857142857142858,-0.004047619047619022
longest_increasing_run,64,candidate_shared,"{'learning_rate': 0.0003, 'steps': 100}",0.39904761904761904,left_to_right_maxima,2027,single,-0.005476190476190468,-0.031190476190476213
longest_increasing_run,64,shared,"{'learning_rate': 0.0001, 'steps': 100}",0.37,left_to_right_maxima,2027,single,-0.033571428571428585,-0.06023809523809526
longest_increasing_run,64,condition,"{'learning_rate': 0.0003, 'steps': 100}",0.39904761904761904,left_to_right_maxima,2027,single,-0.004523809523809541,-0.031190476190476213
longest_increasing_run,256,candidate_shared,"{'learning_rate': 0.0003, 'steps': 100}",0.384047619047619,left_to_right_maxima,2027,single,0.00976190476190475,-0.050000000000000044
longest_increasing_run,256,shared,"{'learning_rate': 0.0001, 'steps': 100}",0.4111904761904762,left_to_right_maxima,2027,single,-0.024523809523809503,-0.022857142857142854
longest_increasing_run,256,condition,"{'learning_rate': 0.0003, 'steps': 100}",0.384047619047619,left_to_right_maxima,2027,single,-0.051666666666666694,-0.050000000000000044
descents,64,candidate_shared,"{'learning_rate': 0.0003, 'steps': 100}",0.23642857142857143,interior_none,2027,multi,0.013571428571428568,-0.036904761904761885
descents,64,shared,"{'learning_rate': 0.0001, 'steps': 100}",0.2219047619047619,interior_none,2027,multi,0.004523809523809541,-0.05142857142857141
descents,64,condition,"{'learning_rate': 0.0003, 'steps': 100}",0.23642857142857143,interior_none,2027,multi,0.019047619047619063,-0.036904761904761885
descents,256,candidate_shared,"{'learning_rate': 0.0003, 'steps': 100}",0.2807142857142857,interior_none,2027,multi,0.005952380952380931,-0.00023809523809525945
descents,256,shared,"{'learning_rate': 0.0001, 'steps': 100}",0.2904761904761905,interior_none,2027,multi,0.02857142857142858,0.009523809523809545
descents,256,condition,"{'learning_rate': 0.0003, 'steps': 100}",0.2807142857142857,interior_none,2027,multi,0.018809523809523776,-0.00023809523809525945
recoils,64,candidate_shared,"{'learning_rate': 0.0003, 'steps': 100}",0.19976190476190475,interior_none,2027,multi,-0.005952380952380959,-0.045238095238095244
recoils,64,shared,"{'learning_rate': 0.0001, 'steps': 100}",0.2011904761904762,interior_none,2027,multi,-0.0038095238095237904,-0.0438095238095238
recoils,64,condition,"{'learning_rate': 0.0003, 'steps': 100}",0.19976190476190475,interior_none,2027,multi,-0.005238095238095236,-0.045238095238095244
recoils,256,candidate_shared,"{'learning_rate': 0.0003, 'steps': 100}",0.24142857142857144,interior_none,2027,multi,0.013095238095238104,-0.03785714285714287
recoils,256,shared,"{'learning_rate': 0.0001, 'steps': 100}",0.24785714285714286,interior_none,2027,multi,-0.029285714285714276,-0.031428571428571445
recoils,256,condition,"{'learning_rate': 0.0003, 'steps': 100}",0.24142857142857144,interior_none,2027,multi,-0.0357142857142857,-0.03785714285714287
lis_length,64,candidate_shared,"{'learning_rate': 0.0003, 'steps': 100}",0.3414285714285714,interior_none,2027,multi,0.057619047619047625,0.027380952380952395
lis_length,64,shared,"{'learning_rate': 0.0001, 'steps': 100}",0.3304761904761905,interior_none,2027,multi,0.037380952380952404,0.01642857142857146
lis_length,64,condition,"{'learning_rate': 0.0003, 'steps': 100}",0.3414285714285714,interior_none,2027,multi,0.04833333333333334,0.027380952380952395
lis_length,256,candidate_shared,"{'learning_rate': 0.0003, 'steps': 100}",0.35285714285714287,interior_none,2027,multi,0.017619047619047645,0.01642857142857146
lis_length,256,shared,"{'learning_rate': 0.0001, 'steps': 100}",0.37166666666666665,interior_none,2027,multi,0.011428571428571399,0.035238095238095235
lis_length,256,condition,"{'learning_rate': 0.0003, 'steps': 100}",0.35285714285714287,interior_none,2027,multi,-0.007380952380952377,0.01642857142857146
longest_increasing_run,64,candidate_shared,"{'learning_rate': 0.0003, 'steps': 100}",0.415,interior_none,2027,multi,0.010476190476190472,-0.015238095238095273
longest_increasing_run,64,shared,"{'learning_rate': 0.0001, 'steps': 100}",0.3759523809523809,interior_none,2027,multi,-0.027619047619047654,-0.054285714285714326
longest_increasing_run,64,condition,"{'learning_rate': 0.0003, 'steps': 100}",0.415,interior_none,2027,multi,0.011428571428571399,-0.015238095238095273
longest_increasing_run,256,candidate_shared,"{'learning_rate': 0.0003, 'steps': 100}",0.41285714285714287,interior_none,2027,multi,0.03857142857142859,-0.021190476190476204
longest_increasing_run,256,shared,"{'learning_rate': 0.0001, 'steps': 100}",0.42595238095238097,interior_none,2027,multi,-0.00976190476190475,-0.0080952380952381
longest_increasing_run,256,condition,"{'learning_rate': 0.0003, 'steps': 100}",0.41285714285714287,interior_none,2027,multi,-0.022857142857142854,-0.021190476190476204
descents,64,candidate_shared,"{'learning_rate': 0.0003, 'steps': 100}",0.20952380952380953,position_three,1009,multi,-0.004523809523809513,-0.06380952380952379
descents,64,shared,"{'learning_rate': 0.0001, 'steps': 100}",0.22428571428571428,position_three,1009,multi,0.0138095238095238,-0.049047619047619034
descents,64,condition,"{'learning_rate': 0.001, 'steps': 1000}",0.24166666666666667,position_three,1009,multi,0.031190476190476185,-0.03166666666666665
descents,256,candidate_shared,"{'learning_rate': 0.0003, 'steps': 100}",0.259047619047619,position_three,1009,multi,0.013095238095238076,-0.021904761904761927
descents,256,shared,"{'learning_rate': 0.0001, 'steps': 100}",0.24,position_three,1009,multi,-0.027857142857142858,-0.04095238095238096
descents,256,condition,"{'learning_rate': 0.001, 'steps': 1000}",0.22071428571428572,position_three,1009,multi,-0.047142857142857125,-0.06023809523809523
recoils,64,candidate_shared,"{'learning_rate': 0.0003, 'steps': 100}",0.23047619047619047,position_three,1009,multi,0.03547619047619047,-0.014523809523809522
recoils,64,shared,"{'learning_rate': 0.0001, 'steps': 100}",0.22738095238095238,position_three,1009,multi,0.024999999999999994,-0.017619047619047618
recoils,64,condition,"{'learning_rate': 0.001, 'steps': 1000}",0.23142857142857143,position_three,1009,multi,0.029047619047619044,-0.013571428571428568
recoils,256,candidate_shared,"{'learning_rate': 0.0003, 'steps': 100}",0.25142857142857145,position_three,1009,multi,-0.0011904761904761862,-0.027857142857142858
recoils,256,shared,"{'learning_rate': 0.0001, 'steps': 100}",0.2611904761904762,position_three,1009,multi,-0.005714285714285727,-0.01809523809523811
recoils,256,condition,"{'learning_rate': 0.001, 'steps': 1000}",0.2388095238095238,position_three,1009,multi,-0.028095238095238118,-0.0404761904761905
lis_length,64,candidate_shared,"{'learning_rate': 0.0003, 'steps': 100}",0.315,position_three,1009,multi,0.0195238095238095,0.0009523809523809823
lis_length,64,shared,"{'learning_rate': 0.0001, 'steps': 100}",0.2785714285714286,position_three,1009,multi,-0.008571428571428563,-0.03547619047619044
lis_length,64,condition,"{'learning_rate': 0.001, 'steps': 1000}",0.2819047619047619,position_three,1009,multi,-0.005238095238095264,-0.03214285714285714
lis_length,256,candidate_shared,"{'learning_rate': 0.0003, 'steps': 100}",0.3373809523809524,position_three,1009,multi,-0.017380952380952386,0.0009523809523809823
lis_length,256,shared,"{'learning_rate': 0.0001, 'steps': 100}",0.3111904761904762,position_three,1009,multi,-0.04404761904761906,-0.025238095238095226
lis_length,256,condition,"{'learning_rate': 0.001, 'steps': 1000}",0.31,position_three,1009,multi,-0.045238095238095244,-0.026428571428571412
longest_increasing_run,64,candidate_shared,"{'learning_rate': 0.0003, 'steps': 100}",0.38166666666666665,position_three,1009,multi,-0.012142857142857177,-0.0485714285714286
longest_increasing_run,64,shared,"{'learning_rate': 0.0001, 'steps': 100}",0.3892857142857143,position_three,1009,multi,0.006190476190476191,-0.04095238095238096
longest_increasing_run,64,condition,"{'learning_rate': 0.001, 'steps': 1000}",0.4064285714285714,position_three,1009,multi,0.023333333333333317,-0.023809523809523836
longest_increasing_run,256,candidate_shared,"{'learning_rate': 0.0003, 'steps': 100}",0.41928571428571426,position_three,1009,multi,0.02380952380952378,-0.01476190476190481
longest_increasing_run,256,shared,"{'learning_rate': 0.0001, 'steps': 100}",0.4095238095238095,position_three,1009,multi,-0.02404761904761904,-0.02452380952380956
longest_increasing_run,256,condition,"{'learning_rate': 0.001, 'steps': 1000}",0.36357142857142855,position_three,1009,multi,-0.07,-0.07047619047619053
descents,64,candidate_shared,"{'learning_rate': 0.0003, 'steps': 100}",0.15857142857142856,left_to_right_maxima,3037,single,-0.060000000000000026,-0.11476190476190476
descents,64,shared,"{'learning_rate': 0.0001, 'steps': 100}",0.11166666666666666,left_to_right_maxima,3037,single,-0.10595238095238096,-0.16166666666666665
descents,64,condition,"{'learning_rate': 0.0003, 'steps': 100}",0.15857142857142856,left_to_right_maxima,3037,single,-0.05904761904761907,-0.11476190476190476
descents,256,candidate_shared,"{'learning_rate': 0.0003, 'steps': 100}",0.245,left_to_right_maxima,3037,single,0.0004761904761904634,-0.03595238095238096
descents,256,shared,"{'learning_rate': 0.0001, 'steps': 100}",0.15428571428571428,left_to_right_maxima,3037,single,-0.09904761904761908,-0.12666666666666668
descents,256,condition,"{'learning_rate': 0.0003, 'steps': 100}",0.245,left_to_right_maxima,3037,single,-0.00833333333333336,-0.03595238095238096
recoils,64,candidate_shared,"{'learning_rate': 0.0003, 'steps': 100}",0.15333333333333332,left_to_right_maxima,3037,single,-0.03785714285714287,-0.09166666666666667
recoils,64,shared,"{'learning_rate': 0.0001, 'steps': 100}",0.11190476190476191,left_to_right_maxima,3037,single,-0.08142857142857142,-0.1330952380952381
recoils,64,condition,"{'learning_rate': 0.0003, 'steps': 100}",0.15333333333333332,left_to_right_maxima,3037,single,-0.04000000000000001,-0.09166666666666667
recoils,256,candidate_shared,"{'learning_rate': 0.0003, 'steps': 100}",0.22523809523809524,left_to_right_maxima,3037,single,-0.023571428571428577,-0.05404761904761907
recoils,256,shared,"{'learning_rate': 0.0001, 'steps': 100}",0.16095238095238096,left_to_right_maxima,3037,single,-0.10642857142857143,-0.11833333333333335
recoils,256,condition,"{'learning_rate': 0.0003, 'steps': 100}",0.22523809523809524,left_to_right_maxima,3037,single,-0.04214285714285715,-0.05404761904761907
lis_length,64,candidate_shared,"{'learning_rate': 0.0003, 'steps': 100}",0.2569047619047619,left_to_right_maxima,3037,single,-0.01976190476190476,-0.057142857142857106
lis_length,64,shared,"{'learning_rate': 0.0001, 'steps': 100}",0.24404761904761904,left_to_right_maxima,3037,single,-0.03880952380952382,-0.06999999999999998
lis_length,64,condition,"{'learning_rate': 0.0003, 'steps': 100}",0.2569047619047619,left_to_right_maxima,3037,single,-0.02595238095238095,-0.057142857142857106
lis_length,256,candidate_shared,"{'learning_rate': 0.0003, 'steps': 100}",0.33285714285714285,left_to_right_maxima,3037,single,-0.026428571428571412,-0.0035714285714285587
lis_length,256,shared,"{'learning_rate': 0.0001, 'steps': 100}",0.2916666666666667,left_to_right_maxima,3037,single,-0.07238095238095238,-0.044761904761904725
lis_length,256,condition,"{'learning_rate': 0.0003, 'steps': 100}",0.33285714285714285,left_to_right_maxima,3037,single,-0.031190476190476213,-0.0035714285714285587
longest_increasing_run,64,candidate_shared,"{'learning_rate': 0.0003, 'steps': 100}",0.4257142857142857,left_to_right_maxima,3037,single,0.0488095238095238,-0.004523809523809541
longest_increasing_run,64,shared,"{'learning_rate': 0.0001, 'steps': 100}",0.38761904761904764,left_to_right_maxima,3037,single,0.003333333333333355,-0.04261904761904761
longest_increasing_run,64,condition,"{'learning_rate': 0.0003, 'steps': 100}",0.4257142857142857,left_to_right_maxima,3037,single,0.041428571428571426,-0.004523809523809541
longest_increasing_run,256,candidate_shared,"{'learning_rate': 0.0003, 'steps': 100}",0.435952380952381,left_to_right_maxima,3037,single,0.06547619047619052,0.001904761904761909
longest_increasing_run,256,shared,"{'learning_rate': 0.0001, 'steps': 100}",0.4530952380952381,left_to_right_maxima,3037,single,0.03071428571428575,0.019047619047619035
longest_increasing_run,256,condition,"{'learning_rate': 0.0003, 'steps': 100}",0.435952380952381,left_to_right_maxima,3037,single,0.013571428571428623,0.001904761904761909
descents,64,candidate_shared,"{'learning_rate': 0.0003, 'steps': 100}",0.19642857142857142,position_none,3037,multi,-0.02214285714285716,-0.07690476190476189
descents,64,shared,"{'learning_rate': 0.0001, 'steps': 100}",0.17214285714285715,position_none,3037,multi,-0.045476190476190476,-0.10119047619047616
descents,64,condition,"{'learning_rate': 0.0003, 'steps': 100}",0.19642857142857142,position_none,3037,multi,-0.021190476190476204,-0.07690476190476189
descents,256,candidate_shared,"{'learning_rate': 0.0003, 'steps': 100}",0.26095238095238094,position_none,3037,multi,0.016428571428571404,-0.020000000000000018
descents,256,shared,"{'learning_rate': 0.0001, 'steps': 100}",0.2438095238095238,position_none,3037,multi,-0.009523809523809545,-0.037142857142857144
descents,256,condition,"{'learning_rate': 0.0003, 'steps': 100}",0.26095238095238094,position_none,3037,multi,0.007619047619047581,-0.020000000000000018
recoils,64,candidate_shared,"{'learning_rate': 0.0003, 'steps': 100}",0.17404761904761903,position_none,3037,multi,-0.017142857142857154,-0.07095238095238096
recoils,64,shared,"{'learning_rate': 0.0001, 'steps': 100}",0.1411904761904762,position_none,3037,multi,-0.05214285714285713,-0.1038095238095238
recoils,64,condition,"{'learning_rate': 0.0003, 'steps': 100}",0.17404761904761903,position_none,3037,multi,-0.019285714285714295,-0.07095238095238096
recoils,256,candidate_shared,"{'learning_rate': 0.0003, 'steps': 100}",0.24904761904761905,position_none,3037,multi,0.0002380952380952317,-0.03023809523809526
recoils,256,shared,"{'learning_rate': 0.0001, 'steps': 100}",0.24119047619047618,position_none,3037,multi,-0.02619047619047621,-0.038095238095238126
recoils,256,condition,"{'learning_rate': 0.0003, 'steps': 100}",0.24904761904761905,position_none,3037,multi,-0.01833333333333334,-0.03023809523809526
lis_length,64,candidate_shared,"{'learning_rate': 0.0003, 'steps': 100}",0.2945238095238095,position_none,3037,multi,0.01785714285714285,-0.0195238095238095
lis_length,64,shared,"{'learning_rate': 0.0001, 'steps': 100}",0.2664285714285714,position_none,3037,multi,-0.01642857142857146,-0.047619047619047616
lis_length,64,condition,"{'learning_rate': 0.0003, 'steps': 100}",0.2945238095238095,position_none,3037,multi,0.011666666666666659,-0.0195238095238095
lis_length,256,candidate_shared,"{'learning_rate': 0.0003, 'steps': 100}",0.36142857142857143,position_none,3037,multi,0.0021428571428571686,0.025000000000000022
lis_length,256,shared,"{'learning_rate': 0.0001, 'steps': 100}",0.3657142857142857,position_none,3037,multi,0.0016666666666666496,0.029285714285714304
lis_length,256,condition,"{'learning_rate': 0.0003, 'steps': 100}",0.36142857142857143,position_none,3037,multi,-0.002619047619047632,0.025000000000000022
longest_increasing_run,64,candidate_shared,"{'learning_rate': 0.0003, 'steps': 100}",0.4776190476190476,position_none,3037,multi,0.1007142857142857,0.04738095238095236
longest_increasing_run,64,shared,"{'learning_rate': 0.0001, 'steps': 100}",0.4654761904761905,position_none,3037,multi,0.0811904761904762,0.035238095238095235
longest_increasing_run,64,condition,"{'learning_rate': 0.0003, 'steps': 100}",0.4776190476190476,position_none,3037,multi,0.09333333333333332,0.04738095238095236
longest_increasing_run,256,candidate_shared,"{'learning_rate': 0.0003, 'steps': 100}",0.5007142857142857,position_none,3037,multi,0.1302380952380952,0.0666666666666666
longest_increasing_run,256,shared,"{'learning_rate': 0.0001, 'steps': 100}",0.5102380952380953,position_none,3037,multi,0.08785714285714291,0.0761904761904762
longest_increasing_run,256,condition,"{'learning_rate': 0.0003, 'steps': 100}",0.5007142857142857,position_none,3037,multi,0.07833333333333331,0.0666666666666666
descents,64,candidate_shared,"{'learning_rate': 0.0003, 'steps': 100}",0.2042857142857143,right_to_left_maxima,3037,single,-0.01428571428571429,-0.06904761904761902
descents,64,shared,"{'learning_rate': 0.0001, 'steps': 100}",0.18357142857142858,right_to_left_maxima,3037,single,-0.03404761904761905,-0.08976190476190474
descents,64,condition,"{'learning_rate': 0.0003, 'steps': 100}",0.2042857142857143,right_to_left_maxima,3037,single,-0.013333333333333336,-0.06904761904761902
descents,256,candidate_shared,"{'learning_rate': 0.0003, 'steps': 100}",0.2369047619047619,right_to_left_maxima,3037,single,-0.007619047619047636,-0.04404761904761906
descents,256,shared,"{'learning_rate': 0.0001, 'steps': 100}",0.255,right_to_left_maxima,3037,single,0.0016666666666666496,-0.02595238095238095
descents,256,condition,"{'learning_rate': 0.0003, 'steps': 100}",0.2369047619047619,right_to_left_maxima,3037,single,-0.01642857142857146,-0.04404761904761906
recoils,64,candidate_shared,"{'learning_rate': 0.0003, 'steps': 100}",0.19428571428571428,right_to_left_maxima,3037,single,0.0030952380952380953,-0.05071428571428571
recoils,64,shared,"{'learning_rate': 0.0001, 'steps': 100}",0.1719047619047619,right_to_left_maxima,3037,single,-0.021428571428571436,-0.0730952380952381
recoils,64,condition,"{'learning_rate': 0.0003, 'steps': 100}",0.19428571428571428,right_to_left_maxima,3037,single,0.0009523809523809545,-0.05071428571428571
recoils,256,candidate_shared,"{'learning_rate': 0.0003, 'steps': 100}",0.25357142857142856,right_to_left_maxima,3037,single,0.004761904761904745,-0.025714285714285745
recoils,256,shared,"{'learning_rate': 0.0001, 'steps': 100}",0.2733333333333333,right_to_left_maxima,3037,single,0.005952380952380931,-0.005952380952380987
recoils,256,condition,"{'learning_rate': 0.0003, 'steps': 100}",0.25357142857142856,right_to_left_maxima,3037,single,-0.013809523809523827,-0.025714285714285745
lis_length,64,candidate_shared,"{'learning_rate': 0.0003, 'steps': 100}",0.29,right_to_left_maxima,3037,single,0.013333333333333308,-0.02404761904761904
lis_length,64,shared,"{'learning_rate': 0.0001, 'steps': 100}",0.265,right_to_left_maxima,3037,single,-0.01785714285714285,-0.04904761904761901
lis_length,64,condition,"{'learning_rate': 0.0003, 'steps': 100}",0.29,right_to_left_maxima,3037,single,0.0071428571428571175,-0.02404761904761904
lis_length,256,candidate_shared,"{'learning_rate': 0.0003, 'steps': 100}",0.3333333333333333,right_to_left_maxima,3037,single,-0.02595238095238095,-0.0030952380952380953
lis_length,256,shared,"{'learning_rate': 0.0001, 'steps': 100}",0.355,right_to_left_maxima,3037,single,-0.009047619047619082,0.018571428571428572
lis_length,256,condition,"{'learning_rate': 0.0003, 'steps': 100}",0.3333333333333333,right_to_left_maxima,3037,single,-0.03071428571428575,-0.0030952380952380953
longest_increasing_run,64,candidate_shared,"{'learning_rate': 0.0003, 'steps': 100}",0.4173809523809524,right_to_left_maxima,3037,single,0.0404761904761905,-0.012857142857142845
longest_increasing_run,64,shared,"{'learning_rate': 0.0001, 'steps': 100}",0.39571428571428574,right_to_left_maxima,3037,single,0.011428571428571455,-0.03452380952380951
longest_increasing_run,64,condition,"{'learning_rate': 0.0003, 'steps': 100}",0.4173809523809524,right_to_left_maxima,3037,single,0.03309523809523812,-0.012857142857142845
longest_increasing_run,256,candidate_shared,"{'learning_rate': 0.0003, 'steps': 100}",0.3930952380952381,right_to_left_maxima,3037,single,0.02261904761904765,-0.04095238095238096
longest_increasing_run,256,shared,"{'learning_rate': 0.0001, 'steps': 100}",0.39571428571428574,right_to_left_maxima,3037,single,-0.026666666666666616,-0.03833333333333333
longest_increasing_run,256,condition,"{'learning_rate': 0.0003, 'steps': 100}",0.3930952380952381,right_to_left_maxima,3037,single,-0.02928571428571425,-0.04095238095238096
descents,64,candidate_shared,"{'learning_rate': 0.0003, 'steps': 100}",0.2007142857142857,right_to_left_maxima,4051,single,-0.011904761904761918,-0.07261904761904761
descents,64,shared,"{'learning_rate': 0.0001, 'steps': 100}",0.16738095238095238,right_to_left_maxima,4051,single,-0.051428571428571435,-0.10595238095238094
descents,64,condition,"{'learning_rate': 0.0003, 'steps': 100}",0.2007142857142857,right_to_left_maxima,4051,single,-0.01809523809523811,-0.07261904761904761
descents,256,candidate_shared,"{'learning_rate': 0.0003, 'steps': 100}",0.23642857142857143,right_to_left_maxima,4051,single,-0.0323809523809524,-0.04452380952380952
descents,256,shared,"{'learning_rate': 0.0001, 'steps': 100}",0.23333333333333334,right_to_left_maxima,4051,single,-0.030714285714285694,-0.047619047619047616
descents,256,condition,"{'learning_rate': 0.0003, 'steps': 100}",0.23642857142857143,right_to_left_maxima,4051,single,-0.0276190476190476,-0.04452380952380952
recoils,64,candidate_shared,"{'learning_rate': 0.0003, 'steps': 100}",0.19952380952380952,right_to_left_maxima,4051,single,0.0050000000000000044,-0.045476190476190476
recoils,64,shared,"{'learning_rate': 0.0001, 'steps': 100}",0.1569047619047619,right_to_left_maxima,4051,single,-0.04166666666666666,-0.08809523809523809
recoils,64,condition,"{'learning_rate': 0.0003, 'steps': 100}",0.19952380952380952,right_to_left_maxima,4051,single,0.0009523809523809545,-0.045476190476190476
recoils,256,candidate_shared,"{'learning_rate': 0.0003, 'steps': 100}",0.2519047619047619,right_to_left_maxima,4051,single,0.010714285714285732,-0.027380952380952395
recoils,256,shared,"{'learning_rate': 0.0001, 'steps': 100}",0.25214285714285717,right_to_left_maxima,4051,single,-0.010476190476190472,-0.027142857142857135
recoils,256,condition,"{'learning_rate': 0.0003, 'steps': 100}",0.2519047619047619,right_to_left_maxima,4051,single,-0.010714285714285732,-0.027380952380952395
lis_length,64,candidate_shared,"{'learning_rate': 0.0003, 'steps': 100}",0.29428571428571426,right_to_left_maxima,4051,single,0.016904761904761867,-0.01976190476190476
lis_length,64,shared,"{'learning_rate': 0.0001, 'steps': 100}",0.2914285714285714,right_to_left_maxima,4051,single,0.0014285714285714457,-0.022619047619047594
lis_length,64,condition,"{'learning_rate': 0.0003, 'steps': 100}",0.29428571428571426,right_to_left_maxima,4051,single,0.004285714285714282,-0.01976190476190476
lis_length,256,candidate_shared,"{'learning_rate': 0.0003, 'steps': 100}",0.33404761904761904,right_to_left_maxima,4051,single,-0.004761904761904745,-0.0023809523809523725
lis_length,256,shared,"{'learning_rate': 0.0001, 'steps': 100}",0.3442857142857143,right_to_left_maxima,4051,single,0.015952380952380996,0.007857142857142896
lis_length,256,condition,"{'learning_rate': 0.0003, 'steps': 100}",0.33404761904761904,right_to_left_maxima,4051,single,0.005714285714285727,-0.0023809523809523725
longest_increasing_run,64,candidate_shared,"{'learning_rate': 0.0003, 'steps': 100}",0.3742857142857143,right_to_left_maxima,4051,single,-0.002619047619047632,-0.055952380952380976
longest_increasing_run,64,shared,"{'learning_rate': 0.0001, 'steps': 100}",0.3433333333333333,right_to_left_maxima,4051,single,-0.0569047619047619,-0.08690476190476193
longest_increasing_run,64,condition,"{'learning_rate': 0.0003, 'steps': 100}",0.3742857142857143,right_to_left_maxima,4051,single,-0.02595238095238095,-0.055952380952380976
longest_increasing_run,256,candidate_shared,"{'learning_rate': 0.0003, 'steps': 100}",0.37166666666666665,right_to_left_maxima,4051,single,-0.03309523809523812,-0.062380952380952426
longest_increasing_run,256,shared,"{'learning_rate': 0.0001, 'steps': 100}",0.43142857142857144,right_to_left_maxima,4051,single,-0.01976190476190476,-0.002619047619047632
longest_increasing_run,256,condition,"{'learning_rate': 0.0003, 'steps': 100}",0.37166666666666665,right_to_left_maxima,4051,single,-0.07952380952380955,-0.062380952380952426
descents,64,candidate_shared,"{'learning_rate': 0.0003, 'steps': 100}",0.23595238095238094,peaks,2027,single,0.013095238095238076,-0.037380952380952376
descents,64,shared,"{'learning_rate': 0.0001, 'steps': 100}",0.22666666666666666,peaks,2027,single,0.009285714285714286,-0.04666666666666666
descents,64,condition,"{'learning_rate': 0.0003, 'steps': 100}",0.23595238095238094,peaks,2027,single,0.018571428571428572,-0.037380952380952376
descents,256,candidate_shared,"{'learning_rate': 0.0003, 'steps': 100}",0.26357142857142857,peaks,2027,single,-0.011190476190476195,-0.017380952380952386
descents,256,shared,"{'learning_rate': 0.0001, 'steps': 100}",0.24047619047619048,peaks,2027,single,-0.021428571428571436,-0.04047619047619047
descents,256,condition,"{'learning_rate': 0.0003, 'steps': 100}",0.26357142857142857,peaks,2027,single,0.0016666666666666496,-0.017380952380952386
recoils,64,candidate_shared,"{'learning_rate': 0.0003, 'steps': 100}",0.21642857142857144,peaks,2027,single,0.010714285714285732,-0.028571428571428553
recoils,64,shared,"{'learning_rate': 0.0001, 'steps': 100}",0.21047619047619048,peaks,2027,single,0.005476190476190496,-0.03452380952380951
recoils,64,condition,"{'learning_rate': 0.0003, 'steps': 100}",0.21642857142857144,peaks,2027,single,0.011428571428571455,-0.028571428571428553
recoils,256,candidate_shared,"{'learning_rate': 0.0003, 'steps': 100}",0.2530952380952381,peaks,2027,single,0.024761904761904763,-0.02619047619047621
recoils,256,shared,"{'learning_rate': 0.0001, 'steps': 100}",0.24166666666666667,peaks,2027,single,-0.03547619047619047,-0.037619047619047635
recoils,256,condition,"{'learning_rate': 0.0003, 'steps': 100}",0.2530952380952381,peaks,2027,single,-0.02404761904761904,-0.02619047619047621
lis_length,64,candidate_shared,"{'learning_rate': 0.0003, 'steps': 100}",0.31452380952380954,peaks,2027,single,0.03071428571428575,0.0004761904761905189
lis_length,64,shared,"{'learning_rate': 0.0001, 'steps': 100}",0.3069047619047619,peaks,2027,single,0.013809523809523827,-0.0071428571428571175
lis_length,64,condition,"{'learning_rate': 0.0003, 'steps': 100}",0.31452380952380954,peaks,2027,single,0.021428571428571463,0.0004761904761905189
lis_length,256,candidate_shared,"{'learning_rate': 0.0003, 'steps': 100}",0.3385714285714286,peaks,2027,single,0.003333333333333355,0.0021428571428571686
lis_length,256,shared,"{'learning_rate': 0.0001, 'steps': 100}",0.3171428571428571,peaks,2027,single,-0.04309523809523813,-0.019285714285714295
lis_length,256,condition,"{'learning_rate': 0.0003, 'steps': 100}",0.3385714285714286,peaks,2027,single,-0.021666666666666667,0.0021428571428571686
longest_increasing_run,64,candidate_shared,"{'learning_rate': 0.0003, 'steps': 100}",0.3942857142857143,peaks,2027,single,-0.010238095238095213,-0.03595238095238096
longest_increasing_run,64,shared,"{'learning_rate': 0.0001, 'steps': 100}",0.3942857142857143,peaks,2027,single,-0.009285714285714286,-0.03595238095238096
longest_increasing_run,64,condition,"{'learning_rate': 0.0003, 'steps': 100}",0.3942857142857143,peaks,2027,single,-0.009285714285714286,-0.03595238095238096
longest_increasing_run,256,candidate_shared,"{'learning_rate': 0.0003, 'steps': 100}",0.4080952380952381,peaks,2027,single,0.033809523809523845,-0.02595238095238095
longest_increasing_run,256,shared,"{'learning_rate': 0.0001, 'steps': 100}",0.4030952380952381,peaks,2027,single,-0.0326190476190476,-0.030952380952380953
longest_increasing_run,256,condition,"{'learning_rate': 0.0003, 'steps': 100}",0.4080952380952381,peaks,2027,single,-0.0276190476190476,-0.02595238095238095
descents,64,candidate_shared,"{'learning_rate': 0.0003, 'steps': 100}",0.17261904761904762,cycle_three,2027,multi,-0.05023809523809525,-0.1007142857142857
descents,64,shared,"{'learning_rate': 0.0001, 'steps': 100}",0.14785714285714285,cycle_three,2027,multi,-0.06952380952380952,-0.12547619047619046
descents,64,condition,"{'learning_rate': 0.001, 'steps': 100}",0.1911904761904762,cycle_three,2027,multi,-0.02619047619047618,-0.08214285714285713
descents,256,candidate_shared,"{'learning_rate': 0.0003, 'steps': 100}",0.21738095238095237,cycle_three,2027,multi,-0.057380952380952394,-0.06357142857142858
descents,256,shared,"{'learning_rate': 0.0001, 'steps': 100}",0.205,cycle_three,2027,multi,-0.05690476190476193,-0.07595238095238097
descents,256,condition,"{'learning_rate': 0.001, 'steps': 100}",0.22404761904761905,cycle_three,2027,multi,-0.03785714285714287,-0.0569047619047619
recoils,64,candidate_shared,"{'learning_rate': 0.0003, 'steps': 100}",0.15261904761904763,cycle_three,2027,multi,-0.053095238095238084,-0.09238095238095237
recoils,64,shared,"{'learning_rate': 0.0001, 'steps': 100}",0.14809523809523809,cycle_three,2027,multi,-0.0569047619047619,-0.09690476190476191
recoils,64,condition,"{'learning_rate': 0.001, 'steps': 100}",0.17404761904761903,cycle_three,2027,multi,-0.030952380952380953,-0.07095238095238096
recoils,256,candidate_shared,"{'learning_rate': 0.0003, 'steps': 100}",0.21166666666666667,cycle_three,2027,multi,-0.016666666666666663,-0.06761904761904763
recoils,256,shared,"{'learning_rate': 0.0001, 'steps': 100}",0.20238095238095238,cycle_three,2027,multi,-0.07476190476190475,-0.07690476190476192
recoils,256,condition,"{'learning_rate': 0.001, 'steps': 100}",0.2069047619047619,cycle_three,2027,multi,-0.07023809523809524,-0.0723809523809524
lis_length,64,candidate_shared,"{'learning_rate': 0.0003, 'steps': 100}",0.26452380952380955,cycle_three,2027,multi,-0.01928571428571424,-0.04952380952380947
lis_length,64,shared,"{'learning_rate': 0.0001, 'steps': 100}",0.2588095238095238,cycle_three,2027,multi,-0.03428571428571425,-0.0552380952380952
lis_length,64,condition,"{'learning_rate': 0.001, 'steps': 100}",0.2957142857142857,cycle_three,2027,multi,0.002619047619047632,-0.018333333333333313
lis_length,256,candidate_shared,"{'learning_rate': 0.0003, 'steps': 100}",0.31976190476190475,cycle_three,2027,multi,-0.015476190476190477,-0.016666666666666663
lis_length,256,shared,"{'learning_rate': 0.0001, 'steps': 100}",0.3273809523809524,cycle_three,2027,multi,-0.03285714285714286,-0.009047619047619027
lis_length,256,condition,"{'learning_rate': 0.001, 'steps': 100}",0.314047619047619,cycle_three,2027,multi,-0.046190476190476226,-0.02238095238095239
longest_increasing_run,64,candidate_shared,"{'learning_rate': 0.0003, 'steps': 100}",0.4080952380952381,cycle_three,2027,multi,0.0035714285714286143,-0.02214285714285713
longest_increasing_run,64,shared,"{'learning_rate': 0.0001, 'steps': 100}",0.41333333333333333,cycle_three,2027,multi,0.00976190476190475,-0.016904761904761922
longest_increasing_run,64,condition,"{'learning_rate': 0.001, 'steps': 100}",0.4004761904761905,cycle_three,2027,multi,-0.0030952380952380953,-0.029761904761904767
longest_increasing_run,256,candidate_shared,"{'learning_rate': 0.0003, 'steps': 100}",0.4011904761904762,cycle_three,2027,multi,0.02690476190476193,-0.03285714285714286
longest_increasing_run,256,shared,"{'learning_rate': 0.0001, 'steps': 100}",0.43976190476190474,cycle_three,2027,multi,0.004047619047619022,0.005714285714285672
longest_increasing_run,256,condition,"{'learning_rate': 0.001, 'steps': 100}",0.3902380952380952,cycle_three,2027,multi,-0.0454761904761905,-0.043809523809523854
descents,64,candidate_shared,"{'learning_rate': 0.0003, 'steps': 100}",0.23404761904761906,interior_none,3037,multi,0.015476190476190477,-0.03928571428571426
descents,64,shared,"{'learning_rate': 0.0001, 'steps': 100}",0.20642857142857143,interior_none,3037,multi,-0.011190476190476195,-0.06690476190476188
descents,64,condition,"{'learning_rate': 0.0003, 'steps': 100}",0.23404761904761906,interior_none,3037,multi,0.01642857142857143,-0.03928571428571426
descents,256,candidate_shared,"{'learning_rate': 0.0003, 'steps': 100}",0.2652380952380952,interior_none,3037,multi,0.020714285714285685,-0.015714285714285736
descents,256,shared,"{'learning_rate': 0.0001, 'steps': 100}",0.25642857142857145,interior_none,3037,multi,0.0030952380952380953,-0.024523809523809503
descents,256,condition,"{'learning_rate': 0.0003, 'steps': 100}",0.2652380952380952,interior_none,3037,multi,0.011904761904761862,-0.015714285714285736
recoils,64,candidate_shared,"{'learning_rate': 0.0003, 'steps': 100}",0.21642857142857144,interior_none,3037,multi,0.025238095238095254,-0.028571428571428553
recoils,64,shared,"{'learning_rate': 0.0001, 'steps': 100}",0.1957142857142857,interior_none,3037,multi,0.0023809523809523725,-0.049285714285714294
recoils,64,condition,"{'learning_rate': 0.0003, 'steps': 100}",0.21642857142857144,interior_none,3037,multi,0.023095238095238113,-0.028571428571428553
recoils,256,candidate_shared,"{'learning_rate': 0.0003, 'steps': 100}",0.2542857142857143,interior_none,3037,multi,0.005476190476190468,-0.025000000000000022
recoils,256,shared,"{'learning_rate': 0.0001, 'steps': 100}",0.25285714285714284,interior_none,3037,multi,-0.01452380952380955,-0.026428571428571468
recoils,256,condition,"{'learning_rate': 0.0003, 'steps': 100}",0.2542857142857143,interior_none,3037,multi,-0.013095238095238104,-0.025000000000000022
lis_length,64,candidate_shared,"{'learning_rate': 0.0003, 'steps': 100}",0.3280952380952381,interior_none,3037,multi,0.051428571428571435,0.014047619047619087
lis_length,64,shared,"{'learning_rate': 0.0001, 'steps': 100}",0.31833333333333336,interior_none,3037,multi,0.035476190476190494,0.004285714285714337
lis_length,64,condition,"{'learning_rate': 0.0003, 'steps': 100}",0.3280952380952381,interior_none,3037,multi,0.045238095238095244,0.014047619047619087
lis_length,256,candidate_shared,"{'learning_rate': 0.0003, 'steps': 100}",0.37976190476190474,interior_none,3037,multi,0.02047619047619048,0.043333333333333335
lis_length,256,shared,"{'learning_rate': 0.0001, 'steps': 100}",0.3773809523809524,interior_none,3037,multi,0.013333333333333308,0.04095238095238096
lis_length,256,condition,"{'learning_rate': 0.0003, 'steps': 100}",0.37976190476190474,interior_none,3037,multi,0.01571428571428568,0.043333333333333335
longest_increasing_run,64,candidate_shared,"{'learning_rate': 0.0003, 'steps': 100}",0.4176190476190476,interior_none,3037,multi,0.0407142857142857,-0.01261904761904764
longest_increasing_run,64,shared,"{'learning_rate': 0.0001, 'steps': 100}",0.3883333333333333,interior_none,3037,multi,0.004047619047619022,-0.041904761904761945
longest_increasing_run,64,condition,"{'learning_rate': 0.0003, 'steps': 100}",0.4176190476190476,interior_none,3037,multi,0.033333333333333326,-0.01261904761904764
longest_increasing_run,256,candidate_shared,"{'learning_rate': 0.0003, 'steps': 100}",0.435,interior_none,3037,multi,0.06452380952380954,0.0009523809523809268
longest_increasing_run,256,shared,"{'learning_rate': 0.0001, 'steps': 100}",0.4207142857142857,interior_none,3037,multi,-0.0016666666666666496,-0.013333333333333364
longest_increasing_run,256,condition,"{'learning_rate': 0.0003, 'steps': 100}",0.435,interior_none,3037,multi,0.01261904761904764,0.0009523809523809268
descents,64,candidate_shared,"{'learning_rate': 0.0003, 'steps': 100}",0.2430952380952381,peaks,4051,single,0.030476190476190462,-0.03023809523809523
descents,64,shared,"{'learning_rate': 0.0001, 'steps': 100}",0.24357142857142858,peaks,4051,single,0.024761904761904763,-0.02976190476190474
descents,64,condition,"{'learning_rate': 0.0003, 'steps': 100}",0.2430952380952381,peaks,4051,single,0.02428571428571427,-0.03023809523809523
descents,256,candidate_shared,"{'learning_rate': 0.0003, 'steps': 100}",0.2538095238095238,peaks,4051,single,-0.015000000000000013,-0.027142857142857135
descents,256,shared,"{'learning_rate': 0.0001, 'steps': 100}",0.2569047619047619,peaks,4051,single,-0.0071428571428571175,-0.02404761904761904
descents,256,condition,"{'learning_rate': 0.0003, 'steps': 100}",0.2538095238095238,peaks,4051,single,-0.010238095238095213,-0.027142857142857135
recoils,64,candidate_shared,"{'learning_rate': 0.0003, 'steps': 100}",0.21142857142857144,peaks,4051,single,0.016904761904761922,-0.03357142857142856
recoils,64,shared,"{'learning_rate': 0.0001, 'steps': 100}",0.20976190476190476,peaks,4051,single,0.011190476190476195,-0.035238095238095235
recoils,64,condition,"{'learning_rate': 0.0003, 'steps': 100}",0.21142857142857144,peaks,4051,single,0.012857142857142873,-0.03357142857142856
recoils,256,candidate_shared,"{'learning_rate': 0.0003, 'steps': 100}",0.24452380952380953,peaks,4051,single,0.003333333333333355,-0.03476190476190477
recoils,256,shared,"{'learning_rate': 0.0001, 'steps': 100}",0.23404761904761906,peaks,4051,single,-0.02857142857142858,-0.045238095238095244
recoils,256,condition,"{'learning_rate': 0.0003, 'steps': 100}",0.24452380952380953,peaks,4051,single,-0.01809523809523811,-0.03476190476190477
lis_length,64,candidate_shared,"{'learning_rate': 0.0003, 'steps': 100}",0.31142857142857144,peaks,4051,single,0.03404761904761905,-0.0026190476190475764
lis_length,64,shared,"{'learning_rate': 0.0001, 'steps': 100}",0.2873809523809524,peaks,4051,single,-0.0026190476190475764,-0.026666666666666616
lis_length,64,condition,"{'learning_rate': 0.0003, 'steps': 100}",0.31142857142857144,peaks,4051,single,0.021428571428571463,-0.0026190476190475764
lis_length,256,candidate_shared,"{'learning_rate': 0.0003, 'steps': 100}",0.35095238095238096,peaks,4051,single,0.012142857142857177,0.01452380952380955
lis_length,256,shared,"{'learning_rate': 0.0001, 'steps': 100}",0.31476190476190474,peaks,4051,single,-0.013571428571428568,-0.021666666666666667
lis_length,256,condition,"{'learning_rate': 0.0003, 'steps': 100}",0.35095238095238096,peaks,4051,single,0.02261904761904765,0.01452380952380955
longest_increasing_run,64,candidate_shared,"{'learning_rate': 0.0003, 'steps': 100}",0.3921428571428571,peaks,4051,single,0.015238095238095217,-0.038095238095238126
longest_increasing_run,64,shared,"{'learning_rate': 0.0001, 'steps': 100}",0.3757142857142857,peaks,4051,single,-0.024523809523809503,-0.05452380952380953
longest_increasing_run,64,condition,"{'learning_rate': 0.0003, 'steps': 100}",0.3921428571428571,peaks,4051,single,-0.0080952380952381,-0.038095238095238126
longest_increasing_run,256,candidate_shared,"{'learning_rate': 0.0003, 'steps': 100}",0.4080952380952381,peaks,4051,single,0.003333333333333355,-0.02595238095238095
longest_increasing_run,256,shared,"{'learning_rate': 0.0001, 'steps': 100}",0.43166666666666664,peaks,4051,single,-0.019523809523809554,-0.002380952380952428
longest_increasing_run,256,condition,"{'learning_rate': 0.0003, 'steps': 100}",0.4080952380952381,peaks,4051,single,-0.043095238095238075,-0.02595238095238095
descents,64,candidate_shared,"{'learning_rate': 0.0003, 'steps': 100}",0.23595238095238094,peaks,3037,single,0.017380952380952358,-0.037380952380952376
descents,64,shared,"{'learning_rate': 0.0001, 'steps': 100}",0.23547619047619048,peaks,3037,single,0.01785714285714285,-0.03785714285714284
descents,64,condition,"{'learning_rate': 0.0003, 'steps': 100}",0.23595238095238094,peaks,3037,single,0.018333333333333313,-0.037380952380952376
descents,256,candidate_shared,"{'learning_rate': 0.0003, 'steps': 100}",0.26785714285714285,peaks,3037,single,0.023333333333333317,-0.013095238095238104
descents,256,shared,"{'learning_rate': 0.0001, 'steps': 100}",0.26595238095238094,peaks,3037,single,0.012619047619047585,-0.015000000000000013
descents,256,condition,"{'learning_rate': 0.0003, 'steps': 100}",0.26785714285714285,peaks,3037,single,0.014523809523809494,-0.013095238095238104
recoils,64,candidate_shared,"{'learning_rate': 0.0003, 'steps': 100}",0.1988095238095238,peaks,3037,single,0.007619047619047609,-0.0461904761904762
recoils,64,shared,"{'learning_rate': 0.0001, 'steps': 100}",0.20761904761904762,peaks,3037,single,0.01428571428571429,-0.037380952380952376
recoils,64,condition,"{'learning_rate': 0.0003, 'steps': 100}",0.1988095238095238,peaks,3037,single,0.005476190476190468,-0.0461904761904762
recoils,256,candidate_shared,"{'learning_rate': 0.0003, 'steps': 100}",0.23785714285714285,peaks,3037,single,-0.010952380952380963,-0.041428571428571453
recoils,256,shared,"{'learning_rate': 0.0001, 'steps': 100}",0.24047619047619048,peaks,3037,single,-0.026904761904761904,-0.03880952380952382
recoils,256,condition,"{'learning_rate': 0.0003, 'steps': 100}",0.23785714285714285,peaks,3037,single,-0.029523809523809535,-0.041428571428571453
lis_length,64,candidate_shared,"{'learning_rate': 0.0003, 'steps': 100}",0.31452380952380954,peaks,3037,single,0.03785714285714287,0.0004761904761905189
lis_length,64,shared,"{'learning_rate': 0.0001, 'steps': 100}",0.2985714285714286,peaks,3037,single,0.015714285714285736,-0.015476190476190421
lis_length,64,condition,"{'learning_rate': 0.0003, 'steps': 100}",0.31452380952380954,peaks,3037,single,0.031666666666666676,0.0004761904761905189
lis_length,256,candidate_shared,"{'learning_rate': 0.0003, 'steps': 100}",0.3488095238095238,peaks,3037,single,-0.010476190476190472,0.012380952380952381
lis_length,256,shared,"{'learning_rate': 0.0001, 'steps': 100}",0.31285714285714283,peaks,3037,single,-0.05119047619047623,-0.023571428571428577
lis_length,256,condition,"{'learning_rate': 0.0003, 'steps': 100}",0.3488095238095238,peaks,3037,single,-0.015238095238095273,0.012380952380952381
longest_increasing_run,64,candidate_shared,"{'learning_rate': 0.0003, 'steps': 100}",0.41714285714285715,peaks,3037,single,0.04023809523809524,-0.013095238095238104
longest_increasing_run,64,shared,"{'learning_rate': 0.0001, 'steps': 100}",0.3861904761904762,peaks,3037,single,0.001904761904761909,-0.04404761904761906
longest_increasing_run,64,condition,"{'learning_rate': 0.0003, 'steps': 100}",0.41714285714285715,peaks,3037,single,0.03285714285714286,-0.013095238095238104
longest_increasing_run,256,candidate_shared,"{'learning_rate': 0.0003, 'steps': 100}",0.40523809523809523,peaks,3037,single,0.03476190476190477,-0.02880952380952384
longest_increasing_run,256,shared,"{'learning_rate': 0.0001, 'steps': 100}",0.4069047619047619,peaks,3037,single,-0.015476190476190477,-0.02714285714285719
longest_increasing_run,256,condition,"{'learning_rate': 0.0003, 'steps': 100}",0.40523809523809523,peaks,3037,single,-0.017142857142857126,-0.02880952380952384
descents,64,candidate_shared,"{'learning_rate': 0.0003, 'steps': 100}",0.22738095238095238,cycle_none,3037,multi,0.008809523809523795,-0.04595238095238094
descents,64,shared,"{'learning_rate': 0.0001, 'steps': 100}",0.2138095238095238,cycle_none,3037,multi,-0.003809523809523818,-0.05952380952380951
descents,64,condition,"{'learning_rate': 0.001, 'steps': 100}",0.2307142857142857,cycle_none,3037,multi,0.013095238095238076,-0.04261904761904761
descents,256,candidate_shared,"{'learning_rate': 0.0003, 'steps': 100}",0.2469047619047619,cycle_none,3037,multi,0.0023809523809523725,-0.03404761904761905
descents,256,shared,"{'learning_rate': 0.0001, 'steps': 100}",0.24333333333333335,cycle_none,3037,multi,-0.010000000000000009,-0.03761904761904761
descents,256,condition,"{'learning_rate': 0.001, 'steps': 100}",0.24404761904761904,cycle_none,3037,multi,-0.009285714285714314,-0.03690476190476191
recoils,64,candidate_shared,"{'learning_rate': 0.0003, 'steps': 100}",0.22047619047619046,cycle_none,3037,multi,0.029285714285714276,-0.02452380952380953
recoils,64,shared,"{'learning_rate': 0.0001, 'steps': 100}",0.2119047619047619,cycle_none,3037,multi,0.018571428571428572,-0.033095238095238094
recoils,64,condition,"{'learning_rate': 0.001, 'steps': 100}",0.2038095238095238,cycle_none,3037,multi,0.010476190476190472,-0.041190476190476194
recoils,256,candidate_shared,"{'learning_rate': 0.0003, 'steps': 100}",0.23404761904761906,cycle_none,3037,multi,-0.014761904761904754,-0.045238095238095244
recoils,256,shared,"{'learning_rate': 0.0001, 'steps': 100}",0.2469047619047619,cycle_none,3037,multi,-0.02047619047619048,-0.0323809523809524
recoils,256,condition,"{'learning_rate': 0.001, 'steps': 100}",0.23166666666666666,cycle_none,3037,multi,-0.035714285714285726,-0.047619047619047644
lis_length,64,candidate_shared,"{'learning_rate': 0.0003, 'steps': 100}",0.2833333333333333,cycle_none,3037,multi,0.006666666666666654,-0.030714285714285694
lis_length,64,shared,"{'learning_rate': 0.0001, 'steps': 100}",0.2776190476190476,cycle_none,3037,multi,-0.005238095238095264,-0.03642857142857142
lis_length,64,condition,"{'learning_rate': 0.001, 'steps': 100}",0.2966666666666667,cycle_none,3037,multi,0.013809523809523827,-0.01738095238095233
lis_length,256,candidate_shared,"{'learning_rate': 0.0003, 'steps': 100}",0.34595238095238096,cycle_none,3037,multi,-0.013333333333333308,0.009523809523809545
lis_length,256,shared,"{'learning_rate': 0.0001, 'steps': 100}",0.3233333333333333,cycle_none,3037,multi,-0.04071428571428576,-0.013095238095238104
lis_length,256,condition,"{'learning_rate': 0.001, 'steps': 100}",0.3461904761904762,cycle_none,3037,multi,-0.01785714285714285,0.009761904761904805
longest_increasing_run,64,candidate_shared,"{'learning_rate': 0.0003, 'steps': 100}",0.4123809523809524,cycle_none,3037,multi,0.035476190476190494,-0.01785714285714285
longest_increasing_run,64,shared,"{'learning_rate': 0.0001, 'steps': 100}",0.39904761904761904,cycle_none,3037,multi,0.014761904761904754,-0.031190476190476213
longest_increasing_run,64,condition,"{'learning_rate': 0.001, 'steps': 100}",0.3888095238095238,cycle_none,3037,multi,0.004523809523809541,-0.041428571428571426
longest_increasing_run,256,candidate_shared,"{'learning_rate': 0.0003, 'steps': 100}",0.39357142857142857,cycle_none,3037,multi,0.023095238095238113,-0.0404761904761905
longest_increasing_run,256,shared,"{'learning_rate': 0.0001, 'steps': 100}",0.42,cycle_none,3037,multi,-0.0023809523809523725,-0.014047619047619087
longest_increasing_run,256,condition,"{'learning_rate': 0.001, 'steps': 100}",0.40476190476190477,cycle_none,3037,multi,-0.01761904761904759,-0.029285714285714304
descents,64,candidate_shared,"{'learning_rate': 0.0003, 'steps': 100}",0.22357142857142856,peaks,5059,single,0.006190476190476191,-0.04976190476190476
descents,64,shared,"{'learning_rate': 0.0001, 'steps': 100}",0.2092857142857143,peaks,5059,single,-0.015238095238095217,-0.06404761904761902
descents,64,condition,"{'learning_rate': 0.0003, 'steps': 100}",0.22357142857142856,peaks,5059,single,-0.0009523809523809545,-0.04976190476190476
descents,256,candidate_shared,"{'learning_rate': 0.0003, 'steps': 100}",0.2611904761904762,peaks,5059,single,0.02857142857142858,-0.01976190476190476
descents,256,shared,"{'learning_rate': 0.0001, 'steps': 100}",0.24904761904761905,peaks,5059,single,-0.004523809523809513,-0.03190476190476191
descents,256,condition,"{'learning_rate': 0.0003, 'steps': 100}",0.2611904761904762,peaks,5059,single,0.007619047619047636,-0.01976190476190476
recoils,64,candidate_shared,"{'learning_rate': 0.0003, 'steps': 100}",0.2069047619047619,peaks,5059,single,0.005952380952380931,-0.0380952380952381
recoils,64,shared,"{'learning_rate': 0.0001, 'steps': 100}",0.18261904761904763,peaks,5059,single,-0.027380952380952367,-0.06238095238095237
recoils,64,condition,"{'learning_rate': 0.0003, 'steps': 100}",0.2069047619047619,peaks,5059,single,-0.0030952380952380953,-0.0380952380952381
recoils,256,candidate_shared,"{'learning_rate': 0.0003, 'steps': 100}",0.25,peaks,5059,single,0.006190476190476191,-0.029285714285714304
recoils,256,shared,"{'learning_rate': 0.0001, 'steps': 100}",0.24214285714285713,peaks,5059,single,-0.04166666666666666,-0.03714285714285717
recoils,256,condition,"{'learning_rate': 0.0003, 'steps': 100}",0.25,peaks,5059,single,-0.03380952380952379,-0.029285714285714304
lis_length,64,candidate_shared,"{'learning_rate': 0.0003, 'steps': 100}",0.2988095238095238,peaks,5059,single,0.01571428571428568,-0.015238095238095217
lis_length,64,shared,"{'learning_rate': 0.0001, 'steps': 100}",0.2985714285714286,peaks,5059,single,0.0128571428571429,-0.015476190476190421
lis_length,64,condition,"{'learning_rate': 0.0003, 'steps': 100}",0.2988095238095238,peaks,5059,single,0.013095238095238104,-0.015238095238095217
lis_length,256,candidate_shared,"{'learning_rate': 0.0003, 'steps': 100}",0.3219047619047619,peaks,5059,single,-0.02595238095238095,-0.014523809523809494
lis_length,256,shared,"{'learning_rate': 0.0001, 'steps': 100}",0.3280952380952381,peaks,5059,single,0.009047619047619082,-0.008333333333333304
lis_length,256,condition,"{'learning_rate': 0.0003, 'steps': 100}",0.3219047619047619,peaks,5059,single,0.0028571428571428914,-0.014523809523809494
longest_increasing_run,64,candidate_shared,"{'learning_rate': 0.0003, 'steps': 100}",0.4280952380952381,peaks,5059,single,0.057142857142857106,-0.0021428571428571686
longest_increasing_run,64,shared,"{'learning_rate': 0.0001, 'steps': 100}",0.37547619047619046,peaks,5059,single,-0.026666666666666672,-0.05476190476190479
longest_increasing_run,64,condition,"{'learning_rate': 0.0003, 'steps': 100}",0.4280952380952381,peaks,5059,single,0.02595238095238095,-0.0021428571428571686
longest_increasing_run,256,candidate_shared,"{'learning_rate': 0.0003, 'steps': 100}",0.4076190476190476,peaks,5059,single,-0.0069047619047619135,-0.026428571428571468
longest_increasing_run,256,shared,"{'learning_rate': 0.0001, 'steps': 100}",0.43785714285714283,peaks,5059,single,-0.004523809523809541,0.0038095238095237627
longest_increasing_run,256,condition,"{'learning_rate': 0.0003, 'steps': 100}",0.4076190476190476,peaks,5059,single,-0.03476190476190477,-0.026428571428571468
descents,64,candidate_shared,"{'learning_rate': 0.0003, 'steps': 100}",0.2288095238095238,position_four,2027,multi,0.005952380952380931,-0.04452380952380952
descents,64,shared,"{'learning_rate': 0.0001, 'steps': 100}",0.2257142857142857,position_four,2027,multi,0.008333333333333331,-0.047619047619047616
descents,64,condition,"{'learning_rate': 0.001, 'steps': 100}",0.21571428571428572,position_four,2027,multi,-0.0016666666666666496,-0.0576190476190476
descents,256,candidate_shared,"{'learning_rate': 0.0003, 'steps': 100}",0.255,position_four,2027,multi,-0.01976190476190476,-0.02595238095238095
descents,256,shared,"{'learning_rate': 0.0001, 'steps': 100}",0.235,position_four,2027,multi,-0.02690476190476193,-0.04595238095238097
descents,256,condition,"{'learning_rate': 0.001, 'steps': 100}",0.25214285714285717,position_four,2027,multi,-0.00976190476190475,-0.028809523809523785
recoils,64,candidate_shared,"{'learning_rate': 0.0003, 'steps': 100}",0.21285714285714286,position_four,2027,multi,0.007142857142857145,-0.03214285714285714
recoils,64,shared,"{'learning_rate': 0.0001, 'steps': 100}",0.20404761904761906,position_four,2027,multi,-0.0009523809523809268,-0.040952380952380935
recoils,64,condition,"{'learning_rate': 0.001, 'steps': 100}",0.22,position_four,2027,multi,0.015000000000000013,-0.024999999999999994
recoils,256,candidate_shared,"{'learning_rate': 0.0003, 'steps': 100}",0.22357142857142856,position_four,2027,multi,-0.004761904761904773,-0.055714285714285744
recoils,256,shared,"{'learning_rate': 0.0001, 'steps': 100}",0.2388095238095238,position_four,2027,multi,-0.03833333333333333,-0.0404761904761905
recoils,256,condition,"{'learning_rate': 0.001, 'steps': 100}",0.23714285714285716,position_four,2027,multi,-0.03999999999999998,-0.04214285714285715
lis_length,64,candidate_shared,"{'learning_rate': 0.0003, 'steps': 100}",0.3011904761904762,position_four,2027,multi,0.017380952380952386,-0.012857142857142845
lis_length,64,shared,"{'learning_rate': 0.0001, 'steps': 100}",0.2888095238095238,position_four,2027,multi,-0.004285714285714282,-0.025238095238095226
lis_length,64,condition,"{'learning_rate': 0.001, 'steps': 100}",0.2819047619047619,position_four,2027,multi,-0.011190476190476195,-0.03214285714285714
lis_length,256,candidate_shared,"{'learning_rate': 0.0003, 'steps': 100}",0.3330952380952381,position_four,2027,multi,-0.002142857142857113,-0.0033333333333332993
lis_length,256,shared,"{'learning_rate': 0.0001, 'steps': 100}",0.3088095238095238,position_four,2027,multi,-0.051428571428571435,-0.0276190476190476
lis_length,256,condition,"{'learning_rate': 0.001, 'steps': 100}",0.3326190476190476,position_four,2027,multi,-0.027619047619047654,-0.003809523809523818
longest_increasing_run,64,candidate_shared,"{'learning_rate': 0.0003, 'steps': 100}",0.39904761904761904,position_four,2027,multi,-0.005476190476190468,-0.031190476190476213
longest_increasing_run,64,shared,"{'learning_rate': 0.0001, 'steps': 100}",0.39785714285714285,position_four,2027,multi,-0.005714285714285727,-0.0323809523809524
longest_increasing_run,64,condition,"{'learning_rate': 0.001, 'steps': 100}",0.4154761904761905,position_four,2027,multi,0.011904761904761918,-0.014761904761904754
longest_increasing_run,256,candidate_shared,"{'learning_rate': 0.0003, 'steps': 100}",0.39976190476190476,position_four,2027,multi,0.025476190476190486,-0.03428571428571431
longest_increasing_run,256,shared,"{'learning_rate': 0.0001, 'steps': 100}",0.4123809523809524,position_four,2027,multi,-0.023333333333333317,-0.021666666666666667
longest_increasing_run,256,condition,"{'learning_rate': 0.001, 'steps': 100}",0.40285714285714286,position_four,2027,multi,-0.03285714285714286,-0.031190476190476213
descents,64,candidate_shared,"{'learning_rate': 0.0003, 'steps': 100}",0.23785714285714285,valleys,1009,single,0.023809523809523808,-0.03547619047619047
descents,64,shared,"{'learning_rate': 0.0001, 'steps': 100}",0.2276190476190476,valleys,1009,single,0.017142857142857126,-0.04571428571428571
descents,64,condition,"{'learning_rate': 0.0003, 'steps': 100}",0.23785714285714285,valleys,1009,single,0.027380952380952367,-0.03547619047619047
descents,256,candidate_shared,"{'learning_rate': 0.0003, 'steps': 100}",0.2630952380952381,valleys,1009,single,0.017142857142857154,-0.01785714285714285
descents,256,shared,"{'learning_rate': 0.0001, 'steps': 100}",0.25666666666666665,valleys,1009,single,-0.011190476190476195,-0.0242857142857143
descents,256,condition,"{'learning_rate': 0.0003, 'steps': 100}",0.2630952380952381,valleys,1009,single,-0.004761904761904745,-0.01785714285714285
recoils,64,candidate_shared,"{'learning_rate': 0.0003, 'steps': 100}",0.1992857142857143,valleys,1009,single,0.004285714285714282,-0.04571428571428571
recoils,64,shared,"{'learning_rate': 0.0001, 'steps': 100}",0.1869047619047619,valleys,1009,single,-0.015476190476190477,-0.05809523809523809
recoils,64,condition,"{'learning_rate': 0.0003, 'steps': 100}",0.1992857142857143,valleys,1009,single,-0.0030952380952380953,-0.04571428571428571
recoils,256,candidate_shared,"{'learning_rate': 0.0003, 'steps': 100}",0.24119047619047618,valleys,1009,single,-0.011428571428571455,-0.038095238095238126
recoils,256,shared,"{'learning_rate': 0.0001, 'steps': 100}",0.22666666666666666,valleys,1009,single,-0.04023809523809527,-0.05261904761904765
recoils,256,condition,"{'learning_rate': 0.0003, 'steps': 100}",0.24119047619047618,valleys,1009,single,-0.025714285714285745,-0.038095238095238126
lis_length,64,candidate_shared,"{'learning_rate': 0.0003, 'steps': 100}",0.31976190476190475,valleys,1009,single,0.024285714285714244,0.005714285714285727
lis_length,64,shared,"{'learning_rate': 0.0001, 'steps': 100}",0.27904761904761904,valleys,1009,single,-0.0080952380952381,-0.034999999999999976
lis_length,64,condition,"{'learning_rate': 0.0003, 'steps': 100}",0.31976190476190475,valleys,1009,single,0.0326190476190476,0.005714285714285727
lis_length,256,candidate_shared,"{'learning_rate': 0.0003, 'steps': 100}",0.3173809523809524,valleys,1009,single,-0.037380952380952404,-0.019047619047619035
lis_length,256,shared,"{'learning_rate': 0.0001, 'steps': 100}",0.30428571428571427,valleys,1009,single,-0.05095238095238097,-0.03214285714285714
lis_length,256,condition,"{'learning_rate': 0.0003, 'steps': 100}",0.3173809523809524,valleys,1009,single,-0.03785714285714287,-0.019047619047619035
longest_increasing_run,64,candidate_shared,"{'learning_rate': 0.0003, 'steps': 100}",0.3902380952380952,valleys,1009,single,-0.0035714285714286143,-0.040000000000000036
longest_increasing_run,64,shared,"{'learning_rate': 0.0001, 'steps': 100}",0.3580952380952381,valleys,1009,single,-0.025000000000000022,-0.07214285714285718
longest_increasing_run,64,condition,"{'learning_rate': 0.0003, 'steps': 100}",0.3902380952380952,valleys,1009,single,0.0071428571428571175,-0.040000000000000036
longest_increasing_run,256,candidate_shared,"{'learning_rate': 0.0003, 'steps': 100}",0.4166666666666667,valleys,1009,single,0.021190476190476204,-0.017380952380952386
longest_increasing_run,256,shared,"{'learning_rate': 0.0001, 'steps': 100}",0.430952380952381,valleys,1009,single,-0.0026190476190475764,-0.0030952380952380953
longest_increasing_run,256,condition,"{'learning_rate': 0.0003, 'steps': 100}",0.4166666666666667,valleys,1009,single,-0.016904761904761867,-0.017380952380952386
descents,64,candidate_shared,"{'learning_rate': 0.0003, 'steps': 100}",0.1854761904761905,left_to_right_maxima,5059,single,-0.03190476190476188,-0.08785714285714283
descents,64,shared,"{'learning_rate': 0.0001, 'steps': 100}",0.16785714285714284,left_to_right_maxima,5059,single,-0.05666666666666667,-0.10547619047619047
descents,64,condition,"{'learning_rate': 0.0003, 'steps': 100}",0.1854761904761905,left_to_right_maxima,5059,single,-0.039047619047619025,-0.08785714285714283
descents,256,candidate_shared,"{'learning_rate': 0.0003, 'steps': 100}",0.2523809523809524,left_to_right_maxima,5059,single,0.01976190476190476,-0.02857142857142858
descents,256,shared,"{'learning_rate': 0.0001, 'steps': 100}",0.2288095238095238,left_to_right_maxima,5059,single,-0.024761904761904763,-0.05214285714285716
descents,256,condition,"{'learning_rate': 0.0003, 'steps': 100}",0.2523809523809524,left_to_right_maxima,5059,single,-0.0011904761904761862,-0.02857142857142858
recoils,64,candidate_shared,"{'learning_rate': 0.0003, 'steps': 100}",0.18738095238095237,left_to_right_maxima,5059,single,-0.013571428571428595,-0.057619047619047625
recoils,64,shared,"{'learning_rate': 0.0001, 'steps': 100}",0.1442857142857143,left_to_right_maxima,5059,single,-0.0657142857142857,-0.1007142857142857
recoils,64,condition,"{'learning_rate': 0.0003, 'steps': 100}",0.18738095238095237,left_to_right_maxima,5059,single,-0.022619047619047622,-0.057619047619047625
recoils,256,candidate_shared,"{'learning_rate': 0.0003, 'steps': 100}",0.2388095238095238,left_to_right_maxima,5059,single,-0.0050000000000000044,-0.0404761904761905
recoils,256,shared,"{'learning_rate': 0.0001, 'steps': 100}",0.23952380952380953,left_to_right_maxima,5059,single,-0.04428571428571426,-0.039761904761904776
recoils,256,condition,"{'learning_rate': 0.0003, 'steps': 100}",0.2388095238095238,left_to_right_maxima,5059,single,-0.044999999999999984,-0.0404761904761905
lis_length,64,candidate_shared,"{'learning_rate': 0.0003, 'steps': 100}",0.25214285714285717,left_to_right_maxima,5059,single,-0.030952380952380953,-0.06190476190476185
lis_length,64,shared,"{'learning_rate': 0.0001, 'steps': 100}",0.23904761904761904,left_to_right_maxima,5059,single,-0.04666666666666666,-0.07499999999999998
lis_length,64,condition,"{'learning_rate': 0.0003, 'steps': 100}",0.25214285714285717,left_to_right_maxima,5059,single,-0.03357142857142853,-0.06190476190476185
lis_length,256,candidate_shared,"{'learning_rate': 0.0003, 'steps': 100}",0.32095238095238093,left_to_right_maxima,5059,single,-0.02690476190476193,-0.015476190476190477
lis_length,256,shared,"{'learning_rate': 0.0001, 'steps': 100}",0.30714285714285716,left_to_right_maxima,5059,single,-0.011904761904761862,-0.02928571428571425
lis_length,256,condition,"{'learning_rate': 0.0003, 'steps': 100}",0.32095238095238093,left_to_right_maxima,5059,single,0.001904761904761909,-0.015476190476190477
longest_increasing_run,64,candidate_shared,"{'learning_rate': 0.0003, 'steps': 100}",0.4123809523809524,left_to_right_maxima,5059,single,0.041428571428571426,-0.01785714285714285
longest_increasing_run,64,shared,"{'learning_rate': 0.0001, 'steps': 100}",0.40904761904761905,left_to_right_maxima,5059,single,0.0069047619047619135,-0.021190476190476204
longest_increasing_run,64,condition,"{'learning_rate': 0.0003, 'steps': 100}",0.4123809523809524,left_to_right_maxima,5059,single,0.010238095238095268,-0.01785714285714285
longest_increasing_run,256,candidate_shared,"{'learning_rate': 0.0003, 'steps': 100}",0.4573809523809524,left_to_right_maxima,5059,single,0.04285714285714287,0.023333333333333317
longest_increasing_run,256,shared,"{'learning_rate': 0.0001, 'steps': 100}",0.46976190476190477,left_to_right_maxima,5059,single,0.027380952380952395,0.0357142857142857
longest_increasing_run,256,condition,"{'learning_rate': 0.0003, 'steps': 100}",0.4573809523809524,left_to_right_maxima,5059,single,0.015000000000000013,0.023333333333333317
descents,64,candidate_shared,"{'learning_rate': 0.0003, 'steps': 100}",0.20666666666666667,valleys,5059,single,-0.010714285714285704,-0.06666666666666665
descents,64,shared,"{'learning_rate': 0.0001, 'steps': 100}",0.18476190476190477,valleys,5059,single,-0.03976190476190475,-0.08857142857142855
descents,64,condition,"{'learning_rate': 0.0003, 'steps': 100}",0.20666666666666667,valleys,5059,single,-0.01785714285714285,-0.06666666666666665
descents,256,candidate_shared,"{'learning_rate': 0.0003, 'steps': 100}",0.25833333333333336,valleys,5059,single,0.025714285714285745,-0.022619047619047594
descents,256,shared,"{'learning_rate': 0.0001, 'steps': 100}",0.22214285714285714,valleys,5059,single,-0.03142857142857142,-0.05880952380952381
descents,256,condition,"{'learning_rate': 0.0003, 'steps': 100}",0.25833333333333336,valleys,5059,single,0.0047619047619048005,-0.022619047619047594
recoils,64,candidate_shared,"{'learning_rate': 0.0003, 'steps': 100}",0.21166666666666667,valleys,5059,single,0.010714285714285704,-0.033333333333333326
recoils,64,shared,"{'learning_rate': 0.0001, 'steps': 100}",0.20095238095238097,valleys,5059,single,-0.009047619047619027,-0.04404761904761903
recoils,64,condition,"{'learning_rate': 0.0003, 'steps': 100}",0.21166666666666667,valleys,5059,single,0.0016666666666666774,-0.033333333333333326
recoils,256,candidate_shared,"{'learning_rate': 0.0003, 'steps': 100}",0.21357142857142858,valleys,5059,single,-0.03023809523809523,-0.06571428571428573
recoils,256,shared,"{'learning_rate': 0.0001, 'steps': 100}",0.22071428571428572,valleys,5059,single,-0.06309523809523807,-0.05857142857142858
recoils,256,condition,"{'learning_rate': 0.0003, 'steps': 100}",0.21357142857142858,valleys,5059,single,-0.07023809523809521,-0.06571428571428573
lis_length,64,candidate_shared,"{'learning_rate': 0.0003, 'steps': 100}",0.2864285714285714,valleys,5059,single,0.0033333333333332993,-0.0276190476190476
lis_length,64,shared,"{'learning_rate': 0.0001, 'steps': 100}",0.2757142857142857,valleys,5059,single,-0.010000000000000009,-0.03833333333333333
lis_length,64,condition,"{'learning_rate': 0.0003, 'steps': 100}",0.2864285714285714,valleys,5059,single,0.0007142857142857229,-0.0276190476190476
lis_length,256,candidate_shared,"{'learning_rate': 0.0003, 'steps': 100}",0.2897619047619048,valleys,5059,single,-0.05809523809523809,-0.046666666666666634
lis_length,256,shared,"{'learning_rate': 0.0001, 'steps': 100}",0.29523809523809524,valleys,5059,single,-0.02380952380952378,-0.041190476190476166
lis_length,256,condition,"{'learning_rate': 0.0003, 'steps': 100}",0.2897619047619048,valleys,5059,single,-0.02928571428571425,-0.046666666666666634
longest_increasing_run,64,candidate_shared,"{'learning_rate': 0.0003, 'steps': 100}",0.405,valleys,5059,single,0.03404761904761905,-0.025238095238095226
longest_increasing_run,64,shared,"{'learning_rate': 0.0001, 'steps': 100}",0.4026190476190476,valleys,5059,single,0.0004761904761904634,-0.027619047619047654
longest_increasing_run,64,condition,"{'learning_rate': 0.0003, 'steps': 100}",0.405,valleys,5059,single,0.0028571428571428914,-0.025238095238095226
longest_increasing_run,256,candidate_shared,"{'learning_rate': 0.0003, 'steps': 100}",0.46214285714285713,valleys,5059,single,0.047619047619047616,0.028095238095238062
longest_increasing_run,256,shared,"{'learning_rate': 0.0001, 'steps': 100}",0.42904761904761907,valleys,5059,single,-0.013333333333333308,-0.0050000000000000044
longest_increasing_run,256,condition,"{'learning_rate': 0.0003, 'steps': 100}",0.46214285714285713,valleys,5059,single,0.01976190476190476,0.028095238095238062
descents,64,candidate_shared,"{'learning_rate': 0.0003, 'steps': 100}",0.225,peaks,1009,single,0.010952380952380963,-0.04833333333333331
descents,64,shared,"{'learning_rate': 0.0001, 'steps': 100}",0.20833333333333334,peaks,1009,single,-0.002142857142857141,-0.06499999999999997
descents,64,condition,"{'learning_rate': 0.0003, 'steps': 100}",0.225,peaks,1009,single,0.014523809523809522,-0.04833333333333331
descents,256,candidate_shared,"{'learning_rate': 0.0003, 'steps': 100}",0.24928571428571428,peaks,1009,single,0.003333333333333327,-0.031666666666666676
descents,256,shared,"{'learning_rate': 0.0001, 'steps': 100}",0.24595238095238095,peaks,1009,single,-0.0219047619047619,-0.035
descents,256,condition,"{'learning_rate': 0.0003, 'steps': 100}",0.24928571428571428,peaks,1009,single,-0.018571428571428572,-0.031666666666666676
recoils,64,candidate_shared,"{'learning_rate': 0.0003, 'steps': 100}",0.21,peaks,1009,single,0.014999999999999986,-0.035
recoils,64,shared,"{'learning_rate': 0.0001, 'steps': 100}",0.2038095238095238,peaks,1009,single,0.001428571428571418,-0.041190476190476194
recoils,64,condition,"{'learning_rate': 0.0003, 'steps': 100}",0.21,peaks,1009,single,0.007619047619047609,-0.035
recoils,256,candidate_shared,"{'learning_rate': 0.0003, 'steps': 100}",0.22714285714285715,peaks,1009,single,-0.025476190476190486,-0.05214285714285716
recoils,256,shared,"{'learning_rate': 0.0001, 'steps': 100}",0.23214285714285715,peaks,1009,single,-0.03476190476190477,-0.04714285714285715
recoils,256,condition,"{'learning_rate': 0.0003, 'steps': 100}",0.22714285714285715,peaks,1009,single,-0.039761904761904776,-0.05214285714285716
lis_length,64,candidate_shared,"{'learning_rate': 0.0003, 'steps': 100}",0.3028571428571429,peaks,1009,single,0.007380952380952377,-0.01119047619047614
lis_length,64,shared,"{'learning_rate': 0.0001, 'steps': 100}",0.30428571428571427,peaks,1009,single,0.017142857142857126,-0.00976190476190475
lis_length,64,condition,"{'learning_rate': 0.0003, 'steps': 100}",0.3028571428571429,peaks,1009,single,0.015714285714285736,-0.01119047619047614
lis_length,256,candidate_shared,"{'learning_rate': 0.0003, 'steps': 100}",0.33214285714285713,peaks,1009,single,-0.02261904761904765,-0.004285714285714282
lis_length,256,shared,"{'learning_rate': 0.0001, 'steps': 100}",0.32285714285714284,peaks,1009,single,-0.0323809523809524,-0.013571428571428568
lis_length,256,condition,"{'learning_rate': 0.0003, 'steps': 100}",0.33214285714285713,peaks,1009,single,-0.023095238095238113,-0.004285714285714282
longest_increasing_run,64,candidate_shared,"{'learning_rate': 0.0003, 'steps': 100}",0.4069047619047619,peaks,1009,single,0.013095238095238049,-0.023333333333333373
longest_increasing_run,64,shared,"{'learning_rate': 0.0001, 'steps': 100}",0.3585714285714286,peaks,1009,single,-0.024523809523809503,-0.07166666666666666
longest_increasing_run,64,condition,"{'learning_rate': 0.0003, 'steps': 100}",0.4069047619047619,peaks,1009,single,0.02380952380952378,-0.023333333333333373
longest_increasing_run,256,candidate_shared,"{'learning_rate': 0.0003, 'steps': 100}",0.4076190476190476,peaks,1009,single,0.012142857142857122,-0.026428571428571468
longest_increasing_run,256,shared,"{'learning_rate': 0.0001, 'steps': 100}",0.43952380952380954,peaks,1009,single,0.005952380952380987,0.005476190476190468
longest_increasing_run,256,condition,"{'learning_rate': 0.0003, 'steps': 100}",0.4076190476190476,peaks,1009,single,-0.02595238095238095,-0.026428571428571468
descents,64,candidate_shared,"{'learning_rate': 0.0003, 'steps': 100}",0.21023809523809525,position_three,2027,multi,-0.012619047619047613,-0.06309523809523807
descents,64,shared,"{'learning_rate': 0.0001, 'steps': 100}",0.21095238095238095,position_three,2027,multi,-0.006428571428571422,-0.06238095238095237
descents,64,condition,"{'learning_rate': 0.001, 'steps': 1000}",0.24285714285714285,position_three,2027,multi,0.025476190476190486,-0.030476190476190462
descents,256,candidate_shared,"{'learning_rate': 0.0003, 'steps': 100}",0.2438095238095238,position_three,2027,multi,-0.030952380952380953,-0.037142857142857144
descents,256,shared,"{'learning_rate': 0.0001, 'steps': 100}",0.2330952380952381,position_three,2027,multi,-0.028809523809523813,-0.04785714285714285
descents,256,condition,"{'learning_rate': 0.001, 'steps': 1000}",0.22023809523809523,position_three,2027,multi,-0.041666666666666685,-0.06071428571428572
recoils,64,candidate_shared,"{'learning_rate': 0.0003, 'steps': 100}",0.225,position_three,2027,multi,0.019285714285714295,-0.01999999999999999
recoils,64,shared,"{'learning_rate': 0.0001, 'steps': 100}",0.2030952380952381,position_three,2027,multi,-0.0019047619047618813,-0.04190476190476189
recoils,64,condition,"{'learning_rate': 0.001, 'steps': 1000}",0.22642857142857142,position_three,2027,multi,0.021428571428571436,-0.018571428571428572
recoils,256,candidate_shared,"{'learning_rate': 0.0003, 'steps': 100}",0.2388095238095238,position_three,2027,multi,0.010476190476190472,-0.0404761904761905
recoils,256,shared,"{'learning_rate': 0.0001, 'steps': 100}",0.225,position_three,2027,multi,-0.05214285714285713,-0.0542857142857143
recoils,256,condition,"{'learning_rate': 0.001, 'steps': 1000}",0.23285714285714285,position_three,2027,multi,-0.04428571428571429,-0.04642857142857146
lis_length,64,candidate_shared,"{'learning_rate': 0.0003, 'steps': 100}",0.28023809523809523,position_three,2027,multi,-0.0035714285714285587,-0.03380952380952379
lis_length,64,shared,"{'learning_rate': 0.0001, 'steps': 100}",0.2702380952380952,position_three,2027,multi,-0.022857142857142854,-0.0438095238095238
lis_length,64,condition,"{'learning_rate': 0.001, 'steps': 1000}",0.28809523809523807,position_three,2027,multi,-0.0050000000000000044,-0.02595238095238095
lis_length,256,candidate_shared,"{'learning_rate': 0.0003, 'steps': 100}",0.34809523809523807,position_three,2027,multi,0.012857142857142845,0.011666666666666659
lis_length,256,shared,"{'learning_rate': 0.0001, 'steps': 100}",0.30523809523809525,position_three,2027,multi,-0.05499999999999999,-0.031190476190476157
lis_length,256,condition,"{'learning_rate': 0.001, 'steps': 1000}",0.30547619047619046,position_three,2027,multi,-0.05476190476190479,-0.030952380952380953
longest_increasing_run,64,candidate_shared,"{'learning_rate': 0.0003, 'steps': 100}",0.3597619047619048,position_three,2027,multi,-0.044761904761904725,-0.07047619047619047
longest_increasing_run,64,shared,"{'learning_rate': 0.0001, 'steps': 100}",0.36,position_three,2027,multi,-0.043571428571428594,-0.07023809523809527
longest_increasing_run,64,condition,"{'learning_rate': 0.001, 'steps': 1000}",0.3954761904761905,position_three,2027,multi,-0.0080952380952381,-0.03476190476190477
longest_increasing_run,256,candidate_shared,"{'learning_rate': 0.0003, 'steps': 100}",0.40095238095238095,position_three,2027,multi,0.026666666666666672,-0.03309523809523812
longest_increasing_run,256,shared,"{'learning_rate': 0.0001, 'steps': 100}",0.37142857142857144,position_three,2027,multi,-0.06428571428571428,-0.06261904761904763
longest_increasing_run,256,condition,"{'learning_rate': 0.001, 'steps': 1000}",0.3888095238095238,position_three,2027,multi,-0.046904761904761894,-0.045238095238095244
descents,64,candidate_shared,"{'learning_rate': 0.0003, 'steps': 100}",0.19857142857142857,cycle_none,1009,multi,-0.015476190476190477,-0.07476190476190475
descents,64,shared,"{'learning_rate': 0.0001, 'steps': 100}",0.1919047619047619,cycle_none,1009,multi,-0.018571428571428572,-0.0814285714285714
descents,64,condition,"{'learning_rate': 0.001, 'steps': 100}",0.21761904761904763,cycle_none,1009,multi,0.007142857142857145,-0.05571428571428569
descents,256,candidate_shared,"{'learning_rate': 0.0003, 'steps': 100}",0.22047619047619046,cycle_none,1009,multi,-0.025476190476190486,-0.06047619047619049
descents,256,shared,"{'learning_rate': 0.0001, 'steps': 100}",0.2057142857142857,cycle_none,1009,multi,-0.06214285714285714,-0.07523809523809524
descents,256,condition,"{'learning_rate': 0.001, 'steps': 100}",0.23785714285714285,cycle_none,1009,multi,-0.03,-0.0430952380952381
recoils,64,candidate_shared,"{'learning_rate': 0.0003, 'steps': 100}",0.20476190476190476,cycle_none,1009,multi,0.00976190476190475,-0.04023809523809524
recoils,64,shared,"{'learning_rate': 0.0001, 'steps': 100}",0.18619047619047618,cycle_none,1009,multi,-0.0161904761904762,-0.05880952380952381
recoils,64,condition,"{'learning_rate': 0.001, 'steps': 100}",0.18714285714285714,cycle_none,1009,multi,-0.015238095238095245,-0.05785714285714286
recoils,256,candidate_shared,"{'learning_rate': 0.0003, 'steps': 100}",0.22666666666666666,cycle_none,1009,multi,-0.025952380952380977,-0.05261904761904765
recoils,256,shared,"{'learning_rate': 0.0001, 'steps': 100}",0.19857142857142857,cycle_none,1009,multi,-0.06833333333333336,-0.08071428571428574
recoils,256,condition,"{'learning_rate': 0.001, 'steps': 100}",0.22904761904761906,cycle_none,1009,multi,-0.03785714285714287,-0.05023809523809525
lis_length,64,candidate_shared,"{'learning_rate': 0.0003, 'steps': 100}",0.28523809523809524,cycle_none,1009,multi,-0.010238095238095268,-0.028809523809523785
lis_length,64,shared,"{'learning_rate': 0.0001, 'steps': 100}",0.26,cycle_none,1009,multi,-0.027142857142857135,-0.05404761904761901
lis_length,64,condition,"{'learning_rate': 0.001, 'steps': 100}",0.2730952380952381,cycle_none,1009,multi,-0.014047619047619031,-0.04095238095238091
lis_length,256,candidate_shared,"{'learning_rate': 0.0003, 'steps': 100}",0.3380952380952381,cycle_none,1009,multi,-0.016666666666666663,0.0016666666666667052
lis_length,256,shared,"{'learning_rate': 0.0001, 'steps': 100}",0.31785714285714284,cycle_none,1009,multi,-0.037380952380952404,-0.018571428571428572
lis_length,256,condition,"{'learning_rate': 0.001, 'steps': 100}",0.3311904761904762,cycle_none,1009,multi,-0.02404761904761904,-0.005238095238095208
longest_increasing_run,64,candidate_shared,"{'learning_rate': 0.0003, 'steps': 100}",0.39261904761904765,cycle_none,1009,multi,-0.0011904761904761862,-0.03761904761904761
longest_increasing_run,64,shared,"{'learning_rate': 0.0001, 'steps': 100}",0.3883333333333333,cycle_none,1009,multi,0.005238095238095208,-0.041904761904761945
longest_increasing_run,64,condition,"{'learning_rate': 0.001, 'steps': 100}",0.40166666666666667,cycle_none,1009,multi,0.018571428571428572,-0.02857142857142858
longest_increasing_run,256,candidate_shared,"{'learning_rate': 0.0003, 'steps': 100}",0.37952380952380954,cycle_none,1009,multi,-0.01595238095238094,-0.05452380952380953
longest_increasing_run,256,shared,"{'learning_rate': 0.0001, 'steps': 100}",0.3952380952380952,cycle_none,1009,multi,-0.03833333333333333,-0.03880952380952385
longest_increasing_run,256,condition,"{'learning_rate': 0.001, 'steps': 100}",0.43214285714285716,cycle_none,1009,multi,-0.0014285714285713902,-0.001904761904761909
descents,64,candidate_shared,"{'learning_rate': 0.0003, 'steps': 100}",0.25142857142857145,position_four,1009,multi,0.037380952380952404,-0.02190476190476187
descents,64,shared,"{'learning_rate': 0.0001, 'steps': 100}",0.2342857142857143,position_four,1009,multi,0.023809523809523808,-0.039047619047619025
descents,64,condition,"{'learning_rate': 0.001, 'steps': 100}",0.23166666666666666,position_four,1009,multi,0.021190476190476176,-0.04166666666666666
descents,256,candidate_shared,"{'learning_rate': 0.0003, 'steps': 100}",0.24952380952380954,position_four,1009,multi,0.0035714285714285865,-0.03142857142857142
descents,256,shared,"{'learning_rate': 0.0001, 'steps': 100}",0.2569047619047619,position_four,1009,multi,-0.010952380952380936,-0.02404761904761904
descents,256,condition,"{'learning_rate': 0.001, 'steps': 100}",0.25261904761904763,position_four,1009,multi,-0.015238095238095217,-0.02833333333333332
recoils,64,candidate_shared,"{'learning_rate': 0.0003, 'steps': 100}",0.23523809523809525,position_four,1009,multi,0.04023809523809524,-0.00976190476190475
recoils,64,shared,"{'learning_rate': 0.0001, 'steps': 100}",0.22833333333333333,position_four,1009,multi,0.02595238095238095,-0.016666666666666663
recoils,64,condition,"{'learning_rate': 0.001, 'steps': 100}",0.2342857142857143,position_four,1009,multi,0.03190476190476191,-0.010714285714285704
recoils,256,candidate_shared,"{'learning_rate': 0.0003, 'steps': 100}",0.23404761904761906,position_four,1009,multi,-0.018571428571428572,-0.045238095238095244
recoils,256,shared,"{'learning_rate': 0.0001, 'steps': 100}",0.265,position_four,1009,multi,-0.001904761904761909,-0.01428571428571429
recoils,256,condition,"{'learning_rate': 0.001, 'steps': 100}",0.23904761904761904,position_four,1009,multi,-0.027857142857142886,-0.04023809523809527
lis_length,64,candidate_shared,"{'learning_rate': 0.0003, 'steps': 100}",0.31142857142857144,position_four,1009,multi,0.01595238095238094,-0.0026190476190475764
lis_length,64,shared,"{'learning_rate': 0.0001, 'steps': 100}",0.2819047619047619,position_four,1009,multi,-0.005238095238095264,-0.03214285714285714
lis_length,64,condition,"{'learning_rate': 0.001, 'steps': 100}",0.29619047619047617,position_four,1009,multi,0.009047619047619027,-0.01785714285714285
lis_length,256,candidate_shared,"{'learning_rate': 0.0003, 'steps': 100}",0.34404761904761905,position_four,1009,multi,-0.010714285714285732,0.007619047619047636
lis_length,256,shared,"{'learning_rate': 0.0001, 'steps': 100}",0.345,position_four,1009,multi,-0.010238095238095268,0.008571428571428563
lis_length,256,condition,"{'learning_rate': 0.001, 'steps': 100}",0.3311904761904762,position_four,1009,multi,-0.02404761904761904,-0.005238095238095208
longest_increasing_run,64,candidate_shared,"{'learning_rate': 0.0003, 'steps': 100}",0.3873809523809524,position_four,1009,multi,-0.00642857142857145,-0.04285714285714287
longest_increasing_run,64,shared,"{'learning_rate': 0.0001, 'steps': 100}",0.38761904761904764,position_four,1009,multi,0.004523809523809541,-0.04261904761904761
longest_increasing_run,64,condition,"{'learning_rate': 0.001, 'steps': 100}",0.41619047619047617,position_four,1009,multi,0.033095238095238066,-0.014047619047619087
longest_increasing_run,256,candidate_shared,"{'learning_rate': 0.0003, 'steps': 100}",0.4116666666666667,position_four,1009,multi,0.0161904761904762,-0.02238095238095239
longest_increasing_run,256,shared,"{'learning_rate': 0.0001, 'steps': 100}",0.4288095238095238,position_four,1009,multi,-0.004761904761904745,-0.005238095238095264
longest_increasing_run,256,condition,"{'learning_rate': 0.001, 'steps': 100}",0.4061904761904762,position_four,1009,multi,-0.02738095238095234,-0.027857142857142858
descents,64,candidate_shared,"{'learning_rate': 0.0003, 'steps': 100}",0.17595238095238094,cycle_three,1009,multi,-0.0380952380952381,-0.09738095238095237
descents,64,shared,"{'learning_rate': 0.0001, 'steps': 100}",0.17523809523809525,cycle_three,1009,multi,-0.035238095238095235,-0.09809523809523807
descents,64,condition,"{'learning_rate': 0.001, 'steps': 100}",0.19714285714285715,cycle_three,1009,multi,-0.013333333333333336,-0.07619047619047617
descents,256,candidate_shared,"{'learning_rate': 0.0003, 'steps': 100}",0.235,cycle_three,1009,multi,-0.010952380952380963,-0.04595238095238097
descents,256,shared,"{'learning_rate': 0.0001, 'steps': 100}",0.24976190476190477,cycle_three,1009,multi,-0.01809523809523808,-0.031190476190476185
descents,256,condition,"{'learning_rate': 0.001, 'steps': 100}",0.24452380952380953,cycle_three,1009,multi,-0.023333333333333317,-0.03642857142857142
recoils,64,candidate_shared,"{'learning_rate': 0.0003, 'steps': 100}",0.16833333333333333,cycle_three,1009,multi,-0.026666666666666672,-0.07666666666666666
recoils,64,shared,"{'learning_rate': 0.0001, 'steps': 100}",0.15714285714285714,cycle_three,1009,multi,-0.045238095238095244,-0.08785714285714286
recoils,64,condition,"{'learning_rate': 0.001, 'steps': 100}",0.17714285714285713,cycle_three,1009,multi,-0.025238095238095254,-0.06785714285714287
recoils,256,candidate_shared,"{'learning_rate': 0.0003, 'steps': 100}",0.23595238095238094,cycle_three,1009,multi,-0.01666666666666669,-0.04333333333333336
recoils,256,shared,"{'learning_rate': 0.0001, 'steps': 100}",0.23142857142857143,cycle_three,1009,multi,-0.035476190476190494,-0.047857142857142876
recoils,256,condition,"{'learning_rate': 0.001, 'steps': 100}",0.2388095238095238,cycle_three,1009,multi,-0.028095238095238118,-0.0404761904761905
lis_length,64,candidate_shared,"{'learning_rate': 0.0003, 'steps': 100}",0.29523809523809524,cycle_three,1009,multi,-0.00023809523809525945,-0.018809523809523776
lis_length,64,shared,"{'learning_rate': 0.0001, 'steps': 100}",0.2966666666666667,cycle_three,1009,multi,0.009523809523809545,-0.01738095238095233
lis_length,64,condition,"{'learning_rate': 0.001, 'steps': 100}",0.29428571428571426,cycle_three,1009,multi,0.0071428571428571175,-0.01976190476190476
lis_length,256,candidate_shared,"{'learning_rate': 0.0003, 'steps': 100}",0.3430952380952381,cycle_three,1009,multi,-0.011666666666666659,0.00666666666666671
lis_length,256,shared,"{'learning_rate': 0.0001, 'steps': 100}",0.3354761904761905,cycle_three,1009,multi,-0.01976190476190476,-0.0009523809523809268
lis_length,256,condition,"{'learning_rate': 0.001, 'steps': 100}",0.3445238095238095,cycle_three,1009,multi,-0.010714285714285732,0.0080952380952381
longest_increasing_run,64,candidate_shared,"{'learning_rate': 0.0003, 'steps': 100}",0.4180952380952381,cycle_three,1009,multi,0.024285714285714244,-0.012142857142857177
longest_increasing_run,64,shared,"{'learning_rate': 0.0001, 'steps': 100}",0.3921428571428571,cycle_three,1009,multi,0.009047619047619027,-0.038095238095238126
longest_increasing_run,64,condition,"{'learning_rate': 0.001, 'steps': 100}",0.4,cycle_three,1009,multi,0.016904761904761922,-0.03023809523809523
longest_increasing_run,256,candidate_shared,"{'learning_rate': 0.0003, 'steps': 100}",0.43976190476190474,cycle_three,1009,multi,0.04428571428571426,0.005714285714285672
longest_increasing_run,256,shared,"{'learning_rate': 0.0001, 'steps': 100}",0.4583333333333333,cycle_three,1009,multi,0.024761904761904763,0.024285714285714244
longest_increasing_run,256,condition,"{'learning_rate': 0.001, 'steps': 100}",0.3952380952380952,cycle_three,1009,multi,-0.03833333333333333,-0.03880952380952385
descents,64,candidate_shared,"{'learning_rate': 0.0003, 'steps': 100}",0.14261904761904762,cycle_four,3037,multi,-0.07595238095238097,-0.1307142857142857
descents,64,shared,"{'learning_rate': 0.0001, 'steps': 100}",0.11476190476190476,cycle_four,3037,multi,-0.10285714285714287,-0.15857142857142856
descents,64,condition,"{'learning_rate': 0.001, 'steps': 100}",0.1792857142857143,cycle_four,3037,multi,-0.03833333333333333,-0.09404761904761902
descents,256,candidate_shared,"{'learning_rate': 0.0003, 'steps': 100}",0.20166666666666666,cycle_four,3037,multi,-0.04285714285714287,-0.07928571428571429
descents,256,shared,"{'learning_rate': 0.0001, 'steps': 100}",0.17357142857142857,cycle_four,3037,multi,-0.07976190476190478,-0.10738095238095238
descents,256,condition,"{'learning_rate': 0.001, 'steps': 100}",0.21261904761904762,cycle_four,3037,multi,-0.04071428571428573,-0.06833333333333333
recoils,64,candidate_shared,"{'learning_rate': 0.0003, 'steps': 100}",0.14523809523809525,cycle_four,3037,multi,-0.04595238095238094,-0.09976190476190475
recoils,64,shared,"{'learning_rate': 0.0001, 'steps': 100}",0.1219047619047619,cycle_four,3037,multi,-0.07142857142857142,-0.12309523809523809
recoils,64,condition,"{'learning_rate': 0.001, 'steps': 100}",0.16166666666666665,cycle_four,3037,multi,-0.031666666666666676,-0.08333333333333334
recoils,256,candidate_shared,"{'learning_rate': 0.0003, 'steps': 100}",0.2057142857142857,cycle_four,3037,multi,-0.0430952380952381,-0.0735714285714286
recoils,256,shared,"{'learning_rate': 0.0001, 'steps': 100}",0.15595238095238095,cycle_four,3037,multi,-0.11142857142857143,-0.12333333333333335
recoils,256,condition,"{'learning_rate': 0.001, 'steps': 100}",0.23833333333333334,cycle_four,3037,multi,-0.029047619047619044,-0.04095238095238096
lis_length,64,candidate_shared,"{'learning_rate': 0.0003, 'steps': 100}",0.22857142857142856,cycle_four,3037,multi,-0.04809523809523811,-0.08547619047619046
lis_length,64,shared,"{'learning_rate': 0.0001, 'steps': 100}",0.21095238095238095,cycle_four,3037,multi,-0.07190476190476192,-0.10309523809523807
lis_length,64,condition,"{'learning_rate': 0.001, 'steps': 100}",0.2664285714285714,cycle_four,3037,multi,-0.01642857142857146,-0.047619047619047616
lis_length,256,candidate_shared,"{'learning_rate': 0.0003, 'steps': 100}",0.31452380952380954,cycle_four,3037,multi,-0.044761904761904725,-0.02190476190476187
lis_length,256,shared,"{'learning_rate': 0.0001, 'steps': 100}",0.2897619047619048,cycle_four,3037,multi,-0.07428571428571429,-0.046666666666666634
lis_length,256,condition,"{'learning_rate': 0.001, 'steps': 100}",0.3011904761904762,cycle_four,3037,multi,-0.06285714285714289,-0.035238095238095235
longest_increasing_run,64,candidate_shared,"{'learning_rate': 0.0003, 'steps': 100}",0.4328571428571429,cycle_four,3037,multi,0.055952380952380976,0.002619047619047632
longest_increasing_run,64,shared,"{'learning_rate': 0.0001, 'steps': 100}",0.43976190476190474,cycle_four,3037,multi,0.05547619047619046,0.00952380952380949
longest_increasing_run,64,condition,"{'learning_rate': 0.001, 'steps': 100}",0.3992857142857143,cycle_four,3037,multi,0.015000000000000013,-0.030952380952380953
longest_increasing_run,256,candidate_shared,"{'learning_rate': 0.0003, 'steps': 100}",0.3983333333333333,cycle_four,3037,multi,0.027857142857142858,-0.035714285714285754
longest_increasing_run,256,shared,"{'learning_rate': 0.0001, 'steps': 100}",0.4554761904761905,cycle_four,3037,multi,0.03309523809523812,0.021428571428571408
longest_increasing_run,256,condition,"{'learning_rate': 0.001, 'steps': 100}",0.36952380952380953,cycle_four,3037,multi,-0.052857142857142825,-0.06452380952380954
descents,64,candidate_shared,"{'learning_rate': 0.0003, 'steps': 100}",0.24285714285714285,interior_four,1009,multi,0.028809523809523813,-0.030476190476190462
descents,64,shared,"{'learning_rate': 0.0001, 'steps': 100}",0.23809523809523808,interior_four,1009,multi,0.0276190476190476,-0.035238095238095235
descents,64,condition,"{'learning_rate': 0.0001, 'steps': 100}",0.23809523809523808,interior_four,1009,multi,0.0276190476190476,-0.035238095238095235
descents,256,candidate_shared,"{'learning_rate': 0.0003, 'steps': 100}",0.2823809523809524,interior_four,1009,multi,0.03642857142857145,0.0014285714285714457
descents,256,shared,"{'learning_rate': 0.0001, 'steps': 100}",0.25833333333333336,interior_four,1009,multi,-0.00952380952380949,-0.022619047619047594
descents,256,condition,"{'learning_rate': 0.0001, 'steps': 100}",0.25833333333333336,interior_four,1009,multi,-0.00952380952380949,-0.022619047619047594
recoils,64,candidate_shared,"{'learning_rate': 0.0003, 'steps': 100}",0.20523809523809525,interior_four,1009,multi,0.01023809523809524,-0.03976190476190475
recoils,64,shared,"{'learning_rate': 0.0001, 'steps': 100}",0.18785714285714286,interior_four,1009,multi,-0.014523809523809522,-0.057142857142857134
recoils,64,condition,"{'learning_rate': 0.0001, 'steps': 100}",0.18785714285714286,interior_four,1009,multi,-0.014523809523809522,-0.057142857142857134
recoils,256,candidate_shared,"{'learning_rate': 0.0003, 'steps': 100}",0.24,interior_four,1009,multi,-0.01261904761904764,-0.03928571428571431
recoils,256,shared,"{'learning_rate': 0.0001, 'steps': 100}",0.23333333333333334,interior_four,1009,multi,-0.033571428571428585,-0.04595238095238097
recoils,256,condition,"{'learning_rate': 0.0001, 'steps': 100}",0.23333333333333334,interior_four,1009,multi,-0.033571428571428585,-0.04595238095238097
lis_length,64,candidate_shared,"{'learning_rate': 0.0003, 'steps': 100}",0.31357142857142856,interior_four,1009,multi,0.018095238095238053,-0.0004761904761904634
lis_length,64,shared,"{'learning_rate': 0.0001, 'steps': 100}",0.3069047619047619,interior_four,1009,multi,0.01976190476190476,-0.0071428571428571175
lis_length,64,condition,"{'learning_rate': 0.0001, 'steps': 100}",0.3069047619047619,interior_four,1009,multi,0.01976190476190476,-0.0071428571428571175
lis_length,256,candidate_shared,"{'learning_rate': 0.0003, 'steps': 100}",0.3395238095238095,interior_four,1009,multi,-0.015238095238095273,0.0030952380952380953
lis_length,256,shared,"{'learning_rate': 0.0001, 'steps': 100}",0.33380952380952383,interior_four,1009,multi,-0.021428571428571408,-0.0026190476190475764
lis_length,256,condition,"{'learning_rate': 0.0001, 'steps': 100}",0.33380952380952383,interior_four,1009,multi,-0.021428571428571408,-0.0026190476190475764
longest_increasing_run,64,candidate_shared,"{'learning_rate': 0.0003, 'steps': 100}",0.4169047619047619,interior_four,1009,multi,0.023095238095238058,-0.013333333333333364
longest_increasing_run,64,shared,"{'learning_rate': 0.0001, 'steps': 100}",0.3759523809523809,interior_four,1009,multi,-0.007142857142857173,-0.054285714285714326
longest_increasing_run,64,condition,"{'learning_rate': 0.0001, 'steps': 100}",0.3759523809523809,interior_four,1009,multi,-0.007142857142857173,-0.054285714285714326
longest_increasing_run,256,candidate_shared,"{'learning_rate': 0.0003, 'steps': 100}",0.4085714285714286,interior_four,1009,multi,0.013095238095238104,-0.025476190476190486
longest_increasing_run,256,shared,"{'learning_rate': 0.0001, 'steps': 100}",0.4230952380952381,interior_four,1009,multi,-0.010476190476190472,-0.010952380952380991
longest_increasing_run,256,condition,"{'learning_rate': 0.0001, 'steps': 100}",0.4230952380952381,interior_four,1009,multi,-0.010476190476190472,-0.010952380952380991
descents,64,candidate_shared,"{'learning_rate': 0.0003, 'steps': 100}",0.18476190476190477,right_to_left_maxima,5059,single,-0.0326190476190476,-0.08857142857142855
descents,64,shared,"{'learning_rate': 0.0001, 'steps': 100}",0.1742857142857143,right_to_left_maxima,5059,single,-0.05023809523809522,-0.09904761904761902
descents,64,condition,"{'learning_rate': 0.0003, 'steps': 100}",0.18476190476190477,right_to_left_maxima,5059,single,-0.03976190476190475,-0.08857142857142855
descents,256,candidate_shared,"{'learning_rate': 0.0003, 'steps': 100}",0.24428571428571427,right_to_left_maxima,5059,single,0.011666666666666659,-0.03666666666666668
descents,256,shared,"{'learning_rate': 0.0001, 'steps': 100}",0.24666666666666667,right_to_left_maxima,5059,single,-0.006904761904761886,-0.03428571428571428
descents,256,condition,"{'learning_rate': 0.0003, 'steps': 100}",0.24428571428571427,right_to_left_maxima,5059,single,-0.009285714285714286,-0.03666666666666668
recoils,64,candidate_shared,"{'learning_rate': 0.0003, 'steps': 100}",0.2311904761904762,right_to_left_maxima,5059,single,0.03023809523809523,-0.0138095238095238
recoils,64,shared,"{'learning_rate': 0.0001, 'steps': 100}",0.2007142857142857,right_to_left_maxima,5059,single,-0.009285714285714286,-0.04428571428571429
recoils,64,condition,"{'learning_rate': 0.0003, 'steps': 100}",0.2311904761904762,right_to_left_maxima,5059,single,0.021190476190476204,-0.0138095238095238
recoils,256,candidate_shared,"{'learning_rate': 0.0003, 'steps': 100}",0.2561904761904762,right_to_left_maxima,5059,single,0.012380952380952381,-0.023095238095238113
recoils,256,shared,"{'learning_rate': 0.0001, 'steps': 100}",0.22952380952380952,right_to_left_maxima,5059,single,-0.05428571428571427,-0.049761904761904785
recoils,256,condition,"{'learning_rate': 0.0003, 'steps': 100}",0.2561904761904762,right_to_left_maxima,5059,single,-0.0276190476190476,-0.023095238095238113
lis_length,64,candidate_shared,"{'learning_rate': 0.0003, 'steps': 100}",0.25761904761904764,right_to_left_maxima,5059,single,-0.025476190476190486,-0.056428571428571384
lis_length,64,shared,"{'learning_rate': 0.0001, 'steps': 100}",0.2488095238095238,right_to_left_maxima,5059,single,-0.036904761904761885,-0.0652380952380952
lis_length,64,condition,"{'learning_rate': 0.0003, 'steps': 100}",0.25761904761904764,right_to_left_maxima,5059,single,-0.028095238095238062,-0.056428571428571384
lis_length,256,candidate_shared,"{'learning_rate': 0.0003, 'steps': 100}",0.33714285714285713,right_to_left_maxima,5059,single,-0.010714285714285732,0.0007142857142857229
lis_length,256,shared,"{'learning_rate': 0.0001, 'steps': 100}",0.3395238095238095,right_to_left_maxima,5059,single,0.02047619047619048,0.0030952380952380953
lis_length,256,condition,"{'learning_rate': 0.0003, 'steps': 100}",0.33714285714285713,right_to_left_maxima,5059,single,0.01809523809523811,0.0007142857142857229
longest_increasing_run,64,candidate_shared,"{'learning_rate': 0.0003, 'steps': 100}",0.40714285714285714,right_to_left_maxima,5059,single,0.03619047619047616,-0.023095238095238113
longest_increasing_run,64,shared,"{'learning_rate': 0.0001, 'steps': 100}",0.3871428571428571,right_to_left_maxima,5059,single,-0.015000000000000013,-0.04309523809523813
longest_increasing_run,64,condition,"{'learning_rate': 0.0003, 'steps': 100}",0.40714285714285714,right_to_left_maxima,5059,single,0.0050000000000000044,-0.023095238095238113
longest_increasing_run,256,candidate_shared,"{'learning_rate': 0.0003, 'steps': 100}",0.4388095238095238,right_to_left_maxima,5059,single,0.0242857142857143,0.004761904761904745
longest_increasing_run,256,shared,"{'learning_rate': 0.0001, 'steps': 100}",0.42023809523809524,right_to_left_maxima,5059,single,-0.02214285714285713,-0.013809523809523827
longest_increasing_run,256,condition,"{'learning_rate': 0.0003, 'steps': 100}",0.4388095238095238,right_to_left_maxima,5059,single,-0.0035714285714285587,0.004761904761904745
descents,64,candidate_shared,"{'learning_rate': 0.0003, 'steps': 100}",0.23904761904761904,position_three,3037,multi,0.020476190476190453,-0.03428571428571428
descents,64,shared,"{'learning_rate': 0.0001, 'steps': 100}",0.22333333333333333,position_three,3037,multi,0.0057142857142856995,-0.04999999999999999
descents,64,condition,"{'learning_rate': 0.001, 'steps': 1000}",0.23214285714285715,position_three,3037,multi,0.014523809523809522,-0.041190476190476166
descents,256,candidate_shared,"{'learning_rate': 0.0003, 'steps': 100}",0.23595238095238094,position_three,3037,multi,-0.008571428571428591,-0.04500000000000001
descents,256,shared,"{'learning_rate': 0.0001, 'steps': 100}",0.2261904761904762,position_three,3037,multi,-0.027142857142857163,-0.05476190476190476
descents,256,condition,"{'learning_rate': 0.001, 'steps': 1000}",0.23904761904761904,position_three,3037,multi,-0.014285714285714318,-0.04190476190476192
recoils,64,candidate_shared,"{'learning_rate': 0.0003, 'steps': 100}",0.22547619047619047,position_three,3037,multi,0.03428571428571428,-0.019523809523809527
recoils,64,shared,"{'learning_rate': 0.0001, 'steps': 100}",0.2123809523809524,position_three,3037,multi,0.019047619047619063,-0.0326190476190476
recoils,64,condition,"{'learning_rate': 0.001, 'steps': 1000}",0.23761904761904762,position_three,3037,multi,0.04428571428571429,-0.007380952380952377
recoils,256,candidate_shared,"{'learning_rate': 0.0003, 'steps': 100}",0.23261904761904761,position_three,3037,multi,-0.0161904761904762,-0.04666666666666669
recoils,256,shared,"{'learning_rate': 0.0001, 'steps': 100}",0.22023809523809523,position_three,3037,multi,-0.04714285714285715,-0.05904761904761907
recoils,256,condition,"{'learning_rate': 0.001, 'steps': 1000}",0.22357142857142856,position_three,3037,multi,-0.043809523809523826,-0.055714285714285744
lis_length,64,candidate_shared,"{'learning_rate': 0.0003, 'steps': 100}",0.2930952380952381,position_three,3037,multi,0.016428571428571404,-0.020952380952380945
lis_length,64,shared,"{'learning_rate': 0.0001, 'steps': 100}",0.2864285714285714,position_three,3037,multi,0.0035714285714285587,-0.0276190476190476
lis_length,64,condition,"{'learning_rate': 0.001, 'steps': 1000}",0.30095238095238097,position_three,3037,multi,0.01809523809523811,-0.013095238095238049
lis_length,256,candidate_shared,"{'learning_rate': 0.0003, 'steps': 100}",0.35595238095238096,position_three,3037,multi,-0.0033333333333332993,0.019523809523809554
lis_length,256,shared,"{'learning_rate': 0.0001, 'steps': 100}",0.3376190476190476,position_three,3037,multi,-0.026428571428571468,0.0011904761904761862
lis_length,256,condition,"{'learning_rate': 0.001, 'steps': 1000}",0.319047619047619,position_three,3037,multi,-0.04500000000000004,-0.017380952380952386
longest_increasing_run,64,candidate_shared,"{'learning_rate': 0.0003, 'steps': 100}",0.39785714285714285,position_three,3037,multi,0.020952380952380945,-0.0323809523809524
longest_increasing_run,64,shared,"{'learning_rate': 0.0001, 'steps': 100}",0.35095238095238096,position_three,3037,multi,-0.033333333333333326,-0.07928571428571429
longest_increasing_run,64,condition,"{'learning_rate': 0.001, 'steps': 1000}",0.41023809523809524,position_three,3037,multi,0.02595238095238095,-0.020000000000000018
longest_increasing_run,256,candidate_shared,"{'learning_rate': 0.0003, 'steps': 100}",0.39166666666666666,position_three,3037,multi,0.021190476190476204,-0.04238095238095241
longest_increasing_run,256,shared,"{'learning_rate': 0.0001, 'steps': 100}",0.37047619047619046,position_three,3037,multi,-0.0519047619047619,-0.06357142857142861
longest_increasing_run,256,condition,"{'learning_rate': 0.001, 'steps': 1000}",0.3969047619047619,position_three,3037,multi,-0.02547619047619043,-0.037142857142857144
descents,64,candidate_shared,"{'learning_rate': 0.0003, 'steps': 100}",0.1461904761904762,cycle_four,1009,multi,-0.06785714285714284,-0.1271428571428571
descents,64,shared,"{'learning_rate': 0.0001, 'steps': 100}",0.10976190476190475,cycle_four,1009,multi,-0.10071428571428573,-0.16357142857142856
descents,64,condition,"{'learning_rate': 0.001, 'steps': 100}",0.16285714285714287,cycle_four,1009,multi,-0.047619047619047616,-0.11047619047619045
descents,256,candidate_shared,"{'learning_rate': 0.0003, 'steps': 100}",0.22,cycle_four,1009,multi,-0.02595238095238095,-0.06095238095238095
descents,256,shared,"{'learning_rate': 0.0001, 'steps': 100}",0.14595238095238094,cycle_four,1009,multi,-0.1219047619047619,-0.135
descents,256,condition,"{'learning_rate': 0.001, 'steps': 100}",0.22285714285714286,cycle_four,1009,multi,-0.044999999999999984,-0.05809523809523809
recoils,64,candidate_shared,"{'learning_rate': 0.0003, 'steps': 100}",0.1326190476190476,cycle_four,1009,multi,-0.0623809523809524,-0.11238095238095239
recoils,64,shared,"{'learning_rate': 0.0001, 'steps': 100}",0.11547619047619048,cycle_four,1009,multi,-0.0869047619047619,-0.1295238095238095
recoils,64,condition,"{'learning_rate': 0.001, 'steps': 100}",0.16238095238095238,cycle_four,1009,multi,-0.04000000000000001,-0.08261904761904762
recoils,256,candidate_shared,"{'learning_rate': 0.0003, 'steps': 100}",0.20666666666666667,cycle_four,1009,multi,-0.04595238095238097,-0.07261904761904764
recoils,256,shared,"{'learning_rate': 0.0001, 'steps': 100}",0.12833333333333333,cycle_four,1009,multi,-0.1385714285714286,-0.15095238095238098
recoils,256,condition,"{'learning_rate': 0.001, 'steps': 100}",0.2195238095238095,cycle_four,1009,multi,-0.04738095238095241,-0.059761904761904794
lis_length,64,candidate_shared,"{'learning_rate': 0.0003, 'steps': 100}",0.2602380952380952,cycle_four,1009,multi,-0.03523809523809529,-0.05380952380952381
lis_length,64,shared,"{'learning_rate': 0.0001, 'steps': 100}",0.2519047619047619,cycle_four,1009,multi,-0.035238095238095235,-0.06214285714285711
lis_length,64,condition,"{'learning_rate': 0.001, 'steps': 100}",0.2788095238095238,cycle_four,1009,multi,-0.00833333333333336,-0.035238095238095235
lis_length,256,candidate_shared,"{'learning_rate': 0.0003, 'steps': 100}",0.3111904761904762,cycle_four,1009,multi,-0.043571428571428594,-0.025238095238095226
lis_length,256,shared,"{'learning_rate': 0.0001, 'steps': 100}",0.28214285714285714,cycle_four,1009,multi,-0.0730952380952381,-0.05428571428571427
lis_length,256,condition,"{'learning_rate': 0.001, 'steps': 100}",0.2864285714285714,cycle_four,1009,multi,-0.06880952380952382,-0.04999999999999999
longest_increasing_run,64,candidate_shared,"{'learning_rate': 0.0003, 'steps': 100}",0.43476190476190474,cycle_four,1009,multi,0.04095238095238091,0.0045238095238094855
longest_increasing_run,64,shared,"{'learning_rate': 0.0001, 'steps': 100}",0.4276190476190476,cycle_four,1009,multi,0.04452380952380952,-0.002619047619047632
longest_increasing_run,64,condition,"{'learning_rate': 0.001, 'steps': 100}",0.4176190476190476,cycle_four,1009,multi,0.03452380952380951,-0.01261904761904764
longest_increasing_run,256,candidate_shared,"{'learning_rate': 0.0003, 'steps': 100}",0.40214285714285714,cycle_four,1009,multi,0.006666666666666654,-0.031904761904761936
longest_increasing_run,256,shared,"{'learning_rate': 0.0001, 'steps': 100}",0.4297619047619048,cycle_four,1009,multi,-0.0038095238095237627,-0.004285714285714282
longest_increasing_run,256,condition,"{'learning_rate': 0.001, 'steps': 100}",0.4119047619047619,cycle_four,1009,multi,-0.021666666666666667,-0.022142857142857186
descents,64,candidate_shared,"{'learning_rate': 0.0003, 'steps': 100}",0.23095238095238096,valleys,3037,single,0.012380952380952381,-0.04238095238095235
descents,64,shared,"{'learning_rate': 0.0001, 'steps': 100}",0.2169047619047619,valleys,3037,single,-0.0007142857142857229,-0.05642857142857141
descents,64,condition,"{'learning_rate': 0.0003, 'steps': 100}",0.23095238095238096,valleys,3037,single,0.013333333333333336,-0.04238095238095235
descents,256,candidate_shared,"{'learning_rate': 0.0003, 'steps': 100}",0.2611904761904762,valleys,3037,single,0.016666666666666663,-0.01976190476190476
descents,256,shared,"{'learning_rate': 0.0001, 'steps': 100}",0.25642857142857145,valleys,3037,single,0.0030952380952380953,-0.024523809523809503
descents,256,condition,"{'learning_rate': 0.0003, 'steps': 100}",0.2611904761904762,valleys,3037,single,0.00785714285714284,-0.01976190476190476
recoils,64,candidate_shared,"{'learning_rate': 0.0003, 'steps': 100}",0.1911904761904762,valleys,3037,single,0.0,-0.05380952380952381
recoils,64,shared,"{'learning_rate': 0.0001, 'steps': 100}",0.1926190476190476,valleys,3037,single,-0.0007142857142857229,-0.05238095238095239
recoils,64,condition,"{'learning_rate': 0.0003, 'steps': 100}",0.1911904761904762,valleys,3037,single,-0.002142857142857141,-0.05380952380952381
recoils,256,candidate_shared,"{'learning_rate': 0.0003, 'steps': 100}",0.2454761904761905,valleys,3037,single,-0.003333333333333327,-0.03380952380952382
recoils,256,shared,"{'learning_rate': 0.0001, 'steps': 100}",0.24404761904761904,valleys,3037,single,-0.023333333333333345,-0.03523809523809526
recoils,256,condition,"{'learning_rate': 0.0003, 'steps': 100}",0.2454761904761905,valleys,3037,single,-0.0219047619047619,-0.03380952380952382
lis_length,64,candidate_shared,"{'learning_rate': 0.0003, 'steps': 100}",0.30976190476190474,valleys,3037,single,0.033095238095238066,-0.004285714285714282
lis_length,64,shared,"{'learning_rate': 0.0001, 'steps': 100}",0.2642857142857143,valleys,3037,single,-0.018571428571428572,-0.04976190476190473
lis_length,64,condition,"{'learning_rate': 0.0003, 'steps': 100}",0.30976190476190474,valleys,3037,single,0.026904761904761876,-0.004285714285714282
lis_length,256,candidate_shared,"{'learning_rate': 0.0003, 'steps': 100}",0.3364285714285714,valleys,3037,single,-0.022857142857142854,0.0
lis_length,256,shared,"{'learning_rate': 0.0001, 'steps': 100}",0.31761904761904763,valleys,3037,single,-0.04642857142857143,-0.018809523809523776
lis_length,256,condition,"{'learning_rate': 0.0003, 'steps': 100}",0.3364285714285714,valleys,3037,single,-0.027619047619047654,0.0
longest_increasing_run,64,candidate_shared,"{'learning_rate': 0.0003, 'steps': 100}",0.40904761904761905,valleys,3037,single,0.03214285714285714,-0.021190476190476204
longest_increasing_run,64,shared,"{'learning_rate': 0.0001, 'steps': 100}",0.3628571428571429,valleys,3037,single,-0.021428571428571408,-0.06738095238095237
longest_increasing_run,64,condition,"{'learning_rate': 0.0003, 'steps': 100}",0.40904761904761905,valleys,3037,single,0.024761904761904763,-0.021190476190476204
longest_increasing_run,256,candidate_shared,"{'learning_rate': 0.0003, 'steps': 100}",0.39976190476190476,valleys,3037,single,0.029285714285714304,-0.03428571428571431
longest_increasing_run,256,shared,"{'learning_rate': 0.0001, 'steps': 100}",0.41928571428571426,valleys,3037,single,-0.0030952380952380953,-0.01476190476190481
longest_increasing_run,256,condition,"{'learning_rate': 0.0003, 'steps': 100}",0.39976190476190476,valleys,3037,single,-0.022619047619047594,-0.03428571428571431
