{"job_id": "d256_l4_interior_none_s1009", "status": "running", "step": 1000, "planned_steps": 20000, "validation_macro": 0.32261904761904764, "seconds": 14.051837729057297, "updated_unix": 1791234045.3433282}
{"job_id": "d256_l4_interior_none_s1009", "status": "running", "step": 2000, "planned_steps": 20000, "validation_macro": 0.4134523809523809, "seconds": 27.318518687039614, "updated_unix": 1791234058.616315}
{"job_id": "d256_l4_interior_none_s1009", "status": "running", "step": 3000, "planned_steps": 20000, "validation_macro": 0.4660714285714285, "seconds": 40.479308248031884, "updated_unix": 1791234071.7699184}
{"job_id": "d256_l4_interior_none_s1009", "status": "running", "step": 4000, "planned_steps": 20000, "validation_macro": 0.5147619047619048, "seconds": 53.386066211154684, "updated_unix": 1791234084.6757128}
{"job_id": "d256_l4_interior_none_s1009", "status": "running", "step": 5000, "planned_steps": 20000, "validation_macro": 0.521547619047619, "seconds": 66.70952414511703, "updated_unix": 1791234098.042785}
{"job_id": "d256_l4_interior_none_s1009", "status": "running", "step": 6000, "planned_steps": 20000, "validation_macro": 0.5536904761904762, "seconds": 79.8417073211167, "updated_unix": 1791234111.1289494}
{"job_id": "d256_l4_interior_none_s1009", "status": "running", "step": 7000, "planned_steps": 20000, "validation_macro": 0.5853571428571429, "seconds": 93.15752006298862, "updated_unix": 1791234124.4518309}
{"job_id": "d256_l4_interior_none_s1009", "status": "running", "step": 8000, "planned_steps": 20000, "validation_macro": 0.6139285714285715, "seconds": 106.37445554113947, "updated_unix": 1791234137.6615293}
{"job_id": "d256_l4_interior_none_s1009", "status": "running", "step": 9000, "planned_steps": 20000, "validation_macro": 0.6178571428571429, "seconds": 119.61115563311614, "updated_unix": 1791234150.8991032}
{"job_id": "d256_l4_interior_none_s1009", "status": "running", "step": 10000, "planned_steps": 20000, "validation_macro": 0.6470238095238096, "seconds": 132.62899864511564, "updated_unix": 1791234163.965955}
{"job_id": "d256_l4_interior_none_s1009", "status": "running", "step": 11000, "planned_steps": 20000, "validation_macro": 0.679047619047619, "seconds": 145.59283197601326, "updated_unix": 1791234176.8804178}
{"job_id": "d256_l4_interior_none_s1009", "status": "running", "step": 12000, "planned_steps": 20000, "validation_macro": 0.7069047619047619, "seconds": 158.54349969001487, "updated_unix": 1791234189.831181}
{"job_id": "d256_l4_interior_none_s1009", "status": "running", "step": 13000, "planned_steps": 20000, "validation_macro": 0.7414285714285714, "seconds": 171.70199723006226, "updated_unix": 1791234202.992233}
{"job_id": "d256_l4_interior_none_s1009", "status": "running", "step": 14000, "planned_steps": 20000, "validation_macro": 0.7822619047619048, "seconds": 184.62073700106703, "updated_unix": 1791234215.9077888}
{"job_id": "d256_l4_interior_none_s1009", "status": "running", "step": 15000, "planned_steps": 20000, "validation_macro": 0.8280952380952382, "seconds": 197.63550561806187, "updated_unix": 1791234228.924346}
{"job_id": "d256_l4_interior_none_s1009", "status": "running", "step": 16000, "planned_steps": 20000, "validation_macro": 0.8676190476190476, "seconds": 210.7859206951689, "updated_unix": 1791234242.0742667}
{"job_id": "d256_l4_interior_none_s1009", "status": "running", "step": 17000, "planned_steps": 20000, "validation_macro": 0.8958333333333334, "seconds": 223.6669077819679, "updated_unix": 1791234254.954327}
{"job_id": "d256_l4_interior_none_s1009", "status": "running", "step": 18000, "planned_steps": 20000, "validation_macro": 0.9166666666666666, "seconds": 236.95285817794502, "updated_unix": 1791234268.2428472}
{"job_id": "d256_l4_interior_none_s1009", "status": "running", "step": 19000, "planned_steps": 20000, "validation_macro": 0.9320238095238095, "seconds": 250.22493608505465, "updated_unix": 1791234281.5103273}
{"job_id": "d256_l4_interior_none_s1009", "status": "running", "step": 20000, "planned_steps": 20000, "validation_macro": 0.9411904761904761, "seconds": 263.24370934511535, "updated_unix": 1791234294.5799136}
{"job_id": "d256_l4_peaks_s1009", "status": "running", "step": 1000, "planned_steps": 20000, "validation_macro": 0.37047619047619046, "seconds": 11.56206625001505, "updated_unix": 1791234313.3212383}
{"job_id": "d256_l4_peaks_s1009", "status": "running", "step": 2000, "planned_steps": 20000, "validation_macro": 0.38666666666666666, "seconds": 23.344881525961682, "updated_unix": 1791234325.1069715}
{"job_id": "d256_l4_peaks_s1009", "status": "running", "step": 3000, "planned_steps": 20000, "validation_macro": 0.4104761904761905, "seconds": 35.34942358592525, "updated_unix": 1791234337.1103506}
{"job_id": "d256_l4_peaks_s1009", "status": "running", "step": 4000, "planned_steps": 20000, "validation_macro": 0.41095238095238096, "seconds": 47.171209743013605, "updated_unix": 1791234348.9476213}
{"job_id": "d256_l4_peaks_s1009", "status": "running", "step": 5000, "planned_steps": 20000, "validation_macro": 0.38571428571428573, "seconds": 58.89917302201502, "updated_unix": 1791234360.7081141}
{"job_id": "d256_l4_peaks_s1009", "status": "running", "step": 6000, "planned_steps": 20000, "validation_macro": 0.42714285714285716, "seconds": 70.49009058903903, "updated_unix": 1791234372.254866}
{"job_id": "d256_l4_peaks_s1009", "status": "running", "step": 7000, "planned_steps": 20000, "validation_macro": 0.4123809523809524, "seconds": 82.21359424409457, "updated_unix": 1791234383.9747407}
{"job_id": "d256_l4_peaks_s1009", "status": "running", "step": 8000, "planned_steps": 20000, "validation_macro": 0.439047619047619, "seconds": 94.07770072109997, "updated_unix": 1791234395.8384562}
{"job_id": "d256_l4_peaks_s1009", "status": "running", "step": 9000, "planned_steps": 20000, "validation_macro": 0.47095238095238096, "seconds": 105.85466048307717, "updated_unix": 1791234407.6167178}
{"job_id": "d256_l4_peaks_s1009", "status": "running", "step": 10000, "planned_steps": 20000, "validation_macro": 0.48095238095238096, "seconds": 117.09724267292768, "updated_unix": 1791234418.905526}
{"job_id": "d256_l4_peaks_s1009", "status": "running", "step": 11000, "planned_steps": 20000, "validation_macro": 0.4695238095238095, "seconds": 129.07232740405016, "updated_unix": 1791234430.831276}
{"job_id": "d256_l4_peaks_s1009", "status": "running", "step": 12000, "planned_steps": 20000, "validation_macro": 0.49476190476190474, "seconds": 140.6443633150775, "updated_unix": 1791234442.4044585}
{"job_id": "d256_l4_peaks_s1009", "status": "running", "step": 13000, "planned_steps": 20000, "validation_macro": 0.5109523809523809, "seconds": 152.33084964100271, "updated_unix": 1791234454.0907633}
{"job_id": "d256_l4_peaks_s1009", "status": "running", "step": 14000, "planned_steps": 20000, "validation_macro": 0.52, "seconds": 163.8625769270584, "updated_unix": 1791234465.6227636}
{"job_id": "d256_l4_peaks_s1009", "status": "running", "step": 15000, "planned_steps": 20000, "validation_macro": 0.530952380952381, "seconds": 175.81864433991723, "updated_unix": 1791234477.57994}
{"job_id": "d256_l4_peaks_s1009", "status": "running", "step": 16000, "planned_steps": 20000, "validation_macro": 0.5447619047619048, "seconds": 188.10104730702005, "updated_unix": 1791234489.8626604}
{"job_id": "d256_l4_peaks_s1009", "status": "running", "step": 17000, "planned_steps": 20000, "validation_macro": 0.5523809523809524, "seconds": 199.93438413599506, "updated_unix": 1791234501.697049}
{"job_id": "d256_l4_peaks_s1009", "status": "running", "step": 18000, "planned_steps": 20000, "validation_macro": 0.5619047619047619, "seconds": 211.94671324710362, "updated_unix": 1791234513.7064936}
{"job_id": "d256_l4_peaks_s1009", "status": "running", "step": 19000, "planned_steps": 20000, "validation_macro": 0.5633333333333334, "seconds": 224.2576185790822, "updated_unix": 1791234526.0173328}
{"job_id": "d256_l4_peaks_s1009", "status": "running", "step": 20000, "planned_steps": 20000, "validation_macro": 0.5619047619047619, "seconds": 236.1074019218795, "updated_unix": 1791234537.9149256}
{"job_id": "d256_l4_valleys_s1009", "status": "running", "step": 1000, "planned_steps": 20000, "validation_macro": 0.35333333333333333, "seconds": 11.844091603998095, "updated_unix": 1791234552.903594}
{"job_id": "d256_l4_valleys_s1009", "status": "running", "step": 2000, "planned_steps": 20000, "validation_macro": 0.38476190476190475, "seconds": 24.372482156846672, "updated_unix": 1791234565.4409559}
{"job_id": "d256_l4_valleys_s1009", "status": "running", "step": 3000, "planned_steps": 20000, "validation_macro": 0.4057142857142857, "seconds": 36.652158446842805, "updated_unix": 1791234577.7134244}
{"job_id": "d256_l4_valleys_s1009", "status": "running", "step": 4000, "planned_steps": 20000, "validation_macro": 0.4185714285714286, "seconds": 48.658362976973876, "updated_unix": 1791234589.7216282}
{"job_id": "d256_l4_valleys_s1009", "status": "running", "step": 5000, "planned_steps": 20000, "validation_macro": 0.4266666666666667, "seconds": 60.80967301991768, "updated_unix": 1791234601.9196491}
{"job_id": "d256_l4_valleys_s1009", "status": "running", "step": 6000, "planned_steps": 20000, "validation_macro": 0.4561904761904762, "seconds": 72.63775432598777, "updated_unix": 1791234613.6991117}
{"job_id": "d256_l4_valleys_s1009", "status": "running", "step": 7000, "planned_steps": 20000, "validation_macro": 0.5019047619047619, "seconds": 84.56498931301758, "updated_unix": 1791234625.626732}
{"job_id": "d256_l4_valleys_s1009", "status": "running", "step": 8000, "planned_steps": 20000, "validation_macro": 0.53, "seconds": 96.93997888197191, "updated_unix": 1791234638.0034983}
{"job_id": "d256_l4_valleys_s1009", "status": "running", "step": 9000, "planned_steps": 20000, "validation_macro": 0.5566666666666666, "seconds": 109.9210392178502, "updated_unix": 1791234650.9891498}
{"job_id": "d256_l4_valleys_s1009", "status": "running", "step": 10000, "planned_steps": 20000, "validation_macro": 0.5966666666666667, "seconds": 122.60197100485675, "updated_unix": 1791234663.7139866}
{"job_id": "d256_l4_valleys_s1009", "status": "running", "step": 11000, "planned_steps": 20000, "validation_macro": 0.6323809523809524, "seconds": 135.19619064079598, "updated_unix": 1791234676.2610006}
{"job_id": "d256_l4_valleys_s1009", "status": "running", "step": 12000, "planned_steps": 20000, "validation_macro": 0.6680952380952381, "seconds": 147.50674836500548, "updated_unix": 1791234688.5805438}
{"job_id": "d256_l4_valleys_s1009", "status": "running", "step": 13000, "planned_steps": 20000, "validation_macro": 0.6871428571428572, "seconds": 160.63708633789793, "updated_unix": 1791234701.700213}
{"job_id": "d256_l4_valleys_s1009", "status": "running", "step": 14000, "planned_steps": 20000, "validation_macro": 0.7019047619047619, "seconds": 173.15605168882757, "updated_unix": 1791234714.2175262}
{"job_id": "d256_l4_valleys_s1009", "status": "running", "step": 15000, "planned_steps": 20000, "validation_macro": 0.7347619047619047, "seconds": 185.72659885697067, "updated_unix": 1791234726.7993143}
{"job_id": "d256_l4_valleys_s1009", "status": "running", "step": 16000, "planned_steps": 20000, "validation_macro": 0.7352380952380952, "seconds": 198.43710405984893, "updated_unix": 1791234739.50103}
{"job_id": "d256_l4_valleys_s1009", "status": "running", "step": 17000, "planned_steps": 20000, "validation_macro": 0.7457142857142857, "seconds": 210.396366631845, "updated_unix": 1791234751.4587493}
{"job_id": "d256_l4_valleys_s1009", "status": "running", "step": 18000, "planned_steps": 20000, "validation_macro": 0.7652380952380953, "seconds": 222.97825320600532, "updated_unix": 1791234764.0396667}
{"job_id": "d256_l4_valleys_s1009", "status": "running", "step": 19000, "planned_steps": 20000, "validation_macro": 0.7738095238095238, "seconds": 234.82895085494965, "updated_unix": 1791234775.8923407}
{"job_id": "d256_l4_valleys_s1009", "status": "running", "step": 20000, "planned_steps": 20000, "validation_macro": 0.7623809523809524, "seconds": 247.56883605499752, "updated_unix": 1791234788.6748383}
{"job_id": "d256_l4_left_to_right_maxima_s1009", "status": "running", "step": 1000, "planned_steps": 20000, "validation_macro": 0.48, "seconds": 11.786720495205373, "updated_unix": 1791234803.7976136}
{"job_id": "d256_l4_left_to_right_maxima_s1009", "status": "running", "step": 2000, "planned_steps": 20000, "validation_macro": 0.7542857142857143, "seconds": 24.097708133980632, "updated_unix": 1791234816.1025326}
{"job_id": "d256_l4_left_to_right_maxima_s1009", "status": "running", "step": 3000, "planned_steps": 20000, "validation_macro": 0.8657142857142858, "seconds": 35.95944679202512, "updated_unix": 1791234827.963937}
{"job_id": "d256_l4_left_to_right_maxima_s1009", "status": "running", "step": 4000, "planned_steps": 20000, "validation_macro": 0.9280952380952381, "seconds": 47.59630109416321, "updated_unix": 1791234839.6006055}
{"job_id": "d256_l4_left_to_right_maxima_s1009", "status": "running", "step": 5000, "planned_steps": 20000, "validation_macro": 0.9414285714285714, "seconds": 59.626276607159525, "updated_unix": 1791234851.6802099}
{"job_id": "d256_l4_left_to_right_maxima_s1009", "status": "running", "step": 6000, "planned_steps": 20000, "validation_macro": 0.9485714285714286, "seconds": 72.01126545108855, "updated_unix": 1791234864.01726}
{"job_id": "d256_l4_left_to_right_maxima_s1009", "status": "running", "step": 7000, "planned_steps": 20000, "validation_macro": 0.9752380952380952, "seconds": 84.67483509215526, "updated_unix": 1791234876.678112}
{"job_id": "d256_l4_left_to_right_maxima_s1009", "status": "running", "step": 8000, "planned_steps": 20000, "validation_macro": 0.9814285714285714, "seconds": 97.40059416205622, "updated_unix": 1791234889.4041808}
{"job_id": "d256_l4_left_to_right_maxima_s1009", "status": "running", "step": 9000, "planned_steps": 20000, "validation_macro": 0.9804761904761905, "seconds": 109.93060158099979, "updated_unix": 1791234901.935812}
{"job_id": "d256_l4_left_to_right_maxima_s1009", "status": "running", "step": 10000, "planned_steps": 20000, "validation_macro": 0.9909523809523809, "seconds": 121.70115615916438, "updated_unix": 1791234913.7569795}
{"job_id": "d256_l4_left_to_right_maxima_s1009", "status": "running", "step": 11000, "planned_steps": 20000, "validation_macro": 0.9928571428571429, "seconds": 134.39142721518874, "updated_unix": 1791234926.398452}
{"job_id": "d256_l4_left_to_right_maxima_s1009", "status": "running", "step": 12000, "planned_steps": 20000, "validation_macro": 0.9942857142857143, "seconds": 146.82202405505814, "updated_unix": 1791234938.8430083}
{"job_id": "d256_l4_left_to_right_maxima_s1009", "status": "running", "step": 13000, "planned_steps": 20000, "validation_macro": 0.9904761904761905, "seconds": 158.70522309816442, "updated_unix": 1791234950.7118878}
{"job_id": "d256_l4_left_to_right_maxima_s1009", "status": "running", "step": 14000, "planned_steps": 20000, "validation_macro": 0.9971428571428571, "seconds": 170.5717441670131, "updated_unix": 1791234962.5771334}
{"job_id": "d256_l4_left_to_right_maxima_s1009", "status": "running", "step": 15000, "planned_steps": 20000, "validation_macro": 0.9980952380952381, "seconds": 182.88446220499463, "updated_unix": 1791234974.8889666}
{"job_id": "d256_l4_left_to_right_maxima_s1009", "status": "running", "step": 16000, "planned_steps": 20000, "validation_macro": 0.9980952380952381, "seconds": 195.19531376403756, "updated_unix": 1791234987.1995795}
{"job_id": "d256_l4_left_to_right_maxima_s1009", "status": "running", "step": 17000, "planned_steps": 20000, "validation_macro": 0.9990476190476191, "seconds": 207.36376077216119, "updated_unix": 1791234999.3668337}
{"job_id": "d256_l4_left_to_right_maxima_s1009", "status": "running", "step": 18000, "planned_steps": 20000, "validation_macro": 1.0, "seconds": 219.61282327398658, "updated_unix": 1791235011.618229}
{"job_id": "d256_l4_left_to_right_maxima_s1009", "status": "running", "step": 19000, "planned_steps": 20000, "validation_macro": 0.9985714285714286, "seconds": 231.74597518821247, "updated_unix": 1791235023.7493267}
{"job_id": "d256_l4_left_to_right_maxima_s1009", "status": "running", "step": 20000, "planned_steps": 20000, "validation_macro": 1.0, "seconds": 244.0090654550586, "updated_unix": 1791235036.0632234}
{"job_id": "d256_l4_right_to_left_maxima_s1009", "status": "running", "step": 1000, "planned_steps": 20000, "validation_macro": 0.3233333333333333, "seconds": 11.621677458984777, "updated_unix": 1791235050.8426826}
{"job_id": "d256_l4_right_to_left_maxima_s1009", "status": "running", "step": 2000, "planned_steps": 20000, "validation_macro": 0.5238095238095238, "seconds": 24.399137007072568, "updated_unix": 1791235063.6220686}
{"job_id": "d256_l4_right_to_left_maxima_s1009", "status": "running", "step": 3000, "planned_steps": 20000, "validation_macro": 0.6276190476190476, "seconds": 36.14458961901255, "updated_unix": 1791235075.3815744}
{"job_id": "d256_l4_right_to_left_maxima_s1009", "status": "running", "step": 4000, "planned_steps": 20000, "validation_macro": 0.6209523809523809, "seconds": 48.746411480009556, "updated_unix": 1791235087.9682708}
{"job_id": "d256_l4_right_to_left_maxima_s1009", "status": "running", "step": 5000, "planned_steps": 20000, "validation_macro": 0.6857142857142857, "seconds": 60.8640745729208, "updated_unix": 1791235100.138822}
{"job_id": "d256_l4_right_to_left_maxima_s1009", "status": "running", "step": 6000, "planned_steps": 20000, "validation_macro": 0.7357142857142858, "seconds": 73.73613270698115, "updated_unix": 1791235112.9604514}
{"job_id": "d256_l4_right_to_left_maxima_s1009", "status": "running", "step": 7000, "planned_steps": 20000, "validation_macro": 0.7928571428571428, "seconds": 86.3480665308889, "updated_unix": 1791235125.5703478}
{"job_id": "d256_l4_right_to_left_maxima_s1009", "status": "running", "step": 8000, "planned_steps": 20000, "validation_macro": 0.8585714285714285, "seconds": 99.05393552710302, "updated_unix": 1791235138.2803247}
{"job_id": "d256_l4_right_to_left_maxima_s1009", "status": "running", "step": 9000, "planned_steps": 20000, "validation_macro": 0.8633333333333333, "seconds": 111.7503068940714, "updated_unix": 1791235150.9722342}
{"job_id": "d256_l4_right_to_left_maxima_s1009", "status": "running", "step": 10000, "planned_steps": 20000, "validation_macro": 0.9033333333333333, "seconds": 124.43223013100214, "updated_unix": 1791235163.704673}
{"job_id": "d256_l4_right_to_left_maxima_s1009", "status": "running", "step": 11000, "planned_steps": 20000, "validation_macro": 0.9257142857142857, "seconds": 136.85055366693996, "updated_unix": 1791235176.0721464}
{"job_id": "d256_l4_right_to_left_maxima_s1009", "status": "running", "step": 12000, "planned_steps": 20000, "validation_macro": 0.9414285714285714, "seconds": 149.41411721799523, "updated_unix": 1791235188.6373177}
{"job_id": "d256_l4_right_to_left_maxima_s1009", "status": "running", "step": 13000, "planned_steps": 20000, "validation_macro": 0.9538095238095238, "seconds": 162.03194450493902, "updated_unix": 1791235201.2550693}
{"job_id": "d256_l4_right_to_left_maxima_s1009", "status": "running", "step": 14000, "planned_steps": 20000, "validation_macro": 0.97, "seconds": 174.5263541250024, "updated_unix": 1791235213.7553613}
{"job_id": "d256_l4_right_to_left_maxima_s1009", "status": "running", "step": 15000, "planned_steps": 20000, "validation_macro": 0.9738095238095238, "seconds": 186.424768056022, "updated_unix": 1791235225.6479788}
{"job_id": "d256_l4_right_to_left_maxima_s1009", "status": "running", "step": 16000, "planned_steps": 20000, "validation_macro": 0.9809523809523809, "seconds": 198.41449970193207, "updated_unix": 1791235237.6359572}
{"job_id": "d256_l4_right_to_left_maxima_s1009", "status": "running", "step": 17000, "planned_steps": 20000, "validation_macro": 0.9842857142857143, "seconds": 210.2650573689025, "updated_unix": 1791235249.4891717}
{"job_id": "d256_l4_right_to_left_maxima_s1009", "status": "running", "step": 18000, "planned_steps": 20000, "validation_macro": 0.9866666666666667, "seconds": 221.57792560593225, "updated_unix": 1791235260.8008332}
{"job_id": "d256_l4_right_to_left_maxima_s1009", "status": "running", "step": 19000, "planned_steps": 20000, "validation_macro": 0.9890476190476191, "seconds": 233.08266066596843, "updated_unix": 1791235272.3033004}
{"job_id": "d256_l4_right_to_left_maxima_s1009", "status": "running", "step": 20000, "planned_steps": 20000, "validation_macro": 0.9923809523809524, "seconds": 244.70968579594046, "updated_unix": 1791235283.9821775}
{"job_id": "d256_l4_interior_none_s2027", "status": "running", "step": 1000, "planned_steps": 20000, "validation_macro": 0.3285714285714285, "seconds": 13.153780334861949, "updated_unix": 1791235300.3136055}
{"job_id": "d256_l4_interior_none_s2027", "status": "running", "step": 2000, "planned_steps": 20000, "validation_macro": 0.41619047619047617, "seconds": 26.23582648183219, "updated_unix": 1791235313.3995547}
{"job_id": "d256_l4_interior_none_s2027", "status": "running", "step": 3000, "planned_steps": 20000, "validation_macro": 0.4911904761904762, "seconds": 39.14228070387617, "updated_unix": 1791235326.319763}
{"job_id": "d256_l4_interior_none_s2027", "status": "running", "step": 4000, "planned_steps": 20000, "validation_macro": 0.5178571428571429, "seconds": 52.315534194000065, "updated_unix": 1791235339.4782948}
{"job_id": "d256_l4_interior_none_s2027", "status": "running", "step": 5000, "planned_steps": 20000, "validation_macro": 0.5630952380952381, "seconds": 65.72186169493943, "updated_unix": 1791235352.932215}
{"job_id": "d256_l4_interior_none_s2027", "status": "running", "step": 6000, "planned_steps": 20000, "validation_macro": 0.5626190476190476, "seconds": 79.11648168298416, "updated_unix": 1791235366.2795358}
{"job_id": "d256_l4_interior_none_s2027", "status": "running", "step": 7000, "planned_steps": 20000, "validation_macro": 0.6055952380952381, "seconds": 92.57024252298288, "updated_unix": 1791235379.7328763}
{"job_id": "d256_l4_interior_none_s2027", "status": "running", "step": 8000, "planned_steps": 20000, "validation_macro": 0.6098809523809524, "seconds": 105.80945767997764, "updated_unix": 1791235392.9712415}
{"job_id": "d256_l4_interior_none_s2027", "status": "running", "step": 9000, "planned_steps": 20000, "validation_macro": 0.6355952380952381, "seconds": 119.18697891384363, "updated_unix": 1791235406.3492956}
{"job_id": "d256_l4_interior_none_s2027", "status": "running", "step": 10000, "planned_steps": 20000, "validation_macro": 0.6467857142857143, "seconds": 132.35623700381257, "updated_unix": 1791235419.56526}
{"job_id": "d256_l4_interior_none_s2027", "status": "running", "step": 11000, "planned_steps": 20000, "validation_macro": 0.6483333333333333, "seconds": 145.61912409588695, "updated_unix": 1791235432.7813225}
{"job_id": "d256_l4_interior_none_s2027", "status": "running", "step": 12000, "planned_steps": 20000, "validation_macro": 0.6777380952380953, "seconds": 159.4408255929593, "updated_unix": 1791235446.602154}
{"job_id": "d256_l4_interior_none_s2027", "status": "running", "step": 13000, "planned_steps": 20000, "validation_macro": 0.6904761904761905, "seconds": 173.23935458180495, "updated_unix": 1791235460.4014254}
{"job_id": "d256_l4_interior_none_s2027", "status": "running", "step": 14000, "planned_steps": 20000, "validation_macro": 0.7022619047619048, "seconds": 187.173020868795, "updated_unix": 1791235474.3377662}
{"job_id": "d256_l4_interior_none_s2027", "status": "running", "step": 15000, "planned_steps": 20000, "validation_macro": 0.7219047619047618, "seconds": 201.06963984901085, "updated_unix": 1791235488.2329965}
{"job_id": "d256_l4_interior_none_s2027", "status": "running", "step": 16000, "planned_steps": 20000, "validation_macro": 0.7373809523809525, "seconds": 214.66272642393596, "updated_unix": 1791235501.8247857}
{"job_id": "d256_l4_interior_none_s2027", "status": "running", "step": 17000, "planned_steps": 20000, "validation_macro": 0.7623809523809524, "seconds": 228.79053891194053, "updated_unix": 1791235515.9516852}
{"job_id": "d256_l4_interior_none_s2027", "status": "running", "step": 18000, "planned_steps": 20000, "validation_macro": 0.7722619047619048, "seconds": 242.3629749538377, "updated_unix": 1791235529.5255857}
{"job_id": "d256_l4_interior_none_s2027", "status": "running", "step": 19000, "planned_steps": 20000, "validation_macro": 0.7960714285714285, "seconds": 256.20774126797915, "updated_unix": 1791235543.3691638}
{"job_id": "d256_l4_interior_none_s2027", "status": "running", "step": 20000, "planned_steps": 20000, "validation_macro": 0.8063095238095238, "seconds": 270.12957049300894, "updated_unix": 1791235557.341588}
{"job_id": "d256_l4_peaks_s2027", "status": "running", "step": 1000, "planned_steps": 20000, "validation_macro": 0.36238095238095236, "seconds": 12.7075996149797, "updated_unix": 1791235577.280075}
{"job_id": "d256_l4_peaks_s2027", "status": "running", "step": 2000, "planned_steps": 20000, "validation_macro": 0.40190476190476193, "seconds": 25.45661811111495, "updated_unix": 1791235590.035387}
{"job_id": "d256_l4_peaks_s2027", "status": "running", "step": 3000, "planned_steps": 20000, "validation_macro": 0.3952380952380952, "seconds": 38.0272334869951, "updated_unix": 1791235602.602173}
{"job_id": "d256_l4_peaks_s2027", "status": "running", "step": 4000, "planned_steps": 20000, "validation_macro": 0.3952380952380952, "seconds": 50.81426675710827, "updated_unix": 1791235615.3938901}
{"job_id": "d256_l4_peaks_s2027", "status": "running", "step": 5000, "planned_steps": 20000, "validation_macro": 0.4257142857142857, "seconds": 63.32060892600566, "updated_unix": 1791235627.94709}
{"job_id": "d256_l4_peaks_s2027", "status": "running", "step": 6000, "planned_steps": 20000, "validation_macro": 0.4461904761904762, "seconds": 76.13290785090066, "updated_unix": 1791235640.7098544}
{"job_id": "d256_l4_peaks_s2027", "status": "running", "step": 7000, "planned_steps": 20000, "validation_macro": 0.42952380952380953, "seconds": 89.22266624006443, "updated_unix": 1791235653.8016546}
{"job_id": "d256_l4_peaks_s2027", "status": "running", "step": 8000, "planned_steps": 20000, "validation_macro": 0.44857142857142857, "seconds": 102.42647647997364, "updated_unix": 1791235667.0007293}
{"job_id": "d256_l4_peaks_s2027", "status": "running", "step": 9000, "planned_steps": 20000, "validation_macro": 0.4676190476190476, "seconds": 114.43358444608748, "updated_unix": 1791235679.008754}
{"job_id": "d256_l4_peaks_s2027", "status": "running", "step": 10000, "planned_steps": 20000, "validation_macro": 0.4714285714285714, "seconds": 126.9350074029062, "updated_unix": 1791235691.5586271}
{"job_id": "d256_l4_peaks_s2027", "status": "running", "step": 11000, "planned_steps": 20000, "validation_macro": 0.46904761904761905, "seconds": 140.12976279994473, "updated_unix": 1791235704.7061234}
{"job_id": "d256_l4_peaks_s2027", "status": "running", "step": 12000, "planned_steps": 20000, "validation_macro": 0.5109523809523809, "seconds": 153.45389091409743, "updated_unix": 1791235718.0278559}
{"job_id": "d256_l4_peaks_s2027", "status": "running", "step": 13000, "planned_steps": 20000, "validation_macro": 0.5104761904761905, "seconds": 165.97526533599012, "updated_unix": 1791235730.5514328}
{"job_id": "d256_l4_peaks_s2027", "status": "running", "step": 14000, "planned_steps": 20000, "validation_macro": 0.5285714285714286, "seconds": 178.74200467206538, "updated_unix": 1791235743.31692}
{"job_id": "d256_l4_peaks_s2027", "status": "running", "step": 15000, "planned_steps": 20000, "validation_macro": 0.5485714285714286, "seconds": 191.63793397508562, "updated_unix": 1791235756.2152786}
{"job_id": "d256_l4_peaks_s2027", "status": "running", "step": 16000, "planned_steps": 20000, "validation_macro": 0.5733333333333334, "seconds": 203.56858918606304, "updated_unix": 1791235768.1467059}
{"job_id": "d256_l4_peaks_s2027", "status": "running", "step": 17000, "planned_steps": 20000, "validation_macro": 0.58, "seconds": 216.20713980705477, "updated_unix": 1791235780.7823234}
{"job_id": "d256_l4_peaks_s2027", "status": "running", "step": 18000, "planned_steps": 20000, "validation_macro": 0.6033333333333334, "seconds": 228.7281004260294, "updated_unix": 1791235793.3031714}
{"job_id": "d256_l4_peaks_s2027", "status": "running", "step": 19000, "planned_steps": 20000, "validation_macro": 0.5976190476190476, "seconds": 241.43700799206272, "updated_unix": 1791235806.0151687}
{"job_id": "d256_l4_peaks_s2027", "status": "running", "step": 20000, "planned_steps": 20000, "validation_macro": 0.5980952380952381, "seconds": 254.11097517609596, "updated_unix": 1791235818.7320628}
{"job_id": "d256_l4_valleys_s2027", "status": "running", "step": 1000, "planned_steps": 20000, "validation_macro": 0.37666666666666665, "seconds": 12.941082447068766, "updated_unix": 1791235834.8623786}
{"job_id": "d256_l4_valleys_s2027", "status": "running", "step": 2000, "planned_steps": 20000, "validation_macro": 0.38904761904761903, "seconds": 25.523487288039178, "updated_unix": 1791235847.4482794}
{"job_id": "d256_l4_valleys_s2027", "status": "running", "step": 3000, "planned_steps": 20000, "validation_macro": 0.4, "seconds": 37.92618428100832, "updated_unix": 1791235859.8565052}
{"job_id": "d256_l4_valleys_s2027", "status": "running", "step": 4000, "planned_steps": 20000, "validation_macro": 0.4066666666666667, "seconds": 50.30109690409154, "updated_unix": 1791235872.2266567}
{"job_id": "d256_l4_valleys_s2027", "status": "running", "step": 5000, "planned_steps": 20000, "validation_macro": 0.44761904761904764, "seconds": 62.84462318196893, "updated_unix": 1791235884.8167925}
{"job_id": "d256_l4_valleys_s2027", "status": "running", "step": 6000, "planned_steps": 20000, "validation_macro": 0.4338095238095238, "seconds": 75.16080037713982, "updated_unix": 1791235897.0835042}
{"job_id": "d256_l4_valleys_s2027", "status": "running", "step": 7000, "planned_steps": 20000, "validation_macro": 0.47, "seconds": 87.70603587199003, "updated_unix": 1791235909.6296513}
{"job_id": "d256_l4_valleys_s2027", "status": "running", "step": 8000, "planned_steps": 20000, "validation_macro": 0.48095238095238096, "seconds": 100.64861830393784, "updated_unix": 1791235922.5728219}
{"job_id": "d256_l4_valleys_s2027", "status": "running", "step": 9000, "planned_steps": 20000, "validation_macro": 0.5019047619047619, "seconds": 112.98395164194517, "updated_unix": 1791235934.9074092}
{"job_id": "d256_l4_valleys_s2027", "status": "running", "step": 10000, "planned_steps": 20000, "validation_macro": 0.5385714285714286, "seconds": 125.86292273714207, "updated_unix": 1791235947.836616}
{"job_id": "d256_l4_valleys_s2027", "status": "running", "step": 11000, "planned_steps": 20000, "validation_macro": 0.5728571428571428, "seconds": 138.58365011704154, "updated_unix": 1791235960.5080028}
{"job_id": "d256_l4_valleys_s2027", "status": "running", "step": 12000, "planned_steps": 20000, "validation_macro": 0.6123809523809524, "seconds": 150.88547819596715, "updated_unix": 1791235972.810007}
{"job_id": "d256_l4_valleys_s2027", "status": "running", "step": 13000, "planned_steps": 20000, "validation_macro": 0.6233333333333333, "seconds": 163.6080820490606, "updated_unix": 1791235985.5326316}
{"job_id": "d256_l4_valleys_s2027", "status": "running", "step": 14000, "planned_steps": 20000, "validation_macro": 0.6571428571428571, "seconds": 176.27375993109308, "updated_unix": 1791235998.196985}
{"job_id": "d256_l4_valleys_s2027", "status": "running", "step": 15000, "planned_steps": 20000, "validation_macro": 0.6733333333333333, "seconds": 188.64913969510235, "updated_unix": 1791236010.5716867}
{"job_id": "d256_l4_valleys_s2027", "status": "running", "step": 16000, "planned_steps": 20000, "validation_macro": 0.6895238095238095, "seconds": 201.30916357808746, "updated_unix": 1791236023.2305276}
{"job_id": "d256_l4_valleys_s2027", "status": "running", "step": 17000, "planned_steps": 20000, "validation_macro": 0.6952380952380952, "seconds": 213.56331515614875, "updated_unix": 1791236035.4856575}
{"job_id": "d256_l4_valleys_s2027", "status": "running", "step": 18000, "planned_steps": 20000, "validation_macro": 0.7166666666666667, "seconds": 226.49486421700567, "updated_unix": 1791236048.417425}
{"job_id": "d256_l4_valleys_s2027", "status": "running", "step": 19000, "planned_steps": 20000, "validation_macro": 0.7214285714285714, "seconds": 239.47677316493355, "updated_unix": 1791236061.3992171}
{"job_id": "d256_l4_valleys_s2027", "status": "running", "step": 20000, "planned_steps": 20000, "validation_macro": 0.7271428571428571, "seconds": 251.82232702011243, "updated_unix": 1791236073.7932851}
{"job_id": "d256_l4_left_to_right_maxima_s2027", "status": "running", "step": 1000, "planned_steps": 20000, "validation_macro": 0.4828571428571429, "seconds": 12.39666930702515, "updated_unix": 1791236089.3607113}
{"job_id": "d256_l4_left_to_right_maxima_s2027", "status": "running", "step": 2000, "planned_steps": 20000, "validation_macro": 0.670952380952381, "seconds": 24.739491320913658, "updated_unix": 1791236101.708739}
{"job_id": "d256_l4_left_to_right_maxima_s2027", "status": "running", "step": 3000, "planned_steps": 20000, "validation_macro": 0.7638095238095238, "seconds": 36.67625343403779, "updated_unix": 1791236113.640784}
{"job_id": "d256_l4_left_to_right_maxima_s2027", "status": "running", "step": 4000, "planned_steps": 20000, "validation_macro": 0.8961904761904762, "seconds": 49.43953979597427, "updated_unix": 1791236126.4212122}
{"job_id": "d256_l4_left_to_right_maxima_s2027", "status": "running", "step": 5000, "planned_steps": 20000, "validation_macro": 0.9514285714285714, "seconds": 61.72072077007033, "updated_unix": 1791236138.7345521}
{"job_id": "d256_l4_left_to_right_maxima_s2027", "status": "running", "step": 6000, "planned_steps": 20000, "validation_macro": 0.9661904761904762, "seconds": 73.764148326125, "updated_unix": 1791236150.7313497}
{"job_id": "d256_l4_left_to_right_maxima_s2027", "status": "running", "step": 7000, "planned_steps": 20000, "validation_macro": 0.9876190476190476, "seconds": 85.75616301503032, "updated_unix": 1791236162.7232604}
{"job_id": "d256_l4_left_to_right_maxima_s2027", "status": "running", "step": 8000, "planned_steps": 20000, "validation_macro": 0.9961904761904762, "seconds": 97.95082450006157, "updated_unix": 1791236174.9159687}
{"job_id": "d256_l4_left_to_right_maxima_s2027", "status": "running", "step": 9000, "planned_steps": 20000, "validation_macro": 0.9890476190476191, "seconds": 110.79216204606928, "updated_unix": 1791236187.7594204}
{"job_id": "d256_l4_left_to_right_maxima_s2027", "status": "running", "step": 10000, "planned_steps": 20000, "validation_macro": 0.9971428571428571, "seconds": 123.53990258811973, "updated_unix": 1791236200.5573862}
{"job_id": "d256_l4_left_to_right_maxima_s2027", "status": "running", "step": 11000, "planned_steps": 20000, "validation_macro": 0.9980952380952381, "seconds": 136.77851696196012, "updated_unix": 1791236213.7523963}
{"job_id": "d256_l4_left_to_right_maxima_s2027", "status": "running", "step": 12000, "planned_steps": 20000, "validation_macro": 0.9947619047619047, "seconds": 149.65773502504453, "updated_unix": 1791236226.6241484}
{"job_id": "d256_l4_left_to_right_maxima_s2027", "status": "running", "step": 13000, "planned_steps": 20000, "validation_macro": 0.9985714285714286, "seconds": 162.23538384609856, "updated_unix": 1791236239.2048223}
{"job_id": "d256_l4_left_to_right_maxima_s2027", "status": "running", "step": 14000, "planned_steps": 20000, "validation_macro": 0.9995238095238095, "seconds": 175.16301347711124, "updated_unix": 1791236252.130888}
{"job_id": "d256_l4_left_to_right_maxima_s2027", "status": "running", "step": 15000, "planned_steps": 20000, "validation_macro": 0.9995238095238095, "seconds": 187.71086121699773, "updated_unix": 1791236264.6757114}
{"job_id": "d256_l4_left_to_right_maxima_s2027", "status": "running", "step": 16000, "planned_steps": 20000, "validation_macro": 0.9995238095238095, "seconds": 200.08529030601494, "updated_unix": 1791236277.0510137}
{"job_id": "d256_l4_left_to_right_maxima_s2027", "status": "running", "step": 17000, "planned_steps": 20000, "validation_macro": 1.0, "seconds": 212.1779925141018, "updated_unix": 1791236289.1432068}
{"job_id": "d256_l4_left_to_right_maxima_s2027", "status": "running", "step": 18000, "planned_steps": 20000, "validation_macro": 1.0, "seconds": 224.5163474851288, "updated_unix": 1791236301.4818943}
{"job_id": "d256_l4_left_to_right_maxima_s2027", "status": "running", "step": 19000, "planned_steps": 20000, "validation_macro": 1.0, "seconds": 236.51397325494327, "updated_unix": 1791236313.4844048}
{"job_id": "d256_l4_left_to_right_maxima_s2027", "status": "running", "step": 20000, "planned_steps": 20000, "validation_macro": 1.0, "seconds": 248.63538200012408, "updated_unix": 1791236325.6486275}
{"job_id": "d256_l4_right_to_left_maxima_s2027", "status": "running", "step": 1000, "planned_steps": 20000, "validation_macro": 0.35, "seconds": 11.977553487988189, "updated_unix": 1791236340.6122184}
{"job_id": "d256_l4_right_to_left_maxima_s2027", "status": "running", "step": 2000, "planned_steps": 20000, "validation_macro": 0.5466666666666666, "seconds": 23.700474618002772, "updated_unix": 1791236352.3441203}
{"job_id": "d256_l4_right_to_left_maxima_s2027", "status": "running", "step": 3000, "planned_steps": 20000, "validation_macro": 0.5376190476190477, "seconds": 35.773582997964695, "updated_unix": 1791236364.411026}
{"job_id": "d256_l4_right_to_left_maxima_s2027", "status": "running", "step": 4000, "planned_steps": 20000, "validation_macro": 0.6161904761904762, "seconds": 48.00803283788264, "updated_unix": 1791236376.652135}
{"job_id": "d256_l4_right_to_left_maxima_s2027", "status": "running", "step": 5000, "planned_steps": 20000, "validation_macro": 0.6433333333333333, "seconds": 60.23647093796171, "updated_unix": 1791236388.9234662}
{"job_id": "d256_l4_right_to_left_maxima_s2027", "status": "running", "step": 6000, "planned_steps": 20000, "validation_macro": 0.7228571428571429, "seconds": 72.18258580705151, "updated_unix": 1791236400.8219092}
{"job_id": "d256_l4_right_to_left_maxima_s2027", "status": "running", "step": 7000, "planned_steps": 20000, "validation_macro": 0.7476190476190476, "seconds": 84.4091028869152, "updated_unix": 1791236413.0464778}
{"job_id": "d256_l4_right_to_left_maxima_s2027", "status": "running", "step": 8000, "planned_steps": 20000, "validation_macro": 0.830952380952381, "seconds": 96.18195318290964, "updated_unix": 1791236424.820005}
{"job_id": "d256_l4_right_to_left_maxima_s2027", "status": "running", "step": 9000, "planned_steps": 20000, "validation_macro": 0.8642857142857143, "seconds": 108.133649202995, "updated_unix": 1791236436.7749393}
{"job_id": "d256_l4_right_to_left_maxima_s2027", "status": "running", "step": 10000, "planned_steps": 20000, "validation_macro": 0.9128571428571428, "seconds": 119.92713851295412, "updated_unix": 1791236448.6144786}
{"job_id": "d256_l4_right_to_left_maxima_s2027", "status": "running", "step": 11000, "planned_steps": 20000, "validation_macro": 0.909047619047619, "seconds": 131.7658245069906, "updated_unix": 1791236460.4050095}
{"job_id": "d256_l4_right_to_left_maxima_s2027", "status": "running", "step": 12000, "planned_steps": 20000, "validation_macro": 0.9466666666666667, "seconds": 143.85258379485458, "updated_unix": 1791236472.4906368}
{"job_id": "d256_l4_right_to_left_maxima_s2027", "status": "running", "step": 13000, "planned_steps": 20000, "validation_macro": 0.9585714285714285, "seconds": 155.7299841020722, "updated_unix": 1791236484.3677912}
{"job_id": "d256_l4_right_to_left_maxima_s2027", "status": "running", "step": 14000, "planned_steps": 20000, "validation_macro": 0.9628571428571429, "seconds": 167.7159432200715, "updated_unix": 1791236496.3545015}
{"job_id": "d256_l4_right_to_left_maxima_s2027", "status": "running", "step": 15000, "planned_steps": 20000, "validation_macro": 0.9633333333333334, "seconds": 179.90876907901838, "updated_unix": 1791236508.54682}
{"job_id": "d256_l4_right_to_left_maxima_s2027", "status": "running", "step": 16000, "planned_steps": 20000, "validation_macro": 0.9695238095238096, "seconds": 191.65397041197866, "updated_unix": 1791236520.2916236}
{"job_id": "d256_l4_right_to_left_maxima_s2027", "status": "running", "step": 17000, "planned_steps": 20000, "validation_macro": 0.9780952380952381, "seconds": 203.5610797458794, "updated_unix": 1791236532.200567}
{"job_id": "d256_l4_right_to_left_maxima_s2027", "status": "running", "step": 18000, "planned_steps": 20000, "validation_macro": 0.9771428571428571, "seconds": 215.87170403986238, "updated_unix": 1791236544.510421}
{"job_id": "d256_l4_right_to_left_maxima_s2027", "status": "running", "step": 19000, "planned_steps": 20000, "validation_macro": 0.9795238095238096, "seconds": 227.6959985869471, "updated_unix": 1791236556.3400755}
{"job_id": "d256_l4_right_to_left_maxima_s2027", "status": "running", "step": 20000, "planned_steps": 20000, "validation_macro": 0.9766666666666667, "seconds": 239.74473707191646, "updated_unix": 1791236568.4315245}
{"job_id": "d256_l4_interior_none_s3037", "status": "running", "step": 1000, "planned_steps": 20000, "validation_macro": 0.3410714285714286, "seconds": 13.529306569835171, "updated_unix": 1791236585.3586266}
{"job_id": "d256_l4_interior_none_s3037", "status": "running", "step": 2000, "planned_steps": 20000, "validation_macro": 0.4332142857142857, "seconds": 27.01959456084296, "updated_unix": 1791236598.8560266}
{"job_id": "d256_l4_interior_none_s3037", "status": "running", "step": 3000, "planned_steps": 20000, "validation_macro": 0.4844047619047619, "seconds": 40.4530780648347, "updated_unix": 1791236612.2880814}
{"job_id": "d256_l4_interior_none_s3037", "status": "running", "step": 4000, "planned_steps": 20000, "validation_macro": 0.5042857142857142, "seconds": 54.68219617498107, "updated_unix": 1791236626.5160897}
{"job_id": "d256_l4_interior_none_s3037", "status": "running", "step": 5000, "planned_steps": 20000, "validation_macro": 0.5323809523809524, "seconds": 68.00659182504751, "updated_unix": 1791236639.8873754}
{"job_id": "d256_l4_interior_none_s3037", "status": "running", "step": 6000, "planned_steps": 20000, "validation_macro": 0.5482142857142858, "seconds": 81.46589958900586, "updated_unix": 1791236653.2996814}
{"job_id": "d256_l4_interior_none_s3037", "status": "running", "step": 7000, "planned_steps": 20000, "validation_macro": 0.5666666666666667, "seconds": 95.1507951200474, "updated_unix": 1791236666.9830146}
{"job_id": "d256_l4_interior_none_s3037", "status": "running", "step": 8000, "planned_steps": 20000, "validation_macro": 0.6035714285714285, "seconds": 108.49906052998267, "updated_unix": 1791236680.332289}
{"job_id": "d256_l4_interior_none_s3037", "status": "running", "step": 9000, "planned_steps": 20000, "validation_macro": 0.6022619047619048, "seconds": 121.96076003788039, "updated_unix": 1791236693.7937615}
{"job_id": "d256_l4_interior_none_s3037", "status": "running", "step": 10000, "planned_steps": 20000, "validation_macro": 0.6330952380952382, "seconds": 135.46391286398284, "updated_unix": 1791236707.344619}
{"job_id": "d256_l4_interior_none_s3037", "status": "running", "step": 11000, "planned_steps": 20000, "validation_macro": 0.6361904761904762, "seconds": 148.8103410259355, "updated_unix": 1791236720.648414}
{"job_id": "d256_l4_interior_none_s3037", "status": "running", "step": 12000, "planned_steps": 20000, "validation_macro": 0.6551190476190476, "seconds": 162.33046125387773, "updated_unix": 1791236734.1654692}
{"job_id": "d256_l4_interior_none_s3037", "status": "running", "step": 13000, "planned_steps": 20000, "validation_macro": 0.6922619047619047, "seconds": 175.48496303195134, "updated_unix": 1791236747.3209405}
{"job_id": "d256_l4_interior_none_s3037", "status": "running", "step": 14000, "planned_steps": 20000, "validation_macro": 0.708452380952381, "seconds": 188.63603597995825, "updated_unix": 1791236760.469677}
{"job_id": "d256_l4_interior_none_s3037", "status": "running", "step": 15000, "planned_steps": 20000, "validation_macro": 0.7420238095238095, "seconds": 202.03376839798875, "updated_unix": 1791236773.8664124}
{"job_id": "d256_l4_interior_none_s3037", "status": "running", "step": 16000, "planned_steps": 20000, "validation_macro": 0.7558333333333332, "seconds": 215.7321197888814, "updated_unix": 1791236787.566351}
{"job_id": "d256_l4_interior_none_s3037", "status": "running", "step": 17000, "planned_steps": 20000, "validation_macro": 0.7786904761904762, "seconds": 228.93426733091474, "updated_unix": 1791236800.7726092}
{"job_id": "d256_l4_interior_none_s3037", "status": "running", "step": 18000, "planned_steps": 20000, "validation_macro": 0.804047619047619, "seconds": 242.2599234690424, "updated_unix": 1791236814.0926602}
{"job_id": "d256_l4_interior_none_s3037", "status": "running", "step": 19000, "planned_steps": 20000, "validation_macro": 0.8178571428571428, "seconds": 255.7624150069896, "updated_unix": 1791236827.5941844}
{"job_id": "d256_l4_interior_none_s3037", "status": "running", "step": 20000, "planned_steps": 20000, "validation_macro": 0.8304761904761905, "seconds": 269.06290159886703, "updated_unix": 1791236840.9426174}
{"job_id": "d256_l4_peaks_s3037", "status": "running", "step": 1000, "planned_steps": 20000, "validation_macro": 0.34714285714285714, "seconds": 12.899096003966406, "updated_unix": 1791236861.3914275}
{"job_id": "d256_l4_peaks_s3037", "status": "running", "step": 2000, "planned_steps": 20000, "validation_macro": 0.4104761904761905, "seconds": 25.239103456027806, "updated_unix": 1791236873.7373939}
{"job_id": "d256_l4_peaks_s3037", "status": "running", "step": 3000, "planned_steps": 20000, "validation_macro": 0.4033333333333333, "seconds": 36.87080484814942, "updated_unix": 1791236885.3668892}
{"job_id": "d256_l4_peaks_s3037", "status": "running", "step": 4000, "planned_steps": 20000, "validation_macro": 0.42523809523809525, "seconds": 48.9284700229764, "updated_unix": 1791236897.4238372}
{"job_id": "d256_l4_peaks_s3037", "status": "running", "step": 5000, "planned_steps": 20000, "validation_macro": 0.4319047619047619, "seconds": 60.923883982002735, "updated_unix": 1791236909.468258}
{"job_id": "d256_l4_peaks_s3037", "status": "running", "step": 6000, "planned_steps": 20000, "validation_macro": 0.44666666666666666, "seconds": 73.3050228881184, "updated_unix": 1791236921.8033574}
{"job_id": "d256_l4_peaks_s3037", "status": "running", "step": 7000, "planned_steps": 20000, "validation_macro": 0.45666666666666667, "seconds": 85.68436431698501, "updated_unix": 1791236934.1792126}
{"job_id": "d256_l4_peaks_s3037", "status": "running", "step": 8000, "planned_steps": 20000, "validation_macro": 0.4695238095238095, "seconds": 97.91177199594676, "updated_unix": 1791236946.4063396}
{"job_id": "d256_l4_peaks_s3037", "status": "running", "step": 9000, "planned_steps": 20000, "validation_macro": 0.49238095238095236, "seconds": 110.18148584407754, "updated_unix": 1791236958.6682992}
{"job_id": "d256_l4_peaks_s3037", "status": "running", "step": 10000, "planned_steps": 20000, "validation_macro": 0.5238095238095238, "seconds": 122.50186269800179, "updated_unix": 1791236971.0435236}
{"job_id": "d256_l4_peaks_s3037", "status": "running", "step": 11000, "planned_steps": 20000, "validation_macro": 0.5319047619047619, "seconds": 134.6018690019846, "updated_unix": 1791236983.0964386}
{"job_id": "d256_l4_peaks_s3037", "status": "running", "step": 12000, "planned_steps": 20000, "validation_macro": 0.59, "seconds": 147.10666176397353, "updated_unix": 1791236995.5997298}
{"job_id": "d256_l4_peaks_s3037", "status": "running", "step": 13000, "planned_steps": 20000, "validation_macro": 0.6109523809523809, "seconds": 159.22924617305398, "updated_unix": 1791237007.7222512}
{"job_id": "d256_l4_peaks_s3037", "status": "running", "step": 14000, "planned_steps": 20000, "validation_macro": 0.6014285714285714, "seconds": 171.44667449616827, "updated_unix": 1791237019.9402275}
{"job_id": "d256_l4_peaks_s3037", "status": "running", "step": 15000, "planned_steps": 20000, "validation_macro": 0.6619047619047619, "seconds": 184.3697548529599, "updated_unix": 1791237032.8679192}
{"job_id": "d256_l4_peaks_s3037", "status": "running", "step": 16000, "planned_steps": 20000, "validation_macro": 0.6842857142857143, "seconds": 197.93201282899827, "updated_unix": 1791237046.4245565}
{"job_id": "d256_l4_peaks_s3037", "status": "running", "step": 17000, "planned_steps": 20000, "validation_macro": 0.6833333333333333, "seconds": 210.86687913001515, "updated_unix": 1791237059.3607993}
{"job_id": "d256_l4_peaks_s3037", "status": "running", "step": 18000, "planned_steps": 20000, "validation_macro": 0.7138095238095238, "seconds": 223.58165589696728, "updated_unix": 1791237072.0761483}
{"job_id": "d256_l4_peaks_s3037", "status": "running", "step": 19000, "planned_steps": 20000, "validation_macro": 0.7228571428571429, "seconds": 236.85219272901304, "updated_unix": 1791237085.3524504}
{"job_id": "d256_l4_peaks_s3037", "status": "running", "step": 20000, "planned_steps": 20000, "validation_macro": 0.7328571428571429, "seconds": 249.43540775915608, "updated_unix": 1791237097.9772801}
{"job_id": "d256_l4_valleys_s3037", "status": "running", "step": 1000, "planned_steps": 20000, "validation_macro": 0.36904761904761907, "seconds": 11.887421821942553, "updated_unix": 1791237113.0810173}
{"job_id": "d256_l4_valleys_s3037", "status": "running", "step": 2000, "planned_steps": 20000, "validation_macro": 0.3919047619047619, "seconds": 24.37700317404233, "updated_unix": 1791237125.5737023}
{"job_id": "d256_l4_valleys_s3037", "status": "running", "step": 3000, "planned_steps": 20000, "validation_macro": 0.4038095238095238, "seconds": 36.403398293070495, "updated_unix": 1791237137.6098752}
{"job_id": "d256_l4_valleys_s3037", "status": "running", "step": 4000, "planned_steps": 20000, "validation_macro": 0.42857142857142855, "seconds": 49.46863070805557, "updated_unix": 1791237150.671535}
{"job_id": "d256_l4_valleys_s3037", "status": "running", "step": 5000, "planned_steps": 20000, "validation_macro": 0.4657142857142857, "seconds": 64.61852864688262, "updated_unix": 1791237165.8843226}
{"job_id": "d256_l4_valleys_s3037", "status": "running", "step": 6000, "planned_steps": 20000, "validation_macro": 0.5033333333333333, "seconds": 78.3313738189172, "updated_unix": 1791237179.5317397}
{"job_id": "d256_l4_valleys_s3037", "status": "running", "step": 7000, "planned_steps": 20000, "validation_macro": 0.5528571428571428, "seconds": 92.70214448589832, "updated_unix": 1791237193.9000373}
{"job_id": "d256_l4_valleys_s3037", "status": "running", "step": 8000, "planned_steps": 20000, "validation_macro": 0.6004761904761905, "seconds": 105.67723580286838, "updated_unix": 1791237206.874071}
{"job_id": "d256_l4_valleys_s3037", "status": "running", "step": 9000, "planned_steps": 20000, "validation_macro": 0.6514285714285715, "seconds": 118.37410258688033, "updated_unix": 1791237219.5697494}
{"job_id": "d256_l4_valleys_s3037", "status": "running", "step": 10000, "planned_steps": 20000, "validation_macro": 0.6476190476190476, "seconds": 132.1075040870346, "updated_unix": 1791237233.3672206}
{"job_id": "d256_l4_valleys_s3037", "status": "running", "step": 11000, "planned_steps": 20000, "validation_macro": 0.6880952380952381, "seconds": 147.2017266759649, "updated_unix": 1791237248.4039242}
{"job_id": "d256_l4_valleys_s3037", "status": "running", "step": 12000, "planned_steps": 20000, "validation_macro": 0.6995238095238095, "seconds": 161.68366233096458, "updated_unix": 1791237262.8839624}
{"job_id": "d256_l4_valleys_s3037", "status": "running", "step": 13000, "planned_steps": 20000, "validation_macro": 0.7185714285714285, "seconds": 175.61175556108356, "updated_unix": 1791237276.8116338}
{"job_id": "d256_l4_valleys_s3037", "status": "running", "step": 14000, "planned_steps": 20000, "validation_macro": 0.7347619047619047, "seconds": 190.03321243193932, "updated_unix": 1791237291.2349584}
{"job_id": "d256_l4_valleys_s3037", "status": "running", "step": 15000, "planned_steps": 20000, "validation_macro": 0.7614285714285715, "seconds": 204.16552038188092, "updated_unix": 1791237305.364201}
{"job_id": "d256_l4_valleys_s3037", "status": "running", "step": 16000, "planned_steps": 20000, "validation_macro": 0.7647619047619048, "seconds": 218.67233058903366, "updated_unix": 1791237319.8716314}
{"job_id": "d256_l4_valleys_s3037", "status": "running", "step": 17000, "planned_steps": 20000, "validation_macro": 0.7761904761904762, "seconds": 232.71775883901864, "updated_unix": 1791237333.918717}
{"job_id": "d256_l4_valleys_s3037", "status": "running", "step": 18000, "planned_steps": 20000, "validation_macro": 0.7757142857142857, "seconds": 246.82598661095835, "updated_unix": 1791237348.0270886}
{"job_id": "d256_l4_valleys_s3037", "status": "running", "step": 19000, "planned_steps": 20000, "validation_macro": 0.7704761904761904, "seconds": 261.58741315989755, "updated_unix": 1791237362.7876256}
{"job_id": "d256_l4_valleys_s3037", "status": "running", "step": 20000, "planned_steps": 20000, "validation_macro": 0.78, "seconds": 275.7815498660784, "updated_unix": 1791237377.04362}
{"job_id": "d256_l4_left_to_right_maxima_s3037", "status": "running", "step": 1000, "planned_steps": 20000, "validation_macro": 0.47285714285714286, "seconds": 14.646533052204177, "updated_unix": 1791237395.975264}
{"job_id": "d256_l4_left_to_right_maxima_s3037", "status": "running", "step": 2000, "planned_steps": 20000, "validation_macro": 0.7414285714285714, "seconds": 29.049264260102063, "updated_unix": 1791237410.3856854}
{"job_id": "d256_l4_left_to_right_maxima_s3037", "status": "running", "step": 3000, "planned_steps": 20000, "validation_macro": 0.8738095238095238, "seconds": 43.805768287042156, "updated_unix": 1791237425.1470792}
{"job_id": "d256_l4_left_to_right_maxima_s3037", "status": "running", "step": 4000, "planned_steps": 20000, "validation_macro": 0.9238095238095239, "seconds": 58.11144915013574, "updated_unix": 1791237439.4495041}
{"job_id": "d256_l4_left_to_right_maxima_s3037", "status": "running", "step": 5000, "planned_steps": 20000, "validation_macro": 0.9471428571428572, "seconds": 72.38377399509773, "updated_unix": 1791237453.783579}
{"job_id": "d256_l4_left_to_right_maxima_s3037", "status": "running", "step": 6000, "planned_steps": 20000, "validation_macro": 0.9576190476190476, "seconds": 86.51321884407662, "updated_unix": 1791237467.8418148}
{"job_id": "d256_l4_left_to_right_maxima_s3037", "status": "running", "step": 7000, "planned_steps": 20000, "validation_macro": 0.960952380952381, "seconds": 100.51104305521585, "updated_unix": 1791237481.8356555}
{"job_id": "d256_l4_left_to_right_maxima_s3037", "status": "running", "step": 8000, "planned_steps": 20000, "validation_macro": 0.9676190476190476, "seconds": 113.69385819416493, "updated_unix": 1791237495.015225}
{"job_id": "d256_l4_left_to_right_maxima_s3037", "status": "running", "step": 9000, "planned_steps": 20000, "validation_macro": 0.9842857142857143, "seconds": 125.41878031915985, "updated_unix": 1791237506.7419984}
{"job_id": "d256_l4_left_to_right_maxima_s3037", "status": "running", "step": 10000, "planned_steps": 20000, "validation_macro": 0.9861904761904762, "seconds": 137.6036549671553, "updated_unix": 1791237518.9727452}
{"job_id": "d256_l4_left_to_right_maxima_s3037", "status": "running", "step": 11000, "planned_steps": 20000, "validation_macro": 0.9890476190476191, "seconds": 149.62406367319636, "updated_unix": 1791237530.950159}
{"job_id": "d256_l4_left_to_right_maxima_s3037", "status": "running", "step": 12000, "planned_steps": 20000, "validation_macro": 0.9957142857142857, "seconds": 161.2188798051793, "updated_unix": 1791237542.539908}
{"job_id": "d256_l4_left_to_right_maxima_s3037", "status": "running", "step": 13000, "planned_steps": 20000, "validation_macro": 0.9957142857142857, "seconds": 172.96059810416773, "updated_unix": 1791237554.2802262}
{"job_id": "d256_l4_left_to_right_maxima_s3037", "status": "running", "step": 14000, "planned_steps": 20000, "validation_macro": 0.9942857142857143, "seconds": 184.5062051040586, "updated_unix": 1791237565.828105}
{"job_id": "d256_l4_left_to_right_maxima_s3037", "status": "running", "step": 15000, "planned_steps": 20000, "validation_macro": 0.9971428571428571, "seconds": 196.3091366570443, "updated_unix": 1791237577.6269772}
{"job_id": "d256_l4_left_to_right_maxima_s3037", "status": "running", "step": 16000, "planned_steps": 20000, "validation_macro": 0.9980952380952381, "seconds": 208.07310559600592, "updated_unix": 1791237589.3948092}
{"job_id": "d256_l4_left_to_right_maxima_s3037", "status": "running", "step": 17000, "planned_steps": 20000, "validation_macro": 0.9985714285714286, "seconds": 220.28105104714632, "updated_unix": 1791237601.6018116}
{"job_id": "d256_l4_left_to_right_maxima_s3037", "status": "running", "step": 18000, "planned_steps": 20000, "validation_macro": 0.9990476190476191, "seconds": 231.8941393820569, "updated_unix": 1791237613.2129557}
{"job_id": "d256_l4_left_to_right_maxima_s3037", "status": "running", "step": 19000, "planned_steps": 20000, "validation_macro": 1.0, "seconds": 243.65274285315536, "updated_unix": 1791237624.9730015}
{"job_id": "d256_l4_left_to_right_maxima_s3037", "status": "running", "step": 20000, "planned_steps": 20000, "validation_macro": 0.9985714285714286, "seconds": 255.14123550103977, "updated_unix": 1791237636.5083592}
{"job_id": "d256_l4_right_to_left_maxima_s3037", "status": "running", "step": 1000, "planned_steps": 20000, "validation_macro": 0.3385714285714286, "seconds": 11.589939638972282, "updated_unix": 1791237651.2633758}
{"job_id": "d256_l4_right_to_left_maxima_s3037", "status": "running", "step": 2000, "planned_steps": 20000, "validation_macro": 0.518095238095238, "seconds": 23.010676219826564, "updated_unix": 1791237662.6870012}
{"job_id": "d256_l4_right_to_left_maxima_s3037", "status": "running", "step": 3000, "planned_steps": 20000, "validation_macro": 0.5961904761904762, "seconds": 35.08941144798882, "updated_unix": 1791237674.76272}
{"job_id": "d256_l4_right_to_left_maxima_s3037", "status": "running", "step": 4000, "planned_steps": 20000, "validation_macro": 0.6019047619047619, "seconds": 46.97209865390323, "updated_unix": 1791237686.6484864}
{"job_id": "d256_l4_right_to_left_maxima_s3037", "status": "running", "step": 5000, "planned_steps": 20000, "validation_macro": 0.6866666666666666, "seconds": 58.747054715873674, "updated_unix": 1791237698.473776}
{"job_id": "d256_l4_right_to_left_maxima_s3037", "status": "running", "step": 6000, "planned_steps": 20000, "validation_macro": 0.6985714285714286, "seconds": 70.97962036100216, "updated_unix": 1791237710.65911}
{"job_id": "d256_l4_right_to_left_maxima_s3037", "status": "running", "step": 7000, "planned_steps": 20000, "validation_macro": 0.7666666666666667, "seconds": 83.41028776601888, "updated_unix": 1791237723.0963082}
{"job_id": "d256_l4_right_to_left_maxima_s3037", "status": "running", "step": 8000, "planned_steps": 20000, "validation_macro": 0.7823809523809524, "seconds": 96.11845659487881, "updated_unix": 1791237735.7974849}
{"job_id": "d256_l4_right_to_left_maxima_s3037", "status": "running", "step": 9000, "planned_steps": 20000, "validation_macro": 0.81, "seconds": 108.45195524184965, "updated_unix": 1791237748.125824}
{"job_id": "d256_l4_right_to_left_maxima_s3037", "status": "running", "step": 10000, "planned_steps": 20000, "validation_macro": 0.86, "seconds": 120.471292715054, "updated_unix": 1791237760.1939962}
{"job_id": "d256_l4_right_to_left_maxima_s3037", "status": "running", "step": 11000, "planned_steps": 20000, "validation_macro": 0.9185714285714286, "seconds": 131.91462234593928, "updated_unix": 1791237771.5866165}
{"job_id": "d256_l4_right_to_left_maxima_s3037", "status": "running", "step": 12000, "planned_steps": 20000, "validation_macro": 0.9261904761904762, "seconds": 143.69355811504647, "updated_unix": 1791237783.367795}
{"job_id": "d256_l4_right_to_left_maxima_s3037", "status": "running", "step": 13000, "planned_steps": 20000, "validation_macro": 0.9371428571428572, "seconds": 155.13445345289074, "updated_unix": 1791237794.8056033}
{"job_id": "d256_l4_right_to_left_maxima_s3037", "status": "running", "step": 14000, "planned_steps": 20000, "validation_macro": 0.9447619047619048, "seconds": 166.70132884196937, "updated_unix": 1791237806.376791}
{"job_id": "d256_l4_right_to_left_maxima_s3037", "status": "running", "step": 15000, "planned_steps": 20000, "validation_macro": 0.9642857142857143, "seconds": 178.4131693819072, "updated_unix": 1791237818.084902}
{"job_id": "d256_l4_right_to_left_maxima_s3037", "status": "running", "step": 16000, "planned_steps": 20000, "validation_macro": 0.9633333333333334, "seconds": 189.80687750387006, "updated_unix": 1791237829.4802463}
{"job_id": "d256_l4_right_to_left_maxima_s3037", "status": "running", "step": 17000, "planned_steps": 20000, "validation_macro": 0.9738095238095238, "seconds": 201.57784580183215, "updated_unix": 1791237841.2517674}
{"job_id": "d256_l4_right_to_left_maxima_s3037", "status": "running", "step": 18000, "planned_steps": 20000, "validation_macro": 0.9771428571428571, "seconds": 213.122318116948, "updated_unix": 1791237852.7939916}
{"job_id": "d256_l4_right_to_left_maxima_s3037", "status": "running", "step": 19000, "planned_steps": 20000, "validation_macro": 0.9771428571428571, "seconds": 224.55297584994696, "updated_unix": 1791237864.2237742}
{"job_id": "d256_l4_right_to_left_maxima_s3037", "status": "running", "step": 20000, "planned_steps": 20000, "validation_macro": 0.9795238095238096, "seconds": 236.79193511698395, "updated_unix": 1791237876.5159457}
{"job_id": "d256_l4_interior_none_s4051", "status": "running", "step": 1000, "planned_steps": 20000, "validation_macro": 0.32833333333333337, "seconds": 13.853348394157365, "updated_unix": 1791237893.5927567}
{"job_id": "d256_l4_interior_none_s4051", "status": "running", "step": 2000, "planned_steps": 20000, "validation_macro": 0.41547619047619044, "seconds": 27.82185782212764, "updated_unix": 1791237907.5638728}
{"job_id": "d256_l4_interior_none_s4051", "status": "running", "step": 3000, "planned_steps": 20000, "validation_macro": 0.4673809523809524, "seconds": 41.4043673791457, "updated_unix": 1791237921.1459162}
{"job_id": "d256_l4_interior_none_s4051", "status": "running", "step": 4000, "planned_steps": 20000, "validation_macro": 0.5095238095238095, "seconds": 55.113349927123636, "updated_unix": 1791237934.854034}
{"job_id": "d256_l4_interior_none_s4051", "status": "running", "step": 5000, "planned_steps": 20000, "validation_macro": 0.5338095238095238, "seconds": 68.65796359418891, "updated_unix": 1791237948.447217}
{"job_id": "d256_l4_interior_none_s4051", "status": "running", "step": 6000, "planned_steps": 20000, "validation_macro": 0.5633333333333334, "seconds": 82.39780052215792, "updated_unix": 1791237962.1402836}
{"job_id": "d256_l4_interior_none_s4051", "status": "running", "step": 7000, "planned_steps": 20000, "validation_macro": 0.5853571428571429, "seconds": 95.62796574202366, "updated_unix": 1791237975.3699665}
{"job_id": "d256_l4_interior_none_s4051", "status": "running", "step": 8000, "planned_steps": 20000, "validation_macro": 0.6174999999999999, "seconds": 109.16126391012222, "updated_unix": 1791237988.9036734}
{"job_id": "d256_l4_interior_none_s4051", "status": "running", "step": 9000, "planned_steps": 20000, "validation_macro": 0.6178571428571429, "seconds": 122.76990079018287, "updated_unix": 1791238002.507276}
{"job_id": "d256_l4_interior_none_s4051", "status": "running", "step": 10000, "planned_steps": 20000, "validation_macro": 0.6423809523809524, "seconds": 135.90784303820692, "updated_unix": 1791238015.6968596}
{"job_id": "d256_l4_interior_none_s4051", "status": "running", "step": 11000, "planned_steps": 20000, "validation_macro": 0.6473809523809524, "seconds": 149.27823806204833, "updated_unix": 1791238029.0179024}
{"job_id": "d256_l4_interior_none_s4051", "status": "running", "step": 12000, "planned_steps": 20000, "validation_macro": 0.6577380952380952, "seconds": 163.31121435319073, "updated_unix": 1791238043.0612974}
{"job_id": "d256_l4_interior_none_s4051", "status": "running", "step": 13000, "planned_steps": 20000, "validation_macro": 0.6721428571428572, "seconds": 176.82942191907205, "updated_unix": 1791238056.5702841}
{"job_id": "d256_l4_interior_none_s4051", "status": "running", "step": 14000, "planned_steps": 20000, "validation_macro": 0.679404761904762, "seconds": 190.52945753606036, "updated_unix": 1791238070.2727334}
{"job_id": "d256_l4_interior_none_s4051", "status": "running", "step": 15000, "planned_steps": 20000, "validation_macro": 0.6886904761904762, "seconds": 204.3834546022117, "updated_unix": 1791238084.130143}
{"job_id": "d256_l4_interior_none_s4051", "status": "running", "step": 16000, "planned_steps": 20000, "validation_macro": 0.6973809523809524, "seconds": 217.47927527106367, "updated_unix": 1791238097.2175367}
{"job_id": "d256_l4_interior_none_s4051", "status": "running", "step": 17000, "planned_steps": 20000, "validation_macro": 0.7059523809523809, "seconds": 230.56010894104838, "updated_unix": 1791238110.2978454}
{"job_id": "d256_l4_interior_none_s4051", "status": "running", "step": 18000, "planned_steps": 20000, "validation_macro": 0.7110714285714286, "seconds": 244.09606710704975, "updated_unix": 1791238123.834499}
{"job_id": "d256_l4_interior_none_s4051", "status": "running", "step": 19000, "planned_steps": 20000, "validation_macro": 0.7191666666666666, "seconds": 258.3192520700395, "updated_unix": 1791238138.059917}
{"job_id": "d256_l4_interior_none_s4051", "status": "running", "step": 20000, "planned_steps": 20000, "validation_macro": 0.7228571428571429, "seconds": 272.02993218414485, "updated_unix": 1791238151.8186107}
{"job_id": "d256_l4_peaks_s4051", "status": "running", "step": 1000, "planned_steps": 20000, "validation_macro": 0.37666666666666665, "seconds": 12.01564540201798, "updated_unix": 1791238171.2620814}
{"job_id": "d256_l4_peaks_s4051", "status": "running", "step": 2000, "planned_steps": 20000, "validation_macro": 0.3976190476190476, "seconds": 24.145822656108066, "updated_unix": 1791238183.3966231}
{"job_id": "d256_l4_peaks_s4051", "status": "running", "step": 3000, "planned_steps": 20000, "validation_macro": 0.4104761904761905, "seconds": 35.28429949795827, "updated_unix": 1791238194.5360823}
{"job_id": "d256_l4_peaks_s4051", "status": "running", "step": 4000, "planned_steps": 20000, "validation_macro": 0.43238095238095237, "seconds": 47.023291604127735, "updated_unix": 1791238206.2704492}
{"job_id": "d256_l4_peaks_s4051", "status": "running", "step": 5000, "planned_steps": 20000, "validation_macro": 0.4442857142857143, "seconds": 58.0472302720882, "updated_unix": 1791238217.3458576}
{"job_id": "d256_l4_peaks_s4051", "status": "running", "step": 6000, "planned_steps": 20000, "validation_macro": 0.46, "seconds": 70.07275090110488, "updated_unix": 1791238229.3202395}
{"job_id": "d256_l4_peaks_s4051", "status": "running", "step": 7000, "planned_steps": 20000, "validation_macro": 0.4942857142857143, "seconds": 82.10646264208481, "updated_unix": 1791238241.3518336}
{"job_id": "d256_l4_peaks_s4051", "status": "running", "step": 8000, "planned_steps": 20000, "validation_macro": 0.51, "seconds": 94.32361296704039, "updated_unix": 1791238253.5709653}
{"job_id": "d256_l4_peaks_s4051", "status": "running", "step": 9000, "planned_steps": 20000, "validation_macro": 0.5276190476190477, "seconds": 105.73780257906765, "updated_unix": 1791238264.9853003}
{"job_id": "d256_l4_peaks_s4051", "status": "running", "step": 10000, "planned_steps": 20000, "validation_macro": 0.6, "seconds": 118.01714871707372, "updated_unix": 1791238277.3122277}
{"job_id": "d256_l4_peaks_s4051", "status": "running", "step": 11000, "planned_steps": 20000, "validation_macro": 0.6338095238095238, "seconds": 130.43537908094004, "updated_unix": 1791238289.6822712}
{"job_id": "d256_l4_peaks_s4051", "status": "running", "step": 12000, "planned_steps": 20000, "validation_macro": 0.6585714285714286, "seconds": 142.86157516599633, "updated_unix": 1791238302.1077504}
{"job_id": "d256_l4_peaks_s4051", "status": "running", "step": 13000, "planned_steps": 20000, "validation_macro": 0.6838095238095238, "seconds": 155.0808635780122, "updated_unix": 1791238314.3275816}
{"job_id": "d256_l4_peaks_s4051", "status": "running", "step": 14000, "planned_steps": 20000, "validation_macro": 0.6871428571428572, "seconds": 166.7852644631639, "updated_unix": 1791238326.0386064}
{"job_id": "d256_l4_peaks_s4051", "status": "running", "step": 15000, "planned_steps": 20000, "validation_macro": 0.7314285714285714, "seconds": 178.4080774730537, "updated_unix": 1791238337.6537657}
{"job_id": "d256_l4_peaks_s4051", "status": "running", "step": 16000, "planned_steps": 20000, "validation_macro": 0.7652380952380953, "seconds": 190.01654233015142, "updated_unix": 1791238349.264784}
{"job_id": "d256_l4_peaks_s4051", "status": "running", "step": 17000, "planned_steps": 20000, "validation_macro": 0.7642857142857142, "seconds": 201.44111143494956, "updated_unix": 1791238360.6877105}
{"job_id": "d256_l4_peaks_s4051", "status": "running", "step": 18000, "planned_steps": 20000, "validation_macro": 0.7728571428571429, "seconds": 213.0358601580374, "updated_unix": 1791238372.2816584}
{"job_id": "d256_l4_peaks_s4051", "status": "running", "step": 19000, "planned_steps": 20000, "validation_macro": 0.7785714285714286, "seconds": 224.58321942714974, "updated_unix": 1791238383.8290906}
{"job_id": "d256_l4_peaks_s4051", "status": "running", "step": 20000, "planned_steps": 20000, "validation_macro": 0.789047619047619, "seconds": 236.282618700061, "updated_unix": 1791238395.5757222}
{"job_id": "d256_l4_valleys_s4051", "status": "running", "step": 1000, "planned_steps": 20000, "validation_macro": 0.38, "seconds": 11.318791012046859, "updated_unix": 1791238410.0751905}
{"job_id": "d256_l4_valleys_s4051", "status": "running", "step": 2000, "planned_steps": 20000, "validation_macro": 0.40190476190476193, "seconds": 22.934802333125845, "updated_unix": 1791238421.6986635}
{"job_id": "d256_l4_valleys_s4051", "status": "running", "step": 3000, "planned_steps": 20000, "validation_macro": 0.41095238095238096, "seconds": 34.55329514620826, "updated_unix": 1791238433.314737}
{"job_id": "d256_l4_valleys_s4051", "status": "running", "step": 4000, "planned_steps": 20000, "validation_macro": 0.42095238095238097, "seconds": 46.17012066813186, "updated_unix": 1791238444.932209}
{"job_id": "d256_l4_valleys_s4051", "status": "running", "step": 5000, "planned_steps": 20000, "validation_macro": 0.43714285714285717, "seconds": 57.883492480032146, "updated_unix": 1791238456.6910207}
{"job_id": "d256_l4_valleys_s4051", "status": "running", "step": 6000, "planned_steps": 20000, "validation_macro": 0.4442857142857143, "seconds": 69.41806214721873, "updated_unix": 1791238468.1800365}
{"job_id": "d256_l4_valleys_s4051", "status": "running", "step": 7000, "planned_steps": 20000, "validation_macro": 0.4928571428571429, "seconds": 80.94420904805884, "updated_unix": 1791238479.701728}
{"job_id": "d256_l4_valleys_s4051", "status": "running", "step": 8000, "planned_steps": 20000, "validation_macro": 0.5504761904761905, "seconds": 92.45057168602943, "updated_unix": 1791238491.211159}
{"job_id": "d256_l4_valleys_s4051", "status": "running", "step": 9000, "planned_steps": 20000, "validation_macro": 0.570952380952381, "seconds": 103.98998241010122, "updated_unix": 1791238502.749504}
{"job_id": "d256_l4_valleys_s4051", "status": "running", "step": 10000, "planned_steps": 20000, "validation_macro": 0.5871428571428572, "seconds": 115.66526862420142, "updated_unix": 1791238514.469141}
{"job_id": "d256_l4_valleys_s4051", "status": "running", "step": 11000, "planned_steps": 20000, "validation_macro": 0.6390476190476191, "seconds": 127.03103251103312, "updated_unix": 1791238525.7952075}
{"job_id": "d256_l4_valleys_s4051", "status": "running", "step": 12000, "planned_steps": 20000, "validation_macro": 0.669047619047619, "seconds": 138.473892953014, "updated_unix": 1791238537.2368565}
{"job_id": "d256_l4_valleys_s4051", "status": "running", "step": 13000, "planned_steps": 20000, "validation_macro": 0.7066666666666667, "seconds": 149.91129939607345, "updated_unix": 1791238548.671048}
{"job_id": "d256_l4_valleys_s4051", "status": "running", "step": 14000, "planned_steps": 20000, "validation_macro": 0.709047619047619, "seconds": 161.46007768716663, "updated_unix": 1791238560.2208824}
{"job_id": "d256_l4_valleys_s4051", "status": "running", "step": 15000, "planned_steps": 20000, "validation_macro": 0.7304761904761905, "seconds": 172.74259268213063, "updated_unix": 1791238571.50696}
{"job_id": "d256_l4_valleys_s4051", "status": "running", "step": 16000, "planned_steps": 20000, "validation_macro": 0.7438095238095238, "seconds": 184.08973078802228, "updated_unix": 1791238582.849967}
{"job_id": "d256_l4_valleys_s4051", "status": "running", "step": 17000, "planned_steps": 20000, "validation_macro": 0.7538095238095238, "seconds": 196.10894504003227, "updated_unix": 1791238594.8718698}
{"job_id": "d256_l4_valleys_s4051", "status": "running", "step": 18000, "planned_steps": 20000, "validation_macro": 0.7676190476190476, "seconds": 207.22798494715244, "updated_unix": 1791238605.9879432}
{"job_id": "d256_l4_valleys_s4051", "status": "running", "step": 19000, "planned_steps": 20000, "validation_macro": 0.7661904761904762, "seconds": 218.8173016011715, "updated_unix": 1791238617.575514}
{"job_id": "d256_l4_valleys_s4051", "status": "running", "step": 20000, "planned_steps": 20000, "validation_macro": 0.7771428571428571, "seconds": 229.92997372616082, "updated_unix": 1791238628.7344553}
{"job_id": "d256_l4_left_to_right_maxima_s4051", "status": "running", "step": 1000, "planned_steps": 20000, "validation_macro": 0.5061904761904762, "seconds": 11.676267683971673, "updated_unix": 1791238643.5443227}
{"job_id": "d256_l4_left_to_right_maxima_s4051", "status": "running", "step": 2000, "planned_steps": 20000, "validation_macro": 0.6476190476190476, "seconds": 22.90670247003436, "updated_unix": 1791238654.7816103}
{"job_id": "d256_l4_left_to_right_maxima_s4051", "status": "running", "step": 3000, "planned_steps": 20000, "validation_macro": 0.8223809523809524, "seconds": 34.34580518910661, "updated_unix": 1791238666.215058}
{"job_id": "d256_l4_left_to_right_maxima_s4051", "status": "running", "step": 4000, "planned_steps": 20000, "validation_macro": 0.8819047619047619, "seconds": 46.126579493051395, "updated_unix": 1791238677.997786}
{"job_id": "d256_l4_left_to_right_maxima_s4051", "status": "running", "step": 5000, "planned_steps": 20000, "validation_macro": 0.93, "seconds": 57.43901484995149, "updated_unix": 1791238689.3556995}
{"job_id": "d256_l4_left_to_right_maxima_s4051", "status": "running", "step": 6000, "planned_steps": 20000, "validation_macro": 0.9052380952380953, "seconds": 68.87930068210699, "updated_unix": 1791238700.7536368}
{"job_id": "d256_l4_left_to_right_maxima_s4051", "status": "running", "step": 7000, "planned_steps": 20000, "validation_macro": 0.9742857142857143, "seconds": 80.16636360506527, "updated_unix": 1791238712.0352407}
{"job_id": "d256_l4_left_to_right_maxima_s4051", "status": "running", "step": 8000, "planned_steps": 20000, "validation_macro": 0.9880952380952381, "seconds": 91.66707608196884, "updated_unix": 1791238723.5382109}
{"job_id": "d256_l4_left_to_right_maxima_s4051", "status": "running", "step": 9000, "planned_steps": 20000, "validation_macro": 0.9961904761904762, "seconds": 103.50192652409896, "updated_unix": 1791238735.3717606}
{"job_id": "d256_l4_left_to_right_maxima_s4051", "status": "running", "step": 10000, "planned_steps": 20000, "validation_macro": 0.9980952380952381, "seconds": 114.62370982114226, "updated_unix": 1791238746.542845}
{"job_id": "d256_l4_left_to_right_maxima_s4051", "status": "running", "step": 11000, "planned_steps": 20000, "validation_macro": 0.9985714285714286, "seconds": 126.46909598307684, "updated_unix": 1791238758.3430037}
{"job_id": "d256_l4_left_to_right_maxima_s4051", "status": "running", "step": 12000, "planned_steps": 20000, "validation_macro": 0.9990476190476191, "seconds": 137.85484456294216, "updated_unix": 1791238769.728085}
{"job_id": "d256_l4_left_to_right_maxima_s4051", "status": "running", "step": 13000, "planned_steps": 20000, "validation_macro": 1.0, "seconds": 149.84383663604967, "updated_unix": 1791238781.7149935}
{"job_id": "d256_l4_left_to_right_maxima_s4051", "status": "running", "step": 14000, "planned_steps": 20000, "validation_macro": 0.9990476190476191, "seconds": 161.5104335071519, "updated_unix": 1791238793.3820696}
{"job_id": "d256_l4_left_to_right_maxima_s4051", "status": "running", "step": 15000, "planned_steps": 20000, "validation_macro": 0.9985714285714286, "seconds": 172.99640166712925, "updated_unix": 1791238804.8662376}
{"job_id": "d256_l4_left_to_right_maxima_s4051", "status": "running", "step": 16000, "planned_steps": 20000, "validation_macro": 1.0, "seconds": 184.93598105199635, "updated_unix": 1791238816.8082433}
{"job_id": "d256_l4_left_to_right_maxima_s4051", "status": "running", "step": 17000, "planned_steps": 20000, "validation_macro": 1.0, "seconds": 196.488993069157, "updated_unix": 1791238828.3605232}
{"job_id": "d256_l4_left_to_right_maxima_s4051", "status": "running", "step": 18000, "planned_steps": 20000, "validation_macro": 1.0, "seconds": 208.47459607501514, "updated_unix": 1791238840.3473969}
{"job_id": "d256_l4_left_to_right_maxima_s4051", "status": "running", "step": 19000, "planned_steps": 20000, "validation_macro": 1.0, "seconds": 221.16835829010233, "updated_unix": 1791238853.0397682}
{"job_id": "d256_l4_left_to_right_maxima_s4051", "status": "running", "step": 20000, "planned_steps": 20000, "validation_macro": 1.0, "seconds": 232.84158113296144, "updated_unix": 1791238864.7639158}
{"job_id": "d256_l4_right_to_left_maxima_s4051", "status": "running", "step": 1000, "planned_steps": 20000, "validation_macro": 0.35095238095238096, "seconds": 11.914792675990611, "updated_unix": 1791238879.8646982}
{"job_id": "d256_l4_right_to_left_maxima_s4051", "status": "running", "step": 2000, "planned_steps": 20000, "validation_macro": 0.4961904761904762, "seconds": 24.39598528202623, "updated_unix": 1791238892.3560145}
{"job_id": "d256_l4_right_to_left_maxima_s4051", "status": "running", "step": 3000, "planned_steps": 20000, "validation_macro": 0.6085714285714285, "seconds": 36.34551341505721, "updated_unix": 1791238904.2992663}
{"job_id": "d256_l4_right_to_left_maxima_s4051", "status": "running", "step": 4000, "planned_steps": 20000, "validation_macro": 0.6571428571428571, "seconds": 48.217763354070485, "updated_unix": 1791238916.1734953}
{"job_id": "d256_l4_right_to_left_maxima_s4051", "status": "running", "step": 5000, "planned_steps": 20000, "validation_macro": 0.7295238095238096, "seconds": 59.6489088870585, "updated_unix": 1791238927.6465144}
{"job_id": "d256_l4_right_to_left_maxima_s4051", "status": "running", "step": 6000, "planned_steps": 20000, "validation_macro": 0.7761904761904762, "seconds": 71.31767435302027, "updated_unix": 1791238939.2748559}
{"job_id": "d256_l4_right_to_left_maxima_s4051", "status": "running", "step": 7000, "planned_steps": 20000, "validation_macro": 0.8338095238095238, "seconds": 83.04282142408192, "updated_unix": 1791238950.9938092}
{"job_id": "d256_l4_right_to_left_maxima_s4051", "status": "running", "step": 8000, "planned_steps": 20000, "validation_macro": 0.861904761904762, "seconds": 94.7831043000333, "updated_unix": 1791238962.7356253}
{"job_id": "d256_l4_right_to_left_maxima_s4051", "status": "running", "step": 9000, "planned_steps": 20000, "validation_macro": 0.9219047619047619, "seconds": 106.28779786499217, "updated_unix": 1791238974.240271}
{"job_id": "d256_l4_right_to_left_maxima_s4051", "status": "running", "step": 10000, "planned_steps": 20000, "validation_macro": 0.9271428571428572, "seconds": 118.4527590260841, "updated_unix": 1791238986.4521437}
{"job_id": "d256_l4_right_to_left_maxima_s4051", "status": "running", "step": 11000, "planned_steps": 20000, "validation_macro": 0.9585714285714285, "seconds": 130.34471770795062, "updated_unix": 1791238998.2977622}
{"job_id": "d256_l4_right_to_left_maxima_s4051", "status": "running", "step": 12000, "planned_steps": 20000, "validation_macro": 0.9547619047619048, "seconds": 141.5660298340954, "updated_unix": 1791239009.5203495}
{"job_id": "d256_l4_right_to_left_maxima_s4051", "status": "running", "step": 13000, "planned_steps": 20000, "validation_macro": 0.9661904761904762, "seconds": 153.4315628791228, "updated_unix": 1791239021.382563}
{"job_id": "d256_l4_right_to_left_maxima_s4051", "status": "running", "step": 14000, "planned_steps": 20000, "validation_macro": 0.9776190476190476, "seconds": 165.01370858191513, "updated_unix": 1791239032.9652772}
{"job_id": "d256_l4_right_to_left_maxima_s4051", "status": "running", "step": 15000, "planned_steps": 20000, "validation_macro": 0.9761904761904762, "seconds": 176.66484369011596, "updated_unix": 1791239044.6158624}
{"job_id": "d256_l4_right_to_left_maxima_s4051", "status": "running", "step": 16000, "planned_steps": 20000, "validation_macro": 0.9828571428571429, "seconds": 188.0097911809571, "updated_unix": 1791239055.9581213}
{"job_id": "d256_l4_right_to_left_maxima_s4051", "status": "running", "step": 17000, "planned_steps": 20000, "validation_macro": 0.9838095238095238, "seconds": 199.3018588090781, "updated_unix": 1791239067.2534013}
{"job_id": "d256_l4_right_to_left_maxima_s4051", "status": "running", "step": 18000, "planned_steps": 20000, "validation_macro": 0.9857142857142858, "seconds": 210.90277144801803, "updated_unix": 1791239078.8549855}
{"job_id": "d256_l4_right_to_left_maxima_s4051", "status": "running", "step": 19000, "planned_steps": 20000, "validation_macro": 0.9871428571428571, "seconds": 222.36887656501494, "updated_unix": 1791239090.3189049}
{"job_id": "d256_l4_right_to_left_maxima_s4051", "status": "running", "step": 20000, "planned_steps": 20000, "validation_macro": 0.9890476190476191, "seconds": 233.71998759312555, "updated_unix": 1791239101.7209792}
{"job_id": "d256_l4_interior_none_s5059", "status": "running", "step": 1000, "planned_steps": 20000, "validation_macro": 0.3267857142857143, "seconds": 13.203863058937714, "updated_unix": 1791239118.3733828}
{"job_id": "d256_l4_interior_none_s5059", "status": "running", "step": 2000, "planned_steps": 20000, "validation_macro": 0.3969047619047619, "seconds": 26.115608792984858, "updated_unix": 1791239131.2950385}
{"job_id": "d256_l4_interior_none_s5059", "status": "running", "step": 3000, "planned_steps": 20000, "validation_macro": 0.48738095238095236, "seconds": 39.974505609832704, "updated_unix": 1791239145.1562347}
{"job_id": "d256_l4_interior_none_s5059", "status": "running", "step": 4000, "planned_steps": 20000, "validation_macro": 0.5170238095238096, "seconds": 54.13456750800833, "updated_unix": 1791239159.3167255}
{"job_id": "d256_l4_interior_none_s5059", "status": "running", "step": 5000, "planned_steps": 20000, "validation_macro": 0.5557142857142857, "seconds": 67.63553605880588, "updated_unix": 1791239172.8633068}
{"job_id": "d256_l4_interior_none_s5059", "status": "running", "step": 6000, "planned_steps": 20000, "validation_macro": 0.5832142857142857, "seconds": 81.28867872897536, "updated_unix": 1791239186.4671533}
{"job_id": "d256_l4_interior_none_s5059", "status": "running", "step": 7000, "planned_steps": 20000, "validation_macro": 0.6063095238095237, "seconds": 94.73578107589856, "updated_unix": 1791239199.9169207}
{"job_id": "d256_l4_interior_none_s5059", "status": "running", "step": 8000, "planned_steps": 20000, "validation_macro": 0.6154761904761905, "seconds": 108.3702072519809, "updated_unix": 1791239213.5469258}
{"job_id": "d256_l4_interior_none_s5059", "status": "running", "step": 9000, "planned_steps": 20000, "validation_macro": 0.6335714285714286, "seconds": 121.51693939580582, "updated_unix": 1791239226.6953104}
{"job_id": "d256_l4_interior_none_s5059", "status": "running", "step": 10000, "planned_steps": 20000, "validation_macro": 0.6396428571428572, "seconds": 134.59493422484957, "updated_unix": 1791239239.8167248}
{"job_id": "d256_l4_interior_none_s5059", "status": "running", "step": 11000, "planned_steps": 20000, "validation_macro": 0.6685714285714286, "seconds": 147.47975622490048, "updated_unix": 1791239252.6549282}
{"job_id": "d256_l4_interior_none_s5059", "status": "running", "step": 12000, "planned_steps": 20000, "validation_macro": 0.6830952380952381, "seconds": 160.78016362781636, "updated_unix": 1791239265.9544985}
{"job_id": "d256_l4_interior_none_s5059", "status": "running", "step": 13000, "planned_steps": 20000, "validation_macro": 0.6883333333333334, "seconds": 173.76198862493038, "updated_unix": 1791239278.9362974}
{"job_id": "d256_l4_interior_none_s5059", "status": "running", "step": 14000, "planned_steps": 20000, "validation_macro": 0.7002380952380952, "seconds": 187.40231651300564, "updated_unix": 1791239292.5778868}
{"job_id": "d256_l4_interior_none_s5059", "status": "running", "step": 15000, "planned_steps": 20000, "validation_macro": 0.7189285714285714, "seconds": 201.03508407785557, "updated_unix": 1791239306.2131968}
{"job_id": "d256_l4_interior_none_s5059", "status": "running", "step": 16000, "planned_steps": 20000, "validation_macro": 0.7303571428571429, "seconds": 215.0429121318739, "updated_unix": 1791239320.2161632}
{"job_id": "d256_l4_interior_none_s5059", "status": "running", "step": 17000, "planned_steps": 20000, "validation_macro": 0.7382142857142857, "seconds": 229.2266579468269, "updated_unix": 1791239334.4014904}
{"job_id": "d256_l4_interior_none_s5059", "status": "running", "step": 18000, "planned_steps": 20000, "validation_macro": 0.7526190476190476, "seconds": 243.40764668700285, "updated_unix": 1791239348.581446}
{"job_id": "d256_l4_interior_none_s5059", "status": "running", "step": 19000, "planned_steps": 20000, "validation_macro": 0.7646428571428571, "seconds": 256.7172930960078, "updated_unix": 1791239361.8921814}
{"job_id": "d256_l4_interior_none_s5059", "status": "running", "step": 20000, "planned_steps": 20000, "validation_macro": 0.7732142857142857, "seconds": 269.7651353238616, "updated_unix": 1791239374.987543}
{"job_id": "d256_l4_peaks_s5059", "status": "running", "step": 1000, "planned_steps": 20000, "validation_macro": 0.3757142857142857, "seconds": 11.523223011055961, "updated_unix": 1791239393.7331464}
{"job_id": "d256_l4_peaks_s5059", "status": "running", "step": 2000, "planned_steps": 20000, "validation_macro": 0.4014285714285714, "seconds": 22.945455151842907, "updated_unix": 1791239405.1586113}
{"job_id": "d256_l4_peaks_s5059", "status": "running", "step": 3000, "planned_steps": 20000, "validation_macro": 0.4195238095238095, "seconds": 34.162218631012365, "updated_unix": 1791239416.3736203}
{"job_id": "d256_l4_peaks_s5059", "status": "running", "step": 4000, "planned_steps": 20000, "validation_macro": 0.4042857142857143, "seconds": 45.71484221192077, "updated_unix": 1791239427.9266553}
{"job_id": "d256_l4_peaks_s5059", "status": "running", "step": 5000, "planned_steps": 20000, "validation_macro": 0.42, "seconds": 57.45603917888366, "updated_unix": 1791239439.7136683}
{"job_id": "d256_l4_peaks_s5059", "status": "running", "step": 6000, "planned_steps": 20000, "validation_macro": 0.4438095238095238, "seconds": 68.94972945493646, "updated_unix": 1791239451.171567}
{"job_id": "d256_l4_peaks_s5059", "status": "running", "step": 7000, "planned_steps": 20000, "validation_macro": 0.4552380952380952, "seconds": 80.81183114903979, "updated_unix": 1791239463.0227914}
{"job_id": "d256_l4_peaks_s5059", "status": "running", "step": 8000, "planned_steps": 20000, "validation_macro": 0.47333333333333333, "seconds": 92.70488121593371, "updated_unix": 1791239474.916871}
{"job_id": "d256_l4_peaks_s5059", "status": "running", "step": 9000, "planned_steps": 20000, "validation_macro": 0.48428571428571426, "seconds": 104.77950228797272, "updated_unix": 1791239486.9905388}
{"job_id": "d256_l4_peaks_s5059", "status": "running", "step": 10000, "planned_steps": 20000, "validation_macro": 0.5095238095238095, "seconds": 117.261757198954, "updated_unix": 1791239499.5229964}
{"job_id": "d256_l4_peaks_s5059", "status": "running", "step": 11000, "planned_steps": 20000, "validation_macro": 0.5266666666666666, "seconds": 129.94036874803714, "updated_unix": 1791239512.1541004}
{"job_id": "d256_l4_peaks_s5059", "status": "running", "step": 12000, "planned_steps": 20000, "validation_macro": 0.5404761904761904, "seconds": 141.4023317389656, "updated_unix": 1791239523.6125867}
{"job_id": "d256_l4_peaks_s5059", "status": "running", "step": 13000, "planned_steps": 20000, "validation_macro": 0.5528571428571428, "seconds": 153.7334050189238, "updated_unix": 1791239535.9431462}
{"job_id": "d256_l4_peaks_s5059", "status": "running", "step": 14000, "planned_steps": 20000, "validation_macro": 0.5557142857142857, "seconds": 165.62223858991638, "updated_unix": 1791239547.8337946}
{"job_id": "d256_l4_peaks_s5059", "status": "running", "step": 15000, "planned_steps": 20000, "validation_macro": 0.5633333333333334, "seconds": 177.34286624984816, "updated_unix": 1791239559.5534728}
{"job_id": "d256_l4_peaks_s5059", "status": "running", "step": 16000, "planned_steps": 20000, "validation_macro": 0.5795238095238096, "seconds": 188.78564519784413, "updated_unix": 1791239570.9959707}
{"job_id": "d256_l4_peaks_s5059", "status": "running", "step": 17000, "planned_steps": 20000, "validation_macro": 0.5761904761904761, "seconds": 200.43715840298682, "updated_unix": 1791239582.6475978}
{"job_id": "d256_l4_peaks_s5059", "status": "running", "step": 18000, "planned_steps": 20000, "validation_macro": 0.5904761904761905, "seconds": 212.77848499990068, "updated_unix": 1791239594.9879344}
{"job_id": "d256_l4_peaks_s5059", "status": "running", "step": 19000, "planned_steps": 20000, "validation_macro": 0.5980952380952381, "seconds": 224.905966487946, "updated_unix": 1791239607.120187}
{"job_id": "d256_l4_peaks_s5059", "status": "running", "step": 20000, "planned_steps": 20000, "validation_macro": 0.5914285714285714, "seconds": 237.2564708739519, "updated_unix": 1791239619.5134864}
{"job_id": "d256_l4_valleys_s5059", "status": "running", "step": 1000, "planned_steps": 20000, "validation_macro": 0.36523809523809525, "seconds": 12.082446255953982, "updated_unix": 1791239634.6624753}
{"job_id": "d256_l4_valleys_s5059", "status": "running", "step": 2000, "planned_steps": 20000, "validation_macro": 0.38142857142857145, "seconds": 24.293959190137684, "updated_unix": 1791239646.8792505}
{"job_id": "d256_l4_valleys_s5059", "status": "running", "step": 3000, "planned_steps": 20000, "validation_macro": 0.39714285714285713, "seconds": 36.55302188708447, "updated_unix": 1791239659.1336956}
{"job_id": "d256_l4_valleys_s5059", "status": "running", "step": 4000, "planned_steps": 20000, "validation_macro": 0.41, "seconds": 48.50532044307329, "updated_unix": 1791239671.088925}
{"job_id": "d256_l4_valleys_s5059", "status": "running", "step": 5000, "planned_steps": 20000, "validation_macro": 0.45380952380952383, "seconds": 59.95939696393907, "updated_unix": 1791239682.5894933}
{"job_id": "d256_l4_valleys_s5059", "status": "running", "step": 6000, "planned_steps": 20000, "validation_macro": 0.5366666666666666, "seconds": 72.02229763497598, "updated_unix": 1791239694.6044455}
{"job_id": "d256_l4_valleys_s5059", "status": "running", "step": 7000, "planned_steps": 20000, "validation_macro": 0.6138095238095238, "seconds": 83.5988798069302, "updated_unix": 1791239706.1813242}
{"job_id": "d256_l4_valleys_s5059", "status": "running", "step": 8000, "planned_steps": 20000, "validation_macro": 0.6309523809523809, "seconds": 95.81737487507053, "updated_unix": 1791239718.3994226}
{"job_id": "d256_l4_valleys_s5059", "status": "running", "step": 9000, "planned_steps": 20000, "validation_macro": 0.7176190476190476, "seconds": 107.3257869540248, "updated_unix": 1791239729.9073532}
{"job_id": "d256_l4_valleys_s5059", "status": "running", "step": 10000, "planned_steps": 20000, "validation_macro": 0.7433333333333333, "seconds": 119.10085024894215, "updated_unix": 1791239741.7294753}
{"job_id": "d256_l4_valleys_s5059", "status": "running", "step": 11000, "planned_steps": 20000, "validation_macro": 0.7776190476190477, "seconds": 130.72301952796988, "updated_unix": 1791239753.3094072}
{"job_id": "d256_l4_valleys_s5059", "status": "running", "step": 12000, "planned_steps": 20000, "validation_macro": 0.8147619047619048, "seconds": 142.8800337021239, "updated_unix": 1791239765.4607933}
{"job_id": "d256_l4_valleys_s5059", "status": "running", "step": 13000, "planned_steps": 20000, "validation_macro": 0.8276190476190476, "seconds": 154.53891531494446, "updated_unix": 1791239777.128274}
{"job_id": "d256_l4_valleys_s5059", "status": "running", "step": 14000, "planned_steps": 20000, "validation_macro": 0.8523809523809524, "seconds": 166.55249983305112, "updated_unix": 1791239789.1364245}
{"job_id": "d256_l4_valleys_s5059", "status": "running", "step": 15000, "planned_steps": 20000, "validation_macro": 0.8623809523809524, "seconds": 178.20335485693067, "updated_unix": 1791239800.7849188}
{"job_id": "d256_l4_valleys_s5059", "status": "running", "step": 16000, "planned_steps": 20000, "validation_macro": 0.8709523809523809, "seconds": 190.13337926194072, "updated_unix": 1791239812.7135904}
{"job_id": "d256_l4_valleys_s5059", "status": "running", "step": 17000, "planned_steps": 20000, "validation_macro": 0.87, "seconds": 201.63029291899875, "updated_unix": 1791239824.2150202}
{"job_id": "d256_l4_valleys_s5059", "status": "running", "step": 18000, "planned_steps": 20000, "validation_macro": 0.8804761904761905, "seconds": 213.72405593795702, "updated_unix": 1791239836.3037372}
{"job_id": "d256_l4_valleys_s5059", "status": "running", "step": 19000, "planned_steps": 20000, "validation_macro": 0.8733333333333333, "seconds": 225.7352504399605, "updated_unix": 1791239848.3175294}
{"job_id": "d256_l4_valleys_s5059", "status": "running", "step": 20000, "planned_steps": 20000, "validation_macro": 0.888095238095238, "seconds": 237.60061516612768, "updated_unix": 1791239860.2277434}
{"job_id": "d256_l4_left_to_right_maxima_s5059", "status": "running", "step": 1000, "planned_steps": 20000, "validation_macro": 0.5095238095238095, "seconds": 11.516125246882439, "updated_unix": 1791239874.8435063}
{"job_id": "d256_l4_left_to_right_maxima_s5059", "status": "running", "step": 2000, "planned_steps": 20000, "validation_macro": 0.6466666666666666, "seconds": 23.72114416700788, "updated_unix": 1791239887.0536392}
{"job_id": "d256_l4_left_to_right_maxima_s5059", "status": "running", "step": 3000, "planned_steps": 20000, "validation_macro": 0.8114285714285714, "seconds": 35.625618622871116, "updated_unix": 1791239898.9557657}
{"job_id": "d256_l4_left_to_right_maxima_s5059", "status": "running", "step": 4000, "planned_steps": 20000, "validation_macro": 0.8485714285714285, "seconds": 47.631774921901524, "updated_unix": 1791239910.9630218}
{"job_id": "d256_l4_left_to_right_maxima_s5059", "status": "running", "step": 5000, "planned_steps": 20000, "validation_macro": 0.909047619047619, "seconds": 60.15628093993291, "updated_unix": 1791239923.534145}
{"job_id": "d256_l4_left_to_right_maxima_s5059", "status": "running", "step": 6000, "planned_steps": 20000, "validation_macro": 0.9352380952380952, "seconds": 71.69955451693386, "updated_unix": 1791239935.0320752}
{"job_id": "d256_l4_left_to_right_maxima_s5059", "status": "running", "step": 7000, "planned_steps": 20000, "validation_macro": 0.9647619047619047, "seconds": 83.01644660998136, "updated_unix": 1791239946.34423}
{"job_id": "d256_l4_left_to_right_maxima_s5059", "status": "running", "step": 8000, "planned_steps": 20000, "validation_macro": 0.9780952380952381, "seconds": 94.85674552596174, "updated_unix": 1791239958.1862748}
{"job_id": "d256_l4_left_to_right_maxima_s5059", "status": "running", "step": 9000, "planned_steps": 20000, "validation_macro": 0.9909523809523809, "seconds": 106.03438376192935, "updated_unix": 1791239969.3693814}
{"job_id": "d256_l4_left_to_right_maxima_s5059", "status": "running", "step": 10000, "planned_steps": 20000, "validation_macro": 0.9895238095238095, "seconds": 117.57638872484677, "updated_unix": 1791239980.9540637}
{"job_id": "d256_l4_left_to_right_maxima_s5059", "status": "running", "step": 11000, "planned_steps": 20000, "validation_macro": 0.9952380952380953, "seconds": 128.7039371158462, "updated_unix": 1791239992.0313473}
{"job_id": "d256_l4_left_to_right_maxima_s5059", "status": "running", "step": 12000, "planned_steps": 20000, "validation_macro": 0.9938095238095238, "seconds": 140.28933897684328, "updated_unix": 1791240003.619503}
{"job_id": "d256_l4_left_to_right_maxima_s5059", "status": "running", "step": 13000, "planned_steps": 20000, "validation_macro": 0.9980952380952381, "seconds": 151.92716131499037, "updated_unix": 1791240015.2559657}
{"job_id": "d256_l4_left_to_right_maxima_s5059", "status": "running", "step": 14000, "planned_steps": 20000, "validation_macro": 0.9928571428571429, "seconds": 163.0864458559081, "updated_unix": 1791240026.41423}
{"job_id": "d256_l4_left_to_right_maxima_s5059", "status": "running", "step": 15000, "planned_steps": 20000, "validation_macro": 0.9980952380952381, "seconds": 174.61133745592088, "updated_unix": 1791240037.9396095}
{"job_id": "d256_l4_left_to_right_maxima_s5059", "status": "running", "step": 16000, "planned_steps": 20000, "validation_macro": 0.9995238095238095, "seconds": 185.85829229280353, "updated_unix": 1791240049.1880295}
{"job_id": "d256_l4_left_to_right_maxima_s5059", "status": "running", "step": 17000, "planned_steps": 20000, "validation_macro": 1.0, "seconds": 197.0369552578777, "updated_unix": 1791240060.3678076}
{"job_id": "d256_l4_left_to_right_maxima_s5059", "status": "running", "step": 18000, "planned_steps": 20000, "validation_macro": 1.0, "seconds": 208.6279169479385, "updated_unix": 1791240071.9561062}
{"job_id": "d256_l4_left_to_right_maxima_s5059", "status": "running", "step": 19000, "planned_steps": 20000, "validation_macro": 1.0, "seconds": 219.79044953989796, "updated_unix": 1791240083.1207173}
{"job_id": "d256_l4_left_to_right_maxima_s5059", "status": "running", "step": 20000, "planned_steps": 20000, "validation_macro": 0.9995238095238095, "seconds": 231.2471531969495, "updated_unix": 1791240094.6233935}
{"job_id": "d256_l4_right_to_left_maxima_s5059", "status": "running", "step": 1000, "planned_steps": 20000, "validation_macro": 0.2866666666666667, "seconds": 11.29315563221462, "updated_unix": 1791240109.0015876}
{"job_id": "d256_l4_right_to_left_maxima_s5059", "status": "running", "step": 2000, "planned_steps": 20000, "validation_macro": 0.490952380952381, "seconds": 22.30294686416164, "updated_unix": 1791240120.0168817}
{"job_id": "d256_l4_right_to_left_maxima_s5059", "status": "running", "step": 3000, "planned_steps": 20000, "validation_macro": 0.5157142857142857, "seconds": 33.994782149093226, "updated_unix": 1791240131.7064328}
{"job_id": "d256_l4_right_to_left_maxima_s5059", "status": "running", "step": 4000, "planned_steps": 20000, "validation_macro": 0.5795238095238096, "seconds": 45.18345108511858, "updated_unix": 1791240142.8962557}
{"job_id": "d256_l4_right_to_left_maxima_s5059", "status": "running", "step": 5000, "planned_steps": 20000, "validation_macro": 0.6980952380952381, "seconds": 57.19157734210603, "updated_unix": 1791240154.951692}
{"job_id": "d256_l4_right_to_left_maxima_s5059", "status": "running", "step": 6000, "planned_steps": 20000, "validation_macro": 0.7914285714285715, "seconds": 68.63651952100918, "updated_unix": 1791240166.3499773}
{"job_id": "d256_l4_right_to_left_maxima_s5059", "status": "running", "step": 7000, "planned_steps": 20000, "validation_macro": 0.85, "seconds": 80.1473784071859, "updated_unix": 1791240177.8612058}
{"job_id": "d256_l4_right_to_left_maxima_s5059", "status": "running", "step": 8000, "planned_steps": 20000, "validation_macro": 0.8919047619047619, "seconds": 91.27464312710799, "updated_unix": 1791240188.9852803}
{"job_id": "d256_l4_right_to_left_maxima_s5059", "status": "running", "step": 9000, "planned_steps": 20000, "validation_macro": 0.9304761904761905, "seconds": 102.26888879714534, "updated_unix": 1791240199.9823587}
{"job_id": "d256_l4_right_to_left_maxima_s5059", "status": "running", "step": 10000, "planned_steps": 20000, "validation_macro": 0.9433333333333334, "seconds": 113.67238354403526, "updated_unix": 1791240211.4357696}
{"job_id": "d256_l4_right_to_left_maxima_s5059", "status": "running", "step": 11000, "planned_steps": 20000, "validation_macro": 0.960952380952381, "seconds": 125.25286687607877, "updated_unix": 1791240222.9665165}
{"job_id": "d256_l4_right_to_left_maxima_s5059", "status": "running", "step": 12000, "planned_steps": 20000, "validation_macro": 0.97, "seconds": 136.91265224618837, "updated_unix": 1791240234.6248934}
{"job_id": "d256_l4_right_to_left_maxima_s5059", "status": "running", "step": 13000, "planned_steps": 20000, "validation_macro": 0.9714285714285714, "seconds": 148.27275868714787, "updated_unix": 1791240245.9842796}
{"job_id": "d256_l4_right_to_left_maxima_s5059", "status": "running", "step": 14000, "planned_steps": 20000, "validation_macro": 0.9771428571428571, "seconds": 159.5860433310736, "updated_unix": 1791240257.2991295}
{"job_id": "d256_l4_right_to_left_maxima_s5059", "status": "running", "step": 15000, "planned_steps": 20000, "validation_macro": 0.9809523809523809, "seconds": 170.72925747721456, "updated_unix": 1791240268.4471617}
{"job_id": "d256_l4_right_to_left_maxima_s5059", "status": "running", "step": 16000, "planned_steps": 20000, "validation_macro": 0.9847619047619047, "seconds": 182.14673925214447, "updated_unix": 1791240279.8599207}
{"job_id": "d256_l4_right_to_left_maxima_s5059", "status": "running", "step": 17000, "planned_steps": 20000, "validation_macro": 0.9923809523809524, "seconds": 193.47619839408435, "updated_unix": 1791240291.1907039}
{"job_id": "d256_l4_right_to_left_maxima_s5059", "status": "running", "step": 18000, "planned_steps": 20000, "validation_macro": 0.9890476190476191, "seconds": 205.03750270814635, "updated_unix": 1791240302.7490022}
{"job_id": "d256_l4_right_to_left_maxima_s5059", "status": "running", "step": 19000, "planned_steps": 20000, "validation_macro": 0.991904761904762, "seconds": 216.72740209009498, "updated_unix": 1791240314.4395158}
{"job_id": "d256_l4_right_to_left_maxima_s5059", "status": "running", "step": 20000, "planned_steps": 20000, "validation_macro": 0.9923809523809524, "seconds": 228.00990731804632, "updated_unix": 1791240325.7667928}
{"job_id": "d256_l4_cycle_none_s1009", "status": "running", "step": 1000, "planned_steps": 20000, "validation_macro": 0.47023809523809523, "seconds": 13.534702837001532, "updated_unix": 1791240342.608436}
{"job_id": "d256_l4_cycle_none_s1009", "status": "running", "step": 2000, "planned_steps": 20000, "validation_macro": 0.5604761904761906, "seconds": 26.622625499032438, "updated_unix": 1791240355.703282}
{"job_id": "d256_l4_cycle_none_s1009", "status": "running", "step": 3000, "planned_steps": 20000, "validation_macro": 0.6020238095238095, "seconds": 39.45244159409776, "updated_unix": 1791240368.5268893}
{"job_id": "d256_l4_cycle_none_s1009", "status": "running", "step": 4000, "planned_steps": 20000, "validation_macro": 0.5379761904761905, "seconds": 52.807931839022785, "updated_unix": 1791240381.8864348}
{"job_id": "d256_l4_cycle_none_s1009", "status": "running", "step": 5000, "planned_steps": 20000, "validation_macro": 0.5639285714285713, "seconds": 65.91845018509775, "updated_unix": 1791240395.0529974}
{"job_id": "d256_l4_cycle_none_s1009", "status": "running", "step": 6000, "planned_steps": 20000, "validation_macro": 0.6127380952380952, "seconds": 79.49103077617474, "updated_unix": 1791240408.5701125}
{"job_id": "d256_l4_cycle_none_s1009", "status": "running", "step": 7000, "planned_steps": 20000, "validation_macro": 0.6309523809523809, "seconds": 93.3921765750274, "updated_unix": 1791240422.4715517}
{"job_id": "d256_l4_cycle_none_s1009", "status": "running", "step": 8000, "planned_steps": 20000, "validation_macro": 0.6684523809523809, "seconds": 107.09336116304621, "updated_unix": 1791240436.1701686}
{"job_id": "d256_l4_cycle_none_s1009", "status": "running", "step": 9000, "planned_steps": 20000, "validation_macro": 0.6786904761904762, "seconds": 120.60247292509302, "updated_unix": 1791240449.6803257}
{"job_id": "d256_l4_cycle_none_s1009", "status": "running", "step": 10000, "planned_steps": 20000, "validation_macro": 0.6810714285714285, "seconds": 134.20829205820337, "updated_unix": 1791240463.333068}
{"job_id": "d256_l4_cycle_none_s1009", "status": "running", "step": 11000, "planned_steps": 20000, "validation_macro": 0.6789285714285714, "seconds": 147.64947625412606, "updated_unix": 1791240476.7283545}
{"job_id": "d256_l4_cycle_none_s1009", "status": "running", "step": 12000, "planned_steps": 20000, "validation_macro": 0.6858333333333334, "seconds": 160.82648451509885, "updated_unix": 1791240489.901856}
{"job_id": "d256_l4_cycle_none_s1009", "status": "running", "step": 13000, "planned_steps": 20000, "validation_macro": 0.6889285714285714, "seconds": 173.60997041221708, "updated_unix": 1791240502.68661}
{"job_id": "d256_l4_cycle_none_s1009", "status": "running", "step": 14000, "planned_steps": 20000, "validation_macro": 0.6839285714285713, "seconds": 186.6561150951311, "updated_unix": 1791240515.733891}
{"job_id": "d256_l4_cycle_none_s1009", "status": "running", "step": 15000, "planned_steps": 20000, "validation_macro": 0.687142857142857, "seconds": 199.6337603861466, "updated_unix": 1791240528.7118669}
{"job_id": "d256_l4_cycle_none_s1009", "status": "running", "step": 16000, "planned_steps": 20000, "validation_macro": 0.690952380952381, "seconds": 213.03000768111087, "updated_unix": 1791240542.1071565}
{"job_id": "d256_l4_cycle_none_s1009", "status": "running", "step": 17000, "planned_steps": 20000, "validation_macro": 0.6923809523809523, "seconds": 226.38383260020055, "updated_unix": 1791240555.4603996}
{"job_id": "d256_l4_cycle_none_s1009", "status": "running", "step": 18000, "planned_steps": 20000, "validation_macro": 0.6921428571428572, "seconds": 239.6443550020922, "updated_unix": 1791240568.7215915}
{"job_id": "d256_l4_cycle_none_s1009", "status": "running", "step": 19000, "planned_steps": 20000, "validation_macro": 0.6901190476190476, "seconds": 252.39092315314338, "updated_unix": 1791240581.4676993}
{"job_id": "d256_l4_cycle_none_s1009", "status": "running", "step": 20000, "planned_steps": 20000, "validation_macro": 0.6914285714285714, "seconds": 265.5611697160639, "updated_unix": 1791240594.6823292}
{"job_id": "d256_l4_cycle_three_s1009", "status": "running", "step": 1000, "planned_steps": 20000, "validation_macro": 0.511547619047619, "seconds": 13.270873511908576, "updated_unix": 1791240615.3763943}
{"job_id": "d256_l4_cycle_three_s1009", "status": "running", "step": 2000, "planned_steps": 20000, "validation_macro": 0.6295238095238096, "seconds": 26.577363626100123, "updated_unix": 1791240628.688517}
{"job_id": "d256_l4_cycle_three_s1009", "status": "running", "step": 3000, "planned_steps": 20000, "validation_macro": 0.6396428571428572, "seconds": 39.37367423810065, "updated_unix": 1791240641.4823718}
{"job_id": "d256_l4_cycle_three_s1009", "status": "running", "step": 4000, "planned_steps": 20000, "validation_macro": 0.6579761904761905, "seconds": 52.57961025601253, "updated_unix": 1791240654.6901248}
{"job_id": "d256_l4_cycle_three_s1009", "status": "running", "step": 5000, "planned_steps": 20000, "validation_macro": 0.6672619047619047, "seconds": 65.52527621109039, "updated_unix": 1791240667.6809456}
{"job_id": "d256_l4_cycle_three_s1009", "status": "running", "step": 6000, "planned_steps": 20000, "validation_macro": 0.6566666666666667, "seconds": 78.8103870889172, "updated_unix": 1791240680.920757}
{"job_id": "d256_l4_cycle_three_s1009", "status": "running", "step": 7000, "planned_steps": 20000, "validation_macro": 0.6630952380952381, "seconds": 91.81913839909248, "updated_unix": 1791240693.9297953}
{"job_id": "d256_l4_cycle_three_s1009", "status": "running", "step": 8000, "planned_steps": 20000, "validation_macro": 0.6689285714285714, "seconds": 105.25888783694245, "updated_unix": 1791240707.37242}
{"job_id": "d256_l4_cycle_three_s1009", "status": "running", "step": 9000, "planned_steps": 20000, "validation_macro": 0.6697619047619048, "seconds": 118.43540776101872, "updated_unix": 1791240720.5447516}
{"job_id": "d256_l4_cycle_three_s1009", "status": "running", "step": 10000, "planned_steps": 20000, "validation_macro": 0.6655952380952381, "seconds": 131.4842557159718, "updated_unix": 1791240733.6400318}
{"job_id": "d256_l4_cycle_three_s1009", "status": "running", "step": 11000, "planned_steps": 20000, "validation_macro": 0.6745238095238095, "seconds": 144.73423241009004, "updated_unix": 1791240746.844259}
{"job_id": "d256_l4_cycle_three_s1009", "status": "running", "step": 12000, "planned_steps": 20000, "validation_macro": 0.6727380952380952, "seconds": 157.74480519792996, "updated_unix": 1791240759.8537486}
{"job_id": "d256_l4_cycle_three_s1009", "status": "running", "step": 13000, "planned_steps": 20000, "validation_macro": 0.6738095238095237, "seconds": 171.00008504395373, "updated_unix": 1791240773.1098053}
{"job_id": "d256_l4_cycle_three_s1009", "status": "running", "step": 14000, "planned_steps": 20000, "validation_macro": 0.6755952380952381, "seconds": 184.20234055188484, "updated_unix": 1791240786.3141365}
{"job_id": "d256_l4_cycle_three_s1009", "status": "running", "step": 15000, "planned_steps": 20000, "validation_macro": 0.6741666666666667, "seconds": 197.49567710398696, "updated_unix": 1791240799.6058736}
{"job_id": "d256_l4_cycle_three_s1009", "status": "running", "step": 16000, "planned_steps": 20000, "validation_macro": 0.6710714285714285, "seconds": 210.83297940087505, "updated_unix": 1791240812.9410124}
{"job_id": "d256_l4_cycle_three_s1009", "status": "running", "step": 17000, "planned_steps": 20000, "validation_macro": 0.669404761904762, "seconds": 223.95234109205194, "updated_unix": 1791240826.0617511}
{"job_id": "d256_l4_cycle_three_s1009", "status": "running", "step": 18000, "planned_steps": 20000, "validation_macro": 0.6754761904761905, "seconds": 236.88911921391264, "updated_unix": 1791240838.9990807}
{"job_id": "d256_l4_cycle_three_s1009", "status": "running", "step": 19000, "planned_steps": 20000, "validation_macro": 0.6715476190476191, "seconds": 249.74288705200888, "updated_unix": 1791240851.8518865}
{"job_id": "d256_l4_cycle_three_s1009", "status": "running", "step": 20000, "planned_steps": 20000, "validation_macro": 0.6739285714285714, "seconds": 262.8011420550756, "updated_unix": 1791240864.9625633}
{"job_id": "d256_l4_cycle_four_s1009", "status": "running", "step": 1000, "planned_steps": 20000, "validation_macro": 0.48392857142857143, "seconds": 13.091312158852816, "updated_unix": 1791240885.4496183}
{"job_id": "d256_l4_cycle_four_s1009", "status": "running", "step": 2000, "planned_steps": 20000, "validation_macro": 0.5703571428571429, "seconds": 26.27016387390904, "updated_unix": 1791240898.6229904}
{"job_id": "d256_l4_cycle_four_s1009", "status": "running", "step": 3000, "planned_steps": 20000, "validation_macro": 0.5913095238095238, "seconds": 39.52294713282026, "updated_unix": 1791240911.8732607}
{"job_id": "d256_l4_cycle_four_s1009", "status": "running", "step": 4000, "planned_steps": 20000, "validation_macro": 0.5974999999999999, "seconds": 52.70351667981595, "updated_unix": 1791240925.0572667}
{"job_id": "d256_l4_cycle_four_s1009", "status": "running", "step": 5000, "planned_steps": 20000, "validation_macro": 0.6009523809523809, "seconds": 65.97542234696448, "updated_unix": 1791240938.3720307}
{"job_id": "d256_l4_cycle_four_s1009", "status": "running", "step": 6000, "planned_steps": 20000, "validation_macro": 0.5979761904761904, "seconds": 78.8127850368619, "updated_unix": 1791240951.1658044}
{"job_id": "d256_l4_cycle_four_s1009", "status": "running", "step": 7000, "planned_steps": 20000, "validation_macro": 0.6033333333333333, "seconds": 91.8756592599675, "updated_unix": 1791240964.2282302}
{"job_id": "d256_l4_cycle_four_s1009", "status": "running", "step": 8000, "planned_steps": 20000, "validation_macro": 0.6023809523809525, "seconds": 105.22364721586928, "updated_unix": 1791240977.575788}
{"job_id": "d256_l4_cycle_four_s1009", "status": "running", "step": 9000, "planned_steps": 20000, "validation_macro": 0.5977380952380953, "seconds": 118.7284209439531, "updated_unix": 1791240991.0801258}
{"job_id": "d256_l4_cycle_four_s1009", "status": "running", "step": 10000, "planned_steps": 20000, "validation_macro": 0.604404761904762, "seconds": 131.93097013700753, "updated_unix": 1791241004.3327508}
{"job_id": "d256_l4_cycle_four_s1009", "status": "running", "step": 11000, "planned_steps": 20000, "validation_macro": 0.6075, "seconds": 144.78535842895508, "updated_unix": 1791241017.1381059}
{"job_id": "d256_l4_cycle_four_s1009", "status": "running", "step": 12000, "planned_steps": 20000, "validation_macro": 0.6111904761904762, "seconds": 157.84088172088377, "updated_unix": 1791241030.1914575}
{"job_id": "d256_l4_cycle_four_s1009", "status": "running", "step": 13000, "planned_steps": 20000, "validation_macro": 0.606904761904762, "seconds": 170.62387409294024, "updated_unix": 1791241042.9760294}
{"job_id": "d256_l4_cycle_four_s1009", "status": "running", "step": 14000, "planned_steps": 20000, "validation_macro": 0.6082142857142857, "seconds": 183.69621918187477, "updated_unix": 1791241056.0469122}
{"job_id": "d256_l4_cycle_four_s1009", "status": "running", "step": 15000, "planned_steps": 20000, "validation_macro": 0.6063095238095237, "seconds": 196.60179574601352, "updated_unix": 1791241068.9525423}
{"job_id": "d256_l4_cycle_four_s1009", "status": "running", "step": 16000, "planned_steps": 20000, "validation_macro": 0.6108333333333333, "seconds": 210.14756647893228, "updated_unix": 1791241082.4995112}
{"job_id": "d256_l4_cycle_four_s1009", "status": "running", "step": 17000, "planned_steps": 20000, "validation_macro": 0.6086904761904761, "seconds": 223.8345300150104, "updated_unix": 1791241096.1864583}
{"job_id": "d256_l4_cycle_four_s1009", "status": "running", "step": 18000, "planned_steps": 20000, "validation_macro": 0.6097619047619047, "seconds": 237.29209892288782, "updated_unix": 1791241109.6427855}
{"job_id": "d256_l4_cycle_four_s1009", "status": "running", "step": 19000, "planned_steps": 20000, "validation_macro": 0.6066666666666667, "seconds": 250.945375014795, "updated_unix": 1791241123.2968383}
{"job_id": "d256_l4_cycle_four_s1009", "status": "running", "step": 20000, "planned_steps": 20000, "validation_macro": 0.6097619047619047, "seconds": 264.1923132138327, "updated_unix": 1791241136.5940816}
{"job_id": "d256_l4_interior_four_s1009", "status": "running", "step": 1000, "planned_steps": 20000, "validation_macro": 0.3057142857142857, "seconds": 13.303199636982754, "updated_unix": 1791241157.4532776}
{"job_id": "d256_l4_interior_four_s1009", "status": "running", "step": 2000, "planned_steps": 20000, "validation_macro": 0.33226190476190476, "seconds": 27.05342197418213, "updated_unix": 1791241171.2177334}
{"job_id": "d256_l4_interior_four_s1009", "status": "running", "step": 3000, "planned_steps": 20000, "validation_macro": 0.3252380952380952, "seconds": 40.8240603141021, "updated_unix": 1791241184.977934}
{"job_id": "d256_l4_interior_four_s1009", "status": "running", "step": 4000, "planned_steps": 20000, "validation_macro": 0.33166666666666667, "seconds": 54.8038754821755, "updated_unix": 1791241198.9598281}
{"job_id": "d256_l4_interior_four_s1009", "status": "running", "step": 5000, "planned_steps": 20000, "validation_macro": 0.31880952380952376, "seconds": 69.08949172100984, "updated_unix": 1791241213.2941267}
{"job_id": "d256_l4_interior_four_s1009", "status": "running", "step": 6000, "planned_steps": 20000, "validation_macro": 0.3275, "seconds": 82.87595158698969, "updated_unix": 1791241227.02862}
{"job_id": "d256_l4_interior_four_s1009", "status": "running", "step": 7000, "planned_steps": 20000, "validation_macro": 0.3333333333333333, "seconds": 96.28473912808113, "updated_unix": 1791241240.4375188}
{"job_id": "d256_l4_interior_four_s1009", "status": "running", "step": 8000, "planned_steps": 20000, "validation_macro": 0.3404761904761905, "seconds": 109.4850701589603, "updated_unix": 1791241253.6383712}
{"job_id": "d256_l4_interior_four_s1009", "status": "running", "step": 9000, "planned_steps": 20000, "validation_macro": 0.3539285714285714, "seconds": 122.58349838317372, "updated_unix": 1791241266.7420332}
{"job_id": "d256_l4_interior_four_s1009", "status": "running", "step": 10000, "planned_steps": 20000, "validation_macro": 0.36726190476190473, "seconds": 136.47700464399531, "updated_unix": 1791241280.6767378}
{"job_id": "d256_l4_interior_four_s1009", "status": "running", "step": 11000, "planned_steps": 20000, "validation_macro": 0.3888095238095238, "seconds": 150.7635159769561, "updated_unix": 1791241294.9198277}
{"job_id": "d256_l4_interior_four_s1009", "status": "running", "step": 12000, "planned_steps": 20000, "validation_macro": 0.40559523809523806, "seconds": 164.4421511280816, "updated_unix": 1791241308.595178}
{"job_id": "d256_l4_interior_four_s1009", "status": "running", "step": 13000, "planned_steps": 20000, "validation_macro": 0.41035714285714286, "seconds": 178.44616051902995, "updated_unix": 1791241322.598606}
{"job_id": "d256_l4_interior_four_s1009", "status": "running", "step": 14000, "planned_steps": 20000, "validation_macro": 0.4215476190476191, "seconds": 192.16194952116348, "updated_unix": 1791241336.3143034}
{"job_id": "d256_l4_interior_four_s1009", "status": "running", "step": 15000, "planned_steps": 20000, "validation_macro": 0.44190476190476186, "seconds": 206.44034140813164, "updated_unix": 1791241350.591685}
{"job_id": "d256_l4_interior_four_s1009", "status": "running", "step": 16000, "planned_steps": 20000, "validation_macro": 0.45166666666666666, "seconds": 220.3190630681347, "updated_unix": 1791241364.4712691}
{"job_id": "d256_l4_interior_four_s1009", "status": "running", "step": 17000, "planned_steps": 20000, "validation_macro": 0.45619047619047626, "seconds": 234.4203723091632, "updated_unix": 1791241378.572575}
{"job_id": "d256_l4_interior_four_s1009", "status": "running", "step": 18000, "planned_steps": 20000, "validation_macro": 0.4604761904761905, "seconds": 248.60398762207478, "updated_unix": 1791241392.7558863}
{"job_id": "d256_l4_interior_four_s1009", "status": "running", "step": 19000, "planned_steps": 20000, "validation_macro": 0.4670238095238095, "seconds": 262.8644752241671, "updated_unix": 1791241407.0206478}
{"job_id": "d256_l4_interior_four_s1009", "status": "running", "step": 20000, "planned_steps": 20000, "validation_macro": 0.4711904761904762, "seconds": 276.8804235770367, "updated_unix": 1791241421.0796702}
{"job_id": "d256_l4_position_none_s1009", "status": "running", "step": 1000, "planned_steps": 20000, "validation_macro": 0.30047619047619045, "seconds": 14.3179348311387, "updated_unix": 1791241443.042789}
{"job_id": "d256_l4_position_none_s1009", "status": "running", "step": 2000, "planned_steps": 20000, "validation_macro": 0.29392857142857143, "seconds": 28.8444790400099, "updated_unix": 1791241457.5727024}
{"job_id": "d256_l4_position_none_s1009", "status": "running", "step": 3000, "planned_steps": 20000, "validation_macro": 0.30154761904761906, "seconds": 42.65457999613136, "updated_unix": 1791241471.3839655}
{"job_id": "d256_l4_position_none_s1009", "status": "running", "step": 4000, "planned_steps": 20000, "validation_macro": 0.3055952380952381, "seconds": 56.55147190019488, "updated_unix": 1791241485.2782354}
{"job_id": "d256_l4_position_none_s1009", "status": "running", "step": 5000, "planned_steps": 20000, "validation_macro": 0.3111904761904762, "seconds": 70.30969842406921, "updated_unix": 1791241499.0834918}
{"job_id": "d256_l4_position_none_s1009", "status": "running", "step": 6000, "planned_steps": 20000, "validation_macro": 0.3035714285714286, "seconds": 84.28117575403303, "updated_unix": 1791241513.0101328}
{"job_id": "d256_l4_position_none_s1009", "status": "running", "step": 7000, "planned_steps": 20000, "validation_macro": 0.3108333333333333, "seconds": 98.43164399499074, "updated_unix": 1791241527.159152}
{"job_id": "d256_l4_position_none_s1009", "status": "running", "step": 8000, "planned_steps": 20000, "validation_macro": 0.31107142857142855, "seconds": 113.02260682708584, "updated_unix": 1791241541.7508833}
{"job_id": "d256_l4_position_none_s1009", "status": "running", "step": 9000, "planned_steps": 20000, "validation_macro": 0.31511904761904763, "seconds": 127.65738768898882, "updated_unix": 1791241556.3876307}
{"job_id": "d256_l4_position_none_s1009", "status": "running", "step": 10000, "planned_steps": 20000, "validation_macro": 0.32369047619047614, "seconds": 142.3757617631927, "updated_unix": 1791241571.158438}
{"job_id": "d256_l4_position_none_s1009", "status": "running", "step": 11000, "planned_steps": 20000, "validation_macro": 0.3302380952380952, "seconds": 157.11262987507507, "updated_unix": 1791241585.8438208}
{"job_id": "d256_l4_position_none_s1009", "status": "running", "step": 12000, "planned_steps": 20000, "validation_macro": 0.33976190476190476, "seconds": 171.32814608002082, "updated_unix": 1791241600.0564685}
{"job_id": "d256_l4_position_none_s1009", "status": "running", "step": 13000, "planned_steps": 20000, "validation_macro": 0.3405952380952381, "seconds": 184.54698340897448, "updated_unix": 1791241613.2776253}
{"job_id": "d256_l4_position_none_s1009", "status": "running", "step": 14000, "planned_steps": 20000, "validation_macro": 0.3491666666666667, "seconds": 197.69311288301833, "updated_unix": 1791241626.4231832}
{"job_id": "d256_l4_position_none_s1009", "status": "running", "step": 15000, "planned_steps": 20000, "validation_macro": 0.35297619047619044, "seconds": 210.98181134602055, "updated_unix": 1791241639.7112386}
{"job_id": "d256_l4_position_none_s1009", "status": "running", "step": 16000, "planned_steps": 20000, "validation_macro": 0.36214285714285716, "seconds": 225.13600689009763, "updated_unix": 1791241653.8653352}
{"job_id": "d256_l4_position_none_s1009", "status": "running", "step": 17000, "planned_steps": 20000, "validation_macro": 0.3623809523809524, "seconds": 238.9522783930879, "updated_unix": 1791241667.676613}
{"job_id": "d256_l4_position_none_s1009", "status": "running", "step": 18000, "planned_steps": 20000, "validation_macro": 0.3626190476190476, "seconds": 252.09282262506895, "updated_unix": 1791241680.8220224}
{"job_id": "d256_l4_position_none_s1009", "status": "running", "step": 19000, "planned_steps": 20000, "validation_macro": 0.3557142857142857, "seconds": 265.4134105811827, "updated_unix": 1791241694.140795}
{"job_id": "d256_l4_position_none_s1009", "status": "running", "step": 20000, "planned_steps": 20000, "validation_macro": 0.3629761904761905, "seconds": 278.6242346339859, "updated_unix": 1791241707.3992517}
{"job_id": "d256_l4_position_three_s1009", "status": "running", "step": 1000, "planned_steps": 20000, "validation_macro": 0.3536904761904762, "seconds": 13.266422830056399, "updated_unix": 1791241728.114972}
{"job_id": "d256_l4_position_three_s1009", "status": "running", "step": 2000, "planned_steps": 20000, "validation_macro": 0.5395238095238095, "seconds": 26.545670176157728, "updated_unix": 1791241741.3971088}
{"job_id": "d256_l4_position_three_s1009", "status": "running", "step": 3000, "planned_steps": 20000, "validation_macro": 0.7498809523809524, "seconds": 39.91661305213347, "updated_unix": 1791241754.766294}
{"job_id": "d256_l4_position_three_s1009", "status": "running", "step": 4000, "planned_steps": 20000, "validation_macro": 0.7160714285714286, "seconds": 53.371303137158975, "updated_unix": 1791241768.2236462}
{"job_id": "d256_l4_position_three_s1009", "status": "running", "step": 5000, "planned_steps": 20000, "validation_macro": 0.8411904761904763, "seconds": 67.51172751700506, "updated_unix": 1791241782.4098015}
{"job_id": "d256_l4_position_three_s1009", "status": "running", "step": 6000, "planned_steps": 20000, "validation_macro": 0.8109523809523809, "seconds": 81.89057104801759, "updated_unix": 1791241796.7405553}
{"job_id": "d256_l4_position_three_s1009", "status": "running", "step": 7000, "planned_steps": 20000, "validation_macro": 0.956547619047619, "seconds": 95.34838606417179, "updated_unix": 1791241810.1972833}
{"job_id": "d256_l4_position_three_s1009", "status": "running", "step": 8000, "planned_steps": 20000, "validation_macro": 0.9482142857142857, "seconds": 108.82452128501609, "updated_unix": 1791241823.6849477}
{"job_id": "d256_l4_position_three_s1009", "status": "running", "step": 9000, "planned_steps": 20000, "validation_macro": 0.9240476190476191, "seconds": 122.94691881397739, "updated_unix": 1791241837.801028}
{"job_id": "d256_l4_position_three_s1009", "status": "running", "step": 10000, "planned_steps": 20000, "validation_macro": 0.9613095238095237, "seconds": 136.82022881903686, "updated_unix": 1791241851.719277}
{"job_id": "d256_l4_position_three_s1009", "status": "running", "step": 11000, "planned_steps": 20000, "validation_macro": 0.9736904761904761, "seconds": 150.9178826501593, "updated_unix": 1791241865.769117}
{"job_id": "d256_l4_position_three_s1009", "status": "running", "step": 12000, "planned_steps": 20000, "validation_macro": 0.9914285714285715, "seconds": 165.11818738398142, "updated_unix": 1791241879.972758}
{"job_id": "d256_l4_position_three_s1009", "status": "running", "step": 13000, "planned_steps": 20000, "validation_macro": 0.9910714285714286, "seconds": 179.23772464413196, "updated_unix": 1791241894.0926933}
{"job_id": "d256_l4_position_three_s1009", "status": "running", "step": 14000, "planned_steps": 20000, "validation_macro": 0.9929761904761905, "seconds": 193.3756990530528, "updated_unix": 1791241908.2256622}
{"job_id": "d256_l4_position_three_s1009", "status": "running", "step": 15000, "planned_steps": 20000, "validation_macro": 0.9929761904761905, "seconds": 207.6639929190278, "updated_unix": 1791241922.5158617}
{"job_id": "d256_l4_position_three_s1009", "status": "running", "step": 16000, "planned_steps": 20000, "validation_macro": 0.9947619047619048, "seconds": 221.0943865571171, "updated_unix": 1791241935.9422538}
{"job_id": "d256_l4_position_three_s1009", "status": "running", "step": 17000, "planned_steps": 20000, "validation_macro": 0.9958333333333333, "seconds": 234.2021787581034, "updated_unix": 1791241949.053654}
{"job_id": "d256_l4_position_three_s1009", "status": "running", "step": 18000, "planned_steps": 20000, "validation_macro": 0.9955952380952382, "seconds": 247.31413827114739, "updated_unix": 1791241962.163345}
{"job_id": "d256_l4_position_three_s1009", "status": "running", "step": 19000, "planned_steps": 20000, "validation_macro": 0.9970238095238094, "seconds": 261.15105905313976, "updated_unix": 1791241976.0023088}
{"job_id": "d256_l4_position_three_s1009", "status": "running", "step": 20000, "planned_steps": 20000, "validation_macro": 0.995, "seconds": 275.2437180611305, "updated_unix": 1791241990.1489992}
{"job_id": "d256_l4_position_four_s1009", "status": "running", "step": 1000, "planned_steps": 20000, "validation_macro": 0.30154761904761906, "seconds": 14.231162417912856, "updated_unix": 1791242012.2468743}
{"job_id": "d256_l4_position_four_s1009", "status": "running", "step": 2000, "planned_steps": 20000, "validation_macro": 0.3163095238095238, "seconds": 27.635400692932308, "updated_unix": 1791242025.6514437}
{"job_id": "d256_l4_position_four_s1009", "status": "running", "step": 3000, "planned_steps": 20000, "validation_macro": 0.3242857142857143, "seconds": 41.105315199820325, "updated_unix": 1791242039.1228247}
{"job_id": "d256_l4_position_four_s1009", "status": "running", "step": 4000, "planned_steps": 20000, "validation_macro": 0.35035714285714287, "seconds": 54.51385286683217, "updated_unix": 1791242052.5309074}
{"job_id": "d256_l4_position_four_s1009", "status": "running", "step": 5000, "planned_steps": 20000, "validation_macro": 0.42547619047619045, "seconds": 68.15431714896113, "updated_unix": 1791242066.2243543}
{"job_id": "d256_l4_position_four_s1009", "status": "running", "step": 6000, "planned_steps": 20000, "validation_macro": 0.5741666666666667, "seconds": 81.81842508981936, "updated_unix": 1791242079.8359494}
{"job_id": "d256_l4_position_four_s1009", "status": "running", "step": 7000, "planned_steps": 20000, "validation_macro": 0.5235714285714286, "seconds": 95.46475350484252, "updated_unix": 1791242093.488459}
{"job_id": "d256_l4_position_four_s1009", "status": "running", "step": 8000, "planned_steps": 20000, "validation_macro": 0.6192857142857143, "seconds": 109.40682212403044, "updated_unix": 1791242107.4266236}
{"job_id": "d256_l4_position_four_s1009", "status": "running", "step": 9000, "planned_steps": 20000, "validation_macro": 0.6360714285714286, "seconds": 123.25115806981921, "updated_unix": 1791242121.267008}
{"job_id": "d256_l4_position_four_s1009", "status": "running", "step": 10000, "planned_steps": 20000, "validation_macro": 0.6266666666666667, "seconds": 136.40960088791326, "updated_unix": 1791242134.4732935}
{"job_id": "d256_l4_position_four_s1009", "status": "running", "step": 11000, "planned_steps": 20000, "validation_macro": 0.6440476190476191, "seconds": 149.79677458293736, "updated_unix": 1791242147.8116543}
{"job_id": "d256_l4_position_four_s1009", "status": "running", "step": 12000, "planned_steps": 20000, "validation_macro": 0.669404761904762, "seconds": 162.8517972889822, "updated_unix": 1791242160.8690205}
{"job_id": "d256_l4_position_four_s1009", "status": "running", "step": 13000, "planned_steps": 20000, "validation_macro": 0.6692857142857144, "seconds": 176.3571998118423, "updated_unix": 1791242174.3738132}
{"job_id": "d256_l4_position_four_s1009", "status": "running", "step": 14000, "planned_steps": 20000, "validation_macro": 0.6742857142857143, "seconds": 189.54766263486817, "updated_unix": 1791242187.5636048}
{"job_id": "d256_l4_position_four_s1009", "status": "running", "step": 15000, "planned_steps": 20000, "validation_macro": 0.6757142857142857, "seconds": 202.63144502486102, "updated_unix": 1791242200.6503856}
{"job_id": "d256_l4_position_four_s1009", "status": "running", "step": 16000, "planned_steps": 20000, "validation_macro": 0.6776190476190477, "seconds": 216.0010361848399, "updated_unix": 1791242214.0192442}
{"job_id": "d256_l4_position_four_s1009", "status": "running", "step": 17000, "planned_steps": 20000, "validation_macro": 0.6798809523809524, "seconds": 230.1518955938518, "updated_unix": 1791242228.166945}
{"job_id": "d256_l4_position_four_s1009", "status": "running", "step": 18000, "planned_steps": 20000, "validation_macro": 0.6840476190476191, "seconds": 243.21635062992573, "updated_unix": 1791242241.2334583}
{"job_id": "d256_l4_position_four_s1009", "status": "running", "step": 19000, "planned_steps": 20000, "validation_macro": 0.6819047619047619, "seconds": 256.46923886984587, "updated_unix": 1791242254.4855208}
{"job_id": "d256_l4_position_four_s1009", "status": "running", "step": 20000, "planned_steps": 20000, "validation_macro": 0.6817857142857142, "seconds": 269.55033849482425, "updated_unix": 1791242267.6113605}
{"job_id": "d256_l4_cycle_none_s2027", "status": "running", "step": 1000, "planned_steps": 20000, "validation_macro": 0.4670238095238095, "seconds": 13.17005442501977, "updated_unix": 1791242288.1752598}
{"job_id": "d256_l4_cycle_none_s2027", "status": "running", "step": 2000, "planned_steps": 20000, "validation_macro": 0.5748809523809524, "seconds": 25.994293762836605, "updated_unix": 1791242301.0051827}
{"job_id": "d256_l4_cycle_none_s2027", "status": "running", "step": 3000, "planned_steps": 20000, "validation_macro": 0.5826190476190477, "seconds": 39.15894450293854, "updated_unix": 1791242314.1662164}
{"job_id": "d256_l4_cycle_none_s2027", "status": "running", "step": 4000, "planned_steps": 20000, "validation_macro": 0.6178571428571429, "seconds": 52.41809248900972, "updated_unix": 1791242327.426384}
{"job_id": "d256_l4_cycle_none_s2027", "status": "running", "step": 5000, "planned_steps": 20000, "validation_macro": 0.6024999999999999, "seconds": 65.28138009901159, "updated_unix": 1791242340.3379035}
{"job_id": "d256_l4_cycle_none_s2027", "status": "running", "step": 6000, "planned_steps": 20000, "validation_macro": 0.636547619047619, "seconds": 78.28831747500226, "updated_unix": 1791242353.2984369}
{"job_id": "d256_l4_cycle_none_s2027", "status": "running", "step": 7000, "planned_steps": 20000, "validation_macro": 0.6370238095238094, "seconds": 91.30301192984916, "updated_unix": 1791242366.312437}
{"job_id": "d256_l4_cycle_none_s2027", "status": "running", "step": 8000, "planned_steps": 20000, "validation_macro": 0.6033333333333334, "seconds": 104.53955332702026, "updated_unix": 1791242379.5492766}
{"job_id": "d256_l4_cycle_none_s2027", "status": "running", "step": 9000, "planned_steps": 20000, "validation_macro": 0.659047619047619, "seconds": 117.29890917800367, "updated_unix": 1791242392.3074095}
{"job_id": "d256_l4_cycle_none_s2027", "status": "running", "step": 10000, "planned_steps": 20000, "validation_macro": 0.6777380952380951, "seconds": 130.27029780694284, "updated_unix": 1791242405.3515205}
{"job_id": "d256_l4_cycle_none_s2027", "status": "running", "step": 11000, "planned_steps": 20000, "validation_macro": 0.6535714285714285, "seconds": 143.5562528418377, "updated_unix": 1791242418.56434}
{"job_id": "d256_l4_cycle_none_s2027", "status": "running", "step": 12000, "planned_steps": 20000, "validation_macro": 0.6826190476190477, "seconds": 156.4938235289883, "updated_unix": 1791242431.5032136}
{"job_id": "d256_l4_cycle_none_s2027", "status": "running", "step": 13000, "planned_steps": 20000, "validation_macro": 0.6673809523809524, "seconds": 169.53337038494647, "updated_unix": 1791242444.5416753}
{"job_id": "d256_l4_cycle_none_s2027", "status": "running", "step": 14000, "planned_steps": 20000, "validation_macro": 0.6755952380952381, "seconds": 182.53370120888576, "updated_unix": 1791242457.5426552}
{"job_id": "d256_l4_cycle_none_s2027", "status": "running", "step": 15000, "planned_steps": 20000, "validation_macro": 0.688452380952381, "seconds": 195.5045105528552, "updated_unix": 1791242470.512859}
{"job_id": "d256_l4_cycle_none_s2027", "status": "running", "step": 16000, "planned_steps": 20000, "validation_macro": 0.6813095238095239, "seconds": 208.72640158096328, "updated_unix": 1791242483.7357926}
{"job_id": "d256_l4_cycle_none_s2027", "status": "running", "step": 17000, "planned_steps": 20000, "validation_macro": 0.6897619047619048, "seconds": 221.99232368380763, "updated_unix": 1791242497.0046663}
{"job_id": "d256_l4_cycle_none_s2027", "status": "running", "step": 18000, "planned_steps": 20000, "validation_macro": 0.6867857142857143, "seconds": 234.96770004183054, "updated_unix": 1791242509.9768345}
{"job_id": "d256_l4_cycle_none_s2027", "status": "running", "step": 19000, "planned_steps": 20000, "validation_macro": 0.6861904761904762, "seconds": 248.25129147293046, "updated_unix": 1791242523.2576509}
{"job_id": "d256_l4_cycle_none_s2027", "status": "running", "step": 20000, "planned_steps": 20000, "validation_macro": 0.6872619047619047, "seconds": 261.7481172988191, "updated_unix": 1791242536.799304}
{"job_id": "d256_l4_cycle_three_s2027", "status": "running", "step": 1000, "planned_steps": 20000, "validation_macro": 0.49476190476190474, "seconds": 13.187844346975908, "updated_unix": 1791242557.401409}
{"job_id": "d256_l4_cycle_three_s2027", "status": "running", "step": 2000, "planned_steps": 20000, "validation_macro": 0.603452380952381, "seconds": 26.502369300927967, "updated_unix": 1791242570.7194529}
{"job_id": "d256_l4_cycle_three_s2027", "status": "running", "step": 3000, "planned_steps": 20000, "validation_macro": 0.6525, "seconds": 39.82283105398528, "updated_unix": 1791242584.0383427}
{"job_id": "d256_l4_cycle_three_s2027", "status": "running", "step": 4000, "planned_steps": 20000, "validation_macro": 0.6625, "seconds": 53.04100548685528, "updated_unix": 1791242597.257248}
{"job_id": "d256_l4_cycle_three_s2027", "status": "running", "step": 5000, "planned_steps": 20000, "validation_macro": 0.6660714285714286, "seconds": 66.02790696383454, "updated_unix": 1791242610.2887852}
{"job_id": "d256_l4_cycle_three_s2027", "status": "running", "step": 6000, "planned_steps": 20000, "validation_macro": 0.6619047619047619, "seconds": 79.1830781288445, "updated_unix": 1791242623.401339}
{"job_id": "d256_l4_cycle_three_s2027", "status": "running", "step": 7000, "planned_steps": 20000, "validation_macro": 0.6670238095238095, "seconds": 92.26363652991131, "updated_unix": 1791242636.4790702}
{"job_id": "d256_l4_cycle_three_s2027", "status": "running", "step": 8000, "planned_steps": 20000, "validation_macro": 0.6735714285714286, "seconds": 105.1072806918528, "updated_unix": 1791242649.323835}
{"job_id": "d256_l4_cycle_three_s2027", "status": "running", "step": 9000, "planned_steps": 20000, "validation_macro": 0.6747619047619048, "seconds": 118.08048118790612, "updated_unix": 1791242662.2977762}
{"job_id": "d256_l4_cycle_three_s2027", "status": "running", "step": 10000, "planned_steps": 20000, "validation_macro": 0.6713095238095238, "seconds": 131.10101577080786, "updated_unix": 1791242675.3642263}
{"job_id": "d256_l4_cycle_three_s2027", "status": "running", "step": 11000, "planned_steps": 20000, "validation_macro": 0.6690476190476191, "seconds": 144.30629096901976, "updated_unix": 1791242688.5189798}
{"job_id": "d256_l4_cycle_three_s2027", "status": "running", "step": 12000, "planned_steps": 20000, "validation_macro": 0.6736904761904762, "seconds": 156.93166356300935, "updated_unix": 1791242701.1461766}
{"job_id": "d256_l4_cycle_three_s2027", "status": "running", "step": 13000, "planned_steps": 20000, "validation_macro": 0.6725, "seconds": 169.9671919150278, "updated_unix": 1791242714.1806586}
{"job_id": "d256_l4_cycle_three_s2027", "status": "running", "step": 14000, "planned_steps": 20000, "validation_macro": 0.670595238095238, "seconds": 183.04156067594886, "updated_unix": 1791242727.2567408}
{"job_id": "d256_l4_cycle_three_s2027", "status": "running", "step": 15000, "planned_steps": 20000, "validation_macro": 0.6721428571428572, "seconds": 195.98526866687462, "updated_unix": 1791242740.1976166}
{"job_id": "d256_l4_cycle_three_s2027", "status": "running", "step": 16000, "planned_steps": 20000, "validation_macro": 0.6755952380952381, "seconds": 208.81592800281942, "updated_unix": 1791242753.0301313}
{"job_id": "d256_l4_cycle_three_s2027", "status": "running", "step": 17000, "planned_steps": 20000, "validation_macro": 0.6770238095238095, "seconds": 221.97029281686991, "updated_unix": 1791242766.1838953}
{"job_id": "d256_l4_cycle_three_s2027", "status": "running", "step": 18000, "planned_steps": 20000, "validation_macro": 0.6749999999999999, "seconds": 234.90867954096757, "updated_unix": 1791242779.1231952}
{"job_id": "d256_l4_cycle_three_s2027", "status": "running", "step": 19000, "planned_steps": 20000, "validation_macro": 0.6728571428571429, "seconds": 248.10625737998635, "updated_unix": 1791242792.321106}
{"job_id": "d256_l4_cycle_three_s2027", "status": "running", "step": 20000, "planned_steps": 20000, "validation_macro": 0.6736904761904762, "seconds": 261.3242964078672, "updated_unix": 1791242805.582881}
{"job_id": "d256_l4_cycle_four_s2027", "status": "running", "step": 1000, "planned_steps": 20000, "validation_macro": 0.490952380952381, "seconds": 12.834609697107226, "updated_unix": 1791242825.763372}
{"job_id": "d256_l4_cycle_four_s2027", "status": "running", "step": 2000, "planned_steps": 20000, "validation_macro": 0.58, "seconds": 26.05471790302545, "updated_unix": 1791242838.983804}
{"job_id": "d256_l4_cycle_four_s2027", "status": "running", "step": 3000, "planned_steps": 20000, "validation_macro": 0.5836904761904762, "seconds": 39.09009502106346, "updated_unix": 1791242852.0189157}
{"job_id": "d256_l4_cycle_four_s2027", "status": "running", "step": 4000, "planned_steps": 20000, "validation_macro": 0.5991666666666666, "seconds": 52.2598259949591, "updated_unix": 1791242865.190041}
{"job_id": "d256_l4_cycle_four_s2027", "status": "running", "step": 5000, "planned_steps": 20000, "validation_macro": 0.59, "seconds": 65.44123642193154, "updated_unix": 1791242878.4189758}
{"job_id": "d256_l4_cycle_four_s2027", "status": "running", "step": 6000, "planned_steps": 20000, "validation_macro": 0.5954761904761905, "seconds": 78.45027972315438, "updated_unix": 1791242891.3832824}
{"job_id": "d256_l4_cycle_four_s2027", "status": "running", "step": 7000, "planned_steps": 20000, "validation_macro": 0.6004761904761904, "seconds": 91.74919882509857, "updated_unix": 1791242904.680039}
{"job_id": "d256_l4_cycle_four_s2027", "status": "running", "step": 8000, "planned_steps": 20000, "validation_macro": 0.6039285714285715, "seconds": 104.80490877805278, "updated_unix": 1791242917.7356622}
{"job_id": "d256_l4_cycle_four_s2027", "status": "running", "step": 9000, "planned_steps": 20000, "validation_macro": 0.6052380952380954, "seconds": 117.87642605905421, "updated_unix": 1791242930.8079746}
{"job_id": "d256_l4_cycle_four_s2027", "status": "running", "step": 10000, "planned_steps": 20000, "validation_macro": 0.6071428571428572, "seconds": 130.854270885, "updated_unix": 1791242943.828581}
{"job_id": "d256_l4_cycle_four_s2027", "status": "running", "step": 11000, "planned_steps": 20000, "validation_macro": 0.6036904761904762, "seconds": 143.72563660610467, "updated_unix": 1791242956.653988}
{"job_id": "d256_l4_cycle_four_s2027", "status": "running", "step": 12000, "planned_steps": 20000, "validation_macro": 0.6053571428571428, "seconds": 156.7701160979923, "updated_unix": 1791242969.7016969}
{"job_id": "d256_l4_cycle_four_s2027", "status": "running", "step": 13000, "planned_steps": 20000, "validation_macro": 0.6097619047619047, "seconds": 169.47295042313635, "updated_unix": 1791242982.4022722}
{"job_id": "d256_l4_cycle_four_s2027", "status": "running", "step": 14000, "planned_steps": 20000, "validation_macro": 0.6040476190476192, "seconds": 182.4742089221254, "updated_unix": 1791242995.4052827}
{"job_id": "d256_l4_cycle_four_s2027", "status": "running", "step": 15000, "planned_steps": 20000, "validation_macro": 0.6075, "seconds": 195.6675316260662, "updated_unix": 1791243008.5975015}
{"job_id": "d256_l4_cycle_four_s2027", "status": "running", "step": 16000, "planned_steps": 20000, "validation_macro": 0.6078571428571429, "seconds": 209.01793287694454, "updated_unix": 1791243021.9476378}
{"job_id": "d256_l4_cycle_four_s2027", "status": "running", "step": 17000, "planned_steps": 20000, "validation_macro": 0.6053571428571429, "seconds": 221.99013892095536, "updated_unix": 1791243034.9209468}
{"job_id": "d256_l4_cycle_four_s2027", "status": "running", "step": 18000, "planned_steps": 20000, "validation_macro": 0.6113095238095237, "seconds": 234.92868967307732, "updated_unix": 1791243047.857237}
{"job_id": "d256_l4_cycle_four_s2027", "status": "running", "step": 19000, "planned_steps": 20000, "validation_macro": 0.6097619047619048, "seconds": 248.04614045703784, "updated_unix": 1791243060.9761803}
{"job_id": "d256_l4_cycle_four_s2027", "status": "running", "step": 20000, "planned_steps": 20000, "validation_macro": 0.6097619047619048, "seconds": 260.899434129009, "updated_unix": 1791243073.8729012}
{"job_id": "d256_l4_interior_four_s2027", "status": "running", "step": 1000, "planned_steps": 20000, "validation_macro": 0.3230952380952381, "seconds": 13.237853065831587, "updated_unix": 1791243094.5130556}
{"job_id": "d256_l4_interior_four_s2027", "status": "running", "step": 2000, "planned_steps": 20000, "validation_macro": 0.3247619047619048, "seconds": 26.162496089935303, "updated_unix": 1791243107.4412389}
{"job_id": "d256_l4_interior_four_s2027", "status": "running", "step": 3000, "planned_steps": 20000, "validation_macro": 0.3296428571428571, "seconds": 39.60447081294842, "updated_unix": 1791243120.8826318}
{"job_id": "d256_l4_interior_four_s2027", "status": "running", "step": 4000, "planned_steps": 20000, "validation_macro": 0.3311904761904762, "seconds": 52.68681212887168, "updated_unix": 1791243133.9723449}
{"job_id": "d256_l4_interior_four_s2027", "status": "running", "step": 5000, "planned_steps": 20000, "validation_macro": 0.33345238095238094, "seconds": 65.67362828901969, "updated_unix": 1791243146.999071}
{"job_id": "d256_l4_interior_four_s2027", "status": "running", "step": 6000, "planned_steps": 20000, "validation_macro": 0.3323809523809524, "seconds": 78.84327586600557, "updated_unix": 1791243160.1225352}
{"job_id": "d256_l4_interior_four_s2027", "status": "running", "step": 7000, "planned_steps": 20000, "validation_macro": 0.33321428571428574, "seconds": 92.26253448589705, "updated_unix": 1791243173.542549}
{"job_id": "d256_l4_interior_four_s2027", "status": "running", "step": 8000, "planned_steps": 20000, "validation_macro": 0.3486904761904762, "seconds": 105.41093622287735, "updated_unix": 1791243186.6887195}
{"job_id": "d256_l4_interior_four_s2027", "status": "running", "step": 9000, "planned_steps": 20000, "validation_macro": 0.3628571428571428, "seconds": 118.47364810481668, "updated_unix": 1791243199.7521613}
{"job_id": "d256_l4_interior_four_s2027", "status": "running", "step": 10000, "planned_steps": 20000, "validation_macro": 0.37452380952380954, "seconds": 131.41259752586484, "updated_unix": 1791243212.7370596}
{"job_id": "d256_l4_interior_four_s2027", "status": "running", "step": 11000, "planned_steps": 20000, "validation_macro": 0.3917857142857143, "seconds": 144.4614085238427, "updated_unix": 1791243225.7381294}
{"job_id": "d256_l4_interior_four_s2027", "status": "running", "step": 12000, "planned_steps": 20000, "validation_macro": 0.40309523809523806, "seconds": 157.7606066528242, "updated_unix": 1791243239.0396597}
{"job_id": "d256_l4_interior_four_s2027", "status": "running", "step": 13000, "planned_steps": 20000, "validation_macro": 0.41964285714285715, "seconds": 170.6034779008478, "updated_unix": 1791243251.882104}
{"job_id": "d256_l4_interior_four_s2027", "status": "running", "step": 14000, "planned_steps": 20000, "validation_macro": 0.4403571428571429, "seconds": 183.76609881292097, "updated_unix": 1791243265.044935}
{"job_id": "d256_l4_interior_four_s2027", "status": "running", "step": 15000, "planned_steps": 20000, "validation_macro": 0.46071428571428563, "seconds": 196.7649590820074, "updated_unix": 1791243278.0415587}
{"job_id": "d256_l4_interior_four_s2027", "status": "running", "step": 16000, "planned_steps": 20000, "validation_macro": 0.4819047619047619, "seconds": 209.73750441498123, "updated_unix": 1791243291.0149763}
{"job_id": "d256_l4_interior_four_s2027", "status": "running", "step": 17000, "planned_steps": 20000, "validation_macro": 0.49238095238095236, "seconds": 222.97118444391526, "updated_unix": 1791243304.2488034}
{"job_id": "d256_l4_interior_four_s2027", "status": "running", "step": 18000, "planned_steps": 20000, "validation_macro": 0.5111904761904762, "seconds": 236.48678076500073, "updated_unix": 1791243317.763633}
{"job_id": "d256_l4_interior_four_s2027", "status": "running", "step": 19000, "planned_steps": 20000, "validation_macro": 0.5094047619047619, "seconds": 249.60245463391766, "updated_unix": 1791243330.8806915}
{"job_id": "d256_l4_interior_four_s2027", "status": "running", "step": 20000, "planned_steps": 20000, "validation_macro": 0.5313095238095238, "seconds": 262.6774187430274, "updated_unix": 1791243344.0019283}
{"job_id": "d256_l4_position_none_s2027", "status": "running", "step": 1000, "planned_steps": 20000, "validation_macro": 0.30452380952380953, "seconds": 13.181691348087043, "updated_unix": 1791243364.608831}
{"job_id": "d256_l4_position_none_s2027", "status": "running", "step": 2000, "planned_steps": 20000, "validation_macro": 0.3001190476190476, "seconds": 26.16405705991201, "updated_unix": 1791243377.5967028}
{"job_id": "d256_l4_position_none_s2027", "status": "running", "step": 3000, "planned_steps": 20000, "validation_macro": 0.305952380952381, "seconds": 39.096349254017696, "updated_unix": 1791243390.5264633}
{"job_id": "d256_l4_position_none_s2027", "status": "running", "step": 4000, "planned_steps": 20000, "validation_macro": 0.3046428571428571, "seconds": 52.173648711061105, "updated_unix": 1791243403.604251}
{"job_id": "d256_l4_position_none_s2027", "status": "running", "step": 5000, "planned_steps": 20000, "validation_macro": 0.30464285714285716, "seconds": 65.29018696886487, "updated_unix": 1791243416.7675612}
{"job_id": "d256_l4_position_none_s2027", "status": "running", "step": 6000, "planned_steps": 20000, "validation_macro": 0.30559523809523814, "seconds": 78.34986113104969, "updated_unix": 1791243429.7808037}
{"job_id": "d256_l4_position_none_s2027", "status": "running", "step": 7000, "planned_steps": 20000, "validation_macro": 0.310952380952381, "seconds": 91.48614537809044, "updated_unix": 1791243442.917741}
{"job_id": "d256_l4_position_none_s2027", "status": "running", "step": 8000, "planned_steps": 20000, "validation_macro": 0.3113095238095238, "seconds": 104.36189567786641, "updated_unix": 1791243455.7893744}
{"job_id": "d256_l4_position_none_s2027", "status": "running", "step": 9000, "planned_steps": 20000, "validation_macro": 0.315, "seconds": 117.56798783992417, "updated_unix": 1791243468.9960399}
{"job_id": "d256_l4_position_none_s2027", "status": "running", "step": 10000, "planned_steps": 20000, "validation_macro": 0.3066666666666667, "seconds": 130.52495766291395, "updated_unix": 1791243482.0035381}
{"job_id": "d256_l4_position_none_s2027", "status": "running", "step": 11000, "planned_steps": 20000, "validation_macro": 0.3125, "seconds": 143.53141715796664, "updated_unix": 1791243494.9616206}
{"job_id": "d256_l4_position_none_s2027", "status": "running", "step": 12000, "planned_steps": 20000, "validation_macro": 0.3192857142857143, "seconds": 156.74021034804173, "updated_unix": 1791243508.1778722}
{"job_id": "d256_l4_position_none_s2027", "status": "running", "step": 13000, "planned_steps": 20000, "validation_macro": 0.32023809523809527, "seconds": 169.96672417386435, "updated_unix": 1791243521.394973}
{"job_id": "d256_l4_position_none_s2027", "status": "running", "step": 14000, "planned_steps": 20000, "validation_macro": 0.32523809523809527, "seconds": 183.13541748095304, "updated_unix": 1791243534.5649307}
{"job_id": "d256_l4_position_none_s2027", "status": "running", "step": 15000, "planned_steps": 20000, "validation_macro": 0.32904761904761903, "seconds": 196.06203038594685, "updated_unix": 1791243547.4915392}
{"job_id": "d256_l4_position_none_s2027", "status": "running", "step": 16000, "planned_steps": 20000, "validation_macro": 0.3338095238095238, "seconds": 209.2861202089116, "updated_unix": 1791243560.7170737}
{"job_id": "d256_l4_position_none_s2027", "status": "running", "step": 17000, "planned_steps": 20000, "validation_macro": 0.33845238095238095, "seconds": 222.16440696897916, "updated_unix": 1791243573.5962136}
{"job_id": "d256_l4_position_none_s2027", "status": "running", "step": 18000, "planned_steps": 20000, "validation_macro": 0.34035714285714286, "seconds": 235.02064443007112, "updated_unix": 1791243586.458927}
{"job_id": "d256_l4_position_none_s2027", "status": "running", "step": 19000, "planned_steps": 20000, "validation_macro": 0.3469047619047619, "seconds": 247.69785178406164, "updated_unix": 1791243599.1273172}
{"job_id": "d256_l4_position_none_s2027", "status": "running", "step": 20000, "planned_steps": 20000, "validation_macro": 0.3465476190476191, "seconds": 260.9605587578844, "updated_unix": 1791243612.4366462}
{"job_id": "d256_l4_position_three_s2027", "status": "running", "step": 1000, "planned_steps": 20000, "validation_macro": 0.34523809523809523, "seconds": 13.014980420004576, "updated_unix": 1791243632.8241754}
{"job_id": "d256_l4_position_three_s2027", "status": "running", "step": 2000, "planned_steps": 20000, "validation_macro": 0.544404761904762, "seconds": 26.14741416485049, "updated_unix": 1791243645.9596584}
{"job_id": "d256_l4_position_three_s2027", "status": "running", "step": 3000, "planned_steps": 20000, "validation_macro": 0.6845238095238095, "seconds": 39.376515372889116, "updated_unix": 1791243659.185195}
{"job_id": "d256_l4_position_three_s2027", "status": "running", "step": 4000, "planned_steps": 20000, "validation_macro": 0.78, "seconds": 52.114621286978945, "updated_unix": 1791243671.9237373}
{"job_id": "d256_l4_position_three_s2027", "status": "running", "step": 5000, "planned_steps": 20000, "validation_macro": 0.8198809523809525, "seconds": 65.33086978388019, "updated_unix": 1791243685.191843}
{"job_id": "d256_l4_position_three_s2027", "status": "running", "step": 6000, "planned_steps": 20000, "validation_macro": 0.8840476190476191, "seconds": 78.65614434797317, "updated_unix": 1791243698.4707596}
{"job_id": "d256_l4_position_three_s2027", "status": "running", "step": 7000, "planned_steps": 20000, "validation_macro": 0.9138095238095238, "seconds": 91.8408389610704, "updated_unix": 1791243711.6487916}
{"job_id": "d256_l4_position_three_s2027", "status": "running", "step": 8000, "planned_steps": 20000, "validation_macro": 0.8455952380952381, "seconds": 104.7768667419441, "updated_unix": 1791243724.5884058}
{"job_id": "d256_l4_position_three_s2027", "status": "running", "step": 9000, "planned_steps": 20000, "validation_macro": 0.9547619047619047, "seconds": 117.94294255692512, "updated_unix": 1791243737.7512763}
{"job_id": "d256_l4_position_three_s2027", "status": "running", "step": 10000, "planned_steps": 20000, "validation_macro": 0.9663095238095238, "seconds": 130.79111487488262, "updated_unix": 1791243750.650785}
{"job_id": "d256_l4_position_three_s2027", "status": "running", "step": 11000, "planned_steps": 20000, "validation_macro": 0.9691666666666666, "seconds": 143.96039644698612, "updated_unix": 1791243763.7698631}
{"job_id": "d256_l4_position_three_s2027", "status": "running", "step": 12000, "planned_steps": 20000, "validation_macro": 0.985, "seconds": 156.95851569785737, "updated_unix": 1791243776.7698286}
{"job_id": "d256_l4_position_three_s2027", "status": "running", "step": 13000, "planned_steps": 20000, "validation_macro": 0.9863095238095237, "seconds": 169.98304202593863, "updated_unix": 1791243789.793645}
{"job_id": "d256_l4_position_three_s2027", "status": "running", "step": 14000, "planned_steps": 20000, "validation_macro": 0.9791666666666667, "seconds": 183.0857114410028, "updated_unix": 1791243802.897724}
{"job_id": "d256_l4_position_three_s2027", "status": "running", "step": 15000, "planned_steps": 20000, "validation_macro": 0.9910714285714286, "seconds": 196.4067036518827, "updated_unix": 1791243816.2173235}
{"job_id": "d256_l4_position_three_s2027", "status": "running", "step": 16000, "planned_steps": 20000, "validation_macro": 0.9938095238095238, "seconds": 209.08097040001303, "updated_unix": 1791243828.8936796}
{"job_id": "d256_l4_position_three_s2027", "status": "running", "step": 17000, "planned_steps": 20000, "validation_macro": 0.9938095238095238, "seconds": 221.90562533191405, "updated_unix": 1791243841.7156928}
{"job_id": "d256_l4_position_three_s2027", "status": "running", "step": 18000, "planned_steps": 20000, "validation_macro": 0.9959523809523809, "seconds": 234.90212409687229, "updated_unix": 1791243854.7127612}
{"job_id": "d256_l4_position_three_s2027", "status": "running", "step": 19000, "planned_steps": 20000, "validation_macro": 0.9979761904761905, "seconds": 247.80979683692567, "updated_unix": 1791243867.6210985}
{"job_id": "d256_l4_position_three_s2027", "status": "running", "step": 20000, "planned_steps": 20000, "validation_macro": 0.9969047619047618, "seconds": 260.603119677864, "updated_unix": 1791243880.457529}
{"job_id": "d256_l4_position_four_s2027", "status": "running", "step": 1000, "planned_steps": 20000, "validation_macro": 0.28583333333333333, "seconds": 12.836283769924194, "updated_unix": 1791243900.634991}
{"job_id": "d256_l4_position_four_s2027", "status": "running", "step": 2000, "planned_steps": 20000, "validation_macro": 0.33380952380952383, "seconds": 25.935092312050983, "updated_unix": 1791243913.737946}
{"job_id": "d256_l4_position_four_s2027", "status": "running", "step": 3000, "planned_steps": 20000, "validation_macro": 0.3869047619047619, "seconds": 38.73521946393885, "updated_unix": 1791243926.5378783}
{"job_id": "d256_l4_position_four_s2027", "status": "running", "step": 4000, "planned_steps": 20000, "validation_macro": 0.5092857142857143, "seconds": 51.699861156055704, "updated_unix": 1791243939.5037932}
{"job_id": "d256_l4_position_four_s2027", "status": "running", "step": 5000, "planned_steps": 20000, "validation_macro": 0.49000000000000005, "seconds": 64.58227352006361, "updated_unix": 1791243952.4293654}
{"job_id": "d256_l4_position_four_s2027", "status": "running", "step": 6000, "planned_steps": 20000, "validation_macro": 0.48642857142857143, "seconds": 77.93258873000741, "updated_unix": 1791243965.7351425}
{"job_id": "d256_l4_position_four_s2027", "status": "running", "step": 7000, "planned_steps": 20000, "validation_macro": 0.5452380952380952, "seconds": 90.98541964404285, "updated_unix": 1791243978.7880256}
{"job_id": "d256_l4_position_four_s2027", "status": "running", "step": 8000, "planned_steps": 20000, "validation_macro": 0.48678571428571427, "seconds": 104.17435210500844, "updated_unix": 1791243991.978723}
{"job_id": "d256_l4_position_four_s2027", "status": "running", "step": 9000, "planned_steps": 20000, "validation_macro": 0.6294047619047619, "seconds": 117.20240413490683, "updated_unix": 1791244005.0028517}
{"job_id": "d256_l4_position_four_s2027", "status": "running", "step": 10000, "planned_steps": 20000, "validation_macro": 0.6489285714285714, "seconds": 130.14634576486424, "updated_unix": 1791244018.0081546}
{"job_id": "d256_l4_position_four_s2027", "status": "running", "step": 11000, "planned_steps": 20000, "validation_macro": 0.6219047619047618, "seconds": 143.52100510988384, "updated_unix": 1791244031.324168}
{"job_id": "d256_l4_position_four_s2027", "status": "running", "step": 12000, "planned_steps": 20000, "validation_macro": 0.6626190476190477, "seconds": 156.27592483302578, "updated_unix": 1791244044.0779343}
{"job_id": "d256_l4_position_four_s2027", "status": "running", "step": 13000, "planned_steps": 20000, "validation_macro": 0.668452380952381, "seconds": 169.69707148894668, "updated_unix": 1791244057.5001833}
{"job_id": "d256_l4_position_four_s2027", "status": "running", "step": 14000, "planned_steps": 20000, "validation_macro": 0.6675, "seconds": 182.5999523170758, "updated_unix": 1791244070.401067}
{"job_id": "d256_l4_position_four_s2027", "status": "running", "step": 15000, "planned_steps": 20000, "validation_macro": 0.6735714285714286, "seconds": 195.625225112075, "updated_unix": 1791244083.4280608}
{"job_id": "d256_l4_position_four_s2027", "status": "running", "step": 16000, "planned_steps": 20000, "validation_macro": 0.676547619047619, "seconds": 208.47969250194728, "updated_unix": 1791244096.2806559}
{"job_id": "d256_l4_position_four_s2027", "status": "running", "step": 17000, "planned_steps": 20000, "validation_macro": 0.6754761904761905, "seconds": 221.96300333505496, "updated_unix": 1791244109.7675257}
{"job_id": "d256_l4_position_four_s2027", "status": "running", "step": 18000, "planned_steps": 20000, "validation_macro": 0.6788095238095239, "seconds": 235.24024913995527, "updated_unix": 1791244123.0417392}
{"job_id": "d256_l4_position_four_s2027", "status": "running", "step": 19000, "planned_steps": 20000, "validation_macro": 0.6782142857142858, "seconds": 248.38176372996531, "updated_unix": 1791244136.1831353}
{"job_id": "d256_l4_position_four_s2027", "status": "running", "step": 20000, "planned_steps": 20000, "validation_macro": 0.6760714285714287, "seconds": 261.2108929308597, "updated_unix": 1791244149.0585582}
{"job_id": "d256_l4_cycle_none_s3037", "status": "running", "step": 1000, "planned_steps": 20000, "validation_macro": 0.47250000000000003, "seconds": 13.086785435909405, "updated_unix": 1791244169.5797439}
{"job_id": "d256_l4_cycle_none_s3037", "status": "running", "step": 2000, "planned_steps": 20000, "validation_macro": 0.5878571428571429, "seconds": 26.132625591941178, "updated_unix": 1791244182.6287608}
{"job_id": "d256_l4_cycle_none_s3037", "status": "running", "step": 3000, "planned_steps": 20000, "validation_macro": 0.6136904761904762, "seconds": 38.99538711202331, "updated_unix": 1791244195.4885678}
{"job_id": "d256_l4_cycle_none_s3037", "status": "running", "step": 4000, "planned_steps": 20000, "validation_macro": 0.6128571428571428, "seconds": 52.05408104904927, "updated_unix": 1791244208.5480528}
{"job_id": "d256_l4_cycle_none_s3037", "status": "running", "step": 5000, "planned_steps": 20000, "validation_macro": 0.6505952380952381, "seconds": 65.33973487792537, "updated_unix": 1791244221.8788774}
{"job_id": "d256_l4_cycle_none_s3037", "status": "running", "step": 6000, "planned_steps": 20000, "validation_macro": 0.5942857142857143, "seconds": 78.68009032099508, "updated_unix": 1791244235.1771042}
{"job_id": "d256_l4_cycle_none_s3037", "status": "running", "step": 7000, "planned_steps": 20000, "validation_macro": 0.6226190476190475, "seconds": 91.68176702503115, "updated_unix": 1791244248.175979}
{"job_id": "d256_l4_cycle_none_s3037", "status": "running", "step": 8000, "planned_steps": 20000, "validation_macro": 0.675, "seconds": 104.58319725492038, "updated_unix": 1791244261.078583}
{"job_id": "d256_l4_cycle_none_s3037", "status": "running", "step": 9000, "planned_steps": 20000, "validation_macro": 0.6426190476190476, "seconds": 117.91360037890263, "updated_unix": 1791244274.4064133}
{"job_id": "d256_l4_cycle_none_s3037", "status": "running", "step": 10000, "planned_steps": 20000, "validation_macro": 0.6739285714285714, "seconds": 130.7173441920895, "updated_unix": 1791244287.2583966}
{"job_id": "d256_l4_cycle_none_s3037", "status": "running", "step": 11000, "planned_steps": 20000, "validation_macro": 0.6607142857142857, "seconds": 143.76454006810673, "updated_unix": 1791244300.2567003}
{"job_id": "d256_l4_cycle_none_s3037", "status": "running", "step": 12000, "planned_steps": 20000, "validation_macro": 0.6860714285714286, "seconds": 156.9294238500297, "updated_unix": 1791244313.4251976}
{"job_id": "d256_l4_cycle_none_s3037", "status": "running", "step": 13000, "planned_steps": 20000, "validation_macro": 0.6617857142857143, "seconds": 169.94476968003437, "updated_unix": 1791244326.4373448}
{"job_id": "d256_l4_cycle_none_s3037", "status": "running", "step": 14000, "planned_steps": 20000, "validation_macro": 0.6830952380952381, "seconds": 182.75752267008647, "updated_unix": 1791244339.249897}
{"job_id": "d256_l4_cycle_none_s3037", "status": "running", "step": 15000, "planned_steps": 20000, "validation_macro": 0.6842857142857142, "seconds": 196.29613951593637, "updated_unix": 1791244352.789843}
{"job_id": "d256_l4_cycle_none_s3037", "status": "running", "step": 16000, "planned_steps": 20000, "validation_macro": 0.6908333333333333, "seconds": 209.41951793804765, "updated_unix": 1791244365.9112003}
{"job_id": "d256_l4_cycle_none_s3037", "status": "running", "step": 17000, "planned_steps": 20000, "validation_macro": 0.6842857142857142, "seconds": 222.63860508590005, "updated_unix": 1791244379.1310043}
{"job_id": "d256_l4_cycle_none_s3037", "status": "running", "step": 18000, "planned_steps": 20000, "validation_macro": 0.6839285714285714, "seconds": 235.9661926140543, "updated_unix": 1791244392.4590023}
{"job_id": "d256_l4_cycle_none_s3037", "status": "running", "step": 19000, "planned_steps": 20000, "validation_macro": 0.6838095238095239, "seconds": 249.40132870408706, "updated_unix": 1791244405.8974285}
{"job_id": "d256_l4_cycle_none_s3037", "status": "running", "step": 20000, "planned_steps": 20000, "validation_macro": 0.6871428571428572, "seconds": 262.88190173590556, "updated_unix": 1791244419.4189582}
{"job_id": "d256_l4_cycle_three_s3037", "status": "running", "step": 1000, "planned_steps": 20000, "validation_macro": 0.5222619047619047, "seconds": 13.443090880988166, "updated_unix": 1791244440.2570598}
{"job_id": "d256_l4_cycle_three_s3037", "status": "running", "step": 2000, "planned_steps": 20000, "validation_macro": 0.6211904761904762, "seconds": 26.823420285014436, "updated_unix": 1791244453.6386685}
{"job_id": "d256_l4_cycle_three_s3037", "status": "running", "step": 3000, "planned_steps": 20000, "validation_macro": 0.6630952380952381, "seconds": 40.13762442395091, "updated_unix": 1791244466.9536283}
{"job_id": "d256_l4_cycle_three_s3037", "status": "running", "step": 4000, "planned_steps": 20000, "validation_macro": 0.6616666666666666, "seconds": 53.451432985952124, "updated_unix": 1791244480.2669995}
{"job_id": "d256_l4_cycle_three_s3037", "status": "running", "step": 5000, "planned_steps": 20000, "validation_macro": 0.6720238095238096, "seconds": 66.3948529260233, "updated_unix": 1791244493.2591114}
{"job_id": "d256_l4_cycle_three_s3037", "status": "running", "step": 6000, "planned_steps": 20000, "validation_macro": 0.6748809523809524, "seconds": 79.33015885390341, "updated_unix": 1791244506.1495886}
{"job_id": "d256_l4_cycle_three_s3037", "status": "running", "step": 7000, "planned_steps": 20000, "validation_macro": 0.6763095238095238, "seconds": 92.25582708395086, "updated_unix": 1791244519.069135}
{"job_id": "d256_l4_cycle_three_s3037", "status": "running", "step": 8000, "planned_steps": 20000, "validation_macro": 0.6736904761904763, "seconds": 105.07189507992007, "updated_unix": 1791244531.8898985}
{"job_id": "d256_l4_cycle_three_s3037", "status": "running", "step": 9000, "planned_steps": 20000, "validation_macro": 0.6792857142857143, "seconds": 118.01017847796902, "updated_unix": 1791244544.8280158}
{"job_id": "d256_l4_cycle_three_s3037", "status": "running", "step": 10000, "planned_steps": 20000, "validation_macro": 0.6715476190476191, "seconds": 131.28741198102944, "updated_unix": 1791244558.153447}
{"job_id": "d256_l4_cycle_three_s3037", "status": "running", "step": 11000, "planned_steps": 20000, "validation_macro": 0.6716666666666666, "seconds": 144.36693540099077, "updated_unix": 1791244571.183206}
{"job_id": "d256_l4_cycle_three_s3037", "status": "running", "step": 12000, "planned_steps": 20000, "validation_macro": 0.6803571428571429, "seconds": 157.4903890339192, "updated_unix": 1791244584.313732}
{"job_id": "d256_l4_cycle_three_s3037", "status": "running", "step": 13000, "planned_steps": 20000, "validation_macro": 0.6795238095238095, "seconds": 170.4940798280295, "updated_unix": 1791244597.3103125}
{"job_id": "d256_l4_cycle_three_s3037", "status": "running", "step": 14000, "planned_steps": 20000, "validation_macro": 0.6814285714285715, "seconds": 183.92285315389745, "updated_unix": 1791244610.741195}
{"job_id": "d256_l4_cycle_three_s3037", "status": "running", "step": 15000, "planned_steps": 20000, "validation_macro": 0.6826190476190477, "seconds": 196.88003102783114, "updated_unix": 1791244623.6973422}
{"job_id": "d256_l4_cycle_three_s3037", "status": "running", "step": 16000, "planned_steps": 20000, "validation_macro": 0.6808333333333333, "seconds": 209.54163428000174, "updated_unix": 1791244636.359795}
{"job_id": "d256_l4_cycle_three_s3037", "status": "running", "step": 17000, "planned_steps": 20000, "validation_macro": 0.6849999999999999, "seconds": 222.71770009002648, "updated_unix": 1791244649.5352442}
{"job_id": "d256_l4_cycle_three_s3037", "status": "running", "step": 18000, "planned_steps": 20000, "validation_macro": 0.6870238095238095, "seconds": 235.97957692597993, "updated_unix": 1791244662.7967265}
{"job_id": "d256_l4_cycle_three_s3037", "status": "running", "step": 19000, "planned_steps": 20000, "validation_macro": 0.684047619047619, "seconds": 249.21163121098652, "updated_unix": 1791244676.0287738}
{"job_id": "d256_l4_cycle_three_s3037", "status": "running", "step": 20000, "planned_steps": 20000, "validation_macro": 0.6827380952380953, "seconds": 262.5784887219779, "updated_unix": 1791244689.4484966}
{"job_id": "d256_l4_cycle_four_s3037", "status": "running", "step": 1000, "planned_steps": 20000, "validation_macro": 0.5119047619047619, "seconds": 13.247081578010693, "updated_unix": 1791244710.1197388}
{"job_id": "d256_l4_cycle_four_s3037", "status": "running", "step": 2000, "planned_steps": 20000, "validation_macro": 0.5639285714285714, "seconds": 26.270820130128413, "updated_unix": 1791244723.1474247}
{"job_id": "d256_l4_cycle_four_s3037", "status": "running", "step": 3000, "planned_steps": 20000, "validation_macro": 0.5889285714285714, "seconds": 39.31771043408662, "updated_unix": 1791244736.1915119}
{"job_id": "d256_l4_cycle_four_s3037", "status": "running", "step": 4000, "planned_steps": 20000, "validation_macro": 0.6001190476190476, "seconds": 52.38224058318883, "updated_unix": 1791244749.2600667}
{"job_id": "d256_l4_cycle_four_s3037", "status": "running", "step": 5000, "planned_steps": 20000, "validation_macro": 0.5965476190476191, "seconds": 65.21762207103893, "updated_unix": 1791244762.1379857}
{"job_id": "d256_l4_cycle_four_s3037", "status": "running", "step": 6000, "planned_steps": 20000, "validation_macro": 0.6024999999999999, "seconds": 78.29788355715573, "updated_unix": 1791244775.1767888}
{"job_id": "d256_l4_cycle_four_s3037", "status": "running", "step": 7000, "planned_steps": 20000, "validation_macro": 0.5969047619047618, "seconds": 91.35570681211539, "updated_unix": 1791244788.230366}
{"job_id": "d256_l4_cycle_four_s3037", "status": "running", "step": 8000, "planned_steps": 20000, "validation_macro": 0.600952380952381, "seconds": 104.53827435011044, "updated_unix": 1791244801.4130862}
{"job_id": "d256_l4_cycle_four_s3037", "status": "running", "step": 9000, "planned_steps": 20000, "validation_macro": 0.6072619047619047, "seconds": 117.69931628205813, "updated_unix": 1791244814.5745559}
{"job_id": "d256_l4_cycle_four_s3037", "status": "running", "step": 10000, "planned_steps": 20000, "validation_macro": 0.6032142857142857, "seconds": 130.5481295301579, "updated_unix": 1791244827.4703672}
{"job_id": "d256_l4_cycle_four_s3037", "status": "running", "step": 11000, "planned_steps": 20000, "validation_macro": 0.6092857142857142, "seconds": 143.52338706003502, "updated_unix": 1791244840.4007926}
{"job_id": "d256_l4_cycle_four_s3037", "status": "running", "step": 12000, "planned_steps": 20000, "validation_macro": 0.6066666666666666, "seconds": 156.9123060561251, "updated_unix": 1791244853.7950046}
{"job_id": "d256_l4_cycle_four_s3037", "status": "running", "step": 13000, "planned_steps": 20000, "validation_macro": 0.6065476190476191, "seconds": 170.03873342298903, "updated_unix": 1791244866.912874}
{"job_id": "d256_l4_cycle_four_s3037", "status": "running", "step": 14000, "planned_steps": 20000, "validation_macro": 0.6102380952380952, "seconds": 182.85118530201726, "updated_unix": 1791244879.725153}
{"job_id": "d256_l4_cycle_four_s3037", "status": "running", "step": 15000, "planned_steps": 20000, "validation_macro": 0.6078571428571429, "seconds": 195.7475424860604, "updated_unix": 1791244892.626128}
{"job_id": "d256_l4_cycle_four_s3037", "status": "running", "step": 16000, "planned_steps": 20000, "validation_macro": 0.6119047619047618, "seconds": 208.750288937008, "updated_unix": 1791244905.6248412}
{"job_id": "d256_l4_cycle_four_s3037", "status": "running", "step": 17000, "planned_steps": 20000, "validation_macro": 0.6095238095238096, "seconds": 221.76074388506822, "updated_unix": 1791244918.6372595}
{"job_id": "d256_l4_cycle_four_s3037", "status": "running", "step": 18000, "planned_steps": 20000, "validation_macro": 0.6090476190476191, "seconds": 234.6983078380581, "updated_unix": 1791244931.573307}
{"job_id": "d256_l4_cycle_four_s3037", "status": "running", "step": 19000, "planned_steps": 20000, "validation_macro": 0.6089285714285714, "seconds": 247.7078781381715, "updated_unix": 1791244944.5845788}
{"job_id": "d256_l4_cycle_four_s3037", "status": "running", "step": 20000, "planned_steps": 20000, "validation_macro": 0.6075, "seconds": 260.8113445050549, "updated_unix": 1791244957.7317703}
{"job_id": "d256_l4_interior_four_s3037", "status": "running", "step": 1000, "planned_steps": 20000, "validation_macro": 0.3269047619047619, "seconds": 12.975333038019016, "updated_unix": 1791244978.0730195}
{"job_id": "d256_l4_interior_four_s3037", "status": "running", "step": 2000, "planned_steps": 20000, "validation_macro": 0.32595238095238094, "seconds": 25.959200087934732, "updated_unix": 1791244991.0573664}
{"job_id": "d256_l4_interior_four_s3037", "status": "running", "step": 3000, "planned_steps": 20000, "validation_macro": 0.33261904761904765, "seconds": 38.95326432795264, "updated_unix": 1791245004.0508347}
{"job_id": "d256_l4_interior_four_s3037", "status": "running", "step": 4000, "planned_steps": 20000, "validation_macro": 0.3315476190476191, "seconds": 51.830144067062065, "updated_unix": 1791245016.9320984}
{"job_id": "d256_l4_interior_four_s3037", "status": "running", "step": 5000, "planned_steps": 20000, "validation_macro": 0.32666666666666666, "seconds": 64.91655669594184, "updated_unix": 1791245030.061935}
{"job_id": "d256_l4_interior_four_s3037", "status": "running", "step": 6000, "planned_steps": 20000, "validation_macro": 0.3380952380952381, "seconds": 79.28965535806492, "updated_unix": 1791245044.3909078}
{"job_id": "d256_l4_interior_four_s3037", "status": "running", "step": 7000, "planned_steps": 20000, "validation_macro": 0.3421428571428572, "seconds": 92.31708290893584, "updated_unix": 1791245057.414827}
{"job_id": "d256_l4_interior_four_s3037", "status": "running", "step": 8000, "planned_steps": 20000, "validation_macro": 0.3544047619047619, "seconds": 105.51128830504604, "updated_unix": 1791245070.6081834}
{"job_id": "d256_l4_interior_four_s3037", "status": "running", "step": 9000, "planned_steps": 20000, "validation_macro": 0.3691666666666667, "seconds": 118.71036311704665, "updated_unix": 1791245083.8066568}
{"job_id": "d256_l4_interior_four_s3037", "status": "running", "step": 10000, "planned_steps": 20000, "validation_macro": 0.38761904761904764, "seconds": 131.76327735185623, "updated_unix": 1791245096.908646}
{"job_id": "d256_l4_interior_four_s3037", "status": "running", "step": 11000, "planned_steps": 20000, "validation_macro": 0.3985714285714285, "seconds": 144.91696316399612, "updated_unix": 1791245110.0160756}
{"job_id": "d256_l4_interior_four_s3037", "status": "running", "step": 12000, "planned_steps": 20000, "validation_macro": 0.43023809523809525, "seconds": 157.91967241489328, "updated_unix": 1791245123.0187578}
{"job_id": "d256_l4_interior_four_s3037", "status": "running", "step": 13000, "planned_steps": 20000, "validation_macro": 0.43333333333333335, "seconds": 171.36289933486842, "updated_unix": 1791245136.463736}
{"job_id": "d256_l4_interior_four_s3037", "status": "running", "step": 14000, "planned_steps": 20000, "validation_macro": 0.4530952380952381, "seconds": 184.52215597801842, "updated_unix": 1791245149.6173878}
{"job_id": "d256_l4_interior_four_s3037", "status": "running", "step": 15000, "planned_steps": 20000, "validation_macro": 0.4760714285714286, "seconds": 197.8000293818768, "updated_unix": 1791245162.8991044}
{"job_id": "d256_l4_interior_four_s3037", "status": "running", "step": 16000, "planned_steps": 20000, "validation_macro": 0.4861904761904762, "seconds": 211.3610941178631, "updated_unix": 1791245176.4597962}
{"job_id": "d256_l4_interior_four_s3037", "status": "running", "step": 17000, "planned_steps": 20000, "validation_macro": 0.5020238095238095, "seconds": 224.50677528092638, "updated_unix": 1791245189.6063418}
{"job_id": "d256_l4_interior_four_s3037", "status": "running", "step": 18000, "planned_steps": 20000, "validation_macro": 0.5136904761904763, "seconds": 237.7347214759793, "updated_unix": 1791245202.8291445}
{"job_id": "d256_l4_interior_four_s3037", "status": "running", "step": 19000, "planned_steps": 20000, "validation_macro": 0.5255952380952382, "seconds": 250.99351032893173, "updated_unix": 1791245216.092174}
{"job_id": "d256_l4_interior_four_s3037", "status": "running", "step": 20000, "planned_steps": 20000, "validation_macro": 0.5335714285714286, "seconds": 264.2323679178953, "updated_unix": 1791245229.3800712}
{"job_id": "d256_l4_position_none_s3037", "status": "running", "step": 1000, "planned_steps": 20000, "validation_macro": 0.3025, "seconds": 13.2475603769999, "updated_unix": 1791245250.0382638}
{"job_id": "d256_l4_position_none_s3037", "status": "running", "step": 2000, "planned_steps": 20000, "validation_macro": 0.3072619047619048, "seconds": 26.14365132409148, "updated_unix": 1791245262.9364643}
{"job_id": "d256_l4_position_none_s3037", "status": "running", "step": 3000, "planned_steps": 20000, "validation_macro": 0.3053571428571429, "seconds": 39.294093549018726, "updated_unix": 1791245276.087333}
{"job_id": "d256_l4_position_none_s3037", "status": "running", "step": 4000, "planned_steps": 20000, "validation_macro": 0.30440476190476196, "seconds": 52.55079914396629, "updated_unix": 1791245289.3557098}
{"job_id": "d256_l4_position_none_s3037", "status": "running", "step": 5000, "planned_steps": 20000, "validation_macro": 0.3107142857142857, "seconds": 65.92769265198149, "updated_unix": 1791245302.7653565}
{"job_id": "d256_l4_position_none_s3037", "status": "running", "step": 6000, "planned_steps": 20000, "validation_macro": 0.319047619047619, "seconds": 78.96172954700887, "updated_unix": 1791245315.7581441}
{"job_id": "d256_l4_position_none_s3037", "status": "running", "step": 7000, "planned_steps": 20000, "validation_macro": 0.31523809523809526, "seconds": 92.12960076495074, "updated_unix": 1791245328.9249654}
{"job_id": "d256_l4_position_none_s3037", "status": "running", "step": 8000, "planned_steps": 20000, "validation_macro": 0.3230952380952381, "seconds": 105.238750141114, "updated_unix": 1791245342.0334876}
{"job_id": "d256_l4_position_none_s3037", "status": "running", "step": 9000, "planned_steps": 20000, "validation_macro": 0.31999999999999995, "seconds": 118.55610048398376, "updated_unix": 1791245355.3487084}
{"job_id": "d256_l4_position_none_s3037", "status": "running", "step": 10000, "planned_steps": 20000, "validation_macro": 0.32476190476190475, "seconds": 131.51471703406423, "updated_unix": 1791245368.357873}
{"job_id": "d256_l4_position_none_s3037", "status": "running", "step": 11000, "planned_steps": 20000, "validation_macro": 0.33595238095238095, "seconds": 144.84626025194302, "updated_unix": 1791245381.641892}
{"job_id": "d256_l4_position_none_s3037", "status": "running", "step": 12000, "planned_steps": 20000, "validation_macro": 0.3386904761904762, "seconds": 158.2202444251161, "updated_unix": 1791245395.0129135}
{"job_id": "d256_l4_position_none_s3037", "status": "running", "step": 13000, "planned_steps": 20000, "validation_macro": 0.3544047619047619, "seconds": 171.566143858945, "updated_unix": 1791245408.3595603}
{"job_id": "d256_l4_position_none_s3037", "status": "running", "step": 14000, "planned_steps": 20000, "validation_macro": 0.3555952380952381, "seconds": 184.78834186214954, "updated_unix": 1791245421.5808678}
{"job_id": "d256_l4_position_none_s3037", "status": "running", "step": 15000, "planned_steps": 20000, "validation_macro": 0.3714285714285714, "seconds": 198.06741502298974, "updated_unix": 1791245434.8630095}
{"job_id": "d256_l4_position_none_s3037", "status": "running", "step": 16000, "planned_steps": 20000, "validation_macro": 0.38297619047619047, "seconds": 211.4703043079935, "updated_unix": 1791245448.2634861}
{"job_id": "d256_l4_position_none_s3037", "status": "running", "step": 17000, "planned_steps": 20000, "validation_macro": 0.3842857142857143, "seconds": 224.8085598340258, "updated_unix": 1791245461.6027055}
{"job_id": "d256_l4_position_none_s3037", "status": "running", "step": 18000, "planned_steps": 20000, "validation_macro": 0.3985714285714286, "seconds": 238.0831311789807, "updated_unix": 1791245474.873596}
{"job_id": "d256_l4_position_none_s3037", "status": "running", "step": 19000, "planned_steps": 20000, "validation_macro": 0.3977380952380953, "seconds": 251.19685801910236, "updated_unix": 1791245487.9909117}
{"job_id": "d256_l4_position_none_s3037", "status": "running", "step": 20000, "planned_steps": 20000, "validation_macro": 0.3963095238095238, "seconds": 264.11663782200776, "updated_unix": 1791245500.9559562}
{"job_id": "d256_l4_position_three_s3037", "status": "running", "step": 1000, "planned_steps": 20000, "validation_macro": 0.3611904761904762, "seconds": 13.288257367908955, "updated_unix": 1791245521.6646156}
{"job_id": "d256_l4_position_three_s3037", "status": "running", "step": 2000, "planned_steps": 20000, "validation_macro": 0.49011904761904757, "seconds": 26.448943401919678, "updated_unix": 1791245534.8305182}
{"job_id": "d256_l4_position_three_s3037", "status": "running", "step": 3000, "planned_steps": 20000, "validation_macro": 0.6769047619047619, "seconds": 39.66607548692264, "updated_unix": 1791245548.0433779}
{"job_id": "d256_l4_position_three_s3037", "status": "running", "step": 4000, "planned_steps": 20000, "validation_macro": 0.7830952380952381, "seconds": 53.208813983015716, "updated_unix": 1791245561.5873947}
{"job_id": "d256_l4_position_three_s3037", "status": "running", "step": 5000, "planned_steps": 20000, "validation_macro": 0.7516666666666667, "seconds": 66.3828718168661, "updated_unix": 1791245574.807895}
{"job_id": "d256_l4_position_three_s3037", "status": "running", "step": 6000, "planned_steps": 20000, "validation_macro": 0.7628571428571429, "seconds": 79.63655024697073, "updated_unix": 1791245588.015083}
{"job_id": "d256_l4_position_three_s3037", "status": "running", "step": 7000, "planned_steps": 20000, "validation_macro": 0.829047619047619, "seconds": 93.19067450193688, "updated_unix": 1791245601.5740733}
{"job_id": "d256_l4_position_three_s3037", "status": "running", "step": 8000, "planned_steps": 20000, "validation_macro": 0.8970238095238094, "seconds": 106.5386333540082, "updated_unix": 1791245614.9190693}
{"job_id": "d256_l4_position_three_s3037", "status": "running", "step": 9000, "planned_steps": 20000, "validation_macro": 0.8905952380952381, "seconds": 119.82022732705809, "updated_unix": 1791245628.1967168}
{"job_id": "d256_l4_position_three_s3037", "status": "running", "step": 10000, "planned_steps": 20000, "validation_macro": 0.9504761904761905, "seconds": 133.15623840899207, "updated_unix": 1791245641.584215}
{"job_id": "d256_l4_position_three_s3037", "status": "running", "step": 11000, "planned_steps": 20000, "validation_macro": 0.8940476190476191, "seconds": 146.64058772707358, "updated_unix": 1791245655.0176146}
{"job_id": "d256_l4_position_three_s3037", "status": "running", "step": 12000, "planned_steps": 20000, "validation_macro": 0.9732142857142857, "seconds": 159.76204144698568, "updated_unix": 1791245668.139516}
{"job_id": "d256_l4_position_three_s3037", "status": "running", "step": 13000, "planned_steps": 20000, "validation_macro": 0.9704761904761905, "seconds": 173.11270089191385, "updated_unix": 1791245681.491631}
{"job_id": "d256_l4_position_three_s3037", "status": "running", "step": 14000, "planned_steps": 20000, "validation_macro": 0.9871428571428571, "seconds": 186.4516854060348, "updated_unix": 1791245694.8303673}
{"job_id": "d256_l4_position_three_s3037", "status": "running", "step": 15000, "planned_steps": 20000, "validation_macro": 0.9904761904761905, "seconds": 199.85159102501348, "updated_unix": 1791245708.2299504}
{"job_id": "d256_l4_position_three_s3037", "status": "running", "step": 16000, "planned_steps": 20000, "validation_macro": 0.9905952380952381, "seconds": 213.35568899288774, "updated_unix": 1791245721.7348783}
{"job_id": "d256_l4_position_three_s3037", "status": "running", "step": 17000, "planned_steps": 20000, "validation_macro": 0.9927380952380953, "seconds": 226.32961377990432, "updated_unix": 1791245734.7075272}
{"job_id": "d256_l4_position_three_s3037", "status": "running", "step": 18000, "planned_steps": 20000, "validation_macro": 0.9957142857142858, "seconds": 239.32678056601435, "updated_unix": 1791245747.703634}
{"job_id": "d256_l4_position_three_s3037", "status": "running", "step": 19000, "planned_steps": 20000, "validation_macro": 0.9940476190476192, "seconds": 252.3859266769141, "updated_unix": 1791245760.762707}
{"job_id": "d256_l4_position_three_s3037", "status": "running", "step": 20000, "planned_steps": 20000, "validation_macro": 0.9939285714285715, "seconds": 265.458280981984, "updated_unix": 1791245773.881613}
{"job_id": "d256_l4_position_four_s3037", "status": "running", "step": 1000, "planned_steps": 20000, "validation_macro": 0.2991666666666667, "seconds": 13.270571636036038, "updated_unix": 1791245794.5552075}
{"job_id": "d256_l4_position_four_s3037", "status": "running", "step": 2000, "planned_steps": 20000, "validation_macro": 0.35119047619047616, "seconds": 26.75427337596193, "updated_unix": 1791245808.0448756}
{"job_id": "d256_l4_position_four_s3037", "status": "running", "step": 3000, "planned_steps": 20000, "validation_macro": 0.4342857142857142, "seconds": 39.60780718992464, "updated_unix": 1791245820.9083362}
{"job_id": "d256_l4_position_four_s3037", "status": "running", "step": 4000, "planned_steps": 20000, "validation_macro": 0.4601190476190476, "seconds": 52.74502005986869, "updated_unix": 1791245834.034942}
{"job_id": "d256_l4_position_four_s3037", "status": "running", "step": 5000, "planned_steps": 20000, "validation_macro": 0.5344047619047619, "seconds": 65.97024007188156, "updated_unix": 1791245847.3028142}
{"job_id": "d256_l4_position_four_s3037", "status": "running", "step": 6000, "planned_steps": 20000, "validation_macro": 0.5285714285714286, "seconds": 78.94983882596716, "updated_unix": 1791245860.23933}
{"job_id": "d256_l4_position_four_s3037", "status": "running", "step": 7000, "planned_steps": 20000, "validation_macro": 0.6076190476190476, "seconds": 92.11834830697626, "updated_unix": 1791245873.4044154}
{"job_id": "d256_l4_position_four_s3037", "status": "running", "step": 8000, "planned_steps": 20000, "validation_macro": 0.5748809523809524, "seconds": 105.44373196992092, "updated_unix": 1791245886.7327578}
{"job_id": "d256_l4_position_four_s3037", "status": "running", "step": 9000, "planned_steps": 20000, "validation_macro": 0.5430952380952381, "seconds": 118.44621416297741, "updated_unix": 1791245899.732731}
{"job_id": "d256_l4_position_four_s3037", "status": "running", "step": 10000, "planned_steps": 20000, "validation_macro": 0.6227380952380953, "seconds": 131.61178281181492, "updated_unix": 1791245912.9468572}
{"job_id": "d256_l4_position_four_s3037", "status": "running", "step": 11000, "planned_steps": 20000, "validation_macro": 0.6435714285714286, "seconds": 144.74148429301567, "updated_unix": 1791245926.0273051}
{"job_id": "d256_l4_position_four_s3037", "status": "running", "step": 12000, "planned_steps": 20000, "validation_macro": 0.665952380952381, "seconds": 157.837362783961, "updated_unix": 1791245939.124519}
{"job_id": "d256_l4_position_four_s3037", "status": "running", "step": 13000, "planned_steps": 20000, "validation_macro": 0.6585714285714287, "seconds": 171.141573803965, "updated_unix": 1791245952.4258728}
{"job_id": "d256_l4_position_four_s3037", "status": "running", "step": 14000, "planned_steps": 20000, "validation_macro": 0.6685714285714286, "seconds": 184.41447179880925, "updated_unix": 1791245965.699799}
{"job_id": "d256_l4_position_four_s3037", "status": "running", "step": 15000, "planned_steps": 20000, "validation_macro": 0.6741666666666667, "seconds": 197.60707879485562, "updated_unix": 1791245978.8966901}
{"job_id": "d256_l4_position_four_s3037", "status": "running", "step": 16000, "planned_steps": 20000, "validation_macro": 0.6721428571428572, "seconds": 210.56353549892083, "updated_unix": 1791245991.8519032}
{"job_id": "d256_l4_position_four_s3037", "status": "running", "step": 17000, "planned_steps": 20000, "validation_macro": 0.6776190476190476, "seconds": 223.42201370489784, "updated_unix": 1791246004.7067487}
{"job_id": "d256_l4_position_four_s3037", "status": "running", "step": 18000, "planned_steps": 20000, "validation_macro": 0.6763095238095238, "seconds": 236.55472416686825, "updated_unix": 1791246017.8482132}
{"job_id": "d256_l4_position_four_s3037", "status": "running", "step": 19000, "planned_steps": 20000, "validation_macro": 0.6773809523809523, "seconds": 249.76205366500653, "updated_unix": 1791246031.048815}
{"job_id": "d256_l4_position_four_s3037", "status": "running", "step": 20000, "planned_steps": 20000, "validation_macro": 0.6789285714285714, "seconds": 262.86620110995136, "updated_unix": 1791246044.1985455}
{"transfer_complete": 1, "total": 51, "group": "random", "seed": 1009}
{"transfer_complete": 2, "total": 51, "group": "random", "seed": 2027}
{"transfer_complete": 3, "total": 51, "group": "random", "seed": 3037}
{"transfer_complete": 4, "total": 51, "group": "random", "seed": 4051}
{"transfer_complete": 5, "total": 51, "group": "random", "seed": 5059}
{"transfer_complete": 6, "total": 51, "group": "interior_none", "seed": 1009}
{"transfer_complete": 7, "total": 51, "group": "peaks", "seed": 1009}
{"transfer_complete": 8, "total": 51, "group": "valleys", "seed": 1009}
{"transfer_complete": 9, "total": 51, "group": "left_to_right_maxima", "seed": 1009}
{"transfer_complete": 10, "total": 51, "group": "right_to_left_maxima", "seed": 1009}
{"transfer_complete": 11, "total": 51, "group": "interior_none", "seed": 2027}
{"transfer_complete": 12, "total": 51, "group": "peaks", "seed": 2027}
{"transfer_complete": 13, "total": 51, "group": "valleys", "seed": 2027}
{"transfer_complete": 14, "total": 51, "group": "left_to_right_maxima", "seed": 2027}
{"transfer_complete": 15, "total": 51, "group": "right_to_left_maxima", "seed": 2027}
{"transfer_complete": 16, "total": 51, "group": "interior_none", "seed": 3037}
{"transfer_complete": 17, "total": 51, "group": "peaks", "seed": 3037}
{"transfer_complete": 18, "total": 51, "group": "valleys", "seed": 3037}
{"transfer_complete": 19, "total": 51, "group": "left_to_right_maxima", "seed": 3037}
{"transfer_complete": 20, "total": 51, "group": "right_to_left_maxima", "seed": 3037}
{"transfer_complete": 21, "total": 51, "group": "interior_none", "seed": 4051}
{"transfer_complete": 22, "total": 51, "group": "peaks", "seed": 4051}
{"transfer_complete": 23, "total": 51, "group": "valleys", "seed": 4051}
{"transfer_complete": 24, "total": 51, "group": "left_to_right_maxima", "seed": 4051}
{"transfer_complete": 25, "total": 51, "group": "right_to_left_maxima", "seed": 4051}
{"transfer_complete": 26, "total": 51, "group": "interior_none", "seed": 5059}
{"transfer_complete": 27, "total": 51, "group": "peaks", "seed": 5059}
{"transfer_complete": 28, "total": 51, "group": "valleys", "seed": 5059}
{"transfer_complete": 29, "total": 51, "group": "left_to_right_maxima", "seed": 5059}
{"transfer_complete": 30, "total": 51, "group": "right_to_left_maxima", "seed": 5059}
{"transfer_complete": 31, "total": 51, "group": "cycle_none", "seed": 1009}
{"transfer_complete": 32, "total": 51, "group": "cycle_three", "seed": 1009}
{"transfer_complete": 33, "total": 51, "group": "cycle_four", "seed": 1009}
{"transfer_complete": 34, "total": 51, "group": "interior_four", "seed": 1009}
{"transfer_complete": 35, "total": 51, "group": "position_none", "seed": 1009}
{"transfer_complete": 36, "total": 51, "group": "position_three", "seed": 1009}
{"transfer_complete": 37, "total": 51, "group": "position_four", "seed": 1009}
{"transfer_complete": 38, "total": 51, "group": "cycle_none", "seed": 2027}
{"transfer_complete": 39, "total": 51, "group": "cycle_three", "seed": 2027}
{"transfer_complete": 40, "total": 51, "group": "cycle_four", "seed": 2027}
{"transfer_complete": 41, "total": 51, "group": "interior_four", "seed": 2027}
{"transfer_complete": 42, "total": 51, "group": "position_none", "seed": 2027}
{"transfer_complete": 43, "total": 51, "group": "position_three", "seed": 2027}
{"transfer_complete": 44, "total": 51, "group": "position_four", "seed": 2027}
{"transfer_complete": 45, "total": 51, "group": "cycle_none", "seed": 3037}
{"transfer_complete": 46, "total": 51, "group": "cycle_three", "seed": 3037}
{"transfer_complete": 47, "total": 51, "group": "cycle_four", "seed": 3037}
{"transfer_complete": 48, "total": 51, "group": "interior_four", "seed": 3037}
{"transfer_complete": 49, "total": 51, "group": "position_none", "seed": 3037}
{"transfer_complete": 50, "total": 51, "group": "position_three", "seed": 3037}
{"transfer_complete": 51, "total": 51, "group": "position_four", "seed": 3037}
{
  "primary": {
    "target": "lis_length",
    "budget": 256,
    "mode": "candidate_shared",
    "reference": "random",
    "mean_gain": 0.029571428571428582,
    "seed_sd": 0.010939951539314033,
    "bootstrap_95_low": 0.02109523809523811,
    "bootstrap_95_high": 0.03804761904761905,
    "positive_seeds": 5,
    "seeds": 5,
    "seed_gains": [
      0.0438095238095238,
      0.017619047619047645,
      0.02047619047619048,
      0.03666666666666668,
      0.029285714285714304
    ],
    "scope": "source initialization/sampling seeds conditional on one fixed new data world; five seeds do not establish cross-world uncertainty"
  },
  "relation_increments": [
    {
      "mode": "shared",
      "budget": 64,
      "baseline": "source_learning",
      "augmented": "source_learning_plus_relations",
      "baseline_r2": 0.20416391075983842,
      "augmented_r2": 0.2532402357225363,
      "delta_r2": 0.04907632496269787,
      "mse_improvement": 5.9750506484924e-05,
      "descriptive_group_bootstrap_95_low": -0.00015125618301001933,
      "descriptive_group_bootstrap_95_high": 0.00022348586293325046,
      "groups_with_lower_mse": 7,
      "groups": 8,
      "scope": "eight fixed task sets; group bootstrap is a descriptive sensitivity analysis, not independent world replication"
    },
    {
      "mode": "shared",
      "budget": 64,
      "baseline": "source_learning_and_label_stats",
      "augmented": "source_learning_label_stats_plus_relations",
      "baseline_r2": 0.2800883946503263,
      "augmented_r2": 0.29745085849208963,
      "delta_r2": 0.01736246384176332,
      "mse_improvement": 2.113882832832451e-05,
      "descriptive_group_bootstrap_95_low": -5.469686494032793e-05,
      "descriptive_group_bootstrap_95_high": 0.00013812714886411335,
      "groups_with_lower_mse": 2,
      "groups": 8,
      "scope": "eight fixed task sets; group bootstrap is a descriptive sensitivity analysis, not independent world replication"
    },
    {
      "mode": "shared",
      "budget": 256,
      "baseline": "source_learning",
      "augmented": "source_learning_plus_relations",
      "baseline_r2": 0.3941345387915838,
      "augmented_r2": 0.44514752327564444,
      "delta_r2": 0.051012984484060664,
      "mse_improvement": 7.309016912981973e-05,
      "descriptive_group_bootstrap_95_low": -4.23139083451928e-05,
      "descriptive_group_bootstrap_95_high": 0.00019220532871781591,
      "groups_with_lower_mse": 4,
      "groups": 8,
      "scope": "eight fixed task sets; group bootstrap is a descriptive sensitivity analysis, not independent world replication"
    },
    {
      "mode": "shared",
      "budget": 256,
      "baseline": "source_learning_and_label_stats",
      "augmented": "source_learning_label_stats_plus_relations",
      "baseline_r2": 0.41564144433977745,
      "augmented_r2": 0.45076803635837015,
      "delta_r2": 0.035126592018592695,
      "mse_improvement": 5.0328530619401726e-05,
      "descriptive_group_bootstrap_95_low": -8.707675386611158e-05,
      "descriptive_group_bootstrap_95_high": 0.00019675616834024,
      "groups_with_lower_mse": 4,
      "groups": 8,
      "scope": "eight fixed task sets; group bootstrap is a descriptive sensitivity analysis, not independent world replication"
    },
    {
      "mode": "condition",
      "budget": 64,
      "baseline": "source_learning",
      "augmented": "source_learning_plus_relations",
      "baseline_r2": 0.23496505044807714,
      "augmented_r2": 0.2510349595286361,
      "delta_r2": 0.016069909080558942,
      "mse_improvement": 9.635411824589098e-06,
      "descriptive_group_bootstrap_95_low": -8.52550036800535e-05,
      "descriptive_group_bootstrap_95_high": 8.552875615805438e-05,
      "groups_with_lower_mse": 4,
      "groups": 8,
      "scope": "eight fixed task sets; group bootstrap is a descriptive sensitivity analysis, not independent world replication"
    },
    {
      "mode": "condition",
      "budget": 64,
      "baseline": "source_learning_and_label_stats",
      "augmented": "source_learning_label_stats_plus_relations",
      "baseline_r2": 0.3209001511769438,
      "augmented_r2": 0.32997278423293086,
      "delta_r2": 0.009072633055987045,
      "mse_improvement": 5.4398911275468325e-06,
      "descriptive_group_bootstrap_95_low": -2.5291535516970926e-05,
      "descriptive_group_bootstrap_95_high": 3.88953782231492e-05,
      "groups_with_lower_mse": 3,
      "groups": 8,
      "scope": "eight fixed task sets; group bootstrap is a descriptive sensitivity analysis, not independent world replication"
    },
    {
      "mode": "condition",
      "budget": 256,
      "baseline": "source_learning",
      "augmented": "source_learning_plus_relations",
      "baseline_r2": 0.33431350321657727,
      "augmented_r2": 0.2954187386471857,
      "delta_r2": -0.03889476456939156,
      "mse_improvement": -3.2767739752786107e-05,
      "descriptive_group_bootstrap_95_low": -0.00020758648637596227,
      "descriptive_group_bootstrap_95_high": 0.00010716064120916577,
      "groups_with_lower_mse": 5,
      "groups": 8,
      "scope": "eight fixed task sets; group bootstrap is a descriptive sensitivity analysis, not independent world replication"
    },
    {
      "mode": "condition",
      "budget": 256,
      "baseline": "source_learning_and_label_stats",
      "augmented": "source_learning_label_stats_plus_relations",
      "baseline_r2": 0.43370078865269157,
      "augmented_r2": 0.33714467470440346,
      "delta_r2": -0.09655611394828811,
      "mse_improvement": -8.134579675249506e-05,
      "descriptive_group_bootstrap_95_low": -0.0001841286011829267,
      "descriptive_group_bootstrap_95_high": 1.6216157126839323e-05,
      "groups_with_lower_mse": 3,
      "groups": 8,
      "scope": "eight fixed task sets; group bootstrap is a descriptive sensitivity analysis, not independent world replication"
    }
  ]
}
{
  "status": "passed",
  "checked_utc": "2026-10-06T00:46:40.440462+00:00",
  "globally_disjoint_fresh_inputs": 54390,
  "excluded_distinct_prior_inputs": 64470,
  "recomputed_property_labels": 1740480,
  "source_models": {
    "multi": 26,
    "single": 20
  },
  "new_source_seeds": [
    1009,
    2027,
    3037,
    4051,
    5059
  ],
  "source_code_and_checkpoint_hashes": true,
  "forecasts_recomputed": 1664,
  "weights_saved_before_new_dataset": true,
  "forecasts_saved_before_new_adaptation": true,
  "recomputed_test_accuracies_from_saved_predictions": 1224,
  "nested_shared_supports": true,
  "verifier_sha256": "452e271748bbbd78b11cdd467fbd7ad7352645bac3f9e7204b514d3139a3703b",
  "limitations": [
    "Only one new source training data world; source seeds are conditional replications, not five independent data worlds.",
    "Same eight source task sets and four targets as before; new training and target inputs, not new mathematical domains.",
    "Single and multi-task source losses have different gradient objectives; per-task exposure, sample schedule, initialization and optimizer are held fixed.",
    "Five seed confidence intervals are descriptive and sensitive to few replications.",
    "Incremental relation prediction is conditional on the eight selected groups, not a causal test of relation structure."
  ]
}
