phase,group,seed,step,task,accuracy,cross_entropy
multi,cycle_four,101,0,fixed_points,0.0,5.327773931594122
multi,cycle_four,101,0,even_cycle_count,0.0,5.354062151227678
multi,cycle_four,101,0,odd_cycle_count,0.0,5.392889753069197
multi,cycle_four,101,0,nontrivial_cycle_count,0.0,5.348403087797619
multi,cycle_four,101,1000,fixed_points,0.650952380952381,0.9136127144949777
multi,cycle_four,101,1000,even_cycle_count,0.37476190476190474,1.4280872962588356
multi,cycle_four,101,1000,odd_cycle_count,0.6557142857142857,0.7837267149062384
multi,cycle_four,101,1000,nontrivial_cycle_count,0.34904761904761905,1.470727055867513
multi,cycle_four,101,2000,fixed_points,0.8671428571428571,0.37740449405851817
multi,cycle_four,101,2000,even_cycle_count,0.36,1.4077795664469401
multi,cycle_four,101,2000,odd_cycle_count,0.69,0.6690723382859003
multi,cycle_four,101,2000,nontrivial_cycle_count,0.36238095238095236,1.4510455649239675
multi,cycle_four,101,3000,fixed_points,0.9519047619047619,0.17326228096371604
multi,cycle_four,101,3000,even_cycle_count,0.3761904761904762,1.415253404889788
multi,cycle_four,101,3000,odd_cycle_count,0.7161904761904762,0.5903274245489212
multi,cycle_four,101,3000,nontrivial_cycle_count,0.3466666666666667,1.4409775779360816
multi,cycle_four,101,4000,fixed_points,0.9638095238095238,0.1401568715912955
multi,cycle_four,101,4000,even_cycle_count,0.3761904761904762,1.4086276172456287
multi,cycle_four,101,4000,odd_cycle_count,0.7223809523809523,0.5902648725963774
multi,cycle_four,101,4000,nontrivial_cycle_count,0.35095238095238096,1.445198524111793
multi,cycle_four,101,5000,fixed_points,0.9719047619047619,0.10481858324436914
multi,cycle_four,101,5000,even_cycle_count,0.3761904761904762,1.4143494996570405
multi,cycle_four,101,5000,odd_cycle_count,0.6914285714285714,0.6036888308752151
multi,cycle_four,101,5000,nontrivial_cycle_count,0.3514285714285714,1.4543423752557663
multi,cycle_four,101,6000,fixed_points,0.9757142857142858,0.08932246608393533
multi,cycle_four,101,6000,even_cycle_count,0.37333333333333335,1.4164979444231305
multi,cycle_four,101,6000,odd_cycle_count,0.7104761904761905,0.5674724769592285
multi,cycle_four,101,6000,nontrivial_cycle_count,0.36047619047619045,1.445785015651158
multi,cycle_four,101,7000,fixed_points,0.9804761904761905,0.07625500010592597
multi,cycle_four,101,7000,even_cycle_count,0.3761904761904762,1.4240687561035157
multi,cycle_four,101,7000,odd_cycle_count,0.7095238095238096,0.5667809132167271
multi,cycle_four,101,7000,nontrivial_cycle_count,0.3566666666666667,1.4514312962123326
multi,cycle_four,101,8000,fixed_points,0.9776190476190476,0.08494346053827377
multi,cycle_four,101,8000,even_cycle_count,0.3761904761904762,1.4031160590762184
multi,cycle_four,101,8000,odd_cycle_count,0.7,0.5937951632908413
multi,cycle_four,101,8000,nontrivial_cycle_count,0.35333333333333333,1.4555110277448382
multi,cycle_four,101,9000,fixed_points,0.9866666666666667,0.05317724052639235
multi,cycle_four,101,9000,even_cycle_count,0.3823809523809524,1.4099102238246373
multi,cycle_four,101,9000,odd_cycle_count,0.7219047619047619,0.5593078140985398
multi,cycle_four,101,9000,nontrivial_cycle_count,0.3566666666666667,1.444097775050572
multi,cycle_four,101,10000,fixed_points,0.9885714285714285,0.045427189426762715
multi,cycle_four,101,10000,even_cycle_count,0.37761904761904763,1.4014449746268136
multi,cycle_four,101,10000,odd_cycle_count,0.7228571428571429,0.561712269101824
multi,cycle_four,101,10000,nontrivial_cycle_count,0.3585714285714286,1.4409264991396948
multi,cycle_four,101,11000,fixed_points,0.9871428571428571,0.04580864778586796
multi,cycle_four,101,11000,even_cycle_count,0.37476190476190474,1.4013541521344866
multi,cycle_four,101,11000,odd_cycle_count,0.7066666666666667,0.5666325505574544
multi,cycle_four,101,11000,nontrivial_cycle_count,0.3547619047619048,1.4448308072771345
multi,cycle_four,101,12000,fixed_points,0.99,0.04176102266779968
multi,cycle_four,101,12000,even_cycle_count,0.37523809523809526,1.4018450128464472
multi,cycle_four,101,12000,odd_cycle_count,0.7247619047619047,0.5533492424374535
multi,cycle_four,101,12000,nontrivial_cycle_count,0.35714285714285715,1.4383639199393137
multi,cycle_four,101,13000,fixed_points,0.9895238095238095,0.03880469057531584
multi,cycle_four,101,13000,even_cycle_count,0.3761904761904762,1.401382322765532
multi,cycle_four,101,13000,odd_cycle_count,0.7209523809523809,0.5556836918422154
multi,cycle_four,101,13000,nontrivial_cycle_count,0.3523809523809524,1.443302935645694
multi,cycle_four,101,14000,fixed_points,0.9895238095238095,0.03681602296729883
multi,cycle_four,101,14000,even_cycle_count,0.3780952380952381,1.4016935729980469
multi,cycle_four,101,14000,odd_cycle_count,0.7071428571428572,0.554981043225243
multi,cycle_four,101,14000,nontrivial_cycle_count,0.3566666666666667,1.4457672754923503
multi,cycle_four,101,15000,fixed_points,0.9923809523809524,0.030403510332107545
multi,cycle_four,101,15000,even_cycle_count,0.37142857142857144,1.3990168253580728
multi,cycle_four,101,15000,odd_cycle_count,0.7114285714285714,0.5644033495585123
multi,cycle_four,101,15000,nontrivial_cycle_count,0.34904761904761905,1.4446673402332124
multi,cycle_four,101,16000,fixed_points,0.9933333333333333,0.023042212270555043
multi,cycle_four,101,16000,even_cycle_count,0.37476190476190474,1.400544884091332
multi,cycle_four,101,16000,odd_cycle_count,0.7285714285714285,0.5456237007322765
multi,cycle_four,101,16000,nontrivial_cycle_count,0.3547619047619048,1.4390910284859793
multi,cycle_four,101,17000,fixed_points,0.9938095238095238,0.019991477321655977
multi,cycle_four,101,17000,even_cycle_count,0.3780952380952381,1.4007427724202475
multi,cycle_four,101,17000,odd_cycle_count,0.7238095238095238,0.5487453456152053
multi,cycle_four,101,17000,nontrivial_cycle_count,0.35333333333333333,1.442812972295852
multi,cycle_four,101,18000,fixed_points,0.9938095238095238,0.020656540134832972
multi,cycle_four,101,18000,even_cycle_count,0.3742857142857143,1.4050109209333148
multi,cycle_four,101,18000,odd_cycle_count,0.7114285714285714,0.5569889976864769
multi,cycle_four,101,18000,nontrivial_cycle_count,0.3504761904761905,1.4433524395170665
multi,cycle_four,101,19000,fixed_points,0.9947619047619047,0.019151728298692477
multi,cycle_four,101,19000,even_cycle_count,0.37857142857142856,1.4011363329206195
multi,cycle_four,101,19000,odd_cycle_count,0.7214285714285714,0.5508208765302386
multi,cycle_four,101,19000,nontrivial_cycle_count,0.3523809523809524,1.4438883100237165
multi,cycle_four,101,20000,fixed_points,0.9942857142857143,0.018480323381012395
multi,cycle_four,101,20000,even_cycle_count,0.379047619047619,1.4025902920677549
multi,cycle_four,101,20000,odd_cycle_count,0.7147619047619047,0.551926794052124
multi,cycle_four,101,20000,nontrivial_cycle_count,0.3557142857142857,1.4458749117170062
multi,cycle_four,17,0,fixed_points,0.0,5.232885393415178
multi,cycle_four,17,0,even_cycle_count,0.0,5.314589742024739
multi,cycle_four,17,0,odd_cycle_count,0.0,5.332438761393229
multi,cycle_four,17,0,nontrivial_cycle_count,0.0,5.359599507649739
multi,cycle_four,17,1000,fixed_points,0.7314285714285714,0.732557780856178
multi,cycle_four,17,1000,even_cycle_count,0.3757142857142857,1.4091121709914434
multi,cycle_four,17,1000,odd_cycle_count,0.6523809523809524,0.7689831697373163
multi,cycle_four,17,1000,nontrivial_cycle_count,0.3576190476190476,1.4779996635800317
multi,cycle_four,17,2000,fixed_points,0.8952380952380953,0.31621112074170793
multi,cycle_four,17,2000,even_cycle_count,0.38,1.4186844271705263
multi,cycle_four,17,2000,odd_cycle_count,0.6952380952380952,0.6547799646286737
multi,cycle_four,17,2000,nontrivial_cycle_count,0.35523809523809524,1.4529313187372117
multi,cycle_four,17,3000,fixed_points,0.9495238095238095,0.17229655067125957
multi,cycle_four,17,3000,even_cycle_count,0.34904761904761905,1.409718246459961
multi,cycle_four,17,3000,odd_cycle_count,0.7214285714285714,0.6111308161417643
multi,cycle_four,17,3000,nontrivial_cycle_count,0.3519047619047619,1.4586018407912482
multi,cycle_four,17,4000,fixed_points,0.9614285714285714,0.1436193995816367
multi,cycle_four,17,4000,even_cycle_count,0.3757142857142857,1.4115440295991444
multi,cycle_four,17,4000,odd_cycle_count,0.7180952380952381,0.5802603735242571
multi,cycle_four,17,4000,nontrivial_cycle_count,0.34285714285714286,1.4577015395391555
multi,cycle_four,17,5000,fixed_points,0.9728571428571429,0.09727546368326459
multi,cycle_four,17,5000,even_cycle_count,0.37666666666666665,1.4035033271426247
multi,cycle_four,17,5000,odd_cycle_count,0.7204761904761905,0.5724544325329008
multi,cycle_four,17,5000,nontrivial_cycle_count,0.35,1.442863050188337
multi,cycle_four,17,6000,fixed_points,0.9761904761904762,0.08560267005647931
multi,cycle_four,17,6000,even_cycle_count,0.3523809523809524,1.4065381440662201
multi,cycle_four,17,6000,odd_cycle_count,0.7209523809523809,0.5655752972194127
multi,cycle_four,17,6000,nontrivial_cycle_count,0.3519047619047619,1.455544204711914
multi,cycle_four,17,7000,fixed_points,0.9828571428571429,0.07327377972148713
multi,cycle_four,17,7000,even_cycle_count,0.37666666666666665,1.4029559362502324
multi,cycle_four,17,7000,odd_cycle_count,0.7061904761904761,0.5740289520082019
multi,cycle_four,17,7000,nontrivial_cycle_count,0.35428571428571426,1.448344239734468
multi,cycle_four,17,8000,fixed_points,0.979047619047619,0.06992828039895921
multi,cycle_four,17,8000,even_cycle_count,0.3761904761904762,1.400125031244187
multi,cycle_four,17,8000,odd_cycle_count,0.7128571428571429,0.5653099895658947
multi,cycle_four,17,8000,nontrivial_cycle_count,0.35095238095238096,1.442401624407087
multi,cycle_four,17,9000,fixed_points,0.9880952380952381,0.043989853958288826
multi,cycle_four,17,9000,even_cycle_count,0.37333333333333335,1.400625704810733
multi,cycle_four,17,9000,odd_cycle_count,0.7195238095238096,0.5501241511390322
multi,cycle_four,17,9000,nontrivial_cycle_count,0.3585714285714286,1.447166902451288
multi,cycle_four,17,10000,fixed_points,0.99,0.040621069180113926
multi,cycle_four,17,10000,even_cycle_count,0.3761904761904762,1.3983190336681548
multi,cycle_four,17,10000,odd_cycle_count,0.710952380952381,0.5583081354413714
multi,cycle_four,17,10000,nontrivial_cycle_count,0.3557142857142857,1.4509831383114768
multi,cycle_four,17,11000,fixed_points,0.991904761904762,0.03303025251343137
multi,cycle_four,17,11000,even_cycle_count,0.3757142857142857,1.399901362827846
multi,cycle_four,17,11000,odd_cycle_count,0.7176190476190476,0.5517352304004488
multi,cycle_four,17,11000,nontrivial_cycle_count,0.3514285714285714,1.4401123046875
multi,cycle_four,17,12000,fixed_points,0.9871428571428571,0.045092720023932914
multi,cycle_four,17,12000,even_cycle_count,0.3761904761904762,1.405643575759161
multi,cycle_four,17,12000,odd_cycle_count,0.72,0.546913267771403
multi,cycle_four,17,12000,nontrivial_cycle_count,0.3485714285714286,1.4403316715785435
multi,cycle_four,17,13000,fixed_points,0.9933333333333333,0.02824392155522392
multi,cycle_four,17,13000,even_cycle_count,0.3757142857142857,1.4005718303862071
multi,cycle_four,17,13000,odd_cycle_count,0.729047619047619,0.5487063398815337
multi,cycle_four,17,13000,nontrivial_cycle_count,0.3519047619047619,1.4378152393159411
multi,cycle_four,17,14000,fixed_points,0.9909523809523809,0.041159883883027805
multi,cycle_four,17,14000,even_cycle_count,0.3761904761904762,1.4006651524135045
multi,cycle_four,17,14000,odd_cycle_count,0.7252380952380952,0.5512264465150379
multi,cycle_four,17,14000,nontrivial_cycle_count,0.3504761904761905,1.439499264671689
multi,cycle_four,17,15000,fixed_points,0.9938095238095238,0.02788813706664812
multi,cycle_four,17,15000,even_cycle_count,0.37857142857142856,1.398079601469494
multi,cycle_four,17,15000,odd_cycle_count,0.7404761904761905,0.5506207897549584
multi,cycle_four,17,15000,nontrivial_cycle_count,0.3519047619047619,1.4382617914109004
multi,cycle_four,17,16000,fixed_points,0.9961904761904762,0.019570986467103164
multi,cycle_four,17,16000,even_cycle_count,0.3719047619047619,1.3960411907377697
multi,cycle_four,17,16000,odd_cycle_count,0.7214285714285714,0.5548379067012242
multi,cycle_four,17,16000,nontrivial_cycle_count,0.3485714285714286,1.4394678025018601
multi,cycle_four,17,17000,fixed_points,0.9952380952380953,0.022460151059286934
multi,cycle_four,17,17000,even_cycle_count,0.37666666666666665,1.3958371153331939
multi,cycle_four,17,17000,odd_cycle_count,0.7266666666666667,0.54802765528361
multi,cycle_four,17,17000,nontrivial_cycle_count,0.3442857142857143,1.4355297361101422
multi,cycle_four,17,18000,fixed_points,0.9957142857142857,0.019115210923233202
multi,cycle_four,17,18000,even_cycle_count,0.3780952380952381,1.3925803556896392
multi,cycle_four,17,18000,odd_cycle_count,0.719047619047619,0.548659773781186
multi,cycle_four,17,18000,nontrivial_cycle_count,0.34904761904761905,1.4380587659563338
multi,cycle_four,17,19000,fixed_points,0.9942857142857143,0.02426152303992283
multi,cycle_four,17,19000,even_cycle_count,0.3738095238095238,1.3954490843273344
multi,cycle_four,17,19000,odd_cycle_count,0.7219047619047619,0.5509145459674654
multi,cycle_four,17,19000,nontrivial_cycle_count,0.3514285714285714,1.435059313092913
multi,cycle_four,17,20000,fixed_points,0.9952380952380953,0.02091042645275593
multi,cycle_four,17,20000,even_cycle_count,0.3742857142857143,1.3951978302001953
multi,cycle_four,17,20000,odd_cycle_count,0.7271428571428571,0.5485233888171968
multi,cycle_four,17,20000,nontrivial_cycle_count,0.35,1.4356697845458983
multi,cycle_four,42,0,fixed_points,0.0,5.449593026297433
multi,cycle_four,42,0,even_cycle_count,0.0,5.496864638555618
multi,cycle_four,42,0,odd_cycle_count,0.0,5.508985697428385
multi,cycle_four,42,0,nontrivial_cycle_count,0.0,5.544160010928199
multi,cycle_four,42,1000,fixed_points,0.5438095238095239,1.0275946480887277
multi,cycle_four,42,1000,even_cycle_count,0.3357142857142857,1.4346189226422992
multi,cycle_four,42,1000,odd_cycle_count,0.6166666666666667,0.8758975474039713
multi,cycle_four,42,1000,nontrivial_cycle_count,0.3566666666666667,1.487704336983817
multi,cycle_four,42,2000,fixed_points,0.8433333333333334,0.4883153824579148
multi,cycle_four,42,2000,even_cycle_count,0.34095238095238095,1.4149783615838913
multi,cycle_four,42,2000,odd_cycle_count,0.6914285714285714,0.6740700985136486
multi,cycle_four,42,2000,nontrivial_cycle_count,0.35095238095238096,1.451424331665039
multi,cycle_four,42,3000,fixed_points,0.9604761904761905,0.14803180984088352
multi,cycle_four,42,3000,even_cycle_count,0.3761904761904762,1.403998743693034
multi,cycle_four,42,3000,odd_cycle_count,0.7185714285714285,0.5813151827312651
multi,cycle_four,42,3000,nontrivial_cycle_count,0.3557142857142857,1.4440115138462613
multi,cycle_four,42,4000,fixed_points,0.9719047619047619,0.11101045466604686
multi,cycle_four,42,4000,even_cycle_count,0.3780952380952381,1.4063338724772136
multi,cycle_four,42,4000,odd_cycle_count,0.7219047619047619,0.5728083347138905
multi,cycle_four,42,4000,nontrivial_cycle_count,0.36047619047619045,1.4496151333763485
multi,cycle_four,42,5000,fixed_points,0.9757142857142858,0.08901083740450087
multi,cycle_four,42,5000,even_cycle_count,0.3761904761904762,1.4030059196835472
multi,cycle_four,42,5000,odd_cycle_count,0.7219047619047619,0.5776477686564128
multi,cycle_four,42,5000,nontrivial_cycle_count,0.3538095238095238,1.4501727331252325
multi,cycle_four,42,6000,fixed_points,0.95,0.20463986777123952
multi,cycle_four,42,6000,even_cycle_count,0.37714285714285717,1.4038490695045107
multi,cycle_four,42,6000,odd_cycle_count,0.7161904761904762,0.5771344443729945
multi,cycle_four,42,6000,nontrivial_cycle_count,0.3538095238095238,1.4398106075468518
multi,cycle_four,42,7000,fixed_points,0.9795238095238096,0.07602685831841968
multi,cycle_four,42,7000,even_cycle_count,0.37714285714285717,1.4034263320196243
multi,cycle_four,42,7000,odd_cycle_count,0.7161904761904762,0.562034170968192
multi,cycle_four,42,7000,nontrivial_cycle_count,0.35714285714285715,1.4508263397216796
multi,cycle_four,42,8000,fixed_points,0.9785714285714285,0.10464583249319168
multi,cycle_four,42,8000,even_cycle_count,0.3757142857142857,1.4046299089704242
multi,cycle_four,42,8000,odd_cycle_count,0.7266666666666667,0.5680632999965123
multi,cycle_four,42,8000,nontrivial_cycle_count,0.3476190476190476,1.4476910818190802
multi,cycle_four,42,9000,fixed_points,0.9833333333333333,0.07404314411537988
multi,cycle_four,42,9000,even_cycle_count,0.37761904761904763,1.4075082760765438
multi,cycle_four,42,9000,odd_cycle_count,0.7171428571428572,0.5611707364945184
multi,cycle_four,42,9000,nontrivial_cycle_count,0.35333333333333333,1.4449325888497488
multi,cycle_four,42,10000,fixed_points,0.9857142857142858,0.05396415502542541
multi,cycle_four,42,10000,even_cycle_count,0.37714285714285717,1.4020654078892298
multi,cycle_four,42,10000,odd_cycle_count,0.7166666666666667,0.5577332819075812
multi,cycle_four,42,10000,nontrivial_cycle_count,0.3595238095238095,1.4383031118483771
multi,cycle_four,42,11000,fixed_points,0.9857142857142858,0.05947933257335708
multi,cycle_four,42,11000,even_cycle_count,0.37952380952380954,1.4064338175455728
multi,cycle_four,42,11000,odd_cycle_count,0.7,0.5665533519926526
multi,cycle_four,42,11000,nontrivial_cycle_count,0.3557142857142857,1.4408993239629837
multi,cycle_four,42,12000,fixed_points,0.9809523809523809,0.07192558426587355
multi,cycle_four,42,12000,even_cycle_count,0.38333333333333336,1.4027740333193823
multi,cycle_four,42,12000,odd_cycle_count,0.7176190476190476,0.562217090243385
multi,cycle_four,42,12000,nontrivial_cycle_count,0.35619047619047617,1.4419309252784365
multi,cycle_four,42,13000,fixed_points,0.9838095238095238,0.05624662898480892
multi,cycle_four,42,13000,even_cycle_count,0.37714285714285717,1.3989842660086496
multi,cycle_four,42,13000,odd_cycle_count,0.7152380952380952,0.558884706951323
multi,cycle_four,42,13000,nontrivial_cycle_count,0.36333333333333334,1.4383504449753535
multi,cycle_four,42,14000,fixed_points,0.9880952380952381,0.04564106372140703
multi,cycle_four,42,14000,even_cycle_count,0.3761904761904762,1.3977279844738189
multi,cycle_four,42,14000,odd_cycle_count,0.7219047619047619,0.5572621336437407
multi,cycle_four,42,14000,nontrivial_cycle_count,0.3566666666666667,1.4396337527320497
multi,cycle_four,42,15000,fixed_points,0.9880952380952381,0.050056239430393494
multi,cycle_four,42,15000,even_cycle_count,0.3852380952380952,1.4011619531540644
multi,cycle_four,42,15000,odd_cycle_count,0.72,0.5528702131907145
multi,cycle_four,42,15000,nontrivial_cycle_count,0.35714285714285715,1.4439350273495628
multi,cycle_four,42,16000,fixed_points,0.9876190476190476,0.04784237999469042
multi,cycle_four,42,16000,even_cycle_count,0.37714285714285717,1.399749497913179
multi,cycle_four,42,16000,odd_cycle_count,0.7152380952380952,0.5511060378665016
multi,cycle_four,42,16000,nontrivial_cycle_count,0.36142857142857143,1.4349188196091425
multi,cycle_four,42,17000,fixed_points,0.9904761904761905,0.04274187636517343
multi,cycle_four,42,17000,even_cycle_count,0.37761904761904763,1.3993919118245444
multi,cycle_four,42,17000,odd_cycle_count,0.7328571428571429,0.548617365700858
multi,cycle_four,42,17000,nontrivial_cycle_count,0.3547619047619048,1.4349358186267671
multi,cycle_four,42,18000,fixed_points,0.9895238095238095,0.04423410158249594
multi,cycle_four,42,18000,even_cycle_count,0.37857142857142856,1.3976259322393507
multi,cycle_four,42,18000,odd_cycle_count,0.7209523809523809,0.5546316210428873
multi,cycle_four,42,18000,nontrivial_cycle_count,0.35619047619047617,1.4368905312674387
multi,cycle_four,42,19000,fixed_points,0.9904761904761905,0.04109645795786664
multi,cycle_four,42,19000,even_cycle_count,0.37857142857142856,1.3975087338402157
multi,cycle_four,42,19000,odd_cycle_count,0.7219047619047619,0.5476173873174758
multi,cycle_four,42,19000,nontrivial_cycle_count,0.36,1.4378084164574032
multi,cycle_four,42,20000,fixed_points,0.991904761904762,0.03686976636449496
multi,cycle_four,42,20000,even_cycle_count,0.37952380952380954,1.398631322951544
multi,cycle_four,42,20000,odd_cycle_count,0.7133333333333334,0.5518775385902042
multi,cycle_four,42,20000,nontrivial_cycle_count,0.3585714285714286,1.4368910471598306
multi,cycle_none,101,0,exceedances,0.0,5.253293195452009
multi,cycle_none,101,0,cycle_count,0.0,5.384352286202567
multi,cycle_none,101,0,three_cycle_count,0.0,5.279653523763021
multi,cycle_none,101,0,odd_cycle_count,0.0,5.392889753069197
multi,cycle_none,101,1000,exceedances,0.39904761904761904,1.431300295875186
multi,cycle_none,101,1000,cycle_count,0.2814285714285714,1.7476446460542225
multi,cycle_none,101,1000,three_cycle_count,0.6966666666666667,0.7684410494849795
multi,cycle_none,101,1000,odd_cycle_count,0.6085714285714285,0.8920499165852864
multi,cycle_none,101,2000,exceedances,0.45380952380952383,1.2767676308041527
multi,cycle_none,101,2000,cycle_count,0.33285714285714285,1.5774205707368396
multi,cycle_none,101,2000,three_cycle_count,0.6966666666666667,0.768938349769229
multi,cycle_none,101,2000,odd_cycle_count,0.669047619047619,0.7458716210864839
multi,cycle_none,101,3000,exceedances,0.63,0.8407521411350796
multi,cycle_none,101,3000,cycle_count,0.32904761904761903,1.5690019117082867
multi,cycle_none,101,3000,three_cycle_count,0.6966666666666667,0.7666663905552455
multi,cycle_none,101,3000,odd_cycle_count,0.6761904761904762,0.703015856061663
multi,cycle_none,101,4000,exceedances,0.5028571428571429,1.1042636380876814
multi,cycle_none,101,4000,cycle_count,0.3219047619047619,1.5151849583217076
multi,cycle_none,101,4000,three_cycle_count,0.6966666666666667,0.7623528489612398
multi,cycle_none,101,4000,odd_cycle_count,0.7019047619047619,0.6397019095647902
multi,cycle_none,101,5000,exceedances,0.5109523809523809,1.365971987588065
multi,cycle_none,101,5000,cycle_count,0.3419047619047619,1.5290032741001673
multi,cycle_none,101,5000,three_cycle_count,0.6966666666666667,0.782864234561012
multi,cycle_none,101,5000,odd_cycle_count,0.6966666666666667,0.6471203713189988
multi,cycle_none,101,6000,exceedances,0.8985714285714286,0.28420359407152446
multi,cycle_none,101,6000,cycle_count,0.3476190476190476,1.5047686040969122
multi,cycle_none,101,6000,three_cycle_count,0.6966666666666667,0.7639483152117048
multi,cycle_none,101,6000,odd_cycle_count,0.7028571428571428,0.6178575206938244
multi,cycle_none,101,7000,exceedances,0.8014285714285714,0.4520910234678359
multi,cycle_none,101,7000,cycle_count,0.34523809523809523,1.5091409665062314
multi,cycle_none,101,7000,three_cycle_count,0.6966666666666667,0.7823057083856492
multi,cycle_none,101,7000,odd_cycle_count,0.6952380952380952,0.6180060432070777
multi,cycle_none,101,8000,exceedances,0.7052380952380952,0.9777098146506719
multi,cycle_none,101,8000,cycle_count,0.3438095238095238,1.49838990347726
multi,cycle_none,101,8000,three_cycle_count,0.6966666666666667,0.7728460330054874
multi,cycle_none,101,8000,odd_cycle_count,0.7047619047619048,0.6218519328889393
multi,cycle_none,101,9000,exceedances,0.7961904761904762,0.5250899648666382
multi,cycle_none,101,9000,cycle_count,0.35285714285714287,1.493014399210612
multi,cycle_none,101,9000,three_cycle_count,0.6966666666666667,0.7654750406174433
multi,cycle_none,101,9000,odd_cycle_count,0.7057142857142857,0.5943813878013974
multi,cycle_none,101,10000,exceedances,0.9585714285714285,0.1241106925691877
multi,cycle_none,101,10000,cycle_count,0.32904761904761903,1.490881638299851
multi,cycle_none,101,10000,three_cycle_count,0.6966666666666667,0.7612513514927456
multi,cycle_none,101,10000,odd_cycle_count,0.7123809523809523,0.6060040124257405
multi,cycle_none,101,11000,exceedances,0.7623809523809524,0.7473393262851806
multi,cycle_none,101,11000,cycle_count,0.3261904761904762,1.4991665431431362
multi,cycle_none,101,11000,three_cycle_count,0.6966666666666667,0.7868757647559756
multi,cycle_none,101,11000,odd_cycle_count,0.6995238095238095,0.6028709329877581
multi,cycle_none,101,12000,exceedances,0.9828571428571429,0.05438306670103754
multi,cycle_none,101,12000,cycle_count,0.34285714285714286,1.4871295057024274
multi,cycle_none,101,12000,three_cycle_count,0.6966666666666667,0.7743576304117838
multi,cycle_none,101,12000,odd_cycle_count,0.7152380952380952,0.5900581841241745
multi,cycle_none,101,13000,exceedances,0.9842857142857143,0.04498464419196049
multi,cycle_none,101,13000,cycle_count,0.35619047619047617,1.482031983875093
multi,cycle_none,101,13000,three_cycle_count,0.6966666666666667,0.763573366800944
multi,cycle_none,101,13000,odd_cycle_count,0.7004761904761905,0.589464848836263
multi,cycle_none,101,14000,exceedances,0.9947619047619047,0.021611845404619263
multi,cycle_none,101,14000,cycle_count,0.3380952380952381,1.4797596886044457
multi,cycle_none,101,14000,three_cycle_count,0.6966666666666667,0.7680178760346912
multi,cycle_none,101,14000,odd_cycle_count,0.6895238095238095,0.5925610165368943
multi,cycle_none,101,15000,exceedances,0.9880952380952381,0.042068588847205754
multi,cycle_none,101,15000,cycle_count,0.3419047619047619,1.4723648289271762
multi,cycle_none,101,15000,three_cycle_count,0.6966666666666667,0.7722734687441871
multi,cycle_none,101,15000,odd_cycle_count,0.7076190476190476,0.5904402737390427
multi,cycle_none,101,16000,exceedances,0.9814285714285714,0.046312655900560676
multi,cycle_none,101,16000,cycle_count,0.34714285714285714,1.4809803190685453
multi,cycle_none,101,16000,three_cycle_count,0.6966666666666667,0.7636904562087287
multi,cycle_none,101,16000,odd_cycle_count,0.7066666666666667,0.5827846563430059
multi,cycle_none,101,17000,exceedances,0.9957142857142857,0.011746857551236948
multi,cycle_none,101,17000,cycle_count,0.3433333333333333,1.465100551786877
multi,cycle_none,101,17000,three_cycle_count,0.6966666666666667,0.7637057277134487
multi,cycle_none,101,17000,odd_cycle_count,0.71,0.574383652096703
multi,cycle_none,101,18000,exceedances,0.9961904761904762,0.01270507415490491
multi,cycle_none,101,18000,cycle_count,0.3442857142857143,1.4651616577875046
multi,cycle_none,101,18000,three_cycle_count,0.6966666666666667,0.7646853928338914
multi,cycle_none,101,18000,odd_cycle_count,0.7066666666666667,0.5851937439328149
multi,cycle_none,101,19000,exceedances,0.9966666666666667,0.012208602288294406
multi,cycle_none,101,19000,cycle_count,0.34809523809523807,1.4697547767275856
multi,cycle_none,101,19000,three_cycle_count,0.6966666666666667,0.7644495319184803
multi,cycle_none,101,19000,odd_cycle_count,0.6995238095238095,0.5806486225128173
multi,cycle_none,101,20000,exceedances,0.9961904761904762,0.011751026278805164
multi,cycle_none,101,20000,cycle_count,0.35095238095238096,1.4768138195219493
multi,cycle_none,101,20000,three_cycle_count,0.6966666666666667,0.7669668797084264
multi,cycle_none,101,20000,odd_cycle_count,0.7033333333333334,0.5802427073887416
multi,cycle_none,17,0,exceedances,0.0,5.414771350678944
multi,cycle_none,17,0,cycle_count,0.0,5.364219084240141
multi,cycle_none,17,0,three_cycle_count,0.0,5.115870928083147
multi,cycle_none,17,0,odd_cycle_count,0.0,5.332438761393229
multi,cycle_none,17,1000,exceedances,0.44285714285714284,1.325420397803897
multi,cycle_none,17,1000,cycle_count,0.2823809523809524,1.7199786195300875
multi,cycle_none,17,1000,three_cycle_count,0.6966666666666667,0.7653633735293434
multi,cycle_none,17,1000,odd_cycle_count,0.5819047619047619,0.9168787093389602
multi,cycle_none,17,2000,exceedances,0.5123809523809524,1.1076675887334915
multi,cycle_none,17,2000,cycle_count,0.3376190476190476,1.5689669036865235
multi,cycle_none,17,2000,three_cycle_count,0.6966666666666667,0.7668919481549944
multi,cycle_none,17,2000,odd_cycle_count,0.6823809523809524,0.7306427219935826
multi,cycle_none,17,3000,exceedances,0.7280952380952381,0.6931230363391695
multi,cycle_none,17,3000,cycle_count,0.32904761904761903,1.5577846236456008
multi,cycle_none,17,3000,three_cycle_count,0.6966666666666667,0.7738840448288691
multi,cycle_none,17,3000,odd_cycle_count,0.6880952380952381,0.6799933161054339
multi,cycle_none,17,4000,exceedances,0.8057142857142857,0.4853438540867397
multi,cycle_none,17,4000,cycle_count,0.34095238095238095,1.522125712803432
multi,cycle_none,17,4000,three_cycle_count,0.6966666666666667,0.7648941712152391
multi,cycle_none,17,4000,odd_cycle_count,0.7014285714285714,0.6575634574890137
multi,cycle_none,17,5000,exceedances,0.8571428571428571,0.3560619208926246
multi,cycle_none,17,5000,cycle_count,0.33476190476190476,1.516525918869745
multi,cycle_none,17,5000,three_cycle_count,0.6966666666666667,0.7661846705845424
multi,cycle_none,17,5000,odd_cycle_count,0.6957142857142857,0.6426287514822824
multi,cycle_none,17,6000,exceedances,0.8652380952380953,0.3316665295192174
multi,cycle_none,17,6000,cycle_count,0.33666666666666667,1.5036397479829333
multi,cycle_none,17,6000,three_cycle_count,0.6966666666666667,0.7647046770368303
multi,cycle_none,17,6000,odd_cycle_count,0.6904761904761905,0.6369303403581892
multi,cycle_none,17,7000,exceedances,0.810952380952381,0.428283649228868
multi,cycle_none,17,7000,cycle_count,0.33380952380952383,1.506207536969866
multi,cycle_none,17,7000,three_cycle_count,0.6966666666666667,0.7687573877970377
multi,cycle_none,17,7000,odd_cycle_count,0.700952380952381,0.6255480294000535
multi,cycle_none,17,8000,exceedances,0.9095238095238095,0.220148952404658
multi,cycle_none,17,8000,cycle_count,0.3461904761904762,1.4777342514764695
multi,cycle_none,17,8000,three_cycle_count,0.6966666666666667,0.7647664751325335
multi,cycle_none,17,8000,odd_cycle_count,0.7128571428571429,0.5961290041605631
multi,cycle_none,17,9000,exceedances,0.8842857142857142,0.2952407793771653
multi,cycle_none,17,9000,cycle_count,0.3438095238095238,1.4725539252871558
multi,cycle_none,17,9000,three_cycle_count,0.6966666666666667,0.7640271977015904
multi,cycle_none,17,9000,odd_cycle_count,0.7219047619047619,0.5982245931171235
multi,cycle_none,17,10000,exceedances,0.9657142857142857,0.08765415981411934
multi,cycle_none,17,10000,cycle_count,0.33666666666666667,1.4784130459740048
multi,cycle_none,17,10000,three_cycle_count,0.6966666666666667,0.7707803344726563
multi,cycle_none,17,10000,odd_cycle_count,0.7085714285714285,0.5982433500744048
multi,cycle_none,17,11000,exceedances,0.9776190476190476,0.06227744711296899
multi,cycle_none,17,11000,cycle_count,0.3433333333333333,1.476292263212658
multi,cycle_none,17,11000,three_cycle_count,0.6966666666666667,0.7610236340477353
multi,cycle_none,17,11000,odd_cycle_count,0.7223809523809523,0.5686111495608375
multi,cycle_none,17,12000,exceedances,0.9838095238095238,0.04834460234358197
multi,cycle_none,17,12000,cycle_count,0.3438095238095238,1.472536875406901
multi,cycle_none,17,12000,three_cycle_count,0.6966666666666667,0.7684628168741862
multi,cycle_none,17,12000,odd_cycle_count,0.7242857142857143,0.5750871354057675
multi,cycle_none,17,13000,exceedances,0.9771428571428571,0.06797287649341992
multi,cycle_none,17,13000,cycle_count,0.3361904761904762,1.4687882232666016
multi,cycle_none,17,13000,three_cycle_count,0.6966666666666667,0.7622822843279158
multi,cycle_none,17,13000,odd_cycle_count,0.7185714285714285,0.558953533626738
multi,cycle_none,17,14000,exceedances,0.9909523809523809,0.03196529843977519
multi,cycle_none,17,14000,cycle_count,0.3433333333333333,1.4717415855044411
multi,cycle_none,17,14000,three_cycle_count,0.6966666666666667,0.7621629170009068
multi,cycle_none,17,14000,odd_cycle_count,0.7161904761904762,0.5658394550141834
multi,cycle_none,17,15000,exceedances,0.9904761904761905,0.023221586137300444
multi,cycle_none,17,15000,cycle_count,0.34714285714285714,1.459908447265625
multi,cycle_none,17,15000,three_cycle_count,0.6966666666666667,0.7631941986083984
multi,cycle_none,17,15000,odd_cycle_count,0.7304761904761905,0.5598301442464193
multi,cycle_none,17,16000,exceedances,0.9904761904761905,0.026825035888524282
multi,cycle_none,17,16000,cycle_count,0.3485714285714286,1.4728031794230143
multi,cycle_none,17,16000,three_cycle_count,0.6966666666666667,0.7618773760114397
multi,cycle_none,17,16000,odd_cycle_count,0.7157142857142857,0.5634872695377895
multi,cycle_none,17,17000,exceedances,0.9957142857142857,0.010819336236232803
multi,cycle_none,17,17000,cycle_count,0.33904761904761904,1.4725127883184523
multi,cycle_none,17,17000,three_cycle_count,0.6966666666666667,0.7635882386707125
multi,cycle_none,17,17000,odd_cycle_count,0.7061904761904761,0.5604392991747175
multi,cycle_none,17,18000,exceedances,0.9942857142857143,0.013559158032848722
multi,cycle_none,17,18000,cycle_count,0.34714285714285714,1.4879485212053571
multi,cycle_none,17,18000,three_cycle_count,0.6966666666666667,0.7649159458705357
multi,cycle_none,17,18000,odd_cycle_count,0.7033333333333334,0.5624835713704427
multi,cycle_none,17,19000,exceedances,0.9947619047619047,0.013061436157496203
multi,cycle_none,17,19000,cycle_count,0.3495238095238095,1.486588596162342
multi,cycle_none,17,19000,three_cycle_count,0.6966666666666667,0.762129990713937
multi,cycle_none,17,19000,odd_cycle_count,0.7061904761904761,0.5691575499943324
multi,cycle_none,17,20000,exceedances,0.9957142857142857,0.01136750988484848
multi,cycle_none,17,20000,cycle_count,0.34904761904761905,1.483895710536412
multi,cycle_none,17,20000,three_cycle_count,0.6966666666666667,0.7615009053548177
multi,cycle_none,17,20000,odd_cycle_count,0.7219047619047619,0.5578987262362526
multi,cycle_none,42,0,exceedances,0.0,5.321372288295201
multi,cycle_none,42,0,cycle_count,0.0,5.493432384672619
multi,cycle_none,42,0,three_cycle_count,0.0,5.390540451776413
multi,cycle_none,42,0,odd_cycle_count,0.0,5.508985697428385
multi,cycle_none,42,1000,exceedances,0.4114285714285714,1.3574677421933128
multi,cycle_none,42,1000,cycle_count,0.24047619047619048,1.7727126057942708
multi,cycle_none,42,1000,three_cycle_count,0.6966666666666667,0.7815621058146159
multi,cycle_none,42,1000,odd_cycle_count,0.5747619047619048,0.9670689264933269
multi,cycle_none,42,2000,exceedances,0.48523809523809525,1.1771441650390626
multi,cycle_none,42,2000,cycle_count,0.33285714285714285,1.5577991013299852
multi,cycle_none,42,2000,three_cycle_count,0.6966666666666667,0.7801623498825799
multi,cycle_none,42,2000,odd_cycle_count,0.6714285714285714,0.712548953465053
multi,cycle_none,42,3000,exceedances,0.7404761904761905,0.655594436100551
multi,cycle_none,42,3000,cycle_count,0.3414285714285714,1.5192144339425224
multi,cycle_none,42,3000,three_cycle_count,0.6966666666666667,0.7753554098946708
multi,cycle_none,42,3000,odd_cycle_count,0.690952380952381,0.641903133392334
multi,cycle_none,42,4000,exceedances,0.7995238095238095,0.4966368986311413
multi,cycle_none,42,4000,cycle_count,0.33285714285714285,1.5110651325044178
multi,cycle_none,42,4000,three_cycle_count,0.6966666666666667,0.7739269747052874
multi,cycle_none,42,4000,odd_cycle_count,0.7104761904761905,0.61707213810512
multi,cycle_none,42,5000,exceedances,0.7209523809523809,0.6914253688993908
multi,cycle_none,42,5000,cycle_count,0.33666666666666667,1.49471189953032
multi,cycle_none,42,5000,three_cycle_count,0.6966666666666667,0.7616844903855097
multi,cycle_none,42,5000,odd_cycle_count,0.7104761904761905,0.6234103961217972
multi,cycle_none,42,6000,exceedances,0.8019047619047619,0.45821402413504464
multi,cycle_none,42,6000,cycle_count,0.33380952380952383,1.5023010471888951
multi,cycle_none,42,6000,three_cycle_count,0.6966666666666667,0.7641561199369885
multi,cycle_none,42,6000,odd_cycle_count,0.7195238095238096,0.591993293762207
multi,cycle_none,42,7000,exceedances,0.950952380952381,0.1601159096615655
multi,cycle_none,42,7000,cycle_count,0.35095238095238096,1.508257104782831
multi,cycle_none,42,7000,three_cycle_count,0.6966666666666667,0.7622389729817708
multi,cycle_none,42,7000,odd_cycle_count,0.7214285714285714,0.5875506292070661
multi,cycle_none,42,8000,exceedances,0.9142857142857143,0.2206620832851955
multi,cycle_none,42,8000,cycle_count,0.3342857142857143,1.516876493181501
multi,cycle_none,42,8000,three_cycle_count,0.6966666666666667,0.7748512831188383
multi,cycle_none,42,8000,odd_cycle_count,0.7071428571428572,0.5926513953435989
multi,cycle_none,42,9000,exceedances,0.9414285714285714,0.16237601910318647
multi,cycle_none,42,9000,cycle_count,0.3495238095238095,1.4827627708798363
multi,cycle_none,42,9000,three_cycle_count,0.6966666666666667,0.7644975407918294
multi,cycle_none,42,9000,odd_cycle_count,0.7204761904761905,0.586446608588809
multi,cycle_none,42,10000,exceedances,0.939047619047619,0.15349735838316736
multi,cycle_none,42,10000,cycle_count,0.32857142857142857,1.4846917361304874
multi,cycle_none,42,10000,three_cycle_count,0.6966666666666667,0.7632366561889649
multi,cycle_none,42,10000,odd_cycle_count,0.7066666666666667,0.5826754215785436
multi,cycle_none,42,11000,exceedances,0.92,0.20629393530743462
multi,cycle_none,42,11000,cycle_count,0.3314285714285714,1.481373047601609
multi,cycle_none,42,11000,three_cycle_count,0.6966666666666667,0.7633318619501023
multi,cycle_none,42,11000,odd_cycle_count,0.7,0.5851458608536493
multi,cycle_none,42,12000,exceedances,0.9847619047619047,0.04420283250155903
multi,cycle_none,42,12000,cycle_count,0.3461904761904762,1.4860453869047618
multi,cycle_none,42,12000,three_cycle_count,0.6966666666666667,0.7646861376081194
multi,cycle_none,42,12000,odd_cycle_count,0.7123809523809523,0.5679731005714053
multi,cycle_none,42,13000,exceedances,0.9933333333333333,0.01961741956571738
multi,cycle_none,42,13000,cycle_count,0.34809523809523807,1.4775063578287762
multi,cycle_none,42,13000,three_cycle_count,0.6966666666666667,0.7616979580833798
multi,cycle_none,42,13000,odd_cycle_count,0.7114285714285714,0.5789564014616466
multi,cycle_none,42,14000,exceedances,0.9942857142857143,0.0176046773152692
multi,cycle_none,42,14000,cycle_count,0.35523809523809524,1.4737450445265996
multi,cycle_none,42,14000,three_cycle_count,0.6966666666666667,0.7730255181448801
multi,cycle_none,42,14000,odd_cycle_count,0.7161904761904762,0.5674654860723586
multi,cycle_none,42,15000,exceedances,0.9938095238095238,0.01869659050589516
multi,cycle_none,42,15000,cycle_count,0.3547619047619048,1.4686197480701264
multi,cycle_none,42,15000,three_cycle_count,0.6966666666666667,0.7626334926060268
multi,cycle_none,42,15000,odd_cycle_count,0.7023809523809523,0.5763052313668388
multi,cycle_none,42,16000,exceedances,0.9985714285714286,0.007629757067632107
multi,cycle_none,42,16000,cycle_count,0.3485714285714286,1.467996597290039
multi,cycle_none,42,16000,three_cycle_count,0.6966666666666667,0.7622754651024228
multi,cycle_none,42,16000,odd_cycle_count,0.7138095238095238,0.5600573675973075
multi,cycle_none,42,17000,exceedances,0.9966666666666667,0.009490214169380212
multi,cycle_none,42,17000,cycle_count,0.3442857142857143,1.4638597924368721
multi,cycle_none,42,17000,three_cycle_count,0.6966666666666667,0.7620207813807897
multi,cycle_none,42,17000,odd_cycle_count,0.710952380952381,0.5607745474860781
multi,cycle_none,42,18000,exceedances,0.9976190476190476,0.0069929380963246026
multi,cycle_none,42,18000,cycle_count,0.3576190476190476,1.4709576906476702
multi,cycle_none,42,18000,three_cycle_count,0.6966666666666667,0.7674134790329706
multi,cycle_none,42,18000,odd_cycle_count,0.7076190476190476,0.5683041954040527
multi,cycle_none,42,19000,exceedances,0.9976190476190476,0.007000502224656798
multi,cycle_none,42,19000,cycle_count,0.3466666666666667,1.472696086338588
multi,cycle_none,42,19000,three_cycle_count,0.6966666666666667,0.7622366550990514
multi,cycle_none,42,19000,odd_cycle_count,0.7204761904761905,0.5552862916673933
multi,cycle_none,42,20000,exceedances,0.9952380952380953,0.010185901742605936
multi,cycle_none,42,20000,cycle_count,0.3442857142857143,1.4759425644647508
multi,cycle_none,42,20000,three_cycle_count,0.6971428571428572,0.7635579754057384
multi,cycle_none,42,20000,odd_cycle_count,0.7142857142857143,0.5645204825628372
multi,cycle_three,101,0,fixed_points,0.0,5.327773931594122
multi,cycle_three,101,0,cycle_count,0.0,5.384352286202567
multi,cycle_three,101,0,nontrivial_cycle_count,0.0,5.348403087797619
multi,cycle_three,101,0,components,0.0,5.499198957170759
multi,cycle_three,101,1000,fixed_points,0.5257142857142857,1.1039869054158529
multi,cycle_three,101,1000,cycle_count,0.30952380952380953,1.7089386603945778
multi,cycle_three,101,1000,nontrivial_cycle_count,0.35904761904761906,1.4511391485305059
multi,cycle_three,101,1000,components,0.9257142857142857,0.26306435085478286
multi,cycle_three,101,2000,fixed_points,0.8785714285714286,0.35885077476501465
multi,cycle_three,101,2000,cycle_count,0.3314285714285714,1.5154950169154575
multi,cycle_three,101,2000,nontrivial_cycle_count,0.3476190476190476,1.457483669462658
multi,cycle_three,101,2000,components,0.9285714285714286,0.23362720489501954
multi,cycle_three,101,3000,fixed_points,0.9523809523809523,0.15523307732173375
multi,cycle_three,101,3000,cycle_count,0.3314285714285714,1.495012977236793
multi,cycle_three,101,3000,nontrivial_cycle_count,0.3566666666666667,1.4437114751906621
multi,cycle_three,101,3000,components,0.9461904761904761,0.16652182800429208
multi,cycle_three,101,4000,fixed_points,0.9604761904761905,0.11350320089431036
multi,cycle_three,101,4000,cycle_count,0.3495238095238095,1.4748367345900764
multi,cycle_three,101,4000,nontrivial_cycle_count,0.3580952380952381,1.4379305703299385
multi,cycle_three,101,4000,components,0.9766666666666667,0.10171671424593244
multi,cycle_three,101,5000,fixed_points,0.9742857142857143,0.07942939272948674
multi,cycle_three,101,5000,cycle_count,0.3547619047619048,1.4687550680977957
multi,cycle_three,101,5000,nontrivial_cycle_count,0.3476190476190476,1.4672666495186941
multi,cycle_three,101,5000,components,0.9776190476190476,0.08703832267295747
multi,cycle_three,101,6000,fixed_points,0.9738095238095238,0.08422893586612883
multi,cycle_three,101,6000,cycle_count,0.3385714285714286,1.4844473411923362
multi,cycle_three,101,6000,nontrivial_cycle_count,0.3576190476190476,1.4403392392113095
multi,cycle_three,101,6000,components,0.9823809523809524,0.07399932116270065
multi,cycle_three,101,7000,fixed_points,0.9780952380952381,0.07185201187928518
multi,cycle_three,101,7000,cycle_count,0.3361904761904762,1.4826590474446615
multi,cycle_three,101,7000,nontrivial_cycle_count,0.3547619047619048,1.4589336050124395
multi,cycle_three,101,7000,components,0.9847619047619047,0.05950766091545423
multi,cycle_three,101,8000,fixed_points,0.9814285714285714,0.06133249667428789
multi,cycle_three,101,8000,cycle_count,0.35285714285714287,1.4662071010044644
multi,cycle_three,101,8000,nontrivial_cycle_count,0.3438095238095238,1.4492864408947173
multi,cycle_three,101,8000,components,0.9814285714285714,0.07565166748350576
multi,cycle_three,101,9000,fixed_points,0.9866666666666667,0.038879963415009634
multi,cycle_three,101,9000,cycle_count,0.3504761904761905,1.4529669661748976
multi,cycle_three,101,9000,nontrivial_cycle_count,0.3495238095238095,1.4430555779593333
multi,cycle_three,101,9000,components,0.9866666666666667,0.05303679456313451
multi,cycle_three,101,10000,fixed_points,0.9857142857142858,0.041552251541898365
multi,cycle_three,101,10000,cycle_count,0.3438095238095238,1.4502498990013486
multi,cycle_three,101,10000,nontrivial_cycle_count,0.3485714285714286,1.438433347429548
multi,cycle_three,101,10000,components,0.9871428571428571,0.05491667713792551
multi,cycle_three,101,11000,fixed_points,0.9833333333333333,0.04510639270146688
multi,cycle_three,101,11000,cycle_count,0.3404761904761905,1.4630219432285854
multi,cycle_three,101,11000,nontrivial_cycle_count,0.3576190476190476,1.444297627040318
multi,cycle_three,101,11000,components,0.9871428571428571,0.05062244351421084
multi,cycle_three,101,12000,fixed_points,0.9866666666666667,0.04617321523527304
multi,cycle_three,101,12000,cycle_count,0.3476190476190476,1.4521200343540737
multi,cycle_three,101,12000,nontrivial_cycle_count,0.35333333333333333,1.4310116395496186
multi,cycle_three,101,12000,components,0.9880952380952381,0.04763936131483033
multi,cycle_three,101,13000,fixed_points,0.9842857142857143,0.04094851222066652
multi,cycle_three,101,13000,cycle_count,0.3438095238095238,1.4642170115879605
multi,cycle_three,101,13000,nontrivial_cycle_count,0.3566666666666667,1.4394780059087844
multi,cycle_three,101,13000,components,0.99,0.04427364757728009
multi,cycle_three,101,14000,fixed_points,0.9861904761904762,0.04312061553022691
multi,cycle_three,101,14000,cycle_count,0.3595238095238095,1.463465966724214
multi,cycle_three,101,14000,nontrivial_cycle_count,0.3576190476190476,1.4383184778122675
multi,cycle_three,101,14000,components,0.9904761904761905,0.042820187796439445
multi,cycle_three,101,15000,fixed_points,0.99,0.024166914792287917
multi,cycle_three,101,15000,cycle_count,0.35619047619047617,1.4550163614182245
multi,cycle_three,101,15000,nontrivial_cycle_count,0.3595238095238095,1.4390183766682942
multi,cycle_three,101,15000,components,0.9914285714285714,0.040829275864220804
multi,cycle_three,101,16000,fixed_points,0.99,0.026863594553655102
multi,cycle_three,101,16000,cycle_count,0.3504761904761905,1.4610607528686523
multi,cycle_three,101,16000,nontrivial_cycle_count,0.35904761904761906,1.4396334003266833
multi,cycle_three,101,16000,components,0.99,0.03884995949410257
multi,cycle_three,101,17000,fixed_points,0.9928571428571429,0.017767709119334108
multi,cycle_three,101,17000,cycle_count,0.35428571428571426,1.4532472083682106
multi,cycle_three,101,17000,nontrivial_cycle_count,0.35714285714285715,1.4396440760294595
multi,cycle_three,101,17000,components,0.9909523809523809,0.04047508091089271
multi,cycle_three,101,18000,fixed_points,0.9942857142857143,0.01844755722830693
multi,cycle_three,101,18000,cycle_count,0.34809523809523807,1.4560782060169037
multi,cycle_three,101,18000,nontrivial_cycle_count,0.35619047619047617,1.4396118672688802
multi,cycle_three,101,18000,components,0.9923809523809524,0.03438693940284706
multi,cycle_three,101,19000,fixed_points,0.9933333333333333,0.01763143891202552
multi,cycle_three,101,19000,cycle_count,0.3580952380952381,1.459764923822312
multi,cycle_three,101,19000,nontrivial_cycle_count,0.36,1.4421300433930897
multi,cycle_three,101,19000,components,0.9923809523809524,0.03669057393712657
multi,cycle_three,101,20000,fixed_points,0.9938095238095238,0.017692830449058897
multi,cycle_three,101,20000,cycle_count,0.34904761904761905,1.4592355492001488
multi,cycle_three,101,20000,nontrivial_cycle_count,0.36142857142857143,1.4408740016392299
multi,cycle_three,101,20000,components,0.991904761904762,0.03429493511006946
multi,cycle_three,17,0,fixed_points,0.0,5.232885393415178
multi,cycle_three,17,0,cycle_count,0.0,5.364219084240141
multi,cycle_three,17,0,nontrivial_cycle_count,0.0,5.359599507649739
multi,cycle_three,17,0,components,0.0,5.333327912830171
multi,cycle_three,17,1000,fixed_points,0.6095238095238096,0.942265248979841
multi,cycle_three,17,1000,cycle_count,0.30904761904761907,1.6734940011160715
multi,cycle_three,17,1000,nontrivial_cycle_count,0.34,1.4994955698649088
multi,cycle_three,17,1000,components,0.9333333333333333,0.25270777532032557
multi,cycle_three,17,2000,fixed_points,0.8995238095238095,0.32402255467006136
multi,cycle_three,17,2000,cycle_count,0.3557142857142857,1.500713635399228
multi,cycle_three,17,2000,nontrivial_cycle_count,0.36095238095238097,1.4541593533470518
multi,cycle_three,17,2000,components,0.9504761904761905,0.18438547179812476
multi,cycle_three,17,3000,fixed_points,0.9342857142857143,0.21973359834580194
multi,cycle_three,17,3000,cycle_count,0.35619047619047617,1.4882711719331287
multi,cycle_three,17,3000,nontrivial_cycle_count,0.3514285714285714,1.4510488855271113
multi,cycle_three,17,3000,components,0.9638095238095238,0.1484051089059739
multi,cycle_three,17,4000,fixed_points,0.9585714285714285,0.1443003091358003
multi,cycle_three,17,4000,cycle_count,0.3523809523809524,1.49322874886649
multi,cycle_three,17,4000,nontrivial_cycle_count,0.34714285714285714,1.4631512850806827
multi,cycle_three,17,4000,components,0.9633333333333334,0.14468053533917383
multi,cycle_three,17,5000,fixed_points,0.9642857142857143,0.12465271924223219
multi,cycle_three,17,5000,cycle_count,0.35,1.4695342254638672
multi,cycle_three,17,5000,nontrivial_cycle_count,0.35904761904761906,1.4408341035388765
multi,cycle_three,17,5000,components,0.9742857142857143,0.10812691819100152
multi,cycle_three,17,6000,fixed_points,0.9709523809523809,0.09784096314793542
multi,cycle_three,17,6000,cycle_count,0.3419047619047619,1.4700215475899832
multi,cycle_three,17,6000,nontrivial_cycle_count,0.3485714285714286,1.4467815435500373
multi,cycle_three,17,6000,components,0.9738095238095238,0.10009429169552667
multi,cycle_three,17,7000,fixed_points,0.9795238095238096,0.0674834988798414
multi,cycle_three,17,7000,cycle_count,0.3438095238095238,1.4692862774076916
multi,cycle_three,17,7000,nontrivial_cycle_count,0.3519047619047619,1.4464630344935825
multi,cycle_three,17,7000,components,0.9842857142857143,0.07798628737529119
multi,cycle_three,17,8000,fixed_points,0.9838095238095238,0.06709028481017976
multi,cycle_three,17,8000,cycle_count,0.3438095238095238,1.4618582189650762
multi,cycle_three,17,8000,nontrivial_cycle_count,0.3514285714285714,1.438682359967913
multi,cycle_three,17,8000,components,0.9857142857142858,0.06896039920193808
multi,cycle_three,17,9000,fixed_points,0.9880952380952381,0.04025260429297175
multi,cycle_three,17,9000,cycle_count,0.35619047619047617,1.4573561386835008
multi,cycle_three,17,9000,nontrivial_cycle_count,0.34714285714285714,1.439389165242513
multi,cycle_three,17,9000,components,0.9857142857142858,0.06425612035251799
multi,cycle_three,17,10000,fixed_points,0.9866666666666667,0.04643885942442077
multi,cycle_three,17,10000,cycle_count,0.3495238095238095,1.4609876505533854
multi,cycle_three,17,10000,nontrivial_cycle_count,0.35333333333333333,1.4442396836053757
multi,cycle_three,17,10000,components,0.9871428571428571,0.05942066457654749
multi,cycle_three,17,11000,fixed_points,0.9923809523809524,0.025002816010798727
multi,cycle_three,17,11000,cycle_count,0.3476190476190476,1.4677497791108631
multi,cycle_three,17,11000,nontrivial_cycle_count,0.3576190476190476,1.4423941112699963
multi,cycle_three,17,11000,components,0.9861904761904762,0.06178791689376036
multi,cycle_three,17,12000,fixed_points,0.9909523809523809,0.03183255952915975
multi,cycle_three,17,12000,cycle_count,0.3476190476190476,1.463792466663179
multi,cycle_three,17,12000,nontrivial_cycle_count,0.3523809523809524,1.4387930806477864
multi,cycle_three,17,12000,components,0.9876190476190476,0.05849679036509423
multi,cycle_three,17,13000,fixed_points,0.9876190476190476,0.034786372732903276
multi,cycle_three,17,13000,cycle_count,0.34904761904761905,1.451975330171131
multi,cycle_three,17,13000,nontrivial_cycle_count,0.35285714285714287,1.435039073399135
multi,cycle_three,17,13000,components,0.9861904761904762,0.054901225907461985
multi,cycle_three,17,14000,fixed_points,0.9952380952380953,0.015700989376221386
multi,cycle_three,17,14000,cycle_count,0.34714285714285714,1.4632953916277205
multi,cycle_three,17,14000,nontrivial_cycle_count,0.3466666666666667,1.4414646966116769
multi,cycle_three,17,14000,components,0.9890476190476191,0.04646322319195384
multi,cycle_three,17,15000,fixed_points,0.9942857142857143,0.02032119805436759
multi,cycle_three,17,15000,cycle_count,0.3538095238095238,1.45477231888544
multi,cycle_three,17,15000,nontrivial_cycle_count,0.3538095238095238,1.433907961164202
multi,cycle_three,17,15000,components,0.9842857142857143,0.06318285261591275
multi,cycle_three,17,16000,fixed_points,0.9957142857142857,0.017236960303215754
multi,cycle_three,17,16000,cycle_count,0.3495238095238095,1.452859355381557
multi,cycle_three,17,16000,nontrivial_cycle_count,0.35904761904761906,1.433833988734654
multi,cycle_three,17,16000,components,0.9871428571428571,0.05227132701270637
multi,cycle_three,17,17000,fixed_points,0.9957142857142857,0.014054893039699111
multi,cycle_three,17,17000,cycle_count,0.35333333333333333,1.4543037814185733
multi,cycle_three,17,17000,nontrivial_cycle_count,0.37238095238095237,1.4375356238228933
multi,cycle_three,17,17000,components,0.9852380952380952,0.051756970188802195
multi,cycle_three,17,18000,fixed_points,0.9966666666666667,0.013525917317186083
multi,cycle_three,17,18000,cycle_count,0.3466666666666667,1.4558131372360956
multi,cycle_three,17,18000,nontrivial_cycle_count,0.3576190476190476,1.4386094265892393
multi,cycle_three,17,18000,components,0.9876190476190476,0.05022391402118263
multi,cycle_three,17,19000,fixed_points,0.9961904761904762,0.014408057016276178
multi,cycle_three,17,19000,cycle_count,0.3519047619047619,1.4592777034214566
multi,cycle_three,17,19000,nontrivial_cycle_count,0.36333333333333334,1.441456527709961
multi,cycle_three,17,19000,components,0.9885714285714285,0.050025584777551035
multi,cycle_three,17,20000,fixed_points,0.9947619047619047,0.014538232835807971
multi,cycle_three,17,20000,cycle_count,0.3538095238095238,1.4608644866943359
multi,cycle_three,17,20000,nontrivial_cycle_count,0.3585714285714286,1.4387053971063524
multi,cycle_three,17,20000,components,0.9880952380952381,0.04985752309716883
multi,cycle_three,42,0,fixed_points,0.0,5.449593026297433
multi,cycle_three,42,0,cycle_count,0.0,5.493432384672619
multi,cycle_three,42,0,nontrivial_cycle_count,0.0,5.544160010928199
multi,cycle_three,42,0,components,0.0,5.449608401343936
multi,cycle_three,42,1000,fixed_points,0.4561904761904762,1.2018564987182616
multi,cycle_three,42,1000,cycle_count,0.27666666666666667,1.7718309783935546
multi,cycle_three,42,1000,nontrivial_cycle_count,0.3504761904761905,1.4789824167887369
multi,cycle_three,42,1000,components,0.9347619047619048,0.26057898634955995
multi,cycle_three,42,2000,fixed_points,0.47714285714285715,1.073362510317848
multi,cycle_three,42,2000,cycle_count,0.31857142857142856,1.641099628266834
multi,cycle_three,42,2000,nontrivial_cycle_count,0.35619047619047617,1.454743685041155
multi,cycle_three,42,2000,components,0.9347619047619048,0.23636455728894187
multi,cycle_three,42,3000,fixed_points,0.86,0.4379057062239874
multi,cycle_three,42,3000,cycle_count,0.3357142857142857,1.5354925101143972
multi,cycle_three,42,3000,nontrivial_cycle_count,0.35619047619047617,1.4478897022065662
multi,cycle_three,42,3000,components,0.9385714285714286,0.22556523436591738
multi,cycle_three,42,4000,fixed_points,0.9319047619047619,0.21667378879728771
multi,cycle_three,42,4000,cycle_count,0.3380952380952381,1.4926732054210845
multi,cycle_three,42,4000,nontrivial_cycle_count,0.3523809523809524,1.4529902539934432
multi,cycle_three,42,4000,components,0.95,0.1669551219826653
multi,cycle_three,42,5000,fixed_points,0.9628571428571429,0.12963035668645587
multi,cycle_three,42,5000,cycle_count,0.3461904761904762,1.4800279054187593
multi,cycle_three,42,5000,nontrivial_cycle_count,0.35619047619047617,1.4480617650349934
multi,cycle_three,42,5000,components,0.9633333333333334,0.13807575861612956
multi,cycle_three,42,6000,fixed_points,0.9614285714285714,0.10674892499333337
multi,cycle_three,42,6000,cycle_count,0.3514285714285714,1.4698533848353794
multi,cycle_three,42,6000,nontrivial_cycle_count,0.35428571428571426,1.4424176860990978
multi,cycle_three,42,6000,components,0.9757142857142858,0.09933366727261317
multi,cycle_three,42,7000,fixed_points,0.9685714285714285,0.11688808810143243
multi,cycle_three,42,7000,cycle_count,0.35714285714285715,1.474433350335984
multi,cycle_three,42,7000,nontrivial_cycle_count,0.36047619047619045,1.4425724756150018
multi,cycle_three,42,7000,components,0.9809523809523809,0.07789347997733524
multi,cycle_three,42,8000,fixed_points,0.9742857142857143,0.08441920876502991
multi,cycle_three,42,8000,cycle_count,0.35,1.4706802985781715
multi,cycle_three,42,8000,nontrivial_cycle_count,0.34476190476190477,1.4461657133556547
multi,cycle_three,42,8000,components,0.98,0.07605821102148011
multi,cycle_three,42,9000,fixed_points,0.9776190476190476,0.08104499516032991
multi,cycle_three,42,9000,cycle_count,0.36428571428571427,1.472220193772089
multi,cycle_three,42,9000,nontrivial_cycle_count,0.3628571428571429,1.4437959907168434
multi,cycle_three,42,9000,components,0.981904761904762,0.06332351512852169
multi,cycle_three,42,10000,fixed_points,0.9771428571428571,0.0826037069161733
multi,cycle_three,42,10000,cycle_count,0.3523809523809524,1.4592256055559432
multi,cycle_three,42,10000,nontrivial_cycle_count,0.3466666666666667,1.4434281049455915
multi,cycle_three,42,10000,components,0.9814285714285714,0.07285928682911964
multi,cycle_three,42,11000,fixed_points,0.9785714285714285,0.06866400174441792
multi,cycle_three,42,11000,cycle_count,0.3433333333333333,1.4628480348132906
multi,cycle_three,42,11000,nontrivial_cycle_count,0.3485714285714286,1.4462791987827845
multi,cycle_three,42,11000,components,0.9871428571428571,0.05742253359229792
multi,cycle_three,42,12000,fixed_points,0.9847619047619047,0.04773340620100498
multi,cycle_three,42,12000,cycle_count,0.3504761904761905,1.4636983417329335
multi,cycle_three,42,12000,nontrivial_cycle_count,0.35095238095238096,1.4457087544032505
multi,cycle_three,42,12000,components,0.9895238095238095,0.0470095456356094
multi,cycle_three,42,13000,fixed_points,0.9890476190476191,0.045078617632389066
multi,cycle_three,42,13000,cycle_count,0.3519047619047619,1.4603500366210938
multi,cycle_three,42,13000,nontrivial_cycle_count,0.3476190476190476,1.4451353145781018
multi,cycle_three,42,13000,components,0.9885714285714285,0.042720264941453936
multi,cycle_three,42,14000,fixed_points,0.99,0.03900023556890942
multi,cycle_three,42,14000,cycle_count,0.3495238095238095,1.454162421453567
multi,cycle_three,42,14000,nontrivial_cycle_count,0.3514285714285714,1.4369955317179361
multi,cycle_three,42,14000,components,0.9895238095238095,0.048887535965158824
multi,cycle_three,42,15000,fixed_points,0.9923809523809524,0.03501519646672976
multi,cycle_three,42,15000,cycle_count,0.3595238095238095,1.4615698841639928
multi,cycle_three,42,15000,nontrivial_cycle_count,0.35285714285714287,1.442569808959961
multi,cycle_three,42,15000,components,0.9914285714285714,0.041010197239617505
multi,cycle_three,42,16000,fixed_points,0.9928571428571429,0.029799329620741662
multi,cycle_three,42,16000,cycle_count,0.3514285714285714,1.4539356776646206
multi,cycle_three,42,16000,nontrivial_cycle_count,0.3495238095238095,1.4397182282947358
multi,cycle_three,42,16000,components,0.9914285714285714,0.04126291815546297
multi,cycle_three,42,17000,fixed_points,0.9928571428571429,0.03203690323180386
multi,cycle_three,42,17000,cycle_count,0.35285714285714287,1.4545388303484235
multi,cycle_three,42,17000,nontrivial_cycle_count,0.35523809523809524,1.442409188406808
multi,cycle_three,42,17000,components,0.9876190476190476,0.04532227643188976
multi,cycle_three,42,18000,fixed_points,0.9914285714285714,0.03555924459582283
multi,cycle_three,42,18000,cycle_count,0.34809523809523807,1.4486404291788737
multi,cycle_three,42,18000,nontrivial_cycle_count,0.3547619047619048,1.441691618419829
multi,cycle_three,42,18000,components,0.9909523809523809,0.03772276717814661
multi,cycle_three,42,19000,fixed_points,0.9928571428571429,0.029393532522732302
multi,cycle_three,42,19000,cycle_count,0.35,1.4559871964227586
multi,cycle_three,42,19000,nontrivial_cycle_count,0.35428571428571426,1.446025136311849
multi,cycle_three,42,19000,components,0.9909523809523809,0.04810188487083429
multi,cycle_three,42,20000,fixed_points,0.9938095238095238,0.028183642418256827
multi,cycle_three,42,20000,cycle_count,0.3580952380952381,1.4543626585460845
multi,cycle_three,42,20000,nontrivial_cycle_count,0.34904761904761905,1.4470355151948475
multi,cycle_three,42,20000,components,0.9904761904761905,0.04742346881667063
multi,interior_four,101,0,peaks,0.0,5.373062700544085
multi,interior_four,101,0,valleys,0.0,5.3542963373093375
multi,interior_four,101,0,double_ascents,0.0,5.38956784202939
multi,interior_four,101,0,double_descents,0.0,5.376780540829613
multi,interior_four,101,1000,peaks,0.40476190476190477,1.4324130031040736
multi,interior_four,101,1000,valleys,0.38095238095238093,1.4405789475213913
multi,interior_four,101,1000,double_ascents,0.25476190476190474,1.8290487416585286
multi,interior_four,101,1000,double_descents,0.25476190476190474,1.8108118366059802
multi,interior_four,101,2000,peaks,0.4014285714285714,1.3889781806582495
multi,interior_four,101,2000,valleys,0.3961904761904762,1.3936776370093935
multi,interior_four,101,2000,double_ascents,0.25333333333333335,1.8293998427618117
multi,interior_four,101,2000,double_descents,0.2742857142857143,1.7951531764439175
multi,interior_four,101,3000,peaks,0.39904761904761904,1.3926814342680431
multi,interior_four,101,3000,valleys,0.38,1.4000789133707683
multi,interior_four,101,3000,double_ascents,0.25142857142857145,1.826008064633324
multi,interior_four,101,3000,double_descents,0.26285714285714284,1.7963648042224702
multi,interior_four,101,4000,peaks,0.41333333333333333,1.379118150983538
multi,interior_four,101,4000,valleys,0.3852380952380952,1.403964478628976
multi,interior_four,101,4000,double_ascents,0.25857142857142856,1.8151032111758278
multi,interior_four,101,4000,double_descents,0.2795238095238095,1.7938758813767206
multi,interior_four,101,5000,peaks,0.4138095238095238,1.3878116426013765
multi,interior_four,101,5000,valleys,0.3952380952380952,1.376009134565081
multi,interior_four,101,5000,double_ascents,0.24571428571428572,1.8176280103410993
multi,interior_four,101,5000,double_descents,0.2723809523809524,1.7852027021135604
multi,interior_four,101,6000,peaks,0.4004761904761905,1.3665318225678944
multi,interior_four,101,6000,valleys,0.38285714285714284,1.3586001060122535
multi,interior_four,101,6000,double_ascents,0.2623809523809524,1.8138949003673734
multi,interior_four,101,6000,double_descents,0.2680952380952381,1.7798206910632905
multi,interior_four,101,7000,peaks,0.3952380952380952,1.3561900620233445
multi,interior_four,101,7000,valleys,0.4114285714285714,1.3382447705950056
multi,interior_four,101,7000,double_ascents,0.26904761904761904,1.8059842136928013
multi,interior_four,101,7000,double_descents,0.2680952380952381,1.770227515811012
multi,interior_four,101,8000,peaks,0.42952380952380953,1.3062255877540225
multi,interior_four,101,8000,valleys,0.4280952380952381,1.3001869310651506
multi,interior_four,101,8000,double_ascents,0.26571428571428574,1.7976141975039528
multi,interior_four,101,8000,double_descents,0.27904761904761904,1.7584137689499628
multi,interior_four,101,9000,peaks,0.43666666666666665,1.2896602739606584
multi,interior_four,101,9000,valleys,0.43714285714285717,1.2726320848010835
multi,interior_four,101,9000,double_ascents,0.2723809523809524,1.7699277169363838
multi,interior_four,101,9000,double_descents,0.2757142857142857,1.756866945539202
multi,interior_four,101,10000,peaks,0.4561904761904762,1.204798698425293
multi,interior_four,101,10000,valleys,0.4819047619047619,1.1797234471638998
multi,interior_four,101,10000,double_ascents,0.2714285714285714,1.7718637593587239
multi,interior_four,101,10000,double_descents,0.30142857142857143,1.7138228716169084
multi,interior_four,101,11000,peaks,0.5028571428571429,1.1404248137701125
multi,interior_four,101,11000,valleys,0.4961904761904762,1.1302060772123792
multi,interior_four,101,11000,double_ascents,0.28095238095238095,1.7370528811500185
multi,interior_four,101,11000,double_descents,0.3038095238095238,1.6938501557849703
multi,interior_four,101,12000,peaks,0.5119047619047619,1.1034394691103981
multi,interior_four,101,12000,valleys,0.5157142857142857,1.0960926219395228
multi,interior_four,101,12000,double_ascents,0.2861904761904762,1.7158329518636068
multi,interior_four,101,12000,double_descents,0.2966666666666667,1.7007791137695312
multi,interior_four,101,13000,peaks,0.5252380952380953,1.0663313674926758
multi,interior_four,101,13000,valleys,0.5495238095238095,1.0500026612054734
multi,interior_four,101,13000,double_ascents,0.29523809523809524,1.6868298993791853
multi,interior_four,101,13000,double_descents,0.31142857142857144,1.6537450263613747
multi,interior_four,101,14000,peaks,0.5214285714285715,1.0457027344476608
multi,interior_four,101,14000,valleys,0.5523809523809524,1.01704649244036
multi,interior_four,101,14000,double_ascents,0.31238095238095237,1.6335350436256046
multi,interior_four,101,14000,double_descents,0.35285714285714287,1.5895385015578496
multi,interior_four,101,15000,peaks,0.5576190476190476,1.0081197311764671
multi,interior_four,101,15000,valleys,0.5614285714285714,1.004461135864258
multi,interior_four,101,15000,double_ascents,0.3433333333333333,1.5851232056390672
multi,interior_four,101,15000,double_descents,0.36,1.5332704362415133
multi,interior_four,101,16000,peaks,0.5723809523809524,0.9693479574294317
multi,interior_four,101,16000,valleys,0.5852380952380952,0.9696149635314941
multi,interior_four,101,16000,double_ascents,0.36095238095238097,1.530572398957752
multi,interior_four,101,16000,double_descents,0.38571428571428573,1.4898476500738236
multi,interior_four,101,17000,peaks,0.5661904761904762,0.9934023094177246
multi,interior_four,101,17000,valleys,0.5747619047619048,0.9800985063825335
multi,interior_four,101,17000,double_ascents,0.36238095238095236,1.530121852329799
multi,interior_four,101,17000,double_descents,0.39666666666666667,1.4398205748058501
multi,interior_four,101,18000,peaks,0.58,0.9426567004975819
multi,interior_four,101,18000,valleys,0.6019047619047619,0.9372802743457612
multi,interior_four,101,18000,double_ascents,0.38761904761904764,1.4510769344511487
multi,interior_four,101,18000,double_descents,0.4061904761904762,1.4250247228713262
multi,interior_four,101,19000,peaks,0.589047619047619,0.9332190822419666
multi,interior_four,101,19000,valleys,0.6071428571428571,0.9292802674429758
multi,interior_four,101,19000,double_ascents,0.3942857142857143,1.4376899555751255
multi,interior_four,101,19000,double_descents,0.40523809523809523,1.4196410842168898
multi,interior_four,101,20000,peaks,0.5895238095238096,0.9369538316272554
multi,interior_four,101,20000,valleys,0.6066666666666667,0.9297950490315755
multi,interior_four,101,20000,double_ascents,0.41285714285714287,1.4053583090645927
multi,interior_four,101,20000,double_descents,0.4219047619047619,1.3702113133385068
multi,interior_four,17,0,peaks,0.0,5.3930831763857885
multi,interior_four,17,0,valleys,0.0,5.392535385858445
multi,interior_four,17,0,double_ascents,0.0,5.353342910039992
multi,interior_four,17,0,double_descents,0.0,5.3480357142857144
multi,interior_four,17,1000,peaks,0.37857142857142856,1.4095852842785064
multi,interior_four,17,1000,valleys,0.38,1.4062389628092449
multi,interior_four,17,1000,double_ascents,0.25952380952380955,1.8442027682349795
multi,interior_four,17,1000,double_descents,0.2519047619047619,1.8138900357200987
multi,interior_four,17,2000,peaks,0.3976190476190476,1.3916129920596167
multi,interior_four,17,2000,valleys,0.3819047619047619,1.408368414015997
multi,interior_four,17,2000,double_ascents,0.2561904761904762,1.8176816304524739
multi,interior_four,17,2000,double_descents,0.2733333333333333,1.7944835372198196
multi,interior_four,17,3000,peaks,0.3976190476190476,1.384195789155506
multi,interior_four,17,3000,valleys,0.3842857142857143,1.4007403637114024
multi,interior_four,17,3000,double_ascents,0.2604761904761905,1.813231001354399
multi,interior_four,17,3000,double_descents,0.2561904761904762,1.7957740420386905
multi,interior_four,17,4000,peaks,0.41333333333333333,1.3788691275460379
multi,interior_four,17,4000,valleys,0.4095238095238095,1.3787072081792922
multi,interior_four,17,4000,double_ascents,0.259047619047619,1.8159965369814919
multi,interior_four,17,4000,double_descents,0.2604761904761905,1.7946126265752884
multi,interior_four,17,5000,peaks,0.3904761904761905,1.3816770862397694
multi,interior_four,17,5000,valleys,0.41,1.363670182001023
multi,interior_four,17,5000,double_ascents,0.2561904761904762,1.8220197150820778
multi,interior_four,17,5000,double_descents,0.2823809523809524,1.7886371648879278
multi,interior_four,17,6000,peaks,0.4066666666666667,1.3577081734793526
multi,interior_four,17,6000,valleys,0.3904761904761905,1.361041108994257
multi,interior_four,17,6000,double_ascents,0.2538095238095238,1.8223955899193174
multi,interior_four,17,6000,double_descents,0.2561904761904762,1.7867545645577567
multi,interior_four,17,7000,peaks,0.4057142857142857,1.3492090606689453
multi,interior_four,17,7000,valleys,0.4095238095238095,1.3482666778564454
multi,interior_four,17,7000,double_ascents,0.26904761904761904,1.8061686270577566
multi,interior_four,17,7000,double_descents,0.27380952380952384,1.7636099134172711
multi,interior_four,17,8000,peaks,0.44142857142857145,1.2844289815993537
multi,interior_four,17,8000,valleys,0.4228571428571429,1.2987969716389973
multi,interior_four,17,8000,double_ascents,0.26904761904761904,1.7742906951904296
multi,interior_four,17,8000,double_descents,0.2714285714285714,1.7558148120698476
multi,interior_four,17,9000,peaks,0.44333333333333336,1.2863606698172434
multi,interior_four,17,9000,valleys,0.44047619047619047,1.2595551572527204
multi,interior_four,17,9000,double_ascents,0.27095238095238094,1.760043436686198
multi,interior_four,17,9000,double_descents,0.2842857142857143,1.7405765896751768
multi,interior_four,17,10000,peaks,0.45714285714285713,1.229591028122675
multi,interior_four,17,10000,valleys,0.47,1.209670066833496
multi,interior_four,17,10000,double_ascents,0.29333333333333333,1.7197664133707682
multi,interior_four,17,10000,double_descents,0.28714285714285714,1.705189208984375
multi,interior_four,17,11000,peaks,0.4685714285714286,1.1731399481637137
multi,interior_four,17,11000,valleys,0.4780952380952381,1.178576756431943
multi,interior_four,17,11000,double_ascents,0.28095238095238095,1.7136814844040644
multi,interior_four,17,11000,double_descents,0.30904761904761907,1.6684789530436197
multi,interior_four,17,12000,peaks,0.4990476190476191,1.1251484970819383
multi,interior_four,17,12000,valleys,0.5133333333333333,1.1285414087204706
multi,interior_four,17,12000,double_ascents,0.30857142857142855,1.6805868384951637
multi,interior_four,17,12000,double_descents,0.3047619047619048,1.6433282543364025
multi,interior_four,17,13000,peaks,0.5361904761904762,1.066716555640811
multi,interior_four,17,13000,valleys,0.5247619047619048,1.0802379935128348
multi,interior_four,17,13000,double_ascents,0.31952380952380954,1.6436084656488328
multi,interior_four,17,13000,double_descents,0.33095238095238094,1.60063722882952
multi,interior_four,17,14000,peaks,0.5557142857142857,1.0138028898693265
multi,interior_four,17,14000,valleys,0.5552380952380952,1.0251670192536853
multi,interior_four,17,14000,double_ascents,0.32857142857142857,1.6186977023170108
multi,interior_four,17,14000,double_descents,0.3442857142857143,1.5752094196137927
multi,interior_four,17,15000,peaks,0.5676190476190476,0.9865605463300432
multi,interior_four,17,15000,valleys,0.5633333333333334,0.9981870864686512
multi,interior_four,17,15000,double_ascents,0.3380952380952381,1.5768086460658481
multi,interior_four,17,15000,double_descents,0.3576190476190476,1.5380632981799898
multi,interior_four,17,16000,peaks,0.5804761904761905,0.9617929304213751
multi,interior_four,17,16000,valleys,0.5747619047619048,0.9701003083728609
multi,interior_four,17,16000,double_ascents,0.3566666666666667,1.5357017844063896
multi,interior_four,17,16000,double_descents,0.3585714285714286,1.523390744527181
multi,interior_four,17,17000,peaks,0.589047619047619,0.9469810717446463
multi,interior_four,17,17000,valleys,0.5842857142857143,0.9593702161879767
multi,interior_four,17,17000,double_ascents,0.36047619047619045,1.5095873696463449
multi,interior_four,17,17000,double_descents,0.38095238095238093,1.4841224888392857
multi,interior_four,17,18000,peaks,0.5957142857142858,0.9311511298588344
multi,interior_four,17,18000,valleys,0.6,0.9386237430572509
multi,interior_four,17,18000,double_ascents,0.38666666666666666,1.46872495560419
multi,interior_four,17,18000,double_descents,0.4023809523809524,1.4496575346447174
multi,interior_four,17,19000,peaks,0.5995238095238096,0.9139117336273194
multi,interior_four,17,19000,valleys,0.5947619047619047,0.9220013695671445
multi,interior_four,17,19000,double_ascents,0.40095238095238095,1.4290916025070917
multi,interior_four,17,19000,double_descents,0.3976190476190476,1.4382459131876628
multi,interior_four,17,20000,peaks,0.6133333333333333,0.89604133946555
multi,interior_four,17,20000,valleys,0.6009523809523809,0.9151247510455903
multi,interior_four,17,20000,double_ascents,0.40714285714285714,1.4267719595772879
multi,interior_four,17,20000,double_descents,0.41714285714285715,1.414869510105678
multi,interior_four,42,0,peaks,0.0,5.41617687406994
multi,interior_four,42,0,valleys,0.0,5.410386221749442
multi,interior_four,42,0,double_ascents,0.0,5.500771731422061
multi,interior_four,42,0,double_descents,0.0,5.500769449869792
multi,interior_four,42,1000,peaks,0.39095238095238094,1.4410629490443638
multi,interior_four,42,1000,valleys,0.379047619047619,1.448947543189639
multi,interior_four,42,1000,double_ascents,0.26095238095238094,1.8476159813290551
multi,interior_four,42,1000,double_descents,0.2719047619047619,1.8128612627301897
multi,interior_four,42,2000,peaks,0.3923809523809524,1.3992289624895369
multi,interior_four,42,2000,valleys,0.39,1.4033087339855377
multi,interior_four,42,2000,double_ascents,0.2561904761904762,1.8225099400111606
multi,interior_four,42,2000,double_descents,0.2776190476190476,1.802499491373698
multi,interior_four,42,3000,peaks,0.39,1.3982706596737817
multi,interior_four,42,3000,valleys,0.3861904761904762,1.4044923182896205
multi,interior_four,42,3000,double_ascents,0.26857142857142857,1.8213394782656716
multi,interior_four,42,3000,double_descents,0.2785714285714286,1.7931411670503161
multi,interior_four,42,4000,peaks,0.37714285714285717,1.396254123506092
multi,interior_four,42,4000,valleys,0.370952380952381,1.3975308227539063
multi,interior_four,42,4000,double_ascents,0.2523809523809524,1.833830035981678
multi,interior_four,42,4000,double_descents,0.26142857142857145,1.8204742976597377
multi,interior_four,42,5000,peaks,0.38047619047619047,1.405888660975865
multi,interior_four,42,5000,valleys,0.3852380952380952,1.4006547582717168
multi,interior_four,42,5000,double_ascents,0.26285714285714284,1.815297332037063
multi,interior_four,42,5000,double_descents,0.2671428571428571,1.7872285861060733
multi,interior_four,42,6000,peaks,0.3952380952380952,1.3878546978178479
multi,interior_four,42,6000,valleys,0.3861904761904762,1.3893316159929547
multi,interior_four,42,6000,double_ascents,0.2695238095238095,1.8100001598539806
multi,interior_four,42,6000,double_descents,0.2661904761904762,1.7872764405750092
multi,interior_four,42,7000,peaks,0.3942857142857143,1.3780203792027064
multi,interior_four,42,7000,valleys,0.4057142857142857,1.3811068235124861
multi,interior_four,42,7000,double_ascents,0.2642857142857143,1.8077263532366072
multi,interior_four,42,7000,double_descents,0.2671428571428571,1.7818592543829055
multi,interior_four,42,8000,peaks,0.41285714285714287,1.3382442201886857
multi,interior_four,42,8000,valleys,0.42095238095238097,1.3188173657371884
multi,interior_four,42,8000,double_ascents,0.2652380952380952,1.79828615461077
multi,interior_four,42,8000,double_descents,0.2757142857142857,1.7633141508556547
multi,interior_four,42,9000,peaks,0.43047619047619046,1.3070781725928897
multi,interior_four,42,9000,valleys,0.4266666666666667,1.285960317339216
multi,interior_four,42,9000,double_ascents,0.2680952380952381,1.7837804485502697
multi,interior_four,42,9000,double_descents,0.2757142857142857,1.752797379266648
multi,interior_four,42,10000,peaks,0.44,1.2629547954740978
multi,interior_four,42,10000,valleys,0.44857142857142857,1.2467045829409644
multi,interior_four,42,10000,double_ascents,0.27380952380952384,1.7762022726876394
multi,interior_four,42,10000,double_descents,0.2861904761904762,1.7359933253696986
multi,interior_four,42,11000,peaks,0.45476190476190476,1.2237776747204008
multi,interior_four,42,11000,valleys,0.4714285714285714,1.2084019197736469
multi,interior_four,42,11000,double_ascents,0.2861904761904762,1.764886932373047
multi,interior_four,42,11000,double_descents,0.2866666666666667,1.7191829354422432
multi,interior_four,42,12000,peaks,0.4742857142857143,1.2067232186453682
multi,interior_four,42,12000,valleys,0.4785714285714286,1.1957886450631279
multi,interior_four,42,12000,double_ascents,0.2904761904761905,1.7573790087018695
multi,interior_four,42,12000,double_descents,0.29333333333333333,1.7185187639508928
multi,interior_four,42,13000,peaks,0.47,1.197715301513672
multi,interior_four,42,13000,valleys,0.47,1.1796449370611282
multi,interior_four,42,13000,double_ascents,0.27904761904761904,1.7542795671735492
multi,interior_four,42,13000,double_descents,0.30333333333333334,1.6986614009312222
multi,interior_four,42,14000,peaks,0.49523809523809526,1.163160665602911
multi,interior_four,42,14000,valleys,0.49523809523809526,1.1543161137898763
multi,interior_four,42,14000,double_ascents,0.27476190476190476,1.7360084751674107
multi,interior_four,42,14000,double_descents,0.3080952380952381,1.688501706804548
multi,interior_four,42,15000,peaks,0.4828571428571429,1.1524530428931827
multi,interior_four,42,15000,valleys,0.5023809523809524,1.14541380746024
multi,interior_four,42,15000,double_ascents,0.2904761904761905,1.7236124129522414
multi,interior_four,42,15000,double_descents,0.31666666666666665,1.6807944779168993
multi,interior_four,42,16000,peaks,0.5014285714285714,1.1528887830461774
multi,interior_four,42,16000,valleys,0.5,1.1473994990757534
multi,interior_four,42,16000,double_ascents,0.2957142857142857,1.7137397620791481
multi,interior_four,42,16000,double_descents,0.3138095238095238,1.6682368505568732
multi,interior_four,42,17000,peaks,0.4976190476190476,1.1437676511492048
multi,interior_four,42,17000,valleys,0.49714285714285716,1.1279391316005163
multi,interior_four,42,17000,double_ascents,0.29,1.7068844749813987
multi,interior_four,42,17000,double_descents,0.3080952380952381,1.6514583151681081
multi,interior_four,42,18000,peaks,0.5052380952380953,1.1160920824323382
multi,interior_four,42,18000,valleys,0.5123809523809524,1.1101432654971168
multi,interior_four,42,18000,double_ascents,0.2995238095238095,1.680443838210333
multi,interior_four,42,18000,double_descents,0.3171428571428571,1.642766625540597
multi,interior_four,42,19000,peaks,0.5057142857142857,1.1203336188906714
multi,interior_four,42,19000,valleys,0.5104761904761905,1.1229973892938523
multi,interior_four,42,19000,double_ascents,0.30238095238095236,1.6756055159795853
multi,interior_four,42,19000,double_descents,0.3180952380952381,1.6379419108799527
multi,interior_four,42,20000,peaks,0.5104761904761905,1.099906661624
multi,interior_four,42,20000,valleys,0.5138095238095238,1.0976682281494141
multi,interior_four,42,20000,double_ascents,0.30857142857142855,1.663180643717448
multi,interior_four,42,20000,double_descents,0.3161904761904762,1.630962773277646
multi,interior_none,101,0,peaks,0.0,5.373062700544085
multi,interior_none,101,0,valleys,0.0,5.3542963373093375
multi,interior_none,101,0,left_to_right_maxima,0.0,5.405994306291853
multi,interior_none,101,0,right_to_left_maxima,0.0,5.390326901390439
multi,interior_none,101,1000,peaks,0.39666666666666667,1.4143418666294643
multi,interior_none,101,1000,valleys,0.3923809523809524,1.4193530291602725
multi,interior_none,101,1000,left_to_right_maxima,0.35333333333333333,1.5289624641055153
multi,interior_none,101,1000,right_to_left_maxima,0.24571428571428572,1.781803952171689
multi,interior_none,101,2000,peaks,0.3871428571428571,1.4168888891310918
multi,interior_none,101,2000,valleys,0.3780952380952381,1.4420364198230562
multi,interior_none,101,2000,left_to_right_maxima,0.5704761904761905,1.0010513287498837
multi,interior_none,101,2000,right_to_left_maxima,0.30047619047619045,1.6654841577439081
multi,interior_none,101,3000,peaks,0.3904761904761905,1.3942450532459076
multi,interior_none,101,3000,valleys,0.38,1.4084222884405226
multi,interior_none,101,3000,left_to_right_maxima,0.6704761904761904,0.797520580291748
multi,interior_none,101,3000,right_to_left_maxima,0.46523809523809523,1.2496681885492233
multi,interior_none,101,4000,peaks,0.40095238095238095,1.3779547409784225
multi,interior_none,101,4000,valleys,0.38285714285714284,1.4024658312116351
multi,interior_none,101,4000,left_to_right_maxima,0.8223809523809524,0.43560331889561243
multi,interior_none,101,4000,right_to_left_maxima,0.5204761904761904,1.0734322575160435
multi,interior_none,101,5000,peaks,0.4114285714285714,1.3626013129098076
multi,interior_none,101,5000,valleys,0.4061904761904762,1.3841750662667411
multi,interior_none,101,5000,left_to_right_maxima,0.8133333333333334,0.4539868336632138
multi,interior_none,101,5000,right_to_left_maxima,0.670952380952381,0.7582668322608584
multi,interior_none,101,6000,peaks,0.4195238095238095,1.339759514218285
multi,interior_none,101,6000,valleys,0.4138095238095238,1.3487814385550363
multi,interior_none,101,6000,left_to_right_maxima,0.8252380952380952,0.49156604369481405
multi,interior_none,101,6000,right_to_left_maxima,0.7404761904761905,0.6133863603501093
multi,interior_none,101,7000,peaks,0.4080952380952381,1.3537187866937546
multi,interior_none,101,7000,valleys,0.4204761904761905,1.357682773045131
multi,interior_none,101,7000,left_to_right_maxima,0.8633333333333333,0.3781149986812047
multi,interior_none,101,7000,right_to_left_maxima,0.7214285714285714,0.6765929476420085
multi,interior_none,101,8000,peaks,0.45285714285714285,1.2698242514474052
multi,interior_none,101,8000,valleys,0.44,1.281262804667155
multi,interior_none,101,8000,left_to_right_maxima,0.9228571428571428,0.22620771953037808
multi,interior_none,101,8000,right_to_left_maxima,0.8095238095238095,0.45315605118161156
multi,interior_none,101,9000,peaks,0.4676190476190476,1.223681253705706
multi,interior_none,101,9000,valleys,0.46095238095238095,1.2327188400995164
multi,interior_none,101,9000,left_to_right_maxima,0.9,0.25368325585410706
multi,interior_none,101,9000,right_to_left_maxima,0.8066666666666666,0.455288420631772
multi,interior_none,101,10000,peaks,0.4847619047619048,1.145338414510091
multi,interior_none,101,10000,valleys,0.49333333333333335,1.1659136363438198
multi,interior_none,101,10000,left_to_right_maxima,0.9452380952380952,0.15525637638001216
multi,interior_none,101,10000,right_to_left_maxima,0.8571428571428571,0.3412688468751453
multi,interior_none,101,11000,peaks,0.5242857142857142,1.0570654896327427
multi,interior_none,101,11000,valleys,0.5333333333333333,1.07631922858102
multi,interior_none,101,11000,left_to_right_maxima,0.9438095238095238,0.16425794391405016
multi,interior_none,101,11000,right_to_left_maxima,0.8728571428571429,0.3296486884071713
multi,interior_none,101,12000,peaks,0.5561904761904762,1.0367822020394462
multi,interior_none,101,12000,valleys,0.5557142857142857,1.0345980480739048
multi,interior_none,101,12000,left_to_right_maxima,0.9566666666666667,0.11246373671860922
multi,interior_none,101,12000,right_to_left_maxima,0.8857142857142857,0.271047731694721
multi,interior_none,101,13000,peaks,0.62,0.8368770208812896
multi,interior_none,101,13000,valleys,0.6166666666666667,0.8765732347397577
multi,interior_none,101,13000,left_to_right_maxima,0.9623809523809523,0.11107896811905361
multi,interior_none,101,13000,right_to_left_maxima,0.8742857142857143,0.30076285748254683
multi,interior_none,101,14000,peaks,0.7414285714285714,0.6096245988210043
multi,interior_none,101,14000,valleys,0.7452380952380953,0.6205625261579241
multi,interior_none,101,14000,left_to_right_maxima,0.9714285714285714,0.07623234733229592
multi,interior_none,101,14000,right_to_left_maxima,0.9023809523809524,0.24222642149244036
multi,interior_none,101,15000,peaks,0.7928571428571428,0.51000842718851
multi,interior_none,101,15000,valleys,0.8028571428571428,0.4960007378317061
multi,interior_none,101,15000,left_to_right_maxima,0.9776190476190476,0.07164389318653515
multi,interior_none,101,15000,right_to_left_maxima,0.9157142857142857,0.21323664676575432
multi,interior_none,101,16000,peaks,0.8523809523809524,0.3613480349949428
multi,interior_none,101,16000,valleys,0.8533333333333334,0.3633750363758632
multi,interior_none,101,16000,left_to_right_maxima,0.9647619047619047,0.11279727725400811
multi,interior_none,101,16000,right_to_left_maxima,0.9047619047619048,0.244237075760251
multi,interior_none,101,17000,peaks,0.8942857142857142,0.28323972629649297
multi,interior_none,101,17000,valleys,0.8876190476190476,0.2785291878382365
multi,interior_none,101,17000,left_to_right_maxima,0.9795238095238096,0.06474575122907048
multi,interior_none,101,17000,right_to_left_maxima,0.94,0.15641506722995213
multi,interior_none,101,18000,peaks,0.9266666666666666,0.20471281951382048
multi,interior_none,101,18000,valleys,0.9204761904761904,0.2100868744367645
multi,interior_none,101,18000,left_to_right_maxima,0.979047619047619,0.06163272049278021
multi,interior_none,101,18000,right_to_left_maxima,0.9480952380952381,0.12476746647130875
multi,interior_none,101,19000,peaks,0.9328571428571428,0.17724265748546236
multi,interior_none,101,19000,valleys,0.9257142857142857,0.18494886845705055
multi,interior_none,101,19000,left_to_right_maxima,0.981904761904762,0.05394608633504028
multi,interior_none,101,19000,right_to_left_maxima,0.9485714285714286,0.12684503680183773
multi,interior_none,101,20000,peaks,0.9380952380952381,0.1597492326725097
multi,interior_none,101,20000,valleys,0.9428571428571428,0.15216256083477112
multi,interior_none,101,20000,left_to_right_maxima,0.9814285714285714,0.05962530267380533
multi,interior_none,101,20000,right_to_left_maxima,0.9480952380952381,0.12246197392543157
multi,interior_none,17,0,peaks,0.0,5.3930831763857885
multi,interior_none,17,0,valleys,0.0,5.392535385858445
multi,interior_none,17,0,left_to_right_maxima,0.0,5.3666693987165175
multi,interior_none,17,0,right_to_left_maxima,0.0,5.362451782226563
multi,interior_none,17,1000,peaks,0.3761904761904762,1.4425528353736514
multi,interior_none,17,1000,valleys,0.38095238095238093,1.4286589595249721
multi,interior_none,17,1000,left_to_right_maxima,0.2819047619047619,1.7023387690952847
multi,interior_none,17,1000,right_to_left_maxima,0.28523809523809524,1.7364026823497953
multi,interior_none,17,2000,peaks,0.39666666666666667,1.391721674601237
multi,interior_none,17,2000,valleys,0.3852380952380952,1.398890617007301
multi,interior_none,17,2000,left_to_right_maxima,0.49333333333333335,1.1331459354218982
multi,interior_none,17,2000,right_to_left_maxima,0.30857142857142855,1.6786142839704241
multi,interior_none,17,3000,peaks,0.3952380952380952,1.391837011064802
multi,interior_none,17,3000,valleys,0.3838095238095238,1.4063892328171503
multi,interior_none,17,3000,left_to_right_maxima,0.6995238095238095,0.7269297172909691
multi,interior_none,17,3000,right_to_left_maxima,0.5071428571428571,1.1112680689493815
multi,interior_none,17,4000,peaks,0.40904761904761905,1.3753783380417597
multi,interior_none,17,4000,valleys,0.3933333333333333,1.3979888334728423
multi,interior_none,17,4000,left_to_right_maxima,0.6980952380952381,0.6937408129374186
multi,interior_none,17,4000,right_to_left_maxima,0.5047619047619047,1.1019394138881138
multi,interior_none,17,5000,peaks,0.4014285714285714,1.34857172648112
multi,interior_none,17,5000,valleys,0.3933333333333333,1.3760514740716843
multi,interior_none,17,5000,left_to_right_maxima,0.7733333333333333,0.5507245136442639
multi,interior_none,17,5000,right_to_left_maxima,0.5752380952380952,0.9641152645292737
multi,interior_none,17,6000,peaks,0.4061904761904762,1.359243167695545
multi,interior_none,17,6000,valleys,0.3871428571428571,1.3743294052850632
multi,interior_none,17,6000,left_to_right_maxima,0.7695238095238095,0.5863832764398484
multi,interior_none,17,6000,right_to_left_maxima,0.5433333333333333,1.0746708533877418
multi,interior_none,17,7000,peaks,0.41523809523809524,1.3531607527959915
multi,interior_none,17,7000,valleys,0.3861904761904762,1.3937618945893788
multi,interior_none,17,7000,left_to_right_maxima,0.7538095238095238,0.5980183188120524
multi,interior_none,17,7000,right_to_left_maxima,0.7038095238095238,0.7052276756649926
multi,interior_none,17,8000,peaks,0.40904761904761905,1.3313462938581193
multi,interior_none,17,8000,valleys,0.42,1.3453749720255535
multi,interior_none,17,8000,left_to_right_maxima,0.8704761904761905,0.3175456058411371
multi,interior_none,17,8000,right_to_left_maxima,0.670952380952381,0.7746670868283226
multi,interior_none,17,9000,peaks,0.4147619047619048,1.324384282430013
multi,interior_none,17,9000,valleys,0.42095238095238097,1.341856435139974
multi,interior_none,17,9000,left_to_right_maxima,0.9,0.2585653407233102
multi,interior_none,17,9000,right_to_left_maxima,0.73,0.6462161527361189
multi,interior_none,17,10000,peaks,0.42523809523809525,1.310268347603934
multi,interior_none,17,10000,valleys,0.41904761904761906,1.3262021473475865
multi,interior_none,17,10000,left_to_right_maxima,0.8647619047619047,0.31687768232254754
multi,interior_none,17,10000,right_to_left_maxima,0.770952380952381,0.5719937565213158
multi,interior_none,17,11000,peaks,0.4180952380952381,1.2971546009608677
multi,interior_none,17,11000,valleys,0.4180952380952381,1.3114011746361143
multi,interior_none,17,11000,left_to_right_maxima,0.9004761904761904,0.237683238756089
multi,interior_none,17,11000,right_to_left_maxima,0.7490476190476191,0.5905403273446219
multi,interior_none,17,12000,peaks,0.42428571428571427,1.2802778135027204
multi,interior_none,17,12000,valleys,0.4157142857142857,1.2924200076148624
multi,interior_none,17,12000,left_to_right_maxima,0.9428571428571428,0.1513182856923058
multi,interior_none,17,12000,right_to_left_maxima,0.7957142857142857,0.4883431866055443
multi,interior_none,17,13000,peaks,0.45285714285714285,1.2705510530017672
multi,interior_none,17,13000,valleys,0.44142857142857145,1.267552955264137
multi,interior_none,17,13000,left_to_right_maxima,0.9114285714285715,0.23400153477986654
multi,interior_none,17,13000,right_to_left_maxima,0.8076190476190476,0.45182548750014534
multi,interior_none,17,14000,peaks,0.46285714285714286,1.231145978655134
multi,interior_none,17,14000,valleys,0.4438095238095238,1.2482375081380208
multi,interior_none,17,14000,left_to_right_maxima,0.96,0.12156788298061916
multi,interior_none,17,14000,right_to_left_maxima,0.8233333333333334,0.4086389548437936
multi,interior_none,17,15000,peaks,0.4866666666666667,1.1722830999465215
multi,interior_none,17,15000,valleys,0.4847619047619048,1.1873307436988467
multi,interior_none,17,15000,left_to_right_maxima,0.9661904761904762,0.10097906272326197
multi,interior_none,17,15000,right_to_left_maxima,0.8414285714285714,0.3953170283635457
multi,interior_none,17,16000,peaks,0.5395238095238095,1.0848725164504278
multi,interior_none,17,16000,valleys,0.5142857142857142,1.112374961489723
multi,interior_none,17,16000,left_to_right_maxima,0.9604761904761905,0.1104458659035819
multi,interior_none,17,16000,right_to_left_maxima,0.840952380952381,0.38978617191314696
multi,interior_none,17,17000,peaks,0.5676190476190476,0.9932691973731631
multi,interior_none,17,17000,valleys,0.5557142857142857,1.0207835397266207
multi,interior_none,17,17000,left_to_right_maxima,0.9680952380952381,0.1000188542689596
multi,interior_none,17,17000,right_to_left_maxima,0.8547619047619047,0.37101437364305767
multi,interior_none,17,18000,peaks,0.6104761904761905,0.916015580041068
multi,interior_none,17,18000,valleys,0.5942857142857143,0.9279329209100633
multi,interior_none,17,18000,left_to_right_maxima,0.959047619047619,0.11464913474661963
multi,interior_none,17,18000,right_to_left_maxima,0.8623809523809524,0.3471057233356294
multi,interior_none,17,19000,peaks,0.6238095238095238,0.8887246140979586
multi,interior_none,17,19000,valleys,0.6166666666666667,0.8966252844674246
multi,interior_none,17,19000,left_to_right_maxima,0.9676190476190476,0.09469267535777319
multi,interior_none,17,19000,right_to_left_maxima,0.8666666666666667,0.3343828527984165
multi,interior_none,17,20000,peaks,0.6661904761904762,0.8005787926628476
multi,interior_none,17,20000,valleys,0.6414285714285715,0.8232791065034413
multi,interior_none,17,20000,left_to_right_maxima,0.97,0.08301935794807616
multi,interior_none,17,20000,right_to_left_maxima,0.8652380952380953,0.33538039116632373
multi,interior_none,42,0,peaks,0.0,5.41617687406994
multi,interior_none,42,0,valleys,0.0,5.410386221749442
multi,interior_none,42,0,left_to_right_maxima,0.0,5.48768057686942
multi,interior_none,42,0,right_to_left_maxima,0.0,5.4992037091936385
multi,interior_none,42,1000,peaks,0.39904761904761904,1.448630124046689
multi,interior_none,42,1000,valleys,0.37761904761904763,1.4677474684942335
multi,interior_none,42,1000,left_to_right_maxima,0.2923809523809524,1.7200031098865327
multi,interior_none,42,1000,right_to_left_maxima,0.2823809523809524,1.7297926584879557
multi,interior_none,42,2000,peaks,0.40190476190476193,1.3996403031122118
multi,interior_none,42,2000,valleys,0.39666666666666667,1.3991440364292689
multi,interior_none,42,2000,left_to_right_maxima,0.3995238095238095,1.404237565540132
multi,interior_none,42,2000,right_to_left_maxima,0.29,1.719322012038458
multi,interior_none,42,3000,peaks,0.39285714285714285,1.38817020597912
multi,interior_none,42,3000,valleys,0.37857142857142856,1.4033101218087332
multi,interior_none,42,3000,left_to_right_maxima,0.6514285714285715,0.8405745061238606
multi,interior_none,42,3000,right_to_left_maxima,0.45380952380952383,1.2451611800420852
multi,interior_none,42,4000,peaks,0.37523809523809526,1.3888265936715263
multi,interior_none,42,4000,valleys,0.3628571428571429,1.4026208441598074
multi,interior_none,42,4000,left_to_right_maxima,0.7785714285714286,0.5593393144153413
multi,interior_none,42,4000,right_to_left_maxima,0.5757142857142857,0.9484488578069777
multi,interior_none,42,5000,peaks,0.38571428571428573,1.3899789537702287
multi,interior_none,42,5000,valleys,0.3919047619047619,1.3924716186523438
multi,interior_none,42,5000,left_to_right_maxima,0.8504761904761905,0.3670511686234247
multi,interior_none,42,5000,right_to_left_maxima,0.6471428571428571,0.8264766802106585
multi,interior_none,42,6000,peaks,0.40095238095238095,1.366857021876744
multi,interior_none,42,6000,valleys,0.3976190476190476,1.369106552487328
multi,interior_none,42,6000,left_to_right_maxima,0.9033333333333333,0.24526138691675095
multi,interior_none,42,6000,right_to_left_maxima,0.7185714285714285,0.6492143721807571
multi,interior_none,42,7000,peaks,0.41095238095238096,1.3628636042277018
multi,interior_none,42,7000,valleys,0.40476190476190477,1.358572478521438
multi,interior_none,42,7000,left_to_right_maxima,0.9438095238095238,0.1599498974709284
multi,interior_none,42,7000,right_to_left_maxima,0.7652380952380953,0.5560919752575102
multi,interior_none,42,8000,peaks,0.42523809523809525,1.329160653977167
multi,interior_none,42,8000,valleys,0.41285714285714287,1.3240500095912389
multi,interior_none,42,8000,left_to_right_maxima,0.93,0.17490381774448213
multi,interior_none,42,8000,right_to_left_maxima,0.8038095238095239,0.4692593342917306
multi,interior_none,42,9000,peaks,0.4123809523809524,1.341189455304827
multi,interior_none,42,9000,valleys,0.4119047619047619,1.3352723130725679
multi,interior_none,42,9000,left_to_right_maxima,0.9657142857142857,0.10490306187243689
multi,interior_none,42,9000,right_to_left_maxima,0.8485714285714285,0.3591711225963774
multi,interior_none,42,10000,peaks,0.43476190476190474,1.3063666062127977
multi,interior_none,42,10000,valleys,0.42,1.3158256948561895
multi,interior_none,42,10000,left_to_right_maxima,0.9766666666666667,0.08589818063236418
multi,interior_none,42,10000,right_to_left_maxima,0.8609523809523809,0.3213549230212257
multi,interior_none,42,11000,peaks,0.4328571428571429,1.2903325653076172
multi,interior_none,42,11000,valleys,0.42238095238095236,1.2898265929449173
multi,interior_none,42,11000,left_to_right_maxima,0.9828571428571429,0.04634028238200006
multi,interior_none,42,11000,right_to_left_maxima,0.8790476190476191,0.30838609740847633
multi,interior_none,42,12000,peaks,0.44,1.2789070383707681
multi,interior_none,42,12000,valleys,0.44,1.2739552089146204
multi,interior_none,42,12000,left_to_right_maxima,0.9904761904761905,0.03582980214130311
multi,interior_none,42,12000,right_to_left_maxima,0.8933333333333333,0.2517736103421166
multi,interior_none,42,13000,peaks,0.45,1.263196509225028
multi,interior_none,42,13000,valleys,0.4504761904761905,1.2597352963402157
multi,interior_none,42,13000,left_to_right_maxima,0.9838095238095238,0.04489653099860464
multi,interior_none,42,13000,right_to_left_maxima,0.9171428571428571,0.204605579773585
multi,interior_none,42,14000,peaks,0.4585714285714286,1.2348871340070453
multi,interior_none,42,14000,valleys,0.4561904761904762,1.2436435045514789
multi,interior_none,42,14000,left_to_right_maxima,0.9952380952380953,0.02359540534870965
multi,interior_none,42,14000,right_to_left_maxima,0.9276190476190476,0.1732274000985282
multi,interior_none,42,15000,peaks,0.47285714285714286,1.236432289850144
multi,interior_none,42,15000,valleys,0.45904761904761904,1.2400514057704382
multi,interior_none,42,15000,left_to_right_maxima,0.9904761904761905,0.02972566608516943
multi,interior_none,42,15000,right_to_left_maxima,0.93,0.17302633211726234
multi,interior_none,42,16000,peaks,0.46095238095238095,1.2336514373052687
multi,interior_none,42,16000,valleys,0.4714285714285714,1.2212504178001766
multi,interior_none,42,16000,left_to_right_maxima,0.9961904761904762,0.019278664989840415
multi,interior_none,42,16000,right_to_left_maxima,0.939047619047619,0.168469641435714
multi,interior_none,42,17000,peaks,0.4666666666666667,1.204549291701544
multi,interior_none,42,17000,valleys,0.47285714285714286,1.2031295721871513
multi,interior_none,42,17000,left_to_right_maxima,0.9938095238095238,0.025655127785035543
multi,interior_none,42,17000,right_to_left_maxima,0.9533333333333334,0.12453804958434332
multi,interior_none,42,18000,peaks,0.47714285714285715,1.1859438015165784
multi,interior_none,42,18000,valleys,0.47619047619047616,1.1838302957443965
multi,interior_none,42,18000,left_to_right_maxima,0.9966666666666667,0.020019495912960598
multi,interior_none,42,18000,right_to_left_maxima,0.9485714285714286,0.13337567275478726
multi,interior_none,42,19000,peaks,0.4766666666666667,1.1861337316603888
multi,interior_none,42,19000,valleys,0.4847619047619048,1.1840011796497163
multi,interior_none,42,19000,left_to_right_maxima,0.9961904761904762,0.017022203473108156
multi,interior_none,42,19000,right_to_left_maxima,0.9566666666666667,0.110737278064092
multi,interior_none,42,20000,peaks,0.4938095238095238,1.1435226213364373
multi,interior_none,42,20000,valleys,0.49476190476190474,1.1517627997625441
multi,interior_none,42,20000,left_to_right_maxima,0.9933333333333333,0.022496616829718864
multi,interior_none,42,20000,right_to_left_maxima,0.9538095238095238,0.12834972185747964
multi,position_four,101,0,exceedances,0.0,5.253293195452009
multi,position_four,101,0,deficiencies,0.0,5.248378136044457
multi,position_four,101,0,cycle_count,0.0,5.384352286202567
multi,position_four,101,0,nontrivial_cycle_count,0.0,5.348403087797619
multi,position_four,101,1000,exceedances,0.2876190476190476,1.731621300833566
multi,position_four,101,1000,deficiencies,0.2895238095238095,1.7024449484688895
multi,position_four,101,1000,cycle_count,0.24571428571428572,1.7640564546130952
multi,position_four,101,1000,nontrivial_cycle_count,0.3519047619047619,1.4765396081833613
multi,position_four,101,2000,exceedances,0.2752380952380952,1.7014344714936755
multi,position_four,101,2000,deficiencies,0.34523809523809523,1.59883664449056
multi,position_four,101,2000,cycle_count,0.3028571428571429,1.6618671199253627
multi,position_four,101,2000,nontrivial_cycle_count,0.35619047619047617,1.4471012115478517
multi,position_four,101,3000,exceedances,0.5533333333333333,1.0896412004743303
multi,position_four,101,3000,deficiencies,0.48904761904761906,1.1927729034423828
multi,position_four,101,3000,cycle_count,0.3157142857142857,1.61967892238072
multi,position_four,101,3000,nontrivial_cycle_count,0.3523809523809524,1.459066917782738
multi,position_four,101,4000,exceedances,0.6028571428571429,0.9299351755777995
multi,position_four,101,4000,deficiencies,0.5352380952380953,1.070714022318522
multi,position_four,101,4000,cycle_count,0.3047619047619048,1.62524169195266
multi,position_four,101,4000,nontrivial_cycle_count,0.3566666666666667,1.4431756991431826
multi,position_four,101,5000,exceedances,0.6471428571428571,0.8455090150378999
multi,position_four,101,5000,deficiencies,0.5619047619047619,0.9873283822195871
multi,position_four,101,5000,cycle_count,0.3271428571428571,1.5755007898239863
multi,position_four,101,5000,nontrivial_cycle_count,0.3538095238095238,1.4450056366693407
multi,position_four,101,6000,exceedances,0.6661904761904762,0.6866979535420735
multi,position_four,101,6000,deficiencies,0.7571428571428571,0.59604171253386
multi,position_four,101,6000,cycle_count,0.30238095238095236,1.5829261525472005
multi,position_four,101,6000,nontrivial_cycle_count,0.35714285714285715,1.447419459025065
multi,position_four,101,7000,exceedances,0.8304761904761905,0.4509044893582662
multi,position_four,101,7000,deficiencies,0.7080952380952381,0.6726793175651914
multi,position_four,101,7000,cycle_count,0.32857142857142857,1.5654627155122303
multi,position_four,101,7000,nontrivial_cycle_count,0.35714285714285715,1.449495588030134
multi,position_four,101,8000,exceedances,0.6447619047619048,0.936404166278385
multi,position_four,101,8000,deficiencies,0.6633333333333333,0.9953460204033625
multi,position_four,101,8000,cycle_count,0.3376190476190476,1.5286900583902996
multi,position_four,101,8000,nontrivial_cycle_count,0.3514285714285714,1.4485802314394995
multi,position_four,101,9000,exceedances,0.7947619047619048,0.49566516850675857
multi,position_four,101,9000,deficiencies,0.8357142857142857,0.3956050864287785
multi,position_four,101,9000,cycle_count,0.3361904761904762,1.5141418965657552
multi,position_four,101,9000,nontrivial_cycle_count,0.3514285714285714,1.4430728185744512
multi,position_four,101,10000,exceedances,0.8990476190476191,0.25548765801248097
multi,position_four,101,10000,deficiencies,0.9261904761904762,0.21945226118678138
multi,position_four,101,10000,cycle_count,0.3357142857142857,1.5200743139357793
multi,position_four,101,10000,nontrivial_cycle_count,0.3485714285714286,1.4387999144054595
multi,position_four,101,11000,exceedances,0.8571428571428571,0.3595611190795898
multi,position_four,101,11000,deficiencies,0.9423809523809524,0.1629325081337066
multi,position_four,101,11000,cycle_count,0.3466666666666667,1.5082833716982886
multi,position_four,101,11000,nontrivial_cycle_count,0.3504761904761905,1.4526835214524043
multi,position_four,101,12000,exceedances,0.9171428571428571,0.21400359526986168
multi,position_four,101,12000,deficiencies,0.9580952380952381,0.12067107194945925
multi,position_four,101,12000,cycle_count,0.3376190476190476,1.4882493336995444
multi,position_four,101,12000,nontrivial_cycle_count,0.3557142857142857,1.438777810959589
multi,position_four,101,13000,exceedances,0.9566666666666667,0.11215030187652225
multi,position_four,101,13000,deficiencies,0.9728571428571429,0.07896658161566371
multi,position_four,101,13000,cycle_count,0.3461904761904762,1.4820264979771205
multi,position_four,101,13000,nontrivial_cycle_count,0.3476190476190476,1.437657252720424
multi,position_four,101,14000,exceedances,0.9752380952380952,0.08282204509845802
multi,position_four,101,14000,deficiencies,0.9780952380952381,0.07440600243707497
multi,position_four,101,14000,cycle_count,0.3476190476190476,1.5096270860944476
multi,position_four,101,14000,nontrivial_cycle_count,0.3557142857142857,1.4545466995239258
multi,position_four,101,15000,exceedances,0.97,0.07866873804834627
multi,position_four,101,15000,deficiencies,0.9828571428571429,0.05831058992516427
multi,position_four,101,15000,cycle_count,0.33904761904761904,1.4811567833310082
multi,position_four,101,15000,nontrivial_cycle_count,0.35904761904761906,1.4393314579554966
multi,position_four,101,16000,exceedances,0.9757142857142858,0.06779740433607782
multi,position_four,101,16000,deficiencies,0.9842857142857143,0.05480403906177907
multi,position_four,101,16000,cycle_count,0.34476190476190477,1.4710345023018974
multi,position_four,101,16000,nontrivial_cycle_count,0.35285714285714287,1.4365316481817336
multi,position_four,101,17000,exceedances,0.9904761904761905,0.03216753646376587
multi,position_four,101,17000,deficiencies,0.9890476190476191,0.04020430871773334
multi,position_four,101,17000,cycle_count,0.3576190476190476,1.4638727242606027
multi,position_four,101,17000,nontrivial_cycle_count,0.3580952380952381,1.4362543523879279
multi,position_four,101,18000,exceedances,0.9885714285714285,0.03621981073880479
multi,position_four,101,18000,deficiencies,0.9928571428571429,0.026055383478246985
multi,position_four,101,18000,cycle_count,0.3557142857142857,1.4609452311197917
multi,position_four,101,18000,nontrivial_cycle_count,0.35619047619047617,1.4355906604585194
multi,position_four,101,19000,exceedances,0.9942857142857143,0.02245394076087645
multi,position_four,101,19000,deficiencies,0.9938095238095238,0.024215271100401878
multi,position_four,101,19000,cycle_count,0.34714285714285714,1.4642760903494698
multi,position_four,101,19000,nontrivial_cycle_count,0.36142857142857143,1.436059820992606
multi,position_four,101,20000,exceedances,0.9923809523809524,0.028285391272178717
multi,position_four,101,20000,deficiencies,0.9947619047619047,0.02281697363193546
multi,position_four,101,20000,cycle_count,0.35095238095238096,1.4588545336042131
multi,position_four,101,20000,nontrivial_cycle_count,0.35714285714285715,1.437489360627674
multi,position_four,17,0,exceedances,0.0,5.414771350678944
multi,position_four,17,0,deficiencies,0.0,5.40477786109561
multi,position_four,17,0,cycle_count,0.0,5.364219084240141
multi,position_four,17,0,nontrivial_cycle_count,0.0,5.359599507649739
multi,position_four,17,1000,exceedances,0.28,1.723502724057152
multi,position_four,17,1000,deficiencies,0.2947619047619048,1.7160470762706939
multi,position_four,17,1000,cycle_count,0.27380952380952384,1.7711228216262092
multi,position_four,17,1000,nontrivial_cycle_count,0.3504761904761905,1.4514939371744793
multi,position_four,17,2000,exceedances,0.2652380952380952,1.7617852710542226
multi,position_four,17,2000,deficiencies,0.30714285714285716,1.753197519211542
multi,position_four,17,2000,cycle_count,0.3061904761904762,1.662633318219866
multi,position_four,17,2000,nontrivial_cycle_count,0.35333333333333333,1.4449366469610305
multi,position_four,17,3000,exceedances,0.44857142857142857,1.2983337057204474
multi,position_four,17,3000,deficiencies,0.38476190476190475,1.4100920758928572
multi,position_four,17,3000,cycle_count,0.31666666666666665,1.6107388777959915
multi,position_four,17,3000,nontrivial_cycle_count,0.35523809523809524,1.4538216363816034
multi,position_four,17,4000,exceedances,0.6161904761904762,0.9017611658005488
multi,position_four,17,4000,deficiencies,0.5652380952380952,1.0133616565522694
multi,position_four,17,4000,cycle_count,0.31952380952380954,1.5877282024565198
multi,position_four,17,4000,nontrivial_cycle_count,0.3538095238095238,1.446431641351609
multi,position_four,17,5000,exceedances,0.6661904761904762,0.8362723595755441
multi,position_four,17,5000,deficiencies,0.700952380952381,0.740194567725772
multi,position_four,17,5000,cycle_count,0.33666666666666667,1.5681855156308129
multi,position_four,17,5000,nontrivial_cycle_count,0.3523809523809524,1.4390737769717261
multi,position_four,17,6000,exceedances,0.6847619047619048,0.7669622655141921
multi,position_four,17,6000,deficiencies,0.6314285714285715,0.8978301207224528
multi,position_four,17,6000,cycle_count,0.3438095238095238,1.5392527480352494
multi,position_four,17,6000,nontrivial_cycle_count,0.35523809523809524,1.442303702944801
multi,position_four,17,7000,exceedances,0.6757142857142857,0.8334306594303676
multi,position_four,17,7000,deficiencies,0.7966666666666666,0.48371810050237746
multi,position_four,17,7000,cycle_count,0.3161904761904762,1.594756349836077
multi,position_four,17,7000,nontrivial_cycle_count,0.3647619047619048,1.44657105582101
multi,position_four,17,8000,exceedances,0.7504761904761905,0.610662087883268
multi,position_four,17,8000,deficiencies,0.8114285714285714,0.4512886487869989
multi,position_four,17,8000,cycle_count,0.3319047619047619,1.5783661724272229
multi,position_four,17,8000,nontrivial_cycle_count,0.35,1.4401984005882627
multi,position_four,17,9000,exceedances,0.9085714285714286,0.2433829172452291
multi,position_four,17,9000,deficiencies,0.6895238095238095,0.8533207528931754
multi,position_four,17,9000,cycle_count,0.35095238095238096,1.5129924919491722
multi,position_four,17,9000,nontrivial_cycle_count,0.3476190476190476,1.4466956801641555
multi,position_four,17,10000,exceedances,0.719047619047619,0.6328322551363991
multi,position_four,17,10000,deficiencies,0.8661904761904762,0.3392876761016392
multi,position_four,17,10000,cycle_count,0.3523809523809524,1.5049664270310175
multi,position_four,17,10000,nontrivial_cycle_count,0.35619047619047617,1.4377574993315196
multi,position_four,17,11000,exceedances,0.9476190476190476,0.15040545445822534
multi,position_four,17,11000,deficiencies,0.9414285714285714,0.1595117579755329
multi,position_four,17,11000,cycle_count,0.34809523809523807,1.5073758007231213
multi,position_four,17,11000,nontrivial_cycle_count,0.3519047619047619,1.4398823801676432
multi,position_four,17,12000,exceedances,0.9528571428571428,0.13143292884031932
multi,position_four,17,12000,deficiencies,0.9647619047619047,0.09875768255619775
multi,position_four,17,12000,cycle_count,0.35,1.5057330467587426
multi,position_four,17,12000,nontrivial_cycle_count,0.3547619047619048,1.4372469765799387
multi,position_four,17,13000,exceedances,0.940952380952381,0.15083943011505263
multi,position_four,17,13000,deficiencies,0.960952380952381,0.09579895247306143
multi,position_four,17,13000,cycle_count,0.3323809523809524,1.491596171061198
multi,position_four,17,13000,nontrivial_cycle_count,0.35619047619047617,1.4378325907389322
multi,position_four,17,14000,exceedances,0.9652380952380952,0.08871572656113477
multi,position_four,17,14000,deficiencies,0.9647619047619047,0.08761144854837939
multi,position_four,17,14000,cycle_count,0.3414285714285714,1.4954414295014882
multi,position_four,17,14000,nontrivial_cycle_count,0.34714285714285714,1.439077871413458
multi,position_four,17,15000,exceedances,0.979047619047619,0.06904225868838174
multi,position_four,17,15000,deficiencies,0.9885714285714285,0.03945443234273366
multi,position_four,17,15000,cycle_count,0.36095238095238097,1.4778182329450336
multi,position_four,17,15000,nontrivial_cycle_count,0.3595238095238095,1.4312057095482236
multi,position_four,17,16000,exceedances,0.9852380952380952,0.040732247868464105
multi,position_four,17,16000,deficiencies,0.981904761904762,0.057219728135636874
multi,position_four,17,16000,cycle_count,0.3538095238095238,1.4686557333809989
multi,position_four,17,16000,nontrivial_cycle_count,0.35285714285714287,1.4303470575241815
multi,position_four,17,17000,exceedances,0.9890476190476191,0.03482298737125737
multi,position_four,17,17000,deficiencies,0.99,0.031081515215337276
multi,position_four,17,17000,cycle_count,0.34904761904761905,1.4783106994628907
multi,position_four,17,17000,nontrivial_cycle_count,0.35714285714285715,1.4364415686471121
multi,position_four,17,18000,exceedances,0.9871428571428571,0.03775654480216049
multi,position_four,17,18000,deficiencies,0.9890476190476191,0.029976433529740287
multi,position_four,17,18000,cycle_count,0.35285714285714287,1.4759906405494327
multi,position_four,17,18000,nontrivial_cycle_count,0.35428571428571426,1.433509815761021
multi,position_four,17,19000,exceedances,0.9871428571428571,0.040992364235931916
multi,position_four,17,19000,deficiencies,0.99,0.032711968867196926
multi,position_four,17,19000,cycle_count,0.3523809523809524,1.474307374500093
multi,position_four,17,19000,nontrivial_cycle_count,0.3495238095238095,1.4356436484200614
multi,position_four,17,20000,exceedances,0.9909523809523809,0.029055582115515358
multi,position_four,17,20000,deficiencies,0.9890476190476191,0.040657739355450584
multi,position_four,17,20000,cycle_count,0.3566666666666667,1.465953601655506
multi,position_four,17,20000,nontrivial_cycle_count,0.3504761904761905,1.430632313319615
multi,position_four,42,0,exceedances,0.0,5.321372288295201
multi,position_four,42,0,deficiencies,0.0,5.3147120593843
multi,position_four,42,0,cycle_count,0.0,5.493432384672619
multi,position_four,42,0,nontrivial_cycle_count,0.0,5.544160010928199
multi,position_four,42,1000,exceedances,0.2947619047619048,1.7069054122198195
multi,position_four,42,1000,deficiencies,0.31523809523809526,1.7103587413969494
multi,position_four,42,1000,cycle_count,0.25952380952380955,1.7908465212867373
multi,position_four,42,1000,nontrivial_cycle_count,0.3519047619047619,1.4610889798118956
multi,position_four,42,2000,exceedances,0.29714285714285715,1.6735003734770275
multi,position_four,42,2000,deficiencies,0.3261904761904762,1.6547505987258184
multi,position_four,42,2000,cycle_count,0.29523809523809524,1.6676183609735398
multi,position_four,42,2000,nontrivial_cycle_count,0.34809523809523807,1.4568187168666296
multi,position_four,42,3000,exceedances,0.3376190476190476,1.5969807488577707
multi,position_four,42,3000,deficiencies,0.3252380952380952,1.6323934282575334
multi,position_four,42,3000,cycle_count,0.33380952380952383,1.5707093084426154
multi,position_four,42,3000,nontrivial_cycle_count,0.3576190476190476,1.4426504625592913
multi,position_four,42,4000,exceedances,0.3680952380952381,1.3946894382295154
multi,position_four,42,4000,deficiencies,0.3995238095238095,1.3588973708379837
multi,position_four,42,4000,cycle_count,0.32476190476190475,1.5992921774727957
multi,position_four,42,4000,nontrivial_cycle_count,0.3580952380952381,1.4567918795631045
multi,position_four,42,5000,exceedances,0.660952380952381,0.8219237536475772
multi,position_four,42,5000,deficiencies,0.6523809523809524,0.8350660087948754
multi,position_four,42,5000,cycle_count,0.3352380952380952,1.5349158296130951
multi,position_four,42,5000,nontrivial_cycle_count,0.35523809523809524,1.4441803559802828
multi,position_four,42,6000,exceedances,0.7085714285714285,0.7054310260500227
multi,position_four,42,6000,deficiencies,0.5676190476190476,0.9784696015857515
multi,position_four,42,6000,cycle_count,0.33476190476190476,1.5194160752069383
multi,position_four,42,6000,nontrivial_cycle_count,0.3485714285714286,1.4456029147193545
multi,position_four,42,7000,exceedances,0.7004761904761905,0.7319311550685338
multi,position_four,42,7000,deficiencies,0.7942857142857143,0.5069985108148484
multi,position_four,42,7000,cycle_count,0.3414285714285714,1.5436174955822173
multi,position_four,42,7000,nontrivial_cycle_count,0.3566666666666667,1.4521246955508278
multi,position_four,42,8000,exceedances,0.8342857142857143,0.42390536626180014
multi,position_four,42,8000,deficiencies,0.7547619047619047,0.6357366380237398
multi,position_four,42,8000,cycle_count,0.3376190476190476,1.5295122528076173
multi,position_four,42,8000,nontrivial_cycle_count,0.35095238095238096,1.440306647164481
multi,position_four,42,9000,exceedances,0.8257142857142857,0.45478234495435443
multi,position_four,42,9000,deficiencies,0.8885714285714286,0.28419691017695836
multi,position_four,42,9000,cycle_count,0.32571428571428573,1.5060384041922432
multi,position_four,42,9000,nontrivial_cycle_count,0.3519047619047619,1.4525298926943824
multi,position_four,42,10000,exceedances,0.9204761904761904,0.21240048581645601
multi,position_four,42,10000,deficiencies,0.8752380952380953,0.32057626406351725
multi,position_four,42,10000,cycle_count,0.3466666666666667,1.4935763622465588
multi,position_four,42,10000,nontrivial_cycle_count,0.3576190476190476,1.4414003426688058
multi,position_four,42,11000,exceedances,0.9233333333333333,0.20560689371256602
multi,position_four,42,11000,deficiencies,0.9642857142857143,0.11653039925155186
multi,position_four,42,11000,cycle_count,0.3419047619047619,1.5033824593680245
multi,position_four,42,11000,nontrivial_cycle_count,0.35,1.4487563868931361
multi,position_four,42,12000,exceedances,0.9414285714285714,0.15466081667514076
multi,position_four,42,12000,deficiencies,0.8804761904761905,0.2838537566363811
multi,position_four,42,12000,cycle_count,0.3433333333333333,1.519102049328032
multi,position_four,42,12000,nontrivial_cycle_count,0.3557142857142857,1.4445992188226608
multi,position_four,42,13000,exceedances,0.9652380952380952,0.08877425928200994
multi,position_four,42,13000,deficiencies,0.9733333333333334,0.07245773047563575
multi,position_four,42,13000,cycle_count,0.3461904761904762,1.492630250113351
multi,position_four,42,13000,nontrivial_cycle_count,0.35,1.4415649159749349
multi,position_four,42,14000,exceedances,0.9804761904761905,0.05883261843451432
multi,position_four,42,14000,deficiencies,0.9495238095238095,0.12886017654978094
multi,position_four,42,14000,cycle_count,0.3461904761904762,1.4743402753557477
multi,position_four,42,14000,nontrivial_cycle_count,0.35428571428571426,1.440878655569894
multi,position_four,42,15000,exceedances,0.9814285714285714,0.052747348990468755
multi,position_four,42,15000,deficiencies,0.9847619047619047,0.051327038375394686
multi,position_four,42,15000,cycle_count,0.3514285714285714,1.473734850202288
multi,position_four,42,15000,nontrivial_cycle_count,0.36428571428571427,1.4434883916945684
multi,position_four,42,16000,exceedances,0.9828571428571429,0.0468312097482738
multi,position_four,42,16000,deficiencies,0.9709523809523809,0.06702703640042317
multi,position_four,42,16000,cycle_count,0.3414285714285714,1.4720940907796225
multi,position_four,42,16000,nontrivial_cycle_count,0.3580952380952381,1.4373750668480283
multi,position_four,42,17000,exceedances,0.9890476190476191,0.02791148889809847
multi,position_four,42,17000,deficiencies,0.9857142857142858,0.0337025329417416
multi,position_four,42,17000,cycle_count,0.34904761904761905,1.4695840890066965
multi,position_four,42,17000,nontrivial_cycle_count,0.35428571428571426,1.436511695498512
multi,position_four,42,18000,exceedances,0.99,0.028611166528647855
multi,position_four,42,18000,deficiencies,0.98,0.05883865808624597
multi,position_four,42,18000,cycle_count,0.34714285714285714,1.472259041922433
multi,position_four,42,18000,nontrivial_cycle_count,0.3538095238095238,1.436539929707845
multi,position_four,42,19000,exceedances,0.9933333333333333,0.020231016943497316
multi,position_four,42,19000,deficiencies,0.9942857142857143,0.02055325403277363
multi,position_four,42,19000,cycle_count,0.3485714285714286,1.4645447031656902
multi,position_four,42,19000,nontrivial_cycle_count,0.3547619047619048,1.4387039511544364
multi,position_four,42,20000,exceedances,0.9847619047619047,0.04421000951280196
multi,position_four,42,20000,deficiencies,0.9942857142857143,0.017559838224025
multi,position_four,42,20000,cycle_count,0.3504761904761905,1.460506562732515
multi,position_four,42,20000,nontrivial_cycle_count,0.3557142857142857,1.4365121568952288
multi,position_none,101,0,double_ascents,0.0,5.38956784202939
multi,position_none,101,0,double_descents,0.0,5.376780540829613
multi,position_none,101,0,successions,0.0,5.328538295200893
multi,position_none,101,0,adjacencies,0.0,5.364532456170945
multi,position_none,101,1000,double_ascents,0.26142857142857145,1.8298252432686941
multi,position_none,101,1000,double_descents,0.2719047619047619,1.815711920601981
multi,position_none,101,1000,successions,0.4004761904761905,1.2500353495279948
multi,position_none,101,1000,adjacencies,0.3,1.6139596412295387
multi,position_none,101,2000,double_ascents,0.2561904761904762,1.8240189179920014
multi,position_none,101,2000,double_descents,0.2761904761904762,1.7968118722098214
multi,position_none,101,2000,successions,0.3780952380952381,1.2457727668398904
multi,position_none,101,2000,adjacencies,0.3,1.614372540428525
multi,position_none,101,3000,double_ascents,0.2542857142857143,1.8255755651564824
multi,position_none,101,3000,double_descents,0.24857142857142858,1.801369134812128
multi,position_none,101,3000,successions,0.40285714285714286,1.250723600841704
multi,position_none,101,3000,adjacencies,0.2823809523809524,1.626861848377046
multi,position_none,101,4000,double_ascents,0.2642857142857143,1.8115857841855003
multi,position_none,101,4000,double_descents,0.26904761904761904,1.789762486049107
multi,position_none,101,4000,successions,0.37523809523809526,1.2420055498395648
multi,position_none,101,4000,adjacencies,0.3,1.6123865182059152
multi,position_none,101,5000,double_ascents,0.2557142857142857,1.814770286196754
multi,position_none,101,5000,double_descents,0.26904761904761904,1.789836651030041
multi,position_none,101,5000,successions,0.40285714285714286,1.2427496301560175
multi,position_none,101,5000,adjacencies,0.2861904761904762,1.6186209397088913
multi,position_none,101,6000,double_ascents,0.26857142857142857,1.804036138625372
multi,position_none,101,6000,double_descents,0.2652380952380952,1.7899595387776692
multi,position_none,101,6000,successions,0.4023809523809524,1.2418709927513485
multi,position_none,101,6000,adjacencies,0.2861904761904762,1.6079032461983818
multi,position_none,101,7000,double_ascents,0.25666666666666665,1.8012839072091238
multi,position_none,101,7000,double_descents,0.2752380952380952,1.778815162295387
multi,position_none,101,7000,successions,0.3985714285714286,1.2383412570045107
multi,position_none,101,7000,adjacencies,0.30095238095238097,1.6065882473900204
multi,position_none,101,8000,double_ascents,0.27,1.80204834710984
multi,position_none,101,8000,double_descents,0.2876190476190476,1.774418941679455
multi,position_none,101,8000,successions,0.4042857142857143,1.2360652778262184
multi,position_none,101,8000,adjacencies,0.2976190476190476,1.6027801150367373
multi,position_none,101,9000,double_ascents,0.2695238095238095,1.7785494886125837
multi,position_none,101,9000,double_descents,0.28285714285714286,1.7720179530552456
multi,position_none,101,9000,successions,0.40190476190476193,1.2320560055687313
multi,position_none,101,9000,adjacencies,0.3047619047619048,1.5948187837146577
multi,position_none,101,10000,double_ascents,0.2823809523809524,1.7732111140659876
multi,position_none,101,10000,double_descents,0.2776190476190476,1.7426557886032832
multi,position_none,101,10000,successions,0.4080952380952381,1.2320496659051805
multi,position_none,101,10000,adjacencies,0.31523809523809526,1.5821898178827194
multi,position_none,101,11000,double_ascents,0.2761904761904762,1.774870823451451
multi,position_none,101,11000,double_descents,0.27,1.741174080258324
multi,position_none,101,11000,successions,0.4085714285714286,1.225240803673154
multi,position_none,101,11000,adjacencies,0.28523809523809524,1.5742433202834356
multi,position_none,101,12000,double_ascents,0.28095238095238095,1.7664850761776878
multi,position_none,101,12000,double_descents,0.2895238095238095,1.740869878133138
multi,position_none,101,12000,successions,0.4042857142857143,1.2237028975713822
multi,position_none,101,12000,adjacencies,0.3219047619047619,1.5613559795561291
multi,position_none,101,13000,double_ascents,0.2804761904761905,1.7519176592145647
multi,position_none,101,13000,double_descents,0.2842857142857143,1.725308881487165
multi,position_none,101,13000,successions,0.4080952380952381,1.2172205897739956
multi,position_none,101,13000,adjacencies,0.31285714285714283,1.5565696389334542
multi,position_none,101,14000,double_ascents,0.29904761904761906,1.7456887999035062
multi,position_none,101,14000,double_descents,0.28809523809523807,1.723792986188616
multi,position_none,101,14000,successions,0.43333333333333335,1.1989347203572591
multi,position_none,101,14000,adjacencies,0.31285714285714283,1.5466460491362073
multi,position_none,101,15000,double_ascents,0.29,1.734247087751116
multi,position_none,101,15000,double_descents,0.29285714285714287,1.726846418834868
multi,position_none,101,15000,successions,0.43047619047619046,1.1889686366489955
multi,position_none,101,15000,adjacencies,0.30142857142857143,1.5432113502139138
multi,position_none,101,16000,double_ascents,0.28095238095238095,1.731484890892392
multi,position_none,101,16000,double_descents,0.28904761904761905,1.715946546282087
multi,position_none,101,16000,successions,0.4461904761904762,1.1806554576328823
multi,position_none,101,16000,adjacencies,0.310952380952381,1.5397135271344866
multi,position_none,101,17000,double_ascents,0.2861904761904762,1.739760476975214
multi,position_none,101,17000,double_descents,0.310952380952381,1.6982392774309432
multi,position_none,101,17000,successions,0.4280952380952381,1.1890728868756975
multi,position_none,101,17000,adjacencies,0.3119047619047619,1.5381924874441963
multi,position_none,101,18000,double_ascents,0.29333333333333333,1.725740705217634
multi,position_none,101,18000,double_descents,0.30047619047619045,1.7054958016531807
multi,position_none,101,18000,successions,0.45571428571428574,1.1664816211518787
multi,position_none,101,18000,adjacencies,0.3157142857142857,1.530540756952195
multi,position_none,101,19000,double_ascents,0.2866666666666667,1.7242638033912296
multi,position_none,101,19000,double_descents,0.30428571428571427,1.690919167654855
multi,position_none,101,19000,successions,0.4595238095238095,1.1662931896391369
multi,position_none,101,19000,adjacencies,0.31476190476190474,1.5284612237839472
multi,position_none,101,20000,double_ascents,0.2938095238095238,1.7160152762276786
multi,position_none,101,20000,double_descents,0.2980952380952381,1.680378665015811
multi,position_none,101,20000,successions,0.45571428571428574,1.1609818358648392
multi,position_none,101,20000,adjacencies,0.31857142857142856,1.5248240588960194
multi,position_none,17,0,double_ascents,0.0,5.353342910039992
multi,position_none,17,0,double_descents,0.0,5.3480357142857144
multi,position_none,17,0,successions,0.0,5.226294671921503
multi,position_none,17,0,adjacencies,0.0,5.3244586908249625
multi,position_none,17,1000,double_ascents,0.2652380952380952,1.8328997548421224
multi,position_none,17,1000,double_descents,0.2680952380952381,1.8036092449369885
multi,position_none,17,1000,successions,0.40285714285714286,1.2542386191231865
multi,position_none,17,1000,adjacencies,0.2838095238095238,1.6208094932919457
multi,position_none,17,2000,double_ascents,0.2723809523809524,1.8202920822870163
multi,position_none,17,2000,double_descents,0.27380952380952384,1.79048581077939
multi,position_none,17,2000,successions,0.3780952380952381,1.254607180640811
multi,position_none,17,2000,adjacencies,0.2823809523809524,1.622350111461821
multi,position_none,17,3000,double_ascents,0.2619047619047619,1.8177389126732235
multi,position_none,17,3000,double_descents,0.2704761904761905,1.7906470053536552
multi,position_none,17,3000,successions,0.40095238095238095,1.2484531075613838
multi,position_none,17,3000,adjacencies,0.2838095238095238,1.6145943014962332
multi,position_none,17,4000,double_ascents,0.2719047619047619,1.8110154615129743
multi,position_none,17,4000,double_descents,0.2695238095238095,1.7883501506987072
multi,position_none,17,4000,successions,0.38142857142857145,1.255615216209775
multi,position_none,17,4000,adjacencies,0.28285714285714286,1.6128482927594867
multi,position_none,17,5000,double_ascents,0.27285714285714285,1.8059851582845052
multi,position_none,17,5000,double_descents,0.2671428571428571,1.7823212469191778
multi,position_none,17,5000,successions,0.38,1.2440946451822916
multi,position_none,17,5000,adjacencies,0.29619047619047617,1.5999261256626673
multi,position_none,17,6000,double_ascents,0.2719047619047619,1.7914217885335286
multi,position_none,17,6000,double_descents,0.25952380952380955,1.7685397011893136
multi,position_none,17,6000,successions,0.4057142857142857,1.2270008813767206
multi,position_none,17,6000,adjacencies,0.2995238095238095,1.5932245526994977
multi,position_none,17,7000,double_ascents,0.2761904761904762,1.7775521269298735
multi,position_none,17,7000,double_descents,0.26285714285714284,1.7519761149088542
multi,position_none,17,7000,successions,0.42142857142857143,1.2222858792259579
multi,position_none,17,7000,adjacencies,0.2985714285714286,1.5860316031319754
multi,position_none,17,8000,double_ascents,0.2785714285714286,1.7531320408412387
multi,position_none,17,8000,double_descents,0.30095238095238097,1.7038980938139416
multi,position_none,17,8000,successions,0.42095238095238097,1.220859761919294
multi,position_none,17,8000,adjacencies,0.31,1.571442881992885
multi,position_none,17,9000,double_ascents,0.2895238095238095,1.7279737599690754
multi,position_none,17,9000,double_descents,0.3080952380952381,1.6860154942103796
multi,position_none,17,9000,successions,0.4057142857142857,1.2186394518897647
multi,position_none,17,9000,adjacencies,0.31142857142857144,1.5680152529761904
multi,position_none,17,10000,double_ascents,0.31285714285714283,1.695802499680292
multi,position_none,17,10000,double_descents,0.3019047619047619,1.6736719621930805
multi,position_none,17,10000,successions,0.4195238095238095,1.2159030260358539
multi,position_none,17,10000,adjacencies,0.3180952380952381,1.5706035868326822
multi,position_none,17,11000,double_ascents,0.30714285714285716,1.678405363900321
multi,position_none,17,11000,double_descents,0.33714285714285713,1.617365482875279
multi,position_none,17,11000,successions,0.42095238095238097,1.2087360345749627
multi,position_none,17,11000,adjacencies,0.31952380952380954,1.5681107947939918
multi,position_none,17,12000,double_ascents,0.33095238095238094,1.6232185817900158
multi,position_none,17,12000,double_descents,0.3438095238095238,1.5825277746291389
multi,position_none,17,12000,successions,0.42,1.197236424400693
multi,position_none,17,12000,adjacencies,0.30904761904761907,1.5593782697405134
multi,position_none,17,13000,double_ascents,0.3342857142857143,1.5964355632237026
multi,position_none,17,13000,double_descents,0.3557142857142857,1.553459834144229
multi,position_none,17,13000,successions,0.43476190476190474,1.1945087614513579
multi,position_none,17,13000,adjacencies,0.32904761904761903,1.556126200358073
multi,position_none,17,14000,double_ascents,0.35523809523809524,1.5482018479846773
multi,position_none,17,14000,double_descents,0.36,1.5303698312668574
multi,position_none,17,14000,successions,0.44095238095238093,1.1780123283749535
multi,position_none,17,14000,adjacencies,0.3319047619047619,1.5435997663225447
multi,position_none,17,15000,double_ascents,0.3742857142857143,1.5200404921032133
multi,position_none,17,15000,double_descents,0.3628571428571429,1.5089588492257255
multi,position_none,17,15000,successions,0.4585714285714286,1.159843760899135
multi,position_none,17,15000,adjacencies,0.33666666666666667,1.5316293625604538
multi,position_none,17,16000,double_ascents,0.3780952380952381,1.4994012887137276
multi,position_none,17,16000,double_descents,0.38333333333333336,1.5008542287917364
multi,position_none,17,16000,successions,0.44904761904761903,1.166635716756185
multi,position_none,17,16000,adjacencies,0.34523809523809523,1.5247618212018694
multi,position_none,17,17000,double_ascents,0.38142857142857145,1.4776534289405459
multi,position_none,17,17000,double_descents,0.3880952380952381,1.468472885858445
multi,position_none,17,17000,successions,0.4561904761904762,1.1455910946073986
multi,position_none,17,17000,adjacencies,0.3433333333333333,1.508673357282366
multi,position_none,17,18000,double_ascents,0.3823809523809524,1.4689855412074497
multi,position_none,17,18000,double_descents,0.39380952380952383,1.4565295010521297
multi,position_none,17,18000,successions,0.4638095238095238,1.1340418297903878
multi,position_none,17,18000,adjacencies,0.3433333333333333,1.4877535175141834
multi,position_none,17,19000,double_ascents,0.3904761904761905,1.449318940298898
multi,position_none,17,19000,double_descents,0.4066666666666667,1.4443622716267903
multi,position_none,17,19000,successions,0.4704761904761905,1.121146096729097
multi,position_none,17,19000,adjacencies,0.35095238095238096,1.48386226835705
multi,position_none,17,20000,double_ascents,0.4057142857142857,1.4332707886468796
multi,position_none,17,20000,double_descents,0.41285714285714287,1.4372550964355468
multi,position_none,17,20000,successions,0.4804761904761905,1.1118872542608351
multi,position_none,17,20000,adjacencies,0.3457142857142857,1.4767290969122024
multi,position_none,42,0,double_ascents,0.0,5.500771731422061
multi,position_none,42,0,double_descents,0.0,5.500769449869792
multi,position_none,42,0,successions,0.0,5.440007672991071
multi,position_none,42,0,adjacencies,0.0,5.489979756673177
multi,position_none,42,1000,double_ascents,0.2523809523809524,1.8288313584100633
multi,position_none,42,1000,double_descents,0.2623809523809524,1.810597196306501
multi,position_none,42,1000,successions,0.3780952380952381,1.254737774076916
multi,position_none,42,1000,adjacencies,0.2823809523809524,1.6213167099725632
multi,position_none,42,2000,double_ascents,0.25761904761904764,1.8189752342587426
multi,position_none,42,2000,double_descents,0.26142857142857145,1.8004773893810453
multi,position_none,42,2000,successions,0.40285714285714286,1.2450510442824592
multi,position_none,42,2000,adjacencies,0.3,1.6130046117873418
multi,position_none,42,3000,double_ascents,0.2633333333333333,1.8223899913969495
multi,position_none,42,3000,double_descents,0.2819047619047619,1.7872672489711217
multi,position_none,42,3000,successions,0.3961904761904762,1.2421161070324125
multi,position_none,42,3000,adjacencies,0.2661904761904762,1.619192388625372
multi,position_none,42,4000,double_ascents,0.2652380952380952,1.805970931280227
multi,position_none,42,4000,double_descents,0.2695238095238095,1.7810384041922434
multi,position_none,42,4000,successions,0.4038095238095238,1.2420322527204242
multi,position_none,42,4000,adjacencies,0.2833333333333333,1.6129783194405691
multi,position_none,42,5000,double_ascents,0.2557142857142857,1.8128736223493302
multi,position_none,42,5000,double_descents,0.26142857142857145,1.793586651030041
multi,position_none,42,5000,successions,0.3933333333333333,1.2498099953787667
multi,position_none,42,5000,adjacencies,0.2723809523809524,1.614295171101888
multi,position_none,42,6000,double_ascents,0.2623809523809524,1.7997034744989304
multi,position_none,42,6000,double_descents,0.2719047619047619,1.7756895265125092
multi,position_none,42,6000,successions,0.3780952380952381,1.2473800259544736
multi,position_none,42,6000,adjacencies,0.29714285714285715,1.603507334391276
multi,position_none,42,7000,double_ascents,0.2661904761904762,1.7964671434674944
multi,position_none,42,7000,double_descents,0.26285714285714284,1.7697770545596168
multi,position_none,42,7000,successions,0.3961904761904762,1.2362783141363234
multi,position_none,42,7000,adjacencies,0.2966666666666667,1.5982754807245163
multi,position_none,42,8000,double_ascents,0.2695238095238095,1.7892866806756882
multi,position_none,42,8000,double_descents,0.25857142857142856,1.7658402034214564
multi,position_none,42,8000,successions,0.4042857142857143,1.2393049766903832
multi,position_none,42,8000,adjacencies,0.2976190476190476,1.5989305405389695
multi,position_none,42,9000,double_ascents,0.27285714285714285,1.7894200461251395
multi,position_none,42,9000,double_descents,0.2757142857142857,1.763355204264323
multi,position_none,42,9000,successions,0.4057142857142857,1.2373146057128905
multi,position_none,42,9000,adjacencies,0.30238095238095236,1.5929241398402623
multi,position_none,42,10000,double_ascents,0.2661904761904762,1.7821145448230562
multi,position_none,42,10000,double_descents,0.2833333333333333,1.7528745560418992
multi,position_none,42,10000,successions,0.4147619047619048,1.2250988369896298
multi,position_none,42,10000,adjacencies,0.2938095238095238,1.5778923615955172
multi,position_none,42,11000,double_ascents,0.27666666666666667,1.7622876957484654
multi,position_none,42,11000,double_descents,0.27285714285714285,1.75774536496117
multi,position_none,42,11000,successions,0.42523809523809525,1.2150703466506232
multi,position_none,42,11000,adjacencies,0.30428571428571427,1.571113023303804
multi,position_none,42,12000,double_ascents,0.27380952380952384,1.759095230102539
multi,position_none,42,12000,double_descents,0.2714285714285714,1.7447117723737444
multi,position_none,42,12000,successions,0.44095238095238093,1.2047749982561384
multi,position_none,42,12000,adjacencies,0.29285714285714287,1.5664322117396763
multi,position_none,42,13000,double_ascents,0.28714285714285714,1.7523045603434244
multi,position_none,42,13000,double_descents,0.2733333333333333,1.72675534929548
multi,position_none,42,13000,successions,0.44095238095238093,1.1964803859165736
multi,position_none,42,13000,adjacencies,0.31523809523809526,1.5539422462100074
multi,position_none,42,14000,double_ascents,0.28523809523809524,1.7468901425316221
multi,position_none,42,14000,double_descents,0.2742857142857143,1.7057965378534226
multi,position_none,42,14000,successions,0.4504761904761905,1.187748167855399
multi,position_none,42,14000,adjacencies,0.32285714285714284,1.5490969521658762
multi,position_none,42,15000,double_ascents,0.29333333333333333,1.7391001601446243
multi,position_none,42,15000,double_descents,0.2838095238095238,1.7056148311070034
multi,position_none,42,15000,successions,0.46,1.1723349071684337
multi,position_none,42,15000,adjacencies,0.3333333333333333,1.5506110055106026
multi,position_none,42,16000,double_ascents,0.29333333333333333,1.7286877550397601
multi,position_none,42,16000,double_descents,0.28809523809523807,1.6872045535132998
multi,position_none,42,16000,successions,0.4623809523809524,1.1590514573596773
multi,position_none,42,16000,adjacencies,0.3271428571428571,1.5244677371070499
multi,position_none,42,17000,double_ascents,0.2947619047619048,1.7121966916038875
multi,position_none,42,17000,double_descents,0.2904761904761905,1.6795420256115141
multi,position_none,42,17000,successions,0.4642857142857143,1.1510607183547248
multi,position_none,42,17000,adjacencies,0.33285714285714285,1.5185780007498606
multi,position_none,42,18000,double_ascents,0.3080952380952381,1.6987606484549387
multi,position_none,42,18000,double_descents,0.29428571428571426,1.6652011308215913
multi,position_none,42,18000,successions,0.4742857142857143,1.1506894665672665
multi,position_none,42,18000,adjacencies,0.3280952380952381,1.5214877065022787
multi,position_none,42,19000,double_ascents,0.310952380952381,1.6953403836204892
multi,position_none,42,19000,double_descents,0.2914285714285714,1.6600445102509997
multi,position_none,42,19000,successions,0.4780952380952381,1.1373159717378163
multi,position_none,42,19000,adjacencies,0.33,1.5070706140427363
multi,position_none,42,20000,double_ascents,0.31142857142857144,1.6817940048944382
multi,position_none,42,20000,double_descents,0.28714285714285714,1.6567598252069382
multi,position_none,42,20000,successions,0.4638095238095238,1.1319105529785156
multi,position_none,42,20000,adjacencies,0.3304761904761905,1.5015779913039435
multi,position_three,101,0,fixed_points,0.0,5.327773931594122
multi,position_three,101,0,exceedances,0.0,5.253293195452009
multi,position_three,101,0,deficiencies,0.0,5.248378136044457
multi,position_three,101,0,right_to_left_minima,0.0,5.417310645693824
multi,position_three,101,1000,fixed_points,0.48,1.1659795452299573
multi,position_three,101,1000,exceedances,0.2985714285714286,1.7110248093377975
multi,position_three,101,1000,deficiencies,0.27476190476190476,1.739493437267485
multi,position_three,101,1000,right_to_left_minima,0.48523809523809525,1.2054963629586355
multi,position_three,101,2000,fixed_points,0.7609523809523809,0.6415426372346424
multi,position_three,101,2000,exceedances,0.32476190476190475,1.6065998041062128
multi,position_three,101,2000,deficiencies,0.4219047619047619,1.4044944763183593
multi,position_three,101,2000,right_to_left_minima,0.5619047619047619,0.9484453346615745
multi,position_three,101,3000,fixed_points,0.9047619047619048,0.31693254243759883
multi,position_three,101,3000,exceedances,0.4266666666666667,1.2559460830688476
multi,position_three,101,3000,deficiencies,0.5619047619047619,1.0487030646914528
multi,position_three,101,3000,right_to_left_minima,0.7785714285714286,0.5346340361095611
multi,position_three,101,4000,fixed_points,0.8938095238095238,0.30040747438158305
multi,position_three,101,4000,exceedances,0.7409523809523809,0.6836096037001836
multi,position_three,101,4000,deficiencies,0.7328571428571429,0.7328093846638998
multi,position_three,101,4000,right_to_left_minima,0.8828571428571429,0.31940146537054154
multi,position_three,101,5000,fixed_points,0.9242857142857143,0.2083827341170538
multi,position_three,101,5000,exceedances,0.68,0.7347682226271857
multi,position_three,101,5000,deficiencies,0.7852380952380953,0.5331757250286284
multi,position_three,101,5000,right_to_left_minima,0.8919047619047619,0.2582023684183756
multi,position_three,101,6000,fixed_points,0.9485714285714286,0.13271527324404037
multi,position_three,101,6000,exceedances,0.8509523809523809,0.39650722072238015
multi,position_three,101,6000,deficiencies,0.8171428571428572,0.43351543290274486
multi,position_three,101,6000,right_to_left_minima,0.9071428571428571,0.24329602604820616
multi,position_three,101,7000,fixed_points,0.9571428571428572,0.11915789717719669
multi,position_three,101,7000,exceedances,0.7704761904761904,0.5107197755859012
multi,position_three,101,7000,deficiencies,0.8604761904761905,0.35872645627884636
multi,position_three,101,7000,right_to_left_minima,0.920952380952381,0.21018154825483049
multi,position_three,101,8000,fixed_points,0.9747619047619047,0.0758851630063284
multi,position_three,101,8000,exceedances,0.8061904761904762,0.4677925501550947
multi,position_three,101,8000,deficiencies,0.8614285714285714,0.36924023077601476
multi,position_three,101,8000,right_to_left_minima,0.9485714285714286,0.14781433050121578
multi,position_three,101,9000,fixed_points,0.9742857142857143,0.07308217541802497
multi,position_three,101,9000,exceedances,0.9252380952380952,0.20573654390516735
multi,position_three,101,9000,deficiencies,0.9247619047619048,0.17539283735411507
multi,position_three,101,9000,right_to_left_minima,0.9328571428571428,0.1723428858461834
multi,position_three,101,10000,fixed_points,0.9866666666666667,0.039727188410858316
multi,position_three,101,10000,exceedances,0.8928571428571429,0.2962946597735087
multi,position_three,101,10000,deficiencies,0.8714285714285714,0.31885961002537183
multi,position_three,101,10000,right_to_left_minima,0.9561904761904761,0.13124729707127525
multi,position_three,101,11000,fixed_points,0.9804761904761905,0.05137697589184557
multi,position_three,101,11000,exceedances,0.7685714285714286,0.5839595693704628
multi,position_three,101,11000,deficiencies,0.9233333333333333,0.21911024048924446
multi,position_three,101,11000,right_to_left_minima,0.9595238095238096,0.1185815512069634
multi,position_three,101,12000,fixed_points,0.9914285714285714,0.027677568666903036
multi,position_three,101,12000,exceedances,0.9504761904761905,0.13017421135767585
multi,position_three,101,12000,deficiencies,0.9814285714285714,0.059736898828830036
multi,position_three,101,12000,right_to_left_minima,0.97,0.08580637789907909
multi,position_three,101,13000,fixed_points,0.9885714285714285,0.035960777769574806
multi,position_three,101,13000,exceedances,0.9909523809523809,0.029838443708916505
multi,position_three,101,13000,deficiencies,0.9890476190476191,0.033989820434224036
multi,position_three,101,13000,right_to_left_minima,0.9771428571428571,0.06978334356631552
multi,position_three,101,14000,fixed_points,0.99,0.031540396317307436
multi,position_three,101,14000,exceedances,0.9976190476190476,0.011804865235906271
multi,position_three,101,14000,deficiencies,0.9838095238095238,0.041898514408440814
multi,position_three,101,14000,right_to_left_minima,0.9766666666666667,0.07011471776025636
multi,position_three,101,15000,fixed_points,0.9885714285714285,0.0450170006934509
multi,position_three,101,15000,exceedances,0.9971428571428571,0.010155849666999919
multi,position_three,101,15000,deficiencies,0.981904761904762,0.04470546488871886
multi,position_three,101,15000,right_to_left_minima,0.9757142857142858,0.0705176291033803
multi,position_three,101,16000,fixed_points,0.9976190476190476,0.007209586480721121
multi,position_three,101,16000,exceedances,0.9966666666666667,0.01108513235824094
multi,position_three,101,16000,deficiencies,0.9614285714285714,0.0935561677405522
multi,position_three,101,16000,right_to_left_minima,0.9823809523809524,0.05799140875715585
multi,position_three,101,17000,fixed_points,0.9985714285714286,0.007458038546943239
multi,position_three,101,17000,exceedances,0.9995238095238095,0.003872732182609893
multi,position_three,101,17000,deficiencies,0.9985714285714286,0.007730830568554146
multi,position_three,101,17000,right_to_left_minima,0.9833333333333333,0.04855337819971499
multi,position_three,101,18000,fixed_points,0.9971428571428571,0.00792851178718376
multi,position_three,101,18000,exceedances,0.9985714285714286,0.004123022774500506
multi,position_three,101,18000,deficiencies,0.9976190476190476,0.007788438703643069
multi,position_three,101,18000,right_to_left_minima,0.9857142857142858,0.03830381266506655
multi,position_three,101,19000,fixed_points,0.9985714285714286,0.0057022976047093315
multi,position_three,101,19000,exceedances,0.9990476190476191,0.0035108922594892125
multi,position_three,101,19000,deficiencies,0.9952380952380953,0.009040813480415159
multi,position_three,101,19000,right_to_left_minima,0.9876190476190476,0.03747648076819522
multi,position_three,101,20000,fixed_points,0.9980952380952381,0.009542424561527912
multi,position_three,101,20000,exceedances,0.9990476190476191,0.0035774773722957996
multi,position_three,101,20000,deficiencies,0.9971428571428571,0.00860984893249614
multi,position_three,101,20000,right_to_left_minima,0.9885714285714285,0.03349478855906498
multi,position_three,17,0,fixed_points,0.0,5.232885393415178
multi,position_three,17,0,exceedances,0.0,5.414771350678944
multi,position_three,17,0,deficiencies,0.0,5.40477786109561
multi,position_three,17,0,right_to_left_minima,0.0,5.379108596075149
multi,position_three,17,1000,fixed_points,0.4471428571428571,1.2077299662998744
multi,position_three,17,1000,exceedances,0.28476190476190477,1.715887193225679
multi,position_three,17,1000,deficiencies,0.2895238095238095,1.718064426240467
multi,position_three,17,1000,right_to_left_minima,0.49666666666666665,1.1661214882986886
multi,position_three,17,2000,fixed_points,0.5471428571428572,1.016646245320638
multi,position_three,17,2000,exceedances,0.32666666666666666,1.5874823034377326
multi,position_three,17,2000,deficiencies,0.3376190476190476,1.5887252516973587
multi,position_three,17,2000,right_to_left_minima,0.810952380952381,0.48324634007045203
multi,position_three,17,3000,fixed_points,0.6471428571428571,0.8549271138509115
multi,position_three,17,3000,exceedances,0.5228571428571429,1.1560673304966518
multi,position_three,17,3000,deficiencies,0.51,1.1531289400373186
multi,position_three,17,3000,right_to_left_minima,0.8580952380952381,0.3676688929966518
multi,position_three,17,4000,fixed_points,0.8219047619047619,0.4496094235919771
multi,position_three,17,4000,exceedances,0.5228571428571429,1.1173936680385044
multi,position_three,17,4000,deficiencies,0.44333333333333336,1.3278303654988606
multi,position_three,17,4000,right_to_left_minima,0.8809523809523809,0.2952927435012091
multi,position_three,17,5000,fixed_points,0.8952380952380953,0.302205924987793
multi,position_three,17,5000,exceedances,0.6766666666666666,0.7380013747442337
multi,position_three,17,5000,deficiencies,0.7571428571428571,0.600058719090053
multi,position_three,17,5000,right_to_left_minima,0.8704761904761905,0.33383822214035763
multi,position_three,17,6000,fixed_points,0.9380952380952381,0.18129369315646943
multi,position_three,17,6000,exceedances,0.7823809523809524,0.5397557467506046
multi,position_three,17,6000,deficiencies,0.6595238095238095,0.7668024689810616
multi,position_three,17,6000,right_to_left_minima,0.9328571428571428,0.18985561047281538
multi,position_three,17,7000,fixed_points,0.9323809523809524,0.18679290816897437
multi,position_three,17,7000,exceedances,0.7961904761904762,0.5427573347091674
multi,position_three,17,7000,deficiencies,0.7123809523809523,0.6283028398241316
multi,position_three,17,7000,right_to_left_minima,0.9214285714285714,0.20796137582688104
multi,position_three,17,8000,fixed_points,0.9523809523809523,0.12658837507168452
multi,position_three,17,8000,exceedances,0.8214285714285714,0.4262846092383067
multi,position_three,17,8000,deficiencies,0.8652380952380953,0.3398714558283488
multi,position_three,17,8000,right_to_left_minima,0.9266666666666666,0.2022549692505882
multi,position_three,17,9000,fixed_points,0.97,0.07916660754453568
multi,position_three,17,9000,exceedances,0.8085714285714286,0.4575854638076964
multi,position_three,17,9000,deficiencies,0.9152380952380952,0.2337201756522769
multi,position_three,17,9000,right_to_left_minima,0.9257142857142857,0.20484706242879233
multi,position_three,17,10000,fixed_points,0.9785714285714285,0.05740421947978792
multi,position_three,17,10000,exceedances,0.950952380952381,0.14070065518220265
multi,position_three,17,10000,deficiencies,0.9514285714285714,0.1341151112176123
multi,position_three,17,10000,right_to_left_minima,0.9580952380952381,0.12120479115418026
multi,position_three,17,11000,fixed_points,0.9709523809523809,0.07048843978061563
multi,position_three,17,11000,exceedances,0.9666666666666667,0.12013713406664984
multi,position_three,17,11000,deficiencies,0.8823809523809524,0.2745694364536376
multi,position_three,17,11000,right_to_left_minima,0.9642857142857143,0.09750407839814822
multi,position_three,17,12000,fixed_points,0.991904761904762,0.027729789229730763
multi,position_three,17,12000,exceedances,0.9885714285714285,0.04768666984424705
multi,position_three,17,12000,deficiencies,0.9723809523809523,0.06527343603649309
multi,position_three,17,12000,right_to_left_minima,0.9676190476190476,0.08706208864847818
multi,position_three,17,13000,fixed_points,0.9938095238095238,0.026231434767001443
multi,position_three,17,13000,exceedances,0.9961904761904762,0.021730115958267734
multi,position_three,17,13000,deficiencies,0.9890476190476191,0.03556889839115597
multi,position_three,17,13000,right_to_left_minima,0.9685714285714285,0.0891030952263446
multi,position_three,17,14000,fixed_points,0.9947619047619047,0.020113638120126866
multi,position_three,17,14000,exceedances,0.9809523809523809,0.04954265302135831
multi,position_three,17,14000,deficiencies,0.9933333333333333,0.023413792204644
multi,position_three,17,14000,right_to_left_minima,0.9638095238095238,0.10873519469052553
multi,position_three,17,15000,fixed_points,0.9976190476190476,0.009956237117405094
multi,position_three,17,15000,exceedances,0.9938095238095238,0.021858468532917046
multi,position_three,17,15000,deficiencies,0.9928571428571429,0.022054929440131498
multi,position_three,17,15000,right_to_left_minima,0.9728571428571429,0.08480437311742987
multi,position_three,17,16000,fixed_points,0.9966666666666667,0.01341902040355351
multi,position_three,17,16000,exceedances,0.9923809523809524,0.022320482914912558
multi,position_three,17,16000,deficiencies,0.9938095238095238,0.01729036923409218
multi,position_three,17,16000,right_to_left_minima,0.9752380952380952,0.07148319879369366
multi,position_three,17,17000,fixed_points,0.9971428571428571,0.011008623013095487
multi,position_three,17,17000,exceedances,0.9928571428571429,0.015378436368579666
multi,position_three,17,17000,deficiencies,0.9952380952380953,0.016608237555871406
multi,position_three,17,17000,right_to_left_minima,0.9714285714285714,0.09229299754613922
multi,position_three,17,18000,fixed_points,0.9966666666666667,0.010107337742644761
multi,position_three,17,18000,exceedances,0.9947619047619047,0.016368149634273278
multi,position_three,17,18000,deficiencies,0.9966666666666667,0.013611694075876759
multi,position_three,17,18000,right_to_left_minima,0.98,0.06408958487966586
multi,position_three,17,19000,fixed_points,0.9980952380952381,0.009275686744977498
multi,position_three,17,19000,exceedances,0.9995238095238095,0.0039882953917341575
multi,position_three,17,19000,deficiencies,0.9980952380952381,0.006376322874843719
multi,position_three,17,19000,right_to_left_minima,0.9785714285714285,0.06462992759022329
multi,position_three,17,20000,fixed_points,0.9966666666666667,0.008541545200804692
multi,position_three,17,20000,exceedances,0.9990476190476191,0.0034464693652643333
multi,position_three,17,20000,deficiencies,0.9966666666666667,0.012294587759034975
multi,position_three,17,20000,right_to_left_minima,0.9828571428571429,0.04677011081350169
multi,position_three,42,0,fixed_points,0.0,5.449593026297433
multi,position_three,42,0,exceedances,0.0,5.321372288295201
multi,position_three,42,0,deficiencies,0.0,5.3147120593843
multi,position_three,42,0,right_to_left_minima,0.0,5.50838120233445
multi,position_three,42,1000,fixed_points,0.48,1.1754318091982887
multi,position_three,42,1000,exceedances,0.29428571428571426,1.6858312842959449
multi,position_three,42,1000,deficiencies,0.30857142857142855,1.7002350507463728
multi,position_three,42,1000,right_to_left_minima,0.3719047619047619,1.3616918527512323
multi,position_three,42,2000,fixed_points,0.5842857142857143,0.9273189762660435
multi,position_three,42,2000,exceedances,0.4328571428571429,1.3183426230294364
multi,position_three,42,2000,deficiencies,0.36857142857142855,1.488130809238979
multi,position_three,42,2000,right_to_left_minima,0.6671428571428571,0.8017419724237351
multi,position_three,42,3000,fixed_points,0.8476190476190476,0.4330824861072359
multi,position_three,42,3000,exceedances,0.5042857142857143,1.1345203000023252
multi,position_three,42,3000,deficiencies,0.6057142857142858,1.0200151824951171
multi,position_three,42,3000,right_to_left_minima,0.7885714285714286,0.500355775923956
multi,position_three,42,4000,fixed_points,0.900952380952381,0.26760401748475576
multi,position_three,42,4000,exceedances,0.7195238095238096,0.6969630795433408
multi,position_three,42,4000,deficiencies,0.5857142857142857,0.9199383326939174
multi,position_three,42,4000,right_to_left_minima,0.87,0.3439925125667027
multi,position_three,42,5000,fixed_points,0.900952380952381,0.25210204487755183
multi,position_three,42,5000,exceedances,0.7823809523809524,0.5678444844200498
multi,position_three,42,5000,deficiencies,0.7966666666666666,0.5476290571121942
multi,position_three,42,5000,right_to_left_minima,0.8795238095238095,0.29345615455082485
multi,position_three,42,6000,fixed_points,0.9328571428571428,0.16805396136783418
multi,position_three,42,6000,exceedances,0.7914285714285715,0.5056836963835216
multi,position_three,42,6000,deficiencies,0.7623809523809524,0.5898202805292039
multi,position_three,42,6000,right_to_left_minima,0.9223809523809524,0.20146146501813617
multi,position_three,42,7000,fixed_points,0.9704761904761905,0.08363363034668422
multi,position_three,42,7000,exceedances,0.8371428571428572,0.4049862265586853
multi,position_three,42,7000,deficiencies,0.9,0.29300670146942137
multi,position_three,42,7000,right_to_left_minima,0.9052380952380953,0.2544726267315093
multi,position_three,42,8000,fixed_points,0.9828571428571429,0.05730139008590153
multi,position_three,42,8000,exceedances,0.8176190476190476,0.44921085516611736
multi,position_three,42,8000,deficiencies,0.7285714285714285,0.589927552370798
multi,position_three,42,8000,right_to_left_minima,0.9152380952380952,0.2219956017675854
multi,position_three,42,9000,fixed_points,0.9614285714285714,0.0964767426323323
multi,position_three,42,9000,exceedances,0.94,0.1613917573434966
multi,position_three,42,9000,deficiencies,0.9252380952380952,0.2098366449560438
multi,position_three,42,9000,right_to_left_minima,0.9242857142857143,0.19154076723825364
multi,position_three,42,10000,fixed_points,0.9504761904761905,0.13535506950957435
multi,position_three,42,10000,exceedances,0.6476190476190476,1.186221906344096
multi,position_three,42,10000,deficiencies,0.9561904761904761,0.12963194680355844
multi,position_three,42,10000,right_to_left_minima,0.9404761904761905,0.1464289993331546
multi,position_three,42,11000,fixed_points,0.9852380952380952,0.04107736871356056
multi,position_three,42,11000,exceedances,0.8947619047619048,0.25190327371160187
multi,position_three,42,11000,deficiencies,0.8795238095238095,0.277484210083882
multi,position_three,42,11000,right_to_left_minima,0.9614285714285714,0.10736905499583199
multi,position_three,42,12000,fixed_points,0.9928571428571429,0.027457941413103114
multi,position_three,42,12000,exceedances,0.9795238095238096,0.05889514281458798
multi,position_three,42,12000,deficiencies,0.949047619047619,0.12543085754272484
multi,position_three,42,12000,right_to_left_minima,0.9542857142857143,0.13125338862339656
multi,position_three,42,13000,fixed_points,0.9933333333333333,0.02546481382722656
multi,position_three,42,13000,exceedances,0.9890476190476191,0.03657139763856927
multi,position_three,42,13000,deficiencies,0.9647619047619047,0.10098116559996491
multi,position_three,42,13000,right_to_left_minima,0.96,0.12064440886179606
multi,position_three,42,14000,fixed_points,0.9942857142857143,0.015773320691438303
multi,position_three,42,14000,exceedances,0.9747619047619047,0.06844379476049826
multi,position_three,42,14000,deficiencies,0.9914285714285714,0.02396567349765627
multi,position_three,42,14000,right_to_left_minima,0.9704761904761905,0.08565437076347215
multi,position_three,42,15000,fixed_points,0.9866666666666667,0.028625709129985244
multi,position_three,42,15000,exceedances,0.9957142857142857,0.014984111197824989
multi,position_three,42,15000,deficiencies,0.9914285714285714,0.028500947303005626
multi,position_three,42,15000,right_to_left_minima,0.9757142857142858,0.0822946299585913
multi,position_three,42,16000,fixed_points,0.9966666666666667,0.011109156178510082
multi,position_three,42,16000,exceedances,0.9980952380952381,0.009521050937917261
multi,position_three,42,16000,deficiencies,0.9871428571428571,0.04096353707746381
multi,position_three,42,16000,right_to_left_minima,0.9771428571428571,0.08323029035347558
multi,position_three,42,17000,fixed_points,0.9961904761904762,0.011978776489129468
multi,position_three,42,17000,exceedances,0.9947619047619047,0.014777178509116527
multi,position_three,42,17000,deficiencies,0.9971428571428571,0.009511099871514099
multi,position_three,42,17000,right_to_left_minima,0.9780952380952381,0.06319484418346769
multi,position_three,42,18000,fixed_points,0.9985714285714286,0.006025341579169478
multi,position_three,42,18000,exceedances,0.9985714285714286,0.007334498831159657
multi,position_three,42,18000,deficiencies,0.9966666666666667,0.009462672038269894
multi,position_three,42,18000,right_to_left_minima,0.9847619047619047,0.05459472280882654
multi,position_three,42,19000,fixed_points,0.9976190476190476,0.00781300410423206
multi,position_three,42,19000,exceedances,0.9976190476190476,0.008919868911838248
multi,position_three,42,19000,deficiencies,0.9971428571428571,0.0074922896797458335
multi,position_three,42,19000,right_to_left_minima,0.9814285714285714,0.0569088920223571
multi,position_three,42,20000,fixed_points,0.9985714285714286,0.00479262844082855
multi,position_three,42,20000,exceedances,0.9957142857142857,0.015726509739068292
multi,position_three,42,20000,deficiencies,0.9980952380952381,0.008589133785682775
multi,position_three,42,20000,right_to_left_minima,0.9866666666666667,0.04676967744671163
single,adjacencies,17,0,adjacencies,0.0,5.324458705357143
single,adjacencies,17,1000,adjacencies,0.3,1.612781782604399
single,adjacencies,17,2000,adjacencies,0.3,1.6162675367082868
single,adjacencies,17,3000,adjacencies,0.2914285714285714,1.619595474969773
single,adjacencies,17,4000,adjacencies,0.2823809523809524,1.621325182233538
single,adjacencies,17,5000,adjacencies,0.2838095238095238,1.6199976421537854
single,adjacencies,17,6000,adjacencies,0.30142857142857143,1.610516855149042
single,adjacencies,17,7000,adjacencies,0.30904761904761907,1.6052952248709542
single,adjacencies,17,8000,adjacencies,0.30952380952380953,1.6038947368803478
single,adjacencies,17,9000,adjacencies,0.31666666666666665,1.5976930781773158
single,adjacencies,17,10000,adjacencies,0.30142857142857143,1.595297833397275
single,adjacencies,17,11000,adjacencies,0.31142857142857144,1.5908340962727865
single,adjacencies,17,12000,adjacencies,0.2966666666666667,1.5853123946416945
single,adjacencies,17,13000,adjacencies,0.3219047619047619,1.5764536612374442
single,adjacencies,17,14000,adjacencies,0.31285714285714283,1.5754928552536738
single,adjacencies,17,15000,adjacencies,0.3295238095238095,1.562191162109375
single,adjacencies,17,16000,adjacencies,0.30857142857142855,1.5694530995686848
single,adjacencies,17,17000,adjacencies,0.3242857142857143,1.5546758015950521
single,adjacencies,17,18000,adjacencies,0.32142857142857145,1.5505355834960937
single,adjacencies,17,19000,adjacencies,0.3233333333333333,1.55195927574521
single,adjacencies,17,20000,adjacencies,0.3180952380952381,1.552874279930478
single,adjacencies,42,0,adjacencies,0.0,5.489979756673177
single,adjacencies,42,1000,adjacencies,0.2823809523809524,1.6159298197428384
single,adjacencies,42,2000,adjacencies,0.2833333333333333,1.6136981164841424
single,adjacencies,42,3000,adjacencies,0.28714285714285714,1.6293493143717448
single,adjacencies,42,4000,adjacencies,0.30428571428571427,1.612573729015532
single,adjacencies,42,5000,adjacencies,0.2823809523809524,1.6120577385312036
single,adjacencies,42,6000,adjacencies,0.30238095238095236,1.6030301266624813
single,adjacencies,42,7000,adjacencies,0.2995238095238095,1.6082862708682106
single,adjacencies,42,8000,adjacencies,0.2966666666666667,1.5962709336053758
single,adjacencies,42,9000,adjacencies,0.30238095238095236,1.5824470447358632
single,adjacencies,42,10000,adjacencies,0.3,1.5826170022147041
single,adjacencies,42,11000,adjacencies,0.31,1.5866981034051804
single,adjacencies,42,12000,adjacencies,0.31047619047619046,1.5697052219935825
single,adjacencies,42,13000,adjacencies,0.30952380952380953,1.5668298993791854
single,adjacencies,42,14000,adjacencies,0.32,1.5553021639869327
single,adjacencies,42,15000,adjacencies,0.33,1.5530848512195405
single,adjacencies,42,16000,adjacencies,0.3161904761904762,1.5497437867664154
single,adjacencies,42,17000,adjacencies,0.30857142857142855,1.5464954194568452
single,adjacencies,42,18000,adjacencies,0.31523809523809526,1.5411064184279668
single,adjacencies,42,19000,adjacencies,0.310952380952381,1.5502191271100725
single,adjacencies,42,20000,adjacencies,0.319047619047619,1.5451159050351098
single,components,17,0,components,0.0,5.333327912830171
single,components,17,1000,components,0.9423809523809524,0.20962585000764755
single,components,17,2000,components,0.92,0.23832225538435436
single,components,17,3000,components,0.9866666666666667,0.054731098817927495
single,components,17,4000,components,0.9866666666666667,0.05156576801623617
single,components,17,5000,components,0.9895238095238095,0.04377428108382793
single,components,17,6000,components,0.9890476190476191,0.03996255652712924
single,components,17,7000,components,0.99,0.04561462839577524
single,components,17,8000,components,0.9909523809523809,0.03551866989405382
single,components,17,9000,components,0.9904761904761905,0.043338160113032376
single,components,17,10000,components,0.991904761904762,0.031694162152707574
single,components,17,11000,components,0.9914285714285714,0.0395824129340638
single,components,17,12000,components,0.9928571428571429,0.03170370820909738
single,components,17,13000,components,0.9942857142857143,0.029766477048397064
single,components,17,14000,components,0.9942857142857143,0.029029196108735743
single,components,17,15000,components,0.9942857142857143,0.025424604253133847
single,components,17,16000,components,0.9942857142857143,0.028522210986952165
single,components,17,17000,components,0.9957142857142857,0.02334331896621734
single,components,17,18000,components,0.9957142857142857,0.02357963138237773
single,components,17,19000,components,0.9957142857142857,0.02288406873332514
single,components,17,20000,components,0.9961904761904762,0.026884449226005625
single,cycle_count,17,0,cycle_count,0.0,5.3642190697079615
single,cycle_count,17,1000,cycle_count,0.31238095238095237,1.6922027442568823
single,cycle_count,17,2000,cycle_count,0.3380952380952381,1.5368910398937408
single,cycle_count,17,3000,cycle_count,0.32571428571428573,1.5476748911539713
single,cycle_count,17,4000,cycle_count,0.3523809523809524,1.5213714672270275
single,cycle_count,17,5000,cycle_count,0.3538095238095238,1.4884295799618676
single,cycle_count,17,6000,cycle_count,0.3585714285714286,1.496117473783947
single,cycle_count,17,7000,cycle_count,0.34476190476190477,1.4893099139985584
single,cycle_count,17,8000,cycle_count,0.3433333333333333,1.4700208500453404
single,cycle_count,17,9000,cycle_count,0.3523809523809524,1.469346418834868
single,cycle_count,17,10000,cycle_count,0.3485714285714286,1.4802624293736049
single,cycle_count,17,11000,cycle_count,0.36142857142857143,1.4673777843656994
single,cycle_count,17,12000,cycle_count,0.34904761904761905,1.4720345706031437
single,cycle_count,17,13000,cycle_count,0.34904761904761905,1.4787542324974423
single,cycle_count,17,14000,cycle_count,0.3519047619047619,1.470715664454869
single,cycle_count,17,15000,cycle_count,0.3476190476190476,1.466086400349935
single,cycle_count,17,16000,cycle_count,0.3547619047619048,1.464548594156901
single,cycle_count,17,17000,cycle_count,0.3461904761904762,1.4647196669805618
single,cycle_count,17,18000,cycle_count,0.3580952380952381,1.4652684565952847
single,cycle_count,17,19000,cycle_count,0.3504761904761905,1.476923112415132
single,cycle_count,17,20000,cycle_count,0.35619047619047617,1.4737150192260742
single,deficiencies,17,0,deficiencies,0.0,5.40477787562779
single,deficiencies,17,1000,deficiencies,0.5147619047619048,1.1231580134800503
single,deficiencies,17,2000,deficiencies,0.7228571428571429,0.6773884273710705
single,deficiencies,17,3000,deficiencies,0.7738095238095238,0.5282751950763521
single,deficiencies,17,4000,deficiencies,0.9223809523809524,0.2059629451660883
single,deficiencies,17,5000,deficiencies,0.9033333333333333,0.27017143530505044
single,deficiencies,17,6000,deficiencies,0.9523809523809523,0.1470473807127703
single,deficiencies,17,7000,deficiencies,0.9342857142857143,0.1720645355113915
single,deficiencies,17,8000,deficiencies,0.9414285714285714,0.16331221798346157
single,deficiencies,17,9000,deficiencies,0.9857142857142858,0.04349508051183962
single,deficiencies,17,10000,deficiencies,0.9914285714285714,0.02861514526951526
single,deficiencies,17,11000,deficiencies,0.9966666666666667,0.015804142366562572
single,deficiencies,17,12000,deficiencies,0.9933333333333333,0.026622071082127236
single,deficiencies,17,13000,deficiencies,0.9957142857142857,0.011249012304081893
single,deficiencies,17,14000,deficiencies,0.9909523809523809,0.038465071956327715
single,deficiencies,17,15000,deficiencies,0.9976190476190476,0.005554684543915625
single,deficiencies,17,16000,deficiencies,0.9990476190476191,0.002654213442056928
single,deficiencies,17,17000,deficiencies,0.9990476190476191,0.0018734750036050432
single,deficiencies,17,18000,deficiencies,0.9985714285714286,0.002078066204447255
single,deficiencies,17,19000,deficiencies,0.9995238095238095,0.0012414634124087614
single,deficiencies,17,20000,deficiencies,0.9985714285714286,0.004707825187776637
single,double_ascents,17,0,double_ascents,0.0,5.3533428809756325
single,double_ascents,17,1000,double_ascents,0.26285714285714284,1.8277889615013485
single,double_ascents,17,2000,double_ascents,0.26142857142857145,1.8622012874058316
single,double_ascents,17,3000,double_ascents,0.26,1.815464851742699
single,double_ascents,17,4000,double_ascents,0.2919047619047619,1.7286588577997117
single,double_ascents,17,5000,double_ascents,0.370952380952381,1.492075542268299
single,double_ascents,17,6000,double_ascents,0.5023809523809524,1.187104331425258
single,double_ascents,17,7000,double_ascents,0.628095238095238,0.8774358865192958
single,double_ascents,17,8000,double_ascents,0.8223809523809524,0.45463852011022116
single,double_ascents,17,9000,double_ascents,0.8728571428571429,0.33687221828670727
single,double_ascents,17,10000,double_ascents,0.9233333333333333,0.18709785131294102
single,double_ascents,17,11000,double_ascents,0.9514285714285714,0.13662807358251441
single,double_ascents,17,12000,double_ascents,0.9633333333333334,0.09891784701984198
single,double_ascents,17,13000,double_ascents,0.9676190476190476,0.09697357906294721
single,double_ascents,17,14000,double_ascents,0.9623809523809523,0.10580284901362445
single,double_ascents,17,15000,double_ascents,0.9785714285714285,0.046821903241354795
single,double_ascents,17,16000,double_ascents,0.98,0.06475721891215515
single,double_ascents,17,17000,double_ascents,0.9838095238095238,0.042813499806049676
single,double_ascents,17,18000,double_ascents,0.9857142857142858,0.05383837433010783
single,double_ascents,17,19000,double_ascents,0.991904761904762,0.021776266625993662
single,double_ascents,17,20000,double_ascents,0.9895238095238095,0.019207077314522827
single,double_ascents,42,0,double_ascents,0.0,5.500771760486421
single,double_ascents,42,1000,double_ascents,0.2557142857142857,1.8412996709914435
single,double_ascents,42,2000,double_ascents,0.23904761904761904,1.809414770943778
single,double_ascents,42,3000,double_ascents,0.2752380952380952,1.782359866187686
single,double_ascents,42,4000,double_ascents,0.3252380952380952,1.6669531758626301
single,double_ascents,42,5000,double_ascents,0.4785714285714286,1.2898046330043247
single,double_ascents,42,6000,double_ascents,0.6161904761904762,0.9271946834382556
single,double_ascents,42,7000,double_ascents,0.7080952380952381,0.720208190310569
single,double_ascents,42,8000,double_ascents,0.8380952380952381,0.3968413802591108
single,double_ascents,42,9000,double_ascents,0.8723809523809524,0.334213406509232
single,double_ascents,42,10000,double_ascents,0.940952380952381,0.16103455490654422
single,double_ascents,42,11000,double_ascents,0.9833333333333333,0.058525065446627285
single,double_ascents,42,12000,double_ascents,0.9928571428571429,0.039597943858687014
single,double_ascents,42,13000,double_ascents,0.9904761904761905,0.06900795158020975
single,double_ascents,42,14000,double_ascents,1.0,0.002235964485665872
single,double_ascents,42,15000,double_ascents,0.9980952380952381,0.006779371714108579
single,double_ascents,42,16000,double_ascents,0.9990476190476191,0.007421268989287672
single,double_ascents,42,17000,double_ascents,0.9985714285714286,0.004176558882352852
single,double_ascents,42,18000,double_ascents,0.9995238095238095,0.004991648977600216
single,double_ascents,42,19000,double_ascents,0.9980952380952381,0.009912948456337852
single,double_ascents,42,20000,double_ascents,0.9985714285714286,0.0090712537449075
single,double_descents,17,0,double_descents,0.0,5.3480357142857144
single,double_descents,17,1000,double_descents,0.2633333333333333,1.8248079972040085
single,double_descents,17,2000,double_descents,0.2714285714285714,1.784353030976795
single,double_descents,17,3000,double_descents,0.2976190476190476,1.742049553280785
single,double_descents,17,4000,double_descents,0.3142857142857143,1.6697191365559896
single,double_descents,17,5000,double_descents,0.34,1.547921482267834
single,double_descents,17,6000,double_descents,0.3852380952380952,1.4495292027791342
single,double_descents,17,7000,double_descents,0.4195238095238095,1.3754609480358306
single,double_descents,17,8000,double_descents,0.44666666666666666,1.2995507540021625
single,double_descents,17,9000,double_descents,0.49666666666666665,1.188366088413057
single,double_descents,17,10000,double_descents,0.5052380952380953,1.2186175782339914
single,double_descents,17,11000,double_descents,0.5795238095238096,0.9972665241786411
single,double_descents,17,12000,double_descents,0.6266666666666667,0.8900307812009539
single,double_descents,17,13000,double_descents,0.6566666666666666,0.7851750293232146
single,double_descents,17,14000,double_descents,0.6852380952380952,0.7334003208364759
single,double_descents,17,15000,double_descents,0.7204761904761905,0.6496444554272152
single,double_descents,17,16000,double_descents,0.7533333333333333,0.5801076380269868
single,double_descents,17,17000,double_descents,0.7557142857142857,0.5830999997648455
single,double_descents,17,18000,double_descents,0.7771428571428571,0.5376994993502185
single,double_descents,17,19000,double_descents,0.7933333333333333,0.5094163760294517
single,double_descents,17,20000,double_descents,0.8095238095238095,0.4769222004676149
single,double_descents,42,0,double_descents,0.0,5.500769464401972
single,double_descents,42,1000,double_descents,0.2761904761904762,1.7942652820405507
single,double_descents,42,2000,double_descents,0.27095238095238094,1.7805127861386254
single,double_descents,42,3000,double_descents,0.2938095238095238,1.674865697224935
single,double_descents,42,4000,double_descents,0.45571428571428574,1.3053312428792319
single,double_descents,42,5000,double_descents,0.5761904761904761,1.0149654788062685
single,double_descents,42,6000,double_descents,0.6566666666666666,0.835879640806289
single,double_descents,42,7000,double_descents,0.7019047619047619,0.7067911777893702
single,double_descents,42,8000,double_descents,0.7233333333333334,0.6407846721793924
single,double_descents,42,9000,double_descents,0.7595238095238095,0.5836200294040498
single,double_descents,42,10000,double_descents,0.8528571428571429,0.3579512081277512
single,double_descents,42,11000,double_descents,0.8890476190476191,0.26204618245363237
single,double_descents,42,12000,double_descents,0.9128571428571428,0.2350316678244798
single,double_descents,42,13000,double_descents,0.9352380952380952,0.16901413883481706
single,double_descents,42,14000,double_descents,0.939047619047619,0.16848844697344162
single,double_descents,42,15000,double_descents,0.9633333333333334,0.09179222209179508
single,double_descents,42,16000,double_descents,0.9709523809523809,0.07681019167194054
single,double_descents,42,17000,double_descents,0.9785714285714285,0.0627815427571269
single,double_descents,42,18000,double_descents,0.9780952380952381,0.06190132515172341
single,double_descents,42,19000,double_descents,0.9838095238095238,0.04697144642915754
single,double_descents,42,20000,double_descents,0.9833333333333333,0.05252541747942035
single,even_cycle_count,17,0,even_cycle_count,0.0,5.314589727492559
single,even_cycle_count,17,1000,even_cycle_count,0.37523809523809526,1.403828851609003
single,even_cycle_count,17,2000,even_cycle_count,0.3761904761904762,1.40027832757859
single,even_cycle_count,17,3000,even_cycle_count,0.3823809523809524,1.4011320495605468
single,even_cycle_count,17,4000,even_cycle_count,0.3761904761904762,1.4050753202892485
single,even_cycle_count,17,5000,even_cycle_count,0.3761904761904762,1.417724881853376
single,even_cycle_count,17,6000,even_cycle_count,0.37761904761904763,1.4014950052897135
single,even_cycle_count,17,7000,even_cycle_count,0.38047619047619047,1.40733889625186
single,even_cycle_count,17,8000,even_cycle_count,0.3761904761904762,1.4022646913074313
single,even_cycle_count,17,9000,even_cycle_count,0.3680952380952381,1.402742476690383
single,even_cycle_count,17,10000,even_cycle_count,0.3819047619047619,1.4007525634765625
single,even_cycle_count,17,11000,even_cycle_count,0.379047619047619,1.4013100106375558
single,even_cycle_count,17,12000,even_cycle_count,0.3761904761904762,1.404043946039109
single,even_cycle_count,17,13000,even_cycle_count,0.3819047619047619,1.4019075230189733
single,even_cycle_count,17,14000,even_cycle_count,0.37761904761904763,1.4074871172223773
single,even_cycle_count,17,15000,even_cycle_count,0.38333333333333336,1.4066708410353888
single,even_cycle_count,17,16000,even_cycle_count,0.36666666666666664,1.405859109787714
single,even_cycle_count,17,17000,even_cycle_count,0.37523809523809526,1.4096846335274833
single,even_cycle_count,17,18000,even_cycle_count,0.37666666666666665,1.4129403613862537
single,even_cycle_count,17,19000,even_cycle_count,0.370952380952381,1.4146148754301526
single,even_cycle_count,17,20000,even_cycle_count,0.37,1.4154462650844029
single,exceedances,17,0,exceedances,0.0,5.414771321614583
single,exceedances,17,1000,exceedances,0.39380952380952383,1.4591976347423734
single,exceedances,17,2000,exceedances,0.6571428571428571,0.8065495327540806
single,exceedances,17,3000,exceedances,0.7333333333333333,0.6619341879799252
single,exceedances,17,4000,exceedances,0.8823809523809524,0.2925667022523426
single,exceedances,17,5000,exceedances,0.8995238095238095,0.280048242410024
single,exceedances,17,6000,exceedances,0.9414285714285714,0.15103333101386116
single,exceedances,17,7000,exceedances,0.8752380952380953,0.2878866644771326
single,exceedances,17,8000,exceedances,0.94,0.15838324622561534
single,exceedances,17,9000,exceedances,0.9376190476190476,0.15951920316332863
single,exceedances,17,10000,exceedances,0.9885714285714285,0.0314445883097748
single,exceedances,17,11000,exceedances,0.9557142857142857,0.1103350205142938
single,exceedances,17,12000,exceedances,0.9895238095238095,0.029319423043080384
single,exceedances,17,13000,exceedances,0.9933333333333333,0.020496945270292815
single,exceedances,17,14000,exceedances,0.9976190476190476,0.008906846847163424
single,exceedances,17,15000,exceedances,0.9971428571428571,0.012260469937187043
single,exceedances,17,16000,exceedances,0.9985714285714286,0.003682823618319595
single,exceedances,17,17000,exceedances,0.9995238095238095,0.0019118122724328369
single,exceedances,17,18000,exceedances,0.9985714285714286,0.004883440442527423
single,exceedances,17,19000,exceedances,0.9980952380952381,0.004972502140805036
single,exceedances,17,20000,exceedances,1.0,0.0011242658851690413
single,fixed_points,17,0,fixed_points,0.0,5.232885393415178
single,fixed_points,17,1000,fixed_points,0.8585714285714285,0.44640045983450755
single,fixed_points,17,2000,fixed_points,0.9657142857142857,0.1400205377170018
single,fixed_points,17,3000,fixed_points,0.9814285714285714,0.06029070172991072
single,fixed_points,17,4000,fixed_points,0.9704761904761905,0.09178163122563135
single,fixed_points,17,5000,fixed_points,0.9857142857142858,0.061519337935107096
single,fixed_points,17,6000,fixed_points,0.9838095238095238,0.05676150990383966
single,fixed_points,17,7000,fixed_points,0.9938095238095238,0.029387393501542864
single,fixed_points,17,8000,fixed_points,0.991904761904762,0.03344867291904631
single,fixed_points,17,9000,fixed_points,0.9847619047619047,0.07021169942049753
single,fixed_points,17,10000,fixed_points,0.9876190476190476,0.04514726032103811
single,fixed_points,17,11000,fixed_points,0.9938095238095238,0.025729986172879027
single,fixed_points,17,12000,fixed_points,0.9952380952380953,0.016960026875493073
single,fixed_points,17,13000,fixed_points,0.9971428571428571,0.008867892777281148
single,fixed_points,17,14000,fixed_points,0.9976190476190476,0.005747449450150487
single,fixed_points,17,15000,fixed_points,1.0,0.002349570326152302
single,fixed_points,17,16000,fixed_points,0.9976190476190476,0.005648795043262432
single,fixed_points,17,17000,fixed_points,0.9990476190476191,0.003412625799177303
single,fixed_points,17,18000,fixed_points,0.9990476190476191,0.003417417513029206
single,fixed_points,17,19000,fixed_points,0.9990476190476191,0.0015775096840557775
single,fixed_points,17,20000,fixed_points,0.9990476190476191,0.0025650570742298093
single,fixed_points,42,0,fixed_points,0.0,5.449593026297433
single,fixed_points,42,1000,fixed_points,0.7685714285714286,0.6741683923630487
single,fixed_points,42,2000,fixed_points,0.9657142857142857,0.12268641117073241
single,fixed_points,42,3000,fixed_points,0.9538095238095238,0.10676156202952067
single,fixed_points,42,4000,fixed_points,0.981904761904762,0.06862174842329252
single,fixed_points,42,5000,fixed_points,0.9857142857142858,0.053834820971602484
single,fixed_points,42,6000,fixed_points,0.9823809523809524,0.07135484557953618
single,fixed_points,42,7000,fixed_points,0.9914285714285714,0.0359008012570086
single,fixed_points,42,8000,fixed_points,0.991904761904762,0.0348514238478882
single,left_to_right_maxima,17,0,left_to_right_maxima,0.0,5.366669384184338
single,left_to_right_maxima,17,1000,left_to_right_maxima,0.4723809523809524,1.2210647691999164
single,left_to_right_maxima,17,2000,left_to_right_maxima,0.6685714285714286,0.789802474975586
single,left_to_right_maxima,17,3000,left_to_right_maxima,0.7285714285714285,0.6235869562058222
single,left_to_right_maxima,17,4000,left_to_right_maxima,0.8366666666666667,0.367169972601391
single,left_to_right_maxima,17,5000,left_to_right_maxima,0.8604761904761905,0.37162865547906787
single,left_to_right_maxima,17,6000,left_to_right_maxima,0.9338095238095238,0.16470302314985366
single,left_to_right_maxima,17,7000,left_to_right_maxima,0.9466666666666667,0.15456168560754685
single,left_to_right_maxima,17,8000,left_to_right_maxima,0.9714285714285714,0.09652037700017294
single,left_to_right_maxima,17,9000,left_to_right_maxima,0.98,0.0711222486996225
single,left_to_right_maxima,17,10000,left_to_right_maxima,0.9833333333333333,0.0536951006842511
single,left_to_right_maxima,17,11000,left_to_right_maxima,0.9914285714285714,0.02828651291717376
single,left_to_right_maxima,17,12000,left_to_right_maxima,0.9971428571428571,0.013108470463415697
single,left_to_right_maxima,17,13000,left_to_right_maxima,0.9942857142857143,0.017185662548013386
single,left_to_right_maxima,17,14000,left_to_right_maxima,0.9966666666666667,0.01159249090722629
single,left_to_right_maxima,17,15000,left_to_right_maxima,0.9980952380952381,0.010651158899556668
single,left_to_right_maxima,17,16000,left_to_right_maxima,0.9966666666666667,0.015253950143676429
single,left_to_right_maxima,17,17000,left_to_right_maxima,0.9990476190476191,0.001816388696010801
single,left_to_right_maxima,17,18000,left_to_right_maxima,0.9990476190476191,0.0017218816111839953
single,left_to_right_maxima,17,19000,left_to_right_maxima,0.9995238095238095,0.0008159004868884083
single,left_to_right_maxima,17,20000,left_to_right_maxima,0.9995238095238095,0.002307878956309564
single,nontrivial_cycle_count,17,0,nontrivial_cycle_count,0.0,5.3595994931175595
single,nontrivial_cycle_count,17,1000,nontrivial_cycle_count,0.35619047619047617,1.4521030752999442
single,nontrivial_cycle_count,17,2000,nontrivial_cycle_count,0.3557142857142857,1.4424796404157365
single,nontrivial_cycle_count,17,3000,nontrivial_cycle_count,0.3514285714285714,1.4596315511067708
single,nontrivial_cycle_count,17,4000,nontrivial_cycle_count,0.35904761904761906,1.4584568677629743
single,nontrivial_cycle_count,17,5000,nontrivial_cycle_count,0.3514285714285714,1.4436976042247953
single,nontrivial_cycle_count,17,6000,nontrivial_cycle_count,0.3495238095238095,1.4463178852626255
single,nontrivial_cycle_count,17,7000,nontrivial_cycle_count,0.3580952380952381,1.4451635197230748
single,nontrivial_cycle_count,17,8000,nontrivial_cycle_count,0.3566666666666667,1.4416019512358167
single,nontrivial_cycle_count,17,9000,nontrivial_cycle_count,0.3580952380952381,1.4371153259277343
single,nontrivial_cycle_count,17,10000,nontrivial_cycle_count,0.3557142857142857,1.4368780372256325
single,nontrivial_cycle_count,17,11000,nontrivial_cycle_count,0.3585714285714286,1.439490487234933
single,nontrivial_cycle_count,17,12000,nontrivial_cycle_count,0.3580952380952381,1.4384284555344355
single,nontrivial_cycle_count,17,13000,nontrivial_cycle_count,0.36,1.4462495930989583
single,nontrivial_cycle_count,17,14000,nontrivial_cycle_count,0.36,1.4458447701590402
single,nontrivial_cycle_count,17,15000,nontrivial_cycle_count,0.35904761904761906,1.4485947817847842
single,nontrivial_cycle_count,17,16000,nontrivial_cycle_count,0.36047619047619045,1.450167992001488
single,nontrivial_cycle_count,17,17000,nontrivial_cycle_count,0.35,1.4472479756673178
single,nontrivial_cycle_count,17,18000,nontrivial_cycle_count,0.36904761904761907,1.455599626813616
single,nontrivial_cycle_count,17,19000,nontrivial_cycle_count,0.3580952380952381,1.4572012656075615
single,nontrivial_cycle_count,17,20000,nontrivial_cycle_count,0.36904761904761907,1.4591657129923503
single,odd_cycle_count,17,0,odd_cycle_count,0.0,5.332438790457589
single,odd_cycle_count,17,1000,odd_cycle_count,0.6204761904761905,0.8652932957240513
single,odd_cycle_count,17,2000,odd_cycle_count,0.6738095238095239,0.7030727232070196
single,odd_cycle_count,17,3000,odd_cycle_count,0.6985714285714286,0.6079701296488444
single,odd_cycle_count,17,4000,odd_cycle_count,0.700952380952381,0.603634101322719
single,odd_cycle_count,17,5000,odd_cycle_count,0.7238095238095238,0.583484130132766
single,odd_cycle_count,17,6000,odd_cycle_count,0.7185714285714285,0.5910447919936407
single,odd_cycle_count,17,7000,odd_cycle_count,0.7128571428571429,0.5817249584197998
single,odd_cycle_count,17,8000,odd_cycle_count,0.7157142857142857,0.5731966808864049
single,odd_cycle_count,17,9000,odd_cycle_count,0.7228571428571429,0.5709935047512963
single,odd_cycle_count,17,10000,odd_cycle_count,0.7047619047619048,0.5775194467817034
single,odd_cycle_count,17,11000,odd_cycle_count,0.7123809523809523,0.5816493411291214
single,odd_cycle_count,17,12000,odd_cycle_count,0.7128571428571429,0.5758532406034924
single,odd_cycle_count,17,13000,odd_cycle_count,0.7138095238095238,0.58817564646403
single,odd_cycle_count,17,14000,odd_cycle_count,0.7119047619047619,0.5765173512413388
single,odd_cycle_count,17,15000,odd_cycle_count,0.7176190476190476,0.5832431638808477
single,odd_cycle_count,17,16000,odd_cycle_count,0.709047619047619,0.5773719324384416
single,odd_cycle_count,17,17000,odd_cycle_count,0.7161904761904762,0.5773421255747477
single,odd_cycle_count,17,18000,odd_cycle_count,0.7038095238095238,0.5821298126947312
single,odd_cycle_count,17,19000,odd_cycle_count,0.7004761904761905,0.5884604181562151
single,odd_cycle_count,17,20000,odd_cycle_count,0.7138095238095238,0.5899720782325382
single,peaks,17,0,peaks,0.0,5.3930831763857885
single,peaks,17,1000,peaks,0.38761904761904764,1.4227738698323569
single,peaks,17,2000,peaks,0.42,1.3755746696108864
single,peaks,17,3000,peaks,0.41285714285714287,1.359958950224377
single,peaks,17,4000,peaks,0.4195238095238095,1.3326783788771857
single,peaks,17,5000,peaks,0.4228571428571429,1.317157251267206
single,peaks,17,6000,peaks,0.4342857142857143,1.2873147637503488
single,peaks,17,7000,peaks,0.4419047619047619,1.2460007531302315
single,peaks,17,8000,peaks,0.4980952380952381,1.1525291642688569
single,peaks,17,9000,peaks,0.5323809523809524,1.0790984362647646
single,peaks,17,10000,peaks,0.5595238095238095,1.0279928052993048
single,peaks,17,11000,peaks,0.5857142857142857,0.9392364983331589
single,peaks,17,12000,peaks,0.6323809523809524,0.857460812159947
single,peaks,17,13000,peaks,0.6442857142857142,0.8193768065316337
single,peaks,17,14000,peaks,0.6766666666666666,0.755972463516962
single,peaks,17,15000,peaks,0.709047619047619,0.6856865092686244
single,peaks,17,16000,peaks,0.7366666666666667,0.6391395634696597
single,peaks,17,17000,peaks,0.7452380952380953,0.6148286057653881
single,peaks,17,18000,peaks,0.7476190476190476,0.609719131617319
single,peaks,17,19000,peaks,0.7533333333333333,0.5864630222036725
single,peaks,17,20000,peaks,0.7647619047619048,0.5622160120521273
single,peaks,42,0,peaks,0.0,5.416176932198661
single,peaks,42,1000,peaks,0.37285714285714283,1.4096231696719215
single,peaks,42,2000,peaks,0.4138095238095238,1.368722668602353
single,peaks,42,3000,peaks,0.3823809523809524,1.3369906561715261
single,peaks,42,4000,peaks,0.45666666666666667,1.2548882638840448
single,peaks,42,5000,peaks,0.45285714285714285,1.2277395956856865
single,peaks,42,6000,peaks,0.4795238095238095,1.2024024454752604
single,peaks,42,7000,peaks,0.5361904761904762,1.0847472218104772
single,peaks,42,8000,peaks,0.5442857142857143,1.0250048364911761
single,peaks,42,9000,peaks,0.599047619047619,0.9301702408563524
single,peaks,42,10000,peaks,0.5957142857142858,0.9824991262526739
single,peaks,42,11000,peaks,0.6295238095238095,0.8539823377700079
single,peaks,42,12000,peaks,0.6466666666666666,0.8237969670976911
single,peaks,42,13000,peaks,0.6838095238095238,0.7288057433991205
single,peaks,42,14000,peaks,0.7114285714285714,0.6706783090318952
single,peaks,42,15000,peaks,0.7566666666666667,0.6039756543295725
single,peaks,42,16000,peaks,0.7652380952380953,0.5694023430915106
single,peaks,42,17000,peaks,0.7823809523809524,0.5309193159285046
single,peaks,42,18000,peaks,0.809047619047619,0.4808403606358029
single,peaks,42,19000,peaks,0.8047619047619048,0.47155621348392396
single,peaks,42,20000,peaks,0.8071428571428572,0.45838617139628957
single,right_to_left_maxima,17,0,right_to_left_maxima,0.0,5.362451767694383
single,right_to_left_maxima,17,1000,right_to_left_maxima,0.28095238095238095,1.6953887140183221
single,right_to_left_maxima,17,2000,right_to_left_maxima,0.5157142857142857,1.121164705185663
single,right_to_left_maxima,17,3000,right_to_left_maxima,0.5880952380952381,0.9560764766874768
single,right_to_left_maxima,17,4000,right_to_left_maxima,0.59,0.9391172045753116
single,right_to_left_maxima,17,5000,right_to_left_maxima,0.6390476190476191,0.8385019266037714
single,right_to_left_maxima,17,6000,right_to_left_maxima,0.6480952380952381,0.8168810254051572
single,right_to_left_maxima,17,7000,right_to_left_maxima,0.6885714285714286,0.7306948770795549
single,right_to_left_maxima,17,8000,right_to_left_maxima,0.6947619047619048,0.7097741690136138
single,right_to_left_maxima,17,9000,right_to_left_maxima,0.780952380952381,0.5350356687818255
single,right_to_left_maxima,17,10000,right_to_left_maxima,0.8257142857142857,0.42764623505728583
single,right_to_left_maxima,17,11000,right_to_left_maxima,0.8580952380952381,0.36209655648186095
single,right_to_left_maxima,17,12000,right_to_left_maxima,0.8566666666666667,0.3520342599777948
single,right_to_left_maxima,17,13000,right_to_left_maxima,0.8980952380952381,0.26589897473653157
single,right_to_left_maxima,17,14000,right_to_left_maxima,0.9038095238095238,0.24882575903620038
single,right_to_left_maxima,17,15000,right_to_left_maxima,0.9376190476190476,0.15991354020578522
single,right_to_left_maxima,17,16000,right_to_left_maxima,0.9447619047619048,0.15247916955323446
single,right_to_left_maxima,17,17000,right_to_left_maxima,0.9485714285714286,0.14528826725802252
single,right_to_left_maxima,17,18000,right_to_left_maxima,0.9519047619047619,0.13846480830528196
single,right_to_left_maxima,17,19000,right_to_left_maxima,0.9519047619047619,0.12483095784982046
single,right_to_left_maxima,17,20000,right_to_left_maxima,0.9552380952380952,0.13126089369612082
single,right_to_left_minima,17,0,right_to_left_minima,0.0,5.379108596075149
single,right_to_left_minima,17,1000,right_to_left_minima,0.6676190476190477,0.8213222966875349
single,right_to_left_minima,17,2000,right_to_left_minima,0.7657142857142857,0.5316836066473098
single,right_to_left_minima,17,3000,right_to_left_minima,0.8980952380952381,0.28306510720934186
single,right_to_left_minima,17,4000,right_to_left_minima,0.9280952380952381,0.21014011133284796
single,right_to_left_minima,17,5000,right_to_left_minima,0.9376190476190476,0.1638942017441704
single,right_to_left_minima,17,6000,right_to_left_minima,0.9642857142857143,0.10878633747498194
single,right_to_left_minima,17,7000,right_to_left_minima,0.9647619047619047,0.10012642416925657
single,right_to_left_minima,17,8000,right_to_left_minima,0.9676190476190476,0.11146729489344927
single,right_to_left_minima,17,9000,right_to_left_minima,0.9604761904761905,0.14485642369659174
single,right_to_left_minima,17,10000,right_to_left_minima,0.9776190476190476,0.07060322146685351
single,right_to_left_minima,17,11000,right_to_left_minima,0.9876190476190476,0.04015318830009727
single,right_to_left_minima,17,12000,right_to_left_minima,0.9880952380952381,0.043953518887006104
single,right_to_left_minima,17,13000,right_to_left_minima,0.9885714285714285,0.051474470057347343
single,right_to_left_minima,17,14000,right_to_left_minima,0.991904761904762,0.02967053260321596
single,right_to_left_minima,17,15000,right_to_left_minima,0.9909523809523809,0.044132135945061844
single,right_to_left_minima,17,16000,right_to_left_minima,0.9947619047619047,0.02219111033027903
single,right_to_left_minima,17,17000,right_to_left_minima,0.9966666666666667,0.012885795001029259
single,right_to_left_minima,17,18000,right_to_left_minima,0.9947619047619047,0.015731932556677965
single,right_to_left_minima,17,19000,right_to_left_minima,0.9971428571428571,0.013511109175382272
single,right_to_left_minima,17,20000,right_to_left_minima,0.9980952380952381,0.00873000937314438
single,successions,17,0,successions,0.0,5.226294613792783
single,successions,17,1000,successions,0.40285714285714286,1.247925752912249
single,successions,17,2000,successions,0.3780952380952381,1.2526001957484654
single,successions,17,3000,successions,0.3780952380952381,1.2498739260718936
single,successions,17,4000,successions,0.3780952380952381,1.2481307583763486
single,successions,17,5000,successions,0.3780952380952381,1.2498167201450894
single,successions,17,6000,successions,0.40285714285714286,1.2451483154296874
single,successions,17,7000,successions,0.39904761904761904,1.2389904240199499
single,successions,17,8000,successions,0.40285714285714286,1.2441949608212426
single,successions,17,9000,successions,0.4,1.2412943413144066
single,successions,17,10000,successions,0.39285714285714285,1.2352953393118722
single,successions,17,11000,successions,0.4042857142857143,1.2386536262148902
single,successions,17,12000,successions,0.41333333333333333,1.2193647875104632
single,successions,17,13000,successions,0.4276190476190476,1.2031674158005488
single,successions,17,14000,successions,0.4061904761904762,1.2078254427228654
single,successions,17,15000,successions,0.4461904761904762,1.1913623846144903
single,successions,17,16000,successions,0.4438095238095238,1.1941428865705217
single,successions,17,17000,successions,0.43047619047619046,1.1945658275059292
single,successions,17,18000,successions,0.43476190476190474,1.1882883907499768
single,successions,17,19000,successions,0.43523809523809526,1.1832341602870395
single,successions,17,20000,successions,0.4357142857142857,1.1772670091901507
single,successions,42,0,successions,0.0,5.440007687523251
single,successions,42,1000,successions,0.3780952380952381,1.2549899328322638
single,successions,42,2000,successions,0.40285714285714286,1.24149903070359
single,successions,42,3000,successions,0.3780952380952381,1.2506166330973307
single,successions,42,4000,successions,0.40285714285714286,1.2433181799025763
single,successions,42,5000,successions,0.38047619047619047,1.239565160842169
single,successions,42,6000,successions,0.3823809523809524,1.2427022661481584
single,successions,42,7000,successions,0.40523809523809523,1.2409163883754186
single,successions,42,8000,successions,0.40285714285714286,1.2317005557105656
single,successions,42,9000,successions,0.4176190476190476,1.239136232648577
single,successions,42,10000,successions,0.4238095238095238,1.2381969706217448
single,successions,42,11000,successions,0.42952380952380953,1.233808132353283
single,successions,42,12000,successions,0.4142857142857143,1.2277471960158575
single,successions,42,13000,successions,0.4176190476190476,1.2247122918991815
single,successions,42,14000,successions,0.42238095238095236,1.221897201538086
single,successions,42,15000,successions,0.4238095238095238,1.2130685206821987
single,successions,42,16000,successions,0.43761904761904763,1.2049848901657831
single,successions,42,17000,successions,0.42904761904761907,1.200486359369187
single,successions,42,18000,successions,0.42714285714285716,1.2018754395984468
single,successions,42,19000,successions,0.43238095238095237,1.1969005239577521
single,successions,42,20000,successions,0.430952380952381,1.1966113735380628
single,three_cycle_count,17,0,three_cycle_count,0.0,5.115870942615327
single,three_cycle_count,17,1000,three_cycle_count,0.6966666666666667,0.7656103570120675
single,three_cycle_count,17,2000,three_cycle_count,0.6966666666666667,0.7659479940505255
single,three_cycle_count,17,3000,three_cycle_count,0.6966666666666667,0.7658281744094122
single,three_cycle_count,17,4000,three_cycle_count,0.6966666666666667,0.7613233802432106
single,three_cycle_count,17,5000,three_cycle_count,0.6966666666666667,0.7612591934204102
single,three_cycle_count,17,6000,three_cycle_count,0.6966666666666667,0.7622838647024972
single,three_cycle_count,17,7000,three_cycle_count,0.6966666666666667,0.760807493300665
single,three_cycle_count,17,8000,three_cycle_count,0.6966666666666667,0.7622431273687453
single,three_cycle_count,17,9000,three_cycle_count,0.6966666666666667,0.7608495821271624
single,three_cycle_count,17,10000,three_cycle_count,0.6966666666666667,0.763963862827846
single,three_cycle_count,17,11000,three_cycle_count,0.6966666666666667,0.7636793790544782
single,three_cycle_count,17,12000,three_cycle_count,0.6966666666666667,0.7701089641026088
single,three_cycle_count,17,13000,three_cycle_count,0.6966666666666667,0.7685502079554967
single,three_cycle_count,17,14000,three_cycle_count,0.6966666666666667,0.7653518785749163
single,three_cycle_count,17,15000,three_cycle_count,0.6966666666666667,0.7671235565912156
single,three_cycle_count,17,16000,three_cycle_count,0.6966666666666667,0.7709321612403506
single,three_cycle_count,17,17000,three_cycle_count,0.6961904761904761,0.7707876877557663
single,three_cycle_count,17,18000,three_cycle_count,0.6952380952380952,0.7729423177809942
single,three_cycle_count,17,19000,three_cycle_count,0.6947619047619048,0.7712101127987816
single,three_cycle_count,17,20000,three_cycle_count,0.6923809523809524,0.7728942289806547
single,valleys,17,0,valleys,0.0,5.392535385858445
single,valleys,17,1000,valleys,0.34095238095238095,1.542108784630185
single,valleys,17,2000,valleys,0.3904761904761905,1.3624835604713077
single,valleys,17,3000,valleys,0.4104761904761905,1.3382255354381742
single,valleys,17,4000,valleys,0.4361904761904762,1.2885352016630627
single,valleys,17,5000,valleys,0.44857142857142857,1.2489957209995814
single,valleys,17,6000,valleys,0.46,1.215058464776902
single,valleys,17,7000,valleys,0.4828571428571429,1.1639385368710473
single,valleys,17,8000,valleys,0.5004761904761905,1.1278295516967773
single,valleys,17,9000,valleys,0.5366666666666666,1.0713294201805479
single,valleys,17,10000,valleys,0.5447619047619048,1.0232913289751326
single,valleys,17,11000,valleys,0.5414285714285715,1.0435205913725354
single,valleys,17,12000,valleys,0.6395238095238095,0.8653472591581799
single,valleys,17,13000,valleys,0.6485714285714286,0.823460598446074
single,valleys,17,14000,valleys,0.6914285714285714,0.7582374799819219
single,valleys,17,15000,valleys,0.6957142857142857,0.7324626859596798
single,valleys,17,16000,valleys,0.7095238095238096,0.701456690742856
single,valleys,17,17000,valleys,0.7157142857142857,0.6785001981826055
single,valleys,17,18000,valleys,0.731904761904762,0.656544349363872
single,valleys,17,19000,valleys,0.7309523809523809,0.6226705619196097
single,valleys,17,20000,valleys,0.7371428571428571,0.6339830222654911
single,valleys,42,0,valleys,0.0,5.410386221749442
single,valleys,42,1000,valleys,0.3385714285714286,1.471254657563709
single,valleys,42,2000,valleys,0.3861904761904762,1.3845043618338448
single,valleys,42,3000,valleys,0.4061904761904762,1.3536468505859376
single,valleys,42,4000,valleys,0.4266666666666667,1.305796249026344
single,valleys,42,5000,valleys,0.4695238095238095,1.1885007095336915
single,valleys,42,6000,valleys,0.5438095238095239,1.0425915799822125
single,valleys,42,7000,valleys,0.5947619047619047,0.9516695313226609
single,valleys,42,8000,valleys,0.6657142857142857,0.7700394230797177
single,valleys,42,9000,valleys,0.709047619047619,0.6902797614960443
single,valleys,42,10000,valleys,0.7228571428571429,0.6583836162657964
single,valleys,42,11000,valleys,0.7642857142857142,0.5453704183442252
single,valleys,42,12000,valleys,0.7395238095238095,0.6062516620471364
single,valleys,42,13000,valleys,0.7933333333333333,0.4739613122741381
single,valleys,42,14000,valleys,0.8,0.4656302685095441
single,valleys,42,15000,valleys,0.8123809523809524,0.43703903524293786
single,valleys,42,16000,valleys,0.8304761904761905,0.37836618225489344
single,valleys,42,17000,valleys,0.8452380952380952,0.3595419863292149
single,valleys,42,18000,valleys,0.8495238095238096,0.3467773829879505
single,valleys,42,19000,valleys,0.8528571428571429,0.3374144923935334
single,valleys,42,20000,valleys,0.8495238095238096,0.3494109928563592
