group,seed,run_id,target,budget,mode,test_accuracy,support_accuracy,validation_accuracy
cycle_four,101,d256_l4_cycle_four_s101,descents,64,linear_task_free,0.12761904299259186,1.0,
cycle_four,101,d256_l4_cycle_four_s101,descents,64,linear_query,0.13809522986412048,1.0,
cycle_four,101,d256_l4_cycle_four_s101,descents,64,mlp_task_free,0.18190476298332214,1.0,
cycle_four,101,d256_l4_cycle_four_s101,descents,64,finetune,0.12523809523809523,,0.14285714285714285
cycle_four,101,d256_l4_cycle_four_s101,descents,64,finetune_shared,0.10285714285714286,,0.10095238095238095
cycle_four,101,d256_l4_cycle_four_s101,descents,256,linear_task_free,0.20571428537368774,0.77734375,
cycle_four,101,d256_l4_cycle_four_s101,descents,256,linear_query,0.167142853140831,0.9140625,
cycle_four,101,d256_l4_cycle_four_s101,descents,256,mlp_task_free,0.2133333384990692,1.0,
cycle_four,101,d256_l4_cycle_four_s101,descents,256,finetune,0.21714285714285714,,0.21904761904761905
cycle_four,101,d256_l4_cycle_four_s101,descents,256,finetune_shared,0.19333333333333333,,0.20285714285714285
cycle_four,101,d256_l4_cycle_four_s101,recoils,64,linear_task_free,0.17714285850524902,1.0,
cycle_four,101,d256_l4_cycle_four_s101,recoils,64,linear_query,0.13904762268066406,1.0,
cycle_four,101,d256_l4_cycle_four_s101,recoils,64,mlp_task_free,0.2028571367263794,1.0,
cycle_four,101,d256_l4_cycle_four_s101,recoils,64,finetune,0.16285714285714287,,0.13904761904761906
cycle_four,101,d256_l4_cycle_four_s101,recoils,64,finetune_shared,0.0980952380952381,,0.10380952380952381
cycle_four,101,d256_l4_cycle_four_s101,recoils,256,linear_task_free,0.19571428000926971,0.79296875,
cycle_four,101,d256_l4_cycle_four_s101,recoils,256,linear_query,0.15952381491661072,0.92578125,
cycle_four,101,d256_l4_cycle_four_s101,recoils,256,mlp_task_free,0.18571428954601288,1.0,
cycle_four,101,d256_l4_cycle_four_s101,recoils,256,finetune,0.20952380952380953,,0.21047619047619048
cycle_four,101,d256_l4_cycle_four_s101,recoils,256,finetune_shared,0.18428571428571427,,0.17809523809523808
cycle_four,101,d256_l4_cycle_four_s101,lis_length,64,linear_task_free,0.22904761135578156,0.984375,
cycle_four,101,d256_l4_cycle_four_s101,lis_length,64,linear_query,0.2133333384990692,1.0,
cycle_four,101,d256_l4_cycle_four_s101,lis_length,64,mlp_task_free,0.2204761952161789,1.0,
cycle_four,101,d256_l4_cycle_four_s101,lis_length,64,finetune,0.24333333333333335,,0.2714285714285714
cycle_four,101,d256_l4_cycle_four_s101,lis_length,64,finetune_shared,0.23904761904761904,,0.23142857142857143
cycle_four,101,d256_l4_cycle_four_s101,lis_length,256,linear_task_free,0.2866666615009308,0.6640625,
cycle_four,101,d256_l4_cycle_four_s101,lis_length,256,linear_query,0.2509523928165436,0.83203125,
cycle_four,101,d256_l4_cycle_four_s101,lis_length,256,mlp_task_free,0.2542857229709625,1.0,
cycle_four,101,d256_l4_cycle_four_s101,lis_length,256,finetune,0.2861904761904762,,0.2914285714285714
cycle_four,101,d256_l4_cycle_four_s101,lis_length,256,finetune_shared,0.3019047619047619,,0.31238095238095237
cycle_four,101,d256_l4_cycle_four_s101,longest_increasing_run,64,linear_task_free,0.38476189970970154,0.984375,
cycle_four,101,d256_l4_cycle_four_s101,longest_increasing_run,64,linear_query,0.3385714292526245,1.0,
cycle_four,101,d256_l4_cycle_four_s101,longest_increasing_run,64,mlp_task_free,0.3876190483570099,1.0,
cycle_four,101,d256_l4_cycle_four_s101,longest_increasing_run,64,finetune,0.36714285714285716,,0.3638095238095238
cycle_four,101,d256_l4_cycle_four_s101,longest_increasing_run,64,finetune_shared,0.35285714285714287,,0.31238095238095237
cycle_four,101,d256_l4_cycle_four_s101,longest_increasing_run,256,linear_task_free,0.3976190388202667,0.6796875,
cycle_four,101,d256_l4_cycle_four_s101,longest_increasing_run,256,linear_query,0.37809523940086365,0.8046875,
cycle_four,101,d256_l4_cycle_four_s101,longest_increasing_run,256,mlp_task_free,0.40190476179122925,1.0,
cycle_four,101,d256_l4_cycle_four_s101,longest_increasing_run,256,finetune,0.3880952380952381,,0.39714285714285713
cycle_four,101,d256_l4_cycle_four_s101,longest_increasing_run,256,finetune_shared,0.42857142857142855,,0.43238095238095237
cycle_four,17,d256_l4_cycle_four_s17,descents,64,linear_task_free,0.1485714316368103,1.0,
cycle_four,17,d256_l4_cycle_four_s17,descents,64,linear_query,0.1133333295583725,1.0,
cycle_four,17,d256_l4_cycle_four_s17,descents,64,mlp_task_free,0.1314285695552826,1.0,
cycle_four,17,d256_l4_cycle_four_s17,descents,64,finetune,0.14238095238095239,,0.15142857142857144
cycle_four,17,d256_l4_cycle_four_s17,descents,64,finetune_shared,0.10047619047619048,,0.12761904761904763
cycle_four,17,d256_l4_cycle_four_s17,descents,256,linear_task_free,0.19761905074119568,0.83203125,
cycle_four,17,d256_l4_cycle_four_s17,descents,256,linear_query,0.16904762387275696,0.90625,
cycle_four,17,d256_l4_cycle_four_s17,descents,256,mlp_task_free,0.1790476143360138,1.0,
cycle_four,17,d256_l4_cycle_four_s17,descents,256,finetune,0.22523809523809524,,0.25047619047619046
cycle_four,17,d256_l4_cycle_four_s17,descents,256,finetune_shared,0.16047619047619047,,0.14857142857142858
cycle_four,17,d256_l4_cycle_four_s17,recoils,64,linear_task_free,0.16952380537986755,1.0,
cycle_four,17,d256_l4_cycle_four_s17,recoils,64,linear_query,0.12714286148548126,1.0,
cycle_four,17,d256_l4_cycle_four_s17,recoils,64,mlp_task_free,0.17619048058986664,1.0,
cycle_four,17,d256_l4_cycle_four_s17,recoils,64,finetune,0.1376190476190476,,0.1619047619047619
cycle_four,17,d256_l4_cycle_four_s17,recoils,64,finetune_shared,0.11333333333333333,,0.1
cycle_four,17,d256_l4_cycle_four_s17,recoils,256,linear_task_free,0.2023809552192688,0.83984375,
cycle_four,17,d256_l4_cycle_four_s17,recoils,256,linear_query,0.15809524059295654,0.87890625,
cycle_four,17,d256_l4_cycle_four_s17,recoils,256,mlp_task_free,0.1847618967294693,1.0,
cycle_four,17,d256_l4_cycle_four_s17,recoils,256,finetune,0.23,,0.21904761904761905
cycle_four,17,d256_l4_cycle_four_s17,recoils,256,finetune_shared,0.16952380952380952,,0.16857142857142857
cycle_four,17,d256_l4_cycle_four_s17,lis_length,64,linear_task_free,0.2571428418159485,1.0,
cycle_four,17,d256_l4_cycle_four_s17,lis_length,64,linear_query,0.22952380776405334,1.0,
cycle_four,17,d256_l4_cycle_four_s17,lis_length,64,mlp_task_free,0.24523809552192688,1.0,
cycle_four,17,d256_l4_cycle_four_s17,lis_length,64,finetune,0.2123809523809524,,0.25047619047619046
cycle_four,17,d256_l4_cycle_four_s17,lis_length,64,finetune_shared,0.16952380952380952,,0.19142857142857142
cycle_four,17,d256_l4_cycle_four_s17,lis_length,256,linear_task_free,0.26428571343421936,0.73828125,
cycle_four,17,d256_l4_cycle_four_s17,lis_length,256,linear_query,0.2666666507720947,0.84375,
cycle_four,17,d256_l4_cycle_four_s17,lis_length,256,mlp_task_free,0.2561904788017273,1.0,
cycle_four,17,d256_l4_cycle_four_s17,lis_length,256,finetune,0.2904761904761905,,0.3076190476190476
cycle_four,17,d256_l4_cycle_four_s17,lis_length,256,finetune_shared,0.2733333333333333,,0.26857142857142857
cycle_four,17,d256_l4_cycle_four_s17,longest_increasing_run,64,linear_task_free,0.3509523868560791,0.953125,
cycle_four,17,d256_l4_cycle_four_s17,longest_increasing_run,64,linear_query,0.3642857074737549,1.0,
cycle_four,17,d256_l4_cycle_four_s17,longest_increasing_run,64,mlp_task_free,0.3747619092464447,1.0,
cycle_four,17,d256_l4_cycle_four_s17,longest_increasing_run,64,finetune,0.41095238095238096,,0.4219047619047619
cycle_four,17,d256_l4_cycle_four_s17,longest_increasing_run,64,finetune_shared,0.3761904761904762,,0.36095238095238097
cycle_four,17,d256_l4_cycle_four_s17,longest_increasing_run,256,linear_task_free,0.39619046449661255,0.72265625,
cycle_four,17,d256_l4_cycle_four_s17,longest_increasing_run,256,linear_query,0.4042856991291046,0.7734375,
cycle_four,17,d256_l4_cycle_four_s17,longest_increasing_run,256,mlp_task_free,0.40238094329833984,1.0,
cycle_four,17,d256_l4_cycle_four_s17,longest_increasing_run,256,finetune,0.35904761904761906,,0.3742857142857143
cycle_four,17,d256_l4_cycle_four_s17,longest_increasing_run,256,finetune_shared,0.4552380952380952,,0.44857142857142857
cycle_four,42,d256_l4_cycle_four_s42,descents,64,linear_task_free,0.11952380836009979,1.0,
cycle_four,42,d256_l4_cycle_four_s42,descents,64,linear_query,0.14095237851142883,1.0,
cycle_four,42,d256_l4_cycle_four_s42,descents,64,mlp_task_free,0.12904761731624603,1.0,
cycle_four,42,d256_l4_cycle_four_s42,descents,64,finetune,0.14333333333333334,,0.13714285714285715
cycle_four,42,d256_l4_cycle_four_s42,descents,64,finetune_shared,0.11904761904761904,,0.12761904761904763
cycle_four,42,d256_l4_cycle_four_s42,descents,256,linear_task_free,0.17428570985794067,0.84375,
cycle_four,42,d256_l4_cycle_four_s42,descents,256,linear_query,0.18714284896850586,0.8984375,
cycle_four,42,d256_l4_cycle_four_s42,descents,256,mlp_task_free,0.17523808777332306,1.0,
cycle_four,42,d256_l4_cycle_four_s42,descents,256,finetune,0.22285714285714286,,0.21619047619047618
cycle_four,42,d256_l4_cycle_four_s42,descents,256,finetune_shared,0.1961904761904762,,0.19142857142857142
cycle_four,42,d256_l4_cycle_four_s42,recoils,64,linear_task_free,0.17476190626621246,1.0,
cycle_four,42,d256_l4_cycle_four_s42,recoils,64,linear_query,0.167142853140831,1.0,
cycle_four,42,d256_l4_cycle_four_s42,recoils,64,mlp_task_free,0.17095237970352173,1.0,
cycle_four,42,d256_l4_cycle_four_s42,recoils,64,finetune,0.18095238095238095,,0.1580952380952381
cycle_four,42,d256_l4_cycle_four_s42,recoils,64,finetune_shared,0.13380952380952382,,0.12476190476190477
cycle_four,42,d256_l4_cycle_four_s42,recoils,256,linear_task_free,0.19857142865657806,0.84765625,
cycle_four,42,d256_l4_cycle_four_s42,recoils,256,linear_query,0.1790476143360138,0.875,
cycle_four,42,d256_l4_cycle_four_s42,recoils,256,mlp_task_free,0.17999999225139618,1.0,
cycle_four,42,d256_l4_cycle_four_s42,recoils,256,finetune,0.2042857142857143,,0.19523809523809524
cycle_four,42,d256_l4_cycle_four_s42,recoils,256,finetune_shared,0.19,,0.19238095238095237
cycle_four,42,d256_l4_cycle_four_s42,lis_length,64,linear_task_free,0.24095237255096436,0.984375,
cycle_four,42,d256_l4_cycle_four_s42,lis_length,64,linear_query,0.21142856776714325,1.0,
cycle_four,42,d256_l4_cycle_four_s42,lis_length,64,mlp_task_free,0.22142857313156128,1.0,
cycle_four,42,d256_l4_cycle_four_s42,lis_length,64,finetune,0.26285714285714284,,0.2866666666666667
cycle_four,42,d256_l4_cycle_four_s42,lis_length,64,finetune_shared,0.1976190476190476,,0.20476190476190476
cycle_four,42,d256_l4_cycle_four_s42,lis_length,256,linear_task_free,0.28238093852996826,0.7734375,
cycle_four,42,d256_l4_cycle_four_s42,lis_length,256,linear_query,0.28333333134651184,0.83203125,
cycle_four,42,d256_l4_cycle_four_s42,lis_length,256,mlp_task_free,0.273333340883255,1.0,
cycle_four,42,d256_l4_cycle_four_s42,lis_length,256,finetune,0.2895238095238095,,0.3047619047619048
cycle_four,42,d256_l4_cycle_four_s42,lis_length,256,finetune_shared,0.2919047619047619,,0.3219047619047619
cycle_four,42,d256_l4_cycle_four_s42,longest_increasing_run,64,linear_task_free,0.3704761862754822,0.96875,
cycle_four,42,d256_l4_cycle_four_s42,longest_increasing_run,64,linear_query,0.36523810029029846,1.0,
cycle_four,42,d256_l4_cycle_four_s42,longest_increasing_run,64,mlp_task_free,0.40095236897468567,1.0,
cycle_four,42,d256_l4_cycle_four_s42,longest_increasing_run,64,finetune,0.41,,0.41523809523809524
cycle_four,42,d256_l4_cycle_four_s42,longest_increasing_run,64,finetune_shared,0.370952380952381,,0.379047619047619
cycle_four,42,d256_l4_cycle_four_s42,longest_increasing_run,256,linear_task_free,0.3919047713279724,0.69921875,
cycle_four,42,d256_l4_cycle_four_s42,longest_increasing_run,256,linear_query,0.41952380537986755,0.734375,
cycle_four,42,d256_l4_cycle_four_s42,longest_increasing_run,256,mlp_task_free,0.40666666626930237,0.71875,
cycle_four,42,d256_l4_cycle_four_s42,longest_increasing_run,256,finetune,0.3595238095238095,,0.3742857142857143
cycle_four,42,d256_l4_cycle_four_s42,longest_increasing_run,256,finetune_shared,0.4523809523809524,,0.4676190476190476
cycle_none,101,d256_l4_cycle_none_s101,descents,64,linear_task_free,0.1790476143360138,1.0,
cycle_none,101,d256_l4_cycle_none_s101,descents,64,linear_query,0.14714285731315613,1.0,
cycle_none,101,d256_l4_cycle_none_s101,descents,64,mlp_task_free,0.18714284896850586,1.0,
cycle_none,101,d256_l4_cycle_none_s101,descents,64,finetune,0.21095238095238095,,0.2276190476190476
cycle_none,101,d256_l4_cycle_none_s101,descents,64,finetune_shared,0.19333333333333333,,0.1742857142857143
cycle_none,101,d256_l4_cycle_none_s101,descents,256,linear_task_free,0.2438095211982727,0.765625,
cycle_none,101,d256_l4_cycle_none_s101,descents,256,linear_query,0.2023809552192688,0.88671875,
cycle_none,101,d256_l4_cycle_none_s101,descents,256,mlp_task_free,0.2142857164144516,1.0,
cycle_none,101,d256_l4_cycle_none_s101,descents,256,finetune,0.20809523809523808,,0.20285714285714285
cycle_none,101,d256_l4_cycle_none_s101,descents,256,finetune_shared,0.2123809523809524,,0.20952380952380953
cycle_none,101,d256_l4_cycle_none_s101,recoils,64,linear_task_free,0.20714285969734192,1.0,
cycle_none,101,d256_l4_cycle_none_s101,recoils,64,linear_query,0.190476194024086,1.0,
cycle_none,101,d256_l4_cycle_none_s101,recoils,64,mlp_task_free,0.21047618985176086,1.0,
cycle_none,101,d256_l4_cycle_none_s101,recoils,64,finetune,0.22476190476190477,,0.20285714285714285
cycle_none,101,d256_l4_cycle_none_s101,recoils,64,finetune_shared,0.18619047619047618,,0.18571428571428572
cycle_none,101,d256_l4_cycle_none_s101,recoils,256,linear_task_free,0.19333332777023315,0.77734375,
cycle_none,101,d256_l4_cycle_none_s101,recoils,256,linear_query,0.21142856776714325,0.875,
cycle_none,101,d256_l4_cycle_none_s101,recoils,256,mlp_task_free,0.20476190745830536,1.0,
cycle_none,101,d256_l4_cycle_none_s101,recoils,256,finetune,0.23666666666666666,,0.2438095238095238
cycle_none,101,d256_l4_cycle_none_s101,recoils,256,finetune_shared,0.21666666666666667,,0.21333333333333335
cycle_none,101,d256_l4_cycle_none_s101,lis_length,64,linear_task_free,0.2495238035917282,1.0,
cycle_none,101,d256_l4_cycle_none_s101,lis_length,64,linear_query,0.23047618567943573,1.0,
cycle_none,101,d256_l4_cycle_none_s101,lis_length,64,mlp_task_free,0.26571428775787354,1.0,
cycle_none,101,d256_l4_cycle_none_s101,lis_length,64,finetune,0.29095238095238096,,0.32666666666666666
cycle_none,101,d256_l4_cycle_none_s101,lis_length,64,finetune_shared,0.2876190476190476,,0.2733333333333333
cycle_none,101,d256_l4_cycle_none_s101,lis_length,256,linear_task_free,0.3100000023841858,0.6640625,
cycle_none,101,d256_l4_cycle_none_s101,lis_length,256,linear_query,0.2919047474861145,0.828125,
cycle_none,101,d256_l4_cycle_none_s101,lis_length,256,mlp_task_free,0.27571427822113037,1.0,
cycle_none,101,d256_l4_cycle_none_s101,lis_length,256,finetune,0.31476190476190474,,0.2733333333333333
cycle_none,101,d256_l4_cycle_none_s101,lis_length,256,finetune_shared,0.30047619047619045,,0.3161904761904762
cycle_none,101,d256_l4_cycle_none_s101,longest_increasing_run,64,linear_task_free,0.3233333230018616,0.875,
cycle_none,101,d256_l4_cycle_none_s101,longest_increasing_run,64,linear_query,0.32523807883262634,0.9375,
cycle_none,101,d256_l4_cycle_none_s101,longest_increasing_run,64,mlp_task_free,0.3766666650772095,1.0,
cycle_none,101,d256_l4_cycle_none_s101,longest_increasing_run,64,finetune,0.4014285714285714,,0.38761904761904764
cycle_none,101,d256_l4_cycle_none_s101,longest_increasing_run,64,finetune_shared,0.3547619047619048,,0.3914285714285714
cycle_none,101,d256_l4_cycle_none_s101,longest_increasing_run,256,linear_task_free,0.3747619092464447,0.61328125,
cycle_none,101,d256_l4_cycle_none_s101,longest_increasing_run,256,linear_query,0.3409523665904999,0.66796875,
cycle_none,101,d256_l4_cycle_none_s101,longest_increasing_run,256,mlp_task_free,0.3814285695552826,1.0,
cycle_none,101,d256_l4_cycle_none_s101,longest_increasing_run,256,finetune,0.3842857142857143,,0.38761904761904764
cycle_none,101,d256_l4_cycle_none_s101,longest_increasing_run,256,finetune_shared,0.4,,0.42095238095238097
cycle_none,17,d256_l4_cycle_none_s17,descents,64,linear_task_free,0.1719047576189041,1.0,
cycle_none,17,d256_l4_cycle_none_s17,descents,64,linear_query,0.1604761928319931,1.0,
cycle_none,17,d256_l4_cycle_none_s17,descents,64,mlp_task_free,0.1719047576189041,1.0,
cycle_none,17,d256_l4_cycle_none_s17,descents,64,finetune,0.21904761904761905,,0.1980952380952381
cycle_none,17,d256_l4_cycle_none_s17,descents,64,finetune_shared,0.1657142857142857,,0.17142857142857143
cycle_none,17,d256_l4_cycle_none_s17,descents,256,linear_task_free,0.2204761952161789,0.80078125,
cycle_none,17,d256_l4_cycle_none_s17,descents,256,linear_query,0.19857142865657806,0.84765625,
cycle_none,17,d256_l4_cycle_none_s17,descents,256,mlp_task_free,0.2023809552192688,1.0,
cycle_none,17,d256_l4_cycle_none_s17,descents,256,finetune,0.24095238095238095,,0.23809523809523808
cycle_none,17,d256_l4_cycle_none_s17,descents,256,finetune_shared,0.21047619047619048,,0.2019047619047619
cycle_none,17,d256_l4_cycle_none_s17,recoils,64,linear_task_free,0.20333333313465118,1.0,
cycle_none,17,d256_l4_cycle_none_s17,recoils,64,linear_query,0.16952380537986755,1.0,
cycle_none,17,d256_l4_cycle_none_s17,recoils,64,mlp_task_free,0.19761905074119568,1.0,
cycle_none,17,d256_l4_cycle_none_s17,recoils,64,finetune,0.2038095238095238,,0.21428571428571427
cycle_none,17,d256_l4_cycle_none_s17,recoils,64,finetune_shared,0.18047619047619048,,0.17047619047619048
cycle_none,17,d256_l4_cycle_none_s17,recoils,256,linear_task_free,0.20380951464176178,0.7890625,
cycle_none,17,d256_l4_cycle_none_s17,recoils,256,linear_query,0.19761905074119568,0.82421875,
cycle_none,17,d256_l4_cycle_none_s17,recoils,256,mlp_task_free,0.18952380120754242,1.0,
cycle_none,17,d256_l4_cycle_none_s17,recoils,256,finetune,0.23952380952380953,,0.2542857142857143
cycle_none,17,d256_l4_cycle_none_s17,recoils,256,finetune_shared,0.20523809523809525,,0.21047619047619048
cycle_none,17,d256_l4_cycle_none_s17,lis_length,64,linear_task_free,0.2504761815071106,1.0,
cycle_none,17,d256_l4_cycle_none_s17,lis_length,64,linear_query,0.24047619104385376,1.0,
cycle_none,17,d256_l4_cycle_none_s17,lis_length,64,mlp_task_free,0.2447618991136551,1.0,
cycle_none,17,d256_l4_cycle_none_s17,lis_length,64,finetune,0.2985714285714286,,0.29428571428571426
cycle_none,17,d256_l4_cycle_none_s17,lis_length,64,finetune_shared,0.2419047619047619,,0.25333333333333335
cycle_none,17,d256_l4_cycle_none_s17,lis_length,256,linear_task_free,0.3104761838912964,0.75390625,
cycle_none,17,d256_l4_cycle_none_s17,lis_length,256,linear_query,0.31285715103149414,0.7890625,
cycle_none,17,d256_l4_cycle_none_s17,lis_length,256,mlp_task_free,0.29523807764053345,1.0,
cycle_none,17,d256_l4_cycle_none_s17,lis_length,256,finetune,0.2947619047619048,,0.2914285714285714
cycle_none,17,d256_l4_cycle_none_s17,lis_length,256,finetune_shared,0.2980952380952381,,0.29619047619047617
cycle_none,17,d256_l4_cycle_none_s17,longest_increasing_run,64,linear_task_free,0.3023809492588043,0.953125,
cycle_none,17,d256_l4_cycle_none_s17,longest_increasing_run,64,linear_query,0.3280952274799347,0.984375,
cycle_none,17,d256_l4_cycle_none_s17,longest_increasing_run,64,mlp_task_free,0.3733333349227905,1.0,
cycle_none,17,d256_l4_cycle_none_s17,longest_increasing_run,64,finetune,0.38095238095238093,,0.3923809523809524
cycle_none,17,d256_l4_cycle_none_s17,longest_increasing_run,64,finetune_shared,0.37857142857142856,,0.3933333333333333
cycle_none,17,d256_l4_cycle_none_s17,longest_increasing_run,256,linear_task_free,0.3495238125324249,0.6484375,
cycle_none,17,d256_l4_cycle_none_s17,longest_increasing_run,256,linear_query,0.345714271068573,0.65625,
cycle_none,17,d256_l4_cycle_none_s17,longest_increasing_run,256,mlp_task_free,0.3747619092464447,1.0,
cycle_none,17,d256_l4_cycle_none_s17,longest_increasing_run,256,finetune,0.3838095238095238,,0.38952380952380955
cycle_none,17,d256_l4_cycle_none_s17,longest_increasing_run,256,finetune_shared,0.4119047619047619,,0.42857142857142855
cycle_none,42,d256_l4_cycle_none_s42,descents,64,linear_task_free,0.18047618865966797,1.0,
cycle_none,42,d256_l4_cycle_none_s42,descents,64,linear_query,0.15666666626930237,1.0,
cycle_none,42,d256_l4_cycle_none_s42,descents,64,mlp_task_free,0.1723809540271759,1.0,
cycle_none,42,d256_l4_cycle_none_s42,descents,64,finetune,0.2038095238095238,,0.20952380952380953
cycle_none,42,d256_l4_cycle_none_s42,descents,64,finetune_shared,0.18761904761904763,,0.17238095238095238
cycle_none,42,d256_l4_cycle_none_s42,descents,256,linear_task_free,0.23619046807289124,0.734375,
cycle_none,42,d256_l4_cycle_none_s42,descents,256,linear_query,0.19142857193946838,0.85546875,
cycle_none,42,d256_l4_cycle_none_s42,descents,256,mlp_task_free,0.21095237135887146,1.0,
cycle_none,42,d256_l4_cycle_none_s42,descents,256,finetune,0.2338095238095238,,0.2342857142857143
cycle_none,42,d256_l4_cycle_none_s42,descents,256,finetune_shared,0.19095238095238096,,0.20952380952380953
cycle_none,42,d256_l4_cycle_none_s42,recoils,64,linear_task_free,0.21809524297714233,1.0,
cycle_none,42,d256_l4_cycle_none_s42,recoils,64,linear_query,0.17428570985794067,1.0,
cycle_none,42,d256_l4_cycle_none_s42,recoils,64,mlp_task_free,0.19952380657196045,1.0,
cycle_none,42,d256_l4_cycle_none_s42,recoils,64,finetune,0.23095238095238096,,0.22476190476190477
cycle_none,42,d256_l4_cycle_none_s42,recoils,64,finetune_shared,0.1680952380952381,,0.1676190476190476
cycle_none,42,d256_l4_cycle_none_s42,recoils,256,linear_task_free,0.23952381312847137,0.71484375,
cycle_none,42,d256_l4_cycle_none_s42,recoils,256,linear_query,0.20476190745830536,0.875,
cycle_none,42,d256_l4_cycle_none_s42,recoils,256,mlp_task_free,0.21190476417541504,1.0,
cycle_none,42,d256_l4_cycle_none_s42,recoils,256,finetune,0.22285714285714286,,0.20285714285714285
cycle_none,42,d256_l4_cycle_none_s42,recoils,256,finetune_shared,0.20047619047619047,,0.2057142857142857
cycle_none,42,d256_l4_cycle_none_s42,lis_length,64,linear_task_free,0.24571427702903748,0.9375,
cycle_none,42,d256_l4_cycle_none_s42,lis_length,64,linear_query,0.2438095211982727,1.0,
cycle_none,42,d256_l4_cycle_none_s42,lis_length,64,mlp_task_free,0.24047619104385376,1.0,
cycle_none,42,d256_l4_cycle_none_s42,lis_length,64,finetune,0.2661904761904762,,0.3047619047619048
cycle_none,42,d256_l4_cycle_none_s42,lis_length,64,finetune_shared,0.23666666666666666,,0.25333333333333335
cycle_none,42,d256_l4_cycle_none_s42,lis_length,256,linear_task_free,0.3038095235824585,0.69140625,
cycle_none,42,d256_l4_cycle_none_s42,lis_length,256,linear_query,0.29571428894996643,0.76953125,
cycle_none,42,d256_l4_cycle_none_s42,lis_length,256,mlp_task_free,0.2695237994194031,1.0,
cycle_none,42,d256_l4_cycle_none_s42,lis_length,256,finetune,0.30523809523809525,,0.29428571428571426
cycle_none,42,d256_l4_cycle_none_s42,lis_length,256,finetune_shared,0.3,,0.31238095238095237
cycle_none,42,d256_l4_cycle_none_s42,longest_increasing_run,64,linear_task_free,0.3409523665904999,0.90625,
cycle_none,42,d256_l4_cycle_none_s42,longest_increasing_run,64,linear_query,0.32428571581840515,1.0,
cycle_none,42,d256_l4_cycle_none_s42,longest_increasing_run,64,mlp_task_free,0.3985714316368103,1.0,
cycle_none,42,d256_l4_cycle_none_s42,longest_increasing_run,64,finetune,0.4023809523809524,,0.40476190476190477
cycle_none,42,d256_l4_cycle_none_s42,longest_increasing_run,64,finetune_shared,0.4080952380952381,,0.41333333333333333
cycle_none,42,d256_l4_cycle_none_s42,longest_increasing_run,256,linear_task_free,0.3385714292526245,0.609375,
cycle_none,42,d256_l4_cycle_none_s42,longest_increasing_run,256,linear_query,0.34761905670166016,0.65234375,
cycle_none,42,d256_l4_cycle_none_s42,longest_increasing_run,256,mlp_task_free,0.3709523677825928,1.0,
cycle_none,42,d256_l4_cycle_none_s42,longest_increasing_run,256,finetune,0.39666666666666667,,0.3961904761904762
cycle_none,42,d256_l4_cycle_none_s42,longest_increasing_run,256,finetune_shared,0.3923809523809524,,0.4085714285714286
cycle_three,101,d256_l4_cycle_three_s101,descents,64,linear_task_free,0.12619046866893768,1.0,
cycle_three,101,d256_l4_cycle_three_s101,descents,64,linear_query,0.12333333492279053,1.0,
cycle_three,101,d256_l4_cycle_three_s101,descents,64,mlp_task_free,0.13285714387893677,1.0,
cycle_three,101,d256_l4_cycle_three_s101,descents,64,finetune,0.12238095238095238,,0.1380952380952381
cycle_three,101,d256_l4_cycle_three_s101,descents,64,finetune_shared,0.12476190476190477,,0.14
cycle_three,101,d256_l4_cycle_three_s101,descents,256,linear_task_free,0.18761904537677765,0.95703125,
cycle_three,101,d256_l4_cycle_three_s101,descents,256,linear_query,0.16238094866275787,0.8125,
cycle_three,101,d256_l4_cycle_three_s101,descents,256,mlp_task_free,0.16428571939468384,1.0,
cycle_three,101,d256_l4_cycle_three_s101,descents,256,finetune,0.21714285714285714,,0.2219047619047619
cycle_three,101,d256_l4_cycle_three_s101,descents,256,finetune_shared,0.19476190476190477,,0.19904761904761906
cycle_three,101,d256_l4_cycle_three_s101,recoils,64,linear_task_free,0.14000000059604645,1.0,
cycle_three,101,d256_l4_cycle_three_s101,recoils,64,linear_query,0.14666666090488434,1.0,
cycle_three,101,d256_l4_cycle_three_s101,recoils,64,mlp_task_free,0.13190476596355438,1.0,
cycle_three,101,d256_l4_cycle_three_s101,recoils,64,finetune,0.19285714285714287,,0.17047619047619048
cycle_three,101,d256_l4_cycle_three_s101,recoils,64,finetune_shared,0.14761904761904762,,0.13047619047619047
cycle_three,101,d256_l4_cycle_three_s101,recoils,256,linear_task_free,0.1852380931377411,0.953125,
cycle_three,101,d256_l4_cycle_three_s101,recoils,256,linear_query,0.1614285707473755,0.83984375,
cycle_three,101,d256_l4_cycle_three_s101,recoils,256,mlp_task_free,0.16333332657814026,1.0,
cycle_three,101,d256_l4_cycle_three_s101,recoils,256,finetune,0.2523809523809524,,0.24
cycle_three,101,d256_l4_cycle_three_s101,recoils,256,finetune_shared,0.19904761904761906,,0.21619047619047618
cycle_three,101,d256_l4_cycle_three_s101,lis_length,64,linear_task_free,0.21571429073810577,1.0,
cycle_three,101,d256_l4_cycle_three_s101,lis_length,64,linear_query,0.20380951464176178,1.0,
cycle_three,101,d256_l4_cycle_three_s101,lis_length,64,mlp_task_free,0.21047618985176086,1.0,
cycle_three,101,d256_l4_cycle_three_s101,lis_length,64,finetune,0.25857142857142856,,0.2761904761904762
cycle_three,101,d256_l4_cycle_three_s101,lis_length,64,finetune_shared,0.26,,0.2904761904761905
cycle_three,101,d256_l4_cycle_three_s101,lis_length,256,linear_task_free,0.25,0.87890625,
cycle_three,101,d256_l4_cycle_three_s101,lis_length,256,linear_query,0.2547619044780731,0.76953125,
cycle_three,101,d256_l4_cycle_three_s101,lis_length,256,mlp_task_free,0.24285714328289032,1.0,
cycle_three,101,d256_l4_cycle_three_s101,lis_length,256,finetune,0.31,,0.3523809523809524
cycle_three,101,d256_l4_cycle_three_s101,lis_length,256,finetune_shared,0.28095238095238095,,0.32857142857142857
cycle_three,101,d256_l4_cycle_three_s101,longest_increasing_run,64,linear_task_free,0.31952381134033203,1.0,
cycle_three,101,d256_l4_cycle_three_s101,longest_increasing_run,64,linear_query,0.36761903762817383,1.0,
cycle_three,101,d256_l4_cycle_three_s101,longest_increasing_run,64,mlp_task_free,0.3471428453922272,1.0,
cycle_three,101,d256_l4_cycle_three_s101,longest_increasing_run,64,finetune,0.3942857142857143,,0.4057142857142857
cycle_three,101,d256_l4_cycle_three_s101,longest_increasing_run,64,finetune_shared,0.3852380952380952,,0.3914285714285714
cycle_three,101,d256_l4_cycle_three_s101,longest_increasing_run,256,linear_task_free,0.3752380907535553,0.83984375,
cycle_three,101,d256_l4_cycle_three_s101,longest_increasing_run,256,linear_query,0.35428571701049805,0.75390625,
cycle_three,101,d256_l4_cycle_three_s101,longest_increasing_run,256,mlp_task_free,0.37761905789375305,1.0,
cycle_three,101,d256_l4_cycle_three_s101,longest_increasing_run,256,finetune,0.39714285714285713,,0.38761904761904764
cycle_three,101,d256_l4_cycle_three_s101,longest_increasing_run,256,finetune_shared,0.4504761904761905,,0.4361904761904762
cycle_three,17,d256_l4_cycle_three_s17,descents,64,linear_task_free,0.1428571343421936,1.0,
cycle_three,17,d256_l4_cycle_three_s17,descents,64,linear_query,0.12285713851451874,1.0,
cycle_three,17,d256_l4_cycle_three_s17,descents,64,mlp_task_free,0.1304761916399002,1.0,
cycle_three,17,d256_l4_cycle_three_s17,descents,64,finetune,0.16238095238095238,,0.17047619047619048
cycle_three,17,d256_l4_cycle_three_s17,descents,64,finetune_shared,0.12238095238095238,,0.13904761904761906
cycle_three,17,d256_l4_cycle_three_s17,descents,256,linear_task_free,0.20333333313465118,0.98046875,
cycle_three,17,d256_l4_cycle_three_s17,descents,256,linear_query,0.16761904954910278,0.9296875,
cycle_three,17,d256_l4_cycle_three_s17,descents,256,mlp_task_free,0.16809523105621338,1.0,
cycle_three,17,d256_l4_cycle_three_s17,descents,256,finetune,0.21095238095238095,,0.23523809523809525
cycle_three,17,d256_l4_cycle_three_s17,descents,256,finetune_shared,0.20952380952380953,,0.21333333333333335
cycle_three,17,d256_l4_cycle_three_s17,recoils,64,linear_task_free,0.1599999964237213,1.0,
cycle_three,17,d256_l4_cycle_three_s17,recoils,64,linear_query,0.1495238095521927,1.0,
cycle_three,17,d256_l4_cycle_three_s17,recoils,64,mlp_task_free,0.14666666090488434,1.0,
cycle_three,17,d256_l4_cycle_three_s17,recoils,64,finetune,0.15857142857142856,,0.18571428571428572
cycle_three,17,d256_l4_cycle_three_s17,recoils,64,finetune_shared,0.1538095238095238,,0.14285714285714285
cycle_three,17,d256_l4_cycle_three_s17,recoils,256,linear_task_free,0.1780952364206314,0.98046875,
cycle_three,17,d256_l4_cycle_three_s17,recoils,256,linear_query,0.16285714507102966,0.93359375,
cycle_three,17,d256_l4_cycle_three_s17,recoils,256,mlp_task_free,0.1719047576189041,1.0,
cycle_three,17,d256_l4_cycle_three_s17,recoils,256,finetune,0.2257142857142857,,0.22666666666666666
cycle_three,17,d256_l4_cycle_three_s17,recoils,256,finetune_shared,0.2,,0.2038095238095238
cycle_three,17,d256_l4_cycle_three_s17,lis_length,64,linear_task_free,0.20000000298023224,1.0,
cycle_three,17,d256_l4_cycle_three_s17,lis_length,64,linear_query,0.23428571224212646,1.0,
cycle_three,17,d256_l4_cycle_three_s17,lis_length,64,mlp_task_free,0.21238094568252563,1.0,
cycle_three,17,d256_l4_cycle_three_s17,lis_length,64,finetune,0.2780952380952381,,0.31523809523809526
cycle_three,17,d256_l4_cycle_three_s17,lis_length,64,finetune_shared,0.25,,0.2571428571428571
cycle_three,17,d256_l4_cycle_three_s17,lis_length,256,linear_task_free,0.27190476655960083,0.91796875,
cycle_three,17,d256_l4_cycle_three_s17,lis_length,256,linear_query,0.273333340883255,0.828125,
cycle_three,17,d256_l4_cycle_three_s17,lis_length,256,mlp_task_free,0.24523809552192688,1.0,
cycle_three,17,d256_l4_cycle_three_s17,lis_length,256,finetune,0.32142857142857145,,0.3352380952380952
cycle_three,17,d256_l4_cycle_three_s17,lis_length,256,finetune_shared,0.3271428571428571,,0.32666666666666666
cycle_three,17,d256_l4_cycle_three_s17,longest_increasing_run,64,linear_task_free,0.310952365398407,1.0,
cycle_three,17,d256_l4_cycle_three_s17,longest_increasing_run,64,linear_query,0.3566666543483734,1.0,
cycle_three,17,d256_l4_cycle_three_s17,longest_increasing_run,64,mlp_task_free,0.3499999940395355,1.0,
cycle_three,17,d256_l4_cycle_three_s17,longest_increasing_run,64,finetune,0.35333333333333333,,0.3742857142857143
cycle_three,17,d256_l4_cycle_three_s17,longest_increasing_run,64,finetune_shared,0.38761904761904764,,0.40285714285714286
cycle_three,17,d256_l4_cycle_three_s17,longest_increasing_run,256,linear_task_free,0.37142857909202576,0.84765625,
cycle_three,17,d256_l4_cycle_three_s17,longest_increasing_run,256,linear_query,0.3866666555404663,0.734375,
cycle_three,17,d256_l4_cycle_three_s17,longest_increasing_run,256,mlp_task_free,0.36666667461395264,1.0,
cycle_three,17,d256_l4_cycle_three_s17,longest_increasing_run,256,finetune,0.43476190476190474,,0.4438095238095238
cycle_three,17,d256_l4_cycle_three_s17,longest_increasing_run,256,finetune_shared,0.46,,0.4695238095238095
cycle_three,42,d256_l4_cycle_three_s42,descents,64,linear_task_free,0.17142857611179352,1.0,
cycle_three,42,d256_l4_cycle_three_s42,descents,64,linear_query,0.16285714507102966,1.0,
cycle_three,42,d256_l4_cycle_three_s42,descents,64,mlp_task_free,0.18857142329216003,1.0,
cycle_three,42,d256_l4_cycle_three_s42,descents,64,finetune,0.1895238095238095,,0.19428571428571428
cycle_three,42,d256_l4_cycle_three_s42,descents,64,finetune_shared,0.1838095238095238,,0.18857142857142858
cycle_three,42,d256_l4_cycle_three_s42,descents,256,linear_task_free,0.20666666328907013,0.96484375,
cycle_three,42,d256_l4_cycle_three_s42,descents,256,linear_query,0.20523808896541595,0.921875,
cycle_three,42,d256_l4_cycle_three_s42,descents,256,mlp_task_free,0.2138095200061798,1.0,
cycle_three,42,d256_l4_cycle_three_s42,descents,256,finetune,0.24047619047619048,,0.24666666666666667
cycle_three,42,d256_l4_cycle_three_s42,descents,256,finetune_shared,0.24142857142857144,,0.23142857142857143
cycle_three,42,d256_l4_cycle_three_s42,recoils,64,linear_task_free,0.19476190209388733,1.0,
cycle_three,42,d256_l4_cycle_three_s42,recoils,64,linear_query,0.16809523105621338,1.0,
cycle_three,42,d256_l4_cycle_three_s42,recoils,64,mlp_task_free,0.17999999225139618,1.0,
cycle_three,42,d256_l4_cycle_three_s42,recoils,64,finetune,0.2061904761904762,,0.19428571428571428
cycle_three,42,d256_l4_cycle_three_s42,recoils,64,finetune_shared,0.18857142857142858,,0.18666666666666668
cycle_three,42,d256_l4_cycle_three_s42,recoils,256,linear_task_free,0.21761904656887054,0.95703125,
cycle_three,42,d256_l4_cycle_three_s42,recoils,256,linear_query,0.20428571105003357,0.88671875,
cycle_three,42,d256_l4_cycle_three_s42,recoils,256,mlp_task_free,0.190476194024086,1.0,
cycle_three,42,d256_l4_cycle_three_s42,recoils,256,finetune,0.24619047619047618,,0.2342857142857143
cycle_three,42,d256_l4_cycle_three_s42,recoils,256,finetune_shared,0.2257142857142857,,0.22476190476190477
cycle_three,42,d256_l4_cycle_three_s42,lis_length,64,linear_task_free,0.2676190435886383,1.0,
cycle_three,42,d256_l4_cycle_three_s42,lis_length,64,linear_query,0.24523809552192688,1.0,
cycle_three,42,d256_l4_cycle_three_s42,lis_length,64,mlp_task_free,0.2566666603088379,1.0,
cycle_three,42,d256_l4_cycle_three_s42,lis_length,64,finetune,0.2919047619047619,,0.31333333333333335
cycle_three,42,d256_l4_cycle_three_s42,lis_length,64,finetune_shared,0.2733333333333333,,0.30095238095238097
cycle_three,42,d256_l4_cycle_three_s42,lis_length,256,linear_task_free,0.29428571462631226,0.89453125,
cycle_three,42,d256_l4_cycle_three_s42,lis_length,256,linear_query,0.2866666615009308,0.828125,
cycle_three,42,d256_l4_cycle_three_s42,lis_length,256,mlp_task_free,0.2571428418159485,1.0,
cycle_three,42,d256_l4_cycle_three_s42,lis_length,256,finetune,0.31,,0.3457142857142857
cycle_three,42,d256_l4_cycle_three_s42,lis_length,256,finetune_shared,0.3180952380952381,,0.3323809523809524
cycle_three,42,d256_l4_cycle_three_s42,longest_increasing_run,64,linear_task_free,0.3799999952316284,1.0,
cycle_three,42,d256_l4_cycle_three_s42,longest_increasing_run,64,linear_query,0.30523809790611267,0.984375,
cycle_three,42,d256_l4_cycle_three_s42,longest_increasing_run,64,mlp_task_free,0.37857142090797424,1.0,
cycle_three,42,d256_l4_cycle_three_s42,longest_increasing_run,64,finetune,0.4114285714285714,,0.41714285714285715
cycle_three,42,d256_l4_cycle_three_s42,longest_increasing_run,64,finetune_shared,0.40904761904761905,,0.43142857142857144
cycle_three,42,d256_l4_cycle_three_s42,longest_increasing_run,256,linear_task_free,0.38238096237182617,0.84375,
cycle_three,42,d256_l4_cycle_three_s42,longest_increasing_run,256,linear_query,0.37761905789375305,0.7421875,
cycle_three,42,d256_l4_cycle_three_s42,longest_increasing_run,256,mlp_task_free,0.37714284658432007,1.0,
cycle_three,42,d256_l4_cycle_three_s42,longest_increasing_run,256,finetune,0.4142857142857143,,0.4076190476190476
cycle_three,42,d256_l4_cycle_three_s42,longest_increasing_run,256,finetune_shared,0.4576190476190476,,0.47333333333333333
interior_four,101,d256_l4_interior_four_s101,descents,64,linear_task_free,0.20428571105003357,1.0,
interior_four,101,d256_l4_interior_four_s101,descents,64,linear_query,0.1966666579246521,1.0,
interior_four,101,d256_l4_interior_four_s101,descents,64,mlp_task_free,0.201904758810997,1.0,
interior_four,101,d256_l4_interior_four_s101,descents,64,finetune,0.22285714285714286,,0.21047619047619048
interior_four,101,d256_l4_interior_four_s101,descents,64,finetune_shared,0.22285714285714286,,0.21047619047619048
interior_four,101,d256_l4_interior_four_s101,descents,256,linear_task_free,0.2438095211982727,0.9375,
interior_four,101,d256_l4_interior_four_s101,descents,256,linear_query,0.2447618991136551,0.79296875,
interior_four,101,d256_l4_interior_four_s101,descents,256,mlp_task_free,0.2209523767232895,1.0,
interior_four,101,d256_l4_interior_four_s101,descents,256,finetune,0.25523809523809526,,0.2752380952380952
interior_four,101,d256_l4_interior_four_s101,descents,256,finetune_shared,0.25523809523809526,,0.2752380952380952
interior_four,101,d256_l4_interior_four_s101,recoils,64,linear_task_free,0.20714285969734192,1.0,
interior_four,101,d256_l4_interior_four_s101,recoils,64,linear_query,0.20000000298023224,1.0,
interior_four,101,d256_l4_interior_four_s101,recoils,64,mlp_task_free,0.2090476155281067,1.0,
interior_four,101,d256_l4_interior_four_s101,recoils,64,finetune,0.2219047619047619,,0.21523809523809523
interior_four,101,d256_l4_interior_four_s101,recoils,64,finetune_shared,0.2219047619047619,,0.21523809523809523
interior_four,101,d256_l4_interior_four_s101,recoils,256,linear_task_free,0.21952380239963531,0.9453125,
interior_four,101,d256_l4_interior_four_s101,recoils,256,linear_query,0.22523809969425201,0.69140625,
interior_four,101,d256_l4_interior_four_s101,recoils,256,mlp_task_free,0.22238095104694366,1.0,
interior_four,101,d256_l4_interior_four_s101,recoils,256,finetune,0.24523809523809523,,0.23904761904761904
interior_four,101,d256_l4_interior_four_s101,recoils,256,finetune_shared,0.24523809523809523,,0.23904761904761904
interior_four,101,d256_l4_interior_four_s101,lis_length,64,linear_task_free,0.2671428620815277,1.0,
interior_four,101,d256_l4_interior_four_s101,lis_length,64,linear_query,0.2552380859851837,0.984375,
interior_four,101,d256_l4_interior_four_s101,lis_length,64,mlp_task_free,0.272857129573822,1.0,
interior_four,101,d256_l4_interior_four_s101,lis_length,64,finetune,0.3019047619047619,,0.3
interior_four,101,d256_l4_interior_four_s101,lis_length,64,finetune_shared,0.3019047619047619,,0.3
interior_four,101,d256_l4_interior_four_s101,lis_length,256,linear_task_free,0.28999999165534973,0.77734375,
interior_four,101,d256_l4_interior_four_s101,lis_length,256,linear_query,0.2980952262878418,0.640625,
interior_four,101,d256_l4_interior_four_s101,lis_length,256,mlp_task_free,0.28999999165534973,1.0,
interior_four,101,d256_l4_interior_four_s101,lis_length,256,finetune,0.3333333333333333,,0.3466666666666667
interior_four,101,d256_l4_interior_four_s101,lis_length,256,finetune_shared,0.3333333333333333,,0.3466666666666667
interior_four,101,d256_l4_interior_four_s101,longest_increasing_run,64,linear_task_free,0.403809517621994,1.0,
interior_four,101,d256_l4_interior_four_s101,longest_increasing_run,64,linear_query,0.35428571701049805,0.953125,
interior_four,101,d256_l4_interior_four_s101,longest_increasing_run,64,mlp_task_free,0.4290476143360138,1.0,
interior_four,101,d256_l4_interior_four_s101,longest_increasing_run,64,finetune,0.3819047619047619,,0.37333333333333335
interior_four,101,d256_l4_interior_four_s101,longest_increasing_run,64,finetune_shared,0.3819047619047619,,0.37333333333333335
interior_four,101,d256_l4_interior_four_s101,longest_increasing_run,256,linear_task_free,0.43619048595428467,0.78515625,
interior_four,101,d256_l4_interior_four_s101,longest_increasing_run,256,linear_query,0.3709523677825928,0.640625,
interior_four,101,d256_l4_interior_four_s101,longest_increasing_run,256,mlp_task_free,0.4238095283508301,1.0,
interior_four,101,d256_l4_interior_four_s101,longest_increasing_run,256,finetune,0.46476190476190476,,0.4676190476190476
interior_four,101,d256_l4_interior_four_s101,longest_increasing_run,256,finetune_shared,0.46476190476190476,,0.4676190476190476
interior_four,17,d256_l4_interior_four_s17,descents,64,linear_task_free,0.19904761016368866,1.0,
interior_four,17,d256_l4_interior_four_s17,descents,64,linear_query,0.20999999344348907,1.0,
interior_four,17,d256_l4_interior_four_s17,descents,64,mlp_task_free,0.21285714209079742,1.0,
interior_four,17,d256_l4_interior_four_s17,descents,64,finetune,0.1919047619047619,,0.18571428571428572
interior_four,17,d256_l4_interior_four_s17,descents,64,finetune_shared,0.1919047619047619,,0.18571428571428572
interior_four,17,d256_l4_interior_four_s17,descents,256,linear_task_free,0.25952380895614624,0.9140625,
interior_four,17,d256_l4_interior_four_s17,descents,256,linear_query,0.24190476536750793,0.79296875,
interior_four,17,d256_l4_interior_four_s17,descents,256,mlp_task_free,0.2504761815071106,1.0,
interior_four,17,d256_l4_interior_four_s17,descents,256,finetune,0.2866666666666667,,0.28285714285714286
interior_four,17,d256_l4_interior_four_s17,descents,256,finetune_shared,0.2866666666666667,,0.28285714285714286
interior_four,17,d256_l4_interior_four_s17,recoils,64,linear_task_free,0.20571428537368774,1.0,
interior_four,17,d256_l4_interior_four_s17,recoils,64,linear_query,0.1971428543329239,1.0,
interior_four,17,d256_l4_interior_four_s17,recoils,64,mlp_task_free,0.20428571105003357,1.0,
interior_four,17,d256_l4_interior_four_s17,recoils,64,finetune,0.21857142857142858,,0.21333333333333335
interior_four,17,d256_l4_interior_four_s17,recoils,64,finetune_shared,0.21857142857142858,,0.21333333333333335
interior_four,17,d256_l4_interior_four_s17,recoils,256,linear_task_free,0.2323809564113617,0.91015625,
interior_four,17,d256_l4_interior_four_s17,recoils,256,linear_query,0.2323809564113617,0.75,
interior_four,17,d256_l4_interior_four_s17,recoils,256,mlp_task_free,0.2199999988079071,1.0,
interior_four,17,d256_l4_interior_four_s17,recoils,256,finetune,0.2419047619047619,,0.23714285714285716
interior_four,17,d256_l4_interior_four_s17,recoils,256,finetune_shared,0.2419047619047619,,0.23714285714285716
interior_four,17,d256_l4_interior_four_s17,lis_length,64,linear_task_free,0.2695237994194031,1.0,
interior_four,17,d256_l4_interior_four_s17,lis_length,64,linear_query,0.24857142567634583,1.0,
interior_four,17,d256_l4_interior_four_s17,lis_length,64,mlp_task_free,0.2542857229709625,1.0,
interior_four,17,d256_l4_interior_four_s17,lis_length,64,finetune,0.2795238095238095,,0.2857142857142857
interior_four,17,d256_l4_interior_four_s17,lis_length,64,finetune_shared,0.2795238095238095,,0.2857142857142857
interior_four,17,d256_l4_interior_four_s17,lis_length,256,linear_task_free,0.310952365398407,0.7734375,
interior_four,17,d256_l4_interior_four_s17,lis_length,256,linear_query,0.3023809492588043,0.65625,
interior_four,17,d256_l4_interior_four_s17,lis_length,256,mlp_task_free,0.28285714983940125,1.0,
interior_four,17,d256_l4_interior_four_s17,lis_length,256,finetune,0.3319047619047619,,0.35523809523809524
interior_four,17,d256_l4_interior_four_s17,lis_length,256,finetune_shared,0.3319047619047619,,0.35523809523809524
interior_four,17,d256_l4_interior_four_s17,longest_increasing_run,64,linear_task_free,0.3752380907535553,1.0,
interior_four,17,d256_l4_interior_four_s17,longest_increasing_run,64,linear_query,0.3628571331501007,0.9375,
interior_four,17,d256_l4_interior_four_s17,longest_increasing_run,64,mlp_task_free,0.4033333361148834,1.0,
interior_four,17,d256_l4_interior_four_s17,longest_increasing_run,64,finetune,0.40190476190476193,,0.41333333333333333
interior_four,17,d256_l4_interior_four_s17,longest_increasing_run,64,finetune_shared,0.40190476190476193,,0.41333333333333333
interior_four,17,d256_l4_interior_four_s17,longest_increasing_run,256,linear_task_free,0.4414285719394684,0.8046875,
interior_four,17,d256_l4_interior_four_s17,longest_increasing_run,256,linear_query,0.4047619104385376,0.67578125,
interior_four,17,d256_l4_interior_four_s17,longest_increasing_run,256,mlp_task_free,0.4409523904323578,1.0,
interior_four,17,d256_l4_interior_four_s17,longest_increasing_run,256,finetune,0.4533333333333333,,0.4657142857142857
interior_four,17,d256_l4_interior_four_s17,longest_increasing_run,256,finetune_shared,0.4533333333333333,,0.4657142857142857
interior_four,42,d256_l4_interior_four_s42,descents,64,linear_task_free,0.18761904537677765,1.0,
interior_four,42,d256_l4_interior_four_s42,descents,64,linear_query,0.17952381074428558,1.0,
interior_four,42,d256_l4_interior_four_s42,descents,64,mlp_task_free,0.18761904537677765,1.0,
interior_four,42,d256_l4_interior_four_s42,descents,64,finetune,0.21571428571428572,,0.19714285714285715
interior_four,42,d256_l4_interior_four_s42,descents,64,finetune_shared,0.21571428571428572,,0.19714285714285715
interior_four,42,d256_l4_interior_four_s42,descents,256,linear_task_free,0.2142857164144516,0.90234375,
interior_four,42,d256_l4_interior_four_s42,descents,256,linear_query,0.2442857176065445,0.68359375,
interior_four,42,d256_l4_interior_four_s42,descents,256,mlp_task_free,0.23523809015750885,1.0,
interior_four,42,d256_l4_interior_four_s42,descents,256,finetune,0.2557142857142857,,0.26761904761904765
interior_four,42,d256_l4_interior_four_s42,descents,256,finetune_shared,0.2557142857142857,,0.26761904761904765
interior_four,42,d256_l4_interior_four_s42,recoils,64,linear_task_free,0.1728571355342865,1.0,
interior_four,42,d256_l4_interior_four_s42,recoils,64,linear_query,0.19952380657196045,1.0,
interior_four,42,d256_l4_interior_four_s42,recoils,64,mlp_task_free,0.19238094985485077,1.0,
interior_four,42,d256_l4_interior_four_s42,recoils,64,finetune,0.23333333333333334,,0.23809523809523808
interior_four,42,d256_l4_interior_four_s42,recoils,64,finetune_shared,0.23333333333333334,,0.23809523809523808
interior_four,42,d256_l4_interior_four_s42,recoils,256,linear_task_free,0.22714285552501678,0.8515625,
interior_four,42,d256_l4_interior_four_s42,recoils,256,linear_query,0.22380952537059784,0.65625,
interior_four,42,d256_l4_interior_four_s42,recoils,256,mlp_task_free,0.20380951464176178,1.0,
interior_four,42,d256_l4_interior_four_s42,recoils,256,finetune,0.2523809523809524,,0.24666666666666667
interior_four,42,d256_l4_interior_four_s42,recoils,256,finetune_shared,0.2523809523809524,,0.24666666666666667
interior_four,42,d256_l4_interior_four_s42,lis_length,64,linear_task_free,0.25904762744903564,1.0,
interior_four,42,d256_l4_interior_four_s42,lis_length,64,linear_query,0.22523809969425201,0.96875,
interior_four,42,d256_l4_interior_four_s42,lis_length,64,mlp_task_free,0.2514285743236542,1.0,
interior_four,42,d256_l4_interior_four_s42,lis_length,64,finetune,0.29904761904761906,,0.30666666666666664
interior_four,42,d256_l4_interior_four_s42,lis_length,64,finetune_shared,0.29904761904761906,,0.30666666666666664
interior_four,42,d256_l4_interior_four_s42,lis_length,256,linear_task_free,0.30619046092033386,0.76171875,
interior_four,42,d256_l4_interior_four_s42,lis_length,256,linear_query,0.2780952453613281,0.62890625,
interior_four,42,d256_l4_interior_four_s42,lis_length,256,mlp_task_free,0.28142857551574707,1.0,
interior_four,42,d256_l4_interior_four_s42,lis_length,256,finetune,0.3242857142857143,,0.34285714285714286
interior_four,42,d256_l4_interior_four_s42,lis_length,256,finetune_shared,0.3242857142857143,,0.34285714285714286
interior_four,42,d256_l4_interior_four_s42,longest_increasing_run,64,linear_task_free,0.36095237731933594,1.0,
interior_four,42,d256_l4_interior_four_s42,longest_increasing_run,64,linear_query,0.31857141852378845,0.875,
interior_four,42,d256_l4_interior_four_s42,longest_increasing_run,64,mlp_task_free,0.38428571820259094,1.0,
interior_four,42,d256_l4_interior_four_s42,longest_increasing_run,64,finetune,0.38333333333333336,,0.38761904761904764
interior_four,42,d256_l4_interior_four_s42,longest_increasing_run,64,finetune_shared,0.38333333333333336,,0.38761904761904764
interior_four,42,d256_l4_interior_four_s42,longest_increasing_run,256,linear_task_free,0.40761902928352356,0.765625,
interior_four,42,d256_l4_interior_four_s42,longest_increasing_run,256,linear_query,0.369047611951828,0.6015625,
interior_four,42,d256_l4_interior_four_s42,longest_increasing_run,256,mlp_task_free,0.4285714328289032,1.0,
interior_four,42,d256_l4_interior_four_s42,longest_increasing_run,256,finetune,0.439047619047619,,0.4666666666666667
interior_four,42,d256_l4_interior_four_s42,longest_increasing_run,256,finetune_shared,0.439047619047619,,0.4666666666666667
interior_none,101,d256_l4_interior_none_s101,descents,64,linear_task_free,0.1971428543329239,1.0,
interior_none,101,d256_l4_interior_none_s101,descents,64,linear_query,0.2023809552192688,1.0,
interior_none,101,d256_l4_interior_none_s101,descents,64,mlp_task_free,0.1728571355342865,1.0,
interior_none,101,d256_l4_interior_none_s101,descents,64,finetune,0.1976190476190476,,0.20761904761904762
interior_none,101,d256_l4_interior_none_s101,descents,64,finetune_shared,0.18142857142857144,,0.18285714285714286
interior_none,101,d256_l4_interior_none_s101,descents,256,linear_task_free,0.273333340883255,0.98828125,
interior_none,101,d256_l4_interior_none_s101,descents,256,linear_query,0.23999999463558197,1.0,
interior_none,101,d256_l4_interior_none_s101,descents,256,mlp_task_free,0.2442857176065445,1.0,
interior_none,101,d256_l4_interior_none_s101,descents,256,finetune,0.32047619047619047,,0.3
interior_none,101,d256_l4_interior_none_s101,descents,256,finetune_shared,0.30523809523809525,,0.29714285714285715
interior_none,101,d256_l4_interior_none_s101,recoils,64,linear_task_free,0.1971428543329239,1.0,
interior_none,101,d256_l4_interior_none_s101,recoils,64,linear_query,0.20380951464176178,1.0,
interior_none,101,d256_l4_interior_none_s101,recoils,64,mlp_task_free,0.1666666716337204,1.0,
interior_none,101,d256_l4_interior_none_s101,recoils,64,finetune,0.2257142857142857,,0.2438095238095238
interior_none,101,d256_l4_interior_none_s101,recoils,64,finetune_shared,0.1957142857142857,,0.20095238095238097
interior_none,101,d256_l4_interior_none_s101,recoils,256,linear_task_free,0.23666666448116302,0.98828125,
interior_none,101,d256_l4_interior_none_s101,recoils,256,linear_query,0.23333333432674408,1.0,
interior_none,101,d256_l4_interior_none_s101,recoils,256,mlp_task_free,0.23095238208770752,1.0,
interior_none,101,d256_l4_interior_none_s101,recoils,256,finetune,0.2561904761904762,,0.2523809523809524
interior_none,101,d256_l4_interior_none_s101,recoils,256,finetune_shared,0.2523809523809524,,0.23333333333333334
interior_none,101,d256_l4_interior_none_s101,lis_length,64,linear_task_free,0.28190475702285767,1.0,
interior_none,101,d256_l4_interior_none_s101,lis_length,64,linear_query,0.25761905312538147,1.0,
interior_none,101,d256_l4_interior_none_s101,lis_length,64,mlp_task_free,0.2547619044780731,1.0,
interior_none,101,d256_l4_interior_none_s101,lis_length,64,finetune,0.33095238095238094,,0.3333333333333333
interior_none,101,d256_l4_interior_none_s101,lis_length,64,finetune_shared,0.2776190476190476,,0.2838095238095238
interior_none,101,d256_l4_interior_none_s101,lis_length,256,linear_task_free,0.31333333253860474,0.91015625,
interior_none,101,d256_l4_interior_none_s101,lis_length,256,linear_query,0.3142857253551483,0.98828125,
interior_none,101,d256_l4_interior_none_s101,lis_length,256,mlp_task_free,0.31142857670783997,1.0,
interior_none,101,d256_l4_interior_none_s101,lis_length,256,finetune,0.3619047619047619,,0.3657142857142857
interior_none,101,d256_l4_interior_none_s101,lis_length,256,finetune_shared,0.3419047619047619,,0.34476190476190477
interior_none,101,d256_l4_interior_none_s101,longest_increasing_run,64,linear_task_free,0.41904762387275696,1.0,
interior_none,101,d256_l4_interior_none_s101,longest_increasing_run,64,linear_query,0.3980952203273773,1.0,
interior_none,101,d256_l4_interior_none_s101,longest_increasing_run,64,mlp_task_free,0.43904760479927063,1.0,
interior_none,101,d256_l4_interior_none_s101,longest_increasing_run,64,finetune,0.4114285714285714,,0.41904761904761906
interior_none,101,d256_l4_interior_none_s101,longest_increasing_run,64,finetune_shared,0.4,,0.4276190476190476
interior_none,101,d256_l4_interior_none_s101,longest_increasing_run,256,linear_task_free,0.49095237255096436,0.890625,
interior_none,101,d256_l4_interior_none_s101,longest_increasing_run,256,linear_query,0.4714285731315613,0.94921875,
interior_none,101,d256_l4_interior_none_s101,longest_increasing_run,256,mlp_task_free,0.5052381157875061,1.0,
interior_none,101,d256_l4_interior_none_s101,longest_increasing_run,256,finetune,0.559047619047619,,0.5495238095238095
interior_none,101,d256_l4_interior_none_s101,longest_increasing_run,256,finetune_shared,0.5385714285714286,,0.520952380952381
interior_none,17,d256_l4_interior_none_s17,descents,64,linear_task_free,0.19952380657196045,1.0,
interior_none,17,d256_l4_interior_none_s17,descents,64,linear_query,0.21809524297714233,1.0,
interior_none,17,d256_l4_interior_none_s17,descents,64,mlp_task_free,0.19904761016368866,1.0,
interior_none,17,d256_l4_interior_none_s17,descents,64,finetune,0.2280952380952381,,0.24761904761904763
interior_none,17,d256_l4_interior_none_s17,descents,64,finetune_shared,0.23904761904761904,,0.2361904761904762
interior_none,17,d256_l4_interior_none_s17,descents,256,linear_task_free,0.23428571224212646,0.9921875,
interior_none,17,d256_l4_interior_none_s17,descents,256,linear_query,0.2495238035917282,0.9921875,
interior_none,17,d256_l4_interior_none_s17,descents,256,mlp_task_free,0.22238095104694366,1.0,
interior_none,17,d256_l4_interior_none_s17,descents,256,finetune,0.29333333333333333,,0.2857142857142857
interior_none,17,d256_l4_interior_none_s17,descents,256,finetune_shared,0.3076190476190476,,0.2876190476190476
interior_none,17,d256_l4_interior_none_s17,recoils,64,linear_task_free,0.20523808896541595,1.0,
interior_none,17,d256_l4_interior_none_s17,recoils,64,linear_query,0.2204761952161789,1.0,
interior_none,17,d256_l4_interior_none_s17,recoils,64,mlp_task_free,0.21952380239963531,1.0,
interior_none,17,d256_l4_interior_none_s17,recoils,64,finetune,0.24761904761904763,,0.23523809523809525
interior_none,17,d256_l4_interior_none_s17,recoils,64,finetune_shared,0.2361904761904762,,0.19714285714285715
interior_none,17,d256_l4_interior_none_s17,recoils,256,linear_task_free,0.2261904776096344,0.97265625,
interior_none,17,d256_l4_interior_none_s17,recoils,256,linear_query,0.21904762089252472,0.9921875,
interior_none,17,d256_l4_interior_none_s17,recoils,256,mlp_task_free,0.21809524297714233,1.0,
interior_none,17,d256_l4_interior_none_s17,recoils,256,finetune,0.2480952380952381,,0.25047619047619046
interior_none,17,d256_l4_interior_none_s17,recoils,256,finetune_shared,0.26904761904761904,,0.23333333333333334
interior_none,17,d256_l4_interior_none_s17,lis_length,64,linear_task_free,0.2985714375972748,1.0,
interior_none,17,d256_l4_interior_none_s17,lis_length,64,linear_query,0.2857142686843872,1.0,
interior_none,17,d256_l4_interior_none_s17,lis_length,64,mlp_task_free,0.29523807764053345,1.0,
interior_none,17,d256_l4_interior_none_s17,lis_length,64,finetune,0.3442857142857143,,0.3657142857142857
interior_none,17,d256_l4_interior_none_s17,lis_length,64,finetune_shared,0.29428571428571426,,0.32476190476190475
interior_none,17,d256_l4_interior_none_s17,lis_length,256,linear_task_free,0.35333332419395447,0.87109375,
interior_none,17,d256_l4_interior_none_s17,lis_length,256,linear_query,0.32904762029647827,0.90625,
interior_none,17,d256_l4_interior_none_s17,lis_length,256,mlp_task_free,0.3271428644657135,1.0,
interior_none,17,d256_l4_interior_none_s17,lis_length,256,finetune,0.3647619047619048,,0.39904761904761904
interior_none,17,d256_l4_interior_none_s17,lis_length,256,finetune_shared,0.3342857142857143,,0.38761904761904764
interior_none,17,d256_l4_interior_none_s17,longest_increasing_run,64,linear_task_free,0.3919047713279724,1.0,
interior_none,17,d256_l4_interior_none_s17,longest_increasing_run,64,linear_query,0.3942857086658478,1.0,
interior_none,17,d256_l4_interior_none_s17,longest_increasing_run,64,mlp_task_free,0.43761903047561646,1.0,
interior_none,17,d256_l4_interior_none_s17,longest_increasing_run,64,finetune,0.44333333333333336,,0.41904761904761906
interior_none,17,d256_l4_interior_none_s17,longest_increasing_run,64,finetune_shared,0.4380952380952381,,0.43238095238095237
interior_none,17,d256_l4_interior_none_s17,longest_increasing_run,256,linear_task_free,0.4466666579246521,0.86328125,
interior_none,17,d256_l4_interior_none_s17,longest_increasing_run,256,linear_query,0.47999998927116394,0.9296875,
interior_none,17,d256_l4_interior_none_s17,longest_increasing_run,256,mlp_task_free,0.46857142448425293,1.0,
interior_none,17,d256_l4_interior_none_s17,longest_increasing_run,256,finetune,0.4342857142857143,,0.43047619047619046
interior_none,17,d256_l4_interior_none_s17,longest_increasing_run,256,finetune_shared,0.42952380952380953,,0.4342857142857143
interior_none,42,d256_l4_interior_none_s42,descents,64,linear_task_free,0.18238094449043274,1.0,
interior_none,42,d256_l4_interior_none_s42,descents,64,linear_query,0.18761904537677765,1.0,
interior_none,42,d256_l4_interior_none_s42,descents,64,mlp_task_free,0.18047618865966797,1.0,
interior_none,42,d256_l4_interior_none_s42,descents,64,finetune,0.23714285714285716,,0.22095238095238096
interior_none,42,d256_l4_interior_none_s42,descents,64,finetune_shared,0.21428571428571427,,0.22
interior_none,42,d256_l4_interior_none_s42,descents,256,linear_task_free,0.21761904656887054,0.95703125,
interior_none,42,d256_l4_interior_none_s42,descents,256,linear_query,0.21190476417541504,0.97265625,
interior_none,42,d256_l4_interior_none_s42,descents,256,mlp_task_free,0.22857142984867096,1.0,
interior_none,42,d256_l4_interior_none_s42,descents,256,finetune,0.26571428571428574,,0.27714285714285714
interior_none,42,d256_l4_interior_none_s42,descents,256,finetune_shared,0.2733333333333333,,0.27714285714285714
interior_none,42,d256_l4_interior_none_s42,recoils,64,linear_task_free,0.16523809731006622,1.0,
interior_none,42,d256_l4_interior_none_s42,recoils,64,linear_query,0.18952380120754242,1.0,
interior_none,42,d256_l4_interior_none_s42,recoils,64,mlp_task_free,0.1661904752254486,1.0,
interior_none,42,d256_l4_interior_none_s42,recoils,64,finetune,0.2542857142857143,,0.22380952380952382
interior_none,42,d256_l4_interior_none_s42,recoils,64,finetune_shared,0.21857142857142858,,0.2123809523809524
interior_none,42,d256_l4_interior_none_s42,recoils,256,linear_task_free,0.21904762089252472,0.96875,
interior_none,42,d256_l4_interior_none_s42,recoils,256,linear_query,0.21142856776714325,0.97265625,
interior_none,42,d256_l4_interior_none_s42,recoils,256,mlp_task_free,0.2080952376127243,1.0,
interior_none,42,d256_l4_interior_none_s42,recoils,256,finetune,0.26857142857142857,,0.2580952380952381
interior_none,42,d256_l4_interior_none_s42,recoils,256,finetune_shared,0.24428571428571427,,0.24761904761904763
interior_none,42,d256_l4_interior_none_s42,lis_length,64,linear_task_free,0.25952380895614624,1.0,
interior_none,42,d256_l4_interior_none_s42,lis_length,64,linear_query,0.2666666507720947,1.0,
interior_none,42,d256_l4_interior_none_s42,lis_length,64,mlp_task_free,0.2747619152069092,1.0,
interior_none,42,d256_l4_interior_none_s42,lis_length,64,finetune,0.31666666666666665,,0.3647619047619048
interior_none,42,d256_l4_interior_none_s42,lis_length,64,finetune_shared,0.30047619047619045,,0.32476190476190475
interior_none,42,d256_l4_interior_none_s42,lis_length,256,linear_task_free,0.3171428442001343,0.87109375,
interior_none,42,d256_l4_interior_none_s42,lis_length,256,linear_query,0.3100000023841858,0.89453125,
interior_none,42,d256_l4_interior_none_s42,lis_length,256,mlp_task_free,0.3104761838912964,1.0,
interior_none,42,d256_l4_interior_none_s42,lis_length,256,finetune,0.36666666666666664,,0.38571428571428573
interior_none,42,d256_l4_interior_none_s42,lis_length,256,finetune_shared,0.35095238095238096,,0.37333333333333335
interior_none,42,d256_l4_interior_none_s42,longest_increasing_run,64,linear_task_free,0.3742856979370117,1.0,
interior_none,42,d256_l4_interior_none_s42,longest_increasing_run,64,linear_query,0.33047619462013245,1.0,
interior_none,42,d256_l4_interior_none_s42,longest_increasing_run,64,mlp_task_free,0.41380950808525085,1.0,
interior_none,42,d256_l4_interior_none_s42,longest_increasing_run,64,finetune,0.3976190476190476,,0.4114285714285714
interior_none,42,d256_l4_interior_none_s42,longest_increasing_run,64,finetune_shared,0.37857142857142856,,0.3923809523809524
interior_none,42,d256_l4_interior_none_s42,longest_increasing_run,256,linear_task_free,0.3985714316368103,0.76953125,
interior_none,42,d256_l4_interior_none_s42,longest_increasing_run,256,linear_query,0.36571428179740906,0.88671875,
interior_none,42,d256_l4_interior_none_s42,longest_increasing_run,256,mlp_task_free,0.3919047713279724,1.0,
interior_none,42,d256_l4_interior_none_s42,longest_increasing_run,256,finetune,0.4357142857142857,,0.44095238095238093
interior_none,42,d256_l4_interior_none_s42,longest_increasing_run,256,finetune_shared,0.3985714285714286,,0.42
position_four,101,d256_l4_position_four_s101,descents,64,linear_task_free,0.1604761928319931,1.0,
position_four,101,d256_l4_position_four_s101,descents,64,linear_query,0.1733333319425583,1.0,
position_four,101,d256_l4_position_four_s101,descents,64,mlp_task_free,0.17999999225139618,1.0,
position_four,101,d256_l4_position_four_s101,descents,64,finetune,0.21095238095238095,,0.2057142857142857
position_four,101,d256_l4_position_four_s101,descents,64,finetune_shared,0.1957142857142857,,0.1980952380952381
position_four,101,d256_l4_position_four_s101,descents,256,linear_task_free,0.1909523755311966,1.0,
position_four,101,d256_l4_position_four_s101,descents,256,linear_query,0.2080952376127243,0.8203125,
position_four,101,d256_l4_position_four_s101,descents,256,mlp_task_free,0.19285714626312256,1.0,
position_four,101,d256_l4_position_four_s101,descents,256,finetune,0.22857142857142856,,0.21904761904761905
position_four,101,d256_l4_position_four_s101,descents,256,finetune_shared,0.2180952380952381,,0.23142857142857143
position_four,101,d256_l4_position_four_s101,recoils,64,linear_task_free,0.21285714209079742,1.0,
position_four,101,d256_l4_position_four_s101,recoils,64,linear_query,0.1961904764175415,1.0,
position_four,101,d256_l4_position_four_s101,recoils,64,mlp_task_free,0.2023809552192688,1.0,
position_four,101,d256_l4_position_four_s101,recoils,64,finetune,0.22428571428571428,,0.2123809523809524
position_four,101,d256_l4_position_four_s101,recoils,64,finetune_shared,0.21571428571428572,,0.20285714285714285
position_four,101,d256_l4_position_four_s101,recoils,256,linear_task_free,0.19857142865657806,0.984375,
position_four,101,d256_l4_position_four_s101,recoils,256,linear_query,0.21666666865348816,0.8125,
position_four,101,d256_l4_position_four_s101,recoils,256,mlp_task_free,0.2199999988079071,1.0,
position_four,101,d256_l4_position_four_s101,recoils,256,finetune,0.24952380952380954,,0.2438095238095238
position_four,101,d256_l4_position_four_s101,recoils,256,finetune_shared,0.23285714285714285,,0.21904761904761905
position_four,101,d256_l4_position_four_s101,lis_length,64,linear_task_free,0.2447618991136551,1.0,
position_four,101,d256_l4_position_four_s101,lis_length,64,linear_query,0.27619045972824097,0.984375,
position_four,101,d256_l4_position_four_s101,lis_length,64,mlp_task_free,0.2609523832798004,1.0,
position_four,101,d256_l4_position_four_s101,lis_length,64,finetune,0.30142857142857143,,0.33904761904761904
position_four,101,d256_l4_position_four_s101,lis_length,64,finetune_shared,0.2733333333333333,,0.26857142857142857
position_four,101,d256_l4_position_four_s101,lis_length,256,linear_task_free,0.30095237493515015,0.98046875,
position_four,101,d256_l4_position_four_s101,lis_length,256,linear_query,0.3085714280605316,0.71875,
position_four,101,d256_l4_position_four_s101,lis_length,256,mlp_task_free,0.2976190447807312,1.0,
position_four,101,d256_l4_position_four_s101,lis_length,256,finetune,0.32095238095238093,,0.32857142857142857
position_four,101,d256_l4_position_four_s101,lis_length,256,finetune_shared,0.3333333333333333,,0.3438095238095238
position_four,101,d256_l4_position_four_s101,longest_increasing_run,64,linear_task_free,0.35476189851760864,1.0,
position_four,101,d256_l4_position_four_s101,longest_increasing_run,64,linear_query,0.3514285683631897,0.875,
position_four,101,d256_l4_position_four_s101,longest_increasing_run,64,mlp_task_free,0.3709523677825928,1.0,
position_four,101,d256_l4_position_four_s101,longest_increasing_run,64,finetune,0.3871428571428571,,0.38
position_four,101,d256_l4_position_four_s101,longest_increasing_run,64,finetune_shared,0.3738095238095238,,0.38476190476190475
position_four,101,d256_l4_position_four_s101,longest_increasing_run,256,linear_task_free,0.36619046330451965,0.9296875,
position_four,101,d256_l4_position_four_s101,longest_increasing_run,256,linear_query,0.38380950689315796,0.6484375,
position_four,101,d256_l4_position_four_s101,longest_increasing_run,256,mlp_task_free,0.4061904847621918,1.0,
position_four,101,d256_l4_position_four_s101,longest_increasing_run,256,finetune,0.42714285714285716,,0.41904761904761906
position_four,101,d256_l4_position_four_s101,longest_increasing_run,256,finetune_shared,0.42714285714285716,,0.4342857142857143
position_four,17,d256_l4_position_four_s17,descents,64,linear_task_free,0.1666666716337204,1.0,
position_four,17,d256_l4_position_four_s17,descents,64,linear_query,0.20142856240272522,1.0,
position_four,17,d256_l4_position_four_s17,descents,64,mlp_task_free,0.190476194024086,1.0,
position_four,17,d256_l4_position_four_s17,descents,64,finetune,0.21666666666666667,,0.2438095238095238
position_four,17,d256_l4_position_four_s17,descents,64,finetune_shared,0.1880952380952381,,0.20476190476190476
position_four,17,d256_l4_position_four_s17,descents,256,linear_task_free,0.20523808896541595,0.99609375,
position_four,17,d256_l4_position_four_s17,descents,256,linear_query,0.22476190328598022,0.8125,
position_four,17,d256_l4_position_four_s17,descents,256,mlp_task_free,0.23095238208770752,1.0,
position_four,17,d256_l4_position_four_s17,descents,256,finetune,0.25142857142857145,,0.2714285714285714
position_four,17,d256_l4_position_four_s17,descents,256,finetune_shared,0.2509523809523809,,0.2523809523809524
position_four,17,d256_l4_position_four_s17,recoils,64,linear_task_free,0.1899999976158142,1.0,
position_four,17,d256_l4_position_four_s17,recoils,64,linear_query,0.19571428000926971,1.0,
position_four,17,d256_l4_position_four_s17,recoils,64,mlp_task_free,0.19904761016368866,1.0,
position_four,17,d256_l4_position_four_s17,recoils,64,finetune,0.23,,0.23523809523809525
position_four,17,d256_l4_position_four_s17,recoils,64,finetune_shared,0.22380952380952382,,0.22
position_four,17,d256_l4_position_four_s17,recoils,256,linear_task_free,0.2147618979215622,0.99609375,
position_four,17,d256_l4_position_four_s17,recoils,256,linear_query,0.21761904656887054,0.79296875,
position_four,17,d256_l4_position_four_s17,recoils,256,mlp_task_free,0.22333332896232605,1.0,
position_four,17,d256_l4_position_four_s17,recoils,256,finetune,0.24428571428571427,,0.2342857142857143
position_four,17,d256_l4_position_four_s17,recoils,256,finetune_shared,0.23952380952380953,,0.22952380952380952
position_four,17,d256_l4_position_four_s17,lis_length,64,linear_task_free,0.23904761672019958,1.0,
position_four,17,d256_l4_position_four_s17,lis_length,64,linear_query,0.25999999046325684,1.0,
position_four,17,d256_l4_position_four_s17,lis_length,64,mlp_task_free,0.24523809552192688,1.0,
position_four,17,d256_l4_position_four_s17,lis_length,64,finetune,0.28476190476190477,,0.26285714285714284
position_four,17,d256_l4_position_four_s17,lis_length,64,finetune_shared,0.27714285714285714,,0.28
position_four,17,d256_l4_position_four_s17,lis_length,256,linear_task_free,0.3166666626930237,0.97265625,
position_four,17,d256_l4_position_four_s17,lis_length,256,linear_query,0.2914285659790039,0.7265625,
position_four,17,d256_l4_position_four_s17,lis_length,256,mlp_task_free,0.29571428894996643,1.0,
position_four,17,d256_l4_position_four_s17,lis_length,256,finetune,0.34476190476190477,,0.35619047619047617
position_four,17,d256_l4_position_four_s17,lis_length,256,finetune_shared,0.30238095238095236,,0.3171428571428571
position_four,17,d256_l4_position_four_s17,longest_increasing_run,64,linear_task_free,0.3333333432674408,1.0,
position_four,17,d256_l4_position_four_s17,longest_increasing_run,64,linear_query,0.3400000035762787,0.921875,
position_four,17,d256_l4_position_four_s17,longest_increasing_run,64,mlp_task_free,0.33761903643608093,1.0,
position_four,17,d256_l4_position_four_s17,longest_increasing_run,64,finetune,0.4080952380952381,,0.4095238095238095
position_four,17,d256_l4_position_four_s17,longest_increasing_run,64,finetune_shared,0.3385714285714286,,0.3314285714285714
position_four,17,d256_l4_position_four_s17,longest_increasing_run,256,linear_task_free,0.380952388048172,0.859375,
position_four,17,d256_l4_position_four_s17,longest_increasing_run,256,linear_query,0.369047611951828,0.65234375,
position_four,17,d256_l4_position_four_s17,longest_increasing_run,256,mlp_task_free,0.380476176738739,1.0,
position_four,17,d256_l4_position_four_s17,longest_increasing_run,256,finetune,0.43761904761904763,,0.4438095238095238
position_four,17,d256_l4_position_four_s17,longest_increasing_run,256,finetune_shared,0.4261904761904762,,0.43523809523809526
position_four,42,d256_l4_position_four_s42,descents,64,linear_task_free,0.15238094329833984,1.0,
position_four,42,d256_l4_position_four_s42,descents,64,linear_query,0.18285714089870453,1.0,
position_four,42,d256_l4_position_four_s42,descents,64,mlp_task_free,0.16761904954910278,1.0,
position_four,42,d256_l4_position_four_s42,descents,64,finetune,0.19523809523809524,,0.20952380952380953
position_four,42,d256_l4_position_four_s42,descents,64,finetune_shared,0.19523809523809524,,0.2
position_four,42,d256_l4_position_four_s42,descents,256,linear_task_free,0.19523809850215912,0.9453125,
position_four,42,d256_l4_position_four_s42,descents,256,linear_query,0.23523809015750885,0.77734375,
position_four,42,d256_l4_position_four_s42,descents,256,mlp_task_free,0.18952380120754242,1.0,
position_four,42,d256_l4_position_four_s42,descents,256,finetune,0.22285714285714286,,0.24095238095238095
position_four,42,d256_l4_position_four_s42,descents,256,finetune_shared,0.23285714285714285,,0.22857142857142856
position_four,42,d256_l4_position_four_s42,recoils,64,linear_task_free,0.18809524178504944,1.0,
position_four,42,d256_l4_position_four_s42,recoils,64,linear_query,0.17761904001235962,1.0,
position_four,42,d256_l4_position_four_s42,recoils,64,mlp_task_free,0.17952381074428558,1.0,
position_four,42,d256_l4_position_four_s42,recoils,64,finetune,0.2423809523809524,,0.22952380952380952
position_four,42,d256_l4_position_four_s42,recoils,64,finetune_shared,0.22333333333333333,,0.1980952380952381
position_four,42,d256_l4_position_four_s42,recoils,256,linear_task_free,0.19857142865657806,0.94921875,
position_four,42,d256_l4_position_four_s42,recoils,256,linear_query,0.2257142812013626,0.75,
position_four,42,d256_l4_position_four_s42,recoils,256,mlp_task_free,0.1961904764175415,1.0,
position_four,42,d256_l4_position_four_s42,recoils,256,finetune,0.26571428571428574,,0.20761904761904762
position_four,42,d256_l4_position_four_s42,recoils,256,finetune_shared,0.24952380952380954,,0.2276190476190476
position_four,42,d256_l4_position_four_s42,lis_length,64,linear_task_free,0.2380952388048172,1.0,
position_four,42,d256_l4_position_four_s42,lis_length,64,linear_query,0.22761905193328857,0.984375,
position_four,42,d256_l4_position_four_s42,lis_length,64,mlp_task_free,0.23714286088943481,1.0,
position_four,42,d256_l4_position_four_s42,lis_length,64,finetune,0.2652380952380952,,0.2838095238095238
position_four,42,d256_l4_position_four_s42,lis_length,64,finetune_shared,0.2519047619047619,,0.2780952380952381
position_four,42,d256_l4_position_four_s42,lis_length,256,linear_task_free,0.28190475702285767,0.8984375,
position_four,42,d256_l4_position_four_s42,lis_length,256,linear_query,0.2852380871772766,0.73046875,
position_four,42,d256_l4_position_four_s42,lis_length,256,mlp_task_free,0.2785714268684387,1.0,
position_four,42,d256_l4_position_four_s42,lis_length,256,finetune,0.32476190476190475,,0.31523809523809526
position_four,42,d256_l4_position_four_s42,lis_length,256,finetune_shared,0.30666666666666664,,0.3380952380952381
position_four,42,d256_l4_position_four_s42,longest_increasing_run,64,linear_task_free,0.3499999940395355,1.0,
position_four,42,d256_l4_position_four_s42,longest_increasing_run,64,linear_query,0.30761903524398804,0.890625,
position_four,42,d256_l4_position_four_s42,longest_increasing_run,64,mlp_task_free,0.36714285612106323,1.0,
position_four,42,d256_l4_position_four_s42,longest_increasing_run,64,finetune,0.37714285714285717,,0.4066666666666667
position_four,42,d256_l4_position_four_s42,longest_increasing_run,64,finetune_shared,0.36857142857142855,,0.3638095238095238
position_four,42,d256_l4_position_four_s42,longest_increasing_run,256,linear_task_free,0.3738095164299011,0.7890625,
position_four,42,d256_l4_position_four_s42,longest_increasing_run,256,linear_query,0.3452380895614624,0.6640625,
position_four,42,d256_l4_position_four_s42,longest_increasing_run,256,mlp_task_free,0.38952380418777466,1.0,
position_four,42,d256_l4_position_four_s42,longest_increasing_run,256,finetune,0.44571428571428573,,0.4685714285714286
position_four,42,d256_l4_position_four_s42,longest_increasing_run,256,finetune_shared,0.4452380952380952,,0.44476190476190475
position_none,101,d256_l4_position_none_s101,descents,64,linear_task_free,0.18285714089870453,1.0,
position_none,101,d256_l4_position_none_s101,descents,64,linear_query,0.18285714089870453,1.0,
position_none,101,d256_l4_position_none_s101,descents,64,mlp_task_free,0.17380952835083008,1.0,
position_none,101,d256_l4_position_none_s101,descents,64,finetune,0.2038095238095238,,0.19904761904761906
position_none,101,d256_l4_position_none_s101,descents,64,finetune_shared,0.17761904761904762,,0.2019047619047619
position_none,101,d256_l4_position_none_s101,descents,256,linear_task_free,0.21190476417541504,0.96484375,
position_none,101,d256_l4_position_none_s101,descents,256,linear_query,0.2323809564113617,0.703125,
position_none,101,d256_l4_position_none_s101,descents,256,mlp_task_free,0.22904761135578156,1.0,
position_none,101,d256_l4_position_none_s101,descents,256,finetune,0.24333333333333335,,0.26476190476190475
position_none,101,d256_l4_position_none_s101,descents,256,finetune_shared,0.25761904761904764,,0.23904761904761904
position_none,101,d256_l4_position_none_s101,recoils,64,linear_task_free,0.18238094449043274,1.0,
position_none,101,d256_l4_position_none_s101,recoils,64,linear_query,0.2090476155281067,1.0,
position_none,101,d256_l4_position_none_s101,recoils,64,mlp_task_free,0.18619047105312347,1.0,
position_none,101,d256_l4_position_none_s101,recoils,64,finetune,0.22380952380952382,,0.23333333333333334
position_none,101,d256_l4_position_none_s101,recoils,64,finetune_shared,0.2119047619047619,,0.2276190476190476
position_none,101,d256_l4_position_none_s101,recoils,256,linear_task_free,0.21238094568252563,0.95703125,
position_none,101,d256_l4_position_none_s101,recoils,256,linear_query,0.21714285016059875,0.70703125,
position_none,101,d256_l4_position_none_s101,recoils,256,mlp_task_free,0.1971428543329239,1.0,
position_none,101,d256_l4_position_none_s101,recoils,256,finetune,0.2419047619047619,,0.22952380952380952
position_none,101,d256_l4_position_none_s101,recoils,256,finetune_shared,0.25142857142857145,,0.23904761904761904
position_none,101,d256_l4_position_none_s101,lis_length,64,linear_task_free,0.2380952388048172,1.0,
position_none,101,d256_l4_position_none_s101,lis_length,64,linear_query,0.284761905670166,0.9375,
position_none,101,d256_l4_position_none_s101,lis_length,64,mlp_task_free,0.24761904776096344,1.0,
position_none,101,d256_l4_position_none_s101,lis_length,64,finetune,0.2833333333333333,,0.3019047619047619
position_none,101,d256_l4_position_none_s101,lis_length,64,finetune_shared,0.27666666666666667,,0.30666666666666664
position_none,101,d256_l4_position_none_s101,lis_length,256,linear_task_free,0.27047619223594666,0.859375,
position_none,101,d256_l4_position_none_s101,lis_length,256,linear_query,0.3090476095676422,0.6171875,
position_none,101,d256_l4_position_none_s101,lis_length,256,mlp_task_free,0.2790476083755493,1.0,
position_none,101,d256_l4_position_none_s101,lis_length,256,finetune,0.3442857142857143,,0.3476190476190476
position_none,101,d256_l4_position_none_s101,lis_length,256,finetune_shared,0.35095238095238096,,0.3466666666666667
position_none,101,d256_l4_position_none_s101,longest_increasing_run,64,linear_task_free,0.3466666638851166,1.0,
position_none,101,d256_l4_position_none_s101,longest_increasing_run,64,linear_query,0.415714293718338,0.8125,
position_none,101,d256_l4_position_none_s101,longest_increasing_run,64,mlp_task_free,0.37761905789375305,1.0,
position_none,101,d256_l4_position_none_s101,longest_increasing_run,64,finetune,0.439047619047619,,0.439047619047619
position_none,101,d256_l4_position_none_s101,longest_increasing_run,64,finetune_shared,0.44952380952380955,,0.47619047619047616
position_none,101,d256_l4_position_none_s101,longest_increasing_run,256,linear_task_free,0.4290476143360138,0.7734375,
position_none,101,d256_l4_position_none_s101,longest_increasing_run,256,linear_query,0.43190476298332214,0.5546875,
position_none,101,d256_l4_position_none_s101,longest_increasing_run,256,mlp_task_free,0.4095238149166107,1.0,
position_none,101,d256_l4_position_none_s101,longest_increasing_run,256,finetune,0.4519047619047619,,0.4742857142857143
position_none,101,d256_l4_position_none_s101,longest_increasing_run,256,finetune_shared,0.5014285714285714,,0.5076190476190476
position_none,17,d256_l4_position_none_s17,descents,64,linear_task_free,0.1371428519487381,1.0,
position_none,17,d256_l4_position_none_s17,descents,64,linear_query,0.18047618865966797,1.0,
position_none,17,d256_l4_position_none_s17,descents,64,mlp_task_free,0.1361904740333557,1.0,
position_none,17,d256_l4_position_none_s17,descents,64,finetune,0.2,,0.19904761904761906
position_none,17,d256_l4_position_none_s17,descents,64,finetune_shared,0.17904761904761904,,0.17238095238095238
position_none,17,d256_l4_position_none_s17,descents,256,linear_task_free,0.18333333730697632,1.0,
position_none,17,d256_l4_position_none_s17,descents,256,linear_query,0.23523809015750885,0.87890625,
position_none,17,d256_l4_position_none_s17,descents,256,mlp_task_free,0.190476194024086,1.0,
position_none,17,d256_l4_position_none_s17,descents,256,finetune,0.2733333333333333,,0.2761904761904762
position_none,17,d256_l4_position_none_s17,descents,256,finetune_shared,0.24904761904761905,,0.2638095238095238
position_none,17,d256_l4_position_none_s17,recoils,64,linear_task_free,0.14142857491970062,1.0,
position_none,17,d256_l4_position_none_s17,recoils,64,linear_query,0.1847618967294693,1.0,
position_none,17,d256_l4_position_none_s17,recoils,64,mlp_task_free,0.12952381372451782,1.0,
position_none,17,d256_l4_position_none_s17,recoils,64,finetune,0.20095238095238097,,0.20952380952380953
position_none,17,d256_l4_position_none_s17,recoils,64,finetune_shared,0.17476190476190476,,0.16857142857142857
position_none,17,d256_l4_position_none_s17,recoils,256,linear_task_free,0.17142857611179352,1.0,
position_none,17,d256_l4_position_none_s17,recoils,256,linear_query,0.19285714626312256,0.859375,
position_none,17,d256_l4_position_none_s17,recoils,256,mlp_task_free,0.17095237970352173,1.0,
position_none,17,d256_l4_position_none_s17,recoils,256,finetune,0.24619047619047618,,0.24095238095238095
position_none,17,d256_l4_position_none_s17,recoils,256,finetune_shared,0.2357142857142857,,0.23333333333333334
position_none,17,d256_l4_position_none_s17,lis_length,64,linear_task_free,0.2380952388048172,1.0,
position_none,17,d256_l4_position_none_s17,lis_length,64,linear_query,0.2604762017726898,1.0,
position_none,17,d256_l4_position_none_s17,lis_length,64,mlp_task_free,0.25,1.0,
position_none,17,d256_l4_position_none_s17,lis_length,64,finetune,0.29619047619047617,,0.2866666666666667
position_none,17,d256_l4_position_none_s17,lis_length,64,finetune_shared,0.2557142857142857,,0.28285714285714286
position_none,17,d256_l4_position_none_s17,lis_length,256,linear_task_free,0.26428571343421936,0.9921875,
position_none,17,d256_l4_position_none_s17,lis_length,256,linear_query,0.3047618865966797,0.71875,
position_none,17,d256_l4_position_none_s17,lis_length,256,mlp_task_free,0.26428571343421936,1.0,
position_none,17,d256_l4_position_none_s17,lis_length,256,finetune,0.3380952380952381,,0.36095238095238097
position_none,17,d256_l4_position_none_s17,lis_length,256,finetune_shared,0.3457142857142857,,0.3438095238095238
position_none,17,d256_l4_position_none_s17,longest_increasing_run,64,linear_task_free,0.3509523868560791,1.0,
position_none,17,d256_l4_position_none_s17,longest_increasing_run,64,linear_query,0.40904760360717773,0.96875,
position_none,17,d256_l4_position_none_s17,longest_increasing_run,64,mlp_task_free,0.37285715341567993,1.0,
position_none,17,d256_l4_position_none_s17,longest_increasing_run,64,finetune,0.47904761904761906,,0.4714285714285714
position_none,17,d256_l4_position_none_s17,longest_increasing_run,64,finetune_shared,0.48095238095238096,,0.4866666666666667
position_none,17,d256_l4_position_none_s17,longest_increasing_run,256,linear_task_free,0.3928571343421936,0.90234375,
position_none,17,d256_l4_position_none_s17,longest_increasing_run,256,linear_query,0.4266666769981384,0.734375,
position_none,17,d256_l4_position_none_s17,longest_increasing_run,256,mlp_task_free,0.4280952215194702,1.0,
position_none,17,d256_l4_position_none_s17,longest_increasing_run,256,finetune,0.4938095238095238,,0.49333333333333335
position_none,17,d256_l4_position_none_s17,longest_increasing_run,256,finetune_shared,0.5161904761904762,,0.5076190476190476
position_none,42,d256_l4_position_none_s42,descents,64,linear_task_free,0.1609523743391037,1.0,
position_none,42,d256_l4_position_none_s42,descents,64,linear_query,0.17666666209697723,1.0,
position_none,42,d256_l4_position_none_s42,descents,64,mlp_task_free,0.17428570985794067,1.0,
position_none,42,d256_l4_position_none_s42,descents,64,finetune,0.1676190476190476,,0.19333333333333333
position_none,42,d256_l4_position_none_s42,descents,64,finetune_shared,0.20095238095238097,,0.20857142857142857
position_none,42,d256_l4_position_none_s42,descents,256,linear_task_free,0.21619047224521637,0.9609375,
position_none,42,d256_l4_position_none_s42,descents,256,linear_query,0.23142856359481812,0.73828125,
position_none,42,d256_l4_position_none_s42,descents,256,mlp_task_free,0.22809523344039917,1.0,
position_none,42,d256_l4_position_none_s42,descents,256,finetune,0.24285714285714285,,0.2904761904761905
position_none,42,d256_l4_position_none_s42,descents,256,finetune_shared,0.2619047619047619,,0.24476190476190476
position_none,42,d256_l4_position_none_s42,recoils,64,linear_task_free,0.18857142329216003,1.0,
position_none,42,d256_l4_position_none_s42,recoils,64,linear_query,0.2023809552192688,1.0,
position_none,42,d256_l4_position_none_s42,recoils,64,mlp_task_free,0.1966666579246521,1.0,
position_none,42,d256_l4_position_none_s42,recoils,64,finetune,0.17809523809523808,,0.1980952380952381
position_none,42,d256_l4_position_none_s42,recoils,64,finetune_shared,0.19428571428571428,,0.19428571428571428
position_none,42,d256_l4_position_none_s42,recoils,256,linear_task_free,0.21809524297714233,0.98828125,
position_none,42,d256_l4_position_none_s42,recoils,256,linear_query,0.23428571224212646,0.72265625,
position_none,42,d256_l4_position_none_s42,recoils,256,mlp_task_free,0.22714285552501678,1.0,
position_none,42,d256_l4_position_none_s42,recoils,256,finetune,0.26476190476190475,,0.24095238095238095
position_none,42,d256_l4_position_none_s42,recoils,256,finetune_shared,0.25523809523809526,,0.2523809523809524
position_none,42,d256_l4_position_none_s42,lis_length,64,linear_task_free,0.25904762744903564,1.0,
position_none,42,d256_l4_position_none_s42,lis_length,64,linear_query,0.28380951285362244,0.984375,
position_none,42,d256_l4_position_none_s42,lis_length,64,mlp_task_free,0.24666666984558105,1.0,
position_none,42,d256_l4_position_none_s42,lis_length,64,finetune,0.2761904761904762,,0.2761904761904762
position_none,42,d256_l4_position_none_s42,lis_length,64,finetune_shared,0.28809523809523807,,0.29714285714285715
position_none,42,d256_l4_position_none_s42,lis_length,256,linear_task_free,0.3104761838912964,0.859375,
position_none,42,d256_l4_position_none_s42,lis_length,256,linear_query,0.31904762983322144,0.63671875,
position_none,42,d256_l4_position_none_s42,lis_length,256,mlp_task_free,0.30523809790611267,1.0,
position_none,42,d256_l4_position_none_s42,lis_length,256,finetune,0.34809523809523807,,0.35904761904761906
position_none,42,d256_l4_position_none_s42,lis_length,256,finetune_shared,0.3461904761904762,,0.3580952380952381
position_none,42,d256_l4_position_none_s42,longest_increasing_run,64,linear_task_free,0.3733333349227905,1.0,
position_none,42,d256_l4_position_none_s42,longest_increasing_run,64,linear_query,0.35285714268684387,0.90625,
position_none,42,d256_l4_position_none_s42,longest_increasing_run,64,mlp_task_free,0.39047619700431824,1.0,
position_none,42,d256_l4_position_none_s42,longest_increasing_run,64,finetune,0.4104761904761905,,0.4142857142857143
position_none,42,d256_l4_position_none_s42,longest_increasing_run,64,finetune_shared,0.4523809523809524,,0.4714285714285714
position_none,42,d256_l4_position_none_s42,longest_increasing_run,256,linear_task_free,0.4300000071525574,0.77734375,
position_none,42,d256_l4_position_none_s42,longest_increasing_run,256,linear_query,0.36142855882644653,0.62109375,
position_none,42,d256_l4_position_none_s42,longest_increasing_run,256,mlp_task_free,0.4228571355342865,1.0,
position_none,42,d256_l4_position_none_s42,longest_increasing_run,256,finetune,0.44857142857142857,,0.44857142857142857
position_none,42,d256_l4_position_none_s42,longest_increasing_run,256,finetune_shared,0.4857142857142857,,0.49523809523809526
position_three,101,d256_l4_position_three_s101,descents,64,linear_task_free,0.19190475344657898,1.0,
position_three,101,d256_l4_position_three_s101,descents,64,linear_query,0.18285714089870453,1.0,
position_three,101,d256_l4_position_three_s101,descents,64,mlp_task_free,0.17714285850524902,1.0,
position_three,101,d256_l4_position_three_s101,descents,64,finetune,0.2042857142857143,,0.21619047619047618
position_three,101,d256_l4_position_three_s101,descents,64,finetune_shared,0.23761904761904762,,0.23142857142857143
position_three,101,d256_l4_position_three_s101,descents,256,linear_task_free,0.24285714328289032,0.98828125,
position_three,101,d256_l4_position_three_s101,descents,256,linear_query,0.22285714745521545,1.0,
position_three,101,d256_l4_position_three_s101,descents,256,mlp_task_free,0.24047619104385376,1.0,
position_three,101,d256_l4_position_three_s101,descents,256,finetune,0.22,,0.24
position_three,101,d256_l4_position_three_s101,descents,256,finetune_shared,0.23476190476190475,,0.2257142857142857
position_three,101,d256_l4_position_three_s101,recoils,64,linear_task_free,0.21571429073810577,1.0,
position_three,101,d256_l4_position_three_s101,recoils,64,linear_query,0.19571428000926971,1.0,
position_three,101,d256_l4_position_three_s101,recoils,64,mlp_task_free,0.21095237135887146,1.0,
position_three,101,d256_l4_position_three_s101,recoils,64,finetune,0.23904761904761904,,0.2438095238095238
position_three,101,d256_l4_position_three_s101,recoils,64,finetune_shared,0.2523809523809524,,0.23904761904761904
position_three,101,d256_l4_position_three_s101,recoils,256,linear_task_free,0.21571429073810577,0.9921875,
position_three,101,d256_l4_position_three_s101,recoils,256,linear_query,0.21761904656887054,1.0,
position_three,101,d256_l4_position_three_s101,recoils,256,mlp_task_free,0.2323809564113617,1.0,
position_three,101,d256_l4_position_three_s101,recoils,256,finetune,0.20666666666666667,,0.20952380952380953
position_three,101,d256_l4_position_three_s101,recoils,256,finetune_shared,0.24904761904761905,,0.2342857142857143
position_three,101,d256_l4_position_three_s101,lis_length,64,linear_task_free,0.28333333134651184,1.0,
position_three,101,d256_l4_position_three_s101,lis_length,64,linear_query,0.25857141613960266,1.0,
position_three,101,d256_l4_position_three_s101,lis_length,64,mlp_task_free,0.27761903405189514,1.0,
position_three,101,d256_l4_position_three_s101,lis_length,64,finetune,0.2895238095238095,,0.3019047619047619
position_three,101,d256_l4_position_three_s101,lis_length,64,finetune_shared,0.25523809523809526,,0.2695238095238095
position_three,101,d256_l4_position_three_s101,lis_length,256,linear_task_free,0.32428571581840515,0.94140625,
position_three,101,d256_l4_position_three_s101,lis_length,256,linear_query,0.29999998211860657,0.99609375,
position_three,101,d256_l4_position_three_s101,lis_length,256,mlp_task_free,0.30666667222976685,1.0,
position_three,101,d256_l4_position_three_s101,lis_length,256,finetune,0.2995238095238095,,0.2914285714285714
position_three,101,d256_l4_position_three_s101,lis_length,256,finetune_shared,0.31476190476190474,,0.33904761904761904
position_three,101,d256_l4_position_three_s101,longest_increasing_run,64,linear_task_free,0.3266666531562805,1.0,
position_three,101,d256_l4_position_three_s101,longest_increasing_run,64,linear_query,0.33666667342185974,1.0,
position_three,101,d256_l4_position_three_s101,longest_increasing_run,64,mlp_task_free,0.35952380299568176,1.0,
position_three,101,d256_l4_position_three_s101,longest_increasing_run,64,finetune,0.38857142857142857,,0.38285714285714284
position_three,101,d256_l4_position_three_s101,longest_increasing_run,64,finetune_shared,0.38761904761904764,,0.3819047619047619
position_three,101,d256_l4_position_three_s101,longest_increasing_run,256,linear_task_free,0.38380950689315796,0.8359375,
position_three,101,d256_l4_position_three_s101,longest_increasing_run,256,linear_query,0.3647618889808655,0.921875,
position_three,101,d256_l4_position_three_s101,longest_increasing_run,256,mlp_task_free,0.3752380907535553,1.0,
position_three,101,d256_l4_position_three_s101,longest_increasing_run,256,finetune,0.39380952380952383,,0.39714285714285713
position_three,101,d256_l4_position_three_s101,longest_increasing_run,256,finetune_shared,0.43952380952380954,,0.44952380952380955
position_three,17,d256_l4_position_three_s17,descents,64,linear_task_free,0.19428570568561554,1.0,
position_three,17,d256_l4_position_three_s17,descents,64,linear_query,0.17476190626621246,1.0,
position_three,17,d256_l4_position_three_s17,descents,64,mlp_task_free,0.18238094449043274,1.0,
position_three,17,d256_l4_position_three_s17,descents,64,finetune,0.19714285714285715,,0.21619047619047618
position_three,17,d256_l4_position_three_s17,descents,64,finetune_shared,0.2123809523809524,,0.2019047619047619
position_three,17,d256_l4_position_three_s17,descents,256,linear_task_free,0.22523809969425201,1.0,
position_three,17,d256_l4_position_three_s17,descents,256,linear_query,0.21904762089252472,1.0,
position_three,17,d256_l4_position_three_s17,descents,256,mlp_task_free,0.22380952537059784,1.0,
position_three,17,d256_l4_position_three_s17,descents,256,finetune,0.23,,0.24857142857142858
position_three,17,d256_l4_position_three_s17,descents,256,finetune_shared,0.25047619047619046,,0.24857142857142858
position_three,17,d256_l4_position_three_s17,recoils,64,linear_task_free,0.21666666865348816,1.0,
position_three,17,d256_l4_position_three_s17,recoils,64,linear_query,0.20952381193637848,1.0,
position_three,17,d256_l4_position_three_s17,recoils,64,mlp_task_free,0.23333333432674408,1.0,
position_three,17,d256_l4_position_three_s17,recoils,64,finetune,0.24761904761904763,,0.25142857142857145
position_three,17,d256_l4_position_three_s17,recoils,64,finetune_shared,0.22428571428571428,,0.2123809523809524
position_three,17,d256_l4_position_three_s17,recoils,256,linear_task_free,0.23095238208770752,1.0,
position_three,17,d256_l4_position_three_s17,recoils,256,linear_query,0.22476190328598022,1.0,
position_three,17,d256_l4_position_three_s17,recoils,256,mlp_task_free,0.22761905193328857,1.0,
position_three,17,d256_l4_position_three_s17,recoils,256,finetune,0.22047619047619046,,0.22
position_three,17,d256_l4_position_three_s17,recoils,256,finetune_shared,0.24571428571428572,,0.22
position_three,17,d256_l4_position_three_s17,lis_length,64,linear_task_free,0.28333333134651184,1.0,
position_three,17,d256_l4_position_three_s17,lis_length,64,linear_query,0.24619047343730927,1.0,
position_three,17,d256_l4_position_three_s17,lis_length,64,mlp_task_free,0.284761905670166,1.0,
position_three,17,d256_l4_position_three_s17,lis_length,64,finetune,0.2885714285714286,,0.3142857142857143
position_three,17,d256_l4_position_three_s17,lis_length,64,finetune_shared,0.2357142857142857,,0.24476190476190476
position_three,17,d256_l4_position_three_s17,lis_length,256,linear_task_free,0.3033333420753479,0.9765625,
position_three,17,d256_l4_position_three_s17,lis_length,256,linear_query,0.31285715103149414,1.0,
position_three,17,d256_l4_position_three_s17,lis_length,256,mlp_task_free,0.31142857670783997,1.0,
position_three,17,d256_l4_position_three_s17,lis_length,256,finetune,0.3157142857142857,,0.3466666666666667
position_three,17,d256_l4_position_three_s17,lis_length,256,finetune_shared,0.3157142857142857,,0.3380952380952381
position_three,17,d256_l4_position_three_s17,longest_increasing_run,64,linear_task_free,0.3700000047683716,1.0,
position_three,17,d256_l4_position_three_s17,longest_increasing_run,64,linear_query,0.346190482378006,1.0,
position_three,17,d256_l4_position_three_s17,longest_increasing_run,64,mlp_task_free,0.3733333349227905,1.0,
position_three,17,d256_l4_position_three_s17,longest_increasing_run,64,finetune,0.4,,0.4342857142857143
position_three,17,d256_l4_position_three_s17,longest_increasing_run,64,finetune_shared,0.33095238095238094,,0.3838095238095238
position_three,17,d256_l4_position_three_s17,longest_increasing_run,256,linear_task_free,0.3976190388202667,0.83984375,
position_three,17,d256_l4_position_three_s17,longest_increasing_run,256,linear_query,0.3695237934589386,0.9296875,
position_three,17,d256_l4_position_three_s17,longest_increasing_run,256,mlp_task_free,0.4042856991291046,1.0,
position_three,17,d256_l4_position_three_s17,longest_increasing_run,256,finetune,0.3980952380952381,,0.42
position_three,17,d256_l4_position_three_s17,longest_increasing_run,256,finetune_shared,0.38571428571428573,,0.3961904761904762
position_three,42,d256_l4_position_three_s42,descents,64,linear_task_free,0.18047618865966797,1.0,
position_three,42,d256_l4_position_three_s42,descents,64,linear_query,0.18095238506793976,1.0,
position_three,42,d256_l4_position_three_s42,descents,64,mlp_task_free,0.1785714328289032,1.0,
position_three,42,d256_l4_position_three_s42,descents,64,finetune,0.22714285714285715,,0.20666666666666667
position_three,42,d256_l4_position_three_s42,descents,64,finetune_shared,0.19428571428571428,,0.1761904761904762
position_three,42,d256_l4_position_three_s42,descents,256,linear_task_free,0.20000000298023224,1.0,
position_three,42,d256_l4_position_three_s42,descents,256,linear_query,0.20999999344348907,1.0,
position_three,42,d256_l4_position_three_s42,descents,256,mlp_task_free,0.2080952376127243,1.0,
position_three,42,d256_l4_position_three_s42,descents,256,finetune,0.21857142857142858,,0.23047619047619047
position_three,42,d256_l4_position_three_s42,descents,256,finetune_shared,0.21761904761904763,,0.23238095238095238
position_three,42,d256_l4_position_three_s42,recoils,64,linear_task_free,0.18952380120754242,1.0,
position_three,42,d256_l4_position_three_s42,recoils,64,linear_query,0.2085714191198349,1.0,
position_three,42,d256_l4_position_three_s42,recoils,64,mlp_task_free,0.1909523755311966,1.0,
position_three,42,d256_l4_position_three_s42,recoils,64,finetune,0.21904761904761905,,0.24571428571428572
position_three,42,d256_l4_position_three_s42,recoils,64,finetune_shared,0.22714285714285715,,0.2123809523809524
position_three,42,d256_l4_position_three_s42,recoils,256,linear_task_free,0.201904758810997,1.0,
position_three,42,d256_l4_position_three_s42,recoils,256,linear_query,0.2209523767232895,1.0,
position_three,42,d256_l4_position_three_s42,recoils,256,mlp_task_free,0.21190476417541504,1.0,
position_three,42,d256_l4_position_three_s42,recoils,256,finetune,0.21523809523809523,,0.2276190476190476
position_three,42,d256_l4_position_three_s42,recoils,256,finetune_shared,0.2438095238095238,,0.22476190476190477
position_three,42,d256_l4_position_three_s42,lis_length,64,linear_task_free,0.2723809480667114,1.0,
position_three,42,d256_l4_position_three_s42,lis_length,64,linear_query,0.2795238196849823,1.0,
position_three,42,d256_l4_position_three_s42,lis_length,64,mlp_task_free,0.29523807764053345,1.0,
position_three,42,d256_l4_position_three_s42,lis_length,64,finetune,0.2876190476190476,,0.32285714285714284
position_three,42,d256_l4_position_three_s42,lis_length,64,finetune_shared,0.2623809523809524,,0.26666666666666666
position_three,42,d256_l4_position_three_s42,lis_length,256,linear_task_free,0.3171428442001343,0.95703125,
position_three,42,d256_l4_position_three_s42,lis_length,256,linear_query,0.2933333218097687,0.9921875,
position_three,42,d256_l4_position_three_s42,lis_length,256,mlp_task_free,0.3090476095676422,1.0,
position_three,42,d256_l4_position_three_s42,lis_length,256,finetune,0.31238095238095237,,0.3352380952380952
position_three,42,d256_l4_position_three_s42,lis_length,256,finetune_shared,0.310952380952381,,0.32761904761904764
position_three,42,d256_l4_position_three_s42,longest_increasing_run,64,linear_task_free,0.34190475940704346,1.0,
position_three,42,d256_l4_position_three_s42,longest_increasing_run,64,linear_query,0.3571428656578064,1.0,
position_three,42,d256_l4_position_three_s42,longest_increasing_run,64,mlp_task_free,0.3619047701358795,1.0,
position_three,42,d256_l4_position_three_s42,longest_increasing_run,64,finetune,0.3842857142857143,,0.38761904761904764
position_three,42,d256_l4_position_three_s42,longest_increasing_run,64,finetune_shared,0.4004761904761905,,0.3742857142857143
position_three,42,d256_l4_position_three_s42,longest_increasing_run,256,linear_task_free,0.380952388048172,0.87109375,
position_three,42,d256_l4_position_three_s42,longest_increasing_run,256,linear_query,0.3819047510623932,0.921875,
position_three,42,d256_l4_position_three_s42,longest_increasing_run,256,mlp_task_free,0.39047619700431824,1.0,
position_three,42,d256_l4_position_three_s42,longest_increasing_run,256,finetune,0.3904761904761905,,0.40190476190476193
position_three,42,d256_l4_position_three_s42,longest_increasing_run,256,finetune_shared,0.40095238095238095,,0.4361904761904762
random,101,random_s101,descents,64,linear_task_free,0.21571429073810577,1.0,
random,101,random_s101,descents,64,linear_query,0.20428571105003357,1.0,
random,101,random_s101,descents,64,mlp_task_free,0.22190475463867188,1.0,
random,101,random_s101,descents,64,finetune,0.2219047619047619,,0.21523809523809523
random,101,random_s101,descents,64,finetune_shared,0.2219047619047619,,0.21523809523809523
random,101,random_s101,descents,256,linear_task_free,0.2376190423965454,0.9453125,
random,101,random_s101,descents,256,linear_query,0.23952381312847137,0.79296875,
random,101,random_s101,descents,256,mlp_task_free,0.23000000417232513,1.0,
random,101,random_s101,descents,256,finetune,0.24619047619047618,,0.25523809523809526
random,101,random_s101,descents,256,finetune_shared,0.24619047619047618,,0.25523809523809526
random,101,random_s101,recoils,64,linear_task_free,0.22428570687770844,1.0,
random,101,random_s101,recoils,64,linear_query,0.23095238208770752,1.0,
random,101,random_s101,recoils,64,mlp_task_free,0.22238095104694366,1.0,
random,101,random_s101,recoils,64,finetune,0.21714285714285714,,0.20952380952380953
random,101,random_s101,recoils,64,finetune_shared,0.21714285714285714,,0.20952380952380953
random,101,random_s101,recoils,256,linear_task_free,0.22285714745521545,0.9765625,
random,101,random_s101,recoils,256,linear_query,0.23428571224212646,0.7578125,
random,101,random_s101,recoils,256,mlp_task_free,0.22428570687770844,1.0,
random,101,random_s101,recoils,256,finetune,0.24666666666666667,,0.23714285714285716
random,101,random_s101,recoils,256,finetune_shared,0.24666666666666667,,0.23714285714285716
random,101,random_s101,lis_length,64,linear_task_free,0.2623809576034546,1.0,
random,101,random_s101,lis_length,64,linear_query,0.2676190435886383,1.0,
random,101,random_s101,lis_length,64,mlp_task_free,0.27047619223594666,1.0,
random,101,random_s101,lis_length,64,finetune,0.2619047619047619,,0.28095238095238095
random,101,random_s101,lis_length,64,finetune_shared,0.2619047619047619,,0.28095238095238095
random,101,random_s101,lis_length,256,linear_task_free,0.322857141494751,0.8984375,
random,101,random_s101,lis_length,256,linear_query,0.3161904811859131,0.734375,
random,101,random_s101,lis_length,256,mlp_task_free,0.31285715103149414,1.0,
random,101,random_s101,lis_length,256,finetune,0.3323809523809524,,0.36857142857142855
random,101,random_s101,lis_length,256,finetune_shared,0.3323809523809524,,0.36857142857142855
random,101,random_s101,longest_increasing_run,64,linear_task_free,0.3619047701358795,1.0,
random,101,random_s101,longest_increasing_run,64,linear_query,0.36095237731933594,0.984375,
random,101,random_s101,longest_increasing_run,64,mlp_task_free,0.3880952298641205,1.0,
random,101,random_s101,longest_increasing_run,64,finetune,0.3780952380952381,,0.3942857142857143
random,101,random_s101,longest_increasing_run,64,finetune_shared,0.3780952380952381,,0.3942857142857143
random,101,random_s101,longest_increasing_run,256,linear_task_free,0.40095236897468567,0.74609375,
random,101,random_s101,longest_increasing_run,256,linear_query,0.3990476131439209,0.62890625,
random,101,random_s101,longest_increasing_run,256,mlp_task_free,0.4109523892402649,1.0,
random,101,random_s101,longest_increasing_run,256,finetune,0.4219047619047619,,0.42
random,101,random_s101,longest_increasing_run,256,finetune_shared,0.4219047619047619,,0.42
random,17,random_s17,descents,64,linear_task_free,0.18857142329216003,1.0,
random,17,random_s17,descents,64,linear_query,0.20476190745830536,1.0,
random,17,random_s17,descents,64,mlp_task_free,0.20047618448734283,1.0,
random,17,random_s17,descents,64,finetune,0.2061904761904762,,0.21523809523809523
random,17,random_s17,descents,64,finetune_shared,0.2061904761904762,,0.21523809523809523
random,17,random_s17,descents,256,linear_task_free,0.2323809564113617,0.9609375,
random,17,random_s17,descents,256,linear_query,0.24238094687461853,0.78125,
random,17,random_s17,descents,256,mlp_task_free,0.23952381312847137,1.0,
random,17,random_s17,descents,256,finetune,0.259047619047619,,0.2714285714285714
random,17,random_s17,descents,256,finetune_shared,0.259047619047619,,0.2714285714285714
random,17,random_s17,recoils,64,linear_task_free,0.23571428656578064,1.0,
random,17,random_s17,recoils,64,linear_query,0.23619046807289124,1.0,
random,17,random_s17,recoils,64,mlp_task_free,0.2328571379184723,1.0,
random,17,random_s17,recoils,64,finetune,0.22904761904761906,,0.21714285714285714
random,17,random_s17,recoils,64,finetune_shared,0.22904761904761906,,0.21714285714285714
random,17,random_s17,recoils,256,linear_task_free,0.22333332896232605,0.98046875,
random,17,random_s17,recoils,256,linear_query,0.22523809969425201,0.79296875,
random,17,random_s17,recoils,256,mlp_task_free,0.2380952388048172,1.0,
random,17,random_s17,recoils,256,finetune,0.2633333333333333,,0.2619047619047619
random,17,random_s17,recoils,256,finetune_shared,0.2633333333333333,,0.2619047619047619
random,17,random_s17,lis_length,64,linear_task_free,0.25904762744903564,1.0,
random,17,random_s17,lis_length,64,linear_query,0.2619047462940216,1.0,
random,17,random_s17,lis_length,64,mlp_task_free,0.2671428620815277,1.0,
random,17,random_s17,lis_length,64,finetune,0.2642857142857143,,0.26857142857142857
random,17,random_s17,lis_length,64,finetune_shared,0.2642857142857143,,0.26857142857142857
random,17,random_s17,lis_length,256,linear_task_free,0.3161904811859131,0.90625,
random,17,random_s17,lis_length,256,linear_query,0.33523809909820557,0.73046875,
random,17,random_s17,lis_length,256,mlp_task_free,0.3233333230018616,1.0,
random,17,random_s17,lis_length,256,finetune,0.31523809523809526,,0.35333333333333333
random,17,random_s17,lis_length,256,finetune_shared,0.31523809523809526,,0.35333333333333333
random,17,random_s17,longest_increasing_run,64,linear_task_free,0.35285714268684387,1.0,
random,17,random_s17,longest_increasing_run,64,linear_query,0.3628571331501007,1.0,
random,17,random_s17,longest_increasing_run,64,mlp_task_free,0.3928571343421936,1.0,
random,17,random_s17,longest_increasing_run,64,finetune,0.37333333333333335,,0.38952380952380955
random,17,random_s17,longest_increasing_run,64,finetune_shared,0.37333333333333335,,0.38952380952380955
random,17,random_s17,longest_increasing_run,256,linear_task_free,0.41285714507102966,0.80078125,
random,17,random_s17,longest_increasing_run,256,linear_query,0.41380950808525085,0.63671875,
random,17,random_s17,longest_increasing_run,256,mlp_task_free,0.4161904752254486,1.0,
random,17,random_s17,longest_increasing_run,256,finetune,0.4661904761904762,,0.46
random,17,random_s17,longest_increasing_run,256,finetune_shared,0.4661904761904762,,0.46
random,42,random_s42,descents,64,linear_task_free,0.2080952376127243,1.0,
random,42,random_s42,descents,64,linear_query,0.21714285016059875,1.0,
random,42,random_s42,descents,64,mlp_task_free,0.20714285969734192,1.0,
random,42,random_s42,descents,64,finetune,0.20904761904761904,,0.21714285714285714
random,42,random_s42,descents,64,finetune_shared,0.20904761904761904,,0.21714285714285714
random,42,random_s42,descents,256,linear_task_free,0.23000000417232513,0.94921875,
random,42,random_s42,descents,256,linear_query,0.24619047343730927,0.80859375,
random,42,random_s42,descents,256,mlp_task_free,0.23999999463558197,1.0,
random,42,random_s42,descents,256,finetune,0.27904761904761904,,0.2742857142857143
random,42,random_s42,descents,256,finetune_shared,0.27904761904761904,,0.2742857142857143
random,42,random_s42,recoils,64,linear_task_free,0.23619046807289124,1.0,
random,42,random_s42,recoils,64,linear_query,0.23619046807289124,1.0,
random,42,random_s42,recoils,64,mlp_task_free,0.23095238208770752,1.0,
random,42,random_s42,recoils,64,finetune,0.22095238095238096,,0.2257142857142857
random,42,random_s42,recoils,64,finetune_shared,0.22095238095238096,,0.2257142857142857
random,42,random_s42,recoils,256,linear_task_free,0.21761904656887054,0.97265625,
random,42,random_s42,recoils,256,linear_query,0.21619047224521637,0.78125,
random,42,random_s42,recoils,256,mlp_task_free,0.2209523767232895,1.0,
random,42,random_s42,recoils,256,finetune,0.25952380952380955,,0.26285714285714284
random,42,random_s42,recoils,256,finetune_shared,0.25952380952380955,,0.26285714285714284
random,42,random_s42,lis_length,64,linear_task_free,0.2552380859851837,1.0,
random,42,random_s42,lis_length,64,linear_query,0.26428571343421936,1.0,
random,42,random_s42,lis_length,64,mlp_task_free,0.2571428418159485,1.0,
random,42,random_s42,lis_length,64,finetune,0.27476190476190476,,0.2857142857142857
random,42,random_s42,lis_length,64,finetune_shared,0.27476190476190476,,0.2857142857142857
random,42,random_s42,lis_length,256,linear_task_free,0.32904762029647827,0.890625,
random,42,random_s42,lis_length,256,linear_query,0.3204761743545532,0.703125,
random,42,random_s42,lis_length,256,mlp_task_free,0.30714285373687744,1.0,
random,42,random_s42,lis_length,256,finetune,0.3376190476190476,,0.3647619047619048
random,42,random_s42,lis_length,256,finetune_shared,0.3376190476190476,,0.3647619047619048
random,42,random_s42,longest_increasing_run,64,linear_task_free,0.35904762148857117,1.0,
random,42,random_s42,longest_increasing_run,64,linear_query,0.3499999940395355,1.0,
random,42,random_s42,longest_increasing_run,64,mlp_task_free,0.3976190388202667,1.0,
random,42,random_s42,longest_increasing_run,64,finetune,0.3852380952380952,,0.3952380952380952
random,42,random_s42,longest_increasing_run,64,finetune_shared,0.3852380952380952,,0.3952380952380952
random,42,random_s42,longest_increasing_run,256,linear_task_free,0.3876190483570099,0.76953125,
random,42,random_s42,longest_increasing_run,256,linear_query,0.4095238149166107,0.66015625,
random,42,random_s42,longest_increasing_run,256,mlp_task_free,0.4114285707473755,1.0,
random,42,random_s42,longest_increasing_run,256,finetune,0.44476190476190475,,0.44952380952380955
random,42,random_s42,longest_increasing_run,256,finetune_shared,0.44476190476190475,,0.44952380952380955
