group,seed,target,mode,budget,variant,actual_paired_gain,corrected_prediction
position_three,101,descents,linear_task_free,64,plus_mathematical_relations,-0.023809537291526794,-0.06998433243439328
position_three,101,recoils,linear_task_free,64,plus_mathematical_relations,-0.008571416139602661,-0.07421938924446525
position_three,101,lis_length,linear_task_free,64,plus_mathematical_relations,0.02095237374305725,-0.03688904241255961
position_three,101,longest_increasing_run,linear_task_free,64,plus_mathematical_relations,-0.035238116979599,-0.033571716942860375
cycle_three,17,descents,linear_task_free,64,plus_mathematical_relations,-0.04571428894996643,-0.034620796600795284
cycle_three,17,recoils,linear_task_free,64,plus_mathematical_relations,-0.07571429014205933,-0.037403701906373904
cycle_three,17,lis_length,linear_task_free,64,plus_mathematical_relations,-0.059047624468803406,0.0005898095539783044
cycle_three,17,longest_increasing_run,linear_task_free,64,plus_mathematical_relations,-0.04190477728843689,-0.002760641483006334
position_three,42,descents,linear_task_free,64,plus_mathematical_relations,-0.027619048953056335,-0.06334990682836773
position_three,42,recoils,linear_task_free,64,plus_mathematical_relations,-0.046666666865348816,-0.06758496363843969
position_three,42,lis_length,linear_task_free,64,plus_mathematical_relations,0.01714286208152771,-0.030254616806534067
position_three,42,longest_increasing_run,linear_task_free,64,plus_mathematical_relations,-0.01714286208152771,-0.02693729133683482
position_four,101,descents,linear_task_free,64,plus_mathematical_relations,-0.05523809790611267,-0.02697010393465754
position_four,101,recoils,linear_task_free,64,plus_mathematical_relations,-0.01142856478691101,-0.033570960098468196
position_four,101,lis_length,linear_task_free,64,plus_mathematical_relations,-0.0176190584897995,0.007744128340284009
position_four,101,longest_increasing_run,linear_task_free,64,plus_mathematical_relations,-0.007142871618270874,0.005537100175885372
cycle_three,42,descents,linear_task_free,64,plus_mathematical_relations,-0.036666661500930786,-0.04191404655851337
cycle_three,42,recoils,linear_task_free,64,plus_mathematical_relations,-0.041428565979003906,-0.04469695186409199
cycle_three,42,lis_length,linear_task_free,64,plus_mathematical_relations,0.01238095760345459,-0.006703440403739774
cycle_three,42,longest_increasing_run,linear_task_free,64,plus_mathematical_relations,0.02095237374305725,-0.01005389144072442
position_three,17,descents,linear_task_free,64,plus_mathematical_relations,0.005714282393455505,-0.06609570796224085
position_three,17,recoils,linear_task_free,64,plus_mathematical_relations,-0.01904761791229248,-0.07033076477231281
position_three,17,lis_length,linear_task_free,64,plus_mathematical_relations,0.024285703897476196,-0.03300041794040718
position_three,17,longest_increasing_run,linear_task_free,64,plus_mathematical_relations,0.01714286208152771,-0.029683092470707932
interior_none,101,descents,linear_task_free,64,plus_mathematical_relations,-0.018571436405181885,-0.04428964290510436
interior_none,101,recoils,linear_task_free,64,plus_mathematical_relations,-0.027142852544784546,-0.04442704820577581
interior_none,101,lis_length,linear_task_free,64,plus_mathematical_relations,0.019523799419403076,-0.009349296521674925
interior_none,101,longest_increasing_run,linear_task_free,64,plus_mathematical_relations,0.05714285373687744,-0.011385540426754054
position_four,42,descents,linear_task_free,64,plus_mathematical_relations,-0.05571429431438446,-0.021058136440973416
position_four,42,recoils,linear_task_free,64,plus_mathematical_relations,-0.0480952262878418,-0.027658992604784077
position_four,42,lis_length,linear_task_free,64,plus_mathematical_relations,-0.017142847180366516,0.013656095833968127
position_four,42,longest_increasing_run,linear_task_free,64,plus_mathematical_relations,-0.009047627449035645,0.011449067669569494
cycle_three,101,descents,linear_task_free,64,plus_mathematical_relations,-0.08952382206916809,-0.037800166035499065
cycle_three,101,recoils,linear_task_free,64,plus_mathematical_relations,-0.08428570628166199,-0.040583071341077685
cycle_three,101,lis_length,linear_task_free,64,plus_mathematical_relations,-0.046666666865348816,-0.002589559880725475
cycle_three,101,longest_increasing_run,linear_task_free,64,plus_mathematical_relations,-0.042380958795547485,-0.005940010917710115
cycle_none,42,descents,linear_task_free,64,plus_mathematical_relations,-0.027619048953056335,-0.006176246290035147
cycle_none,42,recoils,linear_task_free,64,plus_mathematical_relations,-0.0180952250957489,-0.012087574273402183
cycle_none,42,lis_length,linear_task_free,64,plus_mathematical_relations,-0.00952380895614624,0.029514636413403607
cycle_none,42,longest_increasing_run,linear_task_free,64,plus_mathematical_relations,-0.01809525489807129,0.03335482511067234
cycle_four,101,descents,linear_task_free,64,plus_mathematical_relations,-0.08809524774551392,-0.06446483452045736
cycle_four,101,recoils,linear_task_free,64,plus_mathematical_relations,-0.04714284837245941,-0.0716661231298689
cycle_four,101,lis_length,linear_task_free,64,plus_mathematical_relations,-0.033333346247673035,-0.034479189626328954
cycle_four,101,longest_increasing_run,linear_task_free,64,plus_mathematical_relations,0.02285712957382202,-0.04036598186771016
interior_none,17,descents,linear_task_free,64,plus_mathematical_relations,0.010952383279800415,-0.049253618464190116
interior_none,17,recoils,linear_task_free,64,plus_mathematical_relations,-0.030476197600364685,-0.04939102376486157
interior_none,17,lis_length,linear_task_free,64,plus_mathematical_relations,0.039523810148239136,-0.014313272080760688
interior_none,17,longest_increasing_run,linear_task_free,64,plus_mathematical_relations,0.03904762864112854,-0.01634951598583982
interior_four,101,descents,linear_task_free,64,plus_mathematical_relations,-0.011428579688072205,-0.09006916452661
interior_four,101,recoils,linear_task_free,64,plus_mathematical_relations,-0.017142847180366516,-0.1119352181904709
interior_four,101,lis_length,linear_task_free,64,plus_mathematical_relations,0.00476190447807312,-0.07350698106286459
interior_four,101,longest_increasing_run,linear_task_free,64,plus_mathematical_relations,0.0419047474861145,-0.056031666991366094
interior_none,42,descents,linear_task_free,64,plus_mathematical_relations,-0.025714293122291565,-0.049772086123943245
interior_none,42,recoils,linear_task_free,64,plus_mathematical_relations,-0.07095237076282501,-0.0499094914246147
interior_none,42,lis_length,linear_task_free,64,plus_mathematical_relations,0.004285722970962524,-0.014831739740513817
interior_none,42,longest_increasing_run,linear_task_free,64,plus_mathematical_relations,0.015238076448440552,-0.01686798364559295
position_none,42,descents,linear_task_free,64,plus_mathematical_relations,-0.047142863273620605,-0.01482669455819581
position_none,42,recoils,linear_task_free,64,plus_mathematical_relations,-0.0476190447807312,-0.04837179302690798
position_none,42,lis_length,linear_task_free,64,plus_mathematical_relations,0.0038095414638519287,-0.01253500824456531
position_none,42,longest_increasing_run,linear_task_free,64,plus_mathematical_relations,0.01428571343421936,0.005033491722168416
cycle_four,42,descents,linear_task_free,64,plus_mathematical_relations,-0.08857142925262451,-0.05940712808444945
cycle_four,42,recoils,linear_task_free,64,plus_mathematical_relations,-0.06142856180667877,-0.06660841669386099
cycle_four,42,lis_length,linear_task_free,64,plus_mathematical_relations,-0.01428571343421936,-0.029421483190321042
cycle_four,42,longest_increasing_run,linear_task_free,64,plus_mathematical_relations,0.01142856478691101,-0.03530827543170226
position_four,17,descents,linear_task_free,64,plus_mathematical_relations,-0.021904751658439636,-0.021819593392721045
position_four,17,recoils,linear_task_free,64,plus_mathematical_relations,-0.04571428894996643,-0.028420449556531707
position_four,17,lis_length,linear_task_free,64,plus_mathematical_relations,-0.02000001072883606,0.012894638882220495
position_four,17,longest_increasing_run,linear_task_free,64,plus_mathematical_relations,-0.019523799419403076,0.010687610717821861
cycle_none,17,descents,linear_task_free,64,plus_mathematical_relations,-0.01666666567325592,-0.0036425445791838304
cycle_none,17,recoils,linear_task_free,64,plus_mathematical_relations,-0.032380953431129456,-0.00955387256255087
cycle_none,17,lis_length,linear_task_free,64,plus_mathematical_relations,-0.008571445941925049,0.03204833812425492
cycle_none,17,longest_increasing_run,linear_task_free,64,plus_mathematical_relations,-0.05047619342803955,0.03588852682152364
cycle_none,101,descents,linear_task_free,64,plus_mathematical_relations,-0.03666667640209198,-0.007387954790135718
cycle_none,101,recoils,linear_task_free,64,plus_mathematical_relations,-0.017142847180366516,-0.01329928277350275
cycle_none,101,lis_length,linear_task_free,64,plus_mathematical_relations,-0.01285715401172638,0.028302927913303036
cycle_none,101,longest_increasing_run,linear_task_free,64,plus_mathematical_relations,-0.038571447134017944,0.03214311661057176
interior_four,17,descents,linear_task_free,64,plus_mathematical_relations,0.010476186871528625,-0.08564616874803604
interior_four,17,recoils,linear_task_free,64,plus_mathematical_relations,-0.030000001192092896,-0.10751222241189697
interior_four,17,lis_length,linear_task_free,64,plus_mathematical_relations,0.010476171970367432,-0.06908398528429065
interior_four,17,longest_increasing_run,linear_task_free,64,plus_mathematical_relations,0.022380948066711426,-0.051608671212792154
interior_four,42,descents,linear_task_free,64,plus_mathematical_relations,-0.020476192235946655,-0.0889509692034726
interior_four,42,recoils,linear_task_free,64,plus_mathematical_relations,-0.06333333253860474,-0.11081702286733354
interior_four,42,lis_length,linear_task_free,64,plus_mathematical_relations,0.0038095414638519287,-0.07238878573972721
interior_four,42,longest_increasing_run,linear_task_free,64,plus_mathematical_relations,0.0019047558307647705,-0.0549134716682287
position_none,17,descents,linear_task_free,64,plus_mathematical_relations,-0.051428571343421936,-0.005289851155231102
position_none,17,recoils,linear_task_free,64,plus_mathematical_relations,-0.09428571164608002,-0.038834949623943266
position_none,17,lis_length,linear_task_free,64,plus_mathematical_relations,-0.020952388644218445,-0.0029981648416006063
position_none,17,longest_increasing_run,linear_task_free,64,plus_mathematical_relations,-0.0019047558307647705,0.014570335125133133
position_none,101,descents,linear_task_free,64,plus_mathematical_relations,-0.032857149839401245,-0.0206873603900146
position_none,101,recoils,linear_task_free,64,plus_mathematical_relations,-0.041904762387275696,-0.05423245885872677
position_none,101,lis_length,linear_task_free,64,plus_mathematical_relations,-0.02428571879863739,-0.0183956740763841
position_none,101,longest_increasing_run,linear_task_free,64,plus_mathematical_relations,-0.01523810625076294,-0.0008271741096503721
cycle_four,17,descents,linear_task_free,64,plus_mathematical_relations,-0.03999999165534973,-0.06075190508790336
cycle_four,17,recoils,linear_task_free,64,plus_mathematical_relations,-0.06619048118591309,-0.0679531936973149
cycle_four,17,lis_length,linear_task_free,64,plus_mathematical_relations,-0.0019047856330871582,-0.030766260193774944
cycle_four,17,longest_increasing_run,linear_task_free,64,plus_mathematical_relations,-0.0019047558307647705,-0.03665305243515615
position_three,101,descents,linear_task_free,64,plus_both,-0.023809537291526794,-0.06718754697356846
position_three,101,recoils,linear_task_free,64,plus_both,-0.008571416139602661,-0.07133644325950071
position_three,101,lis_length,linear_task_free,64,plus_both,0.02095237374305725,-0.03402164223536305
position_three,101,longest_increasing_run,linear_task_free,64,plus_both,-0.035238116979599,-0.03082609611621804
cycle_three,17,descents,linear_task_free,64,plus_both,-0.04571428894996643,-0.03573317870428633
cycle_three,17,recoils,linear_task_free,64,plus_both,-0.07571429014205933,-0.03855309637555997
cycle_three,17,lis_length,linear_task_free,64,plus_both,-0.059047624468803406,-0.000560505463521814
cycle_three,17,longest_increasing_run,linear_task_free,64,plus_both,-0.04190477728843689,-0.003919462623105359
position_three,42,descents,linear_task_free,64,plus_both,-0.027619048953056335,-0.05946550115277272
position_three,42,recoils,linear_task_free,64,plus_both,-0.046666666865348816,-0.06361439743870498
position_three,42,lis_length,linear_task_free,64,plus_both,0.01714286208152771,-0.02629959641456732
position_three,42,longest_increasing_run,linear_task_free,64,plus_both,-0.01714286208152771,-0.023104050295422306
position_four,101,descents,linear_task_free,64,plus_both,-0.05523809790611267,-0.02529680703386683
position_four,101,recoils,linear_task_free,64,plus_both,-0.01142856478691101,-0.0317712550832292
position_four,101,lis_length,linear_task_free,64,plus_both,-0.0176190584897995,0.00954963961270219
position_four,101,longest_increasing_run,linear_task_free,64,plus_both,-0.007142871618270874,0.007197081640710742
cycle_three,42,descents,linear_task_free,64,plus_both,-0.036666661500930786,-0.04416358778062134
cycle_three,42,recoils,linear_task_free,64,plus_both,-0.041428565979003906,-0.046983505451894975
cycle_three,42,lis_length,linear_task_free,64,plus_both,0.01238095760345459,-0.008990914539856816
cycle_three,42,longest_increasing_run,linear_task_free,64,plus_both,0.02095237374305725,-0.012349871699440363
position_three,17,descents,linear_task_free,64,plus_both,0.005714282393455505,-0.06448187312313705
position_three,17,recoils,linear_task_free,64,plus_both,-0.01904761791229248,-0.0686307694090693
position_three,17,lis_length,linear_task_free,64,plus_both,0.024285703897476196,-0.03131596838493164
position_three,17,longest_increasing_run,linear_task_free,64,plus_both,0.01714286208152771,-0.028120422265786628
interior_none,101,descents,linear_task_free,64,plus_both,-0.018571436405181885,-0.05429687687044808
interior_none,101,recoils,linear_task_free,64,plus_both,-0.027142852544784546,-0.05426788419940619
interior_none,101,lis_length,linear_task_free,64,plus_both,0.019523799419403076,-0.019179398111703924
interior_none,101,longest_increasing_run,linear_task_free,64,plus_both,0.05714285373687744,-0.02127975120434553
position_four,42,descents,linear_task_free,64,plus_both,-0.05571429431438446,-0.020092043622091264
position_four,42,recoils,linear_task_free,64,plus_both,-0.0480952262878418,-0.026566491671453633
position_four,42,lis_length,linear_task_free,64,plus_both,-0.017142847180366516,0.014754403024477756
position_four,42,longest_increasing_run,linear_task_free,64,plus_both,-0.009047627449035645,0.012401845052486312
cycle_three,101,descents,linear_task_free,64,plus_both,-0.08952382206916809,-0.038680938428618236
cycle_three,101,recoils,linear_task_free,64,plus_both,-0.08428570628166199,-0.041500856099891875
cycle_three,101,lis_length,linear_task_free,64,plus_both,-0.046666666865348816,-0.0035082651878537135
cycle_three,101,longest_increasing_run,linear_task_free,64,plus_both,-0.042380958795547485,-0.0068672223474372605
cycle_none,42,descents,linear_task_free,64,plus_both,-0.027619048953056335,-0.00854464829127514
cycle_none,42,recoils,linear_task_free,64,plus_both,-0.0180952250957489,-0.01441140200291926
cycle_none,42,lis_length,linear_task_free,64,plus_both,-0.00952380895614624,0.02719524626857723
cycle_none,42,longest_increasing_run,linear_task_free,64,plus_both,-0.01809525489807129,0.03096217939659806
cycle_four,101,descents,linear_task_free,64,plus_both,-0.08809524774551392,-0.06396722259026495
cycle_four,101,recoils,linear_task_free,64,plus_both,-0.04714284837245941,-0.07114898982573224
cycle_four,101,lis_length,linear_task_free,64,plus_both,-0.033333346247673035,-0.03396162280370395
cycle_four,101,longest_increasing_run,linear_task_free,64,plus_both,0.02285712957382202,-0.03990059335074708
interior_none,17,descents,linear_task_free,64,plus_both,0.010952383279800415,-0.050915692029086024
interior_none,17,recoils,linear_task_free,64,plus_both,-0.030476197600364685,-0.05088669935804413
interior_none,17,lis_length,linear_task_free,64,plus_both,0.039523810148239136,-0.015798213270341865
interior_none,17,longest_increasing_run,linear_task_free,64,plus_both,0.03904762864112854,-0.017898566362983467
interior_four,101,descents,linear_task_free,64,plus_both,-0.011428579688072205,-0.0741796169319465
interior_four,101,recoils,linear_task_free,64,plus_both,-0.017142847180366516,-0.09579998299705185
interior_four,101,lis_length,linear_task_free,64,plus_both,0.00476190447807312,-0.05738105471875636
interior_four,101,longest_increasing_run,linear_task_free,64,plus_both,0.0419047474861145,-0.04010185920112523
interior_none,42,descents,linear_task_free,64,plus_both,-0.025714293122291565,-0.05201700399306189
interior_none,42,recoils,linear_task_free,64,plus_both,-0.07095237076282501,-0.05198801132201998
interior_none,42,lis_length,linear_task_free,64,plus_both,0.004285722970962524,-0.016899525234317724
interior_none,42,longest_increasing_run,linear_task_free,64,plus_both,0.015238076448440552,-0.018999878326959325
position_none,42,descents,linear_task_free,64,plus_both,-0.047142863273620605,-0.016938960315465837
position_none,42,recoils,linear_task_free,64,plus_both,-0.0476190447807312,-0.0508471346915404
position_none,42,lis_length,linear_task_free,64,plus_both,0.0038095414638519287,-0.01502500071116279
position_none,42,longest_increasing_run,linear_task_free,64,plus_both,0.01428571343421936,0.0028085070907272365
cycle_four,42,descents,linear_task_free,64,plus_both,-0.08857142925262451,-0.0599006114052929
cycle_four,42,recoils,linear_task_free,64,plus_both,-0.06142856180667877,-0.0670823786407602
cycle_four,42,lis_length,linear_task_free,64,plus_both,-0.01428571343421936,-0.029895011618731898
cycle_four,42,longest_increasing_run,linear_task_free,64,plus_both,0.01142856478691101,-0.03583398216577503
position_four,17,descents,linear_task_free,64,plus_both,-0.021904751658439636,-0.02081352971818131
position_four,17,recoils,linear_task_free,64,plus_both,-0.04571428894996643,-0.027287977767543676
position_four,17,lis_length,linear_task_free,64,plus_both,-0.02000001072883606,0.01403291692838771
position_four,17,longest_increasing_run,linear_task_free,64,plus_both,-0.019523799419403076,0.011680358956396266
cycle_none,17,descents,linear_task_free,64,plus_both,-0.01666666567325592,-0.0034431190613995986
cycle_none,17,recoils,linear_task_free,64,plus_both,-0.032380953431129456,-0.00930987277304372
cycle_none,17,lis_length,linear_task_free,64,plus_both,-0.008571445941925049,0.03229677549845277
cycle_none,17,longest_increasing_run,linear_task_free,64,plus_both,-0.05047619342803955,0.0360637086264736
cycle_none,101,descents,linear_task_free,64,plus_both,-0.03666667640209198,-0.008461815832035705
cycle_none,101,recoils,linear_task_free,64,plus_both,-0.017142847180366516,-0.014328569543679826
cycle_none,101,lis_length,linear_task_free,64,plus_both,-0.01285715401172638,0.027278078727816672
cycle_none,101,longest_increasing_run,linear_task_free,64,plus_both,-0.038571447134017944,0.031045011855837495
interior_four,17,descents,linear_task_free,64,plus_both,0.010476186871528625,-0.06730364700181293
interior_four,17,recoils,linear_task_free,64,plus_both,-0.030000001192092896,-0.08892401306691826
interior_four,17,lis_length,linear_task_free,64,plus_both,0.010476171970367432,-0.050505084788622784
interior_four,17,longest_increasing_run,linear_task_free,64,plus_both,0.022380948066711426,-0.033225889270991654
interior_four,42,descents,linear_task_free,64,plus_both,-0.020476192235946655,-0.06749797852358429
interior_four,42,recoils,linear_task_free,64,plus_both,-0.06333333253860474,-0.08911834458868964
interior_four,42,lis_length,linear_task_free,64,plus_both,0.0038095414638519287,-0.050699416310394145
interior_four,42,longest_increasing_run,linear_task_free,64,plus_both,0.0019047558307647705,-0.03342022079276302
position_none,17,descents,linear_task_free,64,plus_both,-0.051428571343421936,-0.006672078360710917
position_none,17,recoils,linear_task_free,64,plus_both,-0.09428571164608002,-0.04058025273678548
position_none,17,lis_length,linear_task_free,64,plus_both,-0.020952388644218445,-0.004758118756407869
position_none,17,longest_increasing_run,linear_task_free,64,plus_both,-0.0019047558307647705,0.013075389045482149
position_none,101,descents,linear_task_free,64,plus_both,-0.032857149839401245,-0.023640869683620953
position_none,101,recoils,linear_task_free,64,plus_both,-0.041904762387275696,-0.05754904405969552
position_none,101,lis_length,linear_task_free,64,plus_both,-0.02428571879863739,-0.0217269100793179
position_none,101,longest_increasing_run,linear_task_free,64,plus_both,-0.01523810625076294,-0.00389340227742788
cycle_four,17,descents,linear_task_free,64,plus_both,-0.03999999165534973,-0.06082591029727126
cycle_four,17,recoils,linear_task_free,64,plus_both,-0.06619048118591309,-0.06800767753273856
cycle_four,17,lis_length,linear_task_free,64,plus_both,-0.0019047856330871582,-0.030820310510710255
cycle_four,17,longest_increasing_run,linear_task_free,64,plus_both,-0.0019047558307647705,-0.03675928105775339
position_three,101,descents,linear_task_free,256,plus_mathematical_relations,0.00523810088634491,-0.05261294647177096
position_three,101,recoils,linear_task_free,256,plus_mathematical_relations,-0.00714285671710968,-0.04312747338972403
position_three,101,lis_length,linear_task_free,256,plus_mathematical_relations,0.0014285743236541748,-0.0603168113748095
position_three,101,longest_increasing_run,linear_task_free,256,plus_mathematical_relations,-0.01714286208152771,-0.04296537724927682
cycle_three,17,descents,linear_task_free,256,plus_mathematical_relations,-0.02904762327671051,-0.02175192926132618
cycle_three,17,recoils,linear_task_free,256,plus_mathematical_relations,-0.04523809254169464,-0.01086064693183094
cycle_three,17,lis_length,linear_task_free,256,plus_mathematical_relations,-0.044285714626312256,-0.02318740459313148
cycle_three,17,longest_increasing_run,linear_task_free,256,plus_mathematical_relations,-0.041428565979003906,-0.012074120802321307
position_three,42,descents,linear_task_free,256,plus_mathematical_relations,-0.030000001192092896,-0.04509095285159819
position_three,42,recoils,linear_task_free,256,plus_mathematical_relations,-0.015714287757873535,-0.035605479769551265
position_three,42,lis_length,linear_task_free,256,plus_mathematical_relations,-0.011904776096343994,-0.05279481775463673
position_three,42,longest_increasing_run,linear_task_free,256,plus_mathematical_relations,-0.006666660308837891,-0.03544338362910405
position_four,101,descents,linear_task_free,256,plus_mathematical_relations,-0.046666666865348816,-0.006267101901529714
position_four,101,recoils,linear_task_free,256,plus_mathematical_relations,-0.02428571879863739,0.00084239029284678
position_four,101,lis_length,linear_task_free,256,plus_mathematical_relations,-0.02190476655960083,-0.01313178741666898
position_four,101,longest_increasing_run,linear_task_free,256,plus_mathematical_relations,-0.034761905670166016,0.003543778507776856
cycle_three,42,descents,linear_task_free,256,plus_mathematical_relations,-0.023333340883255005,-0.019134070897211607
cycle_three,42,recoils,linear_task_free,256,plus_mathematical_relations,0.0,-0.008242788567716364
cycle_three,42,lis_length,linear_task_free,256,plus_mathematical_relations,-0.034761905670166016,-0.02056954622901691
cycle_three,42,longest_increasing_run,linear_task_free,256,plus_mathematical_relations,-0.005238085985183716,-0.009456262438206738
position_three,17,descents,linear_task_free,256,plus_mathematical_relations,-0.00714285671710968,-0.05311622850129589
position_three,17,recoils,linear_task_free,256,plus_mathematical_relations,0.00761905312538147,-0.043630755419248955
position_three,17,lis_length,linear_task_free,256,plus_mathematical_relations,-0.012857139110565186,-0.06082009340433442
position_three,17,longest_increasing_run,linear_task_free,256,plus_mathematical_relations,-0.01523810625076294,-0.04346865927880174
interior_none,101,descents,linear_task_free,256,plus_mathematical_relations,0.035714298486709595,-0.046682805174210196
interior_none,101,recoils,linear_task_free,256,plus_mathematical_relations,0.01380951702594757,-0.03297705044239865
interior_none,101,lis_length,linear_task_free,256,plus_mathematical_relations,-0.00952380895614624,-0.04628129879549084
interior_none,101,longest_increasing_run,linear_task_free,256,plus_mathematical_relations,0.09000000357627869,-0.037331901049515545
position_four,42,descents,linear_task_free,256,plus_mathematical_relations,-0.034761905670166016,-0.002125130299695766
position_four,42,recoils,linear_task_free,256,plus_mathematical_relations,-0.01904761791229248,0.0049843618946807285
position_four,42,lis_length,linear_task_free,256,plus_mathematical_relations,-0.047142863273620605,-0.008989815814835031
position_four,42,longest_increasing_run,linear_task_free,256,plus_mathematical_relations,-0.013809531927108765,0.007685750109610801
cycle_three,101,descents,linear_task_free,256,plus_mathematical_relations,-0.04999999701976776,-0.018950482620278482
cycle_three,101,recoils,linear_task_free,256,plus_mathematical_relations,-0.037619054317474365,-0.008059200290783247
cycle_three,101,lis_length,linear_task_free,256,plus_mathematical_relations,-0.07285714149475098,-0.020385957952083786
cycle_three,101,longest_increasing_run,linear_task_free,256,plus_mathematical_relations,-0.02571427822113037,-0.009272674161273614
cycle_none,42,descents,linear_task_free,256,plus_mathematical_relations,0.006190463900566101,0.0144535855984186
cycle_none,42,recoils,linear_task_free,256,plus_mathematical_relations,0.02190476655960083,0.02675034731608395
cycle_none,42,lis_length,linear_task_free,256,plus_mathematical_relations,-0.025238096714019775,0.013037687104993392
cycle_none,42,longest_increasing_run,linear_task_free,256,plus_mathematical_relations,-0.049047619104385376,0.03384758411749638
cycle_four,101,descents,linear_task_free,256,plus_mathematical_relations,-0.031904757022857666,-0.047134135888633834
cycle_four,101,recoils,linear_task_free,256,plus_mathematical_relations,-0.02714286744594574,-0.03854916813241879
cycle_four,101,lis_length,linear_task_free,256,plus_mathematical_relations,-0.03619047999382019,-0.050434615041391725
cycle_four,101,longest_increasing_run,linear_task_free,256,plus_mathematical_relations,-0.0033333301544189453,-0.04160689463129443
interior_none,17,descents,linear_task_free,256,plus_mathematical_relations,0.0019047558307647705,-0.045423010698428315
interior_none,17,recoils,linear_task_free,256,plus_mathematical_relations,0.0028571486473083496,-0.03171725596661677
interior_none,17,lis_length,linear_task_free,256,plus_mathematical_relations,0.03714284300804138,-0.04502150431970895
interior_none,17,longest_increasing_run,linear_task_free,256,plus_mathematical_relations,0.033809512853622437,-0.036072106573733664
interior_four,101,descents,linear_task_free,256,plus_mathematical_relations,0.006190478801727295,-0.07554701952612414
interior_four,101,recoils,linear_task_free,256,plus_mathematical_relations,-0.003333345055580139,-0.08406953390586837
interior_four,101,lis_length,linear_task_free,256,plus_mathematical_relations,-0.032857149839401245,-0.09296101996413948
interior_four,101,longest_increasing_run,linear_task_free,256,plus_mathematical_relations,0.035238116979599,-0.05166449629995372
interior_none,42,descents,linear_task_free,256,plus_mathematical_relations,-0.01238095760345459,-0.03916018392127554
interior_none,42,recoils,linear_task_free,256,plus_mathematical_relations,0.0014285743236541748,-0.025454429189464
interior_none,42,lis_length,linear_task_free,256,plus_mathematical_relations,-0.011904776096343994,-0.03875867754255618
interior_none,42,longest_increasing_run,linear_task_free,256,plus_mathematical_relations,0.010952383279800415,-0.029809279796580893
position_none,42,descents,linear_task_free,256,plus_mathematical_relations,-0.013809531927108765,0.007966191805248561
position_none,42,recoils,linear_task_free,256,plus_mathematical_relations,0.00047619640827178955,-0.009817533788710534
position_none,42,lis_length,linear_task_free,256,plus_mathematical_relations,-0.018571436405181885,-0.02313604753955463
position_none,42,longest_increasing_run,linear_task_free,256,plus_mathematical_relations,0.042380958795547485,0.017823443656820724
cycle_four,42,descents,linear_task_free,256,plus_mathematical_relations,-0.05571429431438446,-0.04126542220086815
cycle_four,42,recoils,linear_task_free,256,plus_mathematical_relations,-0.01904761791229248,-0.03268045444465312
cycle_four,42,lis_length,linear_task_free,256,plus_mathematical_relations,-0.04666668176651001,-0.04456590135362604
cycle_four,42,longest_increasing_run,linear_task_free,256,plus_mathematical_relations,0.004285722970962524,-0.03573818094352875
position_four,17,descents,linear_task_free,256,plus_mathematical_relations,-0.02714286744594574,-0.010555452093353918
position_four,17,recoils,linear_task_free,256,plus_mathematical_relations,-0.008571431040763855,-0.003445959898977422
position_four,17,lis_length,linear_task_free,256,plus_mathematical_relations,0.0004761815071105957,-0.01742013760849318
position_four,17,longest_increasing_run,linear_task_free,256,plus_mathematical_relations,-0.031904757022857666,-0.000744571684047346
cycle_none,17,descents,linear_task_free,256,plus_mathematical_relations,-0.0119047611951828,0.010666063017393927
cycle_none,17,recoils,linear_task_free,256,plus_mathematical_relations,-0.01952381432056427,0.022962824735059277
cycle_none,17,lis_length,linear_task_free,256,plus_mathematical_relations,-0.005714297294616699,0.00925016452396871
cycle_none,17,longest_increasing_run,linear_task_free,256,plus_mathematical_relations,-0.06333333253860474,0.0300600615364717
cycle_none,101,descents,linear_task_free,256,plus_mathematical_relations,0.006190478801727295,0.011430587393422651
cycle_none,101,recoils,linear_task_free,256,plus_mathematical_relations,-0.0295238196849823,0.023727349111087988
cycle_none,101,lis_length,linear_task_free,256,plus_mathematical_relations,-0.012857139110565186,0.010014688899997435
cycle_none,101,longest_increasing_run,linear_task_free,256,plus_mathematical_relations,-0.026190459728240967,0.030824585912500424
interior_four,17,descents,linear_task_free,256,plus_mathematical_relations,0.027142852544784546,-0.07980261703053249
interior_four,17,recoils,linear_task_free,256,plus_mathematical_relations,0.009047627449035645,-0.0883251314102767
interior_four,17,lis_length,linear_task_free,256,plus_mathematical_relations,-0.0052381157875061035,-0.0972166174685478
interior_four,17,longest_increasing_run,linear_task_free,256,plus_mathematical_relations,0.02857142686843872,-0.05592009380436207
interior_four,42,descents,linear_task_free,256,plus_mathematical_relations,-0.015714287757873535,-0.07865408023776797
interior_four,42,recoils,linear_task_free,256,plus_mathematical_relations,0.00952380895614624,-0.0871765946175122
interior_four,42,lis_length,linear_task_free,256,plus_mathematical_relations,-0.02285715937614441,-0.0960680806757833
interior_four,42,longest_increasing_run,linear_task_free,256,plus_mathematical_relations,0.019999980926513672,-0.05477155701159757
position_none,17,descents,linear_task_free,256,plus_mathematical_relations,-0.049047619104385376,0.015211657749927004
position_none,17,recoils,linear_task_free,256,plus_mathematical_relations,-0.05190475285053253,-0.0025720678440320933
position_none,17,lis_length,linear_task_free,256,plus_mathematical_relations,-0.051904767751693726,-0.01589058159487619
position_none,17,longest_increasing_run,linear_task_free,256,plus_mathematical_relations,-0.02000001072883606,0.025068909601499177
position_none,101,descents,linear_task_free,256,plus_mathematical_relations,-0.02571427822113037,0.002619031344862818
position_none,101,recoils,linear_task_free,256,plus_mathematical_relations,-0.01047620177268982,-0.015164694249096278
position_none,101,lis_length,linear_task_free,256,plus_mathematical_relations,-0.05238094925880432,-0.02848320799994037
position_none,101,longest_increasing_run,linear_task_free,256,plus_mathematical_relations,0.028095245361328125,0.012476283196434986
cycle_four,17,descents,linear_task_free,256,plus_mathematical_relations,-0.034761905670166016,-0.047790258671652444
cycle_four,17,recoils,linear_task_free,256,plus_mathematical_relations,-0.02095237374305725,-0.03920529091543741
cycle_four,17,lis_length,linear_task_free,256,plus_mathematical_relations,-0.051904767751693726,-0.05109073782441034
cycle_four,17,longest_increasing_run,linear_task_free,256,plus_mathematical_relations,-0.016666680574417114,-0.04226301741431304
position_three,101,descents,linear_task_free,256,plus_both,0.00523810088634491,-0.036917263685931886
position_three,101,recoils,linear_task_free,256,plus_both,-0.00714285671710968,-0.027465286176096185
position_three,101,lis_length,linear_task_free,256,plus_both,0.0014285743236541748,-0.044694166349165815
position_three,101,longest_increasing_run,linear_task_free,256,plus_both,-0.01714286208152771,-0.027346900846140713
cycle_three,17,descents,linear_task_free,256,plus_both,-0.02904762327671051,-0.024202742419019742
cycle_three,17,recoils,linear_task_free,256,plus_both,-0.04523809254169464,-0.013562746570797327
cycle_three,17,lis_length,linear_task_free,256,plus_both,-0.044285714626312256,-0.025880793594092635
cycle_three,17,longest_increasing_run,linear_task_free,256,plus_both,-0.041428565979003906,-0.014607794242534573
position_three,42,descents,linear_task_free,256,plus_both,-0.030000001192092896,-0.028040290371231263
position_three,42,recoils,linear_task_free,256,plus_both,-0.015714287757873535,-0.01858831286139557
position_three,42,lis_length,linear_task_free,256,plus_both,-0.011904776096343994,-0.03581719303446519
position_three,42,longest_increasing_run,linear_task_free,256,plus_both,-0.006666660308837891,-0.018469927531440097
position_four,101,descents,linear_task_free,256,plus_both,-0.046666666865348816,-0.008698829255228645
position_four,101,recoils,linear_task_free,256,plus_both,-0.02428571879863739,-0.0015073102757421665
position_four,101,lis_length,linear_task_free,256,plus_both,-0.02190476655960083,-0.01547744522223942
position_four,101,longest_increasing_run,linear_task_free,256,plus_both,-0.034761905670166016,0.001088283436187467
cycle_three,42,descents,linear_task_free,256,plus_both,-0.023333340883255005,-0.023368467661634952
cycle_three,42,recoils,linear_task_free,256,plus_both,0.0,-0.012728471813412535
cycle_three,42,lis_length,linear_task_free,256,plus_both,-0.034761905670166016,-0.025046518836707842
cycle_three,42,longest_increasing_run,linear_task_free,256,plus_both,-0.005238085985183716,-0.013773519485149781
position_three,17,descents,linear_task_free,256,plus_both,-0.00714285671710968,-0.039056270478270615
position_three,17,recoils,linear_task_free,256,plus_both,0.00761905312538147,-0.029604292968434913
position_three,17,lis_length,linear_task_free,256,plus_both,-0.012857139110565186,-0.046833173141504536
position_three,17,longest_increasing_run,linear_task_free,256,plus_both,-0.01523810625076294,-0.02948590763847944
interior_none,101,descents,linear_task_free,256,plus_both,0.035714298486709595,-0.05735322368172714
interior_none,101,recoils,linear_task_free,256,plus_both,0.01380951702594757,-0.04351577181873331
interior_none,101,lis_length,linear_task_free,256,plus_both,-0.00952380895614624,-0.056811756702094623
interior_none,101,longest_increasing_run,linear_task_free,256,plus_both,0.09000000357627869,-0.04791165769042312
position_four,42,descents,linear_task_free,256,plus_both,-0.034761905670166016,-0.006545574620157075
position_four,42,recoils,linear_task_free,256,plus_both,-0.01904761791229248,0.0006459443593294038
position_four,42,lis_length,linear_task_free,256,plus_both,-0.047142863273620605,-0.013324190587167856
position_four,42,longest_increasing_run,linear_task_free,256,plus_both,-0.013809531927108765,0.003241538071259039
cycle_three,101,descents,linear_task_free,256,plus_both,-0.04999999701976776,-0.02107969834773496
cycle_three,101,recoils,linear_task_free,256,plus_both,-0.037619054317474365,-0.010439702499512546
cycle_three,101,lis_length,linear_task_free,256,plus_both,-0.07285714149475098,-0.022757749522807853
cycle_three,101,longest_increasing_run,linear_task_free,256,plus_both,-0.02571427822113037,-0.01148475017124979
cycle_none,42,descents,linear_task_free,256,plus_both,0.006190463900566101,0.004644910898983383
cycle_none,42,recoils,linear_task_free,256,plus_both,0.02190476655960083,0.016839739803046642
cycle_none,42,lis_length,linear_task_free,256,plus_both,-0.025238096714019775,0.003134567953788789
cycle_none,42,longest_increasing_run,linear_task_free,256,plus_both,-0.049047619104385376,0.023989447282668767
cycle_four,101,descents,linear_task_free,256,plus_both,-0.031904757022857666,-0.04507598693089456
cycle_four,101,recoils,linear_task_free,256,plus_both,-0.02714286744594574,-0.03670135917017785
cycle_four,101,lis_length,linear_task_free,256,plus_both,-0.03619047999382019,-0.048561423326375565
cycle_four,101,longest_increasing_run,linear_task_free,256,plus_both,-0.0033333301544189453,-0.03963043819397479
interior_none,17,descents,linear_task_free,256,plus_both,0.0019047558307647705,-0.03766009859526717
interior_none,17,recoils,linear_task_free,256,plus_both,0.0028571486473083496,-0.02382264673227334
interior_none,17,lis_length,linear_task_free,256,plus_both,0.03714284300804138,-0.037118631615634654
interior_none,17,longest_increasing_run,linear_task_free,256,plus_both,0.033809512853622437,-0.028218532603963144
interior_four,101,descents,linear_task_free,256,plus_both,0.006190478801727295,-0.05288860981976913
interior_four,101,recoils,linear_task_free,256,plus_both,-0.003333345055580139,-0.06106269023674098
interior_four,101,lis_length,linear_task_free,256,plus_both,-0.032857149839401245,-0.06996736635610121
interior_four,101,longest_increasing_run,linear_task_free,256,plus_both,0.035238116979599,-0.02894890551951225
interior_none,42,descents,linear_task_free,256,plus_both,-0.01238095760345459,-0.03879115813285612
interior_none,42,recoils,linear_task_free,256,plus_both,0.0014285743236541748,-0.024953706269862277
interior_none,42,lis_length,linear_task_free,256,plus_both,-0.011904776096343994,-0.038249691153223596
interior_none,42,longest_increasing_run,linear_task_free,256,plus_both,0.010952383279800415,-0.029349592141552087
position_none,42,descents,linear_task_free,256,plus_both,-0.013809531927108765,0.015135004382850854
position_none,42,recoils,linear_task_free,256,plus_both,0.00047619640827178955,-0.0020672488109359094
position_none,42,lis_length,linear_task_free,256,plus_both,-0.018571436405181885,-0.01536279038159753
position_none,42,longest_increasing_run,linear_task_free,256,plus_both,0.042380958795547485,0.025186695275096246
cycle_four,42,descents,linear_task_free,256,plus_both,-0.05571429431438446,-0.040888163940142504
cycle_four,42,recoils,linear_task_free,256,plus_both,-0.01904761791229248,-0.032513536179425796
cycle_four,42,lis_length,linear_task_free,256,plus_both,-0.04666668176651001,-0.04437360033562351
cycle_four,42,longest_increasing_run,linear_task_free,256,plus_both,0.004285722970962524,-0.035442615203222734
position_four,17,descents,linear_task_free,256,plus_both,-0.02714286744594574,-0.012901602400764812
position_four,17,recoils,linear_task_free,256,plus_both,-0.008571431040763855,-0.005710083421278333
position_four,17,lis_length,linear_task_free,256,plus_both,0.0004761815071105957,-0.019680218367775587
position_four,17,longest_increasing_run,linear_task_free,256,plus_both,-0.031904757022857666,-0.003114489709348696
cycle_none,17,descents,linear_task_free,256,plus_both,-0.0119047611951828,0.00611732659366869
cycle_none,17,recoils,linear_task_free,256,plus_both,-0.01952381432056427,0.01831215549773195
cycle_none,17,lis_length,linear_task_free,256,plus_both,-0.005714297294616699,0.004606983648474092
cycle_none,17,longest_increasing_run,linear_task_free,256,plus_both,-0.06333333253860474,0.025461862977354068
cycle_none,101,descents,linear_task_free,256,plus_both,0.006190478801727295,0.0035465468399849265
cycle_none,101,recoils,linear_task_free,256,plus_both,-0.0295238196849823,0.01574137574404819
cycle_none,101,lis_length,linear_task_free,256,plus_both,-0.012857139110565186,0.002036203894790329
cycle_none,101,longest_increasing_run,linear_task_free,256,plus_both,-0.026190459728240967,0.022891083223670304
interior_four,17,descents,linear_task_free,256,plus_both,0.027142852544784546,-0.05364509786231539
interior_four,17,recoils,linear_task_free,256,plus_both,0.009047627449035645,-0.061819178279287235
interior_four,17,lis_length,linear_task_free,256,plus_both,-0.0052381157875061035,-0.07072385439864748
interior_four,17,longest_increasing_run,linear_task_free,256,plus_both,0.02857142686843872,-0.0297053935620585
interior_four,42,descents,linear_task_free,256,plus_both,-0.015714287757873535,-0.04807276470056808
interior_four,42,recoils,linear_task_free,256,plus_both,0.00952380895614624,-0.05624684511753994
interior_four,42,lis_length,linear_task_free,256,plus_both,-0.02285715937614441,-0.06515152123690017
interior_four,42,longest_increasing_run,linear_task_free,256,plus_both,0.019999980926513672,-0.02413306040031121
position_none,17,descents,linear_task_free,256,plus_both,-0.049047619104385376,0.02508604310080452
position_none,17,recoils,linear_task_free,256,plus_both,-0.05190475285053253,0.00788378990701775
position_none,17,lis_length,linear_task_free,256,plus_both,-0.051904767751693726,-0.005411751663643867
position_none,17,longest_increasing_run,linear_task_free,256,plus_both,-0.02000001072883606,0.03513773399304991
position_none,101,descents,linear_task_free,256,plus_both,-0.02571427822113037,0.011321452306929972
position_none,101,recoils,linear_task_free,256,plus_both,-0.01047620177268982,-0.005880800886856791
position_none,101,lis_length,linear_task_free,256,plus_both,-0.05238094925880432,-0.01917634245751841
position_none,101,longest_increasing_run,linear_task_free,256,plus_both,0.028095245361328125,0.021373143199175368
cycle_four,17,descents,linear_task_free,256,plus_both,-0.034761905670166016,-0.0463687029585727
cycle_four,17,recoils,linear_task_free,256,plus_both,-0.02095237374305725,-0.037994075197855984
cycle_four,17,lis_length,linear_task_free,256,plus_both,-0.051904767751693726,-0.0498541393540537
cycle_four,17,longest_increasing_run,linear_task_free,256,plus_both,-0.016666680574417114,-0.04092315422165293
position_three,101,descents,linear_query,64,plus_mathematical_relations,-0.02142857015132904,-0.04751650442970984
position_three,101,recoils,linear_query,64,plus_mathematical_relations,-0.035238102078437805,-0.06138705370288075
position_three,101,lis_length,linear_query,64,plus_mathematical_relations,-0.009047627449035645,-0.026787200008170566
position_three,101,longest_increasing_run,linear_query,64,plus_mathematical_relations,-0.024285703897476196,-0.014930746092795754
cycle_three,17,descents,linear_query,64,plus_mathematical_relations,-0.08190476894378662,-0.053542103479074614
cycle_three,17,recoils,linear_query,64,plus_mathematical_relations,-0.08666665852069855,-0.0655150689890012
cycle_three,17,lis_length,linear_query,64,plus_mathematical_relations,-0.02761903405189514,-0.03293108585259509
cycle_three,17,longest_increasing_run,linear_query,64,plus_mathematical_relations,-0.006190478801727295,-0.02746109236503706
position_three,42,descents,linear_query,64,plus_mathematical_relations,-0.036190465092659,-0.0548244767647265
position_three,42,recoils,linear_query,64,plus_mathematical_relations,-0.027619048953056335,-0.06869502603789743
position_three,42,lis_length,linear_query,64,plus_mathematical_relations,0.01523810625076294,-0.03409517234318723
position_three,42,longest_increasing_run,linear_query,64,plus_mathematical_relations,0.007142871618270874,-0.022238718427812415
position_four,101,descents,linear_query,64,plus_mathematical_relations,-0.03095237910747528,-0.03060504309156482
position_four,101,recoils,linear_query,64,plus_mathematical_relations,-0.034761905670166016,-0.040657791118223874
position_four,101,lis_length,linear_query,64,plus_mathematical_relations,0.008571416139602661,-0.006671517659138759
position_four,101,longest_increasing_run,linear_query,64,plus_mathematical_relations,-0.00952380895614624,0.005608870172272417
cycle_three,42,descents,linear_query,64,plus_mathematical_relations,-0.05428570508956909,-0.06171389906795788
cycle_three,42,recoils,linear_query,64,plus_mathematical_relations,-0.06809523701667786,-0.07368686457788445
cycle_three,42,lis_length,linear_query,64,plus_mathematical_relations,-0.01904761791229248,-0.041102881441478355
cycle_three,42,longest_increasing_run,linear_query,64,plus_mathematical_relations,-0.04476189613342285,-0.03563288795392032
position_three,17,descents,linear_query,64,plus_mathematical_relations,-0.030000001192092896,-0.04487587154203221
position_three,17,recoils,linear_query,64,plus_mathematical_relations,-0.026666656136512756,-0.05874642081520312
position_three,17,lis_length,linear_query,64,plus_mathematical_relations,-0.01571427285671234,-0.02414656712049293
position_three,17,longest_increasing_run,linear_query,64,plus_mathematical_relations,-0.016666650772094727,-0.012290113205118122
interior_none,101,descents,linear_query,64,plus_mathematical_relations,-0.0019047558307647705,-0.017324632373895164
interior_none,101,recoils,linear_query,64,plus_mathematical_relations,-0.02714286744594574,-0.026190329148129084
interior_none,101,lis_length,linear_query,64,plus_mathematical_relations,-0.009999990463256836,0.00801371394651405
interior_none,101,longest_increasing_run,linear_query,64,plus_mathematical_relations,0.03714284300804138,0.015697211926133717
position_four,42,descents,linear_query,64,plus_mathematical_relations,-0.034285709261894226,-0.032333349522477406
position_four,42,recoils,linear_query,64,plus_mathematical_relations,-0.058571428060531616,-0.042386097549136456
position_four,42,lis_length,linear_query,64,plus_mathematical_relations,-0.036666661500930786,-0.008399824090051345
position_four,42,longest_increasing_run,linear_query,64,plus_mathematical_relations,-0.042380958795547485,0.0038805637413598278
cycle_three,101,descents,linear_query,64,plus_mathematical_relations,-0.08095237612724304,-0.05437169050494885
cycle_three,101,recoils,linear_query,64,plus_mathematical_relations,-0.08428572118282318,-0.06634465601487544
cycle_three,101,lis_length,linear_query,64,plus_mathematical_relations,-0.06380952894687653,-0.03376067287846934
cycle_three,101,longest_increasing_run,linear_query,64,plus_mathematical_relations,0.006666660308837891,-0.0282906793909113
cycle_none,42,descents,linear_query,64,plus_mathematical_relations,-0.06047618389129639,-0.039209877130770315
cycle_none,42,recoils,linear_query,64,plus_mathematical_relations,-0.06190475821495056,-0.052604729318815976
cycle_none,42,lis_length,linear_query,64,plus_mathematical_relations,-0.020476192235946655,-0.017865629386857877
cycle_none,42,longest_increasing_run,linear_query,64,plus_mathematical_relations,-0.02571427822113037,-0.007040506915010802
cycle_four,101,descents,linear_query,64,plus_mathematical_relations,-0.06619048118591309,-0.06295580372935324
cycle_four,101,recoils,linear_query,64,plus_mathematical_relations,-0.09190475940704346,-0.07390725929803453
cycle_four,101,lis_length,linear_query,64,plus_mathematical_relations,-0.05428570508956909,-0.04118842156647845
cycle_four,101,longest_increasing_run,linear_query,64,plus_mathematical_relations,-0.022380948066711426,-0.03994512164675116
interior_none,17,descents,linear_query,64,plus_mathematical_relations,0.013333335518836975,-0.025958057716701302
interior_none,17,recoils,linear_query,64,plus_mathematical_relations,-0.01571427285671234,-0.03482375449093522
interior_none,17,lis_length,linear_query,64,plus_mathematical_relations,0.0238095223903656,-0.0006197113962920844
interior_none,17,longest_increasing_run,linear_query,64,plus_mathematical_relations,0.03142857551574707,0.00706378658332758
interior_four,101,descents,linear_query,64,plus_mathematical_relations,-0.00761905312538147,-0.07720245307643614
interior_four,101,recoils,linear_query,64,plus_mathematical_relations,-0.03095237910747528,-0.0846862962077709
interior_four,101,lis_length,linear_query,64,plus_mathematical_relations,-0.01238095760345459,-0.04660374798162141
interior_four,101,longest_increasing_run,linear_query,64,plus_mathematical_relations,-0.006666660308837891,-0.030924079604559698
interior_none,42,descents,linear_query,64,plus_mathematical_relations,-0.029523804783821106,-0.031006311315883387
interior_none,42,recoils,linear_query,64,plus_mathematical_relations,-0.046666666865348816,-0.0398720080901173
interior_none,42,lis_length,linear_query,64,plus_mathematical_relations,0.002380937337875366,-0.005667964995474169
interior_none,42,longest_increasing_run,linear_query,64,plus_mathematical_relations,-0.019523799419403076,0.002015532984145498
position_none,42,descents,linear_query,64,plus_mathematical_relations,-0.04047618806362152,-0.007366904471585202
position_none,42,recoils,linear_query,64,plus_mathematical_relations,-0.033809512853622437,-0.035227579882973564
position_none,42,lis_length,linear_query,64,plus_mathematical_relations,0.019523799419403076,-0.002910354508774797
position_none,42,longest_increasing_run,linear_query,64,plus_mathematical_relations,0.0028571486473083496,-0.00731701186102033
cycle_four,42,descents,linear_query,64,plus_mathematical_relations,-0.07619047164916992,-0.0709084348742594
cycle_four,42,recoils,linear_query,64,plus_mathematical_relations,-0.06904761493206024,-0.08185989044294067
cycle_four,42,lis_length,linear_query,64,plus_mathematical_relations,-0.05285714566707611,-0.04914105271138461
cycle_four,42,longest_increasing_run,linear_query,64,plus_mathematical_relations,0.01523810625076294,-0.04789775279165731
position_four,17,descents,linear_query,64,plus_mathematical_relations,-0.003333345055580139,-0.028888469194650223
position_four,17,recoils,linear_query,64,plus_mathematical_relations,-0.04047618806362152,-0.03894121722130928
position_four,17,lis_length,linear_query,64,plus_mathematical_relations,-0.0019047558307647705,-0.004954943762224162
position_four,17,longest_increasing_run,linear_query,64,plus_mathematical_relations,-0.02285712957382202,0.007325444069187014
cycle_none,17,descents,linear_query,64,plus_mathematical_relations,-0.044285714626312256,-0.03117191423885923
cycle_none,17,recoils,linear_query,64,plus_mathematical_relations,-0.06666666269302368,-0.044566766426904894
cycle_none,17,lis_length,linear_query,64,plus_mathematical_relations,-0.021428555250167847,-0.00982766649494679
cycle_none,17,longest_increasing_run,linear_query,64,plus_mathematical_relations,-0.034761905670166016,0.0009974559769002841
cycle_none,101,descents,linear_query,64,plus_mathematical_relations,-0.05714285373687744,-0.031639171906838764
cycle_none,101,recoils,linear_query,64,plus_mathematical_relations,-0.04047618806362152,-0.045034024094884426
cycle_none,101,lis_length,linear_query,64,plus_mathematical_relations,-0.037142857909202576,-0.010294924162926329
cycle_none,101,longest_increasing_run,linear_query,64,plus_mathematical_relations,-0.035714298486709595,0.0005301983089207457
interior_four,17,descents,linear_query,64,plus_mathematical_relations,0.005238085985183716,-0.07628988495240627
interior_four,17,recoils,linear_query,64,plus_mathematical_relations,-0.039047613739967346,-0.08377372808374105
interior_four,17,lis_length,linear_query,64,plus_mathematical_relations,-0.013333320617675781,-0.045691179857591545
interior_four,17,longest_increasing_run,linear_query,64,plus_mathematical_relations,0.0,-0.030011511480529825
interior_four,42,descents,linear_query,64,plus_mathematical_relations,-0.03761903941631317,-0.08319985653580089
interior_four,42,recoils,linear_query,64,plus_mathematical_relations,-0.036666661500930786,-0.09068369966713566
interior_four,42,lis_length,linear_query,64,plus_mathematical_relations,-0.039047613739967346,-0.05260115144098618
interior_four,42,longest_increasing_run,linear_query,64,plus_mathematical_relations,-0.03142857551574707,-0.03692148306392446
position_none,17,descents,linear_query,64,plus_mathematical_relations,-0.02428571879863739,0.002523880383886245
position_none,17,recoils,linear_query,64,plus_mathematical_relations,-0.051428571343421936,-0.025336795027502124
position_none,17,lis_length,linear_query,64,plus_mathematical_relations,-0.0014285445213317871,0.006980430346696636
position_none,17,longest_increasing_run,linear_query,64,plus_mathematical_relations,0.046190470457077026,0.0025737729944511033
position_none,101,descents,linear_query,64,plus_mathematical_relations,-0.02142857015132904,-0.006471645477582985
position_none,101,recoils,linear_query,64,plus_mathematical_relations,-0.02190476655960083,-0.034332320888971354
position_none,101,lis_length,linear_query,64,plus_mathematical_relations,0.01714286208152771,-0.0020150955147725837
position_none,101,longest_increasing_run,linear_query,64,plus_mathematical_relations,0.054761916399002075,-0.006421752867018116
cycle_four,17,descents,linear_query,64,plus_mathematical_relations,-0.09142857789993286,-0.06146618750657053
cycle_four,17,recoils,linear_query,64,plus_mathematical_relations,-0.10904760658740997,-0.07241764307525181
cycle_four,17,lis_length,linear_query,64,plus_mathematical_relations,-0.03238093852996826,-0.03969880534369574
cycle_four,17,longest_increasing_run,linear_query,64,plus_mathematical_relations,0.0014285743236541748,-0.03845550542396845
position_three,101,descents,linear_query,64,plus_both,-0.02142857015132904,-0.03993312357487688
position_three,101,recoils,linear_query,64,plus_both,-0.035238102078437805,-0.05382183283734407
position_three,101,lis_length,linear_query,64,plus_both,-0.009047627449035645,-0.019240901620466558
position_three,101,longest_increasing_run,linear_query,64,plus_both,-0.024285703897476196,-0.007383865004613896
cycle_three,17,descents,linear_query,64,plus_both,-0.08190476894378662,-0.05478441820831606
cycle_three,17,recoils,linear_query,64,plus_both,-0.08666665852069855,-0.06686974850669725
cycle_three,17,lis_length,linear_query,64,plus_both,-0.02761903405189514,-0.03428229971103371
cycle_three,17,longest_increasing_run,linear_query,64,plus_both,-0.006190478801727295,-0.028747129492598306
position_three,42,descents,linear_query,64,plus_both,-0.036190465092659,-0.04660459076663779
position_three,42,recoils,linear_query,64,plus_both,-0.027619048953056335,-0.060493300029104975
position_three,42,lis_length,linear_query,64,plus_both,0.01523810625076294,-0.025912368812227454
position_three,42,longest_increasing_run,linear_query,64,plus_both,0.007142871618270874,-0.014055332196374795
position_four,101,descents,linear_query,64,plus_both,-0.03095237910747528,-0.031771542197012496
position_four,101,recoils,linear_query,64,plus_both,-0.034761905670166016,-0.04177971170053167
position_four,101,lis_length,linear_query,64,plus_both,0.008571416139602661,-0.007791253273955197
position_four,101,longest_increasing_run,linear_query,64,plus_both,-0.00952380895614624,0.0044301210089773176
cycle_three,42,descents,linear_query,64,plus_both,-0.05428570508956909,-0.06392414916941307
cycle_three,42,recoils,linear_query,64,plus_both,-0.06809523701667786,-0.07600947946779425
cycle_three,42,lis_length,linear_query,64,plus_both,-0.01904761791229248,-0.043422030672130726
cycle_three,42,longest_increasing_run,linear_query,64,plus_both,-0.04476189613342285,-0.03788686045369531
position_three,17,descents,linear_query,64,plus_both,-0.030000001192092896,-0.03806366602667552
position_three,17,recoils,linear_query,64,plus_both,-0.026666656136512756,-0.051952375289142705
position_three,17,lis_length,linear_query,64,plus_both,-0.01571427285671234,-0.01737144407226519
position_three,17,longest_increasing_run,linear_query,64,plus_both,-0.016666650772094727,-0.005514407456412525
interior_none,101,descents,linear_query,64,plus_both,-0.0019047558307647705,-0.01916378384465499
interior_none,101,recoils,linear_query,64,plus_both,-0.02714286744594574,-0.02800715259397693
interior_none,101,lis_length,linear_query,64,plus_both,-0.009999990463256836,0.006198288953494776
interior_none,101,longest_increasing_run,linear_query,64,plus_both,0.03714284300804138,0.013873444553174203
position_four,42,descents,linear_query,64,plus_both,-0.034285709261894226,-0.03451320799638384
position_four,42,recoils,linear_query,64,plus_both,-0.058571428060531616,-0.044521377499903016
position_four,42,lis_length,linear_query,64,plus_both,-0.036666661500930786,-0.010532919073326544
position_four,42,longest_increasing_run,linear_query,64,plus_both,-0.042380958795547485,0.0016884552096059768
cycle_three,101,descents,linear_query,64,plus_both,-0.08095237612724304,-0.05543430001197734
cycle_three,101,recoils,linear_query,64,plus_both,-0.08428572118282318,-0.06751963031035851
cycle_three,101,lis_length,linear_query,64,plus_both,-0.06380952894687653,-0.034932181514695
cycle_three,101,longest_increasing_run,linear_query,64,plus_both,0.006666660308837891,-0.02939701129625959
cycle_none,42,descents,linear_query,64,plus_both,-0.06047618389129639,-0.044347947357083486
cycle_none,42,recoils,linear_query,64,plus_both,-0.06190475821495056,-0.05778672674709668
cycle_none,42,lis_length,linear_query,64,plus_both,-0.020476192235946655,-0.023043344354993313
cycle_none,42,longest_increasing_run,linear_query,64,plus_both,-0.02571427822113037,-0.012206170178192801
cycle_four,101,descents,linear_query,64,plus_both,-0.06619048118591309,-0.06177808267705427
cycle_four,101,recoils,linear_query,64,plus_both,-0.09190475940704346,-0.07284385976847853
cycle_four,101,lis_length,linear_query,64,plus_both,-0.05428570508956909,-0.04011098691824064
cycle_four,101,longest_increasing_run,linear_query,64,plus_both,-0.022380948066711426,-0.03881521736344185
interior_none,17,descents,linear_query,64,plus_both,0.013333335518836975,-0.024542627174828247
interior_none,17,recoils,linear_query,64,plus_both,-0.01571427285671234,-0.03338599592415019
interior_none,17,lis_length,linear_query,64,plus_both,0.0238095223903656,0.0008194456233215179
interior_none,17,longest_increasing_run,linear_query,64,plus_both,0.03142857551574707,0.008494601223000945
interior_four,101,descents,linear_query,64,plus_both,-0.00761905312538147,-0.05870805212092956
interior_four,101,recoils,linear_query,64,plus_both,-0.03095237910747528,-0.0654072086501248
interior_four,101,lis_length,linear_query,64,plus_both,-0.01238095760345459,-0.027357448924187684
interior_four,101,longest_increasing_run,linear_query,64,plus_both,-0.006666660308837891,-0.012322992389225608
interior_none,42,descents,linear_query,64,plus_both,-0.029523804783821106,-0.03092027542574889
interior_none,42,recoils,linear_query,64,plus_both,-0.046666666865348816,-0.039763644175070834
interior_none,42,lis_length,linear_query,64,plus_both,0.002380937337875366,-0.005558202627599127
interior_none,42,longest_increasing_run,linear_query,64,plus_both,-0.019523799419403076,0.002116952972080293
position_none,42,descents,linear_query,64,plus_both,-0.04047618806362152,-0.01729459834623358
position_none,42,recoils,linear_query,64,plus_both,-0.033809512853622437,-0.04517802173501152
position_none,42,lis_length,linear_query,64,plus_both,0.019523799419403076,-0.012860443069790475
position_none,42,longest_increasing_run,linear_query,64,plus_both,0.0028571486473083496,-0.017287777048782385
cycle_four,42,descents,linear_query,64,plus_both,-0.07619047164916992,-0.07074273932123055
cycle_four,42,recoils,linear_query,64,plus_both,-0.06904761493206024,-0.08180851641265482
cycle_four,42,lis_length,linear_query,64,plus_both,-0.05285714566707611,-0.04907564356241692
cycle_four,42,longest_increasing_run,linear_query,64,plus_both,0.01523810625076294,-0.04777987400761813
position_four,17,descents,linear_query,64,plus_both,-0.003333345055580139,-0.030031318173979582
position_four,17,recoils,linear_query,64,plus_both,-0.04047618806362152,-0.04003948767749876
position_four,17,lis_length,linear_query,64,plus_both,-0.0019047558307647705,-0.006051029250922286
position_four,17,longest_increasing_run,linear_query,64,plus_both,-0.02285712957382202,0.006170345032010239
cycle_none,17,descents,linear_query,64,plus_both,-0.044285714626312256,-0.03337707732213144
cycle_none,17,recoils,linear_query,64,plus_both,-0.06666666269302368,-0.046815856712144624
cycle_none,17,lis_length,linear_query,64,plus_both,-0.021428555250167847,-0.012072474320041264
cycle_none,17,longest_increasing_run,linear_query,64,plus_both,-0.034761905670166016,-0.0012353001432407543
cycle_none,101,descents,linear_query,64,plus_both,-0.05714285373687744,-0.035655502491026274
cycle_none,101,recoils,linear_query,64,plus_both,-0.04047618806362152,-0.04909428188103946
cycle_none,101,lis_length,linear_query,64,plus_both,-0.037142857909202576,-0.014350899488936093
cycle_none,101,longest_increasing_run,linear_query,64,plus_both,-0.035714298486709595,-0.0035137253121355835
interior_four,17,descents,linear_query,64,plus_both,0.005238085985183716,-0.055248032721478574
interior_four,17,recoils,linear_query,64,plus_both,-0.039047613739967346,-0.06194718925067381
interior_four,17,lis_length,linear_query,64,plus_both,-0.013333320617675781,-0.0238974295247367
interior_four,17,longest_increasing_run,linear_query,64,plus_both,0.0,-0.008862972989774637
interior_four,42,descents,linear_query,64,plus_both,-0.03761903941631317,-0.05548689543659538
interior_four,42,recoils,linear_query,64,plus_both,-0.036666661500930786,-0.0621860519657906
interior_four,42,lis_length,linear_query,64,plus_both,-0.039047613739967346,-0.024136292239853488
interior_four,42,longest_increasing_run,linear_query,64,plus_both,-0.03142857551574707,-0.009101835704891429
position_none,17,descents,linear_query,64,plus_both,-0.02428571879863739,-0.0173830733657772
position_none,17,recoils,linear_query,64,plus_both,-0.051428571343421936,-0.04526649675455513
position_none,17,lis_length,linear_query,64,plus_both,-0.0014285445213317871,-0.0129489180893341
position_none,17,longest_increasing_run,linear_query,64,plus_both,0.046190470457077026,-0.017376252068326
position_none,101,descents,linear_query,64,plus_both,-0.02142857015132904,-0.016934163506657364
position_none,101,recoils,linear_query,64,plus_both,-0.02190476655960083,-0.044817586895435295
position_none,101,lis_length,linear_query,64,plus_both,0.01714286208152771,-0.01250000823021426
position_none,101,longest_increasing_run,linear_query,64,plus_both,0.054761916399002075,-0.016927342209206164
cycle_four,17,descents,linear_query,64,plus_both,-0.09142857789993286,-0.0606885887255281
cycle_four,17,recoils,linear_query,64,plus_both,-0.10904760658740997,-0.07175436581695235
cycle_four,17,lis_length,linear_query,64,plus_both,-0.03238093852996826,-0.03902149296671448
cycle_four,17,longest_increasing_run,linear_query,64,plus_both,0.0014285743236541748,-0.037725723411915685
position_three,101,descents,linear_query,256,plus_mathematical_relations,-0.01666666567325592,-0.050407048596024774
position_three,101,recoils,linear_query,256,plus_mathematical_relations,-0.01666666567325592,-0.036062150052296384
position_three,101,lis_length,linear_query,256,plus_mathematical_relations,-0.01619049906730652,-0.04291509299098671
position_three,101,longest_increasing_run,linear_query,256,plus_mathematical_relations,-0.03428572416305542,-0.03593901984582727
cycle_three,17,descents,linear_query,256,plus_mathematical_relations,-0.07476189732551575,-0.05208981480862439
cycle_three,17,recoils,linear_query,256,plus_mathematical_relations,-0.06238095462322235,-0.03630461287078851
cycle_three,17,lis_length,linear_query,256,plus_mathematical_relations,-0.06190475821495056,-0.04771693321142281
cycle_three,17,longest_increasing_run,linear_query,256,plus_mathematical_relations,-0.027142852544784546,-0.044583522016382146
position_three,42,descents,linear_query,256,plus_mathematical_relations,-0.03619047999382019,-0.04583021080755986
position_three,42,recoils,linear_query,256,plus_mathematical_relations,0.00476190447807312,-0.03148531226383148
position_three,42,lis_length,linear_query,256,plus_mathematical_relations,-0.027142852544784546,-0.038338255202521807
position_three,42,longest_increasing_run,linear_query,256,plus_mathematical_relations,-0.02761906385421753,-0.03136218205736237
position_four,101,descents,linear_query,256,plus_mathematical_relations,-0.03142857551574707,-0.0284061398179006
position_four,101,recoils,linear_query,256,plus_mathematical_relations,-0.017619043588638306,-0.01278358508525687
position_four,101,lis_length,linear_query,256,plus_mathematical_relations,-0.00761905312538147,-0.021034755991214526
position_four,101,longest_increasing_run,linear_query,256,plus_mathematical_relations,-0.01523810625076294,-0.012200423073077756
cycle_three,42,descents,linear_query,256,plus_mathematical_relations,-0.04095238447189331,-0.051549889381874575
cycle_three,42,recoils,linear_query,256,plus_mathematical_relations,-0.0119047611951828,-0.035764687444038705
cycle_three,42,lis_length,linear_query,256,plus_mathematical_relations,-0.033809512853622437,-0.04717700778467301
cycle_three,42,longest_increasing_run,linear_query,256,plus_mathematical_relations,-0.031904757022857666,-0.04404359658963235
position_three,17,descents,linear_query,256,plus_mathematical_relations,-0.02333332598209381,-0.04959585828704378
position_three,17,recoils,linear_query,256,plus_mathematical_relations,-0.00047619640827178955,-0.03525095974331539
position_three,17,lis_length,linear_query,256,plus_mathematical_relations,-0.022380948066711426,-0.04210390268200572
position_three,17,longest_increasing_run,linear_query,256,plus_mathematical_relations,-0.044285714626312256,-0.035127829536846275
interior_none,101,descents,linear_query,256,plus_mathematical_relations,0.0004761815071105957,-0.02004155468456055
interior_none,101,recoils,linear_query,256,plus_mathematical_relations,-0.0009523779153823853,-0.004924131032700566
interior_none,101,lis_length,linear_query,256,plus_mathematical_relations,-0.0019047558307647705,-0.01643379234885099
interior_none,101,longest_increasing_run,linear_query,256,plus_mathematical_relations,0.07238095998764038,-0.013052877166927164
position_four,42,descents,linear_query,256,plus_mathematical_relations,-0.010952383279800415,-0.02394563176668584
position_four,42,recoils,linear_query,256,plus_mathematical_relations,0.00952380895614624,-0.008323077034042108
position_four,42,lis_length,linear_query,256,plus_mathematical_relations,-0.03523808717727661,-0.016574247939999766
position_four,42,longest_increasing_run,linear_query,256,plus_mathematical_relations,-0.06428572535514832,-0.0077399150218629975
cycle_three,101,descents,linear_query,256,plus_mathematical_relations,-0.0771428644657135,-0.049309374529344266
cycle_three,101,recoils,linear_query,256,plus_mathematical_relations,-0.07285714149475098,-0.03352417259150839
cycle_three,101,lis_length,linear_query,256,plus_mathematical_relations,-0.061428576707839966,-0.04493649293214269
cycle_three,101,longest_increasing_run,linear_query,256,plus_mathematical_relations,-0.04476189613342285,-0.04180308173710203
cycle_none,42,descents,linear_query,256,plus_mathematical_relations,-0.05476190149784088,-0.02949138438375172
cycle_none,42,recoils,linear_query,256,plus_mathematical_relations,-0.01142856478691101,-0.016233798121648328
cycle_none,42,lis_length,linear_query,256,plus_mathematical_relations,-0.024761885404586792,-0.028242325079376344
cycle_none,42,longest_increasing_run,linear_query,256,plus_mathematical_relations,-0.06190475821495056,-0.013621752148610196
cycle_four,101,descents,linear_query,256,plus_mathematical_relations,-0.07238095998764038,-0.05726514299239967
cycle_four,101,recoils,linear_query,256,plus_mathematical_relations,-0.07476189732551575,-0.04005666812545692
cycle_four,101,lis_length,linear_query,256,plus_mathematical_relations,-0.0652380883693695,-0.05287138717155212
cycle_four,101,longest_increasing_run,linear_query,256,plus_mathematical_relations,-0.02095237374305725,-0.05500543566764096
interior_none,17,descents,linear_query,256,plus_mathematical_relations,0.00714285671710968,-0.02712168847711979
interior_none,17,recoils,linear_query,256,plus_mathematical_relations,-0.006190478801727295,-0.012004264825259806
interior_none,17,lis_length,linear_query,256,plus_mathematical_relations,-0.006190478801727295,-0.023513926141410228
interior_none,17,longest_increasing_run,linear_query,256,plus_mathematical_relations,0.06619048118591309,-0.020133010959486403
interior_four,101,descents,linear_query,256,plus_mathematical_relations,0.005238085985183716,-0.03240618199499709
interior_four,101,recoils,linear_query,256,plus_mathematical_relations,-0.00904761254787445,-0.038398781705641497
interior_four,101,lis_length,linear_query,256,plus_mathematical_relations,-0.01809525489807129,-0.044887797234623925
interior_four,101,longest_increasing_run,linear_query,256,plus_mathematical_relations,-0.028095245361328125,-0.02342515534838267
interior_none,42,descents,linear_query,256,plus_mathematical_relations,-0.034285709261894226,-0.021958887099992018
interior_none,42,recoils,linear_query,256,plus_mathematical_relations,-0.00476190447807312,-0.006841463448132034
interior_none,42,lis_length,linear_query,256,plus_mathematical_relations,-0.010476171970367432,-0.018351124764282453
interior_none,42,longest_increasing_run,linear_query,256,plus_mathematical_relations,-0.04380953311920166,-0.01497020958235863
position_none,42,descents,linear_query,256,plus_mathematical_relations,-0.01476190984249115,-0.0033028572268542535
position_none,42,recoils,linear_query,256,plus_mathematical_relations,0.018095239996910095,-0.011527470553356112
position_none,42,lis_length,linear_query,256,plus_mathematical_relations,-0.0014285445213317871,-0.022762886636325426
position_none,42,longest_increasing_run,linear_query,256,plus_mathematical_relations,-0.048095256090164185,-0.030363663716753257
cycle_four,42,descents,linear_query,256,plus_mathematical_relations,-0.059047624468803406,-0.05842086292382949
cycle_four,42,recoils,linear_query,256,plus_mathematical_relations,-0.037142857909202576,-0.041212388056886734
cycle_four,42,lis_length,linear_query,256,plus_mathematical_relations,-0.03714284300804138,-0.05402710710298193
cycle_four,42,longest_increasing_run,linear_query,256,plus_mathematical_relations,0.009999990463256836,-0.05616115559907078
position_four,17,descents,linear_query,256,plus_mathematical_relations,-0.017619043588638306,-0.02841893887718021
position_four,17,recoils,linear_query,256,plus_mathematical_relations,-0.00761905312538147,-0.012796384144536483
position_four,17,lis_length,linear_query,256,plus_mathematical_relations,-0.04380953311920166,-0.02104755505049414
position_four,17,longest_increasing_run,linear_query,256,plus_mathematical_relations,-0.04476189613342285,-0.012213222132357367
cycle_none,17,descents,linear_query,256,plus_mathematical_relations,-0.043809518218040466,-0.03295397061300283
cycle_none,17,recoils,linear_query,256,plus_mathematical_relations,-0.027619048953056335,-0.01969638435089944
cycle_none,17,lis_length,linear_query,256,plus_mathematical_relations,-0.022380948066711426,-0.031704911308627445
cycle_none,17,longest_increasing_run,linear_query,256,plus_mathematical_relations,-0.06809523701667786,-0.01708433837786131
cycle_none,101,descents,linear_query,256,plus_mathematical_relations,-0.037142857909202576,-0.031444603640757476
cycle_none,101,recoils,linear_query,256,plus_mathematical_relations,-0.022857144474983215,-0.018187017378654087
cycle_none,101,lis_length,linear_query,256,plus_mathematical_relations,-0.024285733699798584,-0.0301955443363821
cycle_none,101,longest_increasing_run,linear_query,256,plus_mathematical_relations,-0.05809524655342102,-0.01557497140561596
interior_four,17,descents,linear_query,256,plus_mathematical_relations,-0.0004761815071105957,-0.03426159144441121
interior_four,17,recoils,linear_query,256,plus_mathematical_relations,0.00714285671710968,-0.040254191155055616
interior_four,17,lis_length,linear_query,256,plus_mathematical_relations,-0.032857149839401245,-0.046743206684038044
interior_four,17,longest_increasing_run,linear_query,256,plus_mathematical_relations,-0.009047597646713257,-0.025280564797796782
interior_four,42,descents,linear_query,256,plus_mathematical_relations,-0.0019047558307647705,-0.03720598913491727
interior_four,42,recoils,linear_query,256,plus_mathematical_relations,0.00761905312538147,-0.04319858884556167
interior_four,42,lis_length,linear_query,256,plus_mathematical_relations,-0.0423809289932251,-0.04968760437454411
interior_four,42,longest_increasing_run,linear_query,256,plus_mathematical_relations,-0.040476202964782715,-0.028224962488302845
position_none,17,descents,linear_query,256,plus_mathematical_relations,-0.00714285671710968,-0.0014916168929006955
position_none,17,recoils,linear_query,256,plus_mathematical_relations,-0.032380953431129456,-0.009716230219402558
position_none,17,lis_length,linear_query,256,plus_mathematical_relations,-0.03047621250152588,-0.02095164630237187
position_none,17,longest_increasing_run,linear_query,256,plus_mathematical_relations,0.012857168912887573,-0.028552423382799706
position_none,101,descents,linear_query,256,plus_mathematical_relations,-0.00714285671710968,-0.011655927275030977
position_none,101,recoils,linear_query,256,plus_mathematical_relations,-0.01714286208152771,-0.019880540601532843
position_none,101,lis_length,linear_query,256,plus_mathematical_relations,-0.007142871618270874,-0.031115956684502157
position_none,101,longest_increasing_run,linear_query,256,plus_mathematical_relations,0.032857149839401245,-0.038716733764929984
cycle_four,17,descents,linear_query,256,plus_mathematical_relations,-0.07333332300186157,-0.05929451337791984
cycle_four,17,recoils,linear_query,256,plus_mathematical_relations,-0.06714285910129547,-0.042086038510977086
cycle_four,17,lis_length,linear_query,256,plus_mathematical_relations,-0.06857144832611084,-0.054900757557072286
cycle_four,17,longest_increasing_run,linear_query,256,plus_mathematical_relations,-0.00952380895614624,-0.057034806053161136
position_three,101,descents,linear_query,256,plus_both,-0.01666666567325592,-0.04130722876232462
position_three,101,recoils,linear_query,256,plus_both,-0.01666666567325592,-0.02702354735671986
position_three,101,lis_length,linear_query,256,plus_both,-0.01619049906730652,-0.03389555924674589
position_three,101,longest_increasing_run,linear_query,256,plus_both,-0.03428572416305542,-0.026866990474312655
cycle_three,17,descents,linear_query,256,plus_both,-0.07476189732551575,-0.053459921257269075
cycle_three,17,recoils,linear_query,256,plus_both,-0.06238095462322235,-0.03786617562291364
cycle_three,17,lis_length,linear_query,256,plus_both,-0.06190475821495056,-0.0492704012607921
cycle_three,17,longest_increasing_run,linear_query,256,plus_both,-0.027142852544784546,-0.045994108128461844
position_three,42,descents,linear_query,256,plus_both,-0.03619047999382019,-0.03632871863784317
position_three,42,recoils,linear_query,256,plus_both,0.00476190447807312,-0.0220450372322384
position_three,42,lis_length,linear_query,256,plus_both,-0.027142852544784546,-0.028917049122264435
position_three,42,longest_increasing_run,linear_query,256,plus_both,-0.02761906385421753,-0.021888480349831187
position_four,101,descents,linear_query,256,plus_both,-0.03142857551574707,-0.031260895963560756
position_four,101,recoils,linear_query,256,plus_both,-0.017619043588638306,-0.015664206960495544
position_four,101,lis_length,linear_query,256,plus_both,-0.00761905312538147,-0.02391636949078507
position_four,101,longest_increasing_run,linear_query,256,plus_both,-0.01523810625076294,-0.015063259102758585
cycle_three,42,descents,linear_query,256,plus_both,-0.04095238447189331,-0.053700315505811266
cycle_three,42,recoils,linear_query,256,plus_both,-0.0119047611951828,-0.03810656987145582
cycle_three,42,lis_length,linear_query,256,plus_both,-0.033809512853622437,-0.04951079550933427
cycle_three,42,longest_increasing_run,linear_query,256,plus_both,-0.031904757022857666,-0.04623450237700402
position_three,17,descents,linear_query,256,plus_both,-0.02333332598209381,-0.04103992300422998
position_three,17,recoils,linear_query,256,plus_both,-0.00047619640827178955,-0.026756241598625215
position_three,17,lis_length,linear_query,256,plus_both,-0.022380948066711426,-0.03362825348865124
position_three,17,longest_increasing_run,linear_query,256,plus_both,-0.044285714626312256,-0.02659968471621801
interior_none,101,descents,linear_query,256,plus_both,0.0004761815071105957,-0.022294609937599665
interior_none,101,recoils,linear_query,256,plus_both,-0.0009523779153823853,-0.007137774301400095
interior_none,101,lis_length,linear_query,256,plus_both,-0.0019047558307647705,-0.01864488323140044
interior_none,101,longest_increasing_run,linear_query,256,plus_both,0.07238095998764038,-0.01527921396127509
position_four,42,descents,linear_query,256,plus_both,-0.010952383279800415,-0.027748329703873562
position_four,42,recoils,linear_query,256,plus_both,0.00952380895614624,-0.012151640700808354
position_four,42,lis_length,linear_query,256,plus_both,-0.03523808717727661,-0.02040380323109788
position_four,42,longest_increasing_run,linear_query,256,plus_both,-0.06428572535514832,-0.011550692843071399
cycle_three,101,descents,linear_query,256,plus_both,-0.0771428644657135,-0.05055636165980881
cycle_three,101,recoils,linear_query,256,plus_both,-0.07285714149475098,-0.034962616025453364
cycle_three,101,lis_length,linear_query,256,plus_both,-0.061428576707839966,-0.046366841663331826
cycle_three,101,longest_increasing_run,linear_query,256,plus_both,-0.04476189613342285,-0.04309054853100157
cycle_none,42,descents,linear_query,256,plus_both,-0.05476190149784088,-0.034882122992838965
cycle_none,42,recoils,linear_query,256,plus_both,-0.01142856478691101,-0.021720554466363035
cycle_none,42,lis_length,linear_query,256,plus_both,-0.024761885404586792,-0.03372648597118463
cycle_none,42,longest_increasing_run,linear_query,256,plus_both,-0.06190475821495056,-0.01903256369652938
cycle_four,101,descents,linear_query,256,plus_both,-0.07238095998764038,-0.056013229995410294
cycle_four,101,recoils,linear_query,256,plus_both,-0.07476189732551575,-0.03897154956795186
cycle_four,101,lis_length,linear_query,256,plus_both,-0.0652380883693695,-0.05176768049522896
cycle_four,101,longest_increasing_run,linear_query,256,plus_both,-0.02095237374305725,-0.05379632880905328
interior_none,17,descents,linear_query,256,plus_both,0.00714285671710968,-0.02790223156383428
interior_none,17,recoils,linear_query,256,plus_both,-0.006190478801727295,-0.012745395927634715
interior_none,17,lis_length,linear_query,256,plus_both,-0.006190478801727295,-0.02425250485763506
interior_none,17,longest_increasing_run,linear_query,256,plus_both,0.06619048118591309,-0.020886835587509707
interior_four,101,descents,linear_query,256,plus_both,0.005238085985183716,-0.02106829126726223
interior_four,101,recoils,linear_query,256,plus_both,-0.00904761254787445,-0.02642036209236633
interior_four,101,lis_length,linear_query,256,plus_both,-0.01809525489807129,-0.03293649874125839
interior_four,101,longest_increasing_run,linear_query,256,plus_both,-0.028095245361328125,-0.01200273007165063
interior_none,42,descents,linear_query,256,plus_both,-0.034285709261894226,-0.022582046931187014
interior_none,42,recoils,linear_query,256,plus_both,-0.00476190447807312,-0.007425211294987449
interior_none,42,lis_length,linear_query,256,plus_both,-0.010476171970367432,-0.018932320224987795
interior_none,42,longest_increasing_run,linear_query,256,plus_both,-0.04380953311920166,-0.015566650954862442
position_none,42,descents,linear_query,256,plus_both,-0.01476190984249115,-0.0036821993982977634
position_none,42,recoils,linear_query,256,plus_both,0.018095239996910095,-0.01159843350851461
position_none,42,lis_length,linear_query,256,plus_both,-0.0014285445213317871,-0.02282112384680793
position_none,42,longest_increasing_run,linear_query,256,plus_both,-0.048095256090164185,-0.030655257614501795
cycle_four,42,descents,linear_query,256,plus_both,-0.059047624468803406,-0.057868612772776364
cycle_four,42,recoils,linear_query,256,plus_both,-0.037142857909202576,-0.04082693234531793
cycle_four,42,lis_length,linear_query,256,plus_both,-0.03714284300804138,-0.05362306327259502
cycle_four,42,longest_increasing_run,linear_query,256,plus_both,0.009999990463256836,-0.05565171158641935
position_four,17,descents,linear_query,256,plus_both,-0.017619043588638306,-0.03076679789438931
position_four,17,recoils,linear_query,256,plus_both,-0.00761905312538147,-0.015170108891324103
position_four,17,lis_length,linear_query,256,plus_both,-0.04380953311920166,-0.023422271421613627
position_four,17,longest_increasing_run,linear_query,256,plus_both,-0.04476189613342285,-0.014569161033587148
cycle_none,17,descents,linear_query,256,plus_both,-0.043809518218040466,-0.03620413517352948
cycle_none,17,recoils,linear_query,256,plus_both,-0.027619048953056335,-0.023042566647053547
cycle_none,17,lis_length,linear_query,256,plus_both,-0.022380948066711426,-0.03504849815187514
cycle_none,17,longest_increasing_run,linear_query,256,plus_both,-0.06809523701667786,-0.020354575877219894
cycle_none,101,descents,linear_query,256,plus_both,-0.037142857909202576,-0.036257298359816434
cycle_none,101,recoils,linear_query,256,plus_both,-0.022857144474983215,-0.0230957298333405
cycle_none,101,lis_length,linear_query,256,plus_both,-0.024285733699798584,-0.035101661338162095
cycle_none,101,longest_increasing_run,linear_query,256,plus_both,-0.05809524655342102,-0.020407739063506847
interior_four,17,descents,linear_query,256,plus_both,-0.0004761815071105957,-0.021460380261668043
interior_four,17,recoils,linear_query,256,plus_both,0.00714285671710968,-0.026812451086772143
interior_four,17,lis_length,linear_query,256,plus_both,-0.032857149839401245,-0.0333285877356642
interior_four,17,longest_increasing_run,linear_query,256,plus_both,-0.009047597646713257,-0.01239481906605645
interior_four,42,descents,linear_query,256,plus_both,-0.0019047558307647705,-0.019339532342690813
interior_four,42,recoils,linear_query,256,plus_both,0.00761905312538147,-0.024691603167794913
interior_four,42,lis_length,linear_query,256,plus_both,-0.0423809289932251,-0.03120773981668697
interior_four,42,longest_increasing_run,linear_query,256,plus_both,-0.040476202964782715,-0.01027397114707922
position_none,17,descents,linear_query,256,plus_both,-0.00714285671710968,-0.0047153719076877855
position_none,17,recoils,linear_query,256,plus_both,-0.032380953431129456,-0.012631606017904626
position_none,17,lis_length,linear_query,256,plus_both,-0.03047621250152588,-0.023854296356197936
position_none,17,longest_increasing_run,linear_query,256,plus_both,0.012857168912887573,-0.03168843012389181
position_none,101,descents,linear_query,256,plus_both,-0.00714285671710968,-0.011427730131885628
position_none,101,recoils,linear_query,256,plus_both,-0.01714286208152771,-0.019343964242102465
position_none,101,lis_length,linear_query,256,plus_both,-0.007142871618270874,-0.030566654580395786
position_none,101,longest_increasing_run,linear_query,256,plus_both,0.032857149839401245,-0.03840078834808965
cycle_four,17,descents,linear_query,256,plus_both,-0.07333332300186157,-0.05819923291758595
cycle_four,17,recoils,linear_query,256,plus_both,-0.06714285910129547,-0.04115755249012752
cycle_four,17,lis_length,linear_query,256,plus_both,-0.06857144832611084,-0.05395368341740461
cycle_four,17,longest_increasing_run,linear_query,256,plus_both,-0.00952380895614624,-0.05598233173122894
position_three,101,descents,mlp_task_free,64,plus_mathematical_relations,-0.04476189613342285,-0.08263035893713791
position_three,101,recoils,mlp_task_free,64,plus_mathematical_relations,-0.011428579688072205,-0.0860562709469586
position_three,101,lis_length,mlp_task_free,64,plus_mathematical_relations,0.007142841815948486,-0.057942952436353695
position_three,101,longest_increasing_run,mlp_task_free,64,plus_mathematical_relations,-0.02857142686843872,-0.05082508226859776
cycle_three,17,descents,mlp_task_free,64,plus_mathematical_relations,-0.06999999284744263,-0.04302538832032273
cycle_three,17,recoils,mlp_task_free,64,plus_mathematical_relations,-0.08619047701358795,-0.039178038086173726
cycle_three,17,lis_length,mlp_task_free,64,plus_mathematical_relations,-0.054761916399002075,-0.011970824127057335
cycle_three,17,longest_increasing_run,mlp_task_free,64,plus_mathematical_relations,-0.04285714030265808,-0.014164019802722033
position_three,42,descents,mlp_task_free,64,plus_mathematical_relations,-0.02857142686843872,-0.08062834236315697
position_three,42,recoils,mlp_task_free,64,plus_mathematical_relations,-0.040000006556510925,-0.08405425437297767
position_three,42,lis_length,mlp_task_free,64,plus_mathematical_relations,0.03809523582458496,-0.055940935862372754
position_three,42,longest_increasing_run,mlp_task_free,64,plus_mathematical_relations,-0.03571426868438721,-0.04882306569461682
position_four,101,descents,mlp_task_free,64,plus_mathematical_relations,-0.041904762387275696,-0.02346237913279524
position_four,101,recoils,mlp_task_free,64,plus_mathematical_relations,-0.019999995827674866,-0.02251959002278099
position_four,101,lis_length,mlp_task_free,64,plus_mathematical_relations,-0.00952380895614624,0.007921720404168876
position_four,101,longest_increasing_run,mlp_task_free,64,plus_mathematical_relations,-0.01714286208152771,0.010219268146291354
cycle_three,42,descents,mlp_task_free,64,plus_mathematical_relations,-0.018571436405181885,-0.04597234826145963
cycle_three,42,recoils,mlp_task_free,64,plus_mathematical_relations,-0.05095238983631134,-0.04212499802731061
cycle_three,42,lis_length,mlp_task_free,64,plus_mathematical_relations,-0.0004761815071105957,-0.014917784068194231
cycle_three,42,longest_increasing_run,mlp_task_free,64,plus_mathematical_relations,-0.01904761791229248,-0.017110979743858924
position_three,17,descents,mlp_task_free,64,plus_mathematical_relations,-0.018095239996910095,-0.08387919565523864
position_three,17,recoils,mlp_task_free,64,plus_mathematical_relations,0.00047619640827178955,-0.08730510766505933
position_three,17,lis_length,mlp_task_free,64,plus_mathematical_relations,0.017619043588638306,-0.05919178915445442
position_three,17,longest_increasing_run,mlp_task_free,64,plus_mathematical_relations,-0.019523799419403076,-0.05207391898669849
interior_none,101,descents,mlp_task_free,64,plus_mathematical_relations,-0.049047619104385376,-0.042648451510144285
interior_none,101,recoils,mlp_task_free,64,plus_mathematical_relations,-0.05571427941322327,-0.04004357672734352
interior_none,101,lis_length,mlp_task_free,64,plus_mathematical_relations,-0.015714287757873535,-0.014488561574250892
interior_none,101,longest_increasing_run,mlp_task_free,64,plus_mathematical_relations,0.050952374935150146,-0.018076149304991358
position_four,42,descents,mlp_task_free,64,plus_mathematical_relations,-0.039523810148239136,-0.01975335437728193
position_four,42,recoils,mlp_task_free,64,plus_mathematical_relations,-0.051428571343421936,-0.01881056526726768
position_four,42,lis_length,mlp_task_free,64,plus_mathematical_relations,-0.019999980926513672,0.011630745159682179
position_four,42,longest_increasing_run,mlp_task_free,64,plus_mathematical_relations,-0.03047618269920349,0.013928292901804657
cycle_three,101,descents,mlp_task_free,64,plus_mathematical_relations,-0.08904761075973511,-0.040799394855948114
cycle_three,101,recoils,mlp_task_free,64,plus_mathematical_relations,-0.09047618508338928,-0.03695204462179909
cycle_three,101,lis_length,mlp_task_free,64,plus_mathematical_relations,-0.06000000238418579,-0.00974483066268271
cycle_three,101,longest_increasing_run,mlp_task_free,64,plus_mathematical_relations,-0.04095238447189331,-0.011938026338347405
cycle_none,42,descents,mlp_task_free,64,plus_mathematical_relations,-0.034761905670166016,0.00666003746374862
cycle_none,42,recoils,mlp_task_free,64,plus_mathematical_relations,-0.03142857551574707,0.006106319355288759
cycle_none,42,lis_length,mlp_task_free,64,plus_mathematical_relations,-0.016666650772094727,0.03712627487480845
cycle_none,42,longest_increasing_run,mlp_task_free,64,plus_mathematical_relations,0.0009523928165435791,0.03580175921377554
cycle_four,101,descents,mlp_task_free,64,plus_mathematical_relations,-0.03999999165534973,-0.06820485224965805
cycle_four,101,recoils,mlp_task_free,64,plus_mathematical_relations,-0.01952381432056427,-0.07007870947039546
cycle_four,101,lis_length,mlp_task_free,64,plus_mathematical_relations,-0.04999999701976776,-0.03913361003638768
cycle_four,101,longest_increasing_run,mlp_task_free,64,plus_mathematical_relations,-0.0004761815071105957,-0.04476251323853506
interior_none,17,descents,mlp_task_free,64,plus_mathematical_relations,-0.0014285743236541748,-0.05247166832275475
interior_none,17,recoils,mlp_task_free,64,plus_mathematical_relations,-0.013333335518836975,-0.04986679353995399
interior_none,17,lis_length,mlp_task_free,64,plus_mathematical_relations,0.028095215559005737,-0.02431177838686136
interior_none,17,longest_increasing_run,mlp_task_free,64,plus_mathematical_relations,0.04476189613342285,-0.027899366117601822
interior_four,101,descents,mlp_task_free,64,plus_mathematical_relations,-0.019999995827674866,-0.12539448181166013
interior_four,101,recoils,mlp_task_free,64,plus_mathematical_relations,-0.013333335518836975,-0.1407862571062654
interior_four,101,lis_length,mlp_task_free,64,plus_mathematical_relations,0.002380937337875366,-0.11041729170273934
interior_four,101,longest_increasing_run,mlp_task_free,64,plus_mathematical_relations,0.04095238447189331,-0.09851670257132089
interior_none,42,descents,mlp_task_free,64,plus_mathematical_relations,-0.02666667103767395,-0.04833202086497524
interior_none,42,recoils,mlp_task_free,64,plus_mathematical_relations,-0.06476190686225891,-0.04572714608217448
interior_none,42,lis_length,mlp_task_free,64,plus_mathematical_relations,0.017619073390960693,-0.020172130929081846
interior_none,42,longest_increasing_run,mlp_task_free,64,plus_mathematical_relations,0.01619046926498413,-0.023759718659822314
position_none,42,descents,mlp_task_free,64,plus_mathematical_relations,-0.032857149839401245,0.01724853887633046
position_none,42,recoils,mlp_task_free,64,plus_mathematical_relations,-0.03428572416305542,-0.013950872520298736
position_none,42,lis_length,mlp_task_free,64,plus_mathematical_relations,-0.010476171970367432,0.01223248575988059
position_none,42,longest_increasing_run,mlp_task_free,64,plus_mathematical_relations,-0.007142841815948486,0.025362322251704976
cycle_four,42,descents,mlp_task_free,64,plus_mathematical_relations,-0.07809524238109589,-0.06370843482323504
cycle_four,42,recoils,mlp_task_free,64,plus_mathematical_relations,-0.06000000238418579,-0.06558229204397246
cycle_four,42,lis_length,mlp_task_free,64,plus_mathematical_relations,-0.03571426868438721,-0.03463719260996469
cycle_four,42,longest_increasing_run,mlp_task_free,64,plus_mathematical_relations,0.0033333301544189453,-0.04026609581211207
position_four,17,descents,mlp_task_free,64,plus_mathematical_relations,-0.009999990463256836,-0.023695680055767707
position_four,17,recoils,mlp_task_free,64,plus_mathematical_relations,-0.03380952775478363,-0.02275289094575346
position_four,17,lis_length,mlp_task_free,64,plus_mathematical_relations,-0.02190476655960083,0.007688419481196401
position_four,17,longest_increasing_run,mlp_task_free,64,plus_mathematical_relations,-0.05523809790611267,0.009985967223318879
cycle_none,17,descents,mlp_task_free,64,plus_mathematical_relations,-0.02857142686843872,0.00519415767541373
cycle_none,17,recoils,mlp_task_free,64,plus_mathematical_relations,-0.03523808717727661,0.004640439566953869
cycle_none,17,lis_length,mlp_task_free,64,plus_mathematical_relations,-0.02238096296787262,0.03566039508647356
cycle_none,17,longest_increasing_run,mlp_task_free,64,plus_mathematical_relations,-0.019523799419403076,0.03433587942544067
cycle_none,101,descents,mlp_task_free,64,plus_mathematical_relations,-0.034761905670166016,0.00709136981990895
cycle_none,101,recoils,mlp_task_free,64,plus_mathematical_relations,-0.0119047611951828,0.006537651711449089
cycle_none,101,lis_length,mlp_task_free,64,plus_mathematical_relations,-0.00476190447807312,0.037557607230968765
cycle_none,101,longest_increasing_run,mlp_task_free,64,plus_mathematical_relations,-0.01142856478691101,0.03623309156993587
interior_four,17,descents,mlp_task_free,64,plus_mathematical_relations,0.01238095760345459,-0.12679412799337667
interior_four,17,recoils,mlp_task_free,64,plus_mathematical_relations,-0.02857142686843872,-0.14218590328798195
interior_four,17,lis_length,mlp_task_free,64,plus_mathematical_relations,-0.012857139110565186,-0.11181693788445587
interior_four,17,longest_increasing_run,mlp_task_free,64,plus_mathematical_relations,0.01047620177268982,-0.09991634875303743
interior_four,42,descents,mlp_task_free,64,plus_mathematical_relations,-0.01952381432056427,-0.11841520586757665
interior_four,42,recoils,mlp_task_free,64,plus_mathematical_relations,-0.03857143223285675,-0.13380698116218195
interior_four,42,lis_length,mlp_task_free,64,plus_mathematical_relations,-0.0057142674922943115,-0.10343801575865588
interior_four,42,longest_increasing_run,mlp_task_free,64,plus_mathematical_relations,-0.013333320617675781,-0.0915374266272374
position_none,17,descents,mlp_task_free,64,plus_mathematical_relations,-0.06428571045398712,0.0190049273139615
position_none,17,recoils,mlp_task_free,64,plus_mathematical_relations,-0.10333332419395447,-0.012194484082667694
position_none,17,lis_length,mlp_task_free,64,plus_mathematical_relations,-0.01714286208152771,0.013988874197511637
position_none,17,longest_increasing_run,mlp_task_free,64,plus_mathematical_relations,-0.019999980926513672,0.027118710689336016
position_none,101,descents,mlp_task_free,64,plus_mathematical_relations,-0.0480952262878418,0.01657469275578105
position_none,101,recoils,mlp_task_free,64,plus_mathematical_relations,-0.03619047999382019,-0.014624718640848154
position_none,101,lis_length,mlp_task_free,64,plus_mathematical_relations,-0.022857144474983215,0.011558639639331174
position_none,101,longest_increasing_run,mlp_task_free,64,plus_mathematical_relations,-0.010476171970367432,0.02468847613115556
cycle_four,17,descents,mlp_task_free,64,plus_mathematical_relations,-0.06904761493206024,-0.0672938033297207
cycle_four,17,recoils,mlp_task_free,64,plus_mathematical_relations,-0.05666665732860565,-0.06916766055045812
cycle_four,17,lis_length,mlp_task_free,64,plus_mathematical_relations,-0.02190476655960083,-0.038222561116450324
cycle_four,17,longest_increasing_run,mlp_task_free,64,plus_mathematical_relations,-0.0180952250957489,-0.04385146431859771
position_three,101,descents,mlp_task_free,64,plus_both,-0.04476189613342285,-0.07836432932608484
position_three,101,recoils,mlp_task_free,64,plus_both,-0.011428579688072205,-0.08165774533323264
position_three,101,lis_length,mlp_task_free,64,plus_both,0.007142841815948486,-0.05356823830777257
position_three,101,longest_increasing_run,mlp_task_free,64,plus_both,-0.02857142686843872,-0.04663753123961887
cycle_three,17,descents,mlp_task_free,64,plus_both,-0.06999999284744263,-0.044535473333248886
cycle_three,17,recoils,mlp_task_free,64,plus_both,-0.08619047701358795,-0.04067881695258001
cycle_three,17,lis_length,mlp_task_free,64,plus_both,-0.054761916399002075,-0.013476620234077986
cycle_three,17,longest_increasing_run,mlp_task_free,64,plus_both,-0.04285714030265808,-0.015743972359995195
position_three,42,descents,mlp_task_free,64,plus_both,-0.02857142686843872,-0.07469347898457039
position_three,42,recoils,mlp_task_free,64,plus_both,-0.040000006556510925,-0.07798689499171821
position_three,42,lis_length,mlp_task_free,64,plus_both,0.03809523582458496,-0.049897387966258124
position_three,42,longest_increasing_run,mlp_task_free,64,plus_both,-0.03571426868438721,-0.04296668089810443
position_four,101,descents,mlp_task_free,64,plus_both,-0.041904762387275696,-0.021796720743015217
position_four,101,recoils,mlp_task_free,64,plus_both,-0.019999995827674866,-0.020643702536620175
position_four,101,lis_length,mlp_task_free,64,plus_both,-0.00952380895614624,0.00980735162603703
position_four,101,longest_increasing_run,mlp_task_free,64,plus_both,-0.01714286208152771,0.01185797711432893
cycle_three,42,descents,mlp_task_free,64,plus_both,-0.018571436405181885,-0.049279394723699216
cycle_three,42,recoils,mlp_task_free,64,plus_both,-0.05095238983631134,-0.045422738343030344
cycle_three,42,lis_length,mlp_task_free,64,plus_both,-0.0004761815071105957,-0.01822054162452831
cycle_three,42,longest_increasing_run,mlp_task_free,64,plus_both,-0.01904761791229248,-0.020487893750445525
position_three,17,descents,mlp_task_free,64,plus_both,-0.018095239996910095,-0.0814279378494085
position_three,17,recoils,mlp_task_free,64,plus_both,0.00047619640827178955,-0.0847213538565563
position_three,17,lis_length,mlp_task_free,64,plus_both,0.017619043588638306,-0.05663184683109623
position_three,17,longest_increasing_run,mlp_task_free,64,plus_both,-0.019523799419403076,-0.049701139762942534
interior_none,101,descents,mlp_task_free,64,plus_both,-0.049047619104385376,-0.05310945509325224
interior_none,101,recoils,mlp_task_free,64,plus_both,-0.05571427941322327,-0.0503435519360435
interior_none,101,lis_length,mlp_task_free,64,plus_both,-0.015714287757873535,-0.02477821440091266
interior_none,101,longest_increasing_run,mlp_task_free,64,plus_both,0.050952374935150146,-0.028427435553910457
position_four,42,descents,mlp_task_free,64,plus_both,-0.039523810148239136,-0.019749725630243815
position_four,42,recoils,mlp_task_free,64,plus_both,-0.051428571343421936,-0.018596707423848773
position_four,42,lis_length,mlp_task_free,64,plus_both,-0.019999980926513672,0.011854346738808436
position_four,42,longest_increasing_run,mlp_task_free,64,plus_both,-0.03047618269920349,0.013904972227100323
cycle_three,101,descents,mlp_task_free,64,plus_both,-0.08904761075973511,-0.04192886545478688
cycle_three,101,recoils,mlp_task_free,64,plus_both,-0.09047618508338928,-0.03807220907411799
cycle_three,101,lis_length,mlp_task_free,64,plus_both,-0.06000000238418579,-0.010870012355615964
cycle_three,101,longest_increasing_run,mlp_task_free,64,plus_both,-0.04095238447189331,-0.01313736448153318
cycle_none,42,descents,mlp_task_free,64,plus_both,-0.034761905670166016,0.0032382612007282215
cycle_none,42,recoils,mlp_task_free,64,plus_both,-0.03142857551574707,0.0027765825690460426
cycle_none,42,lis_length,mlp_task_free,64,plus_both,-0.016666650772094727,0.03380399980730016
cycle_none,42,longest_increasing_run,mlp_task_free,64,plus_both,0.0009523928165435791,0.03234004246444665
cycle_four,101,descents,mlp_task_free,64,plus_both,-0.03999999165534973,-0.06738923631902724
cycle_four,101,recoils,mlp_task_free,64,plus_both,-0.01952381432056427,-0.06921639664176515
cycle_four,101,lis_length,mlp_task_free,64,plus_both,-0.04999999701976776,-0.03827177797144923
cycle_four,101,longest_increasing_run,mlp_task_free,64,plus_both,-0.0004761815071105957,-0.044002318578563154
interior_none,17,descents,mlp_task_free,64,plus_both,-0.0014285743236541748,-0.05151614557442548
interior_none,17,recoils,mlp_task_free,64,plus_both,-0.013333335518836975,-0.04875024241721673
interior_none,17,lis_length,mlp_task_free,64,plus_both,0.028095215559005737,-0.023184904882085897
interior_none,17,longest_increasing_run,mlp_task_free,64,plus_both,0.04476189613342285,-0.026834126035083693
interior_four,101,descents,mlp_task_free,64,plus_both,-0.019999995827674866,-0.10123838438715288
interior_four,101,recoils,mlp_task_free,64,plus_both,-0.013333335518836975,-0.11690380766760763
interior_four,101,lis_length,mlp_task_free,64,plus_both,0.002380937337875366,-0.08652050648792547
interior_four,101,longest_increasing_run,mlp_task_free,64,plus_both,0.04095238447189331,-0.0743770313190728
interior_none,42,descents,mlp_task_free,64,plus_both,-0.02666667103767395,-0.049898472153870825
interior_none,42,recoils,mlp_task_free,64,plus_both,-0.06476190686225891,-0.047132568996662086
interior_none,42,lis_length,mlp_task_free,64,plus_both,0.017619073390960693,-0.021567231461531243
interior_none,42,longest_increasing_run,mlp_task_free,64,plus_both,0.01619046926498413,-0.02521645261452904
position_none,42,descents,mlp_task_free,64,plus_both,-0.032857149839401245,0.0031552331013528535
position_none,42,recoils,mlp_task_free,64,plus_both,-0.03428572416305542,-0.028146042699597282
position_none,42,lis_length,mlp_task_free,64,plus_both,-0.010476171970367432,-0.0019650427575862196
position_none,42,longest_increasing_run,mlp_task_free,64,plus_both,-0.007142841815948486,0.011187761709567375
cycle_four,42,descents,mlp_task_free,64,plus_both,-0.07809524238109589,-0.06463941423956886
cycle_four,42,recoils,mlp_task_free,64,plus_both,-0.06000000238418579,-0.06646657456230678
cycle_four,42,lis_length,mlp_task_free,64,plus_both,-0.03571426868438721,-0.03552195589199086
cycle_four,42,longest_increasing_run,mlp_task_free,64,plus_both,0.0033333301544189453,-0.04125249649910477
position_four,17,descents,mlp_task_free,64,plus_both,-0.009999990463256836,-0.022975001017397016
position_four,17,recoils,mlp_task_free,64,plus_both,-0.03380952775478363,-0.021821982811001974
position_four,17,lis_length,mlp_task_free,64,plus_both,-0.02190476655960083,0.008629071351655238
position_four,17,longest_increasing_run,mlp_task_free,64,plus_both,-0.05523809790611267,0.010679696839947125
cycle_none,17,descents,mlp_task_free,64,plus_both,-0.02857142686843872,0.0060007380504841605
cycle_none,17,recoils,mlp_task_free,64,plus_both,-0.03523808717727661,0.005539059418801985
cycle_none,17,lis_length,mlp_task_free,64,plus_both,-0.02238096296787262,0.03656647665705609
cycle_none,17,longest_increasing_run,mlp_task_free,64,plus_both,-0.019523799419403076,0.03510251931420259
cycle_none,101,descents,mlp_task_free,64,plus_both,-0.034761905670166016,0.005871410348155328
cycle_none,101,recoils,mlp_task_free,64,plus_both,-0.0119047611951828,0.005409731716473149
cycle_none,101,lis_length,mlp_task_free,64,plus_both,-0.00476190447807312,0.03643714895472726
cycle_none,101,longest_increasing_run,mlp_task_free,64,plus_both,-0.01142856478691101,0.03497319161187376
interior_four,17,descents,mlp_task_free,64,plus_both,0.01238095760345459,-0.09850967847902928
interior_four,17,recoils,mlp_task_free,64,plus_both,-0.02857142686843872,-0.114175101759484
interior_four,17,lis_length,mlp_task_free,64,plus_both,-0.012857139110565186,-0.08379180057980187
interior_four,17,longest_increasing_run,mlp_task_free,64,plus_both,0.01047620177268982,-0.07164832541094918
interior_four,42,descents,mlp_task_free,64,plus_both,-0.01952381432056427,-0.08936076286677776
interior_four,42,recoils,mlp_task_free,64,plus_both,-0.03857143223285675,-0.1050261861472325
interior_four,42,lis_length,mlp_task_free,64,plus_both,-0.0057142674922943115,-0.07464288496755037
interior_four,42,longest_increasing_run,mlp_task_free,64,plus_both,-0.013333320617675781,-0.06249940979869767
position_none,17,descents,mlp_task_free,64,plus_both,-0.06428571045398712,-0.008700764454844627
position_none,17,recoils,mlp_task_free,64,plus_both,-0.10333332419395447,-0.04000204025579476
position_none,17,lis_length,mlp_task_free,64,plus_both,-0.01714286208152771,-0.013821040313783707
position_none,17,longest_increasing_run,mlp_task_free,64,plus_both,-0.019999980926513672,-0.0006682358466301094
position_none,101,descents,mlp_task_free,64,plus_both,-0.0480952262878418,0.0015808779057403244
position_none,101,recoils,mlp_task_free,64,plus_both,-0.03619047999382019,-0.02972039789520981
position_none,101,lis_length,mlp_task_free,64,plus_both,-0.022857144474983215,-0.0035393979531987488
position_none,101,longest_increasing_run,mlp_task_free,64,plus_both,-0.010476171970367432,0.009613406513954842
cycle_four,17,descents,mlp_task_free,64,plus_both,-0.06904761493206024,-0.06750235183834619
cycle_four,17,recoils,mlp_task_free,64,plus_both,-0.05666665732860565,-0.06932951216108411
cycle_four,17,lis_length,mlp_task_free,64,plus_both,-0.02190476655960083,-0.038384893490768186
cycle_four,17,longest_increasing_run,mlp_task_free,64,plus_both,-0.0180952250957489,-0.0441154340978821
position_three,101,descents,mlp_task_free,256,plus_mathematical_relations,0.010476186871528625,-0.04994349487010803
position_three,101,recoils,mlp_task_free,256,plus_mathematical_relations,0.00809524953365326,-0.04454389540554762
position_three,101,lis_length,mlp_task_free,256,plus_mathematical_relations,-0.006190478801727295,-0.051661988336434296
position_three,101,longest_increasing_run,mlp_task_free,256,plus_mathematical_relations,-0.035714298486709595,-0.030469479093556764
cycle_three,17,descents,mlp_task_free,256,plus_mathematical_relations,-0.071428582072258,-0.044221363673963024
cycle_three,17,recoils,mlp_task_free,256,plus_mathematical_relations,-0.06619048118591309,-0.036180653784145346
cycle_three,17,lis_length,mlp_task_free,256,plus_mathematical_relations,-0.07809522747993469,-0.04190443656618485
cycle_three,17,longest_increasing_run,mlp_task_free,256,plus_mathematical_relations,-0.04952380061149597,-0.02781092890993659
position_three,42,descents,mlp_task_free,256,plus_mathematical_relations,-0.031904757022857666,-0.04880509602439603
position_three,42,recoils,mlp_task_free,256,plus_mathematical_relations,-0.00904761254787445,-0.04340549655983563
position_three,42,lis_length,mlp_task_free,256,plus_mathematical_relations,0.0019047558307647705,-0.05052358949072229
position_three,42,longest_increasing_run,mlp_task_free,256,plus_mathematical_relations,-0.02095237374305725,-0.029331080247844765
position_four,101,descents,mlp_task_free,256,plus_mathematical_relations,-0.037142857909202576,-0.007877690068948442
position_four,101,recoils,mlp_task_free,256,plus_mathematical_relations,-0.004285708069801331,-0.0035185073748878817
position_four,101,lis_length,mlp_task_free,256,plus_mathematical_relations,-0.01523810625076294,-0.009118042316732319
position_four,101,longest_increasing_run,mlp_task_free,256,plus_mathematical_relations,-0.00476190447807312,0.009287182855078971
cycle_three,42,descents,mlp_task_free,256,plus_mathematical_relations,-0.02619047462940216,-0.037142750703119246
cycle_three,42,recoils,mlp_task_free,256,plus_mathematical_relations,-0.03047618269920349,-0.029102040813301575
cycle_three,42,lis_length,mlp_task_free,256,plus_mathematical_relations,-0.050000011920928955,-0.03482582359534108
cycle_three,42,longest_increasing_run,mlp_task_free,256,plus_mathematical_relations,-0.03428572416305542,-0.020732315939092815
position_three,17,descents,mlp_task_free,256,plus_mathematical_relations,-0.015714287757873535,-0.06099673139775086
position_three,17,recoils,mlp_task_free,256,plus_mathematical_relations,-0.010476186871528625,-0.05559713193319045
position_three,17,lis_length,mlp_task_free,256,plus_mathematical_relations,-0.011904746294021606,-0.06271522486407712
position_three,17,longest_increasing_run,mlp_task_free,256,plus_mathematical_relations,-0.011904776096343994,-0.04152271562119958
interior_none,101,descents,mlp_task_free,256,plus_mathematical_relations,0.01428571343421936,-0.039576765885886295
interior_none,101,recoils,mlp_task_free,256,plus_mathematical_relations,0.0066666752099990845,-0.031162255850780175
interior_none,101,lis_length,mlp_task_free,256,plus_mathematical_relations,-0.0014285743236541748,-0.038930112350054884
interior_none,101,longest_increasing_run,mlp_task_free,256,plus_mathematical_relations,0.09428572654724121,-0.024568217533834775
position_four,42,descents,mlp_task_free,256,plus_mathematical_relations,-0.05047619342803955,-0.006471694187013148
position_four,42,recoils,mlp_task_free,256,plus_mathematical_relations,-0.024761900305747986,-0.0021125114929525894
position_four,42,lis_length,mlp_task_free,256,plus_mathematical_relations,-0.02857142686843872,-0.007712046434797023
position_four,42,longest_increasing_run,mlp_task_free,256,plus_mathematical_relations,-0.02190476655960083,0.010693178737014263
cycle_three,101,descents,mlp_task_free,256,plus_mathematical_relations,-0.0657142847776413,-0.032420507071261
cycle_three,101,recoils,mlp_task_free,256,plus_mathematical_relations,-0.060952380299568176,-0.024379797181443327
cycle_three,101,lis_length,mlp_task_free,256,plus_mathematical_relations,-0.07000000774860382,-0.030103579963482834
cycle_three,101,longest_increasing_run,mlp_task_free,256,plus_mathematical_relations,-0.03333333134651184,-0.016010072307234568
cycle_none,42,descents,mlp_task_free,256,plus_mathematical_relations,-0.02904762327671051,-0.005229187436479229
cycle_none,42,recoils,mlp_task_free,256,plus_mathematical_relations,-0.00904761254787445,0.002133162067564389
cycle_none,42,lis_length,mlp_task_free,256,plus_mathematical_relations,-0.037619054317474365,-0.00376008403078475
cycle_none,42,longest_increasing_run,mlp_task_free,256,plus_mathematical_relations,-0.040476202964782715,0.01560398891756912
cycle_four,101,descents,mlp_task_free,256,plus_mathematical_relations,-0.01666666567325592,-0.05497035358413827
cycle_four,101,recoils,mlp_task_free,256,plus_mathematical_relations,-0.03857141733169556,-0.0472010483445373
cycle_four,101,lis_length,mlp_task_free,256,plus_mathematical_relations,-0.058571428060531616,-0.05367790205831859
cycle_four,101,longest_increasing_run,mlp_task_free,256,plus_mathematical_relations,-0.009047627449035645,-0.042186801253156575
interior_none,17,descents,mlp_task_free,256,plus_mathematical_relations,-0.01714286208152771,-0.047580456067361346
interior_none,17,recoils,mlp_task_free,256,plus_mathematical_relations,-0.019999995827674866,-0.03916594603225522
interior_none,17,lis_length,mlp_task_free,256,plus_mathematical_relations,0.0038095414638519287,-0.046933802531529935
interior_none,17,longest_increasing_run,mlp_task_free,256,plus_mathematical_relations,0.05238094925880432,-0.03257190771530982
interior_four,101,descents,mlp_task_free,256,plus_mathematical_relations,-0.009047627449035645,-0.050566393477158834
interior_four,101,recoils,mlp_task_free,256,plus_mathematical_relations,-0.0019047558307647705,-0.06895243675974094
interior_four,101,lis_length,mlp_task_free,256,plus_mathematical_relations,-0.02285715937614441,-0.0721443997060247
interior_four,101,longest_increasing_run,mlp_task_free,256,plus_mathematical_relations,0.012857139110565186,-0.03201210469508097
interior_none,42,descents,mlp_task_free,256,plus_mathematical_relations,-0.01142856478691101,-0.03638296757711072
interior_none,42,recoils,mlp_task_free,256,plus_mathematical_relations,-0.012857139110565186,-0.027968457542004603
interior_none,42,lis_length,mlp_task_free,256,plus_mathematical_relations,0.0033333301544189453,-0.03573631404127931
interior_none,42,longest_increasing_run,mlp_task_free,256,plus_mathematical_relations,-0.019523799419403076,-0.0213744192250592
position_none,42,descents,mlp_task_free,256,plus_mathematical_relations,-0.0119047611951828,0.0024354675166098523
position_none,42,recoils,mlp_task_free,256,plus_mathematical_relations,0.006190478801727295,-0.022130945499014915
position_none,42,lis_length,mlp_task_free,256,plus_mathematical_relations,-0.0019047558307647705,-0.03013128213863933
position_none,42,longest_increasing_run,mlp_task_free,256,plus_mathematical_relations,0.01142856478691101,0.011387935642763341
cycle_four,42,descents,mlp_task_free,256,plus_mathematical_relations,-0.06476190686225891,-0.05502074857408391
cycle_four,42,recoils,mlp_task_free,256,plus_mathematical_relations,-0.04095238447189331,-0.04725144333448293
cycle_four,42,lis_length,mlp_task_free,256,plus_mathematical_relations,-0.033809512853622437,-0.05372829704826423
cycle_four,42,longest_increasing_run,mlp_task_free,256,plus_mathematical_relations,-0.00476190447807312,-0.04223719624310221
position_four,17,descents,mlp_task_free,256,plus_mathematical_relations,-0.008571431040763855,-0.020080834025205243
position_four,17,recoils,mlp_task_free,256,plus_mathematical_relations,-0.01476190984249115,-0.015721651331144684
position_four,17,lis_length,mlp_task_free,256,plus_mathematical_relations,-0.02761903405189514,-0.02132118627298912
position_four,17,longest_increasing_run,mlp_task_free,256,plus_mathematical_relations,-0.035714298486709595,-0.002915961101177828
cycle_none,17,descents,mlp_task_free,256,plus_mathematical_relations,-0.037142857909202576,-0.014998743142688948
cycle_none,17,recoils,mlp_task_free,256,plus_mathematical_relations,-0.04857143759727478,-0.007636393638645331
cycle_none,17,lis_length,mlp_task_free,256,plus_mathematical_relations,-0.028095245361328125,-0.013529639736994467
cycle_none,17,longest_increasing_run,mlp_task_free,256,plus_mathematical_relations,-0.041428565979003906,0.005834433211359406
cycle_none,101,descents,mlp_task_free,256,plus_mathematical_relations,-0.015714287757873535,-0.003643860931015177
cycle_none,101,recoils,mlp_task_free,256,plus_mathematical_relations,-0.019523799419403076,0.0037184885730284396
cycle_none,101,lis_length,mlp_task_free,256,plus_mathematical_relations,-0.03714287281036377,-0.0021747575253206926
cycle_none,101,longest_increasing_run,mlp_task_free,256,plus_mathematical_relations,-0.0295238196849823,0.017189315423033178
interior_four,17,descents,mlp_task_free,256,plus_mathematical_relations,0.010952368378639221,-0.06361374588832497
interior_four,17,recoils,mlp_task_free,256,plus_mathematical_relations,-0.018095239996910095,-0.08199978917090707
interior_four,17,lis_length,mlp_task_free,256,plus_mathematical_relations,-0.04047617316246033,-0.08519175211719082
interior_four,17,longest_increasing_run,mlp_task_free,256,plus_mathematical_relations,0.02476191520690918,-0.0450594571062471
interior_four,42,descents,mlp_task_free,256,plus_mathematical_relations,-0.00476190447807312,-0.05921387690090314
interior_four,42,recoils,mlp_task_free,256,plus_mathematical_relations,-0.01714286208152771,-0.07759992018348524
interior_four,42,lis_length,mlp_task_free,256,plus_mathematical_relations,-0.02571427822113037,-0.080791883129769
interior_four,42,longest_increasing_run,mlp_task_free,256,plus_mathematical_relations,0.01714286208152771,-0.040659588118825286
position_none,17,descents,mlp_task_free,256,plus_mathematical_relations,-0.049047619104385376,0.0026337165135133025
position_none,17,recoils,mlp_task_free,256,plus_mathematical_relations,-0.06714285910129547,-0.02193269650211147
position_none,17,lis_length,mlp_task_free,256,plus_mathematical_relations,-0.05904760956764221,-0.029933033141735888
position_none,17,longest_increasing_run,mlp_task_free,256,plus_mathematical_relations,0.011904746294021606,0.011586184639666788
position_none,101,descents,mlp_task_free,256,plus_mathematical_relations,-0.0009523928165435791,0.003398892414760865
position_none,101,recoils,mlp_task_free,256,plus_mathematical_relations,-0.027142852544784546,-0.021167520600863906
position_none,101,lis_length,mlp_task_free,256,plus_mathematical_relations,-0.033809542655944824,-0.02916785724048833
position_none,101,longest_increasing_run,mlp_task_free,256,plus_mathematical_relations,-0.0014285743236541748,0.01235136054091435
cycle_four,17,descents,mlp_task_free,256,plus_mathematical_relations,-0.06047619879245758,-0.065228569041406
cycle_four,17,recoils,mlp_task_free,256,plus_mathematical_relations,-0.0533333420753479,-0.057459263801805015
cycle_four,17,lis_length,mlp_task_free,256,plus_mathematical_relations,-0.06714284420013428,-0.06393611751558634
cycle_four,17,longest_increasing_run,mlp_task_free,256,plus_mathematical_relations,-0.013809531927108765,-0.05244501671042431
position_three,101,descents,mlp_task_free,256,plus_both,0.010476186871528625,-0.03685973903771753
position_three,101,recoils,mlp_task_free,256,plus_both,0.00809524953365326,-0.031510877369758855
position_three,101,lis_length,mlp_task_free,256,plus_both,-0.006190478801727295,-0.03865982721792831
position_three,101,longest_increasing_run,mlp_task_free,256,plus_both,-0.035714298486709595,-0.017440817557444657
cycle_three,17,descents,mlp_task_free,256,plus_both,-0.071428582072258,-0.046270316241784924
cycle_three,17,recoils,mlp_task_free,256,plus_both,-0.06619048118591309,-0.038471448228579175
cycle_three,17,lis_length,mlp_task_free,256,plus_both,-0.07809522747993469,-0.044185939398191404
cycle_three,17,longest_increasing_run,mlp_task_free,256,plus_both,-0.04952380061149597,-0.029925515096181608
position_three,42,descents,mlp_task_free,256,plus_both,-0.031904757022857666,-0.03480140402018182
position_three,42,recoils,mlp_task_free,256,plus_both,-0.00904761254787445,-0.029452542352223145
position_three,42,lis_length,mlp_task_free,256,plus_both,0.0019047558307647705,-0.03660149220039259
position_three,42,longest_increasing_run,mlp_task_free,256,plus_both,-0.02095237374305725,-0.015382482539908949
position_four,101,descents,mlp_task_free,256,plus_both,-0.037142857909202576,-0.010193668629237724
position_four,101,recoils,mlp_task_free,256,plus_both,-0.004285708069801331,-0.005798984008107903
position_four,101,lis_length,mlp_task_free,256,plus_both,-0.01523810625076294,-0.011396670404976184
position_four,101,longest_increasing_run,mlp_task_free,256,plus_both,-0.00476190447807312,0.00695548367219688
cycle_three,42,descents,mlp_task_free,256,plus_both,-0.02619047462940216,-0.04054777780023079
cycle_three,42,recoils,mlp_task_free,256,plus_both,-0.03047618269920349,-0.03274890978702504
cycle_three,42,lis_length,mlp_task_free,256,plus_both,-0.050000011920928955,-0.03846340095663728
cycle_three,42,longest_increasing_run,mlp_task_free,256,plus_both,-0.03428572416305542,-0.02420297665462748
position_three,17,descents,mlp_task_free,256,plus_both,-0.015714287757873535,-0.049055717860345044
position_three,17,recoils,mlp_task_free,256,plus_both,-0.010476186871528625,-0.043706856192386366
position_three,17,lis_length,mlp_task_free,256,plus_both,-0.011904746294021606,-0.05085580604055581
position_three,17,longest_increasing_run,mlp_task_free,256,plus_both,-0.011904776096343994,-0.029636796380072168
interior_none,101,descents,mlp_task_free,256,plus_both,0.01428571343421936,-0.04625065702705222
interior_none,101,recoils,mlp_task_free,256,plus_both,0.0066666752099990845,-0.03776194515047744
interior_none,101,lis_length,mlp_task_free,256,plus_both,-0.0014285743236541748,-0.045525201705105475
interior_none,101,longest_increasing_run,mlp_task_free,256,plus_both,0.09428572654724121,-0.031190736350598918
position_four,42,descents,mlp_task_free,256,plus_both,-0.05047619342803955,-0.01019791723481417
position_four,42,recoils,mlp_task_free,256,plus_both,-0.024761900305747986,-0.005803232613684348
position_four,42,lis_length,mlp_task_free,256,plus_both,-0.02857142686843872,-0.01140091901055263
position_four,42,longest_increasing_run,mlp_task_free,256,plus_both,-0.02190476655960083,0.0069512350666204314
cycle_three,101,descents,mlp_task_free,256,plus_both,-0.0657142847776413,-0.03423589866201048
cycle_three,101,recoils,mlp_task_free,256,plus_both,-0.060952380299568176,-0.02643703064880473
cycle_three,101,lis_length,mlp_task_free,256,plus_both,-0.07000000774860382,-0.03215152181841696
cycle_three,101,longest_increasing_run,mlp_task_free,256,plus_both,-0.03333333134651184,-0.017891097516407165
cycle_none,42,descents,mlp_task_free,256,plus_both,-0.02904762327671051,-0.012984608851967798
cycle_none,42,recoils,mlp_task_free,256,plus_both,-0.00904761254787445,-0.005722034747858481
cycle_none,42,lis_length,mlp_task_free,256,plus_both,-0.037619054317474365,-0.011610088968482651
cycle_none,42,longest_increasing_run,mlp_task_free,256,plus_both,-0.040476202964782715,0.007812869298801987
cycle_four,101,descents,mlp_task_free,256,plus_both,-0.01666666567325592,-0.05322780438292566
cycle_four,101,recoils,mlp_task_free,256,plus_both,-0.03857141733169556,-0.04565898725840198
cycle_four,101,lis_length,mlp_task_free,256,plus_both,-0.058571428060531616,-0.05211253495822037
cycle_four,101,longest_increasing_run,mlp_task_free,256,plus_both,-0.009047627449035645,-0.040509447654435884
interior_none,17,descents,mlp_task_free,256,plus_both,-0.01714286208152771,-0.041021684314839706
interior_none,17,recoils,mlp_task_free,256,plus_both,-0.019999995827674866,-0.03253297243826492
interior_none,17,lis_length,mlp_task_free,256,plus_both,0.0038095414638519287,-0.04029622899289295
interior_none,17,longest_increasing_run,mlp_task_free,256,plus_both,0.05238094925880432,-0.0259617636383864
interior_four,101,descents,mlp_task_free,256,plus_both,-0.009047627449035645,-0.03438330731611072
interior_four,101,recoils,mlp_task_free,256,plus_both,-0.0019047558307647705,-0.052519502741298824
interior_four,101,lis_length,mlp_task_free,256,plus_both,-0.02285715937614441,-0.05572092984432474
interior_four,101,longest_increasing_run,mlp_task_free,256,plus_both,0.012857139110565186,-0.01578805998816109
interior_none,42,descents,mlp_task_free,256,plus_both,-0.01142856478691101,-0.03565861295991174
interior_none,42,recoils,mlp_task_free,256,plus_both,-0.012857139110565186,-0.02716990108333695
interior_none,42,lis_length,mlp_task_free,256,plus_both,0.0033333301544189453,-0.034933157637964986
interior_none,42,longest_increasing_run,mlp_task_free,256,plus_both,-0.019523799419403076,-0.02059869228345843
position_none,42,descents,mlp_task_free,256,plus_both,-0.0119047611951828,0.010276857415303913
position_none,42,recoils,mlp_task_free,256,plus_both,0.006190478801727295,-0.01340434199793767
position_none,42,lis_length,mlp_task_free,256,plus_both,-0.0019047558307647705,-0.021369307882437825
position_none,42,longest_increasing_run,mlp_task_free,256,plus_both,0.01142856478691101,0.01951403915342519
cycle_four,42,descents,mlp_task_free,256,plus_both,-0.06476190686225891,-0.054515221971352605
cycle_four,42,recoils,mlp_task_free,256,plus_both,-0.04095238447189331,-0.04694640484682891
cycle_four,42,lis_length,mlp_task_free,256,plus_both,-0.033809512853622437,-0.05339995254664732
cycle_four,42,longest_increasing_run,mlp_task_free,256,plus_both,-0.00476190447807312,-0.04179686524286282
position_four,17,descents,mlp_task_free,256,plus_both,-0.008571431040763855,-0.022173510898032357
position_four,17,recoils,mlp_task_free,256,plus_both,-0.01476190984249115,-0.017778826276902537
position_four,17,lis_length,mlp_task_free,256,plus_both,-0.02761903405189514,-0.023376512673770816
position_four,17,longest_increasing_run,mlp_task_free,256,plus_both,-0.035714298486709595,-0.005024358596597757
cycle_none,17,descents,mlp_task_free,256,plus_both,-0.037142857909202576,-0.018955060785744347
cycle_none,17,recoils,mlp_task_free,256,plus_both,-0.04857143759727478,-0.011692486681635025
cycle_none,17,lis_length,mlp_task_free,256,plus_both,-0.028095245361328125,-0.0175805409022592
cycle_none,17,longest_increasing_run,mlp_task_free,256,plus_both,-0.041428565979003906,0.001842417365025436
cycle_none,101,descents,mlp_task_free,256,plus_both,-0.015714287757873535,-0.010107577427257253
cycle_none,101,recoils,mlp_task_free,256,plus_both,-0.019523799419403076,-0.0028450033231479308
cycle_none,101,lis_length,mlp_task_free,256,plus_both,-0.03714287281036377,-0.008733057543772106
cycle_none,101,longest_increasing_run,mlp_task_free,256,plus_both,-0.0295238196849823,0.010689900723512533
interior_four,17,descents,mlp_task_free,256,plus_both,0.010952368378639221,-0.04493213660591805
interior_four,17,recoils,mlp_task_free,256,plus_both,-0.018095239996910095,-0.06306833203110615
interior_four,17,lis_length,mlp_task_free,256,plus_both,-0.04047617316246033,-0.06626975913413208
interior_four,17,longest_increasing_run,mlp_task_free,256,plus_both,0.02476191520690918,-0.02633688927796843
interior_four,42,descents,mlp_task_free,256,plus_both,-0.00476190447807312,-0.037366652150105185
interior_four,42,recoils,mlp_task_free,256,plus_both,-0.01714286208152771,-0.05550284757529329
interior_four,42,lis_length,mlp_task_free,256,plus_both,-0.02571427822113037,-0.05870427467831921
interior_four,42,longest_increasing_run,mlp_task_free,256,plus_both,0.01714286208152771,-0.01877140482215557
position_none,17,descents,mlp_task_free,256,plus_both,-0.049047619104385376,0.011449788302763341
position_none,17,recoils,mlp_task_free,256,plus_both,-0.06714285910129547,-0.012231411110478232
position_none,17,lis_length,mlp_task_free,256,plus_both,-0.05904760956764221,-0.02019637699497839
position_none,17,longest_increasing_run,mlp_task_free,256,plus_both,0.011904746294021606,0.020686970040884625
position_none,101,descents,mlp_task_free,256,plus_both,-0.0009523928165435791,0.013423786236942226
position_none,101,recoils,mlp_task_free,256,plus_both,-0.027142852544784546,-0.010257413176299354
position_none,101,lis_length,mlp_task_free,256,plus_both,-0.033809542655944824,-0.018222379060799508
position_none,101,longest_increasing_run,mlp_task_free,256,plus_both,-0.0014285743236541748,0.022660967975063503
cycle_four,17,descents,mlp_task_free,256,plus_both,-0.06047619879245758,-0.06389203521192321
cycle_four,17,recoils,mlp_task_free,256,plus_both,-0.0533333420753479,-0.05632321808739954
cycle_four,17,lis_length,mlp_task_free,256,plus_both,-0.06714284420013428,-0.06277676578721794
cycle_four,17,longest_increasing_run,mlp_task_free,256,plus_both,-0.013809531927108765,-0.051173678483433446
position_three,101,descents,finetune,64,plus_mathematical_relations,-0.017619047619047618,0.017081107030663862
position_three,101,recoils,finetune,64,plus_mathematical_relations,0.0219047619047619,0.024508306535620184
position_three,101,lis_length,finetune,64,plus_mathematical_relations,0.0276190476190476,0.05250885311890273
position_three,101,longest_increasing_run,finetune,64,plus_mathematical_relations,0.010476190476190472,0.055840020409041555
cycle_three,17,descents,finetune,64,plus_mathematical_relations,-0.043809523809523826,-0.0625175960307497
cycle_three,17,recoils,finetune,64,plus_mathematical_relations,-0.0704761904761905,-0.055735495223584536
cycle_three,17,lis_length,finetune,64,plus_mathematical_relations,0.013809523809523827,-0.030813372329302202
cycle_three,17,longest_increasing_run,finetune,64,plus_mathematical_relations,-0.020000000000000018,-0.03107701798640901
position_three,42,descents,finetune,64,plus_mathematical_relations,0.01809523809523811,0.018494940721667564
position_three,42,recoils,finetune,64,plus_mathematical_relations,-0.001904761904761909,0.025922140226623872
position_three,42,lis_length,finetune,64,plus_mathematical_relations,0.012857142857142845,0.05392268680990643
position_three,42,longest_increasing_run,finetune,64,plus_mathematical_relations,-0.0009523809523809268,0.05725385410004526
position_four,101,descents,finetune,64,plus_mathematical_relations,-0.010952380952380963,-0.024831987533233568
position_four,101,recoils,finetune,64,plus_mathematical_relations,0.007142857142857145,-0.017091551168035117
position_four,101,lis_length,finetune,64,plus_mathematical_relations,0.03952380952380952,0.013725164030267972
position_four,101,longest_increasing_run,finetune,64,plus_mathematical_relations,0.009047619047619027,0.014420619040271549
cycle_three,42,descents,finetune,64,plus_mathematical_relations,-0.019523809523809527,-0.07160620318832751
cycle_three,42,recoils,finetune,64,plus_mathematical_relations,-0.014761904761904754,-0.06482410238116236
cycle_three,42,lis_length,finetune,64,plus_mathematical_relations,0.017142857142857126,-0.03990197948688002
cycle_three,42,longest_increasing_run,finetune,64,plus_mathematical_relations,0.02619047619047621,-0.040165625143986826
position_three,17,descents,finetune,64,plus_mathematical_relations,-0.009047619047619054,0.02197046643393995
position_three,17,recoils,finetune,64,plus_mathematical_relations,0.018571428571428572,0.029397665938896266
position_three,17,lis_length,finetune,64,plus_mathematical_relations,0.0242857142857143,0.05739821252217883
position_three,17,longest_increasing_run,finetune,64,plus_mathematical_relations,0.026666666666666672,0.060729379812317644
interior_none,101,descents,finetune,64,plus_mathematical_relations,-0.0242857142857143,0.019687150159301618
interior_none,101,recoils,finetune,64,plus_mathematical_relations,0.008571428571428563,0.02983461396216115
interior_none,101,lis_length,finetune,64,plus_mathematical_relations,0.06904761904761902,0.05634356630395262
interior_none,101,longest_increasing_run,finetune,64,plus_mathematical_relations,0.033333333333333326,0.05845280562313645
position_four,42,descents,finetune,64,plus_mathematical_relations,-0.0138095238095238,-0.021776754587308995
position_four,42,recoils,finetune,64,plus_mathematical_relations,0.021428571428571436,-0.014036318222110544
position_four,42,lis_length,finetune,64,plus_mathematical_relations,-0.009523809523809545,0.016780396976192546
position_four,42,longest_increasing_run,finetune,64,plus_mathematical_relations,-0.008095238095238044,0.01747585198619612
cycle_three,101,descents,finetune,64,plus_mathematical_relations,-0.09952380952380953,-0.06713249094549271
cycle_three,101,recoils,finetune,64,plus_mathematical_relations,-0.02428571428571427,-0.060350390138327534
cycle_three,101,lis_length,finetune,64,plus_mathematical_relations,-0.003333333333333355,-0.035428267244045214
cycle_three,101,longest_increasing_run,finetune,64,plus_mathematical_relations,0.0161904761904762,-0.03569191290115202
cycle_none,42,descents,finetune,64,plus_mathematical_relations,-0.005238095238095236,-0.033416804090774466
cycle_none,42,recoils,finetune,64,plus_mathematical_relations,0.010000000000000009,-0.02297850749594813
cycle_none,42,lis_length,finetune,64,plus_mathematical_relations,-0.008571428571428563,0.0066002386123129335
cycle_none,42,longest_increasing_run,finetune,64,plus_mathematical_relations,0.017142857142857182,0.005560634004301494
cycle_four,101,descents,finetune,64,plus_mathematical_relations,-0.09666666666666668,-0.03345745917439776
cycle_four,101,recoils,finetune,64,plus_mathematical_relations,-0.05428571428571427,-0.02510056321517532
cycle_four,101,lis_length,finetune,64,plus_mathematical_relations,-0.018571428571428572,0.0022265559079808137
cycle_four,101,longest_increasing_run,finetune,64,plus_mathematical_relations,-0.010952380952380936,-0.0071497516798039
interior_none,17,descents,finetune,64,plus_mathematical_relations,0.0219047619047619,0.013226822550418706
interior_none,17,recoils,finetune,64,plus_mathematical_relations,0.018571428571428572,0.023374286353278238
interior_none,17,lis_length,finetune,64,plus_mathematical_relations,0.08000000000000002,0.0498832386950697
interior_none,17,longest_increasing_run,finetune,64,plus_mathematical_relations,0.07,0.051992478014253544
interior_four,101,descents,finetune,64,plus_mathematical_relations,0.0009523809523809545,-0.039446179051515866
interior_four,101,recoils,finetune,64,plus_mathematical_relations,0.004761904761904773,-0.03357122088356127
interior_four,101,lis_length,finetune,64,plus_mathematical_relations,0.03999999999999998,-0.002331011889858811
interior_four,101,longest_increasing_run,finetune,64,plus_mathematical_relations,0.003809523809523818,0.02444116171538533
interior_none,42,descents,finetune,64,plus_mathematical_relations,0.028095238095238118,0.007104351343070134
interior_none,42,recoils,finetune,64,plus_mathematical_relations,0.033333333333333326,0.017251815145929664
interior_none,42,lis_length,finetune,64,plus_mathematical_relations,0.04190476190476189,0.043760767487721126
interior_none,42,longest_increasing_run,finetune,64,plus_mathematical_relations,0.012380952380952381,0.04587000680690497
position_none,42,descents,finetune,64,plus_mathematical_relations,-0.041428571428571426,0.05157893564930831
position_none,42,recoils,finetune,64,plus_mathematical_relations,-0.04285714285714287,0.061997921995461724
position_none,42,lis_length,finetune,64,plus_mathematical_relations,0.0014285714285714457,0.08853859325114445
position_none,42,longest_increasing_run,finetune,64,plus_mathematical_relations,0.02523809523809528,0.07408259470407909
cycle_four,42,descents,finetune,64,plus_mathematical_relations,-0.0657142857142857,-0.036565519432377
cycle_four,42,recoils,finetune,64,plus_mathematical_relations,-0.04000000000000001,-0.02820862347315456
cycle_four,42,lis_length,finetune,64,plus_mathematical_relations,-0.011904761904761918,-0.0008815043499984174
cycle_four,42,longest_increasing_run,finetune,64,plus_mathematical_relations,0.024761904761904763,-0.010257811937783134
position_four,17,descents,finetune,64,plus_mathematical_relations,0.010476190476190472,-0.020943520876173412
position_four,17,recoils,finetune,64,plus_mathematical_relations,0.0009523809523809545,-0.013203084510974952
position_four,17,lis_length,finetune,64,plus_mathematical_relations,0.02047619047619048,0.01761363068732813
position_four,17,longest_increasing_run,finetune,64,plus_mathematical_relations,0.03476190476190477,0.01830908569733171
cycle_none,17,descents,finetune,64,plus_mathematical_relations,0.012857142857142845,-0.02974952027261868
cycle_none,17,recoils,finetune,64,plus_mathematical_relations,-0.025238095238095254,-0.01931122367779234
cycle_none,17,lis_length,finetune,64,plus_mathematical_relations,0.03428571428571431,0.010267522430468728
cycle_none,17,longest_increasing_run,finetune,64,plus_mathematical_relations,0.007619047619047581,0.009227917822457282
cycle_none,101,descents,finetune,64,plus_mathematical_relations,-0.010952380952380963,-0.03414505662740595
cycle_none,101,recoils,finetune,64,plus_mathematical_relations,0.007619047619047636,-0.023706760032579603
cycle_none,101,lis_length,finetune,64,plus_mathematical_relations,0.029047619047619044,0.0058719860756814525
cycle_none,101,longest_increasing_run,finetune,64,plus_mathematical_relations,0.023333333333333317,0.00483238146767002
interior_four,17,descents,finetune,64,plus_mathematical_relations,-0.01428571428571429,-0.034376941313438915
interior_four,17,recoils,finetune,64,plus_mathematical_relations,-0.010476190476190472,-0.02850198314548432
interior_four,17,lis_length,finetune,64,plus_mathematical_relations,0.015238095238095217,0.0027382258482181398
interior_four,17,longest_increasing_run,finetune,64,plus_mathematical_relations,0.02857142857142858,0.02951039945346228
interior_four,42,descents,finetune,64,plus_mathematical_relations,0.006666666666666682,-0.03872481651496285
interior_four,42,recoils,finetune,64,plus_mathematical_relations,0.012380952380952381,-0.03284985834700827
interior_four,42,lis_length,finetune,64,plus_mathematical_relations,0.0242857142857143,-0.0016096493533058046
interior_four,42,longest_increasing_run,finetune,64,plus_mathematical_relations,-0.0019047619047618536,0.02516252425193833
position_none,17,descents,finetune,64,plus_mathematical_relations,-0.006190476190476191,0.048074305637593975
position_none,17,recoils,finetune,64,plus_mathematical_relations,-0.02809523809523809,0.05849329198374741
position_none,17,lis_length,finetune,64,plus_mathematical_relations,0.03190476190476188,0.08503396323943012
position_none,17,longest_increasing_run,finetune,64,plus_mathematical_relations,0.1057142857142857,0.07057796469236476
position_none,101,descents,finetune,64,plus_mathematical_relations,-0.01809523809523811,0.048690053705307046
position_none,101,recoils,finetune,64,plus_mathematical_relations,0.006666666666666682,0.05910904005146048
position_none,101,lis_length,finetune,64,plus_mathematical_relations,0.021428571428571408,0.08564971130714318
position_none,101,longest_increasing_run,finetune,64,plus_mathematical_relations,0.060952380952380925,0.07119371276007783
cycle_four,17,descents,finetune,64,plus_mathematical_relations,-0.06380952380952382,-0.02944634018616115
cycle_four,17,recoils,finetune,64,plus_mathematical_relations,-0.09142857142857144,-0.0210894442269387
cycle_four,17,lis_length,finetune,64,plus_mathematical_relations,-0.0519047619047619,0.006237674896217446
cycle_four,17,longest_increasing_run,finetune,64,plus_mathematical_relations,0.03761904761904761,-0.003138632691567278
position_three,101,descents,finetune,64,plus_both,-0.017619047619047618,0.023044621134353134
position_three,101,recoils,finetune,64,plus_both,0.0219047619047619,0.030385611347619988
position_three,101,lis_length,finetune,64,plus_both,0.0276190476190476,0.05837791357522956
position_three,101,longest_increasing_run,finetune,64,plus_both,0.010476190476190472,0.0618040366285498
cycle_three,17,descents,finetune,64,plus_both,-0.043809523809523826,-0.0629580791125991
cycle_three,17,recoils,finetune,64,plus_both,-0.0704761904761905,-0.056254198116958684
cycle_three,17,lis_length,finetune,64,plus_both,0.013809523809523827,-0.03132841832758225
cycle_three,17,longest_increasing_run,finetune,64,plus_both,-0.020000000000000018,-0.031528604762150275
position_three,42,descents,finetune,64,plus_both,0.01809523809523811,0.024298355876645007
position_three,42,recoils,finetune,64,plus_both,-0.001904761904761909,0.03163934608991185
position_three,42,lis_length,finetune,64,plus_both,0.012857142857142845,0.05963164831752143
position_three,42,longest_increasing_run,finetune,64,plus_both,-0.0009523809523809268,0.06305777137084168
position_four,101,descents,finetune,64,plus_both,-0.010952380952380963,-0.02612905142756465
position_four,101,recoils,finetune,64,plus_both,0.007142857142857145,-0.01842962913399837
position_four,101,lis_length,finetune,64,plus_both,0.03952380952380952,0.012385261151568147
position_four,101,longest_increasing_run,finetune,64,plus_both,0.009047619047619027,0.013124632195648515
cycle_three,42,descents,finetune,64,plus_both,-0.019523809523809527,-0.07222667738778438
cycle_three,42,recoils,finetune,64,plus_both,-0.014761904761904754,-0.06552279639214395
cycle_three,42,lis_length,finetune,64,plus_both,0.017142857142857126,-0.040597016602767516
cycle_three,42,longest_increasing_run,finetune,64,plus_both,0.02619047619047621,-0.040797203037335555
position_three,17,descents,finetune,64,plus_both,-0.009047619047619054,0.02802354703072228
position_three,17,recoils,finetune,64,plus_both,0.018571428571428572,0.03536453724398912
position_three,17,lis_length,finetune,64,plus_both,0.0242857142857143,0.0633568394715987
position_three,17,longest_increasing_run,finetune,64,plus_both,0.026666666666666672,0.06678296252491894
interior_none,101,descents,finetune,64,plus_both,-0.0242857142857143,0.02594399227853119
interior_none,101,recoils,finetune,64,plus_both,0.008571428571428563,0.03601847607090657
interior_none,101,lis_length,finetune,64,plus_both,0.06904761904761902,0.0625228782594122
interior_none,101,longest_increasing_run,finetune,64,plus_both,0.033333333333333326,0.06465925632580098
position_four,42,descents,finetune,64,plus_both,-0.0138095238095238,-0.023172347503438023
position_four,42,recoils,finetune,64,plus_both,0.021428571428571436,-0.01547292520987175
position_four,42,lis_length,finetune,64,plus_both,-0.009523809523809545,0.015341965075694769
position_four,42,longest_increasing_run,finetune,64,plus_both,-0.008095238095238044,0.016081336119775136
cycle_three,101,descents,finetune,64,plus_both,-0.09952380952380953,-0.06755191970156744
cycle_three,101,recoils,finetune,64,plus_both,-0.02428571428571427,-0.06084803870592703
cycle_three,101,lis_length,finetune,64,plus_both,-0.003333333333333355,-0.0359222589165506
cycle_three,101,longest_increasing_run,finetune,64,plus_both,0.0161904761904762,-0.03612244535111862
cycle_none,42,descents,finetune,64,plus_both,-0.005238095238095236,-0.03545685551957902
cycle_none,42,recoils,finetune,64,plus_both,0.010000000000000009,-0.025087813977529305
cycle_none,42,lis_length,finetune,64,plus_both,-0.008571428571428563,0.004490663281181375
cycle_none,42,longest_increasing_run,finetune,64,plus_both,0.017142857142857182,0.003518838740518427
cycle_four,101,descents,finetune,64,plus_both,-0.09666666666666668,-0.03297791396039024
cycle_four,101,recoils,finetune,64,plus_both,-0.05428571428571427,-0.024708099601572872
cycle_four,101,lis_length,finetune,64,plus_both,-0.018571428571428572,0.0026280191347215227
cycle_four,101,longest_increasing_run,finetune,64,plus_both,-0.010952380952380936,-0.006682493466097549
interior_none,17,descents,finetune,64,plus_both,0.0219047619047619,0.00778999785801577
interior_none,17,recoils,finetune,64,plus_both,0.018571428571428572,0.017864481650391152
interior_none,17,lis_length,finetune,64,plus_both,0.08000000000000002,0.04436888383889678
interior_none,17,longest_increasing_run,finetune,64,plus_both,0.07,0.04650526190528555
interior_four,101,descents,finetune,64,plus_both,0.0009523809523809545,-0.043499127932304156
interior_four,101,recoils,finetune,64,plus_both,0.004761904761904773,-0.037685024915094296
interior_four,101,lis_length,finetune,64,plus_both,0.03999999999999998,-0.006442521294042651
interior_four,101,longest_increasing_run,finetune,64,plus_both,0.003809523809523818,0.02037816107631301
interior_none,42,descents,finetune,64,plus_both,0.028095238095238118,0.0066315833346649875
interior_none,42,recoils,finetune,64,plus_both,0.033333333333333326,0.016706067127040376
interior_none,42,lis_length,finetune,64,plus_both,0.04190476190476189,0.04321046931554601
interior_none,42,longest_increasing_run,finetune,64,plus_both,0.012380952380952381,0.04534684738193477
position_none,42,descents,finetune,64,plus_both,-0.041428571428571426,0.05019620321223276
position_none,42,recoils,finetune,64,plus_both,-0.04285714285714287,0.061414326804649234
position_none,42,lis_length,finetune,64,plus_both,0.0014285714285714457,0.08798802756527362
position_none,42,longest_increasing_run,finetune,64,plus_both,0.02523809523809528,0.07292578473875014
cycle_four,42,descents,finetune,64,plus_both,-0.0657142857142857,-0.0361613071014027
cycle_four,42,recoils,finetune,64,plus_both,-0.04000000000000001,-0.027891492742585344
cycle_four,42,lis_length,finetune,64,plus_both,-0.011904761904761918,-0.0005553740062909478
cycle_four,42,longest_increasing_run,finetune,64,plus_both,0.024761904761904763,-0.009865886607110026
position_four,17,descents,finetune,64,plus_both,0.010476190476190472,-0.021912920739487907
position_four,17,recoils,finetune,64,plus_both,0.0009523809523809545,-0.014213498445921634
position_four,17,lis_length,finetune,64,plus_both,0.02047619047619048,0.016601391839644892
position_four,17,longest_increasing_run,finetune,64,plus_both,0.03476190476190477,0.017340762883725252
cycle_none,17,descents,finetune,64,plus_both,0.012857142857142845,-0.03159696315073763
cycle_none,17,recoils,finetune,64,plus_both,-0.025238095238095254,-0.02122792160868791
cycle_none,17,lis_length,finetune,64,plus_both,0.03428571428571431,0.008350555650022781
cycle_none,17,longest_increasing_run,finetune,64,plus_both,0.007619047619047581,0.007378731109359818
cycle_none,101,descents,finetune,64,plus_both,-0.010952380952380963,-0.03636117461871194
cycle_none,101,recoils,finetune,64,plus_both,0.007619047619047636,-0.025992133076662212
cycle_none,101,lis_length,finetune,64,plus_both,0.029047619047619044,0.003586344182048471
cycle_none,101,longest_increasing_run,finetune,64,plus_both,0.023333333333333317,0.002614519641385509
interior_four,17,descents,finetune,64,plus_both,-0.01428571428571429,-0.03905668865721739
interior_four,17,recoils,finetune,64,plus_both,-0.010476190476190472,-0.033242585640007545
interior_four,17,lis_length,finetune,64,plus_both,0.015238095238095217,-0.00200008201895591
interior_four,17,longest_increasing_run,finetune,64,plus_both,0.02857142857142858,0.024820600351399765
interior_four,42,descents,finetune,64,plus_both,0.006666666666666682,-0.04418686485950856
interior_four,42,recoils,finetune,64,plus_both,0.012380952380952381,-0.03837276184229873
interior_four,42,lis_length,finetune,64,plus_both,0.0242857142857143,-0.007130258221247077
interior_four,42,longest_increasing_run,finetune,64,plus_both,-0.0019047619047618536,0.01969042414910855
position_none,17,descents,finetune,64,plus_both,-0.006190476190476191,0.03891145912755276
position_none,17,recoils,finetune,64,plus_both,-0.02809523809523809,0.05012958271996923
position_none,17,lis_length,finetune,64,plus_both,0.03190476190476188,0.07670328348059363
position_none,17,longest_increasing_run,finetune,64,plus_both,0.1057142857142857,0.06164104065407013
position_none,101,descents,finetune,64,plus_both,-0.01809523809523811,0.04886203236132294
position_none,101,recoils,finetune,64,plus_both,0.006666666666666682,0.06008015595373939
position_none,101,lis_length,finetune,64,plus_both,0.021428571428571408,0.08665385671436379
position_none,101,longest_increasing_run,finetune,64,plus_both,0.060952380952380925,0.0715916138878403
cycle_four,17,descents,finetune,64,plus_both,-0.06380952380952382,-0.02888914835563993
cycle_four,17,recoils,finetune,64,plus_both,-0.09142857142857144,-0.020619333996822573
cycle_four,17,lis_length,finetune,64,plus_both,-0.0519047619047619,0.006716784739471825
cycle_four,17,longest_increasing_run,finetune,64,plus_both,0.03761904761904761,-0.0025937278613472545
position_three,101,descents,finetune,256,plus_mathematical_relations,-0.02619047619047618,0.037767988001654
position_three,101,recoils,finetune,256,plus_mathematical_relations,-0.04000000000000001,0.04311261862675131
position_three,101,lis_length,finetune,256,plus_mathematical_relations,-0.03285714285714286,0.051746947812644314
position_three,101,longest_increasing_run,finetune,256,plus_mathematical_relations,-0.028095238095238062,0.03330725575781402
cycle_three,17,descents,finetune,256,plus_mathematical_relations,-0.04809523809523808,-0.07134399053443434
cycle_three,17,recoils,finetune,256,plus_mathematical_relations,-0.03761904761904761,-0.07061366620989822
cycle_three,17,lis_length,finetune,256,plus_mathematical_relations,0.006190476190476191,-0.05722747536229085
cycle_three,17,longest_increasing_run,finetune,256,plus_mathematical_relations,-0.03142857142857147,-0.07781329810244753
position_three,42,descents,finetune,256,plus_mathematical_relations,-0.06047619047619046,0.022384462744446727
position_three,42,recoils,finetune,256,plus_mathematical_relations,-0.04428571428571432,0.027729093369544044
position_three,42,lis_length,finetune,256,plus_mathematical_relations,-0.025238095238095226,0.03636342255543705
position_three,42,longest_increasing_run,finetune,256,plus_mathematical_relations,-0.05428571428571427,0.017923730500606763
position_four,101,descents,finetune,256,plus_mathematical_relations,-0.017619047619047618,-0.02395044797970121
position_four,101,recoils,finetune,256,plus_mathematical_relations,0.0028571428571428636,-0.022938038651646665
position_four,101,lis_length,finetune,256,plus_mathematical_relations,-0.011428571428571455,-0.009580019233685122
position_four,101,longest_increasing_run,finetune,256,plus_mathematical_relations,0.005238095238095264,-0.03182912027556334
cycle_three,42,descents,finetune,256,plus_mathematical_relations,-0.03857142857142856,-0.07869362490923215
cycle_three,42,recoils,finetune,256,plus_mathematical_relations,-0.013333333333333364,-0.07796330058469603
cycle_three,42,lis_length,finetune,256,plus_mathematical_relations,-0.0276190476190476,-0.06457710973708863
cycle_three,42,longest_increasing_run,finetune,256,plus_mathematical_relations,-0.030476190476190435,-0.08516293247724532
position_three,17,descents,finetune,256,plus_mathematical_relations,-0.029047619047619017,0.025892647079611447
position_three,17,recoils,finetune,256,plus_mathematical_relations,-0.042857142857142844,0.03123727770470877
position_three,17,lis_length,finetune,256,plus_mathematical_relations,0.0004761904761904634,0.03987160689060176
position_three,17,longest_increasing_run,finetune,256,plus_mathematical_relations,-0.0680952380952381,0.021431914835771476
interior_none,101,descents,finetune,256,plus_mathematical_relations,0.07428571428571429,0.023543308317929706
interior_none,101,recoils,finetune,256,plus_mathematical_relations,0.009523809523809518,0.03440405431336971
interior_none,101,lis_length,finetune,256,plus_mathematical_relations,0.029523809523809508,0.04449016193784741
interior_none,101,longest_increasing_run,finetune,256,plus_mathematical_relations,0.13714285714285712,0.021689115893521963
position_four,42,descents,finetune,256,plus_mathematical_relations,-0.05619047619047618,-0.04009262330723075
position_four,42,recoils,finetune,256,plus_mathematical_relations,0.006190476190476191,-0.0390802139791762
position_four,42,lis_length,finetune,256,plus_mathematical_relations,-0.012857142857142845,-0.025722194561214648
position_four,42,longest_increasing_run,finetune,256,plus_mathematical_relations,0.0009523809523809823,-0.04797129560309288
cycle_three,101,descents,finetune,256,plus_mathematical_relations,-0.029047619047619044,-0.0607798406367301
cycle_three,101,recoils,finetune,256,plus_mathematical_relations,0.0057142857142856995,-0.06004951631219399
cycle_three,101,lis_length,finetune,256,plus_mathematical_relations,-0.02238095238095239,-0.04666332546458661
cycle_three,101,longest_increasing_run,finetune,256,plus_mathematical_relations,-0.024761904761904763,-0.06724914820474327
cycle_none,42,descents,finetune,256,plus_mathematical_relations,-0.045238095238095244,-0.0846595947802516
cycle_none,42,recoils,finetune,256,plus_mathematical_relations,-0.03666666666666668,-0.08162328956016765
cycle_none,42,lis_length,finetune,256,plus_mathematical_relations,-0.032380952380952344,-0.06725633229398989
cycle_none,42,longest_increasing_run,finetune,256,plus_mathematical_relations,-0.04809523809523808,-0.08551671716498019
cycle_four,101,descents,finetune,256,plus_mathematical_relations,-0.029047619047619044,-0.019551686216175864
cycle_four,101,recoils,finetune,256,plus_mathematical_relations,-0.037142857142857144,-0.014248959188535151
cycle_four,101,lis_length,finetune,256,plus_mathematical_relations,-0.04619047619047617,-0.0008951720448182755
cycle_four,101,longest_increasing_run,finetune,256,plus_mathematical_relations,-0.03380952380952379,-0.01804831324953416
interior_none,17,descents,finetune,256,plus_mathematical_relations,0.03428571428571431,0.008888952454132015
interior_none,17,recoils,finetune,256,plus_mathematical_relations,-0.015238095238095217,0.019749698449572018
interior_none,17,lis_length,finetune,256,plus_mathematical_relations,0.049523809523809526,0.02983580607404972
interior_none,17,longest_increasing_run,finetune,256,plus_mathematical_relations,-0.031904761904761936,0.007034760029724273
interior_four,101,descents,finetune,256,plus_mathematical_relations,0.009047619047619082,0.04653646481080591
interior_four,101,recoils,finetune,256,plus_mathematical_relations,-0.0014285714285714457,0.04570410841330513
interior_four,101,lis_length,finetune,256,plus_mathematical_relations,0.0009523809523809268,0.05954481358495689
interior_four,101,longest_increasing_run,finetune,256,plus_mathematical_relations,0.04285714285714287,0.05445941829162021
interior_none,42,descents,finetune,256,plus_mathematical_relations,-0.013333333333333308,-0.0051478419189971494
interior_none,42,recoils,finetune,256,plus_mathematical_relations,0.009047619047619027,0.00571290407644285
interior_none,42,lis_length,finetune,256,plus_mathematical_relations,0.029047619047619044,0.015799011700920556
interior_none,42,longest_increasing_run,finetune,256,plus_mathematical_relations,-0.009047619047619027,-0.0070020343434048955
position_none,42,descents,finetune,256,plus_mathematical_relations,-0.03619047619047619,0.023496186601081184
position_none,42,recoils,finetune,256,plus_mathematical_relations,0.005238095238095208,0.007250002146945874
position_none,42,lis_length,finetune,256,plus_mathematical_relations,0.010476190476190472,0.017407084217146127
position_none,42,longest_increasing_run,finetune,256,plus_mathematical_relations,0.003809523809523818,0.0157780043077593
cycle_four,42,descents,finetune,256,plus_mathematical_relations,-0.05619047619047618,-0.03431803541869224
cycle_four,42,recoils,finetune,256,plus_mathematical_relations,-0.05523809523809525,-0.029015308391051528
cycle_four,42,lis_length,finetune,256,plus_mathematical_relations,-0.04809523809523808,-0.015661521247334654
cycle_four,42,longest_increasing_run,finetune,256,plus_mathematical_relations,-0.08523809523809522,-0.03281466245205054
position_four,17,descents,finetune,256,plus_mathematical_relations,-0.007619047619047581,-0.03538220580037782
position_four,17,recoils,finetune,256,plus_mathematical_relations,-0.019047619047619035,-0.03436979647232327
position_four,17,lis_length,finetune,256,plus_mathematical_relations,0.029523809523809508,-0.02101177705436173
position_four,17,longest_increasing_run,finetune,256,plus_mathematical_relations,-0.02857142857142858,-0.04326087809623995
cycle_none,17,descents,finetune,256,plus_mathematical_relations,-0.01809523809523808,-0.0784741067162438
cycle_none,17,recoils,finetune,256,plus_mathematical_relations,-0.02380952380952378,-0.07543780149615985
cycle_none,17,lis_length,finetune,256,plus_mathematical_relations,-0.02047619047619048,-0.06107084422998209
cycle_none,17,longest_increasing_run,finetune,256,plus_mathematical_relations,-0.08238095238095239,-0.07933122910097239
cycle_none,101,descents,finetune,256,plus_mathematical_relations,-0.0380952380952381,-0.07009346195582786
cycle_none,101,recoils,finetune,256,plus_mathematical_relations,-0.010000000000000009,-0.0670571567357439
cycle_none,101,lis_length,finetune,256,plus_mathematical_relations,-0.017619047619047645,-0.05269019946956614
cycle_none,101,longest_increasing_run,finetune,256,plus_mathematical_relations,-0.03761904761904761,-0.07095058434055643
interior_four,17,descents,finetune,256,plus_mathematical_relations,0.027619047619047654,0.036829337369604184
interior_four,17,recoils,finetune,256,plus_mathematical_relations,-0.021428571428571408,0.03599698097210342
interior_four,17,lis_length,finetune,256,plus_mathematical_relations,0.016666666666666663,0.04983768614375518
interior_four,17,longest_increasing_run,finetune,256,plus_mathematical_relations,-0.0128571428571429,0.044752290850418486
interior_four,42,descents,finetune,256,plus_mathematical_relations,-0.023333333333333317,0.0175528813843351
interior_four,42,recoils,finetune,256,plus_mathematical_relations,-0.007142857142857173,0.016720524986834333
interior_four,42,lis_length,finetune,256,plus_mathematical_relations,-0.013333333333333308,0.03056123015848609
interior_four,42,longest_increasing_run,finetune,256,plus_mathematical_relations,-0.005714285714285727,0.025475834865149417
position_none,17,descents,finetune,256,plus_mathematical_relations,0.01428571428571429,0.034198331257943804
position_none,17,recoils,finetune,256,plus_mathematical_relations,-0.017142857142857126,0.01795214680380849
position_none,17,lis_length,finetune,256,plus_mathematical_relations,0.022857142857142854,0.028109228874008744
position_none,17,longest_increasing_run,finetune,256,plus_mathematical_relations,0.0276190476190476,0.026480148964621922
position_none,101,descents,finetune,256,plus_mathematical_relations,-0.002857142857142836,0.03883674431310723
position_none,101,recoils,finetune,256,plus_mathematical_relations,-0.004761904761904773,0.022590559858971928
position_none,101,lis_length,finetune,256,plus_mathematical_relations,0.011904761904761918,0.03274764192917218
position_none,101,longest_increasing_run,finetune,256,plus_mathematical_relations,0.030000000000000027,0.031118562019785353
cycle_four,17,descents,finetune,256,plus_mathematical_relations,-0.03380952380952379,-0.02918626493937733
cycle_four,17,recoils,finetune,256,plus_mathematical_relations,-0.0333333333333333,-0.023883537911736613
cycle_four,17,lis_length,finetune,256,plus_mathematical_relations,-0.024761904761904763,-0.010529750768019742
cycle_four,17,longest_increasing_run,finetune,256,plus_mathematical_relations,-0.10714285714285715,-0.027682891972735622
position_three,101,descents,finetune,256,plus_both,-0.02619047619047618,0.04029201944056489
position_three,101,recoils,finetune,256,plus_both,-0.04000000000000001,0.04552533458621329
position_three,101,lis_length,finetune,256,plus_both,-0.03285714285714286,0.054163078019941885
position_three,101,longest_increasing_run,finetune,256,plus_both,-0.028095238095238062,0.03586188220865216
cycle_three,17,descents,finetune,256,plus_both,-0.04809523809523808,-0.07028465967779561
cycle_three,17,recoils,finetune,256,plus_both,-0.03761904761904761,-0.06950664596936582
cycle_three,17,lis_length,finetune,256,plus_both,0.006190476190476191,-0.056120365644106884
cycle_three,17,longest_increasing_run,finetune,256,plus_both,-0.03142857142857147,-0.07671116901793268
position_three,42,descents,finetune,256,plus_both,-0.06047619047619046,0.02415346136945167
position_three,42,recoils,finetune,256,plus_both,-0.04428571428571432,0.02938677651510007
position_three,42,lis_length,finetune,256,plus_both,-0.025238095238095226,0.038024519948828654
position_three,42,longest_increasing_run,finetune,256,plus_both,-0.05428571428571427,0.019723324137538946
position_four,101,descents,finetune,256,plus_both,-0.017619047619047618,-0.024141954434429617
position_four,101,recoils,finetune,256,plus_both,0.0028571428571428636,-0.023238189228010582
position_four,101,lis_length,finetune,256,plus_both,-0.011428571428571455,-0.00988525760277207
position_four,101,longest_increasing_run,finetune,256,plus_both,0.005238095238095264,-0.032003821268931115
cycle_three,42,descents,finetune,256,plus_both,-0.03857142857142856,-0.07660427808871546
cycle_three,42,recoils,finetune,256,plus_both,-0.013333333333333364,-0.07582626438028568
cycle_three,42,lis_length,finetune,256,plus_both,-0.0276190476190476,-0.06243998405502674
cycle_three,42,longest_increasing_run,finetune,256,plus_both,-0.030476190476190435,-0.08303078742885255
position_three,17,descents,finetune,256,plus_both,-0.029047619047619017,0.029178655734122677
position_three,17,recoils,finetune,256,plus_both,-0.042857142857142844,0.034411970879771075
position_three,17,lis_length,finetune,256,plus_both,0.0004761904761904634,0.04304971431349966
position_three,17,longest_increasing_run,finetune,256,plus_both,-0.0680952380952381,0.02474851850220995
interior_none,101,descents,finetune,256,plus_both,0.07428571428571429,0.018868884871573424
interior_none,101,recoils,finetune,256,plus_both,0.009523809523809518,0.029841385215030134
interior_none,101,lis_length,finetune,256,plus_both,0.029523809523809508,0.03993487507914878
interior_none,101,longest_increasing_run,finetune,256,plus_both,0.13714285714285712,0.01708970036873277
position_four,42,descents,finetune,256,plus_both,-0.05619047619047618,-0.039134131449433715
position_four,42,recoils,finetune,256,plus_both,0.006190476190476191,-0.03823036624301468
position_four,42,lis_length,finetune,256,plus_both,-0.012857142857142845,-0.024877434617776167
position_four,42,longest_increasing_run,finetune,256,plus_both,0.0009523809523809823,-0.04699599828393521
cycle_three,101,descents,finetune,256,plus_both,-0.029047619047619044,-0.05992724259748025
cycle_three,101,recoils,finetune,256,plus_both,0.0057142857142856995,-0.059149228889050456
cycle_three,101,lis_length,finetune,256,plus_both,-0.02238095238095239,-0.04576294856379151
cycle_three,101,longest_increasing_run,finetune,256,plus_both,-0.024761904761904763,-0.06635375193761732
cycle_none,42,descents,finetune,256,plus_both,-0.045238095238095244,-0.08194559021122033
cycle_none,42,recoils,finetune,256,plus_both,-0.03666666666666668,-0.0789456784182847
cycle_none,42,lis_length,finetune,256,plus_both,-0.032380952380952344,-0.06458324816838637
cycle_none,42,longest_increasing_run,finetune,256,plus_both,-0.04809523809523808,-0.08277754203730577
cycle_four,101,descents,finetune,256,plus_both,-0.029047619047619044,-0.020468196984687367
cycle_four,101,recoils,finetune,256,plus_both,-0.037142857142857144,-0.0151260979052018
cycle_four,101,lis_length,finetune,256,plus_both,-0.04619047619047617,-0.0017792138327112125
cycle_four,101,longest_increasing_run,finetune,256,plus_both,-0.03380952380952379,-0.0189188237101299
interior_none,17,descents,finetune,256,plus_both,0.03428571428571431,0.0010169101902035467
interior_none,17,recoils,finetune,256,plus_both,-0.015238095238095217,0.011989410533660257
interior_none,17,lis_length,finetune,256,plus_both,0.049523809523809526,0.022082900397778913
interior_none,17,longest_increasing_run,finetune,256,plus_both,-0.031904761904761936,-0.0007622743126371075
interior_four,101,descents,finetune,256,plus_both,0.009047619047619082,0.03133790815271849
interior_four,101,recoils,finetune,256,plus_both,-0.0014285714285714457,0.030835863083292118
interior_four,101,lis_length,finetune,256,plus_both,0.0009523809523809268,0.044660587303413435
interior_four,101,longest_increasing_run,finetune,256,plus_both,0.04285714285714287,0.039290166585677466
interior_none,42,descents,finetune,256,plus_both,-0.013333333333333308,-0.008252360158066708
interior_none,42,recoils,finetune,256,plus_both,0.009047619047619027,0.0027201401853900083
interior_none,42,lis_length,finetune,256,plus_both,0.029047619047619044,0.01281363004950865
interior_none,42,longest_increasing_run,finetune,256,plus_both,-0.009047619047619027,-0.010031544660907365
position_none,42,descents,finetune,256,plus_both,-0.03619047619047619,0.041301372925721586
position_none,42,recoils,finetune,256,plus_both,0.005238095238095208,0.024508898212670643
position_none,42,lis_length,finetune,256,plus_both,0.010476190476190472,0.03464121327185066
position_none,42,longest_increasing_run,finetune,256,plus_both,0.003809523809523818,0.03349072954386759
cycle_four,42,descents,finetune,256,plus_both,-0.05619047619047618,-0.03403495138015649
cycle_four,42,recoils,finetune,256,plus_both,-0.05523809523809525,-0.028692852300670924
cycle_four,42,lis_length,finetune,256,plus_both,-0.04809523809523808,-0.015345968228180332
cycle_four,42,longest_increasing_run,finetune,256,plus_both,-0.08523809523809522,-0.032485578105599024
position_four,17,descents,finetune,256,plus_both,-0.007619047619047581,-0.03518402209604693
position_four,17,recoils,finetune,256,plus_both,-0.019047619047619035,-0.034280256889627894
position_four,17,lis_length,finetune,256,plus_both,0.029523809523809508,-0.020927325264389382
position_four,17,longest_increasing_run,finetune,256,plus_both,-0.02857142857142858,-0.043045888930548434
cycle_none,17,descents,finetune,256,plus_both,-0.01809523809523808,-0.07842717718769227
cycle_none,17,recoils,finetune,256,plus_both,-0.02380952380952378,-0.07542726539475664
cycle_none,17,lis_length,finetune,256,plus_both,-0.02047619047619048,-0.061064835144858304
cycle_none,17,longest_increasing_run,finetune,256,plus_both,-0.08238095238095239,-0.0792591290137777
cycle_none,101,descents,finetune,256,plus_both,-0.0380952380952381,-0.0686867681418167
cycle_none,101,recoils,finetune,256,plus_both,-0.010000000000000009,-0.0656868563488811
cycle_none,101,lis_length,finetune,256,plus_both,-0.017619047619047645,-0.05132442609898276
cycle_none,101,longest_increasing_run,finetune,256,plus_both,-0.03761904761904761,-0.06951871996790215
interior_four,17,descents,finetune,256,plus_both,0.027619047619047654,0.018935748632242757
interior_four,17,recoils,finetune,256,plus_both,-0.021428571428571408,0.01843370356281639
interior_four,17,lis_length,finetune,256,plus_both,0.016666666666666663,0.03225842778293771
interior_four,17,longest_increasing_run,finetune,256,plus_both,-0.0128571428571429,0.026888007065201742
interior_four,42,descents,finetune,256,plus_both,-0.023333333333333317,0.00014216594361022086
interior_four,42,recoils,finetune,256,plus_both,-0.007142857142857173,-0.0003598791258161531
interior_four,42,lis_length,finetune,256,plus_both,-0.013333333333333308,0.013464845094305167
interior_four,42,longest_increasing_run,finetune,256,plus_both,-0.005714285714285727,0.008094424376569199
position_none,17,descents,finetune,256,plus_both,0.01428571428571429,0.07457722596598337
position_none,17,recoils,finetune,256,plus_both,-0.017142857142857126,0.05778475125293242
position_none,17,lis_length,finetune,256,plus_both,0.022857142857142854,0.06791706631211243
position_none,17,longest_increasing_run,finetune,256,plus_both,0.0276190476190476,0.06676658258412936
position_none,101,descents,finetune,256,plus_both,-0.002857142857142836,0.056408959648280535
position_none,101,recoils,finetune,256,plus_both,-0.004761904761904773,0.03961648493522958
position_none,101,lis_length,finetune,256,plus_both,0.011904761904761918,0.04974879999440961
position_none,101,longest_increasing_run,finetune,256,plus_both,0.030000000000000027,0.04859831626642652
cycle_four,17,descents,finetune,256,plus_both,-0.03380952380952379,-0.029497045700504737
cycle_four,17,recoils,finetune,256,plus_both,-0.0333333333333333,-0.024154946621019174
cycle_four,17,lis_length,finetune,256,plus_both,-0.024761904761904763,-0.010808062548528584
cycle_four,17,longest_increasing_run,finetune,256,plus_both,-0.10714285714285715,-0.02794767242594727
position_three,101,descents,finetune_shared,64,plus_mathematical_relations,0.01571428571428571,0.011820318231081626
position_three,101,recoils,finetune_shared,64,plus_mathematical_relations,0.035238095238095235,0.010110037469294435
position_three,101,lis_length,finetune_shared,64,plus_mathematical_relations,-0.006666666666666654,0.0375776676756108
position_three,101,longest_increasing_run,finetune_shared,64,plus_mathematical_relations,0.009523809523809545,0.05466557196136394
cycle_three,17,descents,finetune_shared,64,plus_mathematical_relations,-0.08380952380952382,-0.09090077046324298
cycle_three,17,recoils,finetune_shared,64,plus_mathematical_relations,-0.07523809523809524,-0.09341837754082861
cycle_three,17,lis_length,finetune_shared,64,plus_mathematical_relations,-0.01428571428571429,-0.07438498169318057
cycle_three,17,longest_increasing_run,finetune_shared,64,plus_mathematical_relations,0.01428571428571429,-0.0636987953658681
position_three,42,descents,finetune_shared,64,plus_mathematical_relations,-0.014761904761904754,0.01738108929057793
position_three,42,recoils,finetune_shared,64,plus_mathematical_relations,0.006190476190476191,0.01567080852879076
position_three,42,lis_length,finetune_shared,64,plus_mathematical_relations,-0.012380952380952381,0.043138438735107115
position_three,42,longest_increasing_run,finetune_shared,64,plus_mathematical_relations,0.015238095238095273,0.06022634302086026
position_four,101,descents,finetune_shared,64,plus_mathematical_relations,-0.02619047619047621,-0.03491022065326495
position_four,101,recoils,finetune_shared,64,plus_mathematical_relations,-0.001428571428571418,-0.039241062623687845
position_four,101,lis_length,finetune_shared,64,plus_mathematical_relations,0.011428571428571399,-0.012529861265763068
position_four,101,longest_increasing_run,finetune_shared,64,plus_mathematical_relations,-0.004285714285714282,0.006531730137792794
cycle_three,42,descents,finetune_shared,64,plus_mathematical_relations,-0.025238095238095226,-0.08880408008611035
cycle_three,42,recoils,finetune_shared,64,plus_mathematical_relations,-0.03238095238095237,-0.091321687163696
cycle_three,42,lis_length,finetune_shared,64,plus_mathematical_relations,-0.0014285714285714457,-0.07228829131604793
cycle_three,42,longest_increasing_run,finetune_shared,64,plus_mathematical_relations,0.023809523809523836,-0.061602104988735466
position_three,17,descents,finetune_shared,64,plus_mathematical_relations,0.006190476190476191,0.014103871601738056
position_three,17,recoils,finetune_shared,64,plus_mathematical_relations,-0.004761904761904773,0.012393590839950858
position_three,17,lis_length,finetune_shared,64,plus_mathematical_relations,-0.02857142857142858,0.03986122104626723
position_three,17,longest_increasing_run,finetune_shared,64,plus_mathematical_relations,-0.04238095238095241,0.05694912533202037
interior_none,101,descents,finetune_shared,64,plus_mathematical_relations,-0.04047619047619047,0.009647607681277065
interior_none,101,recoils,finetune_shared,64,plus_mathematical_relations,-0.021428571428571436,0.013761843963552185
interior_none,101,lis_length,finetune_shared,64,plus_mathematical_relations,0.01571428571428568,0.038185526484042755
interior_none,101,longest_increasing_run,finetune_shared,64,plus_mathematical_relations,0.021904761904761927,0.04788807212798578
position_four,42,descents,finetune_shared,64,plus_mathematical_relations,-0.0138095238095238,-0.030768892844241516
position_four,42,recoils,finetune_shared,64,plus_mathematical_relations,0.0023809523809523725,-0.03509973481466442
position_four,42,lis_length,finetune_shared,64,plus_mathematical_relations,-0.022857142857142854,-0.008388533456739636
position_four,42,longest_increasing_run,finetune_shared,64,plus_mathematical_relations,-0.016666666666666663,0.01067305794681623
cycle_three,101,descents,finetune_shared,64,plus_mathematical_relations,-0.09714285714285714,-0.08635344407099967
cycle_three,101,recoils,finetune_shared,64,plus_mathematical_relations,-0.06952380952380952,-0.08887105114858532
cycle_three,101,lis_length,finetune_shared,64,plus_mathematical_relations,-0.001904761904761909,-0.06983765530093725
cycle_three,101,longest_increasing_run,finetune_shared,64,plus_mathematical_relations,0.0071428571428571175,-0.059151468973624784
cycle_none,42,descents,finetune_shared,64,plus_mathematical_relations,-0.021428571428571408,-0.05512344073694811
cycle_none,42,recoils,finetune_shared,64,plus_mathematical_relations,-0.05285714285714285,-0.05359317776635956
cycle_none,42,lis_length,finetune_shared,64,plus_mathematical_relations,-0.0380952380952381,-0.0298051175682807
cycle_none,42,longest_increasing_run,finetune_shared,64,plus_mathematical_relations,0.02285714285714291,-0.019161000074384794
cycle_four,101,descents,finetune_shared,64,plus_mathematical_relations,-0.11904761904761905,-0.05165396645336566
cycle_four,101,recoils,finetune_shared,64,plus_mathematical_relations,-0.11904761904761904,-0.05131603462491497
cycle_four,101,lis_length,finetune_shared,64,plus_mathematical_relations,-0.02285714285714288,-0.029409374255641697
cycle_four,101,longest_increasing_run,finetune_shared,64,plus_mathematical_relations,-0.025238095238095226,-0.025837345789562864
interior_none,17,descents,finetune_shared,64,plus_mathematical_relations,0.032857142857142835,-0.007932008214724373
interior_none,17,recoils,finetune_shared,64,plus_mathematical_relations,0.007142857142857145,-0.0038177719324492595
interior_none,17,lis_length,finetune_shared,64,plus_mathematical_relations,0.02999999999999997,0.020605910588041294
interior_none,17,longest_increasing_run,finetune_shared,64,plus_mathematical_relations,0.06476190476190474,0.030308456231984318
interior_four,101,descents,finetune_shared,64,plus_mathematical_relations,0.0009523809523809545,-0.04930117566904349
interior_four,101,recoils,finetune_shared,64,plus_mathematical_relations,0.004761904761904773,-0.04861683996834805
interior_four,101,lis_length,finetune_shared,64,plus_mathematical_relations,0.03999999999999998,-0.02101076907694259
interior_four,101,longest_increasing_run,finetune_shared,64,plus_mathematical_relations,0.003809523809523818,0.026312937999416103
interior_none,42,descents,finetune_shared,64,plus_mathematical_relations,0.005238095238095236,-0.0021420761591699738
interior_none,42,recoils,finetune_shared,64,plus_mathematical_relations,-0.0023809523809523725,0.0019721601231051378
interior_none,42,lis_length,finetune_shared,64,plus_mathematical_relations,0.02571428571428569,0.026395842643595693
interior_none,42,longest_increasing_run,finetune_shared,64,plus_mathematical_relations,-0.006666666666666654,0.03609838828753872
position_none,42,descents,finetune_shared,64,plus_mathematical_relations,-0.008095238095238072,0.06295560273523479
position_none,42,recoils,finetune_shared,64,plus_mathematical_relations,-0.026666666666666672,0.07390869704276175
position_none,42,lis_length,finetune_shared,64,plus_mathematical_relations,0.013333333333333308,0.09663828322612274
position_none,42,longest_increasing_run,finetune_shared,64,plus_mathematical_relations,0.06714285714285717,0.08896842834605799
cycle_four,42,descents,finetune_shared,64,plus_mathematical_relations,-0.09,-0.049971519459761735
cycle_four,42,recoils,finetune_shared,64,plus_mathematical_relations,-0.08714285714285713,-0.049633587631311045
cycle_four,42,lis_length,finetune_shared,64,plus_mathematical_relations,-0.07714285714285715,-0.027726927262037772
cycle_four,42,longest_increasing_run,finetune_shared,64,plus_mathematical_relations,-0.014285714285714235,-0.024154898795958935
position_four,17,descents,finetune_shared,64,plus_mathematical_relations,-0.01809523809523811,-0.038121084899629246
position_four,17,recoils,finetune_shared,64,plus_mathematical_relations,-0.005238095238095236,-0.04245192687005215
position_four,17,lis_length,finetune_shared,64,plus_mathematical_relations,0.012857142857142845,-0.015740725512127365
position_four,17,longest_increasing_run,finetune_shared,64,plus_mathematical_relations,-0.03476190476190477,0.0033208658914284962
cycle_none,17,descents,finetune_shared,64,plus_mathematical_relations,-0.0404761904761905,-0.060944946374069844
cycle_none,17,recoils,finetune_shared,64,plus_mathematical_relations,-0.04857142857142857,-0.05941468340348129
cycle_none,17,lis_length,finetune_shared,64,plus_mathematical_relations,-0.02238095238095239,-0.03562662320540243
cycle_none,17,longest_increasing_run,finetune_shared,64,plus_mathematical_relations,0.005238095238095208,-0.02498250571150651
cycle_none,101,descents,finetune_shared,64,plus_mathematical_relations,-0.02857142857142858,-0.05673949274210589
cycle_none,101,recoils,finetune_shared,64,plus_mathematical_relations,-0.030952380952380953,-0.05520922977151734
cycle_none,101,lis_length,finetune_shared,64,plus_mathematical_relations,0.02571428571428569,-0.03142116957343847
cycle_none,101,longest_increasing_run,finetune_shared,64,plus_mathematical_relations,-0.023333333333333317,-0.020777052079542557
interior_four,17,descents,finetune_shared,64,plus_mathematical_relations,-0.01428571428571429,-0.05333048534226975
interior_four,17,recoils,finetune_shared,64,plus_mathematical_relations,-0.010476190476190472,-0.05264614964157431
interior_four,17,lis_length,finetune_shared,64,plus_mathematical_relations,0.015238095238095217,-0.02504007875016885
interior_four,17,longest_increasing_run,finetune_shared,64,plus_mathematical_relations,0.02857142857142858,0.022283628326189842
interior_four,42,descents,finetune_shared,64,plus_mathematical_relations,0.006666666666666682,-0.04411793126465477
interior_four,42,recoils,finetune_shared,64,plus_mathematical_relations,0.012380952380952381,-0.043433595563959315
interior_four,42,lis_length,finetune_shared,64,plus_mathematical_relations,0.0242857142857143,-0.015827524672553855
interior_four,42,longest_increasing_run,finetune_shared,64,plus_mathematical_relations,-0.0019047619047618536,0.031496182403804834
position_none,17,descents,finetune_shared,64,plus_mathematical_relations,-0.027142857142857163,0.053767268763284526
position_none,17,recoils,finetune_shared,64,plus_mathematical_relations,-0.0542857142857143,0.06472036307081148
position_none,17,lis_length,finetune_shared,64,plus_mathematical_relations,-0.008571428571428563,0.0874499492541725
position_none,17,longest_increasing_run,finetune_shared,64,plus_mathematical_relations,0.10761904761904761,0.07978009437410771
position_none,101,descents,finetune_shared,64,plus_mathematical_relations,-0.04428571428571429,0.06411639307885023
position_none,101,recoils,finetune_shared,64,plus_mathematical_relations,-0.005238095238095236,0.07506948738637718
position_none,101,lis_length,finetune_shared,64,plus_mathematical_relations,0.014761904761904754,0.09779907356973817
position_none,101,longest_increasing_run,finetune_shared,64,plus_mathematical_relations,0.07142857142857145,0.09012921868967343
cycle_four,17,descents,finetune_shared,64,plus_mathematical_relations,-0.10571428571428572,-0.05487075852863965
cycle_four,17,recoils,finetune_shared,64,plus_mathematical_relations,-0.11571428571428573,-0.054532826700188955
cycle_four,17,lis_length,finetune_shared,64,plus_mathematical_relations,-0.09476190476190477,-0.03262616633091569
cycle_four,17,longest_increasing_run,finetune_shared,64,plus_mathematical_relations,0.002857142857142836,-0.029054137864836856
position_three,101,descents,finetune_shared,64,plus_both,0.01571428571428571,0.0285371379675179
position_three,101,recoils,finetune_shared,64,plus_both,0.035238095238095235,0.02673730683240155
position_three,101,lis_length,finetune_shared,64,plus_both,-0.006666666666666654,0.054167792880852175
position_three,101,longest_increasing_run,finetune_shared,64,plus_both,0.009523809523809545,0.0713220376341153
cycle_three,17,descents,finetune_shared,64,plus_both,-0.08380952380952382,-0.09264531844982031
cycle_three,17,recoils,finetune_shared,64,plus_both,-0.07523809523809524,-0.09529398455564385
cycle_three,17,lis_length,finetune_shared,64,plus_both,-0.01428571428571429,-0.07625741318856659
cycle_three,17,longest_increasing_run,finetune_shared,64,plus_both,0.01428571428571429,-0.06550780534605347
position_three,42,descents,finetune_shared,64,plus_both,-0.014761904761904754,0.03504620938863977
position_three,42,recoils,finetune_shared,64,plus_both,0.006190476190476191,0.03324637825352342
position_three,42,lis_length,finetune_shared,64,plus_both,-0.012380952380952381,0.060676864301974026
position_three,42,longest_increasing_run,finetune_shared,64,plus_both,0.015238095238095273,0.07783110905523717
position_four,101,descents,finetune_shared,64,plus_both,-0.02619047619047621,-0.04058790777386988
position_four,101,recoils,finetune_shared,64,plus_both,-0.001428571428571418,-0.04491095729401931
position_four,101,lis_length,finetune_shared,64,plus_both,0.011428571428571399,-0.018198945970464012
position_four,101,longest_increasing_run,finetune_shared,64,plus_both,-0.004285714285714282,0.000828361520685942
cycle_three,42,descents,finetune_shared,64,plus_both,-0.025238095238095226,-0.09202154899098645
cycle_three,42,recoils,finetune_shared,64,plus_both,-0.03238095238095237,-0.09467021509680996
cycle_three,42,lis_length,finetune_shared,64,plus_both,-0.0014285714285714457,-0.07563364372973273
cycle_three,42,longest_increasing_run,finetune_shared,64,plus_both,0.023809523809523836,-0.0648840358872196
position_three,17,descents,finetune_shared,64,plus_both,0.006190476190476191,0.02959987469635945
position_three,17,recoils,finetune_shared,64,plus_both,-0.004761904761904773,0.027800043561243087
position_three,17,lis_length,finetune_shared,64,plus_both,-0.02857142857142858,0.05523052960969371
position_three,17,longest_increasing_run,finetune_shared,64,plus_both,-0.04238095238095241,0.07238477436295686
interior_none,101,descents,finetune_shared,64,plus_both,-0.04047619047619047,0.009966474813130035
interior_none,101,recoils,finetune_shared,64,plus_both,-0.021428571428571436,0.014074347389393577
interior_none,101,lis_length,finetune_shared,64,plus_both,0.01571428571428568,0.038497613989692675
interior_none,101,longest_increasing_run,finetune_shared,64,plus_both,0.021904761904761927,0.04820264487476689
position_four,42,descents,finetune_shared,64,plus_both,-0.0138095238095238,-0.0390043149833566
position_four,42,recoils,finetune_shared,64,plus_both,0.0023809523809523725,-0.04332736450350603
position_four,42,lis_length,finetune_shared,64,plus_both,-0.022857142857142854,-0.01661535317995074
position_four,42,longest_increasing_run,finetune_shared,64,plus_both,-0.016666666666666663,0.002411954311199213
cycle_three,101,descents,finetune_shared,64,plus_both,-0.09714285714285714,-0.0878159213594443
cycle_three,101,recoils,finetune_shared,64,plus_both,-0.06952380952380952,-0.09046458746526782
cycle_three,101,lis_length,finetune_shared,64,plus_both,-0.001904761904761909,-0.07142801609819056
cycle_three,101,longest_increasing_run,finetune_shared,64,plus_both,0.0071428571428571175,-0.06067840825567745
cycle_none,42,descents,finetune_shared,64,plus_both,-0.021428571428571408,-0.06363231129228998
cycle_none,42,recoils,finetune_shared,64,plus_both,-0.05285714285714285,-0.062201200269445256
cycle_none,42,lis_length,finetune_shared,64,plus_both,-0.0380952380952381,-0.03840705170836394
cycle_none,42,longest_increasing_run,finetune_shared,64,plus_both,0.02285714285714291,-0.02771087115198133
cycle_four,101,descents,finetune_shared,64,plus_both,-0.11904761904761905,-0.04998803847854651
cycle_four,101,recoils,finetune_shared,64,plus_both,-0.11904761904761904,-0.049811805530646534
cycle_four,101,lis_length,finetune_shared,64,plus_both,-0.02285714285714288,-0.027885293040069193
cycle_four,101,longest_increasing_run,finetune_shared,64,plus_both,-0.025238095238095226,-0.024239058615635054
interior_none,17,descents,finetune_shared,64,plus_both,0.032857142857142835,-0.007657673939230076
interior_none,17,recoils,finetune_shared,64,plus_both,0.007142857142857145,-0.0035498013629665336
interior_none,17,lis_length,finetune_shared,64,plus_both,0.02999999999999997,0.020873465237332564
interior_none,17,longest_increasing_run,finetune_shared,64,plus_both,0.06476190476190474,0.030578496122406776
interior_four,101,descents,finetune_shared,64,plus_both,0.0009523809523809545,-0.03080820605726328
interior_four,101,recoils,finetune_shared,64,plus_both,0.004761904761904773,-0.030338232443594407
interior_four,101,lis_length,finetune_shared,64,plus_both,0.03999999999999998,-0.0027209723589035097
interior_four,101,longest_increasing_run,finetune_shared,64,plus_both,0.003809523809523818,0.044792748434975924
interior_none,42,descents,finetune_shared,64,plus_both,0.005238095238095236,-0.0020064036510119496
interior_none,42,recoils,finetune_shared,64,plus_both,-0.0023809523809523725,0.002101468925251593
interior_none,42,lis_length,finetune_shared,64,plus_both,0.02571428571428569,0.026524735525550687
interior_none,42,longest_increasing_run,finetune_shared,64,plus_both,-0.006666666666666654,0.036229766410624906
position_none,42,descents,finetune_shared,64,plus_both,-0.008095238095238072,0.054084552957440815
position_none,42,recoils,finetune_shared,64,plus_both,-0.026666666666666672,0.06630428790347846
position_none,42,lis_length,finetune_shared,64,plus_both,0.013333333333333308,0.08908709302263497
position_none,42,longest_increasing_run,finetune_shared,64,plus_both,0.06714285714285717,0.08043091355512637
cycle_four,42,descents,finetune_shared,64,plus_both,-0.09,-0.04973724481363741
cycle_four,42,recoils,finetune_shared,64,plus_both,-0.08714285714285713,-0.04956101186573743
cycle_four,42,lis_length,finetune_shared,64,plus_both,-0.07714285714285715,-0.027634499375160097
cycle_four,42,longest_increasing_run,finetune_shared,64,plus_both,-0.014285714285714235,-0.02398826495072595
position_four,17,descents,finetune_shared,64,plus_both,-0.01809523809523811,-0.042987705244470875
position_four,17,recoils,finetune_shared,64,plus_both,-0.005238095238095236,-0.047310754764620294
position_four,17,lis_length,finetune_shared,64,plus_both,0.012857142857142845,-0.020598743441065007
position_four,17,longest_increasing_run,finetune_shared,64,plus_both,-0.03476190476190477,-0.0015714359499150524
cycle_none,17,descents,finetune_shared,64,plus_both,-0.0404761904761905,-0.06509211040742832
cycle_none,17,recoils,finetune_shared,64,plus_both,-0.04857142857142857,-0.06366099938458358
cycle_none,17,lis_length,finetune_shared,64,plus_both,-0.02238095238095239,-0.039866850823502276
cycle_none,17,longest_increasing_run,finetune_shared,64,plus_both,0.005238095238095208,-0.029170670267119655
cycle_none,101,descents,finetune_shared,64,plus_both,-0.02857142857142858,-0.06370742978427332
cycle_none,101,recoils,finetune_shared,64,plus_both,-0.030952380952380953,-0.062276318761428584
cycle_none,101,lis_length,finetune_shared,64,plus_both,0.02571428571428569,-0.03848217020034728
cycle_none,101,longest_increasing_run,finetune_shared,64,plus_both,-0.023333333333333317,-0.027785989643964663
interior_four,17,descents,finetune_shared,64,plus_both,-0.01428571428571429,-0.03167400691925136
interior_four,17,recoils,finetune_shared,64,plus_both,-0.010476190476190472,-0.03120403330558248
interior_four,17,lis_length,finetune_shared,64,plus_both,0.015238095238095217,-0.0035867732208915808
interior_four,17,longest_increasing_run,finetune_shared,64,plus_both,0.02857142857142858,0.04392694757298783
interior_four,42,descents,finetune_shared,64,plus_both,0.006666666666666682,-0.021901752615076476
interior_four,42,recoils,finetune_shared,64,plus_both,0.012380952380952381,-0.02143177900140761
interior_four,42,lis_length,finetune_shared,64,plus_both,0.0242857142857143,0.006185481083283286
interior_four,42,longest_increasing_run,finetune_shared,64,plus_both,-0.0019047619047618536,0.05369920187716269
position_none,17,descents,finetune_shared,64,plus_both,-0.027142857142857163,0.025728659706766212
position_none,17,recoils,finetune_shared,64,plus_both,-0.0542857142857143,0.03794839465280388
position_none,17,lis_length,finetune_shared,64,plus_both,-0.008571428571428563,0.06073119977196037
position_none,17,longest_increasing_run,finetune_shared,64,plus_both,0.10761904761904761,0.052075020304451755
position_none,101,descents,finetune_shared,64,plus_both,-0.04428571428571429,0.05738082264426246
position_none,101,recoils,finetune_shared,64,plus_both,-0.005238095238095236,0.06960055759030011
position_none,101,lis_length,finetune_shared,64,plus_both,0.014761904761904754,0.09238336270945662
position_none,101,longest_increasing_run,finetune_shared,64,plus_both,0.07142857142857145,0.08372718324194799
cycle_four,17,descents,finetune_shared,64,plus_both,-0.10571428571428572,-0.053770894461162615
cycle_four,17,recoils,finetune_shared,64,plus_both,-0.11571428571428573,-0.053594661513262636
cycle_four,17,lis_length,finetune_shared,64,plus_both,-0.09476190476190477,-0.0316681490226853
cycle_four,17,longest_increasing_run,finetune_shared,64,plus_both,0.002857142857142836,-0.02802191459825115
position_three,101,descents,finetune_shared,256,plus_mathematical_relations,-0.011428571428571427,-0.012538745402012353
position_three,101,recoils,finetune_shared,256,plus_mathematical_relations,0.0023809523809523725,-0.0171347130238928
position_three,101,lis_length,finetune_shared,256,plus_mathematical_relations,-0.017619047619047645,0.0015996958788709464
position_three,101,longest_increasing_run,finetune_shared,256,plus_mathematical_relations,0.017619047619047645,0.014118319861308619
cycle_three,17,descents,finetune_shared,256,plus_mathematical_relations,-0.0495238095238095,-0.054908352840868445
cycle_three,17,recoils,finetune_shared,256,plus_mathematical_relations,-0.0633333333333333,-0.05525909788418145
cycle_three,17,lis_length,finetune_shared,256,plus_mathematical_relations,0.011904761904761862,-0.04031730813053829
cycle_three,17,longest_increasing_run,finetune_shared,256,plus_mathematical_relations,-0.006190476190476191,-0.03911062207655873
position_three,42,descents,finetune_shared,256,plus_mathematical_relations,-0.061428571428571416,-0.027797121875741272
position_three,42,recoils,finetune_shared,256,plus_mathematical_relations,-0.015714285714285736,-0.03239308949762173
position_three,42,lis_length,finetune_shared,256,plus_mathematical_relations,-0.026666666666666616,-0.013658680594857983
position_three,42,longest_increasing_run,finetune_shared,256,plus_mathematical_relations,-0.0438095238095238,-0.001140056612420311
position_four,101,descents,finetune_shared,256,plus_mathematical_relations,-0.02809523809523809,-0.013903446506850988
position_four,101,recoils,finetune_shared,256,plus_mathematical_relations,-0.013809523809523827,-0.017089719779147767
position_four,101,lis_length,finetune_shared,256,plus_mathematical_relations,0.0009523809523809268,0.00216162264218458
position_four,101,longest_increasing_run,finetune_shared,256,plus_mathematical_relations,0.005238095238095264,0.00912650293869416
cycle_three,42,descents,finetune_shared,256,plus_mathematical_relations,-0.03761904761904761,-0.059973727129472354
cycle_three,42,recoils,finetune_shared,256,plus_mathematical_relations,-0.033809523809523845,-0.060324472172785366
cycle_three,42,lis_length,finetune_shared,256,plus_mathematical_relations,-0.0195238095238095,-0.04538268241914221
cycle_three,42,longest_increasing_run,finetune_shared,256,plus_mathematical_relations,0.012857142857142845,-0.044175996365162645
position_three,17,descents,finetune_shared,256,plus_mathematical_relations,-0.008571428571428563,-0.026411872272120086
position_three,17,recoils,finetune_shared,256,plus_mathematical_relations,-0.01761904761904759,-0.031007839894000543
position_three,17,lis_length,finetune_shared,256,plus_mathematical_relations,0.0004761904761904634,-0.01227343099123679
position_three,17,longest_increasing_run,finetune_shared,256,plus_mathematical_relations,-0.08047619047619048,0.00024519299120087483
interior_none,101,descents,finetune_shared,256,plus_mathematical_relations,0.05904761904761907,-0.009642664204159542
interior_none,101,recoils,finetune_shared,256,plus_mathematical_relations,0.0057142857142856995,-0.003455245360756788
interior_none,101,lis_length,finetune_shared,256,plus_mathematical_relations,0.00952380952380949,0.014484666381304152
interior_none,101,longest_increasing_run,finetune_shared,256,plus_mathematical_relations,0.1166666666666667,0.021965664576622124
position_four,42,descents,finetune_shared,256,plus_mathematical_relations,-0.0461904761904762,-0.033555429821547654
position_four,42,recoils,finetune_shared,256,plus_mathematical_relations,-0.010000000000000009,-0.03674170309384443
position_four,42,lis_length,finetune_shared,256,plus_mathematical_relations,-0.030952380952380953,-0.017490360672512084
position_four,42,longest_increasing_run,finetune_shared,256,plus_mathematical_relations,0.0004761904761904634,-0.010525480376002504
cycle_three,101,descents,finetune_shared,256,plus_mathematical_relations,-0.05142857142857141,-0.035958676105900825
cycle_three,101,recoils,finetune_shared,256,plus_mathematical_relations,-0.047619047619047616,-0.036309421149213844
cycle_three,101,lis_length,finetune_shared,256,plus_mathematical_relations,-0.051428571428571435,-0.02136763139557068
cycle_three,101,longest_increasing_run,finetune_shared,256,plus_mathematical_relations,0.02857142857142858,-0.020160945341591113
cycle_none,42,descents,finetune_shared,256,plus_mathematical_relations,-0.08809523809523809,-0.05836014734970797
cycle_none,42,recoils,finetune_shared,256,plus_mathematical_relations,-0.05904761904761907,-0.06134898194200859
cycle_none,42,lis_length,finetune_shared,256,plus_mathematical_relations,-0.03761904761904761,-0.04433661034779496
cycle_none,42,longest_increasing_run,finetune_shared,256,plus_mathematical_relations,-0.05238095238095236,-0.0349812830838271
cycle_four,101,descents,finetune_shared,256,plus_mathematical_relations,-0.05285714285714285,-0.03391752135867153
cycle_four,101,recoils,finetune_shared,256,plus_mathematical_relations,-0.0623809523809524,-0.0352419350428085
cycle_four,101,lis_length,finetune_shared,256,plus_mathematical_relations,-0.03047619047619049,-0.020767312709025886
cycle_four,101,longest_increasing_run,finetune_shared,256,plus_mathematical_relations,0.006666666666666654,-0.021559356046818707
interior_none,17,descents,finetune_shared,256,plus_mathematical_relations,0.0485714285714286,-0.027343189116467246
interior_none,17,recoils,finetune_shared,256,plus_mathematical_relations,0.005714285714285727,-0.021155770273064495
interior_none,17,lis_length,finetune_shared,256,plus_mathematical_relations,0.019047619047619035,-0.003215858531003552
interior_none,17,longest_increasing_run,finetune_shared,256,plus_mathematical_relations,-0.03666666666666668,0.004265139664314421
interior_four,101,descents,finetune_shared,256,plus_mathematical_relations,0.009047619047619082,-0.004620611165016969
interior_four,101,recoils,finetune_shared,256,plus_mathematical_relations,-0.0014285714285714457,-0.008225481992912453
interior_four,101,lis_length,finetune_shared,256,plus_mathematical_relations,0.0009523809523809268,0.011549606147813453
interior_four,101,longest_increasing_run,finetune_shared,256,plus_mathematical_relations,0.04285714285714287,0.03623218942532553
interior_none,42,descents,finetune_shared,256,plus_mathematical_relations,-0.005714285714285727,-0.03313480770927353
interior_none,42,recoils,finetune_shared,256,plus_mathematical_relations,-0.015238095238095273,-0.02694738886587078
interior_none,42,lis_length,finetune_shared,256,plus_mathematical_relations,0.013333333333333364,-0.009007477123809839
interior_none,42,longest_increasing_run,finetune_shared,256,plus_mathematical_relations,-0.04619047619047617,-0.0015264789284918645
position_none,42,descents,finetune_shared,256,plus_mathematical_relations,-0.017142857142857126,0.00030419524556959607
position_none,42,recoils,finetune_shared,256,plus_mathematical_relations,-0.004285714285714282,-0.012744473621668717
position_none,42,lis_length,finetune_shared,256,plus_mathematical_relations,0.008571428571428619,0.0026975001723196293
position_none,42,longest_increasing_run,finetune_shared,256,plus_mathematical_relations,0.04095238095238096,0.0018976313619125523
cycle_four,42,descents,finetune_shared,256,plus_mathematical_relations,-0.08285714285714285,-0.053728233987589094
cycle_four,42,recoils,finetune_shared,256,plus_mathematical_relations,-0.06952380952380954,-0.055052647671726074
cycle_four,42,lis_length,finetune_shared,256,plus_mathematical_relations,-0.04571428571428571,-0.040578025337943455
cycle_four,42,longest_increasing_run,finetune_shared,256,plus_mathematical_relations,0.007619047619047636,-0.04137006867573628
position_four,17,descents,finetune_shared,256,plus_mathematical_relations,-0.0080952380952381,-0.03052532670794013
position_four,17,recoils,finetune_shared,256,plus_mathematical_relations,-0.02380952380952378,-0.03371159998023691
position_four,17,lis_length,finetune_shared,256,plus_mathematical_relations,-0.0128571428571429,-0.01446025755890456
position_four,17,longest_increasing_run,finetune_shared,256,plus_mathematical_relations,-0.040000000000000036,-0.007495377262394982
cycle_none,17,descents,finetune_shared,256,plus_mathematical_relations,-0.04857142857142854,-0.0565951809234452
cycle_none,17,recoils,finetune_shared,256,plus_mathematical_relations,-0.05809523809523806,-0.059584015515745825
cycle_none,17,lis_length,finetune_shared,256,plus_mathematical_relations,-0.017142857142857182,-0.04257164392153219
cycle_none,17,longest_increasing_run,finetune_shared,256,plus_mathematical_relations,-0.054285714285714326,-0.03321631665756433
cycle_none,101,descents,finetune_shared,256,plus_mathematical_relations,-0.03380952380952379,-0.041020145856473726
cycle_none,101,recoils,finetune_shared,256,plus_mathematical_relations,-0.03,-0.04400898044877434
cycle_none,101,lis_length,finetune_shared,256,plus_mathematical_relations,-0.031904761904761936,-0.02699660885456071
cycle_none,101,longest_increasing_run,finetune_shared,256,plus_mathematical_relations,-0.02190476190476187,-0.017641281590592865
interior_four,17,descents,finetune_shared,256,plus_mathematical_relations,0.027619047619047654,-0.021107718546961543
interior_four,17,recoils,finetune_shared,256,plus_mathematical_relations,-0.021428571428571408,-0.024712589374857027
interior_four,17,lis_length,finetune_shared,256,plus_mathematical_relations,0.016666666666666663,-0.004937501234131123
interior_four,17,longest_increasing_run,finetune_shared,256,plus_mathematical_relations,-0.0128571428571429,0.019745082043380956
interior_four,42,descents,finetune_shared,256,plus_mathematical_relations,-0.023333333333333317,-0.03379323651723176
interior_four,42,recoils,finetune_shared,256,plus_mathematical_relations,-0.007142857142857173,-0.03739810734512725
interior_four,42,lis_length,finetune_shared,256,plus_mathematical_relations,-0.013333333333333308,-0.017623019204401343
interior_four,42,longest_increasing_run,finetune_shared,256,plus_mathematical_relations,-0.005714285714285727,0.007059564073110737
position_none,17,descents,finetune_shared,256,plus_mathematical_relations,-0.009999999999999981,0.009895588119286758
position_none,17,recoils,finetune_shared,256,plus_mathematical_relations,-0.0276190476190476,-0.0031530807479515574
position_none,17,lis_length,finetune_shared,256,plus_mathematical_relations,0.030476190476190435,0.012288893046036788
position_none,17,longest_increasing_run,finetune_shared,256,plus_mathematical_relations,0.04999999999999999,0.01148902423562971
position_none,101,descents,finetune_shared,256,plus_mathematical_relations,0.011428571428571455,0.015868813375318896
position_none,101,recoils,finetune_shared,256,plus_mathematical_relations,0.004761904761904773,0.002820144508080581
position_none,101,lis_length,finetune_shared,256,plus_mathematical_relations,0.018571428571428572,0.018262118302068933
position_none,101,longest_increasing_run,finetune_shared,256,plus_mathematical_relations,0.07952380952380955,0.01746224949166185
cycle_four,17,descents,finetune_shared,256,plus_mathematical_relations,-0.09857142857142856,-0.048240342522027094
cycle_four,17,recoils,finetune_shared,256,plus_mathematical_relations,-0.09380952380952379,-0.04956475620616407
cycle_four,17,lis_length,finetune_shared,256,plus_mathematical_relations,-0.041904761904761945,-0.035090133872381454
cycle_four,17,longest_increasing_run,finetune_shared,256,plus_mathematical_relations,-0.010952380952380991,-0.035882177210174275
position_three,101,descents,finetune_shared,256,plus_both,-0.011428571428571427,-0.002910815638875422
position_three,101,recoils,finetune_shared,256,plus_both,0.0023809523809523725,-0.007633717603003361
position_three,101,lis_length,finetune_shared,256,plus_both,-0.017619047619047645,0.011086250991576
position_three,101,longest_increasing_run,finetune_shared,256,plus_both,0.017619047619047645,0.023742087114872853
cycle_three,17,descents,finetune_shared,256,plus_both,-0.0495238095238095,-0.055856601322405414
cycle_three,17,recoils,finetune_shared,256,plus_both,-0.0633333333333333,-0.056421505318811085
cycle_three,17,lis_length,finetune_shared,256,plus_both,0.011904761904761862,-0.0414689474146846
cycle_three,17,longest_increasing_run,finetune_shared,256,plus_both,-0.006190476190476191,-0.04007752791060029
position_three,42,descents,finetune_shared,256,plus_both,-0.061428571428571416,-0.01831517133745128
position_three,42,recoils,finetune_shared,256,plus_both,-0.015714285714285736,-0.02303807330157922
position_three,42,lis_length,finetune_shared,256,plus_both,-0.026666666666666616,-0.004318104706999849
position_three,42,longest_increasing_run,finetune_shared,256,plus_both,-0.0438095238095238,0.008337731416297001
position_four,101,descents,finetune_shared,256,plus_both,-0.02809523809523809,-0.01730882124514228
position_four,101,recoils,finetune_shared,256,plus_both,-0.013809523809523827,-0.020595773626070908
position_four,101,lis_length,finetune_shared,256,plus_both,0.0009523809523809268,-0.0013488935875164785
position_four,101,longest_increasing_run,finetune_shared,256,plus_both,0.005238095238095264,0.0057228198903873494
cycle_three,42,descents,finetune_shared,256,plus_both,-0.03761904761904761,-0.06111480819942453
cycle_three,42,recoils,finetune_shared,256,plus_both,-0.033809523809523845,-0.06167971219583021
cycle_three,42,lis_length,finetune_shared,256,plus_both,-0.0195238095238095,-0.04672715429170372
cycle_three,42,longest_increasing_run,finetune_shared,256,plus_both,0.012857142857142845,-0.04533573478761941
position_three,17,descents,finetune_shared,256,plus_both,-0.008571428571428563,-0.016757859110861667
position_three,17,recoils,finetune_shared,256,plus_both,-0.01761904761904759,-0.021480761074989606
position_three,17,lis_length,finetune_shared,256,plus_both,0.0004761904761904634,-0.002760792480410253
position_three,17,longest_increasing_run,finetune_shared,256,plus_both,-0.08047619047619048,0.009895043642886608
interior_none,101,descents,finetune_shared,256,plus_both,0.05904761904761907,-0.009482234009620411
interior_none,101,recoils,finetune_shared,256,plus_both,0.0057142857142856995,-0.0032941562698929096
interior_none,101,lis_length,finetune_shared,256,plus_both,0.00952380952380949,0.01464581488145807
interior_none,101,longest_increasing_run,finetune_shared,256,plus_both,0.1166666666666667,0.02212645439095606
position_four,42,descents,finetune_shared,256,plus_both,-0.0461904761904762,-0.037298962755879565
position_four,42,recoils,finetune_shared,256,plus_both,-0.010000000000000009,-0.04058591513680819
position_four,42,lis_length,finetune_shared,256,plus_both,-0.030952380952380953,-0.021339035098253755
position_four,42,longest_increasing_run,finetune_shared,256,plus_both,0.0004761904761904634,-0.01426732162034993
cycle_three,101,descents,finetune_shared,256,plus_both,-0.05142857142857141,-0.03691248074319151
cycle_three,101,recoils,finetune_shared,256,plus_both,-0.047619047619047616,-0.037477384739597185
cycle_three,101,lis_length,finetune_shared,256,plus_both,-0.051428571428571435,-0.022524826835470697
cycle_three,101,longest_increasing_run,finetune_shared,256,plus_both,0.02857142857142858,-0.021133407331386394
cycle_none,42,descents,finetune_shared,256,plus_both,-0.08809523809523809,-0.061541138470872406
cycle_none,42,recoils,finetune_shared,256,plus_both,-0.05904761904761907,-0.06464380207536917
cycle_none,42,lis_length,finetune_shared,256,plus_both,-0.03761904761904761,-0.047632071702880904
cycle_none,42,longest_increasing_run,finetune_shared,256,plus_both,-0.05238095238095236,-0.03816395473572527
cycle_four,101,descents,finetune_shared,256,plus_both,-0.05285714285714285,-0.032864496355322834
cycle_four,101,recoils,finetune_shared,256,plus_both,-0.0623809523809524,-0.034399223866997994
cycle_four,101,lis_length,finetune_shared,256,plus_both,-0.03047619047619049,-0.019903292124046627
cycle_four,101,longest_increasing_run,finetune_shared,256,plus_both,0.006666666666666654,-0.02052992823456384
interior_none,17,descents,finetune_shared,256,plus_both,0.0485714285714286,-0.028010176988988694
interior_none,17,recoils,finetune_shared,256,plus_both,0.005714285714285727,-0.0218220992492612
interior_none,17,lis_length,finetune_shared,256,plus_both,0.019047619047619035,-0.0038821280979102167
interior_none,17,longest_increasing_run,finetune_shared,256,plus_both,-0.03666666666666668,0.003598511411587773
interior_four,101,descents,finetune_shared,256,plus_both,0.009047619047619082,-0.002635869706646969
interior_four,101,recoils,finetune_shared,256,plus_both,-0.0014285714285714457,-0.005334495802295447
interior_four,101,lis_length,finetune_shared,256,plus_both,0.0009523809523809268,0.014400887855277177
interior_four,101,longest_increasing_run,finetune_shared,256,plus_both,0.04285714285714287,0.038326990213521955
interior_none,42,descents,finetune_shared,256,plus_both,-0.005714285714285727,-0.03329979224880415
interior_none,42,recoils,finetune_shared,256,plus_both,-0.015238095238095273,-0.02711171450907665
interior_none,42,lis_length,finetune_shared,256,plus_both,0.013333333333333364,-0.009171743357725672
interior_none,42,longest_increasing_run,finetune_shared,256,plus_both,-0.04619047619047617,-0.0016911038482276784
position_none,42,descents,finetune_shared,256,plus_both,-0.017142857142857126,0.011996501600928973
position_none,42,recoils,finetune_shared,256,plus_both,-0.004285714285714282,-0.0005940649338640157
position_none,42,lis_length,finetune_shared,256,plus_both,0.008571428571428619,0.01486522263175865
position_none,42,longest_increasing_run,finetune_shared,256,plus_both,0.04095238095238096,0.01376534332179024
cycle_four,42,descents,finetune_shared,256,plus_both,-0.08285714285714285,-0.0526820059721613
cycle_four,42,recoils,finetune_shared,256,plus_both,-0.06952380952380954,-0.054216733483836474
cycle_four,42,lis_length,finetune_shared,256,plus_both,-0.04571428571428571,-0.0397208017408851
cycle_four,42,longest_increasing_run,finetune_shared,256,plus_both,0.007619047619047636,-0.04034743785140231
position_four,17,descents,finetune_shared,256,plus_both,-0.0080952380952381,-0.033093729419668906
position_four,17,recoils,finetune_shared,256,plus_both,-0.02380952380952378,-0.03638068180059754
position_four,17,lis_length,finetune_shared,256,plus_both,-0.0128571428571429,-0.017133801762043106
position_four,17,longest_increasing_run,finetune_shared,256,plus_both,-0.040000000000000036,-0.010062088284139278
cycle_none,17,descents,finetune_shared,256,plus_both,-0.04857142857142854,-0.059585417685804644
cycle_none,17,recoils,finetune_shared,256,plus_both,-0.05809523809523806,-0.0626880812903014
cycle_none,17,lis_length,finetune_shared,256,plus_both,-0.017142857142857182,-0.04567635091781314
cycle_none,17,longest_increasing_run,finetune_shared,256,plus_both,-0.054285714285714326,-0.03620823395065751
cycle_none,101,descents,finetune_shared,256,plus_both,-0.03380952380952379,-0.04454573662391162
cycle_none,101,recoils,finetune_shared,256,plus_both,-0.03,-0.047648400228408376
cycle_none,101,lis_length,finetune_shared,256,plus_both,-0.031904761904761936,-0.03063666985592011
cycle_none,101,longest_increasing_run,finetune_shared,256,plus_both,-0.02190476190476187,-0.021168552888764486
interior_four,17,descents,finetune_shared,256,plus_both,0.027619047619047654,-0.019356691725063033
interior_four,17,recoils,finetune_shared,256,plus_both,-0.021428571428571408,-0.022055317820711517
interior_four,17,lis_length,finetune_shared,256,plus_both,0.016666666666666663,-0.002319934163138894
interior_four,17,longest_increasing_run,finetune_shared,256,plus_both,-0.0128571428571429,0.021606168195105885
interior_four,42,descents,finetune_shared,256,plus_both,-0.023333333333333317,-0.026297835095620843
interior_four,42,recoils,finetune_shared,256,plus_both,-0.007142857142857173,-0.02899646119126932
interior_four,42,lis_length,finetune_shared,256,plus_both,-0.013333333333333308,-0.009261077533696697
interior_four,42,longest_increasing_run,finetune_shared,256,plus_both,-0.005714285714285727,0.014665024824548081
position_none,17,descents,finetune_shared,256,plus_both,-0.009999999999999981,0.029905628980299158
position_none,17,recoils,finetune_shared,256,plus_both,-0.0276190476190476,0.017315062445506173
position_none,17,lis_length,finetune_shared,256,plus_both,0.030476190476190435,0.032774350011128835
position_none,17,longest_increasing_run,finetune_shared,256,plus_both,0.04999999999999999,0.031674470701160425
position_none,101,descents,finetune_shared,256,plus_both,0.011428571428571455,0.029066848486281
position_none,101,recoils,finetune_shared,256,plus_both,0.004761904761904773,0.01647628195148803
position_none,101,lis_length,finetune_shared,256,plus_both,0.018571428571428572,0.031935569517110685
position_none,101,longest_increasing_run,finetune_shared,256,plus_both,0.07952380952380955,0.03083569020714228
cycle_four,17,descents,finetune_shared,256,plus_both,-0.09857142857142856,-0.0469034935279946
cycle_four,17,recoils,finetune_shared,256,plus_both,-0.09380952380952379,-0.04843822103966976
cycle_four,17,lis_length,finetune_shared,256,plus_both,-0.041904761904761945,-0.033942289296718386
cycle_four,17,longest_increasing_run,finetune_shared,256,plus_both,-0.010952380952380991,-0.03456892540723559
