group,world_seed,model_seed,target_id,budget,target_composition_size,source_gate_passed,mode,accuracy,support_accuracy,tuple_seen_fraction,chosen_subset_size
random,271,17,0,25,,,linear,0.2240000069141388,1.0,,
random,271,17,0,25,,,mlp,0.23199999332427979,1.0,,
random,271,17,0,50,,,linear,0.12800000607967377,1.0,,
random,271,17,0,50,,,mlp,0.13600000739097595,1.0,,
random,271,17,1,25,,,linear,0.20000000298023224,1.0,,
random,271,17,1,25,,,mlp,0.1599999964237213,1.0,,
random,271,17,1,50,,,linear,0.1599999964237213,1.0,,
random,271,17,1,50,,,mlp,0.14399999380111694,1.0,,
random,271,17,2,25,,,linear,0.20000000298023224,1.0,,
random,271,17,2,25,,,mlp,0.2240000069141388,1.0,,
random,271,17,2,50,,,linear,0.15199999511241913,1.0,,
random,271,17,2,50,,,mlp,0.15199999511241913,1.0,,
random,271,17,3,25,,,linear,0.2160000056028366,1.0,,
random,271,17,3,25,,,mlp,0.20000000298023224,1.0,,
random,271,17,3,50,,,linear,0.14399999380111694,1.0,,
random,271,17,3,50,,,mlp,0.12800000607967377,1.0,,
random,271,17,4,25,,,linear,0.14399999380111694,1.0,,
random,271,17,4,25,,,mlp,0.12800000607967377,1.0,,
random,271,17,4,50,,,linear,0.13600000739097595,1.0,,
random,271,17,4,50,,,mlp,0.12800000607967377,1.0,,
random,271,17,5,25,,,linear,0.2240000069141388,1.0,,
random,271,17,5,25,,,mlp,0.2160000056028366,1.0,,
random,271,17,5,50,,,linear,0.18400000035762787,1.0,,
random,271,17,5,50,,,mlp,0.17599999904632568,1.0,,
random,271,17,6,25,,,linear,0.19200000166893005,1.0,,
random,271,17,6,25,,,mlp,0.17599999904632568,1.0,,
random,271,17,6,50,,,linear,0.2160000056028366,1.0,,
random,271,17,6,50,,,mlp,0.17599999904632568,1.0,,
random,271,17,7,25,,,linear,0.20800000429153442,1.0,,
random,271,17,7,25,,,mlp,0.2240000069141388,1.0,,
random,271,17,7,50,,,linear,0.15199999511241913,1.0,,
random,271,17,7,50,,,mlp,0.17599999904632568,1.0,,
P,271,17,0,25,3,True,linear,0.1679999977350235,1.0,,
P,271,17,0,25,3,True,mlp,0.1599999964237213,1.0,,
P,271,17,0,25,3,True,categorical_subset,0.312,,0.152,3
P,271,17,0,25,3,True,full_tuple_lookup,0.2,,0.0,4
P,271,17,0,50,3,True,linear,0.10400000214576721,1.0,,
P,271,17,0,50,3,True,mlp,0.1120000034570694,1.0,,
P,271,17,0,50,3,True,categorical_subset,0.392,,0.272,3
P,271,17,0,50,3,True,full_tuple_lookup,0.2,,0.0,4
P,271,17,1,25,3,True,linear,0.19200000166893005,1.0,,
P,271,17,1,25,3,True,mlp,0.18400000035762787,1.0,,
P,271,17,1,25,3,True,categorical_subset,0.304,,0.144,3
P,271,17,1,25,3,True,full_tuple_lookup,0.2,,0.0,4
P,271,17,1,50,3,True,linear,0.2240000069141388,1.0,,
P,271,17,1,50,3,True,mlp,0.2240000069141388,1.0,,
P,271,17,1,50,3,True,categorical_subset,0.4,,0.256,3
P,271,17,1,50,3,True,full_tuple_lookup,0.2,,0.0,4
P,271,17,2,25,2,True,linear,0.1679999977350235,1.0,,
P,271,17,2,25,2,True,mlp,0.15199999511241913,1.0,,
P,271,17,2,25,2,True,categorical_subset,0.776,,0.752,2
P,271,17,2,25,2,True,full_tuple_lookup,0.2,,0.0,4
P,271,17,2,50,2,True,linear,0.18400000035762787,1.0,,
P,271,17,2,50,2,True,mlp,0.20000000298023224,1.0,,
P,271,17,2,50,2,True,categorical_subset,1.0,,1.0,2
P,271,17,2,50,2,True,full_tuple_lookup,0.2,,0.0,4
P,271,17,3,25,3,True,linear,0.15199999511241913,1.0,,
P,271,17,3,25,3,True,mlp,0.1679999977350235,1.0,,
P,271,17,3,25,3,True,categorical_subset,0.304,,0.128,3
P,271,17,3,25,3,True,full_tuple_lookup,0.2,,0.0,4
P,271,17,3,50,3,True,linear,0.19200000166893005,1.0,,
P,271,17,3,50,3,True,mlp,0.14399999380111694,1.0,,
P,271,17,3,50,3,True,categorical_subset,0.456,,0.32,3
P,271,17,3,50,3,True,full_tuple_lookup,0.2,,0.0,4
P,271,17,4,25,4,True,linear,0.23199999332427979,1.0,,
P,271,17,4,25,4,True,mlp,0.24799999594688416,1.0,,
P,271,17,4,25,4,True,categorical_subset,0.2,,0.0,4
P,271,17,4,25,4,True,full_tuple_lookup,0.2,,0.0,4
P,271,17,4,50,4,True,linear,0.1599999964237213,1.0,,
P,271,17,4,50,4,True,mlp,0.15199999511241913,1.0,,
P,271,17,4,50,4,True,categorical_subset,0.2,,0.0,4
P,271,17,4,50,4,True,full_tuple_lookup,0.2,,0.0,4
P,271,17,5,25,3,True,linear,0.15199999511241913,1.0,,
P,271,17,5,25,3,True,mlp,0.12800000607967377,1.0,,
P,271,17,5,25,3,True,categorical_subset,0.336,,0.168,3
P,271,17,5,25,3,True,full_tuple_lookup,0.2,,0.0,4
P,271,17,5,50,3,True,linear,0.13600000739097595,1.0,,
P,271,17,5,50,3,True,mlp,0.11999999731779099,1.0,,
P,271,17,5,50,3,True,categorical_subset,0.44,,0.28,3
P,271,17,5,50,3,True,full_tuple_lookup,0.2,,0.0,4
P,271,17,6,25,3,True,linear,0.1679999977350235,1.0,,
P,271,17,6,25,3,True,mlp,0.1120000034570694,1.0,,
P,271,17,6,25,3,True,categorical_subset,0.312,,0.136,3
P,271,17,6,25,3,True,full_tuple_lookup,0.2,,0.0,4
P,271,17,6,50,3,True,linear,0.11999999731779099,1.0,,
P,271,17,6,50,3,True,mlp,0.13600000739097595,1.0,,
P,271,17,6,50,3,True,categorical_subset,0.424,,0.28,3
P,271,17,6,50,3,True,full_tuple_lookup,0.2,,0.0,4
P,271,17,7,25,3,True,linear,0.18400000035762787,1.0,,
P,271,17,7,25,3,True,mlp,0.14399999380111694,1.0,,
P,271,17,7,25,3,True,categorical_subset,0.304,,0.136,3
P,271,17,7,25,3,True,full_tuple_lookup,0.2,,0.0,4
P,271,17,7,50,3,True,linear,0.11999999731779099,1.0,,
P,271,17,7,50,3,True,mlp,0.11999999731779099,1.0,,
P,271,17,7,50,3,True,categorical_subset,0.384,,0.224,3
P,271,17,7,50,3,True,full_tuple_lookup,0.2,,0.0,4
M1,271,17,0,25,2,True,linear,0.19200000166893005,1.0,,
M1,271,17,0,25,2,True,mlp,0.20000000298023224,1.0,,
M1,271,17,0,25,2,True,categorical_subset,0.872,,0.752,2
M1,271,17,0,25,2,True,full_tuple_lookup,0.2,,0.0,4
M1,271,17,0,50,2,True,linear,0.1679999977350235,1.0,,
M1,271,17,0,50,2,True,mlp,0.20800000429153442,1.0,,
M1,271,17,0,50,2,True,categorical_subset,0.96,,0.96,2
M1,271,17,0,50,2,True,full_tuple_lookup,0.2,,0.0,4
M1,271,17,1,25,3,True,linear,0.1679999977350235,1.0,,
M1,271,17,1,25,3,True,mlp,0.15199999511241913,1.0,,
M1,271,17,1,25,3,True,categorical_subset,0.304,,0.144,3
M1,271,17,1,25,3,True,full_tuple_lookup,0.2,,0.0,4
M1,271,17,1,50,3,True,linear,0.19200000166893005,1.0,,
M1,271,17,1,50,3,True,mlp,0.17599999904632568,1.0,,
M1,271,17,1,50,3,True,categorical_subset,0.4,,0.256,3
M1,271,17,1,50,3,True,full_tuple_lookup,0.2,,0.0,4
M1,271,17,2,25,3,True,linear,0.1679999977350235,1.0,,
M1,271,17,2,25,3,True,mlp,0.15199999511241913,1.0,,
M1,271,17,2,25,3,True,categorical_subset,0.32,,0.152,3
M1,271,17,2,25,3,True,full_tuple_lookup,0.2,,0.0,4
M1,271,17,2,50,3,True,linear,0.14399999380111694,1.0,,
M1,271,17,2,50,3,True,mlp,0.20800000429153442,1.0,,
M1,271,17,2,50,3,True,categorical_subset,0.432,,0.288,3
M1,271,17,2,50,3,True,full_tuple_lookup,0.2,,0.0,4
M1,271,17,3,25,3,True,linear,0.13600000739097595,1.0,,
M1,271,17,3,25,3,True,mlp,0.1120000034570694,1.0,,
M1,271,17,3,25,3,True,categorical_subset,0.304,,0.128,3
M1,271,17,3,25,3,True,full_tuple_lookup,0.2,,0.0,4
M1,271,17,3,50,3,True,linear,0.12800000607967377,1.0,,
M1,271,17,3,50,3,True,mlp,0.10400000214576721,1.0,,
M1,271,17,3,50,3,True,categorical_subset,0.456,,0.32,3
M1,271,17,3,50,3,True,full_tuple_lookup,0.2,,0.0,4
M1,271,17,4,25,4,True,linear,0.18400000035762787,1.0,,
M1,271,17,4,25,4,True,mlp,0.1679999977350235,1.0,,
M1,271,17,4,25,4,True,categorical_subset,0.2,,0.0,4
M1,271,17,4,25,4,True,full_tuple_lookup,0.2,,0.0,4
M1,271,17,4,50,4,True,linear,0.20800000429153442,1.0,,
M1,271,17,4,50,4,True,mlp,0.15199999511241913,1.0,,
M1,271,17,4,50,4,True,categorical_subset,0.2,,0.0,4
M1,271,17,4,50,4,True,full_tuple_lookup,0.2,,0.0,4
M1,271,17,5,25,4,True,linear,0.2160000056028366,1.0,,
M1,271,17,5,25,4,True,mlp,0.1679999977350235,1.0,,
M1,271,17,5,25,4,True,categorical_subset,0.2,,0.0,4
M1,271,17,5,25,4,True,full_tuple_lookup,0.2,,0.0,4
M1,271,17,5,50,4,True,linear,0.1679999977350235,1.0,,
M1,271,17,5,50,4,True,mlp,0.1679999977350235,1.0,,
M1,271,17,5,50,4,True,categorical_subset,0.2,,0.0,4
M1,271,17,5,50,4,True,full_tuple_lookup,0.2,,0.0,4
M1,271,17,6,25,4,True,linear,0.1679999977350235,1.0,,
M1,271,17,6,25,4,True,mlp,0.17599999904632568,1.0,,
M1,271,17,6,25,4,True,categorical_subset,0.152,,0.144,3
M1,271,17,6,25,4,True,full_tuple_lookup,0.2,,0.0,4
M1,271,17,6,50,4,True,linear,0.11999999731779099,1.0,,
M1,271,17,6,50,4,True,mlp,0.10400000214576721,1.0,,
M1,271,17,6,50,4,True,categorical_subset,0.2,,0.0,4
M1,271,17,6,50,4,True,full_tuple_lookup,0.2,,0.0,4
M1,271,17,7,25,4,True,linear,0.18400000035762787,1.0,,
M1,271,17,7,25,4,True,mlp,0.18400000035762787,1.0,,
M1,271,17,7,25,4,True,categorical_subset,0.2,,0.0,4
M1,271,17,7,25,4,True,full_tuple_lookup,0.2,,0.0,4
M1,271,17,7,50,4,True,linear,0.12800000607967377,1.0,,
M1,271,17,7,50,4,True,mlp,0.15199999511241913,1.0,,
M1,271,17,7,50,4,True,categorical_subset,0.2,,0.0,4
M1,271,17,7,50,4,True,full_tuple_lookup,0.2,,0.0,4
M2,271,17,0,25,3,True,linear,0.2240000069141388,1.0,,
M2,271,17,0,25,3,True,mlp,0.1679999977350235,1.0,,
M2,271,17,0,25,3,True,categorical_subset,0.312,,0.152,3
M2,271,17,0,25,3,True,full_tuple_lookup,0.2,,0.0,4
M2,271,17,0,50,3,True,linear,0.2240000069141388,1.0,,
M2,271,17,0,50,3,True,mlp,0.17599999904632568,1.0,,
M2,271,17,0,50,3,True,categorical_subset,0.392,,0.272,3
M2,271,17,0,50,3,True,full_tuple_lookup,0.2,,0.0,4
M2,271,17,1,25,2,True,linear,0.20800000429153442,1.0,,
M2,271,17,1,25,2,True,mlp,0.19200000166893005,1.0,,
M2,271,17,1,25,2,True,categorical_subset,0.632,,0.608,2
M2,271,17,1,25,2,True,full_tuple_lookup,0.2,,0.0,4
M2,271,17,1,50,2,True,linear,0.18400000035762787,1.0,,
M2,271,17,1,50,2,True,mlp,0.14399999380111694,1.0,,
M2,271,17,1,50,2,True,categorical_subset,0.936,,0.936,2
M2,271,17,1,50,2,True,full_tuple_lookup,0.2,,0.0,4
M2,271,17,2,25,3,True,linear,0.2160000056028366,1.0,,
M2,271,17,2,25,3,True,mlp,0.20000000298023224,1.0,,
M2,271,17,2,25,3,True,categorical_subset,0.32,,0.152,3
M2,271,17,2,25,3,True,full_tuple_lookup,0.2,,0.0,4
M2,271,17,2,50,3,True,linear,0.1679999977350235,1.0,,
M2,271,17,2,50,3,True,mlp,0.11999999731779099,1.0,,
M2,271,17,2,50,3,True,categorical_subset,0.432,,0.288,3
M2,271,17,2,50,3,True,full_tuple_lookup,0.2,,0.0,4
M2,271,17,3,25,2,True,linear,0.17599999904632568,1.0,,
M2,271,17,3,25,2,True,mlp,0.2240000069141388,1.0,,
M2,271,17,3,25,2,True,categorical_subset,0.848,,0.816,2
M2,271,17,3,25,2,True,full_tuple_lookup,0.2,,0.0,4
M2,271,17,3,50,2,True,linear,0.24799999594688416,1.0,,
M2,271,17,3,50,2,True,mlp,0.1679999977350235,1.0,,
M2,271,17,3,50,2,True,categorical_subset,0.952,,0.952,2
M2,271,17,3,50,2,True,full_tuple_lookup,0.2,,0.0,4
M2,271,17,4,25,3,True,linear,0.18400000035762787,1.0,,
M2,271,17,4,25,3,True,mlp,0.18400000035762787,1.0,,
M2,271,17,4,25,3,True,categorical_subset,0.336,,0.176,3
M2,271,17,4,25,3,True,full_tuple_lookup,0.2,,0.0,4
M2,271,17,4,50,3,True,linear,0.18400000035762787,1.0,,
M2,271,17,4,50,3,True,mlp,0.17599999904632568,1.0,,
M2,271,17,4,50,3,True,categorical_subset,0.424,,0.264,3
M2,271,17,4,50,3,True,full_tuple_lookup,0.2,,0.0,4
M2,271,17,5,25,4,True,linear,0.20000000298023224,1.0,,
M2,271,17,5,25,4,True,mlp,0.20000000298023224,1.0,,
M2,271,17,5,25,4,True,categorical_subset,0.168,,0.184,3
M2,271,17,5,25,4,True,full_tuple_lookup,0.2,,0.0,4
M2,271,17,5,50,4,True,linear,0.1679999977350235,1.0,,
M2,271,17,5,50,4,True,mlp,0.2240000069141388,1.0,,
M2,271,17,5,50,4,True,categorical_subset,0.2,,0.0,4
M2,271,17,5,50,4,True,full_tuple_lookup,0.2,,0.0,4
M2,271,17,6,25,4,True,linear,0.23199999332427979,1.0,,
M2,271,17,6,25,4,True,mlp,0.2240000069141388,1.0,,
M2,271,17,6,25,4,True,categorical_subset,0.2,,0.0,4
M2,271,17,6,25,4,True,full_tuple_lookup,0.2,,0.0,4
M2,271,17,6,50,4,True,linear,0.23999999463558197,1.0,,
M2,271,17,6,50,4,True,mlp,0.1679999977350235,1.0,,
M2,271,17,6,50,4,True,categorical_subset,0.2,,0.0,4
M2,271,17,6,50,4,True,full_tuple_lookup,0.2,,0.0,4
M2,271,17,7,25,4,True,linear,0.1679999977350235,1.0,,
M2,271,17,7,25,4,True,mlp,0.1679999977350235,1.0,,
M2,271,17,7,25,4,True,categorical_subset,0.2,,0.0,4
M2,271,17,7,25,4,True,full_tuple_lookup,0.2,,0.0,4
M2,271,17,7,50,4,True,linear,0.17599999904632568,1.0,,
M2,271,17,7,50,4,True,mlp,0.19200000166893005,1.0,,
M2,271,17,7,50,4,True,categorical_subset,0.2,,0.0,4
M2,271,17,7,50,4,True,full_tuple_lookup,0.2,,0.0,4
random,271,42,0,25,,,linear,0.18400000035762787,1.0,,
random,271,42,0,25,,,mlp,0.20800000429153442,1.0,,
random,271,42,0,50,,,linear,0.12800000607967377,1.0,,
random,271,42,0,50,,,mlp,0.14399999380111694,1.0,,
random,271,42,1,25,,,linear,0.14399999380111694,1.0,,
random,271,42,1,25,,,mlp,0.1599999964237213,1.0,,
random,271,42,1,50,,,linear,0.2160000056028366,1.0,,
random,271,42,1,50,,,mlp,0.17599999904632568,1.0,,
random,271,42,2,25,,,linear,0.18400000035762787,1.0,,
random,271,42,2,25,,,mlp,0.18400000035762787,1.0,,
random,271,42,2,50,,,linear,0.1599999964237213,1.0,,
random,271,42,2,50,,,mlp,0.17599999904632568,1.0,,
random,271,42,3,25,,,linear,0.20800000429153442,1.0,,
random,271,42,3,25,,,mlp,0.19200000166893005,1.0,,
random,271,42,3,50,,,linear,0.20000000298023224,1.0,,
random,271,42,3,50,,,mlp,0.18400000035762787,1.0,,
random,271,42,4,25,,,linear,0.1599999964237213,1.0,,
random,271,42,4,25,,,mlp,0.13600000739097595,1.0,,
random,271,42,4,50,,,linear,0.14399999380111694,1.0,,
random,271,42,4,50,,,mlp,0.10400000214576721,1.0,,
random,271,42,5,25,,,linear,0.23999999463558197,1.0,,
random,271,42,5,25,,,mlp,0.19200000166893005,1.0,,
random,271,42,5,50,,,linear,0.20000000298023224,1.0,,
random,271,42,5,50,,,mlp,0.20800000429153442,1.0,,
random,271,42,6,25,,,linear,0.18400000035762787,1.0,,
random,271,42,6,25,,,mlp,0.14399999380111694,1.0,,
random,271,42,6,50,,,linear,0.1599999964237213,1.0,,
random,271,42,6,50,,,mlp,0.15199999511241913,1.0,,
random,271,42,7,25,,,linear,0.19200000166893005,1.0,,
random,271,42,7,25,,,mlp,0.20000000298023224,1.0,,
random,271,42,7,50,,,linear,0.1599999964237213,1.0,,
random,271,42,7,50,,,mlp,0.14399999380111694,1.0,,
P,271,42,0,25,3,True,linear,0.20000000298023224,1.0,,
P,271,42,0,25,3,True,mlp,0.1679999977350235,1.0,,
P,271,42,0,25,3,True,categorical_subset,0.312,,0.152,3
P,271,42,0,25,3,True,full_tuple_lookup,0.2,,0.0,4
P,271,42,0,50,3,True,linear,0.13600000739097595,1.0,,
P,271,42,0,50,3,True,mlp,0.13600000739097595,1.0,,
P,271,42,0,50,3,True,categorical_subset,0.392,,0.272,3
P,271,42,0,50,3,True,full_tuple_lookup,0.2,,0.0,4
P,271,42,1,25,3,True,linear,0.20000000298023224,1.0,,
P,271,42,1,25,3,True,mlp,0.18400000035762787,1.0,,
P,271,42,1,25,3,True,categorical_subset,0.304,,0.144,3
P,271,42,1,25,3,True,full_tuple_lookup,0.2,,0.0,4
P,271,42,1,50,3,True,linear,0.18400000035762787,1.0,,
P,271,42,1,50,3,True,mlp,0.14399999380111694,1.0,,
P,271,42,1,50,3,True,categorical_subset,0.4,,0.256,3
P,271,42,1,50,3,True,full_tuple_lookup,0.2,,0.0,4
P,271,42,2,25,2,True,linear,0.19200000166893005,1.0,,
P,271,42,2,25,2,True,mlp,0.17599999904632568,1.0,,
P,271,42,2,25,2,True,categorical_subset,0.776,,0.752,2
P,271,42,2,25,2,True,full_tuple_lookup,0.2,,0.0,4
P,271,42,2,50,2,True,linear,0.1679999977350235,1.0,,
P,271,42,2,50,2,True,mlp,0.1679999977350235,1.0,,
P,271,42,2,50,2,True,categorical_subset,1.0,,1.0,2
P,271,42,2,50,2,True,full_tuple_lookup,0.2,,0.0,4
P,271,42,3,25,3,True,linear,0.20000000298023224,1.0,,
P,271,42,3,25,3,True,mlp,0.1599999964237213,1.0,,
P,271,42,3,25,3,True,categorical_subset,0.304,,0.128,3
P,271,42,3,25,3,True,full_tuple_lookup,0.2,,0.0,4
P,271,42,3,50,3,True,linear,0.17599999904632568,1.0,,
P,271,42,3,50,3,True,mlp,0.20000000298023224,1.0,,
P,271,42,3,50,3,True,categorical_subset,0.456,,0.32,3
P,271,42,3,50,3,True,full_tuple_lookup,0.2,,0.0,4
P,271,42,4,25,4,True,linear,0.14399999380111694,1.0,,
P,271,42,4,25,4,True,mlp,0.12800000607967377,1.0,,
P,271,42,4,25,4,True,categorical_subset,0.2,,0.0,4
P,271,42,4,25,4,True,full_tuple_lookup,0.2,,0.0,4
P,271,42,4,50,4,True,linear,0.19200000166893005,1.0,,
P,271,42,4,50,4,True,mlp,0.13600000739097595,1.0,,
P,271,42,4,50,4,True,categorical_subset,0.2,,0.0,4
P,271,42,4,50,4,True,full_tuple_lookup,0.2,,0.0,4
P,271,42,5,25,3,True,linear,0.19200000166893005,1.0,,
P,271,42,5,25,3,True,mlp,0.14399999380111694,1.0,,
P,271,42,5,25,3,True,categorical_subset,0.336,,0.168,3
P,271,42,5,25,3,True,full_tuple_lookup,0.2,,0.0,4
P,271,42,5,50,3,True,linear,0.1679999977350235,1.0,,
P,271,42,5,50,3,True,mlp,0.20800000429153442,1.0,,
P,271,42,5,50,3,True,categorical_subset,0.44,,0.28,3
P,271,42,5,50,3,True,full_tuple_lookup,0.2,,0.0,4
P,271,42,6,25,3,True,linear,0.17599999904632568,1.0,,
P,271,42,6,25,3,True,mlp,0.17599999904632568,1.0,,
P,271,42,6,25,3,True,categorical_subset,0.312,,0.136,3
P,271,42,6,25,3,True,full_tuple_lookup,0.2,,0.0,4
P,271,42,6,50,3,True,linear,0.2160000056028366,1.0,,
P,271,42,6,50,3,True,mlp,0.13600000739097595,1.0,,
P,271,42,6,50,3,True,categorical_subset,0.424,,0.28,3
P,271,42,6,50,3,True,full_tuple_lookup,0.2,,0.0,4
P,271,42,7,25,3,True,linear,0.17599999904632568,1.0,,
P,271,42,7,25,3,True,mlp,0.20800000429153442,1.0,,
P,271,42,7,25,3,True,categorical_subset,0.304,,0.136,3
P,271,42,7,25,3,True,full_tuple_lookup,0.2,,0.0,4
P,271,42,7,50,3,True,linear,0.1679999977350235,1.0,,
P,271,42,7,50,3,True,mlp,0.18400000035762787,1.0,,
P,271,42,7,50,3,True,categorical_subset,0.384,,0.224,3
P,271,42,7,50,3,True,full_tuple_lookup,0.2,,0.0,4
M1,271,42,0,25,2,True,linear,0.1679999977350235,1.0,,
M1,271,42,0,25,2,True,mlp,0.17599999904632568,1.0,,
M1,271,42,0,25,2,True,categorical_subset,0.872,,0.752,2
M1,271,42,0,25,2,True,full_tuple_lookup,0.2,,0.0,4
M1,271,42,0,50,2,True,linear,0.10400000214576721,1.0,,
M1,271,42,0,50,2,True,mlp,0.20800000429153442,1.0,,
M1,271,42,0,50,2,True,categorical_subset,0.96,,0.96,2
M1,271,42,0,50,2,True,full_tuple_lookup,0.2,,0.0,4
M1,271,42,1,25,3,True,linear,0.13600000739097595,1.0,,
M1,271,42,1,25,3,True,mlp,0.17599999904632568,1.0,,
M1,271,42,1,25,3,True,categorical_subset,0.304,,0.144,3
M1,271,42,1,25,3,True,full_tuple_lookup,0.2,,0.0,4
M1,271,42,1,50,3,True,linear,0.23199999332427979,1.0,,
M1,271,42,1,50,3,True,mlp,0.1599999964237213,1.0,,
M1,271,42,1,50,3,True,categorical_subset,0.4,,0.256,3
M1,271,42,1,50,3,True,full_tuple_lookup,0.2,,0.0,4
M1,271,42,2,25,3,True,linear,0.20000000298023224,1.0,,
M1,271,42,2,25,3,True,mlp,0.17599999904632568,1.0,,
M1,271,42,2,25,3,True,categorical_subset,0.32,,0.152,3
M1,271,42,2,25,3,True,full_tuple_lookup,0.2,,0.0,4
M1,271,42,2,50,3,True,linear,0.1679999977350235,1.0,,
M1,271,42,2,50,3,True,mlp,0.17599999904632568,1.0,,
M1,271,42,2,50,3,True,categorical_subset,0.432,,0.288,3
M1,271,42,2,50,3,True,full_tuple_lookup,0.2,,0.0,4
M1,271,42,3,25,3,True,linear,0.19200000166893005,1.0,,
M1,271,42,3,25,3,True,mlp,0.20000000298023224,1.0,,
M1,271,42,3,25,3,True,categorical_subset,0.304,,0.128,3
M1,271,42,3,25,3,True,full_tuple_lookup,0.2,,0.0,4
M1,271,42,3,50,3,True,linear,0.18400000035762787,1.0,,
M1,271,42,3,50,3,True,mlp,0.15199999511241913,1.0,,
M1,271,42,3,50,3,True,categorical_subset,0.456,,0.32,3
M1,271,42,3,50,3,True,full_tuple_lookup,0.2,,0.0,4
M1,271,42,4,25,4,True,linear,0.14399999380111694,1.0,,
M1,271,42,4,25,4,True,mlp,0.18400000035762787,1.0,,
M1,271,42,4,25,4,True,categorical_subset,0.2,,0.0,4
M1,271,42,4,25,4,True,full_tuple_lookup,0.2,,0.0,4
M1,271,42,4,50,4,True,linear,0.13600000739097595,1.0,,
M1,271,42,4,50,4,True,mlp,0.15199999511241913,1.0,,
M1,271,42,4,50,4,True,categorical_subset,0.2,,0.0,4
M1,271,42,4,50,4,True,full_tuple_lookup,0.2,,0.0,4
M1,271,42,5,25,4,True,linear,0.20800000429153442,1.0,,
M1,271,42,5,25,4,True,mlp,0.20000000298023224,1.0,,
M1,271,42,5,25,4,True,categorical_subset,0.2,,0.0,4
M1,271,42,5,25,4,True,full_tuple_lookup,0.2,,0.0,4
M1,271,42,5,50,4,True,linear,0.20800000429153442,1.0,,
M1,271,42,5,50,4,True,mlp,0.15199999511241913,1.0,,
M1,271,42,5,50,4,True,categorical_subset,0.2,,0.0,4
M1,271,42,5,50,4,True,full_tuple_lookup,0.2,,0.0,4
M1,271,42,6,25,4,True,linear,0.1599999964237213,1.0,,
M1,271,42,6,25,4,True,mlp,0.1599999964237213,1.0,,
M1,271,42,6,25,4,True,categorical_subset,0.152,,0.144,3
M1,271,42,6,25,4,True,full_tuple_lookup,0.2,,0.0,4
M1,271,42,6,50,4,True,linear,0.20000000298023224,1.0,,
M1,271,42,6,50,4,True,mlp,0.15199999511241913,1.0,,
M1,271,42,6,50,4,True,categorical_subset,0.2,,0.0,4
M1,271,42,6,50,4,True,full_tuple_lookup,0.2,,0.0,4
M1,271,42,7,25,4,True,linear,0.25600001215934753,1.0,,
M1,271,42,7,25,4,True,mlp,0.20000000298023224,1.0,,
M1,271,42,7,25,4,True,categorical_subset,0.2,,0.0,4
M1,271,42,7,25,4,True,full_tuple_lookup,0.2,,0.0,4
M1,271,42,7,50,4,True,linear,0.18400000035762787,1.0,,
M1,271,42,7,50,4,True,mlp,0.18400000035762787,1.0,,
M1,271,42,7,50,4,True,categorical_subset,0.2,,0.0,4
M1,271,42,7,50,4,True,full_tuple_lookup,0.2,,0.0,4
M2,271,42,0,25,3,True,linear,0.11999999731779099,1.0,,
M2,271,42,0,25,3,True,mlp,0.13600000739097595,1.0,,
M2,271,42,0,25,3,True,categorical_subset,0.312,,0.152,3
M2,271,42,0,25,3,True,full_tuple_lookup,0.2,,0.0,4
M2,271,42,0,50,3,True,linear,0.18400000035762787,1.0,,
M2,271,42,0,50,3,True,mlp,0.17599999904632568,1.0,,
M2,271,42,0,50,3,True,categorical_subset,0.392,,0.272,3
M2,271,42,0,50,3,True,full_tuple_lookup,0.2,,0.0,4
M2,271,42,1,25,2,True,linear,0.1679999977350235,1.0,,
M2,271,42,1,25,2,True,mlp,0.18400000035762787,1.0,,
M2,271,42,1,25,2,True,categorical_subset,0.632,,0.608,2
M2,271,42,1,25,2,True,full_tuple_lookup,0.2,,0.0,4
M2,271,42,1,50,2,True,linear,0.1679999977350235,1.0,,
M2,271,42,1,50,2,True,mlp,0.1599999964237213,1.0,,
M2,271,42,1,50,2,True,categorical_subset,0.936,,0.936,2
M2,271,42,1,50,2,True,full_tuple_lookup,0.2,,0.0,4
M2,271,42,2,25,3,True,linear,0.2160000056028366,1.0,,
M2,271,42,2,25,3,True,mlp,0.19200000166893005,1.0,,
M2,271,42,2,25,3,True,categorical_subset,0.32,,0.152,3
M2,271,42,2,25,3,True,full_tuple_lookup,0.2,,0.0,4
M2,271,42,2,50,3,True,linear,0.13600000739097595,1.0,,
M2,271,42,2,50,3,True,mlp,0.10400000214576721,1.0,,
M2,271,42,2,50,3,True,categorical_subset,0.432,,0.288,3
M2,271,42,2,50,3,True,full_tuple_lookup,0.2,,0.0,4
M2,271,42,3,25,2,True,linear,0.18400000035762787,1.0,,
M2,271,42,3,25,2,True,mlp,0.19200000166893005,1.0,,
M2,271,42,3,25,2,True,categorical_subset,0.848,,0.816,2
M2,271,42,3,25,2,True,full_tuple_lookup,0.2,,0.0,4
M2,271,42,3,50,2,True,linear,0.11999999731779099,1.0,,
M2,271,42,3,50,2,True,mlp,0.14399999380111694,1.0,,
M2,271,42,3,50,2,True,categorical_subset,0.952,,0.952,2
M2,271,42,3,50,2,True,full_tuple_lookup,0.2,,0.0,4
M2,271,42,4,25,3,True,linear,0.1679999977350235,1.0,,
M2,271,42,4,25,3,True,mlp,0.1679999977350235,1.0,,
M2,271,42,4,25,3,True,categorical_subset,0.336,,0.176,3
M2,271,42,4,25,3,True,full_tuple_lookup,0.2,,0.0,4
M2,271,42,4,50,3,True,linear,0.19200000166893005,1.0,,
M2,271,42,4,50,3,True,mlp,0.18400000035762787,1.0,,
M2,271,42,4,50,3,True,categorical_subset,0.424,,0.264,3
M2,271,42,4,50,3,True,full_tuple_lookup,0.2,,0.0,4
M2,271,42,5,25,4,True,linear,0.19200000166893005,1.0,,
M2,271,42,5,25,4,True,mlp,0.1679999977350235,1.0,,
M2,271,42,5,25,4,True,categorical_subset,0.168,,0.184,3
M2,271,42,5,25,4,True,full_tuple_lookup,0.2,,0.0,4
M2,271,42,5,50,4,True,linear,0.19200000166893005,1.0,,
M2,271,42,5,50,4,True,mlp,0.19200000166893005,1.0,,
M2,271,42,5,50,4,True,categorical_subset,0.2,,0.0,4
M2,271,42,5,50,4,True,full_tuple_lookup,0.2,,0.0,4
M2,271,42,6,25,4,True,linear,0.1679999977350235,1.0,,
M2,271,42,6,25,4,True,mlp,0.13600000739097595,1.0,,
M2,271,42,6,25,4,True,categorical_subset,0.2,,0.0,4
M2,271,42,6,25,4,True,full_tuple_lookup,0.2,,0.0,4
M2,271,42,6,50,4,True,linear,0.09600000083446503,1.0,,
M2,271,42,6,50,4,True,mlp,0.12800000607967377,1.0,,
M2,271,42,6,50,4,True,categorical_subset,0.2,,0.0,4
M2,271,42,6,50,4,True,full_tuple_lookup,0.2,,0.0,4
M2,271,42,7,25,4,True,linear,0.13600000739097595,1.0,,
M2,271,42,7,25,4,True,mlp,0.14399999380111694,1.0,,
M2,271,42,7,25,4,True,categorical_subset,0.2,,0.0,4
M2,271,42,7,25,4,True,full_tuple_lookup,0.2,,0.0,4
M2,271,42,7,50,4,True,linear,0.13600000739097595,1.0,,
M2,271,42,7,50,4,True,mlp,0.1120000034570694,1.0,,
M2,271,42,7,50,4,True,categorical_subset,0.2,,0.0,4
M2,271,42,7,50,4,True,full_tuple_lookup,0.2,,0.0,4
random,271,101,0,25,,,linear,0.19200000166893005,1.0,,
random,271,101,0,25,,,mlp,0.20000000298023224,1.0,,
random,271,101,0,50,,,linear,0.11999999731779099,1.0,,
random,271,101,0,50,,,mlp,0.1599999964237213,1.0,,
random,271,101,1,25,,,linear,0.15199999511241913,1.0,,
random,271,101,1,25,,,mlp,0.1679999977350235,1.0,,
random,271,101,1,50,,,linear,0.20800000429153442,1.0,,
random,271,101,1,50,,,mlp,0.18400000035762787,1.0,,
random,271,101,2,25,,,linear,0.1599999964237213,1.0,,
random,271,101,2,25,,,mlp,0.1679999977350235,1.0,,
random,271,101,2,50,,,linear,0.14399999380111694,1.0,,
random,271,101,2,50,,,mlp,0.17599999904632568,1.0,,
random,271,101,3,25,,,linear,0.2240000069141388,1.0,,
random,271,101,3,25,,,mlp,0.17599999904632568,1.0,,
random,271,101,3,50,,,linear,0.19200000166893005,1.0,,
random,271,101,3,50,,,mlp,0.18400000035762787,1.0,,
random,271,101,4,25,,,linear,0.15199999511241913,1.0,,
random,271,101,4,25,,,mlp,0.11999999731779099,1.0,,
random,271,101,4,50,,,linear,0.17599999904632568,1.0,,
random,271,101,4,50,,,mlp,0.10400000214576721,1.0,,
random,271,101,5,25,,,linear,0.2160000056028366,1.0,,
random,271,101,5,25,,,mlp,0.23199999332427979,1.0,,
random,271,101,5,50,,,linear,0.18400000035762787,1.0,,
random,271,101,5,50,,,mlp,0.20800000429153442,1.0,,
random,271,101,6,25,,,linear,0.1679999977350235,1.0,,
random,271,101,6,25,,,mlp,0.15199999511241913,1.0,,
random,271,101,6,50,,,linear,0.19200000166893005,1.0,,
random,271,101,6,50,,,mlp,0.18400000035762787,1.0,,
random,271,101,7,25,,,linear,0.17599999904632568,1.0,,
random,271,101,7,25,,,mlp,0.1599999964237213,1.0,,
random,271,101,7,50,,,linear,0.1599999964237213,1.0,,
random,271,101,7,50,,,mlp,0.17599999904632568,1.0,,
P,271,101,0,25,3,True,linear,0.20800000429153442,1.0,,
P,271,101,0,25,3,True,mlp,0.2240000069141388,1.0,,
P,271,101,0,25,3,True,categorical_subset,0.312,,0.152,3
P,271,101,0,25,3,True,full_tuple_lookup,0.2,,0.0,4
P,271,101,0,50,3,True,linear,0.15199999511241913,1.0,,
P,271,101,0,50,3,True,mlp,0.15199999511241913,1.0,,
P,271,101,0,50,3,True,categorical_subset,0.392,,0.272,3
P,271,101,0,50,3,True,full_tuple_lookup,0.2,,0.0,4
P,271,101,1,25,3,True,linear,0.20800000429153442,1.0,,
P,271,101,1,25,3,True,mlp,0.20000000298023224,1.0,,
P,271,101,1,25,3,True,categorical_subset,0.304,,0.144,3
P,271,101,1,25,3,True,full_tuple_lookup,0.2,,0.0,4
P,271,101,1,50,3,True,linear,0.14399999380111694,1.0,,
P,271,101,1,50,3,True,mlp,0.1679999977350235,1.0,,
P,271,101,1,50,3,True,categorical_subset,0.4,,0.256,3
P,271,101,1,50,3,True,full_tuple_lookup,0.2,,0.0,4
P,271,101,2,25,2,True,linear,0.19200000166893005,1.0,,
P,271,101,2,25,2,True,mlp,0.24799999594688416,1.0,,
P,271,101,2,25,2,True,categorical_subset,0.776,,0.752,2
P,271,101,2,25,2,True,full_tuple_lookup,0.2,,0.0,4
P,271,101,2,50,2,True,linear,0.19200000166893005,1.0,,
P,271,101,2,50,2,True,mlp,0.19200000166893005,1.0,,
P,271,101,2,50,2,True,categorical_subset,1.0,,1.0,2
P,271,101,2,50,2,True,full_tuple_lookup,0.2,,0.0,4
P,271,101,3,25,3,True,linear,0.20800000429153442,1.0,,
P,271,101,3,25,3,True,mlp,0.1599999964237213,1.0,,
P,271,101,3,25,3,True,categorical_subset,0.304,,0.128,3
P,271,101,3,25,3,True,full_tuple_lookup,0.2,,0.0,4
P,271,101,3,50,3,True,linear,0.15199999511241913,1.0,,
P,271,101,3,50,3,True,mlp,0.1599999964237213,1.0,,
P,271,101,3,50,3,True,categorical_subset,0.456,,0.32,3
P,271,101,3,50,3,True,full_tuple_lookup,0.2,,0.0,4
P,271,101,4,25,4,True,linear,0.14399999380111694,1.0,,
P,271,101,4,25,4,True,mlp,0.1679999977350235,1.0,,
P,271,101,4,25,4,True,categorical_subset,0.2,,0.0,4
P,271,101,4,25,4,True,full_tuple_lookup,0.2,,0.0,4
P,271,101,4,50,4,True,linear,0.1120000034570694,1.0,,
P,271,101,4,50,4,True,mlp,0.11999999731779099,1.0,,
P,271,101,4,50,4,True,categorical_subset,0.2,,0.0,4
P,271,101,4,50,4,True,full_tuple_lookup,0.2,,0.0,4
P,271,101,5,25,3,True,linear,0.15199999511241913,1.0,,
P,271,101,5,25,3,True,mlp,0.13600000739097595,1.0,,
P,271,101,5,25,3,True,categorical_subset,0.336,,0.168,3
P,271,101,5,25,3,True,full_tuple_lookup,0.2,,0.0,4
P,271,101,5,50,3,True,linear,0.1679999977350235,1.0,,
P,271,101,5,50,3,True,mlp,0.18400000035762787,1.0,,
P,271,101,5,50,3,True,categorical_subset,0.44,,0.28,3
P,271,101,5,50,3,True,full_tuple_lookup,0.2,,0.0,4
P,271,101,6,25,3,True,linear,0.17599999904632568,1.0,,
P,271,101,6,25,3,True,mlp,0.18400000035762787,1.0,,
P,271,101,6,25,3,True,categorical_subset,0.312,,0.136,3
P,271,101,6,25,3,True,full_tuple_lookup,0.2,,0.0,4
P,271,101,6,50,3,True,linear,0.13600000739097595,1.0,,
P,271,101,6,50,3,True,mlp,0.1599999964237213,1.0,,
P,271,101,6,50,3,True,categorical_subset,0.424,,0.28,3
P,271,101,6,50,3,True,full_tuple_lookup,0.2,,0.0,4
P,271,101,7,25,3,True,linear,0.13600000739097595,1.0,,
P,271,101,7,25,3,True,mlp,0.13600000739097595,1.0,,
P,271,101,7,25,3,True,categorical_subset,0.304,,0.136,3
P,271,101,7,25,3,True,full_tuple_lookup,0.2,,0.0,4
P,271,101,7,50,3,True,linear,0.13600000739097595,1.0,,
P,271,101,7,50,3,True,mlp,0.1120000034570694,1.0,,
P,271,101,7,50,3,True,categorical_subset,0.384,,0.224,3
P,271,101,7,50,3,True,full_tuple_lookup,0.2,,0.0,4
M1,271,101,0,25,2,True,linear,0.15199999511241913,1.0,,
M1,271,101,0,25,2,True,mlp,0.12800000607967377,1.0,,
M1,271,101,0,25,2,True,categorical_subset,0.872,,0.752,2
M1,271,101,0,25,2,True,full_tuple_lookup,0.2,,0.0,4
M1,271,101,0,50,2,True,linear,0.15199999511241913,1.0,,
M1,271,101,0,50,2,True,mlp,0.20000000298023224,1.0,,
M1,271,101,0,50,2,True,categorical_subset,0.96,,0.96,2
M1,271,101,0,50,2,True,full_tuple_lookup,0.2,,0.0,4
M1,271,101,1,25,3,True,linear,0.14399999380111694,1.0,,
M1,271,101,1,25,3,True,mlp,0.1679999977350235,1.0,,
M1,271,101,1,25,3,True,categorical_subset,0.304,,0.144,3
M1,271,101,1,25,3,True,full_tuple_lookup,0.2,,0.0,4
M1,271,101,1,50,3,True,linear,0.1599999964237213,1.0,,
M1,271,101,1,50,3,True,mlp,0.1679999977350235,1.0,,
M1,271,101,1,50,3,True,categorical_subset,0.4,,0.256,3
M1,271,101,1,50,3,True,full_tuple_lookup,0.2,,0.0,4
M1,271,101,2,25,3,True,linear,0.14399999380111694,1.0,,
M1,271,101,2,25,3,True,mlp,0.1599999964237213,1.0,,
M1,271,101,2,25,3,True,categorical_subset,0.32,,0.152,3
M1,271,101,2,25,3,True,full_tuple_lookup,0.2,,0.0,4
M1,271,101,2,50,3,True,linear,0.19200000166893005,1.0,,
M1,271,101,2,50,3,True,mlp,0.18400000035762787,1.0,,
M1,271,101,2,50,3,True,categorical_subset,0.432,,0.288,3
M1,271,101,2,50,3,True,full_tuple_lookup,0.2,,0.0,4
M1,271,101,3,25,3,True,linear,0.1599999964237213,1.0,,
M1,271,101,3,25,3,True,mlp,0.15199999511241913,1.0,,
M1,271,101,3,25,3,True,categorical_subset,0.304,,0.128,3
M1,271,101,3,25,3,True,full_tuple_lookup,0.2,,0.0,4
M1,271,101,3,50,3,True,linear,0.15199999511241913,1.0,,
M1,271,101,3,50,3,True,mlp,0.17599999904632568,1.0,,
M1,271,101,3,50,3,True,categorical_subset,0.456,,0.32,3
M1,271,101,3,50,3,True,full_tuple_lookup,0.2,,0.0,4
M1,271,101,4,25,4,True,linear,0.1599999964237213,1.0,,
M1,271,101,4,25,4,True,mlp,0.17599999904632568,1.0,,
M1,271,101,4,25,4,True,categorical_subset,0.2,,0.0,4
M1,271,101,4,25,4,True,full_tuple_lookup,0.2,,0.0,4
M1,271,101,4,50,4,True,linear,0.1679999977350235,1.0,,
M1,271,101,4,50,4,True,mlp,0.1599999964237213,1.0,,
M1,271,101,4,50,4,True,categorical_subset,0.2,,0.0,4
M1,271,101,4,50,4,True,full_tuple_lookup,0.2,,0.0,4
M1,271,101,5,25,4,True,linear,0.14399999380111694,1.0,,
M1,271,101,5,25,4,True,mlp,0.15199999511241913,1.0,,
M1,271,101,5,25,4,True,categorical_subset,0.2,,0.0,4
M1,271,101,5,25,4,True,full_tuple_lookup,0.2,,0.0,4
M1,271,101,5,50,4,True,linear,0.20800000429153442,1.0,,
M1,271,101,5,50,4,True,mlp,0.1599999964237213,1.0,,
M1,271,101,5,50,4,True,categorical_subset,0.2,,0.0,4
M1,271,101,5,50,4,True,full_tuple_lookup,0.2,,0.0,4
M1,271,101,6,25,4,True,linear,0.17599999904632568,1.0,,
M1,271,101,6,25,4,True,mlp,0.1679999977350235,1.0,,
M1,271,101,6,25,4,True,categorical_subset,0.152,,0.144,3
M1,271,101,6,25,4,True,full_tuple_lookup,0.2,,0.0,4
M1,271,101,6,50,4,True,linear,0.1679999977350235,1.0,,
M1,271,101,6,50,4,True,mlp,0.1599999964237213,1.0,,
M1,271,101,6,50,4,True,categorical_subset,0.2,,0.0,4
M1,271,101,6,50,4,True,full_tuple_lookup,0.2,,0.0,4
M1,271,101,7,25,4,True,linear,0.18400000035762787,1.0,,
M1,271,101,7,25,4,True,mlp,0.13600000739097595,1.0,,
M1,271,101,7,25,4,True,categorical_subset,0.2,,0.0,4
M1,271,101,7,25,4,True,full_tuple_lookup,0.2,,0.0,4
M1,271,101,7,50,4,True,linear,0.15199999511241913,1.0,,
M1,271,101,7,50,4,True,mlp,0.13600000739097595,1.0,,
M1,271,101,7,50,4,True,categorical_subset,0.2,,0.0,4
M1,271,101,7,50,4,True,full_tuple_lookup,0.2,,0.0,4
M2,271,101,0,25,3,True,linear,0.2639999985694885,1.0,,
M2,271,101,0,25,3,True,mlp,0.23199999332427979,1.0,,
M2,271,101,0,25,3,True,categorical_subset,0.312,,0.152,3
M2,271,101,0,25,3,True,full_tuple_lookup,0.2,,0.0,4
M2,271,101,0,50,3,True,linear,0.2160000056028366,1.0,,
M2,271,101,0,50,3,True,mlp,0.1679999977350235,1.0,,
M2,271,101,0,50,3,True,categorical_subset,0.392,,0.272,3
M2,271,101,0,50,3,True,full_tuple_lookup,0.2,,0.0,4
M2,271,101,1,25,2,True,linear,0.2240000069141388,1.0,,
M2,271,101,1,25,2,True,mlp,0.20800000429153442,1.0,,
M2,271,101,1,25,2,True,categorical_subset,0.632,,0.608,2
M2,271,101,1,25,2,True,full_tuple_lookup,0.2,,0.0,4
M2,271,101,1,50,2,True,linear,0.19200000166893005,1.0,,
M2,271,101,1,50,2,True,mlp,0.20800000429153442,1.0,,
M2,271,101,1,50,2,True,categorical_subset,0.936,,0.936,2
M2,271,101,1,50,2,True,full_tuple_lookup,0.2,,0.0,4
M2,271,101,2,25,3,True,linear,0.17599999904632568,1.0,,
M2,271,101,2,25,3,True,mlp,0.15199999511241913,1.0,,
M2,271,101,2,25,3,True,categorical_subset,0.32,,0.152,3
M2,271,101,2,25,3,True,full_tuple_lookup,0.2,,0.0,4
M2,271,101,2,50,3,True,linear,0.23999999463558197,1.0,,
M2,271,101,2,50,3,True,mlp,0.20000000298023224,1.0,,
M2,271,101,2,50,3,True,categorical_subset,0.432,,0.288,3
M2,271,101,2,50,3,True,full_tuple_lookup,0.2,,0.0,4
M2,271,101,3,25,2,True,linear,0.17599999904632568,1.0,,
M2,271,101,3,25,2,True,mlp,0.20800000429153442,1.0,,
M2,271,101,3,25,2,True,categorical_subset,0.848,,0.816,2
M2,271,101,3,25,2,True,full_tuple_lookup,0.2,,0.0,4
M2,271,101,3,50,2,True,linear,0.17599999904632568,1.0,,
M2,271,101,3,50,2,True,mlp,0.2160000056028366,1.0,,
M2,271,101,3,50,2,True,categorical_subset,0.952,,0.952,2
M2,271,101,3,50,2,True,full_tuple_lookup,0.2,,0.0,4
M2,271,101,4,25,3,True,linear,0.1679999977350235,1.0,,
M2,271,101,4,25,3,True,mlp,0.19200000166893005,1.0,,
M2,271,101,4,25,3,True,categorical_subset,0.336,,0.176,3
M2,271,101,4,25,3,True,full_tuple_lookup,0.2,,0.0,4
M2,271,101,4,50,3,True,linear,0.17599999904632568,1.0,,
M2,271,101,4,50,3,True,mlp,0.1599999964237213,1.0,,
M2,271,101,4,50,3,True,categorical_subset,0.424,,0.264,3
M2,271,101,4,50,3,True,full_tuple_lookup,0.2,,0.0,4
M2,271,101,5,25,4,True,linear,0.20000000298023224,1.0,,
M2,271,101,5,25,4,True,mlp,0.18400000035762787,1.0,,
M2,271,101,5,25,4,True,categorical_subset,0.168,,0.184,3
M2,271,101,5,25,4,True,full_tuple_lookup,0.2,,0.0,4
M2,271,101,5,50,4,True,linear,0.1679999977350235,1.0,,
M2,271,101,5,50,4,True,mlp,0.11999999731779099,1.0,,
M2,271,101,5,50,4,True,categorical_subset,0.2,,0.0,4
M2,271,101,5,50,4,True,full_tuple_lookup,0.2,,0.0,4
M2,271,101,6,25,4,True,linear,0.19200000166893005,1.0,,
M2,271,101,6,25,4,True,mlp,0.1599999964237213,1.0,,
M2,271,101,6,25,4,True,categorical_subset,0.2,,0.0,4
M2,271,101,6,25,4,True,full_tuple_lookup,0.2,,0.0,4
M2,271,101,6,50,4,True,linear,0.19200000166893005,1.0,,
M2,271,101,6,50,4,True,mlp,0.1599999964237213,1.0,,
M2,271,101,6,50,4,True,categorical_subset,0.2,,0.0,4
M2,271,101,6,50,4,True,full_tuple_lookup,0.2,,0.0,4
M2,271,101,7,25,4,True,linear,0.20800000429153442,1.0,,
M2,271,101,7,25,4,True,mlp,0.1599999964237213,1.0,,
M2,271,101,7,25,4,True,categorical_subset,0.2,,0.0,4
M2,271,101,7,25,4,True,full_tuple_lookup,0.2,,0.0,4
M2,271,101,7,50,4,True,linear,0.13600000739097595,1.0,,
M2,271,101,7,50,4,True,mlp,0.12800000607967377,1.0,,
M2,271,101,7,50,4,True,categorical_subset,0.2,,0.0,4
M2,271,101,7,50,4,True,full_tuple_lookup,0.2,,0.0,4
random,314,17,0,25,,,linear,0.20800000429153442,1.0,,
random,314,17,0,25,,,mlp,0.18400000035762787,1.0,,
random,314,17,0,50,,,linear,0.12800000607967377,1.0,,
random,314,17,0,50,,,mlp,0.17599999904632568,1.0,,
random,314,17,1,25,,,linear,0.2240000069141388,1.0,,
random,314,17,1,25,,,mlp,0.2160000056028366,1.0,,
random,314,17,1,50,,,linear,0.25600001215934753,1.0,,
random,314,17,1,50,,,mlp,0.23199999332427979,1.0,,
random,314,17,2,25,,,linear,0.1679999977350235,1.0,,
random,314,17,2,25,,,mlp,0.18400000035762787,1.0,,
random,314,17,2,50,,,linear,0.12800000607967377,1.0,,
random,314,17,2,50,,,mlp,0.1120000034570694,1.0,,
random,314,17,3,25,,,linear,0.17599999904632568,1.0,,
random,314,17,3,25,,,mlp,0.20800000429153442,1.0,,
random,314,17,3,50,,,linear,0.15199999511241913,1.0,,
random,314,17,3,50,,,mlp,0.15199999511241913,1.0,,
random,314,17,4,25,,,linear,0.17599999904632568,1.0,,
random,314,17,4,25,,,mlp,0.15199999511241913,1.0,,
random,314,17,4,50,,,linear,0.1679999977350235,1.0,,
random,314,17,4,50,,,mlp,0.15199999511241913,1.0,,
random,314,17,5,25,,,linear,0.19200000166893005,1.0,,
random,314,17,5,25,,,mlp,0.11999999731779099,1.0,,
random,314,17,5,50,,,linear,0.1679999977350235,1.0,,
random,314,17,5,50,,,mlp,0.12800000607967377,1.0,,
random,314,17,6,25,,,linear,0.20000000298023224,1.0,,
random,314,17,6,25,,,mlp,0.17599999904632568,1.0,,
random,314,17,6,50,,,linear,0.17599999904632568,1.0,,
random,314,17,6,50,,,mlp,0.09600000083446503,1.0,,
random,314,17,7,25,,,linear,0.13600000739097595,1.0,,
random,314,17,7,25,,,mlp,0.15199999511241913,1.0,,
random,314,17,7,50,,,linear,0.12800000607967377,1.0,,
random,314,17,7,50,,,mlp,0.12800000607967377,1.0,,
P,314,17,0,25,3,True,linear,0.20800000429153442,1.0,,
P,314,17,0,25,3,True,mlp,0.19200000166893005,1.0,,
P,314,17,0,25,3,True,categorical_subset,0.312,,0.16,3
P,314,17,0,25,3,True,full_tuple_lookup,0.2,,0.0,4
P,314,17,0,50,3,True,linear,0.18400000035762787,1.0,,
P,314,17,0,50,3,True,mlp,0.18400000035762787,1.0,,
P,314,17,0,50,3,True,categorical_subset,0.392,,0.248,3
P,314,17,0,50,3,True,full_tuple_lookup,0.2,,0.0,4
P,314,17,1,25,3,True,linear,0.15199999511241913,1.0,,
P,314,17,1,25,3,True,mlp,0.14399999380111694,1.0,,
P,314,17,1,25,3,True,categorical_subset,0.36,,0.176,3
P,314,17,1,25,3,True,full_tuple_lookup,0.2,,0.0,4
P,314,17,1,50,3,True,linear,0.1599999964237213,1.0,,
P,314,17,1,50,3,True,mlp,0.14399999380111694,1.0,,
P,314,17,1,50,3,True,categorical_subset,0.44,,0.272,3
P,314,17,1,50,3,True,full_tuple_lookup,0.2,,0.0,4
P,314,17,2,25,2,True,linear,0.2240000069141388,1.0,,
P,314,17,2,25,2,True,mlp,0.2639999985694885,1.0,,
P,314,17,2,25,2,True,categorical_subset,0.808,,0.768,2
P,314,17,2,25,2,True,full_tuple_lookup,0.2,,0.0,4
P,314,17,2,50,2,True,linear,0.1679999977350235,1.0,,
P,314,17,2,50,2,True,mlp,0.23999999463558197,1.0,,
P,314,17,2,50,2,True,categorical_subset,0.952,,0.912,2
P,314,17,2,50,2,True,full_tuple_lookup,0.2,,0.0,4
P,314,17,3,25,3,True,linear,0.23999999463558197,1.0,,
P,314,17,3,25,3,True,mlp,0.20000000298023224,1.0,,
P,314,17,3,25,3,True,categorical_subset,0.336,,0.184,3
P,314,17,3,25,3,True,full_tuple_lookup,0.2,,0.0,4
P,314,17,3,50,3,True,linear,0.17599999904632568,1.0,,
P,314,17,3,50,3,True,mlp,0.1599999964237213,1.0,,
P,314,17,3,50,3,True,categorical_subset,0.384,,0.264,3
P,314,17,3,50,3,True,full_tuple_lookup,0.2,,0.0,4
P,314,17,4,25,4,True,linear,0.1599999964237213,1.0,,
P,314,17,4,25,4,True,mlp,0.1599999964237213,1.0,,
P,314,17,4,25,4,True,categorical_subset,0.2,,0.0,4
P,314,17,4,25,4,True,full_tuple_lookup,0.2,,0.0,4
P,314,17,4,50,4,True,linear,0.1679999977350235,1.0,,
P,314,17,4,50,4,True,mlp,0.15199999511241913,1.0,,
P,314,17,4,50,4,True,categorical_subset,0.2,,0.0,4
P,314,17,4,50,4,True,full_tuple_lookup,0.2,,0.0,4
P,314,17,5,25,3,True,linear,0.11999999731779099,1.0,,
P,314,17,5,25,3,True,mlp,0.17599999904632568,1.0,,
P,314,17,5,25,3,True,categorical_subset,0.336,,0.176,3
P,314,17,5,25,3,True,full_tuple_lookup,0.2,,0.0,4
P,314,17,5,50,3,True,linear,0.14399999380111694,1.0,,
P,314,17,5,50,3,True,mlp,0.15199999511241913,1.0,,
P,314,17,5,50,3,True,categorical_subset,0.432,,0.288,3
P,314,17,5,50,3,True,full_tuple_lookup,0.2,,0.0,4
P,314,17,6,25,3,True,linear,0.1599999964237213,1.0,,
P,314,17,6,25,3,True,mlp,0.1120000034570694,1.0,,
P,314,17,6,25,3,True,categorical_subset,0.304,,0.128,3
P,314,17,6,25,3,True,full_tuple_lookup,0.2,,0.0,4
P,314,17,6,50,3,True,linear,0.1599999964237213,1.0,,
P,314,17,6,50,3,True,mlp,0.1120000034570694,1.0,,
P,314,17,6,50,3,True,categorical_subset,0.4,,0.256,3
P,314,17,6,50,3,True,full_tuple_lookup,0.2,,0.0,4
P,314,17,7,25,3,True,linear,0.1599999964237213,1.0,,
P,314,17,7,25,3,True,mlp,0.18400000035762787,1.0,,
P,314,17,7,25,3,True,categorical_subset,0.328,,0.184,3
P,314,17,7,25,3,True,full_tuple_lookup,0.2,,0.0,4
P,314,17,7,50,3,True,linear,0.15199999511241913,1.0,,
P,314,17,7,50,3,True,mlp,0.1120000034570694,1.0,,
P,314,17,7,50,3,True,categorical_subset,0.392,,0.272,3
P,314,17,7,50,3,True,full_tuple_lookup,0.2,,0.0,4
M1,314,17,0,25,2,True,linear,0.17599999904632568,1.0,,
M1,314,17,0,25,2,True,mlp,0.20800000429153442,1.0,,
M1,314,17,0,25,2,True,categorical_subset,0.696,,0.616,2
M1,314,17,0,25,2,True,full_tuple_lookup,0.2,,0.0,4
M1,314,17,0,50,2,True,linear,0.24799999594688416,1.0,,
M1,314,17,0,50,2,True,mlp,0.2639999985694885,1.0,,
M1,314,17,0,50,2,True,categorical_subset,0.88,,0.88,2
M1,314,17,0,50,2,True,full_tuple_lookup,0.2,,0.0,4
M1,314,17,1,25,3,True,linear,0.23199999332427979,1.0,,
M1,314,17,1,25,3,True,mlp,0.20800000429153442,1.0,,
M1,314,17,1,25,3,True,categorical_subset,0.36,,0.176,3
M1,314,17,1,25,3,True,full_tuple_lookup,0.2,,0.0,4
M1,314,17,1,50,3,True,linear,0.2240000069141388,1.0,,
M1,314,17,1,50,3,True,mlp,0.15199999511241913,1.0,,
M1,314,17,1,50,3,True,categorical_subset,0.44,,0.272,3
M1,314,17,1,50,3,True,full_tuple_lookup,0.2,,0.0,4
M1,314,17,2,25,3,True,linear,0.15199999511241913,1.0,,
M1,314,17,2,25,3,True,mlp,0.12800000607967377,1.0,,
M1,314,17,2,25,3,True,categorical_subset,0.288,,0.128,3
M1,314,17,2,25,3,True,full_tuple_lookup,0.2,,0.0,4
M1,314,17,2,50,3,True,linear,0.20800000429153442,1.0,,
M1,314,17,2,50,3,True,mlp,0.17599999904632568,1.0,,
M1,314,17,2,50,3,True,categorical_subset,0.376,,0.232,3
M1,314,17,2,50,3,True,full_tuple_lookup,0.2,,0.0,4
M1,314,17,3,25,3,True,linear,0.17599999904632568,1.0,,
M1,314,17,3,25,3,True,mlp,0.2160000056028366,1.0,,
M1,314,17,3,25,3,True,categorical_subset,0.336,,0.184,3
M1,314,17,3,25,3,True,full_tuple_lookup,0.2,,0.0,4
M1,314,17,3,50,3,True,linear,0.11999999731779099,1.0,,
M1,314,17,3,50,3,True,mlp,0.1599999964237213,1.0,,
M1,314,17,3,50,3,True,categorical_subset,0.384,,0.264,3
M1,314,17,3,50,3,True,full_tuple_lookup,0.2,,0.0,4
M1,314,17,4,25,4,True,linear,0.1599999964237213,1.0,,
M1,314,17,4,25,4,True,mlp,0.2160000056028366,1.0,,
M1,314,17,4,25,4,True,categorical_subset,0.2,,0.0,4
M1,314,17,4,25,4,True,full_tuple_lookup,0.2,,0.0,4
M1,314,17,4,50,4,True,linear,0.20000000298023224,1.0,,
M1,314,17,4,50,4,True,mlp,0.17599999904632568,1.0,,
M1,314,17,4,50,4,True,categorical_subset,0.2,,0.0,4
M1,314,17,4,50,4,True,full_tuple_lookup,0.2,,0.0,4
M1,314,17,5,25,4,True,linear,0.15199999511241913,1.0,,
M1,314,17,5,25,4,True,mlp,0.1120000034570694,1.0,,
M1,314,17,5,25,4,True,categorical_subset,0.2,,0.0,4
M1,314,17,5,25,4,True,full_tuple_lookup,0.2,,0.0,4
M1,314,17,5,50,4,True,linear,0.19200000166893005,1.0,,
M1,314,17,5,50,4,True,mlp,0.2160000056028366,1.0,,
M1,314,17,5,50,4,True,categorical_subset,0.2,,0.0,4
M1,314,17,5,50,4,True,full_tuple_lookup,0.2,,0.0,4
M1,314,17,6,25,4,True,linear,0.15199999511241913,1.0,,
M1,314,17,6,25,4,True,mlp,0.13600000739097595,1.0,,
M1,314,17,6,25,4,True,categorical_subset,0.2,,0.0,4
M1,314,17,6,25,4,True,full_tuple_lookup,0.2,,0.0,4
M1,314,17,6,50,4,True,linear,0.13600000739097595,1.0,,
M1,314,17,6,50,4,True,mlp,0.09600000083446503,1.0,,
M1,314,17,6,50,4,True,categorical_subset,0.2,,0.0,4
M1,314,17,6,50,4,True,full_tuple_lookup,0.2,,0.0,4
M1,314,17,7,25,4,True,linear,0.1679999977350235,1.0,,
M1,314,17,7,25,4,True,mlp,0.17599999904632568,1.0,,
M1,314,17,7,25,4,True,categorical_subset,0.2,,0.0,4
M1,314,17,7,25,4,True,full_tuple_lookup,0.2,,0.0,4
M1,314,17,7,50,4,True,linear,0.1599999964237213,1.0,,
M1,314,17,7,50,4,True,mlp,0.1679999977350235,1.0,,
M1,314,17,7,50,4,True,categorical_subset,0.2,,0.0,4
M1,314,17,7,50,4,True,full_tuple_lookup,0.2,,0.0,4
M2,314,17,0,25,3,True,linear,0.1599999964237213,1.0,,
M2,314,17,0,25,3,True,mlp,0.18400000035762787,1.0,,
M2,314,17,0,25,3,True,categorical_subset,0.312,,0.16,3
M2,314,17,0,25,3,True,full_tuple_lookup,0.2,,0.0,4
M2,314,17,0,50,3,True,linear,0.18400000035762787,1.0,,
M2,314,17,0,50,3,True,mlp,0.17599999904632568,1.0,,
M2,314,17,0,50,3,True,categorical_subset,0.392,,0.248,3
M2,314,17,0,50,3,True,full_tuple_lookup,0.2,,0.0,4
M2,314,17,1,25,2,True,linear,0.14399999380111694,1.0,,
M2,314,17,1,25,2,True,mlp,0.19200000166893005,1.0,,
M2,314,17,1,25,2,True,categorical_subset,0.736,,0.656,2
M2,314,17,1,25,2,True,full_tuple_lookup,0.2,,0.0,4
M2,314,17,1,50,2,True,linear,0.23199999332427979,1.0,,
M2,314,17,1,50,2,True,mlp,0.23999999463558197,1.0,,
M2,314,17,1,50,2,True,categorical_subset,0.88,,0.88,2
M2,314,17,1,50,2,True,full_tuple_lookup,0.2,,0.0,4
M2,314,17,2,25,3,True,linear,0.1679999977350235,1.0,,
M2,314,17,2,25,3,True,mlp,0.17599999904632568,1.0,,
M2,314,17,2,25,3,True,categorical_subset,0.288,,0.128,3
M2,314,17,2,25,3,True,full_tuple_lookup,0.2,,0.0,4
M2,314,17,2,50,3,True,linear,0.2160000056028366,1.0,,
M2,314,17,2,50,3,True,mlp,0.23199999332427979,1.0,,
M2,314,17,2,50,3,True,categorical_subset,0.376,,0.232,3
M2,314,17,2,50,3,True,full_tuple_lookup,0.2,,0.0,4
M2,314,17,3,25,2,True,linear,0.1599999964237213,1.0,,
M2,314,17,3,25,2,True,mlp,0.19200000166893005,1.0,,
M2,314,17,3,25,2,True,categorical_subset,0.696,,0.648,2
M2,314,17,3,25,2,True,full_tuple_lookup,0.2,,0.0,4
M2,314,17,3,50,2,True,linear,0.19200000166893005,1.0,,
M2,314,17,3,50,2,True,mlp,0.18400000035762787,1.0,,
M2,314,17,3,50,2,True,categorical_subset,0.936,,0.936,2
M2,314,17,3,50,2,True,full_tuple_lookup,0.2,,0.0,4
M2,314,17,4,25,3,True,linear,0.18400000035762787,1.0,,
M2,314,17,4,25,3,True,mlp,0.18400000035762787,1.0,,
M2,314,17,4,25,3,True,categorical_subset,0.336,,0.144,3
M2,314,17,4,25,3,True,full_tuple_lookup,0.2,,0.0,4
M2,314,17,4,50,3,True,linear,0.18400000035762787,1.0,,
M2,314,17,4,50,3,True,mlp,0.19200000166893005,1.0,,
M2,314,17,4,50,3,True,categorical_subset,0.472,,0.312,3
M2,314,17,4,50,3,True,full_tuple_lookup,0.2,,0.0,4
M2,314,17,5,25,4,True,linear,0.18400000035762787,1.0,,
M2,314,17,5,25,4,True,mlp,0.2240000069141388,1.0,,
M2,314,17,5,25,4,True,categorical_subset,0.2,,0.0,4
M2,314,17,5,25,4,True,full_tuple_lookup,0.2,,0.0,4
M2,314,17,5,50,4,True,linear,0.18400000035762787,1.0,,
M2,314,17,5,50,4,True,mlp,0.17599999904632568,1.0,,
M2,314,17,5,50,4,True,categorical_subset,0.2,,0.0,4
M2,314,17,5,50,4,True,full_tuple_lookup,0.2,,0.0,4
M2,314,17,6,25,4,True,linear,0.13600000739097595,1.0,,
M2,314,17,6,25,4,True,mlp,0.1599999964237213,1.0,,
M2,314,17,6,25,4,True,categorical_subset,0.2,,0.0,4
M2,314,17,6,25,4,True,full_tuple_lookup,0.2,,0.0,4
M2,314,17,6,50,4,True,linear,0.1599999964237213,1.0,,
M2,314,17,6,50,4,True,mlp,0.19200000166893005,1.0,,
M2,314,17,6,50,4,True,categorical_subset,0.2,,0.0,4
M2,314,17,6,50,4,True,full_tuple_lookup,0.2,,0.0,4
M2,314,17,7,25,4,True,linear,0.14399999380111694,1.0,,
M2,314,17,7,25,4,True,mlp,0.13600000739097595,1.0,,
M2,314,17,7,25,4,True,categorical_subset,0.2,,0.0,4
M2,314,17,7,25,4,True,full_tuple_lookup,0.2,,0.0,4
M2,314,17,7,50,4,True,linear,0.10400000214576721,1.0,,
M2,314,17,7,50,4,True,mlp,0.12800000607967377,1.0,,
M2,314,17,7,50,4,True,categorical_subset,0.2,,0.0,4
M2,314,17,7,50,4,True,full_tuple_lookup,0.2,,0.0,4
random,314,42,0,25,,,linear,0.1679999977350235,1.0,,
random,314,42,0,25,,,mlp,0.18400000035762787,1.0,,
random,314,42,0,50,,,linear,0.12800000607967377,1.0,,
random,314,42,0,50,,,mlp,0.19200000166893005,1.0,,
random,314,42,1,25,,,linear,0.2160000056028366,1.0,,
random,314,42,1,25,,,mlp,0.23999999463558197,1.0,,
random,314,42,1,50,,,linear,0.2160000056028366,1.0,,
random,314,42,1,50,,,mlp,0.20000000298023224,1.0,,
random,314,42,2,25,,,linear,0.1679999977350235,1.0,,
random,314,42,2,25,,,mlp,0.13600000739097595,1.0,,
random,314,42,2,50,,,linear,0.14399999380111694,1.0,,
random,314,42,2,50,,,mlp,0.1599999964237213,1.0,,
random,314,42,3,25,,,linear,0.19200000166893005,1.0,,
random,314,42,3,25,,,mlp,0.1679999977350235,1.0,,
random,314,42,3,50,,,linear,0.19200000166893005,1.0,,
random,314,42,3,50,,,mlp,0.20000000298023224,1.0,,
random,314,42,4,25,,,linear,0.1679999977350235,1.0,,
random,314,42,4,25,,,mlp,0.1679999977350235,1.0,,
random,314,42,4,50,,,linear,0.1599999964237213,1.0,,
random,314,42,4,50,,,mlp,0.1679999977350235,1.0,,
random,314,42,5,25,,,linear,0.1599999964237213,1.0,,
random,314,42,5,25,,,mlp,0.17599999904632568,1.0,,
random,314,42,5,50,,,linear,0.1679999977350235,1.0,,
random,314,42,5,50,,,mlp,0.15199999511241913,1.0,,
random,314,42,6,25,,,linear,0.17599999904632568,1.0,,
random,314,42,6,25,,,mlp,0.1599999964237213,1.0,,
random,314,42,6,50,,,linear,0.12800000607967377,1.0,,
random,314,42,6,50,,,mlp,0.1120000034570694,1.0,,
random,314,42,7,25,,,linear,0.1679999977350235,1.0,,
random,314,42,7,25,,,mlp,0.12800000607967377,1.0,,
random,314,42,7,50,,,linear,0.10400000214576721,1.0,,
random,314,42,7,50,,,mlp,0.1120000034570694,1.0,,
P,314,42,0,25,3,True,linear,0.20000000298023224,1.0,,
P,314,42,0,25,3,True,mlp,0.2240000069141388,1.0,,
P,314,42,0,25,3,True,categorical_subset,0.312,,0.16,3
P,314,42,0,25,3,True,full_tuple_lookup,0.2,,0.0,4
P,314,42,0,50,3,True,linear,0.18400000035762787,1.0,,
P,314,42,0,50,3,True,mlp,0.17599999904632568,1.0,,
P,314,42,0,50,3,True,categorical_subset,0.392,,0.248,3
P,314,42,0,50,3,True,full_tuple_lookup,0.2,,0.0,4
P,314,42,1,25,3,True,linear,0.13600000739097595,1.0,,
P,314,42,1,25,3,True,mlp,0.17599999904632568,1.0,,
P,314,42,1,25,3,True,categorical_subset,0.36,,0.176,3
P,314,42,1,25,3,True,full_tuple_lookup,0.2,,0.0,4
P,314,42,1,50,3,True,linear,0.14399999380111694,1.0,,
P,314,42,1,50,3,True,mlp,0.12800000607967377,1.0,,
P,314,42,1,50,3,True,categorical_subset,0.44,,0.272,3
P,314,42,1,50,3,True,full_tuple_lookup,0.2,,0.0,4
P,314,42,2,25,2,True,linear,0.18400000035762787,1.0,,
P,314,42,2,25,2,True,mlp,0.15199999511241913,1.0,,
P,314,42,2,25,2,True,categorical_subset,0.808,,0.768,2
P,314,42,2,25,2,True,full_tuple_lookup,0.2,,0.0,4
P,314,42,2,50,2,True,linear,0.14399999380111694,1.0,,
P,314,42,2,50,2,True,mlp,0.15199999511241913,1.0,,
P,314,42,2,50,2,True,categorical_subset,0.952,,0.912,2
P,314,42,2,50,2,True,full_tuple_lookup,0.2,,0.0,4
P,314,42,3,25,3,True,linear,0.14399999380111694,1.0,,
P,314,42,3,25,3,True,mlp,0.18400000035762787,1.0,,
P,314,42,3,25,3,True,categorical_subset,0.336,,0.184,3
P,314,42,3,25,3,True,full_tuple_lookup,0.2,,0.0,4
P,314,42,3,50,3,True,linear,0.13600000739097595,1.0,,
P,314,42,3,50,3,True,mlp,0.14399999380111694,1.0,,
P,314,42,3,50,3,True,categorical_subset,0.384,,0.264,3
P,314,42,3,50,3,True,full_tuple_lookup,0.2,,0.0,4
P,314,42,4,25,4,True,linear,0.17599999904632568,1.0,,
P,314,42,4,25,4,True,mlp,0.20000000298023224,1.0,,
P,314,42,4,25,4,True,categorical_subset,0.2,,0.0,4
P,314,42,4,25,4,True,full_tuple_lookup,0.2,,0.0,4
P,314,42,4,50,4,True,linear,0.11999999731779099,1.0,,
P,314,42,4,50,4,True,mlp,0.14399999380111694,1.0,,
P,314,42,4,50,4,True,categorical_subset,0.2,,0.0,4
P,314,42,4,50,4,True,full_tuple_lookup,0.2,,0.0,4
P,314,42,5,25,3,True,linear,0.17599999904632568,1.0,,
P,314,42,5,25,3,True,mlp,0.18400000035762787,1.0,,
P,314,42,5,25,3,True,categorical_subset,0.336,,0.176,3
P,314,42,5,25,3,True,full_tuple_lookup,0.2,,0.0,4
P,314,42,5,50,3,True,linear,0.19200000166893005,1.0,,
P,314,42,5,50,3,True,mlp,0.15199999511241913,1.0,,
P,314,42,5,50,3,True,categorical_subset,0.432,,0.288,3
P,314,42,5,50,3,True,full_tuple_lookup,0.2,,0.0,4
P,314,42,6,25,3,True,linear,0.1120000034570694,1.0,,
P,314,42,6,25,3,True,mlp,0.09600000083446503,1.0,,
P,314,42,6,25,3,True,categorical_subset,0.304,,0.128,3
P,314,42,6,25,3,True,full_tuple_lookup,0.2,,0.0,4
P,314,42,6,50,3,True,linear,0.12800000607967377,1.0,,
P,314,42,6,50,3,True,mlp,0.1120000034570694,1.0,,
P,314,42,6,50,3,True,categorical_subset,0.4,,0.256,3
P,314,42,6,50,3,True,full_tuple_lookup,0.2,,0.0,4
P,314,42,7,25,3,True,linear,0.2160000056028366,1.0,,
P,314,42,7,25,3,True,mlp,0.19200000166893005,1.0,,
P,314,42,7,25,3,True,categorical_subset,0.328,,0.184,3
P,314,42,7,25,3,True,full_tuple_lookup,0.2,,0.0,4
P,314,42,7,50,3,True,linear,0.15199999511241913,1.0,,
P,314,42,7,50,3,True,mlp,0.07999999821186066,1.0,,
P,314,42,7,50,3,True,categorical_subset,0.392,,0.272,3
P,314,42,7,50,3,True,full_tuple_lookup,0.2,,0.0,4
M1,314,42,0,25,2,True,linear,0.20800000429153442,1.0,,
M1,314,42,0,25,2,True,mlp,0.2639999985694885,1.0,,
M1,314,42,0,25,2,True,categorical_subset,0.696,,0.616,2
M1,314,42,0,25,2,True,full_tuple_lookup,0.2,,0.0,4
M1,314,42,0,50,2,True,linear,0.23999999463558197,1.0,,
M1,314,42,0,50,2,True,mlp,0.29600000381469727,1.0,,
M1,314,42,0,50,2,True,categorical_subset,0.88,,0.88,2
M1,314,42,0,50,2,True,full_tuple_lookup,0.2,,0.0,4
M1,314,42,1,25,3,True,linear,0.15199999511241913,1.0,,
M1,314,42,1,25,3,True,mlp,0.1599999964237213,1.0,,
M1,314,42,1,25,3,True,categorical_subset,0.36,,0.176,3
M1,314,42,1,25,3,True,full_tuple_lookup,0.2,,0.0,4
M1,314,42,1,50,3,True,linear,0.1599999964237213,1.0,,
M1,314,42,1,50,3,True,mlp,0.19200000166893005,1.0,,
M1,314,42,1,50,3,True,categorical_subset,0.44,,0.272,3
M1,314,42,1,50,3,True,full_tuple_lookup,0.2,,0.0,4
M1,314,42,2,25,3,True,linear,0.14399999380111694,1.0,,
M1,314,42,2,25,3,True,mlp,0.15199999511241913,1.0,,
M1,314,42,2,25,3,True,categorical_subset,0.288,,0.128,3
M1,314,42,2,25,3,True,full_tuple_lookup,0.2,,0.0,4
M1,314,42,2,50,3,True,linear,0.15199999511241913,1.0,,
M1,314,42,2,50,3,True,mlp,0.12800000607967377,1.0,,
M1,314,42,2,50,3,True,categorical_subset,0.376,,0.232,3
M1,314,42,2,50,3,True,full_tuple_lookup,0.2,,0.0,4
M1,314,42,3,25,3,True,linear,0.24799999594688416,1.0,,
M1,314,42,3,25,3,True,mlp,0.2160000056028366,1.0,,
M1,314,42,3,25,3,True,categorical_subset,0.336,,0.184,3
M1,314,42,3,25,3,True,full_tuple_lookup,0.2,,0.0,4
M1,314,42,3,50,3,True,linear,0.13600000739097595,1.0,,
M1,314,42,3,50,3,True,mlp,0.14399999380111694,1.0,,
M1,314,42,3,50,3,True,categorical_subset,0.384,,0.264,3
M1,314,42,3,50,3,True,full_tuple_lookup,0.2,,0.0,4
M1,314,42,4,25,4,True,linear,0.14399999380111694,1.0,,
M1,314,42,4,25,4,True,mlp,0.14399999380111694,1.0,,
M1,314,42,4,25,4,True,categorical_subset,0.2,,0.0,4
M1,314,42,4,25,4,True,full_tuple_lookup,0.2,,0.0,4
M1,314,42,4,50,4,True,linear,0.1599999964237213,1.0,,
M1,314,42,4,50,4,True,mlp,0.14399999380111694,1.0,,
M1,314,42,4,50,4,True,categorical_subset,0.2,,0.0,4
M1,314,42,4,50,4,True,full_tuple_lookup,0.2,,0.0,4
M1,314,42,5,25,4,True,linear,0.15199999511241913,1.0,,
M1,314,42,5,25,4,True,mlp,0.19200000166893005,1.0,,
M1,314,42,5,25,4,True,categorical_subset,0.2,,0.0,4
M1,314,42,5,25,4,True,full_tuple_lookup,0.2,,0.0,4
M1,314,42,5,50,4,True,linear,0.18400000035762787,1.0,,
M1,314,42,5,50,4,True,mlp,0.1679999977350235,1.0,,
M1,314,42,5,50,4,True,categorical_subset,0.2,,0.0,4
M1,314,42,5,50,4,True,full_tuple_lookup,0.2,,0.0,4
M1,314,42,6,25,4,True,linear,0.24799999594688416,1.0,,
M1,314,42,6,25,4,True,mlp,0.17599999904632568,1.0,,
M1,314,42,6,25,4,True,categorical_subset,0.2,,0.0,4
M1,314,42,6,25,4,True,full_tuple_lookup,0.2,,0.0,4
M1,314,42,6,50,4,True,linear,0.20000000298023224,1.0,,
M1,314,42,6,50,4,True,mlp,0.14399999380111694,1.0,,
M1,314,42,6,50,4,True,categorical_subset,0.2,,0.0,4
M1,314,42,6,50,4,True,full_tuple_lookup,0.2,,0.0,4
M1,314,42,7,25,4,True,linear,0.15199999511241913,1.0,,
M1,314,42,7,25,4,True,mlp,0.18400000035762787,1.0,,
M1,314,42,7,25,4,True,categorical_subset,0.2,,0.0,4
M1,314,42,7,25,4,True,full_tuple_lookup,0.2,,0.0,4
M1,314,42,7,50,4,True,linear,0.13600000739097595,1.0,,
M1,314,42,7,50,4,True,mlp,0.11999999731779099,1.0,,
M1,314,42,7,50,4,True,categorical_subset,0.2,,0.0,4
M1,314,42,7,50,4,True,full_tuple_lookup,0.2,,0.0,4
M2,314,42,0,25,3,True,linear,0.15199999511241913,1.0,,
M2,314,42,0,25,3,True,mlp,0.18400000035762787,1.0,,
M2,314,42,0,25,3,True,categorical_subset,0.312,,0.16,3
M2,314,42,0,25,3,True,full_tuple_lookup,0.2,,0.0,4
M2,314,42,0,50,3,True,linear,0.2240000069141388,1.0,,
M2,314,42,0,50,3,True,mlp,0.20000000298023224,1.0,,
M2,314,42,0,50,3,True,categorical_subset,0.392,,0.248,3
M2,314,42,0,50,3,True,full_tuple_lookup,0.2,,0.0,4
M2,314,42,1,25,2,True,linear,0.24799999594688416,1.0,,
M2,314,42,1,25,2,True,mlp,0.1679999977350235,1.0,,
M2,314,42,1,25,2,True,categorical_subset,0.736,,0.656,2
M2,314,42,1,25,2,True,full_tuple_lookup,0.2,,0.0,4
M2,314,42,1,50,2,True,linear,0.17599999904632568,1.0,,
M2,314,42,1,50,2,True,mlp,0.17599999904632568,1.0,,
M2,314,42,1,50,2,True,categorical_subset,0.88,,0.88,2
M2,314,42,1,50,2,True,full_tuple_lookup,0.2,,0.0,4
M2,314,42,2,25,3,True,linear,0.1599999964237213,1.0,,
M2,314,42,2,25,3,True,mlp,0.1599999964237213,1.0,,
M2,314,42,2,25,3,True,categorical_subset,0.288,,0.128,3
M2,314,42,2,25,3,True,full_tuple_lookup,0.2,,0.0,4
M2,314,42,2,50,3,True,linear,0.20000000298023224,1.0,,
M2,314,42,2,50,3,True,mlp,0.18400000035762787,1.0,,
M2,314,42,2,50,3,True,categorical_subset,0.376,,0.232,3
M2,314,42,2,50,3,True,full_tuple_lookup,0.2,,0.0,4
M2,314,42,3,25,2,True,linear,0.18400000035762787,1.0,,
M2,314,42,3,25,2,True,mlp,0.19200000166893005,1.0,,
M2,314,42,3,25,2,True,categorical_subset,0.696,,0.648,2
M2,314,42,3,25,2,True,full_tuple_lookup,0.2,,0.0,4
M2,314,42,3,50,2,True,linear,0.19200000166893005,1.0,,
M2,314,42,3,50,2,True,mlp,0.20000000298023224,1.0,,
M2,314,42,3,50,2,True,categorical_subset,0.936,,0.936,2
M2,314,42,3,50,2,True,full_tuple_lookup,0.2,,0.0,4
M2,314,42,4,25,3,True,linear,0.1679999977350235,1.0,,
M2,314,42,4,25,3,True,mlp,0.15199999511241913,1.0,,
M2,314,42,4,25,3,True,categorical_subset,0.336,,0.144,3
M2,314,42,4,25,3,True,full_tuple_lookup,0.2,,0.0,4
M2,314,42,4,50,3,True,linear,0.1599999964237213,1.0,,
M2,314,42,4,50,3,True,mlp,0.12800000607967377,1.0,,
M2,314,42,4,50,3,True,categorical_subset,0.472,,0.312,3
M2,314,42,4,50,3,True,full_tuple_lookup,0.2,,0.0,4
M2,314,42,5,25,4,True,linear,0.11999999731779099,1.0,,
M2,314,42,5,25,4,True,mlp,0.15199999511241913,1.0,,
M2,314,42,5,25,4,True,categorical_subset,0.2,,0.0,4
M2,314,42,5,25,4,True,full_tuple_lookup,0.2,,0.0,4
M2,314,42,5,50,4,True,linear,0.13600000739097595,1.0,,
M2,314,42,5,50,4,True,mlp,0.13600000739097595,1.0,,
M2,314,42,5,50,4,True,categorical_subset,0.2,,0.0,4
M2,314,42,5,50,4,True,full_tuple_lookup,0.2,,0.0,4
M2,314,42,6,25,4,True,linear,0.12800000607967377,1.0,,
M2,314,42,6,25,4,True,mlp,0.12800000607967377,1.0,,
M2,314,42,6,25,4,True,categorical_subset,0.2,,0.0,4
M2,314,42,6,25,4,True,full_tuple_lookup,0.2,,0.0,4
M2,314,42,6,50,4,True,linear,0.17599999904632568,1.0,,
M2,314,42,6,50,4,True,mlp,0.13600000739097595,1.0,,
M2,314,42,6,50,4,True,categorical_subset,0.2,,0.0,4
M2,314,42,6,50,4,True,full_tuple_lookup,0.2,,0.0,4
M2,314,42,7,25,4,True,linear,0.1679999977350235,1.0,,
M2,314,42,7,25,4,True,mlp,0.20000000298023224,1.0,,
M2,314,42,7,25,4,True,categorical_subset,0.2,,0.0,4
M2,314,42,7,25,4,True,full_tuple_lookup,0.2,,0.0,4
M2,314,42,7,50,4,True,linear,0.20000000298023224,1.0,,
M2,314,42,7,50,4,True,mlp,0.20800000429153442,1.0,,
M2,314,42,7,50,4,True,categorical_subset,0.2,,0.0,4
M2,314,42,7,50,4,True,full_tuple_lookup,0.2,,0.0,4
random,314,101,0,25,,,linear,0.25600001215934753,1.0,,
random,314,101,0,25,,,mlp,0.25600001215934753,1.0,,
random,314,101,0,50,,,linear,0.17599999904632568,1.0,,
random,314,101,0,50,,,mlp,0.15199999511241913,1.0,,
random,314,101,1,25,,,linear,0.2160000056028366,1.0,,
random,314,101,1,25,,,mlp,0.20800000429153442,1.0,,
random,314,101,1,50,,,linear,0.23999999463558197,1.0,,
random,314,101,1,50,,,mlp,0.20000000298023224,1.0,,
random,314,101,2,25,,,linear,0.19200000166893005,1.0,,
random,314,101,2,25,,,mlp,0.19200000166893005,1.0,,
random,314,101,2,50,,,linear,0.1599999964237213,1.0,,
random,314,101,2,50,,,mlp,0.1599999964237213,1.0,,
random,314,101,3,25,,,linear,0.1599999964237213,1.0,,
random,314,101,3,25,,,mlp,0.17599999904632568,1.0,,
random,314,101,3,50,,,linear,0.17599999904632568,1.0,,
random,314,101,3,50,,,mlp,0.18400000035762787,1.0,,
random,314,101,4,25,,,linear,0.12800000607967377,1.0,,
random,314,101,4,25,,,mlp,0.17599999904632568,1.0,,
random,314,101,4,50,,,linear,0.1679999977350235,1.0,,
random,314,101,4,50,,,mlp,0.2160000056028366,1.0,,
random,314,101,5,25,,,linear,0.15199999511241913,1.0,,
random,314,101,5,25,,,mlp,0.15199999511241913,1.0,,
random,314,101,5,50,,,linear,0.1599999964237213,1.0,,
random,314,101,5,50,,,mlp,0.18400000035762787,1.0,,
random,314,101,6,25,,,linear,0.2160000056028366,1.0,,
random,314,101,6,25,,,mlp,0.11999999731779099,1.0,,
random,314,101,6,50,,,linear,0.15199999511241913,1.0,,
random,314,101,6,50,,,mlp,0.13600000739097595,1.0,,
random,314,101,7,25,,,linear,0.1599999964237213,1.0,,
random,314,101,7,25,,,mlp,0.14399999380111694,1.0,,
random,314,101,7,50,,,linear,0.1679999977350235,1.0,,
random,314,101,7,50,,,mlp,0.15199999511241913,1.0,,
P,314,101,0,25,3,True,linear,0.23999999463558197,1.0,,
P,314,101,0,25,3,True,mlp,0.18400000035762787,1.0,,
P,314,101,0,25,3,True,categorical_subset,0.312,,0.16,3
P,314,101,0,25,3,True,full_tuple_lookup,0.2,,0.0,4
P,314,101,0,50,3,True,linear,0.2240000069141388,1.0,,
P,314,101,0,50,3,True,mlp,0.2160000056028366,1.0,,
P,314,101,0,50,3,True,categorical_subset,0.392,,0.248,3
P,314,101,0,50,3,True,full_tuple_lookup,0.2,,0.0,4
P,314,101,1,25,3,True,linear,0.17599999904632568,1.0,,
P,314,101,1,25,3,True,mlp,0.19200000166893005,1.0,,
P,314,101,1,25,3,True,categorical_subset,0.36,,0.176,3
P,314,101,1,25,3,True,full_tuple_lookup,0.2,,0.0,4
P,314,101,1,50,3,True,linear,0.20800000429153442,1.0,,
P,314,101,1,50,3,True,mlp,0.2240000069141388,1.0,,
P,314,101,1,50,3,True,categorical_subset,0.44,,0.272,3
P,314,101,1,50,3,True,full_tuple_lookup,0.2,,0.0,4
P,314,101,2,25,2,True,linear,0.20800000429153442,1.0,,
P,314,101,2,25,2,True,mlp,0.25600001215934753,1.0,,
P,314,101,2,25,2,True,categorical_subset,0.808,,0.768,2
P,314,101,2,25,2,True,full_tuple_lookup,0.2,,0.0,4
P,314,101,2,50,2,True,linear,0.19200000166893005,1.0,,
P,314,101,2,50,2,True,mlp,0.20800000429153442,1.0,,
P,314,101,2,50,2,True,categorical_subset,0.952,,0.912,2
P,314,101,2,50,2,True,full_tuple_lookup,0.2,,0.0,4
P,314,101,3,25,3,True,linear,0.14399999380111694,1.0,,
P,314,101,3,25,3,True,mlp,0.15199999511241913,1.0,,
P,314,101,3,25,3,True,categorical_subset,0.336,,0.184,3
P,314,101,3,25,3,True,full_tuple_lookup,0.2,,0.0,4
P,314,101,3,50,3,True,linear,0.12800000607967377,1.0,,
P,314,101,3,50,3,True,mlp,0.1120000034570694,1.0,,
P,314,101,3,50,3,True,categorical_subset,0.384,,0.264,3
P,314,101,3,50,3,True,full_tuple_lookup,0.2,,0.0,4
P,314,101,4,25,4,True,linear,0.14399999380111694,1.0,,
P,314,101,4,25,4,True,mlp,0.11999999731779099,1.0,,
P,314,101,4,25,4,True,categorical_subset,0.2,,0.0,4
P,314,101,4,25,4,True,full_tuple_lookup,0.2,,0.0,4
P,314,101,4,50,4,True,linear,0.15199999511241913,1.0,,
P,314,101,4,50,4,True,mlp,0.17599999904632568,1.0,,
P,314,101,4,50,4,True,categorical_subset,0.2,,0.0,4
P,314,101,4,50,4,True,full_tuple_lookup,0.2,,0.0,4
P,314,101,5,25,3,True,linear,0.19200000166893005,1.0,,
P,314,101,5,25,3,True,mlp,0.17599999904632568,1.0,,
P,314,101,5,25,3,True,categorical_subset,0.336,,0.176,3
P,314,101,5,25,3,True,full_tuple_lookup,0.2,,0.0,4
P,314,101,5,50,3,True,linear,0.18400000035762787,1.0,,
P,314,101,5,50,3,True,mlp,0.13600000739097595,1.0,,
P,314,101,5,50,3,True,categorical_subset,0.432,,0.288,3
P,314,101,5,50,3,True,full_tuple_lookup,0.2,,0.0,4
P,314,101,6,25,3,True,linear,0.1679999977350235,1.0,,
P,314,101,6,25,3,True,mlp,0.18400000035762787,1.0,,
P,314,101,6,25,3,True,categorical_subset,0.304,,0.128,3
P,314,101,6,25,3,True,full_tuple_lookup,0.2,,0.0,4
P,314,101,6,50,3,True,linear,0.2240000069141388,1.0,,
P,314,101,6,50,3,True,mlp,0.1679999977350235,1.0,,
P,314,101,6,50,3,True,categorical_subset,0.4,,0.256,3
P,314,101,6,50,3,True,full_tuple_lookup,0.2,,0.0,4
P,314,101,7,25,3,True,linear,0.2160000056028366,1.0,,
P,314,101,7,25,3,True,mlp,0.20000000298023224,1.0,,
P,314,101,7,25,3,True,categorical_subset,0.328,,0.184,3
P,314,101,7,25,3,True,full_tuple_lookup,0.2,,0.0,4
P,314,101,7,50,3,True,linear,0.10400000214576721,1.0,,
P,314,101,7,50,3,True,mlp,0.13600000739097595,1.0,,
P,314,101,7,50,3,True,categorical_subset,0.392,,0.272,3
P,314,101,7,50,3,True,full_tuple_lookup,0.2,,0.0,4
M1,314,101,0,25,2,True,linear,0.13600000739097595,1.0,,
M1,314,101,0,25,2,True,mlp,0.20800000429153442,1.0,,
M1,314,101,0,25,2,True,categorical_subset,0.696,,0.616,2
M1,314,101,0,25,2,True,full_tuple_lookup,0.2,,0.0,4
M1,314,101,0,50,2,True,linear,0.20000000298023224,1.0,,
M1,314,101,0,50,2,True,mlp,0.2240000069141388,1.0,,
M1,314,101,0,50,2,True,categorical_subset,0.88,,0.88,2
M1,314,101,0,50,2,True,full_tuple_lookup,0.2,,0.0,4
M1,314,101,1,25,3,True,linear,0.2160000056028366,1.0,,
M1,314,101,1,25,3,True,mlp,0.17599999904632568,1.0,,
M1,314,101,1,25,3,True,categorical_subset,0.36,,0.176,3
M1,314,101,1,25,3,True,full_tuple_lookup,0.2,,0.0,4
M1,314,101,1,50,3,True,linear,0.14399999380111694,1.0,,
M1,314,101,1,50,3,True,mlp,0.18400000035762787,1.0,,
M1,314,101,1,50,3,True,categorical_subset,0.44,,0.272,3
M1,314,101,1,50,3,True,full_tuple_lookup,0.2,,0.0,4
M1,314,101,2,25,3,True,linear,0.2240000069141388,1.0,,
M1,314,101,2,25,3,True,mlp,0.25600001215934753,1.0,,
M1,314,101,2,25,3,True,categorical_subset,0.288,,0.128,3
M1,314,101,2,25,3,True,full_tuple_lookup,0.2,,0.0,4
M1,314,101,2,50,3,True,linear,0.18400000035762787,1.0,,
M1,314,101,2,50,3,True,mlp,0.17599999904632568,1.0,,
M1,314,101,2,50,3,True,categorical_subset,0.376,,0.232,3
M1,314,101,2,50,3,True,full_tuple_lookup,0.2,,0.0,4
M1,314,101,3,25,3,True,linear,0.2240000069141388,1.0,,
M1,314,101,3,25,3,True,mlp,0.23199999332427979,1.0,,
M1,314,101,3,25,3,True,categorical_subset,0.336,,0.184,3
M1,314,101,3,25,3,True,full_tuple_lookup,0.2,,0.0,4
M1,314,101,3,50,3,True,linear,0.20800000429153442,1.0,,
M1,314,101,3,50,3,True,mlp,0.20800000429153442,1.0,,
M1,314,101,3,50,3,True,categorical_subset,0.384,,0.264,3
M1,314,101,3,50,3,True,full_tuple_lookup,0.2,,0.0,4
M1,314,101,4,25,4,True,linear,0.20800000429153442,1.0,,
M1,314,101,4,25,4,True,mlp,0.18400000035762787,1.0,,
M1,314,101,4,25,4,True,categorical_subset,0.2,,0.0,4
M1,314,101,4,25,4,True,full_tuple_lookup,0.2,,0.0,4
M1,314,101,4,50,4,True,linear,0.17599999904632568,1.0,,
M1,314,101,4,50,4,True,mlp,0.19200000166893005,1.0,,
M1,314,101,4,50,4,True,categorical_subset,0.2,,0.0,4
M1,314,101,4,50,4,True,full_tuple_lookup,0.2,,0.0,4
M1,314,101,5,25,4,True,linear,0.20000000298023224,1.0,,
M1,314,101,5,25,4,True,mlp,0.19200000166893005,1.0,,
M1,314,101,5,25,4,True,categorical_subset,0.2,,0.0,4
M1,314,101,5,25,4,True,full_tuple_lookup,0.2,,0.0,4
M1,314,101,5,50,4,True,linear,0.20000000298023224,1.0,,
M1,314,101,5,50,4,True,mlp,0.1679999977350235,1.0,,
M1,314,101,5,50,4,True,categorical_subset,0.2,,0.0,4
M1,314,101,5,50,4,True,full_tuple_lookup,0.2,,0.0,4
M1,314,101,6,25,4,True,linear,0.15199999511241913,1.0,,
M1,314,101,6,25,4,True,mlp,0.1599999964237213,1.0,,
M1,314,101,6,25,4,True,categorical_subset,0.2,,0.0,4
M1,314,101,6,25,4,True,full_tuple_lookup,0.2,,0.0,4
M1,314,101,6,50,4,True,linear,0.1599999964237213,1.0,,
M1,314,101,6,50,4,True,mlp,0.14399999380111694,1.0,,
M1,314,101,6,50,4,True,categorical_subset,0.2,,0.0,4
M1,314,101,6,50,4,True,full_tuple_lookup,0.2,,0.0,4
M1,314,101,7,25,4,True,linear,0.1599999964237213,1.0,,
M1,314,101,7,25,4,True,mlp,0.1679999977350235,1.0,,
M1,314,101,7,25,4,True,categorical_subset,0.2,,0.0,4
M1,314,101,7,25,4,True,full_tuple_lookup,0.2,,0.0,4
M1,314,101,7,50,4,True,linear,0.12800000607967377,1.0,,
M1,314,101,7,50,4,True,mlp,0.1599999964237213,1.0,,
M1,314,101,7,50,4,True,categorical_subset,0.2,,0.0,4
M1,314,101,7,50,4,True,full_tuple_lookup,0.2,,0.0,4
M2,314,101,0,25,3,True,linear,0.12800000607967377,1.0,,
M2,314,101,0,25,3,True,mlp,0.12800000607967377,1.0,,
M2,314,101,0,25,3,True,categorical_subset,0.312,,0.16,3
M2,314,101,0,25,3,True,full_tuple_lookup,0.2,,0.0,4
M2,314,101,0,50,3,True,linear,0.19200000166893005,1.0,,
M2,314,101,0,50,3,True,mlp,0.20000000298023224,1.0,,
M2,314,101,0,50,3,True,categorical_subset,0.392,,0.248,3
M2,314,101,0,50,3,True,full_tuple_lookup,0.2,,0.0,4
M2,314,101,1,25,2,True,linear,0.14399999380111694,1.0,,
M2,314,101,1,25,2,True,mlp,0.18400000035762787,1.0,,
M2,314,101,1,25,2,True,categorical_subset,0.736,,0.656,2
M2,314,101,1,25,2,True,full_tuple_lookup,0.2,,0.0,4
M2,314,101,1,50,2,True,linear,0.14399999380111694,1.0,,
M2,314,101,1,50,2,True,mlp,0.1679999977350235,1.0,,
M2,314,101,1,50,2,True,categorical_subset,0.88,,0.88,2
M2,314,101,1,50,2,True,full_tuple_lookup,0.2,,0.0,4
M2,314,101,2,25,3,True,linear,0.13600000739097595,1.0,,
M2,314,101,2,25,3,True,mlp,0.14399999380111694,1.0,,
M2,314,101,2,25,3,True,categorical_subset,0.288,,0.128,3
M2,314,101,2,25,3,True,full_tuple_lookup,0.2,,0.0,4
M2,314,101,2,50,3,True,linear,0.20000000298023224,1.0,,
M2,314,101,2,50,3,True,mlp,0.1679999977350235,1.0,,
M2,314,101,2,50,3,True,categorical_subset,0.376,,0.232,3
M2,314,101,2,50,3,True,full_tuple_lookup,0.2,,0.0,4
M2,314,101,3,25,2,True,linear,0.17599999904632568,1.0,,
M2,314,101,3,25,2,True,mlp,0.20000000298023224,1.0,,
M2,314,101,3,25,2,True,categorical_subset,0.696,,0.648,2
M2,314,101,3,25,2,True,full_tuple_lookup,0.2,,0.0,4
M2,314,101,3,50,2,True,linear,0.18400000035762787,1.0,,
M2,314,101,3,50,2,True,mlp,0.14399999380111694,1.0,,
M2,314,101,3,50,2,True,categorical_subset,0.936,,0.936,2
M2,314,101,3,50,2,True,full_tuple_lookup,0.2,,0.0,4
M2,314,101,4,25,3,True,linear,0.14399999380111694,1.0,,
M2,314,101,4,25,3,True,mlp,0.1679999977350235,1.0,,
M2,314,101,4,25,3,True,categorical_subset,0.336,,0.144,3
M2,314,101,4,25,3,True,full_tuple_lookup,0.2,,0.0,4
M2,314,101,4,50,3,True,linear,0.14399999380111694,1.0,,
M2,314,101,4,50,3,True,mlp,0.13600000739097595,1.0,,
M2,314,101,4,50,3,True,categorical_subset,0.472,,0.312,3
M2,314,101,4,50,3,True,full_tuple_lookup,0.2,,0.0,4
M2,314,101,5,25,4,True,linear,0.20000000298023224,1.0,,
M2,314,101,5,25,4,True,mlp,0.13600000739097595,1.0,,
M2,314,101,5,25,4,True,categorical_subset,0.2,,0.0,4
M2,314,101,5,25,4,True,full_tuple_lookup,0.2,,0.0,4
M2,314,101,5,50,4,True,linear,0.18400000035762787,1.0,,
M2,314,101,5,50,4,True,mlp,0.1679999977350235,1.0,,
M2,314,101,5,50,4,True,categorical_subset,0.2,,0.0,4
M2,314,101,5,50,4,True,full_tuple_lookup,0.2,,0.0,4
M2,314,101,6,25,4,True,linear,0.18400000035762787,1.0,,
M2,314,101,6,25,4,True,mlp,0.20800000429153442,1.0,,
M2,314,101,6,25,4,True,categorical_subset,0.2,,0.0,4
M2,314,101,6,25,4,True,full_tuple_lookup,0.2,,0.0,4
M2,314,101,6,50,4,True,linear,0.14399999380111694,1.0,,
M2,314,101,6,50,4,True,mlp,0.1599999964237213,1.0,,
M2,314,101,6,50,4,True,categorical_subset,0.2,,0.0,4
M2,314,101,6,50,4,True,full_tuple_lookup,0.2,,0.0,4
M2,314,101,7,25,4,True,linear,0.20800000429153442,1.0,,
M2,314,101,7,25,4,True,mlp,0.19200000166893005,1.0,,
M2,314,101,7,25,4,True,categorical_subset,0.2,,0.0,4
M2,314,101,7,25,4,True,full_tuple_lookup,0.2,,0.0,4
M2,314,101,7,50,4,True,linear,0.23999999463558197,1.0,,
M2,314,101,7,50,4,True,mlp,0.18400000035762787,1.0,,
M2,314,101,7,50,4,True,categorical_subset,0.2,,0.0,4
M2,314,101,7,50,4,True,full_tuple_lookup,0.2,,0.0,4
random,593,17,0,25,,,linear,0.1679999977350235,1.0,,
random,593,17,0,25,,,mlp,0.13600000739097595,1.0,,
random,593,17,0,50,,,linear,0.15199999511241913,1.0,,
random,593,17,0,50,,,mlp,0.20000000298023224,1.0,,
random,593,17,1,25,,,linear,0.17599999904632568,1.0,,
random,593,17,1,25,,,mlp,0.18400000035762787,1.0,,
random,593,17,1,50,,,linear,0.14399999380111694,1.0,,
random,593,17,1,50,,,mlp,0.10400000214576721,1.0,,
random,593,17,2,25,,,linear,0.18400000035762787,1.0,,
random,593,17,2,25,,,mlp,0.12800000607967377,1.0,,
random,593,17,2,50,,,linear,0.12800000607967377,1.0,,
random,593,17,2,50,,,mlp,0.12800000607967377,1.0,,
random,593,17,3,25,,,linear,0.18400000035762787,1.0,,
random,593,17,3,25,,,mlp,0.1679999977350235,1.0,,
random,593,17,3,50,,,linear,0.17599999904632568,1.0,,
random,593,17,3,50,,,mlp,0.1599999964237213,1.0,,
random,593,17,4,25,,,linear,0.19200000166893005,1.0,,
random,593,17,4,25,,,mlp,0.17599999904632568,1.0,,
random,593,17,4,50,,,linear,0.14399999380111694,1.0,,
random,593,17,4,50,,,mlp,0.11999999731779099,1.0,,
random,593,17,5,25,,,linear,0.20000000298023224,1.0,,
random,593,17,5,25,,,mlp,0.20000000298023224,1.0,,
random,593,17,5,50,,,linear,0.17599999904632568,1.0,,
random,593,17,5,50,,,mlp,0.19200000166893005,1.0,,
random,593,17,6,25,,,linear,0.14399999380111694,1.0,,
random,593,17,6,25,,,mlp,0.17599999904632568,1.0,,
random,593,17,6,50,,,linear,0.1679999977350235,1.0,,
random,593,17,6,50,,,mlp,0.19200000166893005,1.0,,
random,593,17,7,25,,,linear,0.2240000069141388,1.0,,
random,593,17,7,25,,,mlp,0.18400000035762787,1.0,,
random,593,17,7,50,,,linear,0.20000000298023224,1.0,,
random,593,17,7,50,,,mlp,0.1599999964237213,1.0,,
P,593,17,0,25,3,True,linear,0.18400000035762787,1.0,,
P,593,17,0,25,3,True,mlp,0.23999999463558197,1.0,,
P,593,17,0,25,3,True,categorical_subset,0.344,,0.192,3
P,593,17,0,25,3,True,full_tuple_lookup,0.2,,0.0,4
P,593,17,0,50,3,True,linear,0.2160000056028366,1.0,,
P,593,17,0,50,3,True,mlp,0.23199999332427979,1.0,,
P,593,17,0,50,3,True,categorical_subset,0.448,,0.344,3
P,593,17,0,50,3,True,full_tuple_lookup,0.2,,0.0,4
P,593,17,1,25,3,True,linear,0.17599999904632568,1.0,,
P,593,17,1,25,3,True,mlp,0.18400000035762787,1.0,,
P,593,17,1,25,3,True,categorical_subset,0.28,,0.088,3
P,593,17,1,25,3,True,full_tuple_lookup,0.2,,0.0,4
P,593,17,1,50,3,True,linear,0.20800000429153442,1.0,,
P,593,17,1,50,3,True,mlp,0.17599999904632568,1.0,,
P,593,17,1,50,3,True,categorical_subset,0.392,,0.208,3
P,593,17,1,50,3,True,full_tuple_lookup,0.2,,0.0,4
P,593,17,2,25,2,True,linear,0.13600000739097595,1.0,,
P,593,17,2,25,2,True,mlp,0.19200000166893005,1.0,,
P,593,17,2,25,2,True,categorical_subset,0.76,,0.704,2
P,593,17,2,25,2,True,full_tuple_lookup,0.2,,0.0,4
P,593,17,2,50,2,True,linear,0.13600000739097595,1.0,,
P,593,17,2,50,2,True,mlp,0.17599999904632568,1.0,,
P,593,17,2,50,2,True,categorical_subset,0.904,,0.904,2
P,593,17,2,50,2,True,full_tuple_lookup,0.2,,0.0,4
P,593,17,3,25,3,True,linear,0.17599999904632568,1.0,,
P,593,17,3,25,3,True,mlp,0.20800000429153442,1.0,,
P,593,17,3,25,3,True,categorical_subset,0.344,,0.168,3
P,593,17,3,25,3,True,full_tuple_lookup,0.2,,0.0,4
P,593,17,3,50,3,True,linear,0.19200000166893005,1.0,,
P,593,17,3,50,3,True,mlp,0.17599999904632568,1.0,,
P,593,17,3,50,3,True,categorical_subset,0.464,,0.32,3
P,593,17,3,50,3,True,full_tuple_lookup,0.2,,0.0,4
P,593,17,4,25,4,True,linear,0.19200000166893005,1.0,,
P,593,17,4,25,4,True,mlp,0.1679999977350235,1.0,,
P,593,17,4,25,4,True,categorical_subset,0.168,,0.216,3
P,593,17,4,25,4,True,full_tuple_lookup,0.2,,0.0,4
P,593,17,4,50,4,True,linear,0.19200000166893005,1.0,,
P,593,17,4,50,4,True,mlp,0.17599999904632568,1.0,,
P,593,17,4,50,4,True,categorical_subset,0.2,,0.0,4
P,593,17,4,50,4,True,full_tuple_lookup,0.2,,0.0,4
P,593,17,5,25,3,True,linear,0.20800000429153442,1.0,,
P,593,17,5,25,3,True,mlp,0.19200000166893005,1.0,,
P,593,17,5,25,3,True,categorical_subset,0.288,,0.112,3
P,593,17,5,25,3,True,full_tuple_lookup,0.2,,0.0,4
P,593,17,5,50,3,True,linear,0.23199999332427979,1.0,,
P,593,17,5,50,3,True,mlp,0.2240000069141388,1.0,,
P,593,17,5,50,3,True,categorical_subset,0.448,,0.28,3
P,593,17,5,50,3,True,full_tuple_lookup,0.2,,0.0,4
P,593,17,6,25,3,True,linear,0.12800000607967377,1.0,,
P,593,17,6,25,3,True,mlp,0.14399999380111694,1.0,,
P,593,17,6,25,3,True,categorical_subset,0.344,,0.176,3
P,593,17,6,25,3,True,full_tuple_lookup,0.2,,0.0,4
P,593,17,6,50,3,True,linear,0.1599999964237213,1.0,,
P,593,17,6,50,3,True,mlp,0.15199999511241913,1.0,,
P,593,17,6,50,3,True,categorical_subset,0.416,,0.272,3
P,593,17,6,50,3,True,full_tuple_lookup,0.2,,0.0,4
P,593,17,7,25,3,True,linear,0.20000000298023224,1.0,,
P,593,17,7,25,3,True,mlp,0.2240000069141388,1.0,,
P,593,17,7,25,3,True,categorical_subset,0.344,,0.2,3
P,593,17,7,25,3,True,full_tuple_lookup,0.2,,0.0,4
P,593,17,7,50,3,True,linear,0.20000000298023224,1.0,,
P,593,17,7,50,3,True,mlp,0.2160000056028366,1.0,,
P,593,17,7,50,3,True,categorical_subset,0.472,,0.368,3
P,593,17,7,50,3,True,full_tuple_lookup,0.2,,0.0,4
M1,593,17,0,25,2,True,linear,0.18400000035762787,1.0,,
M1,593,17,0,25,2,True,mlp,0.18400000035762787,1.0,,
M1,593,17,0,25,2,True,categorical_subset,0.736,,0.656,2
M1,593,17,0,25,2,True,full_tuple_lookup,0.2,,0.0,4
M1,593,17,0,50,2,True,linear,0.17599999904632568,1.0,,
M1,593,17,0,50,2,True,mlp,0.17599999904632568,1.0,,
M1,593,17,0,50,2,True,categorical_subset,0.888,,0.864,2
M1,593,17,0,50,2,True,full_tuple_lookup,0.2,,0.0,4
M1,593,17,1,25,3,True,linear,0.14399999380111694,1.0,,
M1,593,17,1,25,3,True,mlp,0.1599999964237213,1.0,,
M1,593,17,1,25,3,True,categorical_subset,0.28,,0.088,3
M1,593,17,1,25,3,True,full_tuple_lookup,0.2,,0.0,4
M1,593,17,1,50,3,True,linear,0.19200000166893005,1.0,,
M1,593,17,1,50,3,True,mlp,0.1679999977350235,1.0,,
M1,593,17,1,50,3,True,categorical_subset,0.392,,0.208,3
M1,593,17,1,50,3,True,full_tuple_lookup,0.2,,0.0,4
M1,593,17,2,25,3,True,linear,0.23199999332427979,1.0,,
M1,593,17,2,25,3,True,mlp,0.20800000429153442,1.0,,
M1,593,17,2,25,3,True,categorical_subset,0.312,,0.16,3
M1,593,17,2,25,3,True,full_tuple_lookup,0.2,,0.0,4
M1,593,17,2,50,3,True,linear,0.2240000069141388,1.0,,
M1,593,17,2,50,3,True,mlp,0.17599999904632568,1.0,,
M1,593,17,2,50,3,True,categorical_subset,0.432,,0.304,3
M1,593,17,2,50,3,True,full_tuple_lookup,0.2,,0.0,4
M1,593,17,3,25,3,True,linear,0.20800000429153442,1.0,,
M1,593,17,3,25,3,True,mlp,0.25600001215934753,1.0,,
M1,593,17,3,25,3,True,categorical_subset,0.344,,0.168,3
M1,593,17,3,25,3,True,full_tuple_lookup,0.2,,0.0,4
M1,593,17,3,50,3,True,linear,0.24799999594688416,1.0,,
M1,593,17,3,50,3,True,mlp,0.2240000069141388,1.0,,
M1,593,17,3,50,3,True,categorical_subset,0.464,,0.32,3
M1,593,17,3,50,3,True,full_tuple_lookup,0.2,,0.0,4
M1,593,17,4,25,4,True,linear,0.20800000429153442,1.0,,
M1,593,17,4,25,4,True,mlp,0.18400000035762787,1.0,,
M1,593,17,4,25,4,True,categorical_subset,0.168,,0.216,3
M1,593,17,4,25,4,True,full_tuple_lookup,0.2,,0.0,4
M1,593,17,4,50,4,True,linear,0.17599999904632568,1.0,,
M1,593,17,4,50,4,True,mlp,0.11999999731779099,1.0,,
M1,593,17,4,50,4,True,categorical_subset,0.2,,0.0,4
M1,593,17,4,50,4,True,full_tuple_lookup,0.2,,0.0,4
M1,593,17,5,25,4,True,linear,0.18400000035762787,1.0,,
M1,593,17,5,25,4,True,mlp,0.11999999731779099,1.0,,
M1,593,17,5,25,4,True,categorical_subset,0.184,,0.216,3
M1,593,17,5,25,4,True,full_tuple_lookup,0.2,,0.0,4
M1,593,17,5,50,4,True,linear,0.14399999380111694,1.0,,
M1,593,17,5,50,4,True,mlp,0.14399999380111694,1.0,,
M1,593,17,5,50,4,True,categorical_subset,0.2,,0.0,4
M1,593,17,5,50,4,True,full_tuple_lookup,0.2,,0.0,4
M1,593,17,6,25,4,True,linear,0.20800000429153442,1.0,,
M1,593,17,6,25,4,True,mlp,0.2160000056028366,1.0,,
M1,593,17,6,25,4,True,categorical_subset,0.2,,0.0,4
M1,593,17,6,25,4,True,full_tuple_lookup,0.2,,0.0,4
M1,593,17,6,50,4,True,linear,0.2160000056028366,1.0,,
M1,593,17,6,50,4,True,mlp,0.19200000166893005,1.0,,
M1,593,17,6,50,4,True,categorical_subset,0.2,,0.0,4
M1,593,17,6,50,4,True,full_tuple_lookup,0.2,,0.0,4
M1,593,17,7,25,4,True,linear,0.2639999985694885,1.0,,
M1,593,17,7,25,4,True,mlp,0.20000000298023224,1.0,,
M1,593,17,7,25,4,True,categorical_subset,0.2,,0.0,4
M1,593,17,7,25,4,True,full_tuple_lookup,0.2,,0.0,4
M1,593,17,7,50,4,True,linear,0.15199999511241913,1.0,,
M1,593,17,7,50,4,True,mlp,0.17599999904632568,1.0,,
M1,593,17,7,50,4,True,categorical_subset,0.2,,0.0,4
M1,593,17,7,50,4,True,full_tuple_lookup,0.2,,0.0,4
M2,593,17,0,25,3,True,linear,0.19200000166893005,1.0,,
M2,593,17,0,25,3,True,mlp,0.19200000166893005,1.0,,
M2,593,17,0,25,3,True,categorical_subset,0.344,,0.192,3
M2,593,17,0,25,3,True,full_tuple_lookup,0.2,,0.0,4
M2,593,17,0,50,3,True,linear,0.18400000035762787,1.0,,
M2,593,17,0,50,3,True,mlp,0.20800000429153442,1.0,,
M2,593,17,0,50,3,True,categorical_subset,0.448,,0.344,3
M2,593,17,0,50,3,True,full_tuple_lookup,0.2,,0.0,4
M2,593,17,1,25,2,True,linear,0.1679999977350235,1.0,,
M2,593,17,1,25,2,True,mlp,0.19200000166893005,1.0,,
M2,593,17,1,25,2,True,categorical_subset,0.672,,0.592,2
M2,593,17,1,25,2,True,full_tuple_lookup,0.2,,0.0,4
M2,593,17,1,50,2,True,linear,0.1599999964237213,1.0,,
M2,593,17,1,50,2,True,mlp,0.1599999964237213,1.0,,
M2,593,17,1,50,2,True,categorical_subset,0.864,,0.864,2
M2,593,17,1,50,2,True,full_tuple_lookup,0.2,,0.0,4
M2,593,17,2,25,3,True,linear,0.13600000739097595,1.0,,
M2,593,17,2,25,3,True,mlp,0.1679999977350235,1.0,,
M2,593,17,2,25,3,True,categorical_subset,0.312,,0.16,3
M2,593,17,2,25,3,True,full_tuple_lookup,0.2,,0.0,4
M2,593,17,2,50,3,True,linear,0.12800000607967377,1.0,,
M2,593,17,2,50,3,True,mlp,0.17599999904632568,1.0,,
M2,593,17,2,50,3,True,categorical_subset,0.432,,0.304,3
M2,593,17,2,50,3,True,full_tuple_lookup,0.2,,0.0,4
M2,593,17,3,25,2,True,linear,0.2160000056028366,1.0,,
M2,593,17,3,25,2,True,mlp,0.2240000069141388,1.0,,
M2,593,17,3,25,2,True,categorical_subset,0.72,,0.68,2
M2,593,17,3,25,2,True,full_tuple_lookup,0.2,,0.0,4
M2,593,17,3,50,2,True,linear,0.2160000056028366,1.0,,
M2,593,17,3,50,2,True,mlp,0.2160000056028366,1.0,,
M2,593,17,3,50,2,True,categorical_subset,0.92,,0.92,2
M2,593,17,3,50,2,True,full_tuple_lookup,0.2,,0.0,4
M2,593,17,4,25,3,True,linear,0.19200000166893005,1.0,,
M2,593,17,4,25,3,True,mlp,0.18400000035762787,1.0,,
M2,593,17,4,25,3,True,categorical_subset,0.168,,0.216,3
M2,593,17,4,25,3,True,full_tuple_lookup,0.2,,0.0,4
M2,593,17,4,50,3,True,linear,0.18400000035762787,1.0,,
M2,593,17,4,50,3,True,mlp,0.17599999904632568,1.0,,
M2,593,17,4,50,3,True,categorical_subset,0.376,,0.248,3
M2,593,17,4,50,3,True,full_tuple_lookup,0.2,,0.0,4
M2,593,17,5,25,4,True,linear,0.19200000166893005,1.0,,
M2,593,17,5,25,4,True,mlp,0.17599999904632568,1.0,,
M2,593,17,5,25,4,True,categorical_subset,0.184,,0.216,3
M2,593,17,5,25,4,True,full_tuple_lookup,0.2,,0.0,4
M2,593,17,5,50,4,True,linear,0.19200000166893005,1.0,,
M2,593,17,5,50,4,True,mlp,0.14399999380111694,1.0,,
M2,593,17,5,50,4,True,categorical_subset,0.2,,0.0,4
M2,593,17,5,50,4,True,full_tuple_lookup,0.2,,0.0,4
M2,593,17,6,25,4,True,linear,0.1679999977350235,1.0,,
M2,593,17,6,25,4,True,mlp,0.18400000035762787,1.0,,
M2,593,17,6,25,4,True,categorical_subset,0.2,,0.0,4
M2,593,17,6,25,4,True,full_tuple_lookup,0.2,,0.0,4
M2,593,17,6,50,4,True,linear,0.10400000214576721,1.0,,
M2,593,17,6,50,4,True,mlp,0.14399999380111694,1.0,,
M2,593,17,6,50,4,True,categorical_subset,0.2,,0.0,4
M2,593,17,6,50,4,True,full_tuple_lookup,0.2,,0.0,4
M2,593,17,7,25,4,True,linear,0.23199999332427979,1.0,,
M2,593,17,7,25,4,True,mlp,0.20000000298023224,1.0,,
M2,593,17,7,25,4,True,categorical_subset,0.2,,0.0,4
M2,593,17,7,25,4,True,full_tuple_lookup,0.2,,0.0,4
M2,593,17,7,50,4,True,linear,0.11999999731779099,1.0,,
M2,593,17,7,50,4,True,mlp,0.1120000034570694,1.0,,
M2,593,17,7,50,4,True,categorical_subset,0.2,,0.0,4
M2,593,17,7,50,4,True,full_tuple_lookup,0.2,,0.0,4
random,593,42,0,25,,,linear,0.14399999380111694,1.0,,
random,593,42,0,25,,,mlp,0.11999999731779099,1.0,,
random,593,42,0,50,,,linear,0.1679999977350235,1.0,,
random,593,42,0,50,,,mlp,0.20000000298023224,1.0,,
random,593,42,1,25,,,linear,0.1599999964237213,1.0,,
random,593,42,1,25,,,mlp,0.1599999964237213,1.0,,
random,593,42,1,50,,,linear,0.14399999380111694,1.0,,
random,593,42,1,50,,,mlp,0.1599999964237213,1.0,,
random,593,42,2,25,,,linear,0.13600000739097595,1.0,,
random,593,42,2,25,,,mlp,0.1120000034570694,1.0,,
random,593,42,2,50,,,linear,0.13600000739097595,1.0,,
random,593,42,2,50,,,mlp,0.12800000607967377,1.0,,
random,593,42,3,25,,,linear,0.20800000429153442,1.0,,
random,593,42,3,25,,,mlp,0.1679999977350235,1.0,,
random,593,42,3,50,,,linear,0.18400000035762787,1.0,,
random,593,42,3,50,,,mlp,0.11999999731779099,1.0,,
random,593,42,4,25,,,linear,0.15199999511241913,1.0,,
random,593,42,4,25,,,mlp,0.20000000298023224,1.0,,
random,593,42,4,50,,,linear,0.10400000214576721,1.0,,
random,593,42,4,50,,,mlp,0.15199999511241913,1.0,,
random,593,42,5,25,,,linear,0.13600000739097595,1.0,,
random,593,42,5,25,,,mlp,0.17599999904632568,1.0,,
random,593,42,5,50,,,linear,0.23199999332427979,1.0,,
random,593,42,5,50,,,mlp,0.1599999964237213,1.0,,
random,593,42,6,25,,,linear,0.1599999964237213,1.0,,
random,593,42,6,25,,,mlp,0.17599999904632568,1.0,,
random,593,42,6,50,,,linear,0.1679999977350235,1.0,,
random,593,42,6,50,,,mlp,0.19200000166893005,1.0,,
random,593,42,7,25,,,linear,0.2160000056028366,1.0,,
random,593,42,7,25,,,mlp,0.17599999904632568,1.0,,
random,593,42,7,50,,,linear,0.18400000035762787,1.0,,
random,593,42,7,50,,,mlp,0.1599999964237213,1.0,,
P,593,42,0,25,3,True,linear,0.18400000035762787,1.0,,
P,593,42,0,25,3,True,mlp,0.24799999594688416,1.0,,
P,593,42,0,25,3,True,categorical_subset,0.344,,0.192,3
P,593,42,0,25,3,True,full_tuple_lookup,0.2,,0.0,4
P,593,42,0,50,3,True,linear,0.24799999594688416,1.0,,
P,593,42,0,50,3,True,mlp,0.24799999594688416,1.0,,
P,593,42,0,50,3,True,categorical_subset,0.448,,0.344,3
P,593,42,0,50,3,True,full_tuple_lookup,0.2,,0.0,4
P,593,42,1,25,3,True,linear,0.1599999964237213,1.0,,
P,593,42,1,25,3,True,mlp,0.1679999977350235,1.0,,
P,593,42,1,25,3,True,categorical_subset,0.28,,0.088,3
P,593,42,1,25,3,True,full_tuple_lookup,0.2,,0.0,4
P,593,42,1,50,3,True,linear,0.12800000607967377,1.0,,
P,593,42,1,50,3,True,mlp,0.1679999977350235,1.0,,
P,593,42,1,50,3,True,categorical_subset,0.392,,0.208,3
P,593,42,1,50,3,True,full_tuple_lookup,0.2,,0.0,4
P,593,42,2,25,2,True,linear,0.2160000056028366,1.0,,
P,593,42,2,25,2,True,mlp,0.2240000069141388,1.0,,
P,593,42,2,25,2,True,categorical_subset,0.76,,0.704,2
P,593,42,2,25,2,True,full_tuple_lookup,0.2,,0.0,4
P,593,42,2,50,2,True,linear,0.1679999977350235,1.0,,
P,593,42,2,50,2,True,mlp,0.15199999511241913,1.0,,
P,593,42,2,50,2,True,categorical_subset,0.904,,0.904,2
P,593,42,2,50,2,True,full_tuple_lookup,0.2,,0.0,4
P,593,42,3,25,3,True,linear,0.2160000056028366,1.0,,
P,593,42,3,25,3,True,mlp,0.2240000069141388,1.0,,
P,593,42,3,25,3,True,categorical_subset,0.344,,0.168,3
P,593,42,3,25,3,True,full_tuple_lookup,0.2,,0.0,4
P,593,42,3,50,3,True,linear,0.17599999904632568,1.0,,
P,593,42,3,50,3,True,mlp,0.20800000429153442,1.0,,
P,593,42,3,50,3,True,categorical_subset,0.464,,0.32,3
P,593,42,3,50,3,True,full_tuple_lookup,0.2,,0.0,4
P,593,42,4,25,4,True,linear,0.17599999904632568,1.0,,
P,593,42,4,25,4,True,mlp,0.15199999511241913,1.0,,
P,593,42,4,25,4,True,categorical_subset,0.168,,0.216,3
P,593,42,4,25,4,True,full_tuple_lookup,0.2,,0.0,4
P,593,42,4,50,4,True,linear,0.1599999964237213,1.0,,
P,593,42,4,50,4,True,mlp,0.1679999977350235,1.0,,
P,593,42,4,50,4,True,categorical_subset,0.2,,0.0,4
P,593,42,4,50,4,True,full_tuple_lookup,0.2,,0.0,4
P,593,42,5,25,3,True,linear,0.18400000035762787,1.0,,
P,593,42,5,25,3,True,mlp,0.1679999977350235,1.0,,
P,593,42,5,25,3,True,categorical_subset,0.288,,0.112,3
P,593,42,5,25,3,True,full_tuple_lookup,0.2,,0.0,4
P,593,42,5,50,3,True,linear,0.2240000069141388,1.0,,
P,593,42,5,50,3,True,mlp,0.19200000166893005,1.0,,
P,593,42,5,50,3,True,categorical_subset,0.448,,0.28,3
P,593,42,5,50,3,True,full_tuple_lookup,0.2,,0.0,4
P,593,42,6,25,3,True,linear,0.23999999463558197,1.0,,
P,593,42,6,25,3,True,mlp,0.2160000056028366,1.0,,
P,593,42,6,25,3,True,categorical_subset,0.344,,0.176,3
P,593,42,6,25,3,True,full_tuple_lookup,0.2,,0.0,4
P,593,42,6,50,3,True,linear,0.19200000166893005,1.0,,
P,593,42,6,50,3,True,mlp,0.17599999904632568,1.0,,
P,593,42,6,50,3,True,categorical_subset,0.416,,0.272,3
P,593,42,6,50,3,True,full_tuple_lookup,0.2,,0.0,4
P,593,42,7,25,3,True,linear,0.2160000056028366,1.0,,
P,593,42,7,25,3,True,mlp,0.18400000035762787,1.0,,
P,593,42,7,25,3,True,categorical_subset,0.344,,0.2,3
P,593,42,7,25,3,True,full_tuple_lookup,0.2,,0.0,4
P,593,42,7,50,3,True,linear,0.20000000298023224,1.0,,
P,593,42,7,50,3,True,mlp,0.1599999964237213,1.0,,
P,593,42,7,50,3,True,categorical_subset,0.472,,0.368,3
P,593,42,7,50,3,True,full_tuple_lookup,0.2,,0.0,4
M1,593,42,0,25,2,True,linear,0.1679999977350235,1.0,,
M1,593,42,0,25,2,True,mlp,0.1679999977350235,1.0,,
M1,593,42,0,25,2,True,categorical_subset,0.736,,0.656,2
M1,593,42,0,25,2,True,full_tuple_lookup,0.2,,0.0,4
M1,593,42,0,50,2,True,linear,0.1679999977350235,1.0,,
M1,593,42,0,50,2,True,mlp,0.2160000056028366,1.0,,
M1,593,42,0,50,2,True,categorical_subset,0.888,,0.864,2
M1,593,42,0,50,2,True,full_tuple_lookup,0.2,,0.0,4
M1,593,42,1,25,3,True,linear,0.15199999511241913,1.0,,
M1,593,42,1,25,3,True,mlp,0.2160000056028366,1.0,,
M1,593,42,1,25,3,True,categorical_subset,0.28,,0.088,3
M1,593,42,1,25,3,True,full_tuple_lookup,0.2,,0.0,4
M1,593,42,1,50,3,True,linear,0.1679999977350235,1.0,,
M1,593,42,1,50,3,True,mlp,0.17599999904632568,1.0,,
M1,593,42,1,50,3,True,categorical_subset,0.392,,0.208,3
M1,593,42,1,50,3,True,full_tuple_lookup,0.2,,0.0,4
M1,593,42,2,25,3,True,linear,0.2879999876022339,1.0,,
M1,593,42,2,25,3,True,mlp,0.2240000069141388,1.0,,
M1,593,42,2,25,3,True,categorical_subset,0.312,,0.16,3
M1,593,42,2,25,3,True,full_tuple_lookup,0.2,,0.0,4
M1,593,42,2,50,3,True,linear,0.23999999463558197,1.0,,
M1,593,42,2,50,3,True,mlp,0.1679999977350235,1.0,,
M1,593,42,2,50,3,True,categorical_subset,0.432,,0.304,3
M1,593,42,2,50,3,True,full_tuple_lookup,0.2,,0.0,4
M1,593,42,3,25,3,True,linear,0.2639999985694885,1.0,,
M1,593,42,3,25,3,True,mlp,0.20000000298023224,1.0,,
M1,593,42,3,25,3,True,categorical_subset,0.344,,0.168,3
M1,593,42,3,25,3,True,full_tuple_lookup,0.2,,0.0,4
M1,593,42,3,50,3,True,linear,0.24799999594688416,1.0,,
M1,593,42,3,50,3,True,mlp,0.20800000429153442,1.0,,
M1,593,42,3,50,3,True,categorical_subset,0.464,,0.32,3
M1,593,42,3,50,3,True,full_tuple_lookup,0.2,,0.0,4
M1,593,42,4,25,4,True,linear,0.20800000429153442,1.0,,
M1,593,42,4,25,4,True,mlp,0.18400000035762787,1.0,,
M1,593,42,4,25,4,True,categorical_subset,0.168,,0.216,3
M1,593,42,4,25,4,True,full_tuple_lookup,0.2,,0.0,4
M1,593,42,4,50,4,True,linear,0.2160000056028366,1.0,,
M1,593,42,4,50,4,True,mlp,0.20800000429153442,1.0,,
M1,593,42,4,50,4,True,categorical_subset,0.2,,0.0,4
M1,593,42,4,50,4,True,full_tuple_lookup,0.2,,0.0,4
M1,593,42,5,25,4,True,linear,0.24799999594688416,1.0,,
M1,593,42,5,25,4,True,mlp,0.20800000429153442,1.0,,
M1,593,42,5,25,4,True,categorical_subset,0.184,,0.216,3
M1,593,42,5,25,4,True,full_tuple_lookup,0.2,,0.0,4
M1,593,42,5,50,4,True,linear,0.18400000035762787,1.0,,
M1,593,42,5,50,4,True,mlp,0.2160000056028366,1.0,,
M1,593,42,5,50,4,True,categorical_subset,0.2,,0.0,4
M1,593,42,5,50,4,True,full_tuple_lookup,0.2,,0.0,4
M1,593,42,6,25,4,True,linear,0.15199999511241913,1.0,,
M1,593,42,6,25,4,True,mlp,0.19200000166893005,1.0,,
M1,593,42,6,25,4,True,categorical_subset,0.2,,0.0,4
M1,593,42,6,25,4,True,full_tuple_lookup,0.2,,0.0,4
M1,593,42,6,50,4,True,linear,0.14399999380111694,1.0,,
M1,593,42,6,50,4,True,mlp,0.18400000035762787,1.0,,
M1,593,42,6,50,4,True,categorical_subset,0.2,,0.0,4
M1,593,42,6,50,4,True,full_tuple_lookup,0.2,,0.0,4
M1,593,42,7,25,4,True,linear,0.23199999332427979,1.0,,
M1,593,42,7,25,4,True,mlp,0.23199999332427979,1.0,,
M1,593,42,7,25,4,True,categorical_subset,0.2,,0.0,4
M1,593,42,7,25,4,True,full_tuple_lookup,0.2,,0.0,4
M1,593,42,7,50,4,True,linear,0.1679999977350235,1.0,,
M1,593,42,7,50,4,True,mlp,0.1679999977350235,1.0,,
M1,593,42,7,50,4,True,categorical_subset,0.2,,0.0,4
M1,593,42,7,50,4,True,full_tuple_lookup,0.2,,0.0,4
M2,593,42,0,25,3,True,linear,0.2160000056028366,1.0,,
M2,593,42,0,25,3,True,mlp,0.23199999332427979,1.0,,
M2,593,42,0,25,3,True,categorical_subset,0.344,,0.192,3
M2,593,42,0,25,3,True,full_tuple_lookup,0.2,,0.0,4
M2,593,42,0,50,3,True,linear,0.1599999964237213,1.0,,
M2,593,42,0,50,3,True,mlp,0.13600000739097595,1.0,,
M2,593,42,0,50,3,True,categorical_subset,0.448,,0.344,3
M2,593,42,0,50,3,True,full_tuple_lookup,0.2,,0.0,4
M2,593,42,1,25,2,True,linear,0.23199999332427979,1.0,,
M2,593,42,1,25,2,True,mlp,0.2240000069141388,1.0,,
M2,593,42,1,25,2,True,categorical_subset,0.672,,0.592,2
M2,593,42,1,25,2,True,full_tuple_lookup,0.2,,0.0,4
M2,593,42,1,50,2,True,linear,0.20000000298023224,1.0,,
M2,593,42,1,50,2,True,mlp,0.20800000429153442,1.0,,
M2,593,42,1,50,2,True,categorical_subset,0.864,,0.864,2
M2,593,42,1,50,2,True,full_tuple_lookup,0.2,,0.0,4
M2,593,42,2,25,3,True,linear,0.18400000035762787,1.0,,
M2,593,42,2,25,3,True,mlp,0.1599999964237213,1.0,,
M2,593,42,2,25,3,True,categorical_subset,0.312,,0.16,3
M2,593,42,2,25,3,True,full_tuple_lookup,0.2,,0.0,4
M2,593,42,2,50,3,True,linear,0.19200000166893005,1.0,,
M2,593,42,2,50,3,True,mlp,0.1679999977350235,1.0,,
M2,593,42,2,50,3,True,categorical_subset,0.432,,0.304,3
M2,593,42,2,50,3,True,full_tuple_lookup,0.2,,0.0,4
M2,593,42,3,25,2,True,linear,0.20000000298023224,1.0,,
M2,593,42,3,25,2,True,mlp,0.20800000429153442,1.0,,
M2,593,42,3,25,2,True,categorical_subset,0.72,,0.68,2
M2,593,42,3,25,2,True,full_tuple_lookup,0.2,,0.0,4
M2,593,42,3,50,2,True,linear,0.2240000069141388,1.0,,
M2,593,42,3,50,2,True,mlp,0.2240000069141388,1.0,,
M2,593,42,3,50,2,True,categorical_subset,0.92,,0.92,2
M2,593,42,3,50,2,True,full_tuple_lookup,0.2,,0.0,4
M2,593,42,4,25,3,True,linear,0.18400000035762787,1.0,,
M2,593,42,4,25,3,True,mlp,0.17599999904632568,1.0,,
M2,593,42,4,25,3,True,categorical_subset,0.168,,0.216,3
M2,593,42,4,25,3,True,full_tuple_lookup,0.2,,0.0,4
M2,593,42,4,50,3,True,linear,0.2160000056028366,1.0,,
M2,593,42,4,50,3,True,mlp,0.23999999463558197,1.0,,
M2,593,42,4,50,3,True,categorical_subset,0.376,,0.248,3
M2,593,42,4,50,3,True,full_tuple_lookup,0.2,,0.0,4
M2,593,42,5,25,4,True,linear,0.17599999904632568,1.0,,
M2,593,42,5,25,4,True,mlp,0.1120000034570694,1.0,,
M2,593,42,5,25,4,True,categorical_subset,0.184,,0.216,3
M2,593,42,5,25,4,True,full_tuple_lookup,0.2,,0.0,4
M2,593,42,5,50,4,True,linear,0.13600000739097595,1.0,,
M2,593,42,5,50,4,True,mlp,0.12800000607967377,1.0,,
M2,593,42,5,50,4,True,categorical_subset,0.2,,0.0,4
M2,593,42,5,50,4,True,full_tuple_lookup,0.2,,0.0,4
M2,593,42,6,25,4,True,linear,0.13600000739097595,1.0,,
M2,593,42,6,25,4,True,mlp,0.1120000034570694,1.0,,
M2,593,42,6,25,4,True,categorical_subset,0.2,,0.0,4
M2,593,42,6,25,4,True,full_tuple_lookup,0.2,,0.0,4
M2,593,42,6,50,4,True,linear,0.12800000607967377,1.0,,
M2,593,42,6,50,4,True,mlp,0.12800000607967377,1.0,,
M2,593,42,6,50,4,True,categorical_subset,0.2,,0.0,4
M2,593,42,6,50,4,True,full_tuple_lookup,0.2,,0.0,4
M2,593,42,7,25,4,True,linear,0.1599999964237213,1.0,,
M2,593,42,7,25,4,True,mlp,0.15199999511241913,1.0,,
M2,593,42,7,25,4,True,categorical_subset,0.2,,0.0,4
M2,593,42,7,25,4,True,full_tuple_lookup,0.2,,0.0,4
M2,593,42,7,50,4,True,linear,0.1679999977350235,1.0,,
M2,593,42,7,50,4,True,mlp,0.14399999380111694,1.0,,
M2,593,42,7,50,4,True,categorical_subset,0.2,,0.0,4
M2,593,42,7,50,4,True,full_tuple_lookup,0.2,,0.0,4
random,593,101,0,25,,,linear,0.1679999977350235,1.0,,
random,593,101,0,25,,,mlp,0.1599999964237213,1.0,,
random,593,101,0,50,,,linear,0.17599999904632568,1.0,,
random,593,101,0,50,,,mlp,0.15199999511241913,1.0,,
random,593,101,1,25,,,linear,0.17599999904632568,1.0,,
random,593,101,1,25,,,mlp,0.1679999977350235,1.0,,
random,593,101,1,50,,,linear,0.17599999904632568,1.0,,
random,593,101,1,50,,,mlp,0.15199999511241913,1.0,,
random,593,101,2,25,,,linear,0.13600000739097595,1.0,,
random,593,101,2,25,,,mlp,0.11999999731779099,1.0,,
random,593,101,2,50,,,linear,0.1599999964237213,1.0,,
random,593,101,2,50,,,mlp,0.14399999380111694,1.0,,
random,593,101,3,25,,,linear,0.19200000166893005,1.0,,
random,593,101,3,25,,,mlp,0.15199999511241913,1.0,,
random,593,101,3,50,,,linear,0.1599999964237213,1.0,,
random,593,101,3,50,,,mlp,0.1599999964237213,1.0,,
random,593,101,4,25,,,linear,0.1599999964237213,1.0,,
random,593,101,4,25,,,mlp,0.17599999904632568,1.0,,
random,593,101,4,50,,,linear,0.12800000607967377,1.0,,
random,593,101,4,50,,,mlp,0.1679999977350235,1.0,,
random,593,101,5,25,,,linear,0.14399999380111694,1.0,,
random,593,101,5,25,,,mlp,0.13600000739097595,1.0,,
random,593,101,5,50,,,linear,0.1599999964237213,1.0,,
random,593,101,5,50,,,mlp,0.20000000298023224,1.0,,
random,593,101,6,25,,,linear,0.19200000166893005,1.0,,
random,593,101,6,25,,,mlp,0.1599999964237213,1.0,,
random,593,101,6,50,,,linear,0.15199999511241913,1.0,,
random,593,101,6,50,,,mlp,0.1679999977350235,1.0,,
random,593,101,7,25,,,linear,0.20000000298023224,1.0,,
random,593,101,7,25,,,mlp,0.19200000166893005,1.0,,
random,593,101,7,50,,,linear,0.14399999380111694,1.0,,
random,593,101,7,50,,,mlp,0.11999999731779099,1.0,,
P,593,101,0,25,3,True,linear,0.20800000429153442,1.0,,
P,593,101,0,25,3,True,mlp,0.2160000056028366,1.0,,
P,593,101,0,25,3,True,categorical_subset,0.344,,0.192,3
P,593,101,0,25,3,True,full_tuple_lookup,0.2,,0.0,4
P,593,101,0,50,3,True,linear,0.2240000069141388,1.0,,
P,593,101,0,50,3,True,mlp,0.18400000035762787,1.0,,
P,593,101,0,50,3,True,categorical_subset,0.448,,0.344,3
P,593,101,0,50,3,True,full_tuple_lookup,0.2,,0.0,4
P,593,101,1,25,3,True,linear,0.17599999904632568,1.0,,
P,593,101,1,25,3,True,mlp,0.19200000166893005,1.0,,
P,593,101,1,25,3,True,categorical_subset,0.28,,0.088,3
P,593,101,1,25,3,True,full_tuple_lookup,0.2,,0.0,4
P,593,101,1,50,3,True,linear,0.17599999904632568,1.0,,
P,593,101,1,50,3,True,mlp,0.2240000069141388,1.0,,
P,593,101,1,50,3,True,categorical_subset,0.392,,0.208,3
P,593,101,1,50,3,True,full_tuple_lookup,0.2,,0.0,4
P,593,101,2,25,2,True,linear,0.23999999463558197,1.0,,
P,593,101,2,25,2,True,mlp,0.2639999985694885,1.0,,
P,593,101,2,25,2,True,categorical_subset,0.76,,0.704,2
P,593,101,2,25,2,True,full_tuple_lookup,0.2,,0.0,4
P,593,101,2,50,2,True,linear,0.24799999594688416,1.0,,
P,593,101,2,50,2,True,mlp,0.25600001215934753,1.0,,
P,593,101,2,50,2,True,categorical_subset,0.904,,0.904,2
P,593,101,2,50,2,True,full_tuple_lookup,0.2,,0.0,4
P,593,101,3,25,3,True,linear,0.2240000069141388,1.0,,
P,593,101,3,25,3,True,mlp,0.20000000298023224,1.0,,
P,593,101,3,25,3,True,categorical_subset,0.344,,0.168,3
P,593,101,3,25,3,True,full_tuple_lookup,0.2,,0.0,4
P,593,101,3,50,3,True,linear,0.25600001215934753,1.0,,
P,593,101,3,50,3,True,mlp,0.2879999876022339,1.0,,
P,593,101,3,50,3,True,categorical_subset,0.464,,0.32,3
P,593,101,3,50,3,True,full_tuple_lookup,0.2,,0.0,4
P,593,101,4,25,4,True,linear,0.1599999964237213,1.0,,
P,593,101,4,25,4,True,mlp,0.11999999731779099,1.0,,
P,593,101,4,25,4,True,categorical_subset,0.168,,0.216,3
P,593,101,4,25,4,True,full_tuple_lookup,0.2,,0.0,4
P,593,101,4,50,4,True,linear,0.1599999964237213,1.0,,
P,593,101,4,50,4,True,mlp,0.17599999904632568,1.0,,
P,593,101,4,50,4,True,categorical_subset,0.2,,0.0,4
P,593,101,4,50,4,True,full_tuple_lookup,0.2,,0.0,4
P,593,101,5,25,3,True,linear,0.1679999977350235,1.0,,
P,593,101,5,25,3,True,mlp,0.15199999511241913,1.0,,
P,593,101,5,25,3,True,categorical_subset,0.288,,0.112,3
P,593,101,5,25,3,True,full_tuple_lookup,0.2,,0.0,4
P,593,101,5,50,3,True,linear,0.15199999511241913,1.0,,
P,593,101,5,50,3,True,mlp,0.12800000607967377,1.0,,
P,593,101,5,50,3,True,categorical_subset,0.448,,0.28,3
P,593,101,5,50,3,True,full_tuple_lookup,0.2,,0.0,4
P,593,101,6,25,3,True,linear,0.19200000166893005,1.0,,
P,593,101,6,25,3,True,mlp,0.19200000166893005,1.0,,
P,593,101,6,25,3,True,categorical_subset,0.344,,0.176,3
P,593,101,6,25,3,True,full_tuple_lookup,0.2,,0.0,4
P,593,101,6,50,3,True,linear,0.1679999977350235,1.0,,
P,593,101,6,50,3,True,mlp,0.14399999380111694,1.0,,
P,593,101,6,50,3,True,categorical_subset,0.416,,0.272,3
P,593,101,6,50,3,True,full_tuple_lookup,0.2,,0.0,4
P,593,101,7,25,3,True,linear,0.15199999511241913,1.0,,
P,593,101,7,25,3,True,mlp,0.19200000166893005,1.0,,
P,593,101,7,25,3,True,categorical_subset,0.344,,0.2,3
P,593,101,7,25,3,True,full_tuple_lookup,0.2,,0.0,4
P,593,101,7,50,3,True,linear,0.17599999904632568,1.0,,
P,593,101,7,50,3,True,mlp,0.20000000298023224,1.0,,
P,593,101,7,50,3,True,categorical_subset,0.472,,0.368,3
P,593,101,7,50,3,True,full_tuple_lookup,0.2,,0.0,4
M1,593,101,0,25,2,True,linear,0.2160000056028366,1.0,,
M1,593,101,0,25,2,True,mlp,0.24799999594688416,1.0,,
M1,593,101,0,25,2,True,categorical_subset,0.736,,0.656,2
M1,593,101,0,25,2,True,full_tuple_lookup,0.2,,0.0,4
M1,593,101,0,50,2,True,linear,0.20800000429153442,1.0,,
M1,593,101,0,50,2,True,mlp,0.24799999594688416,1.0,,
M1,593,101,0,50,2,True,categorical_subset,0.888,,0.864,2
M1,593,101,0,50,2,True,full_tuple_lookup,0.2,,0.0,4
M1,593,101,1,25,3,True,linear,0.1679999977350235,1.0,,
M1,593,101,1,25,3,True,mlp,0.1679999977350235,1.0,,
M1,593,101,1,25,3,True,categorical_subset,0.28,,0.088,3
M1,593,101,1,25,3,True,full_tuple_lookup,0.2,,0.0,4
M1,593,101,1,50,3,True,linear,0.17599999904632568,1.0,,
M1,593,101,1,50,3,True,mlp,0.17599999904632568,1.0,,
M1,593,101,1,50,3,True,categorical_subset,0.392,,0.208,3
M1,593,101,1,50,3,True,full_tuple_lookup,0.2,,0.0,4
M1,593,101,2,25,3,True,linear,0.1679999977350235,1.0,,
M1,593,101,2,25,3,True,mlp,0.19200000166893005,1.0,,
M1,593,101,2,25,3,True,categorical_subset,0.312,,0.16,3
M1,593,101,2,25,3,True,full_tuple_lookup,0.2,,0.0,4
M1,593,101,2,50,3,True,linear,0.1599999964237213,1.0,,
M1,593,101,2,50,3,True,mlp,0.15199999511241913,1.0,,
M1,593,101,2,50,3,True,categorical_subset,0.432,,0.304,3
M1,593,101,2,50,3,True,full_tuple_lookup,0.2,,0.0,4
M1,593,101,3,25,3,True,linear,0.17599999904632568,1.0,,
M1,593,101,3,25,3,True,mlp,0.1679999977350235,1.0,,
M1,593,101,3,25,3,True,categorical_subset,0.344,,0.168,3
M1,593,101,3,25,3,True,full_tuple_lookup,0.2,,0.0,4
M1,593,101,3,50,3,True,linear,0.1599999964237213,1.0,,
M1,593,101,3,50,3,True,mlp,0.17599999904632568,1.0,,
M1,593,101,3,50,3,True,categorical_subset,0.464,,0.32,3
M1,593,101,3,50,3,True,full_tuple_lookup,0.2,,0.0,4
M1,593,101,4,25,4,True,linear,0.17599999904632568,1.0,,
M1,593,101,4,25,4,True,mlp,0.20000000298023224,1.0,,
M1,593,101,4,25,4,True,categorical_subset,0.168,,0.216,3
M1,593,101,4,25,4,True,full_tuple_lookup,0.2,,0.0,4
M1,593,101,4,50,4,True,linear,0.12800000607967377,1.0,,
M1,593,101,4,50,4,True,mlp,0.14399999380111694,1.0,,
M1,593,101,4,50,4,True,categorical_subset,0.2,,0.0,4
M1,593,101,4,50,4,True,full_tuple_lookup,0.2,,0.0,4
M1,593,101,5,25,4,True,linear,0.1679999977350235,1.0,,
M1,593,101,5,25,4,True,mlp,0.12800000607967377,1.0,,
M1,593,101,5,25,4,True,categorical_subset,0.184,,0.216,3
M1,593,101,5,25,4,True,full_tuple_lookup,0.2,,0.0,4
M1,593,101,5,50,4,True,linear,0.13600000739097595,1.0,,
M1,593,101,5,50,4,True,mlp,0.18400000035762787,1.0,,
M1,593,101,5,50,4,True,categorical_subset,0.2,,0.0,4
M1,593,101,5,50,4,True,full_tuple_lookup,0.2,,0.0,4
M1,593,101,6,25,4,True,linear,0.20000000298023224,1.0,,
M1,593,101,6,25,4,True,mlp,0.20800000429153442,1.0,,
M1,593,101,6,25,4,True,categorical_subset,0.2,,0.0,4
M1,593,101,6,25,4,True,full_tuple_lookup,0.2,,0.0,4
M1,593,101,6,50,4,True,linear,0.13600000739097595,1.0,,
M1,593,101,6,50,4,True,mlp,0.15199999511241913,1.0,,
M1,593,101,6,50,4,True,categorical_subset,0.2,,0.0,4
M1,593,101,6,50,4,True,full_tuple_lookup,0.2,,0.0,4
M1,593,101,7,25,4,True,linear,0.20800000429153442,1.0,,
M1,593,101,7,25,4,True,mlp,0.19200000166893005,1.0,,
M1,593,101,7,25,4,True,categorical_subset,0.2,,0.0,4
M1,593,101,7,25,4,True,full_tuple_lookup,0.2,,0.0,4
M1,593,101,7,50,4,True,linear,0.19200000166893005,1.0,,
M1,593,101,7,50,4,True,mlp,0.12800000607967377,1.0,,
M1,593,101,7,50,4,True,categorical_subset,0.2,,0.0,4
M1,593,101,7,50,4,True,full_tuple_lookup,0.2,,0.0,4
M2,593,101,0,25,3,True,linear,0.14399999380111694,1.0,,
M2,593,101,0,25,3,True,mlp,0.12800000607967377,1.0,,
M2,593,101,0,25,3,True,categorical_subset,0.344,,0.192,3
M2,593,101,0,25,3,True,full_tuple_lookup,0.2,,0.0,4
M2,593,101,0,50,3,True,linear,0.20000000298023224,1.0,,
M2,593,101,0,50,3,True,mlp,0.19200000166893005,1.0,,
M2,593,101,0,50,3,True,categorical_subset,0.448,,0.344,3
M2,593,101,0,50,3,True,full_tuple_lookup,0.2,,0.0,4
M2,593,101,1,25,2,True,linear,0.20800000429153442,1.0,,
M2,593,101,1,25,2,True,mlp,0.1679999977350235,1.0,,
M2,593,101,1,25,2,True,categorical_subset,0.672,,0.592,2
M2,593,101,1,25,2,True,full_tuple_lookup,0.2,,0.0,4
M2,593,101,1,50,2,True,linear,0.20000000298023224,1.0,,
M2,593,101,1,50,2,True,mlp,0.2160000056028366,1.0,,
M2,593,101,1,50,2,True,categorical_subset,0.864,,0.864,2
M2,593,101,1,50,2,True,full_tuple_lookup,0.2,,0.0,4
M2,593,101,2,25,3,True,linear,0.20800000429153442,1.0,,
M2,593,101,2,25,3,True,mlp,0.1599999964237213,1.0,,
M2,593,101,2,25,3,True,categorical_subset,0.312,,0.16,3
M2,593,101,2,25,3,True,full_tuple_lookup,0.2,,0.0,4
M2,593,101,2,50,3,True,linear,0.2160000056028366,1.0,,
M2,593,101,2,50,3,True,mlp,0.2160000056028366,1.0,,
M2,593,101,2,50,3,True,categorical_subset,0.432,,0.304,3
M2,593,101,2,50,3,True,full_tuple_lookup,0.2,,0.0,4
M2,593,101,3,25,2,True,linear,0.18400000035762787,1.0,,
M2,593,101,3,25,2,True,mlp,0.19200000166893005,1.0,,
M2,593,101,3,25,2,True,categorical_subset,0.72,,0.68,2
M2,593,101,3,25,2,True,full_tuple_lookup,0.2,,0.0,4
M2,593,101,3,50,2,True,linear,0.18400000035762787,1.0,,
M2,593,101,3,50,2,True,mlp,0.20800000429153442,1.0,,
M2,593,101,3,50,2,True,categorical_subset,0.92,,0.92,2
M2,593,101,3,50,2,True,full_tuple_lookup,0.2,,0.0,4
M2,593,101,4,25,3,True,linear,0.1679999977350235,1.0,,
M2,593,101,4,25,3,True,mlp,0.13600000739097595,1.0,,
M2,593,101,4,25,3,True,categorical_subset,0.168,,0.216,3
M2,593,101,4,25,3,True,full_tuple_lookup,0.2,,0.0,4
M2,593,101,4,50,3,True,linear,0.15199999511241913,1.0,,
M2,593,101,4,50,3,True,mlp,0.14399999380111694,1.0,,
M2,593,101,4,50,3,True,categorical_subset,0.376,,0.248,3
M2,593,101,4,50,3,True,full_tuple_lookup,0.2,,0.0,4
M2,593,101,5,25,4,True,linear,0.12800000607967377,1.0,,
M2,593,101,5,25,4,True,mlp,0.1120000034570694,1.0,,
M2,593,101,5,25,4,True,categorical_subset,0.184,,0.216,3
M2,593,101,5,25,4,True,full_tuple_lookup,0.2,,0.0,4
M2,593,101,5,50,4,True,linear,0.15199999511241913,1.0,,
M2,593,101,5,50,4,True,mlp,0.1599999964237213,1.0,,
M2,593,101,5,50,4,True,categorical_subset,0.2,,0.0,4
M2,593,101,5,50,4,True,full_tuple_lookup,0.2,,0.0,4
M2,593,101,6,25,4,True,linear,0.19200000166893005,1.0,,
M2,593,101,6,25,4,True,mlp,0.17599999904632568,1.0,,
M2,593,101,6,25,4,True,categorical_subset,0.2,,0.0,4
M2,593,101,6,25,4,True,full_tuple_lookup,0.2,,0.0,4
M2,593,101,6,50,4,True,linear,0.2160000056028366,1.0,,
M2,593,101,6,50,4,True,mlp,0.17599999904632568,1.0,,
M2,593,101,6,50,4,True,categorical_subset,0.2,,0.0,4
M2,593,101,6,50,4,True,full_tuple_lookup,0.2,,0.0,4
M2,593,101,7,25,4,True,linear,0.19200000166893005,1.0,,
M2,593,101,7,25,4,True,mlp,0.2240000069141388,1.0,,
M2,593,101,7,25,4,True,categorical_subset,0.2,,0.0,4
M2,593,101,7,25,4,True,full_tuple_lookup,0.2,,0.0,4
M2,593,101,7,50,4,True,linear,0.15199999511241913,1.0,,
M2,593,101,7,50,4,True,mlp,0.18400000035762787,1.0,,
M2,593,101,7,50,4,True,categorical_subset,0.2,,0.0,4
M2,593,101,7,50,4,True,full_tuple_lookup,0.2,,0.0,4
