group,seed,model_status,role,view,kind,word,displacement_nmse,shuffled_fit_displacement_nmse,displacement_energy,status
novel_minima_pair,2027,trained,new_source_seed,ONE_END,generators,c,0.41172978747999606,0.48041891784583146,2.14342183196963,complete
novel_minima_pair,2027,trained,new_source_seed,ONE_END,generators,r,0.38755211385739924,0.48298157709548856,2.1273640667478824,complete
novel_minima_pair,2027,trained,new_source_seed,ONE_END,generators,i,0.5252359305147775,0.5743886482764015,1.8045041040903689,complete
novel_minima_pair,2027,trained,new_source_seed,ONE_END,composites,rc,0.49814689444059956,0.5156229169177298,1.9622976035916038,complete
novel_minima_pair,2027,trained,new_source_seed,ONE_END,composites,ci,0.4724415181044362,0.49487372458960927,2.036247083160272,complete
novel_minima_pair,2027,trained,new_source_seed,ONE_END,composites,ri,0.47693782487385283,0.4958127819540466,2.036247083160272,complete
novel_minima_pair,2027,trained,new_source_seed,ONE_END,composites,rci,0.5968543892885357,0.614307516404703,1.6413699735006486,complete
novel_minima_pair,2027,trained,new_source_seed,ONE_END_full_width,generators,c,0.3947992192779263,0.4877641464321568,2.14342183196963,complete
novel_minima_pair,2027,trained,new_source_seed,ONE_END_full_width,generators,r,0.36657534942896636,0.49098197540551525,2.1273640667478824,complete
novel_minima_pair,2027,trained,new_source_seed,ONE_END_full_width,generators,i,0.50616191664719,0.5818858873448861,1.8045041040903689,complete
novel_minima_pair,2027,trained,new_source_seed,ONE_END_full_width,composites,rc,0.4872111359939152,0.5131138373819644,1.9622976035916038,complete
novel_minima_pair,2027,trained,new_source_seed,ONE_END_full_width,composites,ci,0.4501812424943507,0.4931634788916406,2.036247083160272,complete
novel_minima_pair,2027,trained,new_source_seed,ONE_END_full_width,composites,ri,0.4652886392267424,0.49308218899249007,2.036247083160272,complete
novel_minima_pair,2027,trained,new_source_seed,ONE_END_full_width,composites,rci,0.5760388300807142,0.6103045917537884,1.6413699735006486,complete
novel_minima_pair,2027,trained,new_source_seed,source_query_concat,generators,c,0.4454717263547373,0.5221006932439783,1.9956601425205174,complete
novel_minima_pair,2027,trained,new_source_seed,source_query_concat,generators,r,0.15217479204868425,0.5539283331454423,1.8742965859879104,complete
novel_minima_pair,2027,trained,new_source_seed,source_query_concat,generators,i,0.5144816868997734,0.8806576977120291,1.1873230807567676,complete
novel_minima_pair,2027,trained,new_source_seed,source_query_concat,composites,rc,0.49733546958743874,0.5405320298185662,1.8854379320293795,complete
novel_minima_pair,2027,trained,new_source_seed,source_query_concat,composites,ci,0.4835195464757495,0.507143605617977,2.011963530548206,complete
novel_minima_pair,2027,trained,new_source_seed,source_query_concat,composites,ri,0.3231172113633018,0.5076349244386249,2.011963530548206,complete
novel_minima_pair,2027,trained,new_source_seed,source_query_concat,composites,rci,0.7337401079407503,0.7710745995748952,1.3182881672025006,complete
novel_minima_pair,2027,trained,new_source_seed,source_query_concat_full_width,generators,c,0.4362918548790409,0.523447105959903,1.9956601425205174,complete
novel_minima_pair,2027,trained,new_source_seed,source_query_concat_full_width,generators,r,0.1251588618781991,0.5513987227162366,1.8742965859879104,complete
novel_minima_pair,2027,trained,new_source_seed,source_query_concat_full_width,generators,i,0.4943131984419635,0.8693904601072722,1.1873230807567676,complete
novel_minima_pair,2027,trained,new_source_seed,source_query_concat_full_width,composites,rc,0.4717030620373211,0.538161044777969,1.8854379320293795,complete
novel_minima_pair,2027,trained,new_source_seed,source_query_concat_full_width,composites,ci,0.44287206974942367,0.5046882680465548,2.011963530548206,complete
novel_minima_pair,2027,trained,new_source_seed,source_query_concat_full_width,composites,ri,0.2993204889548314,0.5055842459709962,2.011963530548206,complete
novel_minima_pair,2027,trained,new_source_seed,source_query_concat_full_width,composites,rci,0.6607595803655599,0.7651500483756877,1.3182881672025006,complete
novel_minima_pair,2027,trained,new_source_seed,source_query_numeric_contrast,generators,c,0.4637969333610144,0.5260287437326069,1.9455689380952284,complete
novel_minima_pair,2027,trained,new_source_seed,source_query_numeric_contrast,generators,r,0.12296390526807292,0.5501531059188701,1.847728038296555,complete
novel_minima_pair,2027,trained,new_source_seed,source_query_numeric_contrast,generators,i,0.5169824904975382,0.9185388435098527,1.1170497965540598,complete
novel_minima_pair,2027,trained,new_source_seed,source_query_numeric_contrast,composites,rc,0.5011731022798475,0.5352550079951003,1.8724394762391796,complete
novel_minima_pair,2027,trained,new_source_seed,source_query_numeric_contrast,composites,ci,0.4805847420518346,0.49947023678223373,2.0086098311867113,complete
novel_minima_pair,2027,trained,new_source_seed,source_query_numeric_contrast,composites,ri,0.3066107916676249,0.4997108642118431,2.0086098311867113,complete
novel_minima_pair,2027,trained,new_source_seed,source_query_numeric_contrast,composites,rci,0.7656377030789991,0.7958203509415621,1.2590043007595926,complete
novel_minima_pair,2027,trained,new_source_seed,source_query_numeric_null,generators,c,0.3524230013965836,0.4769057478390477,2.366376813964288,complete
novel_minima_pair,2027,trained,new_source_seed,source_query_numeric_null,generators,r,0.32979380230411887,0.538097643764118,2.070925987860743,complete
novel_minima_pair,2027,trained,new_source_seed,source_query_numeric_null,generators,i,0.4927334230863628,0.6438187468203759,1.707403967410349,complete
novel_minima_pair,2027,trained,new_source_seed,source_query_numeric_null,composites,rc,0.4700678622574665,0.554309566748158,1.981637341082097,complete
novel_minima_pair,2027,trained,new_source_seed,source_query_numeric_null,composites,ci,0.49868971211187296,0.5392516398310766,2.036783701645721,complete
novel_minima_pair,2027,trained,new_source_seed,source_query_numeric_null,composites,ri,0.44016532338447334,0.5396663093575957,2.0367837016457204,complete
novel_minima_pair,2027,trained,new_source_seed,source_query_numeric_null,composites,rci,0.5811827621183138,0.6167504987333626,1.7570382010694543,complete
novel_minima_pair,2027,trained,new_source_seed,source_query_numeric_logits,generators,c,0.4210209399144045,0.540738695413602,1.899046616448625,complete
novel_minima_pair,2027,trained,new_source_seed,source_query_numeric_logits,generators,r,0.1840152701256455,0.5883538833504819,1.7227973264629233,complete
novel_minima_pair,2027,trained,new_source_seed,source_query_numeric_logits,generators,i,0.5074580220933536,0.7546524558794295,1.344538817414179,complete
novel_minima_pair,2027,trained,new_source_seed,source_query_numeric_logits,composites,rc,0.4849692203401209,0.5552429382938104,1.8032354268206856,complete
novel_minima_pair,2027,trained,new_source_seed,source_query_numeric_logits,composites,ci,0.4619150717301816,0.48537497732780577,2.0635400059273143,complete
novel_minima_pair,2027,trained,new_source_seed,source_query_numeric_logits,composites,ri,0.340068435272062,0.4854470174731149,2.0635400059273143,complete
novel_minima_pair,2027,trained,new_source_seed,source_query_numeric_logits,composites,rci,0.7007669002590168,0.7382649385658281,1.3561817379375738,complete
novel_records,1009,trained,pilot_retested,ONE_END,generators,c,0.34774880546323433,0.48349400252783714,2.100459444216159,complete
novel_records,1009,trained,pilot_retested,ONE_END,generators,r,0.44768930088009135,0.4913766934720996,2.0847121478305266,complete
novel_records,1009,trained,pilot_retested,ONE_END,generators,i,0.4981660570342969,0.526926967634465,1.9224248902160042,complete
novel_records,1009,trained,pilot_retested,ONE_END,composites,rc,0.49419877548737784,0.4990816695396542,2.0147576935176357,complete
novel_records,1009,trained,pilot_retested,ONE_END,composites,ci,0.48363281827188276,0.5050513259090088,1.9919853253892275,complete
novel_records,1009,trained,pilot_retested,ONE_END,composites,ri,0.47687989098680333,0.5047156107713932,1.9919853253892277,complete
novel_records,1009,trained,pilot_retested,ONE_END,composites,rci,0.8370658318139085,0.8727831696956831,1.150680291201879,complete
novel_records,1009,trained,pilot_retested,ONE_END_full_width,generators,c,0.3148568526297833,0.48710830095548824,2.100459444216159,complete
novel_records,1009,trained,pilot_retested,ONE_END_full_width,generators,r,0.43812634120480476,0.4964691496362982,2.0847121478305266,complete
novel_records,1009,trained,pilot_retested,ONE_END_full_width,generators,i,0.48784727660774696,0.5318416826141663,1.9224248902160042,complete
novel_records,1009,trained,pilot_retested,ONE_END_full_width,composites,rc,0.5182330118945645,0.4967135826457947,2.0147576935176357,complete
novel_records,1009,trained,pilot_retested,ONE_END_full_width,composites,ci,0.4689760370385573,0.5033483329270805,1.9919853253892275,complete
novel_records,1009,trained,pilot_retested,ONE_END_full_width,composites,ri,0.4539566293134136,0.5035196524121646,1.9919853253892277,complete
novel_records,1009,trained,pilot_retested,ONE_END_full_width,composites,rci,0.8131639437385623,0.869490942914114,1.150680291201879,complete
novel_records,1009,trained,pilot_retested,source_query_concat,generators,c,0.1058775551809232,0.49661347874201817,2.078392748353305,complete
novel_records,1009,trained,pilot_retested,source_query_concat,generators,r,0.14767718687109113,0.5014071399476965,2.0859163894781974,complete
novel_records,1009,trained,pilot_retested,source_query_concat,generators,i,0.1552796118586984,0.912091440945603,1.1181726346657552,complete
novel_records,1009,trained,pilot_retested,source_query_concat,composites,rc,0.18829398062173044,0.5281764431517005,1.9199091210822603,complete
novel_records,1009,trained,pilot_retested,source_query_concat,composites,ci,0.13613456940625748,0.49687773611313696,2.0503220666233424,complete
novel_records,1009,trained,pilot_retested,source_query_concat,composites,ri,0.13294214474915902,0.4949520222368524,2.0503220666233424,complete
novel_records,1009,trained,pilot_retested,source_query_concat,composites,rci,0.3556867624029155,0.9378871583853167,1.0788577683866547,complete
novel_records,1009,trained,pilot_retested,source_query_concat_full_width,generators,c,0.08311388328371155,0.49749483539804185,2.078392748353305,complete
novel_records,1009,trained,pilot_retested,source_query_concat_full_width,generators,r,0.12152749601177633,0.5022142856353965,2.0859163894781974,complete
novel_records,1009,trained,pilot_retested,source_query_concat_full_width,generators,i,0.11706266265393299,0.8917987904260885,1.1181726346657552,complete
novel_records,1009,trained,pilot_retested,source_query_concat_full_width,composites,rc,0.16145858203724991,0.5267151518708627,1.9199091210822603,complete
novel_records,1009,trained,pilot_retested,source_query_concat_full_width,composites,ci,0.11240511527947035,0.4960223130598666,2.0503220666233424,complete
novel_records,1009,trained,pilot_retested,source_query_concat_full_width,composites,ri,0.10734543337260556,0.49388164293476283,2.0503220666233424,complete
novel_records,1009,trained,pilot_retested,source_query_concat_full_width,composites,rci,0.3110869746251451,0.9336584736858125,1.0788577683866547,complete
novel_records,1009,trained,pilot_retested,source_query_numeric_contrast,generators,c,0.08516438942187893,0.493758896812923,2.0524721939874553,complete
novel_records,1009,trained,pilot_retested,source_query_numeric_contrast,generators,r,0.13428816267924706,0.4972876918019344,2.064108898641704,complete
novel_records,1009,trained,pilot_retested,source_query_numeric_contrast,generators,i,0.12836189153696778,0.9365451318844016,1.069118488785313,complete
novel_records,1009,trained,pilot_retested,source_query_numeric_contrast,composites,rc,0.169798038785246,0.5227777287765293,1.9142539410027861,complete
novel_records,1009,trained,pilot_retested,source_query_numeric_contrast,composites,ci,0.11674024108240338,0.49010162372621713,2.050083540762993,complete
novel_records,1009,trained,pilot_retested,source_query_numeric_contrast,composites,ri,0.11369523567676289,0.48841684405217356,2.050083540762993,complete
novel_records,1009,trained,pilot_retested,source_query_numeric_contrast,composites,rci,0.3456544635107171,0.9877875913798673,1.0138119641370005,complete
novel_records,1009,trained,pilot_retested,source_query_numeric_null,generators,c,0.23928272644129883,0.48531423746729546,2.2708402759518362,complete
novel_records,1009,trained,pilot_retested,source_query_numeric_null,generators,r,0.23857345306214364,0.49747616663457267,2.2478264179203373,complete
novel_records,1009,trained,pilot_retested,source_query_numeric_null,generators,i,0.28797824378261255,0.7224510486628584,1.482375844207692,complete
novel_records,1009,trained,pilot_retested,source_query_numeric_null,composites,rc,0.3255842558964161,0.5511643176952447,1.9618960866794604,complete
novel_records,1009,trained,pilot_retested,source_query_numeric_null,composites,ci,0.2802393741818656,0.5301971760255031,2.0520930052940476,complete
novel_records,1009,trained,pilot_retested,source_query_numeric_null,composites,ri,0.27639160874551383,0.5275650472689302,2.052093005294047,complete
novel_records,1009,trained,pilot_retested,source_query_numeric_null,composites,rci,0.4127275088709865,0.6834025218395349,1.5617912748164458,complete
novel_records,1009,trained,pilot_retested,source_query_numeric_logits,generators,c,0.07873147251244264,0.4754956267629999,2.128082008622567,complete
novel_records,1009,trained,pilot_retested,source_query_numeric_logits,generators,r,0.10377732351773263,0.4747147769971774,2.159927546593902,complete
novel_records,1009,trained,pilot_retested,source_query_numeric_logits,generators,i,0.12215049717523407,0.9764583662299879,1.0201303652959244,complete
novel_records,1009,trained,pilot_retested,source_query_numeric_logits,composites,rc,0.13638645490421203,0.5239852968603197,1.9077899231065543,complete
novel_records,1009,trained,pilot_retested,source_query_numeric_logits,composites,ci,0.0957437184113934,0.4703801317447323,2.1340001806014977,complete
novel_records,1009,trained,pilot_retested,source_query_numeric_logits,composites,ri,0.09478085159223518,0.46846938787458703,2.1340001806014977,complete
novel_records,1009,trained,pilot_retested,source_query_numeric_logits,composites,rci,0.2621323857634563,0.9427078793672361,1.061579138043453,complete
novel_records,1009,random,pilot_retested,ONE_END,generators,c,0.4821383738099608,0.5169169084699606,2.0266846324098764,complete
novel_records,1009,random,pilot_retested,ONE_END,generators,r,0.09117235419034846,0.30644214150313503,3.487678146946085,complete
novel_records,1009,random,pilot_retested,ONE_END,generators,i,0.49984936338872116,0.5524237613353398,1.8990264960323848,complete
novel_records,1009,random,pilot_retested,ONE_END,composites,rc,0.5079347013342739,0.5203306698249228,1.9744295098178362,complete
novel_records,1009,random,pilot_retested,ONE_END,composites,ci,0.48277868260717793,0.4963340257659676,2.069880279272343,complete
novel_records,1009,random,pilot_retested,ONE_END,composites,ri,0.4861522935587178,0.49669378278588855,2.069880279272343,complete
novel_records,1009,random,pilot_retested,ONE_END,composites,rci,0.5372981016325096,0.5461207678912899,1.8737829884404869,complete
novel_records,1009,random,pilot_retested,ONE_END_full_width,generators,c,0.37652595066561834,0.5209337134865777,2.0266846324098764,complete
novel_records,1009,random,pilot_retested,ONE_END_full_width,generators,r,0.06088777399511694,0.30478074099490765,3.487678146946085,complete
novel_records,1009,random,pilot_retested,ONE_END_full_width,generators,i,0.44625453633530376,0.556449691558345,1.8990264960323848,complete
novel_records,1009,random,pilot_retested,ONE_END_full_width,composites,rc,0.4384241826232007,0.5098953460303166,1.9744295098178362,complete
novel_records,1009,random,pilot_retested,ONE_END_full_width,composites,ci,0.454685895803303,0.48592665433597687,2.069880279272343,complete
novel_records,1009,random,pilot_retested,ONE_END_full_width,composites,ri,0.47379072772317127,0.4860802257146326,2.069880279272343,complete
novel_records,1009,random,pilot_retested,ONE_END_full_width,composites,rci,0.5203587947980487,0.5339400438086368,1.8737829884404869,complete
novel_records,1009,random,pilot_retested,source_query_concat,generators,c,0.48489227469185175,0.517588532559474,2.0282037937196886,complete
novel_records,1009,random,pilot_retested,source_query_concat,generators,r,0.09307165764872335,0.3061005080951708,3.486744194663798,complete
novel_records,1009,random,pilot_retested,source_query_concat,generators,i,0.5011699381491013,0.5530311540927748,1.8955013584220342,complete
novel_records,1009,random,pilot_retested,source_query_concat,composites,rc,0.5090290869519168,0.5217848592944725,1.9708524848134985,complete
novel_records,1009,random,pilot_retested,source_query_concat,composites,ci,0.4839452103328421,0.4969158008940391,2.0688101930629985,complete
novel_records,1009,random,pilot_retested,source_query_concat,composites,ri,0.4875729072732422,0.4969582522211799,2.0688101930629985,complete
novel_records,1009,random,pilot_retested,source_query_concat,composites,rci,0.5373461543626665,0.5459379103185562,1.8746882468444204,complete
novel_records,1009,random,pilot_retested,source_query_concat_full_width,generators,c,0.18047279972063401,0.5157020184974291,2.0282037937196886,complete
novel_records,1009,random,pilot_retested,source_query_concat_full_width,generators,r,0.052100007256854375,0.31408397172948377,3.486744194663798,complete
novel_records,1009,random,pilot_retested,source_query_concat_full_width,generators,i,0.3439361921316368,0.5480694606852728,1.8955013584220342,complete
novel_records,1009,random,pilot_retested,source_query_concat_full_width,composites,rc,0.34147387409362345,0.5163701282147892,1.9708524848134985,complete
novel_records,1009,random,pilot_retested,source_query_concat_full_width,composites,ci,0.40274248101014976,0.4916464165160923,2.0688101930629985,complete
novel_records,1009,random,pilot_retested,source_query_concat_full_width,composites,ri,0.5248945216403125,0.49138613935866027,2.0688101930629985,complete
novel_records,1009,random,pilot_retested,source_query_concat_full_width,composites,rci,0.5448428417816396,0.5384452172048267,1.8746882468444204,complete
novel_records,1009,random,pilot_retested,source_query_numeric_contrast,generators,c,0.4674810433004789,0.5019163623054483,2.0231760083937815,complete
novel_records,1009,random,pilot_retested,source_query_numeric_contrast,generators,r,0.1043111698931536,0.29257992582718023,3.4858603499390544,complete
novel_records,1009,random,pilot_retested,source_query_numeric_contrast,generators,i,0.4934104655055768,0.533047791412545,1.9092910378893624,complete
novel_records,1009,random,pilot_retested,source_query_numeric_contrast,composites,rc,0.48853727990911106,0.5049295977898942,1.9808659254131853,complete
novel_records,1009,random,pilot_retested,source_query_numeric_contrast,composites,ci,0.47426217306823104,0.48446425294684303,2.063473035628573,complete
novel_records,1009,random,pilot_retested,source_query_numeric_contrast,composites,ri,0.4780560489639621,0.4844506044743812,2.0634730356285726,complete
novel_records,1009,random,pilot_retested,source_query_numeric_contrast,composites,rci,0.5277947360158319,0.5349722930354683,1.8692743151619402,complete
novel_records,1009,random,pilot_retested,source_query_numeric_null,generators,c,0.4848297152761374,0.5164382457477487,2.0288073765345684,complete
novel_records,1009,random,pilot_retested,source_query_numeric_null,generators,r,0.09273909809996288,0.30450606561276355,3.4868502997284123,complete
novel_records,1009,random,pilot_retested,source_query_numeric_null,generators,i,0.5010003484853516,0.5530424126255727,1.8938459151185407,complete
novel_records,1009,random,pilot_retested,source_query_numeric_null,composites,rc,0.508975522238321,0.5210973118491606,1.9696503768729219,complete
novel_records,1009,random,pilot_retested,source_query_numeric_null,composites,ci,0.48267877196413717,0.49579496295035114,2.0694509158263843,complete
novel_records,1009,random,pilot_retested,source_query_numeric_null,composites,ri,0.48701473704596343,0.49607347336048896,2.0694509158263843,complete
novel_records,1009,random,pilot_retested,source_query_numeric_null,composites,rci,0.5365626571987958,0.5450081344892097,1.8753381863133232,complete
novel_records,1009,random,pilot_retested,source_query_numeric_logits,generators,c,0.4759238173798787,0.5074766350401917,2.0010566425973737,complete
novel_records,1009,random,pilot_retested,source_query_numeric_logits,generators,r,0.10280229599840066,0.2921089356745244,3.4972544241216825,complete
novel_records,1009,random,pilot_retested,source_query_numeric_logits,generators,i,0.4917938505528482,0.5295445503245649,1.9212285710023336,complete
novel_records,1009,random,pilot_retested,source_query_numeric_logits,composites,rc,0.48609196814612343,0.5008527763100009,1.9971882951999094,complete
novel_records,1009,random,pilot_retested,source_query_numeric_logits,composites,ci,0.4795676300499319,0.4882409881250468,2.0475472647356945,complete
novel_records,1009,random,pilot_retested,source_query_numeric_logits,composites,ri,0.48301200691282603,0.48824199180546013,2.047547264735694,complete
novel_records,1009,random,pilot_retested,source_query_numeric_logits,composites,rci,0.5227408181426683,0.5287346955097884,1.891357871720893,complete
novel_records,4051,trained,new_source_seed,ONE_END,generators,c,0.4062100640123226,0.5003874364281695,2.0423781624356834,complete
novel_records,4051,trained,new_source_seed,ONE_END,generators,r,0.3605510389668146,0.5268199375428516,1.956149800836537,complete
novel_records,4051,trained,new_source_seed,ONE_END,generators,i,0.42076932179145365,0.5892962883884887,1.7430805374589442,complete
novel_records,4051,trained,new_source_seed,ONE_END,composites,rc,0.462553210293638,0.5356810560660572,1.8801303078514184,complete
novel_records,4051,trained,new_source_seed,ONE_END,composites,ci,0.43456630463236273,0.5236620414766999,1.926523220984126,complete
novel_records,4051,trained,new_source_seed,ONE_END,composites,ri,0.4414985768912182,0.5227074931697256,1.926523220984126,complete
novel_records,4051,trained,new_source_seed,ONE_END,composites,rci,0.7689419106229533,0.9002476058553252,1.116968110797269,complete
novel_records,4051,trained,new_source_seed,ONE_END_full_width,generators,c,0.36469929743015495,0.5049516428862902,2.0423781624356834,complete
novel_records,4051,trained,new_source_seed,ONE_END_full_width,generators,r,0.3339030604459382,0.5322079406773825,1.956149800836537,complete
novel_records,4051,trained,new_source_seed,ONE_END_full_width,generators,i,0.3862983467476037,0.5902485109094057,1.7430805374589442,complete
novel_records,4051,trained,new_source_seed,ONE_END_full_width,composites,rc,0.4352221814054623,0.5332108643903006,1.8801303078514184,complete
novel_records,4051,trained,new_source_seed,ONE_END_full_width,composites,ci,0.3874256169399741,0.5208683338748192,1.926523220984126,complete
novel_records,4051,trained,new_source_seed,ONE_END_full_width,composites,ri,0.40928696446960017,0.520371822253529,1.926523220984126,complete
novel_records,4051,trained,new_source_seed,ONE_END_full_width,composites,rci,0.7101829941427356,0.8958243199132355,1.116968110797269,complete
novel_records,4051,trained,new_source_seed,source_query_concat,generators,c,0.09660457911513173,0.5027534968457513,2.06403255996234,complete
novel_records,4051,trained,new_source_seed,source_query_concat,generators,r,0.10417032934447579,0.5050300954417911,2.0776650539417774,complete
novel_records,4051,trained,new_source_seed,source_query_concat,generators,i,0.13374248458711982,0.9405697597697112,1.1042169949818113,complete
novel_records,4051,trained,new_source_seed,source_query_concat,composites,rc,0.13442713011911686,0.5307292472920886,1.9185512109195166,complete
novel_records,4051,trained,new_source_seed,source_query_concat,composites,ci,0.10943781826744119,0.49897850247638253,2.0369367631867976,complete
novel_records,4051,trained,new_source_seed,source_query_concat,composites,ri,0.10617289685689671,0.49924668001972183,2.0369367631867976,complete
novel_records,4051,trained,new_source_seed,source_query_concat,composites,rci,0.24713151446068032,0.940602921861217,1.0784549739797846,complete
novel_records,4051,trained,new_source_seed,source_query_concat_full_width,generators,c,0.0706960826831388,0.5039007637276063,2.06403255996234,complete
novel_records,4051,trained,new_source_seed,source_query_concat_full_width,generators,r,0.0759396228043636,0.5064035612834202,2.0776650539417774,complete
novel_records,4051,trained,new_source_seed,source_query_concat_full_width,generators,i,0.09827367016407156,0.921661942612004,1.1042169949818113,complete
novel_records,4051,trained,new_source_seed,source_query_concat_full_width,composites,rc,0.1057086886151915,0.5282666356801137,1.9185512109195166,complete
novel_records,4051,trained,new_source_seed,source_query_concat_full_width,composites,ci,0.0826998923614028,0.4977302855957994,2.0369367631867976,complete
novel_records,4051,trained,new_source_seed,source_query_concat_full_width,composites,ri,0.08101187467255079,0.4979224517721752,2.0369367631867976,complete
novel_records,4051,trained,new_source_seed,source_query_concat_full_width,composites,rci,0.1985070836578717,0.9343579824013404,1.0784549739797846,complete
novel_records,4051,trained,new_source_seed,source_query_numeric_contrast,generators,c,0.07323029156900292,0.4983931280418051,2.0372986232264667,complete
novel_records,4051,trained,new_source_seed,source_query_numeric_contrast,generators,r,0.0811050137145132,0.5031148378421247,2.046201918703353,complete
novel_records,4051,trained,new_source_seed,source_query_numeric_contrast,generators,i,0.0983700666446073,0.9803803346218257,1.0428383087929984,complete
novel_records,4051,trained,new_source_seed,source_query_numeric_contrast,composites,rc,0.10667025187715563,0.5236041259428689,1.913916097350632,complete
novel_records,4051,trained,new_source_seed,source_query_numeric_contrast,composites,ci,0.08210264340474799,0.49201113183831163,2.033435661170358,complete
novel_records,4051,trained,new_source_seed,source_query_numeric_contrast,composites,ri,0.08140308652719516,0.49303207873352634,2.033435661170358,complete
novel_records,4051,trained,new_source_seed,source_query_numeric_contrast,composites,rci,0.21176623102463213,0.9984816594542714,1.002215378312837,complete
novel_records,4051,trained,new_source_seed,source_query_numeric_null,generators,c,0.22948477973836462,0.5016025107400038,2.23976175617812,complete
novel_records,4051,trained,new_source_seed,source_query_numeric_null,generators,r,0.23584608889999314,0.4854942645609798,2.2844805155216474,complete
novel_records,4051,trained,new_source_seed,source_query_numeric_null,generators,i,0.28400905846007074,0.7247525363094798,1.5076752396580313,complete
novel_records,4051,trained,new_source_seed,source_query_numeric_null,composites,rc,0.3079667713878151,0.5590643536739557,1.949019031273712,complete
novel_records,4051,trained,new_source_seed,source_query_numeric_null,composites,ci,0.27689263606555503,0.5300208861038339,2.0599504274030673,complete
novel_records,4051,trained,new_source_seed,source_query_numeric_null,composites,ri,0.26266884952509023,0.5300602247732403,2.0599504274030673,complete
novel_records,4051,trained,new_source_seed,source_query_numeric_null,composites,rci,0.382954436307261,0.6795566014685778,1.5795978845332859,complete
novel_records,4051,trained,new_source_seed,source_query_numeric_logits,generators,c,0.06977003057158908,0.480411928096738,2.10794736340496,complete
novel_records,4051,trained,new_source_seed,source_query_numeric_logits,generators,r,0.0720188821022358,0.4801402802026577,2.1280594699273063,complete
novel_records,4051,trained,new_source_seed,source_query_numeric_logits,generators,i,0.10814213610450199,1.0330110914077053,0.9861904119480063,complete
novel_records,4051,trained,new_source_seed,source_query_numeric_logits,composites,rc,0.09333787590702931,0.5264595443178334,1.9029853874884366,complete
novel_records,4051,trained,new_source_seed,source_query_numeric_logits,composites,ci,0.07581595305772287,0.47406016222314123,2.1093103553728385,complete
novel_records,4051,trained,new_source_seed,source_query_numeric_logits,composites,ri,0.07563045666517673,0.4749409362648702,2.1093103553728385,complete
novel_records,4051,trained,new_source_seed,source_query_numeric_logits,composites,rci,0.172963409133717,0.9402915790682702,1.0633960580521098,complete
novel_peak_mixed,2027,trained,new_source_seed,ONE_END,generators,c,0.3375604856319289,0.4831350866607784,2.1353767794996896,complete
novel_peak_mixed,2027,trained,new_source_seed,ONE_END,generators,r,0.3733945191837686,0.501525769397115,2.0221709873829408,complete
novel_peak_mixed,2027,trained,new_source_seed,ONE_END,generators,i,0.4605755500170746,0.6689336578462107,1.5183534154902394,complete
novel_peak_mixed,2027,trained,new_source_seed,ONE_END,composites,rc,0.4195474247862611,0.5065229487699986,1.989450246715419,complete
novel_peak_mixed,2027,trained,new_source_seed,ONE_END,composites,ci,0.4148541010351302,0.5045578418982188,1.9980209406131524,complete
novel_peak_mixed,2027,trained,new_source_seed,ONE_END,composites,ri,0.4323309926498367,0.5025375337842628,1.9980209406131524,complete
novel_peak_mixed,2027,trained,new_source_seed,ONE_END,composites,rci,0.4549441037128786,0.5278019659084701,1.9025816112420273,complete
novel_peak_mixed,2027,trained,new_source_seed,ONE_END_full_width,generators,c,0.30899475889763517,0.49299593865767316,2.1353767794996896,complete
novel_peak_mixed,2027,trained,new_source_seed,ONE_END_full_width,generators,r,0.3209255490213458,0.5177875031969138,2.0221709873829408,complete
novel_peak_mixed,2027,trained,new_source_seed,ONE_END_full_width,generators,i,0.40623104474315913,0.6748570940525487,1.5183534154902394,complete
novel_peak_mixed,2027,trained,new_source_seed,ONE_END_full_width,composites,rc,0.3411976647990728,0.5125828942335934,1.989450246715419,complete
novel_peak_mixed,2027,trained,new_source_seed,ONE_END_full_width,composites,ci,0.3628134156453185,0.5101615977187607,1.9980209406131524,complete
novel_peak_mixed,2027,trained,new_source_seed,ONE_END_full_width,composites,ri,0.3719041453571493,0.5066588740885178,1.9980209406131524,complete
novel_peak_mixed,2027,trained,new_source_seed,ONE_END_full_width,composites,rci,0.3780747495950776,0.5291057661569308,1.9025816112420273,complete
novel_peak_mixed,2027,trained,new_source_seed,source_query_concat,generators,c,0.23768213703734267,0.5410964138813533,1.9308407439414381,complete
novel_peak_mixed,2027,trained,new_source_seed,source_query_concat,generators,r,0.23346619100714971,0.5769006235017368,1.8187271350960994,complete
novel_peak_mixed,2027,trained,new_source_seed,source_query_concat,generators,i,0.5381256332919796,1.1340276427560338,0.918945842620475,complete
novel_peak_mixed,2027,trained,new_source_seed,source_query_concat,composites,rc,0.3855567244169292,0.5666430910687322,1.8028173446168843,complete
novel_peak_mixed,2027,trained,new_source_seed,source_query_concat,composites,ci,0.35931244343378566,0.5106052931222388,1.9966210448303618,complete
novel_peak_mixed,2027,trained,new_source_seed,source_query_concat,composites,ri,0.3720103127708898,0.5109311071902991,1.9966210448303618,complete
novel_peak_mixed,2027,trained,new_source_seed,source_query_concat,composites,rci,0.4972838948820514,0.7064915647064343,1.4399462771452807,complete
novel_peak_mixed,2027,trained,new_source_seed,source_query_concat_full_width,generators,c,0.19358154688241172,0.5404528476340438,1.9308407439414381,complete
novel_peak_mixed,2027,trained,new_source_seed,source_query_concat_full_width,generators,r,0.1999841314008581,0.5734760172585175,1.8187271350960994,complete
novel_peak_mixed,2027,trained,new_source_seed,source_query_concat_full_width,generators,i,0.4806762652964294,1.1107102867613612,0.918945842620475,complete
novel_peak_mixed,2027,trained,new_source_seed,source_query_concat_full_width,composites,rc,0.3118738783936457,0.5637102693133376,1.8028173446168843,complete
novel_peak_mixed,2027,trained,new_source_seed,source_query_concat_full_width,composites,ci,0.29974854115426597,0.5082218669075066,1.9966210448303618,complete
novel_peak_mixed,2027,trained,new_source_seed,source_query_concat_full_width,composites,ri,0.31670255358929905,0.5090457281245505,1.9966210448303618,complete
novel_peak_mixed,2027,trained,new_source_seed,source_query_concat_full_width,composites,rci,0.3900611627633083,0.7010258270199863,1.4399462771452807,complete
novel_peak_mixed,2027,trained,new_source_seed,source_query_numeric_contrast,generators,c,0.22570692113772292,0.5382316924410946,1.8991257161970514,complete
novel_peak_mixed,2027,trained,new_source_seed,source_query_numeric_contrast,generators,r,0.22214089597429837,0.5748365489772383,1.7852759271445735,complete
novel_peak_mixed,2027,trained,new_source_seed,source_query_numeric_contrast,generators,i,0.5452025229524564,1.2031000001321317,0.8506917686884012,complete
novel_peak_mixed,2027,trained,new_source_seed,source_query_numeric_contrast,composites,rc,0.37728324617796627,0.5604073081823542,1.7921973862351037,complete
novel_peak_mixed,2027,trained,new_source_seed,source_query_numeric_contrast,composites,ci,0.3493624655253181,0.5031461962205577,1.9908424773969091,complete
novel_peak_mixed,2027,trained,new_source_seed,source_query_numeric_contrast,composites,ri,0.3621148468307919,0.5039676063053383,1.9908424773969091,complete
novel_peak_mixed,2027,trained,new_source_seed,source_query_numeric_contrast,composites,rci,0.4902773408781123,0.7113480480996944,1.4082286803178514,complete
novel_peak_mixed,2027,trained,new_source_seed,source_query_numeric_null,generators,c,0.3160448854708459,0.5194276390284267,2.171426505780485,complete
novel_peak_mixed,2027,trained,new_source_seed,source_query_numeric_null,generators,r,0.30156130908192,0.5488059130561399,2.072483317001963,complete
novel_peak_mixed,2027,trained,new_source_seed,source_query_numeric_null,generators,i,0.49674673335286834,0.7703138599422448,1.4367116950710663,complete
novel_peak_mixed,2027,trained,new_source_seed,source_query_numeric_null,composites,rc,0.4387371030334038,0.5888118996336157,1.883378862600481,complete
novel_peak_mixed,2027,trained,new_source_seed,source_query_numeric_null,composites,ci,0.41036979245237015,0.5442614253345377,2.0404564486496612,complete
novel_peak_mixed,2027,trained,new_source_seed,source_query_numeric_null,composites,ri,0.42338752991989115,0.5445848089126956,2.040456448649661,complete
novel_peak_mixed,2027,trained,new_source_seed,source_query_numeric_null,composites,rci,0.5046568064344538,0.6529732605621976,1.680551527688735,complete
novel_peak_mixed,2027,trained,new_source_seed,source_query_numeric_logits,generators,c,0.24050925345020271,0.5373629830302791,1.877793003119309,complete
novel_peak_mixed,2027,trained,new_source_seed,source_query_numeric_logits,generators,r,0.2011915153765975,0.5862350369701347,1.7489698699076597,complete
novel_peak_mixed,2027,trained,new_source_seed,source_query_numeric_logits,generators,i,0.5219928698309867,1.1033107541333322,0.9237062465346672,complete
novel_peak_mixed,2027,trained,new_source_seed,source_query_numeric_logits,composites,rc,0.3789505277574641,0.5868817440209306,1.7098574420660206,complete
novel_peak_mixed,2027,trained,new_source_seed,source_query_numeric_logits,composites,ci,0.3436063103595559,0.48924559600918865,2.0457287518185465,complete
novel_peak_mixed,2027,trained,new_source_seed,source_query_numeric_logits,composites,ri,0.333303727413568,0.48975032469087365,2.0457287518185465,complete
novel_peak_mixed,2027,trained,new_source_seed,source_query_numeric_logits,composites,rci,0.4743344506071413,0.689155242199926,1.4522212312007428,complete
novel_peak_mixed,1009,random,pilot_retested,ONE_END,generators,c,0.4821383738099608,0.5169169084699606,2.0266846324098764,complete
novel_peak_mixed,1009,random,pilot_retested,ONE_END,generators,r,0.09117235419034846,0.30644214150313503,3.487678146946085,complete
novel_peak_mixed,1009,random,pilot_retested,ONE_END,generators,i,0.49984936338872116,0.5524237613353398,1.8990264960323848,complete
novel_peak_mixed,1009,random,pilot_retested,ONE_END,composites,rc,0.5079347013342739,0.5203306698249228,1.9744295098178362,complete
novel_peak_mixed,1009,random,pilot_retested,ONE_END,composites,ci,0.48277868260717793,0.4963340257659676,2.069880279272343,complete
novel_peak_mixed,1009,random,pilot_retested,ONE_END,composites,ri,0.4861522935587178,0.49669378278588855,2.069880279272343,complete
novel_peak_mixed,1009,random,pilot_retested,ONE_END,composites,rci,0.5372981016325096,0.5461207678912899,1.8737829884404869,complete
novel_peak_mixed,1009,random,pilot_retested,ONE_END_full_width,generators,c,0.37652595066561834,0.5209337134865777,2.0266846324098764,complete
novel_peak_mixed,1009,random,pilot_retested,ONE_END_full_width,generators,r,0.06088777399511694,0.30478074099490765,3.487678146946085,complete
novel_peak_mixed,1009,random,pilot_retested,ONE_END_full_width,generators,i,0.44625453633530376,0.556449691558345,1.8990264960323848,complete
novel_peak_mixed,1009,random,pilot_retested,ONE_END_full_width,composites,rc,0.4384241826232007,0.5098953460303166,1.9744295098178362,complete
novel_peak_mixed,1009,random,pilot_retested,ONE_END_full_width,composites,ci,0.454685895803303,0.48592665433597687,2.069880279272343,complete
novel_peak_mixed,1009,random,pilot_retested,ONE_END_full_width,composites,ri,0.47379072772317127,0.4860802257146326,2.069880279272343,complete
novel_peak_mixed,1009,random,pilot_retested,ONE_END_full_width,composites,rci,0.5203587947980487,0.5339400438086368,1.8737829884404869,complete
novel_peak_mixed,1009,random,pilot_retested,source_query_concat,generators,c,0.4849060860485633,0.5177169107014639,2.0281353573203393,complete
novel_peak_mixed,1009,random,pilot_retested,source_query_concat,generators,r,0.09327825461030594,0.3061715903108498,3.486806475302239,complete
novel_peak_mixed,1009,random,pilot_retested,source_query_concat,generators,i,0.5012566990025998,0.5531225764027823,1.8954784622373997,complete
novel_peak_mixed,1009,random,pilot_retested,source_query_concat,composites,rc,0.5090296509543075,0.5218347530785516,1.9709093467322865,complete
novel_peak_mixed,1009,random,pilot_retested,source_query_concat,composites,ci,0.4840071324651578,0.4969911458330728,2.0688341502562877,complete
novel_peak_mixed,1009,random,pilot_retested,source_query_concat,composites,ri,0.4876627035017881,0.49703349030244076,2.0688341502562877,complete
novel_peak_mixed,1009,random,pilot_retested,source_query_concat,composites,rci,0.537413720857284,0.546011605834028,1.8746489600653526,complete
novel_peak_mixed,1009,random,pilot_retested,source_query_concat_full_width,generators,c,0.17821850513471954,0.5157663361808741,2.0281353573203393,complete
novel_peak_mixed,1009,random,pilot_retested,source_query_concat_full_width,generators,r,0.05222832272371618,0.3141358214815402,3.486806475302239,complete
novel_peak_mixed,1009,random,pilot_retested,source_query_concat_full_width,generators,i,0.34577028475226845,0.5481181597028697,1.8954784622373997,complete
novel_peak_mixed,1009,random,pilot_retested,source_query_concat_full_width,composites,rc,0.33541384006714997,0.516374776765256,1.9709093467322865,complete
novel_peak_mixed,1009,random,pilot_retested,source_query_concat_full_width,composites,ci,0.40432435694321417,0.49165411057040315,2.0688341502562877,complete
novel_peak_mixed,1009,random,pilot_retested,source_query_concat_full_width,composites,ri,0.5251571192443119,0.4913986494313405,2.0688341502562877,complete
novel_peak_mixed,1009,random,pilot_retested,source_query_concat_full_width,composites,rci,0.5451928882538858,0.538457949844981,1.8746489600653526,complete
novel_peak_mixed,1009,random,pilot_retested,source_query_numeric_contrast,generators,c,0.4659402870214751,0.5019615611409886,2.0230177230037962,complete
novel_peak_mixed,1009,random,pilot_retested,source_query_numeric_contrast,generators,r,0.10393935197292474,0.2925434451612085,3.486098613858014,complete
novel_peak_mixed,1009,random,pilot_retested,source_query_numeric_contrast,generators,i,0.49691947703773454,0.5329826491277289,1.90957207187535,complete
novel_peak_mixed,1009,random,pilot_retested,source_query_numeric_contrast,composites,rc,0.4870728574203582,0.504897883681971,1.9809958803082275,complete
novel_peak_mixed,1009,random,pilot_retested,source_query_numeric_contrast,composites,ci,0.4735260170327267,0.4845190424278284,2.0632636519377168,complete
novel_peak_mixed,1009,random,pilot_retested,source_query_numeric_contrast,composites,ri,0.47946953138680337,0.48450422005728333,2.0632636519377168,complete
novel_peak_mixed,1009,random,pilot_retested,source_query_numeric_contrast,composites,rci,0.5280088603212133,0.5349213914200653,1.8694676976087206,complete
novel_peak_mixed,1009,random,pilot_retested,source_query_numeric_null,generators,c,0.48484923084733156,0.5165558701762465,2.028750218412818,complete
novel_peak_mixed,1009,random,pilot_retested,source_query_numeric_null,generators,r,0.09294114202720044,0.3045642643242815,3.4868915217190013,complete
novel_peak_mixed,1009,random,pilot_retested,source_query_numeric_null,generators,i,0.5010751978846911,0.5531516225169417,1.8937851774728076,complete
novel_peak_mixed,1009,random,pilot_retested,source_query_numeric_null,composites,rc,0.5090111641649577,0.5211458398964546,1.9696974944055623,complete
novel_peak_mixed,1009,random,pilot_retested,source_query_numeric_null,composites,ci,0.48274211574463044,0.4958574730394222,2.069503420952464,complete
novel_peak_mixed,1009,random,pilot_retested,source_query_numeric_null,composites,ri,0.4870803236839612,0.4961367589772575,2.069503420952464,complete
novel_peak_mixed,1009,random,pilot_retested,source_query_numeric_null,composites,rci,0.5366380364772293,0.5450862531583359,1.8752714657969967,complete
novel_peak_mixed,1009,random,pilot_retested,source_query_numeric_logits,generators,c,0.47288084745744347,0.5074991416734573,2.001003034731188,complete
novel_peak_mixed,1009,random,pilot_retested,source_query_numeric_logits,generators,r,0.10282667858007667,0.2920652691086303,3.497469039103677,complete
novel_peak_mixed,1009,random,pilot_retested,source_query_numeric_logits,generators,i,0.4948975550779309,0.5294820672439027,1.921484176602316,complete
novel_peak_mixed,1009,random,pilot_retested,source_query_numeric_logits,composites,rc,0.48468526198053,0.5008541051359331,1.997208234637242,complete
novel_peak_mixed,1009,random,pilot_retested,source_query_numeric_logits,composites,ci,0.4787236575187172,0.4882960615837498,2.0473684716628218,complete
novel_peak_mixed,1009,random,pilot_retested,source_query_numeric_logits,composites,ri,0.4846696818565533,0.48829007410813446,2.0473684716628213,complete
novel_peak_mixed,1009,random,pilot_retested,source_query_numeric_logits,composites,rci,0.5232325491792347,0.528693214675967,1.891501165542629,complete
novel_minima_pair,3037,trained,new_source_seed,ONE_END,generators,c,0.39681283748011564,0.4940900058342532,2.0974497496703797,complete
novel_minima_pair,3037,trained,new_source_seed,ONE_END,generators,r,0.4789599986623752,0.5041202346573098,2.021619462265915,complete
novel_minima_pair,3037,trained,new_source_seed,ONE_END,generators,i,0.5308457090472216,0.5369581129115395,1.9075566593584892,complete
novel_minima_pair,3037,trained,new_source_seed,ONE_END,composites,rc,0.5167876655888288,0.518934485728663,1.9375308344995292,complete
novel_minima_pair,3037,trained,new_source_seed,ONE_END,composites,ci,0.4991113984633688,0.5019563215622946,2.0044716413349537,complete
novel_minima_pair,3037,trained,new_source_seed,ONE_END,composites,ri,0.4992926928291302,0.5017608704636384,2.0044716413349537,complete
novel_minima_pair,3037,trained,new_source_seed,ONE_END,composites,rci,1.1990251245802264,1.2089131933474593,0.8307628416136684,complete
novel_minima_pair,3037,trained,new_source_seed,ONE_END_full_width,generators,c,0.3777631288987649,0.49779575000152687,2.0974497496703797,complete
novel_minima_pair,3037,trained,new_source_seed,ONE_END_full_width,generators,r,0.43181684702580775,0.5100933974061025,2.021619462265915,complete
novel_minima_pair,3037,trained,new_source_seed,ONE_END_full_width,generators,i,0.5310490483976792,0.5407272314007211,1.9075566593584892,complete
novel_minima_pair,3037,trained,new_source_seed,ONE_END_full_width,composites,rc,0.5048137998553568,0.5180629942324224,1.9375308344995292,complete
novel_minima_pair,3037,trained,new_source_seed,ONE_END_full_width,composites,ci,0.49344871305613447,0.5016505795506648,2.0044716413349537,complete
novel_minima_pair,3037,trained,new_source_seed,ONE_END_full_width,composites,ri,0.4899746514680124,0.5003393420805455,2.0044716413349537,complete
novel_minima_pair,3037,trained,new_source_seed,ONE_END_full_width,composites,rci,1.1780345428588685,1.2055672518385459,0.8307628416136684,complete
novel_minima_pair,3037,trained,new_source_seed,source_query_concat,generators,c,0.372984661764704,0.6645878008803957,1.5975448198427975,complete
novel_minima_pair,3037,trained,new_source_seed,source_query_concat,generators,r,0.10957753702618576,0.8373482613083665,1.2284453279517096,complete
novel_minima_pair,3037,trained,new_source_seed,source_query_concat,generators,i,0.5311663172121537,0.720245363341124,1.427366256841303,complete
novel_minima_pair,3037,trained,new_source_seed,source_query_concat,composites,rc,0.40560955299959545,0.674349969201681,1.5095627962718798,complete
novel_minima_pair,3037,trained,new_source_seed,source_query_concat,composites,ci,0.5032476242860612,0.5151034604741587,1.9743233021275273,complete
novel_minima_pair,3037,trained,new_source_seed,source_query_concat,composites,ri,0.3875014798100414,0.5153212760335938,1.9743233021275273,complete
novel_minima_pair,3037,trained,new_source_seed,source_query_concat,composites,rci,0.6815994877352057,0.7002264628864129,1.4481125526540388,complete
novel_minima_pair,3037,trained,new_source_seed,source_query_concat_full_width,generators,c,0.35893927462992303,0.6626113498804975,1.5975448198427975,complete
novel_minima_pair,3037,trained,new_source_seed,source_query_concat_full_width,generators,r,0.07968456325825347,0.8225767035822549,1.2284453279517096,complete
novel_minima_pair,3037,trained,new_source_seed,source_query_concat_full_width,generators,i,0.5268848211125539,0.7124111241663402,1.427366256841303,complete
novel_minima_pair,3037,trained,new_source_seed,source_query_concat_full_width,composites,rc,0.38408894181278197,0.6715254083003211,1.5095627962718798,complete
novel_minima_pair,3037,trained,new_source_seed,source_query_concat_full_width,composites,ci,0.4765398909086673,0.5138350364124619,1.9743233021275273,complete
novel_minima_pair,3037,trained,new_source_seed,source_query_concat_full_width,composites,ri,0.37380626913449033,0.5135503862652205,1.9743233021275273,complete
novel_minima_pair,3037,trained,new_source_seed,source_query_concat_full_width,composites,rci,0.6363737639910833,0.6959909466000591,1.4481125526540388,complete
novel_minima_pair,3037,trained,new_source_seed,source_query_numeric_contrast,generators,c,0.3816470959771097,0.6820753293065327,1.5285387946355282,complete
novel_minima_pair,3037,trained,new_source_seed,source_query_numeric_contrast,generators,r,0.07524081250501029,0.8699570225161088,1.1631469401516192,complete
novel_minima_pair,3037,trained,new_source_seed,source_query_numeric_contrast,generators,i,0.5274129077712721,0.7196790321293774,1.4055513656532779,complete
novel_minima_pair,3037,trained,new_source_seed,source_query_numeric_contrast,composites,rc,0.4006891941837605,0.6818785906265165,1.4708909726429855,complete
novel_minima_pair,3037,trained,new_source_seed,source_query_numeric_contrast,composites,ci,0.5013190752068573,0.5095855921556036,1.966646658384164,complete
novel_minima_pair,3037,trained,new_source_seed,source_query_numeric_contrast,composites,ri,0.37966880797856684,0.5094990752404085,1.9666466583841642,complete
novel_minima_pair,3037,trained,new_source_seed,source_query_numeric_contrast,composites,rci,0.6901426078072974,0.7028562515186397,1.4244514163127637,complete
novel_minima_pair,3037,trained,new_source_seed,source_query_numeric_null,generators,c,0.3250310870395224,0.5045274492551133,2.2805451993083743,complete
novel_minima_pair,3037,trained,new_source_seed,source_query_numeric_null,generators,r,0.30481583019729946,0.5975961382543032,1.8747486545379486,complete
novel_minima_pair,3037,trained,new_source_seed,source_query_numeric_null,generators,i,0.5449284416898187,0.6826612890391824,1.6432833295123985,complete
novel_minima_pair,3037,trained,new_source_seed,source_query_numeric_null,composites,rc,0.4456150329056183,0.5908427750328851,1.8923245932863573,complete
novel_minima_pair,3037,trained,new_source_seed,source_query_numeric_null,composites,ci,0.5161282470956677,0.5471454126574475,2.050304357028031,complete
novel_minima_pair,3037,trained,new_source_seed,source_query_numeric_null,composites,ri,0.45085757439682633,0.5471033860658356,2.050304357028031,complete
novel_minima_pair,3037,trained,new_source_seed,source_query_numeric_null,composites,rci,0.616684193989904,0.656240957274226,1.682303191096653,complete
novel_minima_pair,3037,trained,new_source_seed,source_query_numeric_logits,generators,c,0.3483681382703863,0.7290414962972536,1.4269655440806315,complete
novel_minima_pair,3037,trained,new_source_seed,source_query_numeric_logits,generators,r,0.08877665274956012,0.9766694164428226,1.0293016582422385,complete
novel_minima_pair,3037,trained,new_source_seed,source_query_numeric_logits,generators,i,0.525897235055031,0.6760858431536977,1.4921164465260157,complete
novel_minima_pair,3037,trained,new_source_seed,source_query_numeric_logits,composites,rc,0.3716966759706154,0.7346224728676224,1.3620766081901512,complete
novel_minima_pair,3037,trained,new_source_seed,source_query_numeric_logits,composites,ci,0.4945650379781761,0.5073729210771923,1.9723705695614264,complete
novel_minima_pair,3037,trained,new_source_seed,source_query_numeric_logits,composites,ri,0.39828424955508906,0.5074046859151299,1.9723705695614264,complete
novel_minima_pair,3037,trained,new_source_seed,source_query_numeric_logits,composites,rci,0.6524497567490386,0.6736935171088759,1.4844141543812135,complete
novel_minima_pair,4051,trained,new_source_seed,ONE_END,generators,c,0.4470423228990541,0.6731676153010864,1.5193314239532734,complete
novel_minima_pair,4051,trained,new_source_seed,ONE_END,generators,r,0.5621246360880058,0.7888518161104202,1.3335776443345064,complete
novel_minima_pair,4051,trained,new_source_seed,ONE_END,generators,i,0.5192610350247323,0.5314511776465518,1.931124765526769,complete
novel_minima_pair,4051,trained,new_source_seed,ONE_END,composites,rc,0.7279660291474692,0.9467282107515409,1.0659881239075568,complete
novel_minima_pair,4051,trained,new_source_seed,ONE_END,composites,ci,0.5069990376490616,0.5130370929607464,1.9639626451406196,complete
novel_minima_pair,4051,trained,new_source_seed,ONE_END,composites,ri,0.5060920192469733,0.5135206385675126,1.9639626451406196,complete
novel_minima_pair,4051,trained,new_source_seed,ONE_END,composites,rci,0.5526086073652168,0.5567011480026232,1.8074469074629655,complete
novel_minima_pair,4051,trained,new_source_seed,ONE_END_full_width,generators,c,0.3911673934224309,0.6723242122737414,1.5193314239532734,complete
novel_minima_pair,4051,trained,new_source_seed,ONE_END_full_width,generators,r,0.5095289816931525,0.7851721025660705,1.3335776443345064,complete
novel_minima_pair,4051,trained,new_source_seed,ONE_END_full_width,generators,i,0.5166493732193969,0.5368284241928765,1.931124765526769,complete
novel_minima_pair,4051,trained,new_source_seed,ONE_END_full_width,composites,rc,0.6644912451383007,0.9568412841512774,1.0659881239075568,complete
novel_minima_pair,4051,trained,new_source_seed,ONE_END_full_width,composites,ci,0.5004697353965596,0.5106215864252678,1.9639626451406196,complete
novel_minima_pair,4051,trained,new_source_seed,ONE_END_full_width,composites,ri,0.4996271962909123,0.5228681078612833,1.9639626451406196,complete
novel_minima_pair,4051,trained,new_source_seed,ONE_END_full_width,composites,rci,0.5423856005104414,0.5552212512949324,1.8074469074629655,complete
novel_minima_pair,4051,trained,new_source_seed,source_query_concat,generators,c,0.3705447974178896,0.6531073642717283,1.573753666038072,complete
novel_minima_pair,4051,trained,new_source_seed,source_query_concat,generators,r,0.09352278732436337,0.864970293042492,1.2001317095380273,complete
novel_minima_pair,4051,trained,new_source_seed,source_query_concat,generators,i,0.5237437885755606,0.7199093246272598,1.4242916371557883,complete
novel_minima_pair,4051,trained,new_source_seed,source_query_concat,composites,rc,0.3960086679318341,0.6770860513084941,1.4988529464741633,complete
novel_minima_pair,4051,trained,new_source_seed,source_query_concat,composites,ci,0.49796428881776955,0.5144260281079287,1.9744827581477546,complete
novel_minima_pair,4051,trained,new_source_seed,source_query_concat,composites,ri,0.38131552589013634,0.5138529870514602,1.9744827581477546,complete
novel_minima_pair,4051,trained,new_source_seed,source_query_concat,composites,rci,0.6747717698829575,0.6982708602705124,1.450198518846011,complete
novel_minima_pair,4051,trained,new_source_seed,source_query_concat_full_width,generators,c,0.35565377607063287,0.6524607890452672,1.573753666038072,complete
novel_minima_pair,4051,trained,new_source_seed,source_query_concat_full_width,generators,r,0.06250856295462144,0.849036522009672,1.2001317095380273,complete
novel_minima_pair,4051,trained,new_source_seed,source_query_concat_full_width,generators,i,0.5226836467726188,0.7128989790027314,1.4242916371557883,complete
novel_minima_pair,4051,trained,new_source_seed,source_query_concat_full_width,composites,rc,0.3744895376430405,0.6744379999285306,1.4988529464741633,complete
novel_minima_pair,4051,trained,new_source_seed,source_query_concat_full_width,composites,ci,0.47397243914020953,0.5135018540746547,1.9744827581477546,complete
novel_minima_pair,4051,trained,new_source_seed,source_query_concat_full_width,composites,ri,0.37110777195390704,0.5127823076812495,1.9744827581477546,complete
novel_minima_pair,4051,trained,new_source_seed,source_query_concat_full_width,composites,rci,0.6364834914820862,0.6943519671103718,1.450198518846011,complete
novel_minima_pair,4051,trained,new_source_seed,source_query_numeric_contrast,generators,c,0.37629153343964805,0.6656447436541055,1.513082795807271,complete
novel_minima_pair,4051,trained,new_source_seed,source_query_numeric_contrast,generators,r,0.06241246221604868,0.9014588012374214,1.1319195478124784,complete
novel_minima_pair,4051,trained,new_source_seed,source_query_numeric_contrast,generators,i,0.5240170484848439,0.7161128945817137,1.4108982129826395,complete
novel_minima_pair,4051,trained,new_source_seed,source_query_numeric_contrast,composites,rc,0.3938738966439706,0.6839688080653594,1.4643519413628054,complete
novel_minima_pair,4051,trained,new_source_seed,source_query_numeric_contrast,composites,ci,0.5001538199691105,0.5103755414255402,1.9661572554396842,complete
novel_minima_pair,4051,trained,new_source_seed,source_query_numeric_contrast,composites,ri,0.3792821205781297,0.5093997189259855,1.9661572554396842,complete
novel_minima_pair,4051,trained,new_source_seed,source_query_numeric_contrast,composites,rci,0.6854564563313407,0.6980789638254704,1.4342111005300238,complete
novel_minima_pair,4051,trained,new_source_seed,source_query_numeric_null,generators,c,0.3517882579150153,0.517418701310445,2.1994757031028356,complete
novel_minima_pair,4051,trained,new_source_seed,source_query_numeric_null,generators,r,0.261288899992061,0.5788632228766085,1.9036299884506869,complete
novel_minima_pair,4051,trained,new_source_seed,source_query_numeric_null,generators,i,0.5116179516224967,0.7118594682195856,1.5624231758169929,complete
novel_minima_pair,4051,trained,new_source_seed,source_query_numeric_null,composites,rc,0.4487449985276141,0.5955851426155934,1.854675091713499,complete
novel_minima_pair,4051,trained,new_source_seed,source_query_numeric_null,composites,ci,0.49482123893929203,0.5403461934256433,2.0603468720835596,complete
novel_minima_pair,4051,trained,new_source_seed,source_query_numeric_null,composites,ri,0.40564215662097164,0.5398684432818079,2.0603468720835596,complete
novel_minima_pair,4051,trained,new_source_seed,source_query_numeric_null,composites,rci,0.6237841424018851,0.6792125716868701,1.6150829175373471,complete
novel_minima_pair,4051,trained,new_source_seed,source_query_numeric_logits,generators,c,0.34017233923165785,0.7118582627468008,1.4075243162243631,complete
novel_minima_pair,4051,trained,new_source_seed,source_query_numeric_logits,generators,r,0.07619389405252786,1.0339309431841948,0.9878416998504025,complete
novel_minima_pair,4051,trained,new_source_seed,source_query_numeric_logits,generators,i,0.521975173159377,0.6714610751248592,1.5010900010696278,complete
novel_minima_pair,4051,trained,new_source_seed,source_query_numeric_logits,composites,rc,0.361950597127766,0.7380943583210753,1.3547376568784961,complete
novel_minima_pair,4051,trained,new_source_seed,source_query_numeric_logits,composites,ci,0.4915714327557165,0.5079415571695705,1.9719915141813709,complete
novel_minima_pair,4051,trained,new_source_seed,source_query_numeric_logits,composites,ri,0.39961184419515305,0.507091881672391,1.9719915141813709,complete
novel_minima_pair,4051,trained,new_source_seed,source_query_numeric_logits,composites,rci,0.6432254707913777,0.6645624957982047,1.5054290474597316,complete
novel_peak_mixed,1009,trained,pilot_retested,ONE_END,generators,c,0.40538767135786635,0.4822896009561787,2.1242942562328473,complete
novel_peak_mixed,1009,trained,pilot_retested,ONE_END,generators,r,0.3763605631279605,0.49129143132499137,2.0910433332255796,complete
novel_peak_mixed,1009,trained,pilot_retested,ONE_END,generators,i,0.5746230895072628,0.8528530717958428,1.1867487023772034,complete
novel_peak_mixed,1009,trained,pilot_retested,ONE_END,composites,rc,0.4198757520745317,0.49298854138295334,2.040933109290797,complete
novel_peak_mixed,1009,trained,pilot_retested,ONE_END,composites,ci,0.42174768439996985,0.483578524260429,2.0824202433556644,complete
novel_peak_mixed,1009,trained,pilot_retested,ONE_END,composites,ri,0.3921034806966157,0.48225599591696655,2.0824202433556644,complete
novel_peak_mixed,1009,trained,pilot_retested,ONE_END,composites,rci,0.4250690879001332,0.48921413102419553,2.053012583247719,complete
novel_peak_mixed,1009,trained,pilot_retested,ONE_END_full_width,generators,c,0.38167789084219117,0.48706178045066817,2.1242942562328473,complete
novel_peak_mixed,1009,trained,pilot_retested,ONE_END_full_width,generators,r,0.3475521990611017,0.49522814582981045,2.0910433332255796,complete
novel_peak_mixed,1009,trained,pilot_retested,ONE_END_full_width,generators,i,0.5383672705242122,0.8673622789040044,1.1867487023772034,complete
novel_peak_mixed,1009,trained,pilot_retested,ONE_END_full_width,composites,rc,0.3902746760960096,0.49242918639263444,2.040933109290797,complete
novel_peak_mixed,1009,trained,pilot_retested,ONE_END_full_width,composites,ci,0.4005784273728632,0.48237186328006454,2.0824202433556644,complete
novel_peak_mixed,1009,trained,pilot_retested,ONE_END_full_width,composites,ri,0.367451371330009,0.48231307597428463,2.0824202433556644,complete
novel_peak_mixed,1009,trained,pilot_retested,ONE_END_full_width,composites,rci,0.3985837200401161,0.48758395046842906,2.053012583247719,complete
novel_peak_mixed,1009,trained,pilot_retested,source_query_concat,generators,c,0.2395025901117558,0.5596430184674958,1.8438636275119409,complete
novel_peak_mixed,1009,trained,pilot_retested,source_query_concat,generators,r,0.21254289820918484,0.6271998878442404,1.6788578756203483,complete
novel_peak_mixed,1009,trained,pilot_retested,source_query_concat,generators,i,0.5171841279078636,1.0205523226695188,0.9985563147718928,complete
novel_peak_mixed,1009,trained,pilot_retested,source_query_concat,composites,rc,0.38149626744123316,0.5776807821948048,1.7561957986132988,complete
novel_peak_mixed,1009,trained,pilot_retested,source_query_concat,composites,ci,0.3620945311215517,0.5125799325594028,1.9866336516023453,complete
novel_peak_mixed,1009,trained,pilot_retested,source_query_concat,composites,ri,0.37354685347798683,0.5110315712680789,1.9866336516023455,complete
novel_peak_mixed,1009,trained,pilot_retested,source_query_concat,composites,rci,0.491991454411156,0.7037313327415923,1.4392869643300512,complete
novel_peak_mixed,1009,trained,pilot_retested,source_query_concat_full_width,generators,c,0.20031045002362668,0.5579858885348251,1.8438636275119409,complete
novel_peak_mixed,1009,trained,pilot_retested,source_query_concat_full_width,generators,r,0.19143646719613,0.6217592492224582,1.6788578756203483,complete
novel_peak_mixed,1009,trained,pilot_retested,source_query_concat_full_width,generators,i,0.490894232323782,0.9989750678685857,0.9985563147718928,complete
novel_peak_mixed,1009,trained,pilot_retested,source_query_concat_full_width,composites,rc,0.32600068023615014,0.5757483892676908,1.7561957986132988,complete
novel_peak_mixed,1009,trained,pilot_retested,source_query_concat_full_width,composites,ci,0.31673341912458824,0.5115999342709118,1.9866336516023453,complete
novel_peak_mixed,1009,trained,pilot_retested,source_query_concat_full_width,composites,ri,0.3365138641382049,0.5102065486260783,1.9866336516023455,complete
novel_peak_mixed,1009,trained,pilot_retested,source_query_concat_full_width,composites,rci,0.4103764892162951,0.699537435270593,1.4392869643300512,complete
novel_peak_mixed,1009,trained,pilot_retested,source_query_numeric_contrast,generators,c,0.22729878596785946,0.559662613078445,1.8079772044057165,complete
novel_peak_mixed,1009,trained,pilot_retested,source_query_numeric_contrast,generators,r,0.20117969527644183,0.63187542741937,1.6361101207624213,complete
novel_peak_mixed,1009,trained,pilot_retested,source_query_numeric_contrast,generators,i,0.5269307678705947,1.054454750164939,0.9520765864858142,complete
novel_peak_mixed,1009,trained,pilot_retested,source_query_numeric_contrast,composites,rc,0.374015643754626,0.5747135635982056,1.7423607891517678,complete
novel_peak_mixed,1009,trained,pilot_retested,source_query_numeric_contrast,composites,ci,0.358843087905925,0.5066033687666746,1.9834082981728196,complete
novel_peak_mixed,1009,trained,pilot_retested,source_query_numeric_contrast,composites,ri,0.37273521565861034,0.5046333440408048,1.9834082981728196,complete
novel_peak_mixed,1009,trained,pilot_retested,source_query_numeric_contrast,composites,rci,0.4935263125099375,0.7072686879403433,1.4149666798704537,complete
novel_peak_mixed,1009,trained,pilot_retested,source_query_numeric_null,generators,c,0.3130044564788128,0.5189700929890382,2.174355361993172,complete
novel_peak_mixed,1009,trained,pilot_retested,source_query_numeric_null,generators,r,0.28065719665989075,0.5482104569769595,2.0725382267201615,complete
novel_peak_mixed,1009,trained,pilot_retested,source_query_numeric_null,generators,i,0.44050729273175543,0.7692049475269775,1.4266058301558449,complete
novel_peak_mixed,1009,trained,pilot_retested,source_query_numeric_null,composites,rc,0.41926171811862056,0.5854383307417839,1.8836076685556242,complete
novel_peak_mixed,1009,trained,pilot_retested,source_query_numeric_null,composites,ci,0.39652716979601604,0.5512346456435322,2.0163371594187662,complete
novel_peak_mixed,1009,trained,pilot_retested,source_query_numeric_null,composites,ri,0.385299277657828,0.5500434038371899,2.0163371594187662,complete
novel_peak_mixed,1009,trained,pilot_retested,source_query_numeric_null,composites,rci,0.48401853761963803,0.6563609710679668,1.6632617240974978,complete
novel_peak_mixed,1009,trained,pilot_retested,source_query_numeric_logits,generators,c,0.24537880629998673,0.5672761482995424,1.7716993785489312,complete
novel_peak_mixed,1009,trained,pilot_retested,source_query_numeric_logits,generators,r,0.17567802594244944,0.6482145035316222,1.5854589418816445,complete
novel_peak_mixed,1009,trained,pilot_retested,source_query_numeric_logits,generators,i,0.5222016771989334,0.9844119334394127,1.0183003543399185,complete
novel_peak_mixed,1009,trained,pilot_retested,source_query_numeric_logits,composites,rc,0.3874494970185271,0.5925093233349943,1.6870144210312756,complete
novel_peak_mixed,1009,trained,pilot_retested,source_query_numeric_logits,composites,ci,0.36603080351906514,0.49967345669422847,2.0070688439048863,complete
novel_peak_mixed,1009,trained,pilot_retested,source_query_numeric_logits,composites,ri,0.34957803580230384,0.49821758379854414,2.0070688439048863,complete
novel_peak_mixed,1009,trained,pilot_retested,source_query_numeric_logits,composites,rci,0.4983494408504023,0.6952871377164739,1.4386216557927942,complete
novel_minima_pair,3037,random,new_source_seed,ONE_END,generators,c,0.48799703167768926,0.5142063448940484,2.0221630505411743,complete
novel_minima_pair,3037,random,new_source_seed,ONE_END,generators,r,0.08792901112686048,0.3079727356796931,3.4494479265434586,complete
novel_minima_pair,3037,random,new_source_seed,ONE_END,generators,i,0.5082291209969614,0.5480483279058294,1.9005413254463122,complete
novel_minima_pair,3037,random,new_source_seed,ONE_END,composites,rc,0.5061548851440018,0.514880489045024,1.9865418840988902,complete
novel_minima_pair,3037,random,new_source_seed,ONE_END,composites,ci,0.4843428300798845,0.4971644583488316,2.0580215809052076,complete
novel_minima_pair,3037,random,new_source_seed,ONE_END,composites,ri,0.4886456266657895,0.4973262374254144,2.0580215809052076,complete
novel_minima_pair,3037,random,new_source_seed,ONE_END,composites,rci,0.5272939935927303,0.5343583340779048,1.9072653354035394,complete
novel_minima_pair,3037,random,new_source_seed,ONE_END_full_width,generators,c,0.3991044651441981,0.5277289275567383,2.0221630505411743,complete
novel_minima_pair,3037,random,new_source_seed,ONE_END_full_width,generators,r,0.06246398332410932,0.3072117020559797,3.4494479265434586,complete
novel_minima_pair,3037,random,new_source_seed,ONE_END_full_width,generators,i,0.4582931585537311,0.5585059213025391,1.9005413254463122,complete
novel_minima_pair,3037,random,new_source_seed,ONE_END_full_width,composites,rc,0.4559123255790517,0.5056036834332488,1.9865418840988902,complete
novel_minima_pair,3037,random,new_source_seed,ONE_END_full_width,composites,ci,0.46039072594749225,0.5052738201210194,2.0580215809052076,complete
novel_minima_pair,3037,random,new_source_seed,ONE_END_full_width,composites,ri,0.47576269191147935,0.49004599988724096,2.0580215809052076,complete
novel_minima_pair,3037,random,new_source_seed,ONE_END_full_width,composites,rci,0.511195833249021,0.5268076579950631,1.9072653354035394,complete
novel_minima_pair,3037,random,new_source_seed,source_query_concat,generators,c,0.4895340904109542,0.5183082553813594,2.0198107720835994,complete
novel_minima_pair,3037,random,new_source_seed,source_query_concat,generators,r,0.09358201965862303,0.30835718052598104,3.4401626070559113,complete
novel_minima_pair,3037,random,new_source_seed,source_query_concat,generators,i,0.509751957842527,0.5467674698748222,1.9072115471819466,complete
novel_minima_pair,3037,random,new_source_seed,source_query_concat,composites,rc,0.5077773822372083,0.5145819061027148,1.9884655630164505,complete
novel_minima_pair,3037,random,new_source_seed,source_query_concat,composites,ci,0.4882659842519189,0.4989630877534626,2.052600368077402,complete
novel_minima_pair,3037,random,new_source_seed,source_query_concat,composites,ri,0.49119505392385926,0.4987530556698634,2.0526003680774023,complete
novel_minima_pair,3037,random,new_source_seed,source_query_concat,composites,rci,0.5281947839039417,0.534188224225739,1.910572010206361,complete
novel_minima_pair,3037,random,new_source_seed,source_query_concat_full_width,generators,c,0.19988683570277982,0.5167781290775859,2.0198107720835994,complete
novel_minima_pair,3037,random,new_source_seed,source_query_concat_full_width,generators,r,0.05683105399336002,0.31584633635986387,3.4401626070559113,complete
novel_minima_pair,3037,random,new_source_seed,source_query_concat_full_width,generators,i,0.3517651724252195,0.5426261381724324,1.9072115471819466,complete
novel_minima_pair,3037,random,new_source_seed,source_query_concat_full_width,composites,rc,0.3681139182856488,0.5102818940330772,1.9884655630164505,complete
novel_minima_pair,3037,random,new_source_seed,source_query_concat_full_width,composites,ci,0.41821541382784877,0.4952144561049674,2.052600368077402,complete
novel_minima_pair,3037,random,new_source_seed,source_query_concat_full_width,composites,ri,0.5291120280266033,0.495066241242391,2.0526003680774023,complete
novel_minima_pair,3037,random,new_source_seed,source_query_concat_full_width,composites,rci,0.5317530765383621,0.5278744263943711,1.910572010206361,complete
novel_minima_pair,3037,random,new_source_seed,source_query_numeric_contrast,generators,c,0.46901862320286236,0.4992580489294189,2.0242311591829463,complete
novel_minima_pair,3037,random,new_source_seed,source_query_numeric_contrast,generators,r,0.11268957767385357,0.29578686378281316,3.4385745786455897,complete
novel_minima_pair,3037,random,new_source_seed,source_query_numeric_contrast,generators,i,0.5009142536647744,0.5387158832325916,1.867893465569749,complete
novel_minima_pair,3037,random,new_source_seed,source_query_numeric_contrast,composites,rc,0.4921475842376446,0.5058591891588093,1.9772838674380053,complete
novel_minima_pair,3037,random,new_source_seed,source_query_numeric_contrast,composites,ci,0.46388893460763064,0.48015379431036836,2.083146054045847,complete
novel_minima_pair,3037,random,new_source_seed,source_query_numeric_contrast,composites,ri,0.4704258125859218,0.47997139851234166,2.0831460540458475,complete
novel_minima_pair,3037,random,new_source_seed,source_query_numeric_contrast,composites,rci,0.5254046489053454,0.5344677774755805,1.8712032017064664,complete
novel_minima_pair,3037,random,new_source_seed,source_query_numeric_null,generators,c,0.48834346475897,0.5174157903817906,2.019278836455758,complete
novel_minima_pair,3037,random,new_source_seed,source_query_numeric_null,generators,r,0.09388150637795535,0.3072371855676854,3.440353705453063,complete
novel_minima_pair,3037,random,new_source_seed,source_query_numeric_null,generators,i,0.5079570633793127,0.544403832998805,1.9119429627701923,complete
novel_minima_pair,3037,random,new_source_seed,source_query_numeric_null,composites,rc,0.5064579495252666,0.5136334218854955,1.9898111334663189,complete
novel_minima_pair,3037,random,new_source_seed,source_query_numeric_null,composites,ci,0.4890259899029245,0.4990807358953677,2.048924595282325,complete
novel_minima_pair,3037,random,new_source_seed,source_query_numeric_null,composites,ri,0.491770809079372,0.49880671689778844,2.048924595282325,complete
novel_minima_pair,3037,random,new_source_seed,source_query_numeric_null,composites,rci,0.5266691747832515,0.5322135983139418,1.9153095301104162,complete
novel_minima_pair,3037,random,new_source_seed,source_query_numeric_logits,generators,c,0.46901223075978077,0.49880984288020086,2.025115749496193,complete
novel_minima_pair,3037,random,new_source_seed,source_query_numeric_logits,generators,r,0.11263071751928373,0.2965762053655679,3.4429671386685334,complete
novel_minima_pair,3037,random,new_source_seed,source_query_numeric_logits,generators,i,0.5002346099317379,0.5364865386515517,1.8766643815369448,complete
novel_minima_pair,3037,random,new_source_seed,source_query_numeric_logits,composites,rc,0.49153509471470785,0.5053540775371363,1.9793283850052483,complete
novel_minima_pair,3037,random,new_source_seed,source_query_numeric_logits,composites,ci,0.4668859559099121,0.4812067708405744,2.0787264744825626,complete
novel_minima_pair,3037,random,new_source_seed,source_query_numeric_logits,composites,ri,0.4715988711416924,0.48098833653421585,2.0787264744825626,complete
novel_minima_pair,3037,random,new_source_seed,source_query_numeric_logits,composites,rci,0.525701349292678,0.534069262208577,1.8726094602270345,complete
novel_minima_pair,2027,random,new_source_seed,ONE_END,generators,c,0.4766651267779371,0.5138739965984515,2.0356675036648793,complete
novel_minima_pair,2027,random,new_source_seed,ONE_END,generators,r,0.09852063298344343,0.3106786787548035,3.4653823891191746,complete
novel_minima_pair,2027,random,new_source_seed,ONE_END,generators,i,0.5066164555491008,0.5526923061682112,1.8828652412025084,complete
novel_minima_pair,2027,random,new_source_seed,ONE_END,composites,rc,0.5026369897799108,0.5194922010612408,1.9751425461527414,complete
novel_minima_pair,2027,random,new_source_seed,ONE_END,composites,ci,0.4795795530619505,0.49698589113356806,2.0703813633702626,complete
novel_minima_pair,2027,random,new_source_seed,ONE_END,composites,ri,0.4845777493773459,0.4967577927247138,2.0703813633702626,complete
novel_minima_pair,2027,random,new_source_seed,ONE_END,composites,rci,0.5306625759255882,0.5423811704400069,1.8863044595816787,complete
novel_minima_pair,2027,random,new_source_seed,ONE_END_full_width,generators,c,0.37163519916492116,0.5266823607726077,2.0356675036648793,complete
novel_minima_pair,2027,random,new_source_seed,ONE_END_full_width,generators,r,0.06635919353562436,0.3066565024946427,3.4653823891191746,complete
novel_minima_pair,2027,random,new_source_seed,ONE_END_full_width,generators,i,0.4606828117768112,0.5570819312232015,1.8828652412025084,complete
novel_minima_pair,2027,random,new_source_seed,ONE_END_full_width,composites,rc,0.4359289088580197,0.5086947034295208,1.9751425461527414,complete
novel_minima_pair,2027,random,new_source_seed,ONE_END_full_width,composites,ci,0.45660115529664075,0.502513804828812,2.0703813633702626,complete
novel_minima_pair,2027,random,new_source_seed,ONE_END_full_width,composites,ri,0.4768015246736754,0.48571323667444866,2.0703813633702626,complete
novel_minima_pair,2027,random,new_source_seed,ONE_END_full_width,composites,rci,0.5186850162155945,0.5314921376592989,1.8863044595816787,complete
novel_minima_pair,2027,random,new_source_seed,source_query_concat,generators,c,0.4791284717156982,0.5099941632719167,2.044406444905148,complete
novel_minima_pair,2027,random,new_source_seed,source_query_concat,generators,r,0.09868906358002456,0.3097135074487819,3.4558043561845513,complete
novel_minima_pair,2027,random,new_source_seed,source_query_concat,generators,i,0.5057221574822249,0.5516786806954331,1.8840901651942044,complete
novel_minima_pair,2027,random,new_source_seed,source_query_concat,composites,rc,0.5079298277117282,0.5218958469595087,1.9646874735403002,complete
novel_minima_pair,2027,random,new_source_seed,source_query_concat,composites,ci,0.4796986039446732,0.49638431136807665,2.0699628910585295,complete
novel_minima_pair,2027,random,new_source_seed,source_query_concat,composites,ri,0.48246041413366875,0.49573042972486225,2.0699628910585295,complete
novel_minima_pair,2027,random,new_source_seed,source_query_concat,composites,rci,0.5289032669607974,0.5406487357980488,1.890654835497798,complete
novel_minima_pair,2027,random,new_source_seed,source_query_concat_full_width,generators,c,0.1823894003504215,0.5085714764494975,2.044406444905148,complete
novel_minima_pair,2027,random,new_source_seed,source_query_concat_full_width,generators,r,0.058101408095822774,0.3173391645624411,3.4558043561845513,complete
novel_minima_pair,2027,random,new_source_seed,source_query_concat_full_width,generators,i,0.3689831800477309,0.5466938407058409,1.8840901651942044,complete
novel_minima_pair,2027,random,new_source_seed,source_query_concat_full_width,composites,rc,0.35062301047145633,0.5173664948590945,1.9646874735403002,complete
novel_minima_pair,2027,random,new_source_seed,source_query_concat_full_width,composites,ci,0.42201795875412235,0.4921778303704997,2.0699628910585295,complete
novel_minima_pair,2027,random,new_source_seed,source_query_concat_full_width,composites,ri,0.5224326482785473,0.49193085707992334,2.0699628910585295,complete
novel_minima_pair,2027,random,new_source_seed,source_query_concat_full_width,composites,rci,0.5294797178038568,0.5329457632686456,1.890654835497798,complete
novel_minima_pair,2027,random,new_source_seed,source_query_numeric_contrast,generators,c,0.4598973302543653,0.4927204039645618,2.056813226138173,complete
novel_minima_pair,2027,random,new_source_seed,source_query_numeric_contrast,generators,r,0.11353960964227773,0.29697847434828195,3.451699479439853,complete
novel_minima_pair,2027,random,new_source_seed,source_query_numeric_contrast,generators,i,0.49688473949476786,0.5333533702586967,1.892723715802976,complete
novel_minima_pair,2027,random,new_source_seed,source_query_numeric_contrast,composites,rc,0.4976354908921842,0.5142288153585576,1.9455393672540515,complete
novel_minima_pair,2027,random,new_source_seed,source_query_numeric_contrast,composites,ci,0.4691416933343269,0.48593517778971845,2.059069722217824,complete
novel_minima_pair,2027,random,new_source_seed,source_query_numeric_contrast,composites,ri,0.47962082035627335,0.48561375785904587,2.0590697222178242,complete
novel_minima_pair,2027,random,new_source_seed,source_query_numeric_contrast,composites,rci,0.5193204576506525,0.5263279343920247,1.8999841929399983,complete
novel_minima_pair,2027,random,new_source_seed,source_query_numeric_null,generators,c,0.47896065413718436,0.5094096926560155,2.0426061796532675,complete
novel_minima_pair,2027,random,new_source_seed,source_query_numeric_null,generators,r,0.09811038510725403,0.3088576309372497,3.456399987462958,complete
novel_minima_pair,2027,random,new_source_seed,source_query_numeric_null,generators,i,0.5075397493722519,0.5512275357307559,1.882837408264797,complete
novel_minima_pair,2027,random,new_source_seed,source_query_numeric_null,composites,rc,0.5070324189775794,0.5204144114011098,1.9674659274953594,complete
novel_minima_pair,2027,random,new_source_seed,source_query_numeric_null,composites,ci,0.4792141809098662,0.49547503192270154,2.071543526114348,complete
novel_minima_pair,2027,random,new_source_seed,source_query_numeric_null,composites,ri,0.48199412230621075,0.4949370675135834,2.071543526114348,complete
novel_minima_pair,2027,random,new_source_seed,source_query_numeric_null,composites,rci,0.5289916580443332,0.5405382564910028,1.8893011146809229,complete
novel_minima_pair,2027,random,new_source_seed,source_query_numeric_logits,generators,c,0.4602553933274272,0.49333129453398333,2.053619372165445,complete
novel_minima_pair,2027,random,new_source_seed,source_query_numeric_logits,generators,r,0.11239846537574079,0.2963673998187735,3.458104034620744,complete
novel_minima_pair,2027,random,new_source_seed,source_query_numeric_logits,generators,i,0.4932697815367798,0.5311552314690928,1.9022613440585443,complete
novel_minima_pair,2027,random,new_source_seed,source_query_numeric_logits,composites,rc,0.49760606389406814,0.5138112717842567,1.9471597356885597,complete
novel_minima_pair,2027,random,new_source_seed,source_query_numeric_logits,composites,ci,0.47126059499091566,0.48837644189617635,2.0485630309009046,complete
novel_minima_pair,2027,random,new_source_seed,source_query_numeric_logits,composites,ri,0.48239623605443704,0.48811237510789257,2.0485630309009046,complete
novel_minima_pair,2027,random,new_source_seed,source_query_numeric_logits,composites,rci,0.5170759067667398,0.5237008184721348,1.9095048042773286,complete
novel_records,3037,random,new_source_seed,ONE_END,generators,c,0.48799703167768926,0.5142063448940484,2.0221630505411743,complete
novel_records,3037,random,new_source_seed,ONE_END,generators,r,0.08792901112686048,0.3079727356796931,3.4494479265434586,complete
novel_records,3037,random,new_source_seed,ONE_END,generators,i,0.5082291209969614,0.5480483279058294,1.9005413254463122,complete
novel_records,3037,random,new_source_seed,ONE_END,composites,rc,0.5061548851440018,0.514880489045024,1.9865418840988902,complete
novel_records,3037,random,new_source_seed,ONE_END,composites,ci,0.4843428300798845,0.4971644583488316,2.0580215809052076,complete
novel_records,3037,random,new_source_seed,ONE_END,composites,ri,0.4886456266657895,0.4973262374254144,2.0580215809052076,complete
novel_records,3037,random,new_source_seed,ONE_END,composites,rci,0.5272939935927303,0.5343583340779048,1.9072653354035394,complete
novel_records,3037,random,new_source_seed,ONE_END_full_width,generators,c,0.3991044651441981,0.5277289275567383,2.0221630505411743,complete
novel_records,3037,random,new_source_seed,ONE_END_full_width,generators,r,0.06246398332410932,0.3072117020559797,3.4494479265434586,complete
novel_records,3037,random,new_source_seed,ONE_END_full_width,generators,i,0.4582931585537311,0.5585059213025391,1.9005413254463122,complete
novel_records,3037,random,new_source_seed,ONE_END_full_width,composites,rc,0.4559123255790517,0.5056036834332488,1.9865418840988902,complete
novel_records,3037,random,new_source_seed,ONE_END_full_width,composites,ci,0.46039072594749225,0.5052738201210194,2.0580215809052076,complete
novel_records,3037,random,new_source_seed,ONE_END_full_width,composites,ri,0.47576269191147935,0.49004599988724096,2.0580215809052076,complete
novel_records,3037,random,new_source_seed,ONE_END_full_width,composites,rci,0.511195833249021,0.5268076579950631,1.9072653354035394,complete
novel_records,3037,random,new_source_seed,source_query_concat,generators,c,0.4895019795291717,0.5182204074221748,2.0198315006604517,complete
novel_records,3037,random,new_source_seed,source_query_concat,generators,r,0.09340228790917496,0.30828173182304813,3.4400533682704024,complete
novel_records,3037,random,new_source_seed,source_query_concat,generators,i,0.509580267517566,0.5467075104259136,1.907310320624448,complete
novel_records,3037,random,new_source_seed,source_query_concat,composites,rc,0.5077496322808763,0.5145461529978304,1.9884163095418763,complete
novel_records,3037,random,new_source_seed,source_query_concat,composites,ci,0.4882005970932143,0.49891198862739755,2.052524680753546,complete
novel_records,3037,random,new_source_seed,source_query_concat,composites,ri,0.4911254725224726,0.49871169677631166,2.0525246807535455,complete
novel_records,3037,random,new_source_seed,source_query_concat,composites,rci,0.5281163028432289,0.5341210805095501,1.9105967204961052,complete
novel_records,3037,random,new_source_seed,source_query_concat_full_width,generators,c,0.19757383021098174,0.5167272817652011,2.0198315006604517,complete
novel_records,3037,random,new_source_seed,source_query_concat_full_width,generators,r,0.05732841420691241,0.31579118570979675,3.4400533682704024,complete
novel_records,3037,random,new_source_seed,source_query_concat_full_width,generators,i,0.36591004267013666,0.5425694321069363,1.907310320624448,complete
novel_records,3037,random,new_source_seed,source_query_concat_full_width,composites,rc,0.36482164380860016,0.5102801598812611,1.9884163095418763,complete
novel_records,3037,random,new_source_seed,source_query_concat_full_width,composites,ci,0.4242589770238484,0.49521252784999636,2.052524680753546,complete
novel_records,3037,random,new_source_seed,source_query_concat_full_width,composites,ri,0.5250379149925715,0.4950686650130392,2.0525246807535455,complete
novel_records,3037,random,new_source_seed,source_query_concat_full_width,composites,rci,0.5331816653108958,0.5278582890643888,1.9105967204961052,complete
novel_records,3037,random,new_source_seed,source_query_numeric_contrast,generators,c,0.4679295670889467,0.499185365712816,2.0244618751909034,complete
novel_records,3037,random,new_source_seed,source_query_numeric_contrast,generators,r,0.11146143866951357,0.2958088696918098,3.4384671668586426,complete
novel_records,3037,random,new_source_seed,source_query_numeric_contrast,generators,i,0.5031654450924851,0.5387354267915285,1.8678517402635992,complete
novel_records,3037,random,new_source_seed,source_query_numeric_contrast,composites,rc,0.49111125463365457,0.5059121830563645,1.9770862650109884,complete
novel_records,3037,random,new_source_seed,source_query_numeric_contrast,composites,ci,0.46413017058077405,0.4801385613049088,2.0831845616442517,complete
novel_records,3037,random,new_source_seed,source_query_numeric_contrast,composites,ri,0.4709178345705298,0.4799637326134412,2.0831845616442517,complete
novel_records,3037,random,new_source_seed,source_query_numeric_contrast,composites,rci,0.5259537157003172,0.5344999826673307,1.8710841575555304,complete
novel_records,3037,random,new_source_seed,source_query_numeric_null,generators,c,0.4883522810686443,0.517329071631175,2.019274332389031,complete
novel_records,3037,random,new_source_seed,source_query_numeric_null,generators,r,0.09372962590822201,0.3071706002617489,3.440244234277656,complete
novel_records,3037,random,new_source_seed,source_query_numeric_null,generators,i,0.50781415150058,0.5443484709123368,1.912058331582908,complete
novel_records,3037,random,new_source_seed,source_query_numeric_null,composites,rc,0.5064599338323337,0.5136018854173768,1.9897796423100738,complete
novel_records,3037,random,new_source_seed,source_query_numeric_null,composites,ci,0.4889683469553771,0.49903380599290753,2.0488354083792513,complete
novel_records,3037,random,new_source_seed,source_query_numeric_null,composites,ri,0.49174548698583587,0.49877154400672913,2.0488354083792513,complete
novel_records,3037,random,new_source_seed,source_query_numeric_null,composites,rci,0.5265892652219827,0.532148759726921,1.9153512271236381,complete
novel_records,3037,random,new_source_seed,source_query_numeric_logits,generators,c,0.4674319678386826,0.4987640752432679,2.0252378020286144,complete
novel_records,3037,random,new_source_seed,source_query_numeric_logits,generators,r,0.11145081058182457,0.29659488165632186,3.4428961841195336,complete
novel_records,3037,random,new_source_seed,source_query_numeric_logits,generators,i,0.5027653124751508,0.5365120231107326,1.8766175107681577,complete
novel_records,3037,random,new_source_seed,source_query_numeric_logits,composites,rc,0.4903184460446181,0.5053828919044874,1.9792211435607183,complete
novel_records,3037,random,new_source_seed,source_query_numeric_logits,composites,ci,0.4662694595174377,0.48119726124439505,2.0787391921302003,complete
novel_records,3037,random,new_source_seed,source_query_numeric_logits,composites,ri,0.4729304611937225,0.4809884336378465,2.0787391921302008,complete
novel_records,3037,random,new_source_seed,source_query_numeric_logits,composites,rci,0.5260364995586428,0.5340944364061546,1.8725052391398949,complete
novel_records,2027,trained,new_source_seed,ONE_END,generators,c,0.3804067588831595,0.47694493354721473,2.140381961406219,complete
novel_records,2027,trained,new_source_seed,ONE_END,generators,r,0.34972295490739963,0.48557990522188904,2.146194649901168,complete
novel_records,2027,trained,new_source_seed,ONE_END,generators,i,0.39097856357239774,0.5344856036088212,1.8822232595520145,complete
novel_records,2027,trained,new_source_seed,ONE_END,composites,rc,0.428919122592095,0.5169322137654947,1.95068501968724,complete
novel_records,2027,trained,new_source_seed,ONE_END,composites,ci,0.38919649513648424,0.4824401456927084,2.0841993987559913,complete
novel_records,2027,trained,new_source_seed,ONE_END,composites,ri,0.40399972806337225,0.48195116158659057,2.0841993987559913,complete
novel_records,2027,trained,new_source_seed,ONE_END,composites,rci,1.0731701721660292,1.3831571212144664,0.7262508300339645,complete
novel_records,2027,trained,new_source_seed,ONE_END_full_width,generators,c,0.32220103489730795,0.49065061243694996,2.140381961406219,complete
novel_records,2027,trained,new_source_seed,ONE_END_full_width,generators,r,0.32389961274514356,0.4885309822118359,2.146194649901168,complete
novel_records,2027,trained,new_source_seed,ONE_END_full_width,generators,i,0.34295166176479847,0.5386939296093699,1.8822232595520145,complete
novel_records,2027,trained,new_source_seed,ONE_END_full_width,composites,rc,0.42502080819987315,0.5144397614791414,1.95068501968724,complete
novel_records,2027,trained,new_source_seed,ONE_END_full_width,composites,ci,0.34343969535986707,0.48662607483789333,2.0841993987559913,complete
novel_records,2027,trained,new_source_seed,ONE_END_full_width,composites,ri,0.39909306528243293,0.48022989896653534,2.0841993987559913,complete
novel_records,2027,trained,new_source_seed,ONE_END_full_width,composites,rci,0.9614740426494434,1.384378841603091,0.7262508300339645,complete
novel_records,2027,trained,new_source_seed,source_query_concat,generators,c,0.09300726183039106,0.5002275463876731,2.0550978310790415,complete
novel_records,2027,trained,new_source_seed,source_query_concat,generators,r,0.1030414828500811,0.5128873614502636,2.063944770649552,complete
novel_records,2027,trained,new_source_seed,source_query_concat,generators,i,0.12421322034557744,0.9405252448404847,1.0957125908787506,complete
novel_records,2027,trained,new_source_seed,source_query_concat,composites,rc,0.13053759752466193,0.5289385082144634,1.9235650403674238,complete
novel_records,2027,trained,new_source_seed,source_query_concat,composites,ci,0.10306693944527914,0.49931476749100656,2.0356477238490944,complete
novel_records,2027,trained,new_source_seed,source_query_concat,composites,ri,0.10113668278145696,0.4982550848481557,2.0356477238490944,complete
novel_records,2027,trained,new_source_seed,source_query_concat,composites,rci,0.23973713127682922,0.9402550193942153,1.077143701212908,complete
novel_records,2027,trained,new_source_seed,source_query_concat_full_width,generators,c,0.06653702399543085,0.5013297946091037,2.0550978310790415,complete
novel_records,2027,trained,new_source_seed,source_query_concat_full_width,generators,r,0.07660676120016521,0.5137125939152855,2.063944770649552,complete
novel_records,2027,trained,new_source_seed,source_query_concat_full_width,generators,i,0.08717106127231289,0.9201722860456434,1.0957125908787506,complete
novel_records,2027,trained,new_source_seed,source_query_concat_full_width,composites,rc,0.10196231630053161,0.5269752976315017,1.9235650403674238,complete
novel_records,2027,trained,new_source_seed,source_query_concat_full_width,composites,ci,0.07770597450508845,0.49784382161688834,2.0356477238490944,complete
novel_records,2027,trained,new_source_seed,source_query_concat_full_width,composites,ri,0.07553564719909268,0.498012254575458,2.0356477238490944,complete
novel_records,2027,trained,new_source_seed,source_query_concat_full_width,composites,rci,0.19185833995335697,0.9350339790068468,1.077143701212908,complete
novel_records,2027,trained,new_source_seed,source_query_numeric_contrast,generators,c,0.0680210600971397,0.49533946321626454,2.036664341832578,complete
novel_records,2027,trained,new_source_seed,source_query_numeric_contrast,generators,r,0.07703369400580631,0.5065783474116947,2.0495261067857014,complete
novel_records,2027,trained,new_source_seed,source_query_numeric_contrast,generators,i,0.08593127959317617,0.9768176573763133,1.0398233301934492,complete
novel_records,2027,trained,new_source_seed,source_query_numeric_contrast,composites,rc,0.1017328401348454,0.5223348865539238,1.9213644705417052,complete
novel_records,2027,trained,new_source_seed,source_query_numeric_contrast,composites,ci,0.07544705302905014,0.4918370316373944,2.0375035694420887,complete
novel_records,2027,trained,new_source_seed,source_query_numeric_contrast,composites,ri,0.07389267957061178,0.49207241019088127,2.0375035694420887,complete
novel_records,2027,trained,new_source_seed,source_query_numeric_contrast,composites,rci,0.20177825611109854,0.9891723864266764,1.0120544153966906,complete
novel_records,2027,trained,new_source_seed,source_query_numeric_null,generators,c,0.2547923754549778,0.5002420212253266,2.192770555804456,complete
novel_records,2027,trained,new_source_seed,source_query_numeric_null,generators,r,0.2751053981209461,0.5196392271945903,2.17163229060278,complete
novel_records,2027,trained,new_source_seed,source_query_numeric_null,generators,i,0.30444826014678866,0.7197814227568714,1.513128235771395,complete
novel_records,2027,trained,new_source_seed,source_query_numeric_null,composites,rc,0.33095883450138947,0.5600588373736782,1.9400002599725976,complete
novel_records,2027,trained,new_source_seed,source_query_numeric_null,composites,ci,0.30109773194542544,0.5374949816597959,2.0217871185105714,complete
novel_records,2027,trained,new_source_seed,source_query_numeric_null,composites,ri,0.2933056710898767,0.5379703754669112,2.021787118510571,complete
novel_records,2027,trained,new_source_seed,source_query_numeric_null,composites,rci,0.41338440279220495,0.6845904329146042,1.563270836935123,complete
novel_records,2027,trained,new_source_seed,source_query_numeric_logits,generators,c,0.06063159905733811,0.472640376962958,2.1096397523062023,complete
novel_records,2027,trained,new_source_seed,source_query_numeric_logits,generators,r,0.06640349858645576,0.4888445865378329,2.137520400181838,complete
novel_records,2027,trained,new_source_seed,source_query_numeric_logits,generators,i,0.09217512362027472,1.0381069457458783,0.9734628665238865,complete
novel_records,2027,trained,new_source_seed,source_query_numeric_logits,composites,rc,0.08400650338061867,0.5244489332409901,1.912428909378503,complete
novel_records,2027,trained,new_source_seed,source_query_numeric_logits,composites,ci,0.06597112399460299,0.47349875135148717,2.117089143986111,complete
novel_records,2027,trained,new_source_seed,source_query_numeric_logits,composites,ri,0.06515809939972693,0.4725261509590559,2.117089143986111,complete
novel_records,2027,trained,new_source_seed,source_query_numeric_logits,composites,rci,0.15718603107440954,0.9329142078782369,1.0725079834919098,complete
novel_minima_pair,4051,random,new_source_seed,ONE_END,generators,c,0.47644617420988167,0.5134847676976407,2.0403166708240206,complete
novel_minima_pair,4051,random,new_source_seed,ONE_END,generators,r,0.09099204442408532,0.30388318618817534,3.4650510433684745,complete
novel_minima_pair,4051,random,new_source_seed,ONE_END,generators,i,0.5058374062405977,0.5608696806799104,1.8642771326845151,complete
novel_minima_pair,4051,random,new_source_seed,ONE_END,composites,rc,0.5067551909662263,0.5223074132708297,1.9606502944170559,complete
novel_minima_pair,4051,random,new_source_seed,ONE_END,composites,ci,0.4710425621496461,0.49024233401319334,2.0929868767605573,complete
novel_minima_pair,4051,random,new_source_seed,ONE_END,composites,ri,0.4776763619016524,0.4901074194719657,2.0929868767605573,complete
novel_minima_pair,4051,random,new_source_seed,ONE_END,composites,rci,0.5391201600898432,0.5491525430819588,1.8594570258827015,complete
novel_minima_pair,4051,random,new_source_seed,ONE_END_full_width,generators,c,0.3841814758360174,0.521136058715519,2.0403166708240206,complete
novel_minima_pair,4051,random,new_source_seed,ONE_END_full_width,generators,r,0.06332754062485568,0.30302200721020567,3.4650510433684745,complete
novel_minima_pair,4051,random,new_source_seed,ONE_END_full_width,generators,i,0.4581153745485842,0.5724573693137114,1.8642771326845151,complete
novel_minima_pair,4051,random,new_source_seed,ONE_END_full_width,composites,rc,0.45292358374134356,0.5126544201010438,1.9606502944170559,complete
novel_minima_pair,4051,random,new_source_seed,ONE_END_full_width,composites,ci,0.4456098948848417,0.48208152364415163,2.0929868767605573,complete
novel_minima_pair,4051,random,new_source_seed,ONE_END_full_width,composites,ri,0.467153621083279,0.4804865871276648,2.0929868767605573,complete
novel_minima_pair,4051,random,new_source_seed,ONE_END_full_width,composites,rci,0.5243694527854982,0.5383522017764092,1.8594570258827015,complete
novel_minima_pair,4051,random,new_source_seed,source_query_concat,generators,c,0.4764097390884978,0.5162283598762591,2.0314633464459577,complete
novel_minima_pair,4051,random,new_source_seed,source_query_concat,generators,r,0.09268996969351885,0.30484081762175674,3.4614763082725424,complete
novel_minima_pair,4051,random,new_source_seed,source_query_concat,generators,i,0.5083352108368694,0.5616384095480171,1.8554715894675369,complete
novel_minima_pair,4051,random,new_source_seed,source_query_concat,composites,rc,0.5037303987598742,0.5205479934708745,1.9659640736115465,complete
novel_minima_pair,4051,random,new_source_seed,source_query_concat,composites,ci,0.4689828809356312,0.48836772075390644,2.1021781338444123,complete
novel_minima_pair,4051,random,new_source_seed,source_query_concat,composites,ri,0.47541321970745865,0.48782784579518346,2.1021781338444123,complete
novel_minima_pair,4051,random,new_source_seed,source_query_concat,composites,rci,0.5394058730692829,0.550487917522389,1.8539366914951458,complete
novel_minima_pair,4051,random,new_source_seed,source_query_concat_full_width,generators,c,0.17673420209878823,0.5152231815441647,2.0314633464459577,complete
novel_minima_pair,4051,random,new_source_seed,source_query_concat_full_width,generators,r,0.05377248670330252,0.31259628134203477,3.4614763082725424,complete
novel_minima_pair,4051,random,new_source_seed,source_query_concat_full_width,generators,i,0.33831778724262107,0.5579633670858378,1.8554715894675369,complete
novel_minima_pair,4051,random,new_source_seed,source_query_concat_full_width,composites,rc,0.34895793130196523,0.51614800241023,1.9659640736115465,complete
novel_minima_pair,4051,random,new_source_seed,source_query_concat_full_width,composites,ci,0.3816899018844906,0.4845824876958671,2.1021781338444123,complete
novel_minima_pair,4051,random,new_source_seed,source_query_concat_full_width,composites,ri,0.5112099425415928,0.4844444408338583,2.1021781338444123,complete
novel_minima_pair,4051,random,new_source_seed,source_query_concat_full_width,composites,rci,0.537774219294281,0.5436437306854265,1.8539366914951458,complete
novel_minima_pair,4051,random,new_source_seed,source_query_numeric_contrast,generators,c,0.4598282276713306,0.4968494537275442,2.0381195869883144,complete
novel_minima_pair,4051,random,new_source_seed,source_query_numeric_contrast,generators,r,0.1095178940654113,0.29264773075654793,3.466169456150545,complete
novel_minima_pair,4051,random,new_source_seed,source_query_numeric_contrast,generators,i,0.5005054680838287,0.5416092777014915,1.8728678369651743,complete
novel_minima_pair,4051,random,new_source_seed,source_query_numeric_contrast,composites,rc,0.4924659647918303,0.5119867101112237,1.9533904177833408,complete
novel_minima_pair,4051,random,new_source_seed,source_query_numeric_contrast,composites,ci,0.46391429632631187,0.4821213593982768,2.075007138451058,complete
novel_minima_pair,4051,random,new_source_seed,source_query_numeric_contrast,composites,ri,0.47505453688683696,0.481932350536625,2.075007138451058,complete
novel_minima_pair,4051,random,new_source_seed,source_query_numeric_contrast,composites,rci,0.5214297343723604,0.5300962781394103,1.886471550369547,complete
novel_minima_pair,4051,random,new_source_seed,source_query_numeric_null,generators,c,0.47567340479449854,0.5157170041403742,2.0306403347268986,complete
novel_minima_pair,4051,random,new_source_seed,source_query_numeric_null,generators,r,0.09307127618619751,0.3038347251002071,3.460896023398778,complete
novel_minima_pair,4051,random,new_source_seed,source_query_numeric_null,generators,i,0.5074518857579803,0.5621611970627345,1.8533206282053805,complete
novel_minima_pair,4051,random,new_source_seed,source_query_numeric_null,composites,rc,0.5028840868964456,0.5194055135432264,1.9675187449056766,complete
novel_minima_pair,4051,random,new_source_seed,source_query_numeric_null,composites,ci,0.4672935428095097,0.48668271345110514,2.1055376950689397,complete
novel_minima_pair,4051,random,new_source_seed,source_query_numeric_null,composites,ri,0.47397418511912953,0.4861842774924633,2.1055376950689397,complete
novel_minima_pair,4051,random,new_source_seed,source_query_numeric_null,composites,rci,0.5398998308801196,0.5511062823016004,1.8499139146797396,complete
novel_minima_pair,4051,random,new_source_seed,source_query_numeric_logits,generators,c,0.46042567470527135,0.49775181553084824,2.034401649822817,complete
novel_minima_pair,4051,random,new_source_seed,source_query_numeric_logits,generators,r,0.10794112292981807,0.29263077240277613,3.474893931324686,complete
novel_minima_pair,4051,random,new_source_seed,source_query_numeric_logits,generators,i,0.5022927083009336,0.5432891195429691,1.8680967208738242,complete
novel_minima_pair,4051,random,new_source_seed,source_query_numeric_logits,composites,rc,0.49196852164622257,0.5120396061903396,1.9532761133565313,complete
novel_minima_pair,4051,random,new_source_seed,source_query_numeric_logits,composites,ci,0.4633133600961906,0.4819740043499793,2.075619129392462,complete
novel_minima_pair,4051,random,new_source_seed,source_query_numeric_logits,composites,ri,0.47594689928445444,0.4818057357872685,2.075619129392462,complete
novel_minima_pair,4051,random,new_source_seed,source_query_numeric_logits,composites,rci,0.5224403303472622,0.5303736671873628,1.8854893293182151,complete
novel_records,3037,trained,new_source_seed,ONE_END,generators,c,0.41550843499811657,0.4963764849441899,2.0601820889314517,complete
novel_records,3037,trained,new_source_seed,ONE_END,generators,r,0.41889122811524904,0.4954487184303852,2.067835132006912,complete
novel_records,3037,trained,new_source_seed,ONE_END,generators,i,0.44450418613629433,0.537763066477746,1.8898024380125307,complete
novel_records,3037,trained,new_source_seed,ONE_END,composites,rc,0.46207008446227826,0.5259365845218581,1.9087809407081315,complete
novel_records,3037,trained,new_source_seed,ONE_END,composites,ci,0.4424991679549425,0.49406094154609237,2.0338513757092964,complete
novel_records,3037,trained,new_source_seed,ONE_END,composites,ri,0.43601671223538796,0.4933907922042231,2.0338513757092964,complete
novel_records,3037,trained,new_source_seed,ONE_END,composites,rci,1.975769220797261,2.234937592107161,0.44852497822400905,complete
novel_records,3037,trained,new_source_seed,ONE_END_full_width,generators,c,0.39464699367947914,0.5014896685088178,2.0601820889314517,complete
novel_records,3037,trained,new_source_seed,ONE_END_full_width,generators,r,0.4056484556073321,0.4971336141695906,2.067835132006912,complete
novel_records,3037,trained,new_source_seed,ONE_END_full_width,generators,i,0.42683960711143243,0.5413197758821306,1.8898024380125307,complete
novel_records,3037,trained,new_source_seed,ONE_END_full_width,composites,rc,0.4551132039975524,0.5248366851336759,1.9087809407081315,complete
novel_records,3037,trained,new_source_seed,ONE_END_full_width,composites,ci,0.4339362558329786,0.4942731742965225,2.0338513757092964,complete
novel_records,3037,trained,new_source_seed,ONE_END_full_width,composites,ri,0.42416528934138853,0.49225798388808234,2.0338513757092964,complete
novel_records,3037,trained,new_source_seed,ONE_END_full_width,composites,rci,1.92155461736791,2.2331357220696035,0.44852497822400905,complete
novel_records,3037,trained,new_source_seed,source_query_concat,generators,c,0.09496075002959387,0.49847038100779895,2.066306612789086,complete
novel_records,3037,trained,new_source_seed,source_query_concat,generators,r,0.15577866861941372,0.4983582550083445,2.087483216871685,complete
novel_records,3037,trained,new_source_seed,source_query_concat,generators,i,0.20339084726148338,0.932421566026245,1.0910616794996921,complete
novel_records,3037,trained,new_source_seed,source_query_concat,composites,rc,0.18150615503893947,0.529896340186638,1.9199565756311192,complete
novel_records,3037,trained,new_source_seed,source_query_concat,composites,ci,0.13504648068251768,0.4965712568083291,2.0478396487379693,complete
novel_records,3037,trained,new_source_seed,source_query_concat,composites,ri,0.14248814923504033,0.49570689354295205,2.0478396487379693,complete
novel_records,3037,trained,new_source_seed,source_query_concat,composites,rci,0.3173213004706707,0.9097042902257569,1.112947043472661,complete
novel_records,3037,trained,new_source_seed,source_query_concat_full_width,generators,c,0.07502563732911616,0.4994564275045239,2.066306612789086,complete
novel_records,3037,trained,new_source_seed,source_query_concat_full_width,generators,r,0.12265134726755551,0.4996929553848383,2.087483216871685,complete
novel_records,3037,trained,new_source_seed,source_query_concat_full_width,generators,i,0.15560117514478927,0.9142341324779976,1.0910616794996921,complete
novel_records,3037,trained,new_source_seed,source_query_concat_full_width,composites,rc,0.15175104170923184,0.5283374669806723,1.9199565756311192,complete
novel_records,3037,trained,new_source_seed,source_query_concat_full_width,composites,ci,0.10872944766610199,0.49508349265504875,2.0478396487379693,complete
novel_records,3037,trained,new_source_seed,source_query_concat_full_width,composites,ri,0.11503381894790897,0.4945117720378116,2.0478396487379693,complete
novel_records,3037,trained,new_source_seed,source_query_concat_full_width,composites,rci,0.27020629466482887,0.9042938905037508,1.112947043472661,complete
novel_records,3037,trained,new_source_seed,source_query_numeric_contrast,generators,c,0.07151174576666601,0.4940090221468284,2.044898776717255,complete
novel_records,3037,trained,new_source_seed,source_query_numeric_contrast,generators,r,0.13899390736439488,0.49614784496293374,2.06024821935452,complete
novel_records,3037,trained,new_source_seed,source_query_numeric_contrast,generators,i,0.1741981360709665,0.9690694330657574,1.0313941309461943,complete
novel_records,3037,trained,new_source_seed,source_query_numeric_contrast,composites,rc,0.15815836086861787,0.5231566871777802,1.9173844086999594,complete
novel_records,3037,trained,new_source_seed,source_query_numeric_contrast,composites,ci,0.11136059491607202,0.4900361454423916,2.045789856380473,complete
novel_records,3037,trained,new_source_seed,source_query_numeric_contrast,composites,ri,0.11947439097365418,0.48943381036835015,2.045789856380473,complete
novel_records,3037,trained,new_source_seed,source_query_numeric_contrast,composites,rci,0.2937253960462393,0.9488206509510436,1.0550052110507795,complete
novel_records,3037,trained,new_source_seed,source_query_numeric_null,generators,c,0.25779493083864624,0.49645916577074223,2.2312993422721457,complete
novel_records,3037,trained,new_source_seed,source_query_numeric_null,generators,r,0.26666561639984737,0.48543389389879676,2.2973865701458616,complete
novel_records,3037,trained,new_source_seed,source_query_numeric_null,generators,i,0.3474410497822113,0.7013434614743956,1.5509265469422373,complete
novel_records,3037,trained,new_source_seed,source_query_numeric_null,composites,rc,0.35342049050117647,0.562782730918079,1.939780570977217,complete
novel_records,3037,trained,new_source_seed,source_query_numeric_null,composites,ci,0.3132159739780234,0.5304017869038233,2.0636376413422686,complete
novel_records,3037,trained,new_source_seed,source_query_numeric_null,composites,ri,0.3152875278063519,0.5290143060772979,2.0636376413422686,complete
novel_records,3037,trained,new_source_seed,source_query_numeric_null,composites,rci,0.44659645105746515,0.6879429864384898,1.5595116121875372,complete
novel_records,3037,trained,new_source_seed,source_query_numeric_logits,generators,c,0.0740844668765199,0.47461639519102483,2.1326373123598374,complete
novel_records,3037,trained,new_source_seed,source_query_numeric_logits,generators,r,0.11131809489959435,0.470755692707004,2.1580815401853486,complete
novel_records,3037,trained,new_source_seed,source_query_numeric_logits,generators,i,0.1751355852354002,0.9967666979265721,1.0009465862679527,complete
novel_records,3037,trained,new_source_seed,source_query_numeric_logits,composites,rc,0.1319997583361626,0.5166797417682647,1.9396080268080371,complete
novel_records,3037,trained,new_source_seed,source_query_numeric_logits,composites,ci,0.09879352466395179,0.46865685597870993,2.1366076914793632,complete
novel_records,3037,trained,new_source_seed,source_query_numeric_logits,composites,ri,0.10366450795678112,0.46821459835615126,2.1366076914793637,complete
novel_records,3037,trained,new_source_seed,source_query_numeric_logits,composites,rci,0.2283867597349595,0.8779034632900272,1.1394146054364207,complete
novel_peak_mixed,2027,random,new_source_seed,ONE_END,generators,c,0.4766651267779371,0.5138739965984515,2.0356675036648793,complete
novel_peak_mixed,2027,random,new_source_seed,ONE_END,generators,r,0.09852063298344343,0.3106786787548035,3.4653823891191746,complete
novel_peak_mixed,2027,random,new_source_seed,ONE_END,generators,i,0.5066164555491008,0.5526923061682112,1.8828652412025084,complete
novel_peak_mixed,2027,random,new_source_seed,ONE_END,composites,rc,0.5026369897799108,0.5194922010612408,1.9751425461527414,complete
novel_peak_mixed,2027,random,new_source_seed,ONE_END,composites,ci,0.4795795530619505,0.49698589113356806,2.0703813633702626,complete
novel_peak_mixed,2027,random,new_source_seed,ONE_END,composites,ri,0.4845777493773459,0.4967577927247138,2.0703813633702626,complete
novel_peak_mixed,2027,random,new_source_seed,ONE_END,composites,rci,0.5306625759255882,0.5423811704400069,1.8863044595816787,complete
novel_peak_mixed,2027,random,new_source_seed,ONE_END_full_width,generators,c,0.37163519916492116,0.5266823607726077,2.0356675036648793,complete
novel_peak_mixed,2027,random,new_source_seed,ONE_END_full_width,generators,r,0.06635919353562436,0.3066565024946427,3.4653823891191746,complete
novel_peak_mixed,2027,random,new_source_seed,ONE_END_full_width,generators,i,0.4606828117768112,0.5570819312232015,1.8828652412025084,complete
novel_peak_mixed,2027,random,new_source_seed,ONE_END_full_width,composites,rc,0.4359289088580197,0.5086947034295208,1.9751425461527414,complete
novel_peak_mixed,2027,random,new_source_seed,ONE_END_full_width,composites,ci,0.45660115529664075,0.502513804828812,2.0703813633702626,complete
novel_peak_mixed,2027,random,new_source_seed,ONE_END_full_width,composites,ri,0.4768015246736754,0.48571323667444866,2.0703813633702626,complete
novel_peak_mixed,2027,random,new_source_seed,ONE_END_full_width,composites,rci,0.5186850162155945,0.5314921376592989,1.8863044595816787,complete
novel_peak_mixed,2027,random,new_source_seed,source_query_concat,generators,c,0.4790048866207923,0.5099398294091556,2.044485138566173,complete
novel_peak_mixed,2027,random,new_source_seed,source_query_concat,generators,r,0.09868597407773105,0.30966826741155645,3.455776625818007,complete
novel_peak_mixed,2027,random,new_source_seed,source_query_concat,generators,i,0.5057116339414889,0.5517655599973009,1.8836437971625353,complete
novel_peak_mixed,2027,random,new_source_seed,source_query_concat,composites,rc,0.5078880719851917,0.5219249359557785,1.9646266483478152,complete
novel_peak_mixed,2027,random,new_source_seed,source_query_concat,composites,ci,0.4796152321236633,0.4963311503611069,2.07020716362654,complete
novel_peak_mixed,2027,random,new_source_seed,source_query_concat,composites,ri,0.48236289139357064,0.495680388832499,2.07020716362654,complete
novel_peak_mixed,2027,random,new_source_seed,source_query_concat,composites,rci,0.5289238602837181,0.5406814402859559,1.8905176990102355,complete
novel_peak_mixed,2027,random,new_source_seed,source_query_concat_full_width,generators,c,0.176870903475039,0.5085442870049529,2.044485138566173,complete
novel_peak_mixed,2027,random,new_source_seed,source_query_concat_full_width,generators,r,0.05871334005967147,0.317321132510982,3.455776625818007,complete
novel_peak_mixed,2027,random,new_source_seed,source_query_concat_full_width,generators,i,0.35573089285590975,0.5468008248326307,1.8836437971625353,complete
novel_peak_mixed,2027,random,new_source_seed,source_query_concat_full_width,composites,rc,0.3454504369011662,0.5173876983907116,1.9646266483478152,complete
novel_peak_mixed,2027,random,new_source_seed,source_query_concat_full_width,composites,ci,0.41662596865935153,0.49212336533339845,2.07020716362654,complete
novel_peak_mixed,2027,random,new_source_seed,source_query_concat_full_width,composites,ri,0.5300557285447094,0.4918746996464336,2.07020716362654,complete
novel_peak_mixed,2027,random,new_source_seed,source_query_concat_full_width,composites,rci,0.5336171606624096,0.532982754865768,1.8905176990102355,complete
novel_peak_mixed,2027,random,new_source_seed,source_query_numeric_contrast,generators,c,0.4582166251429295,0.492744746853547,2.056724789469041,complete
novel_peak_mixed,2027,random,new_source_seed,source_query_numeric_contrast,generators,r,0.11448221357059445,0.29694768493658436,3.451865632452476,complete
novel_peak_mixed,2027,random,new_source_seed,source_query_numeric_contrast,generators,i,0.4960332741718367,0.5333732661481,1.8926131653892115,complete
novel_peak_mixed,2027,random,new_source_seed,source_query_numeric_contrast,composites,rc,0.4960213297291159,0.5142389450081599,1.945529113622889,complete
novel_peak_mixed,2027,random,new_source_seed,source_query_numeric_contrast,composites,ci,0.4691711626181763,0.48594965450467864,2.0590307299645656,complete
novel_peak_mixed,2027,random,new_source_seed,source_query_numeric_contrast,composites,ri,0.4789011108191989,0.4856219064865633,2.0590307299645656,complete
novel_peak_mixed,2027,random,new_source_seed,source_query_numeric_contrast,composites,rci,0.5182115548289102,0.5263299496121366,1.8999802320998678,complete
novel_peak_mixed,2027,random,new_source_seed,source_query_numeric_null,generators,c,0.47884258047824624,0.5093645025322661,2.042707600342927,complete
novel_peak_mixed,2027,random,new_source_seed,source_query_numeric_null,generators,r,0.0981163066232026,0.308852799102128,3.4563446109879483,complete
novel_peak_mixed,2027,random,new_source_seed,source_query_numeric_null,generators,i,0.5075439804482405,0.5513217554101617,1.882341195071363,complete
novel_peak_mixed,2027,random,new_source_seed,source_query_numeric_null,composites,rc,0.5070246432466174,0.5204374578632592,1.967400142315307,complete
novel_peak_mixed,2027,random,new_source_seed,source_query_numeric_null,composites,ci,0.4791156889408405,0.4954114880002228,2.071830293092517,complete
novel_peak_mixed,2027,random,new_source_seed,source_query_numeric_null,composites,ri,0.4818710754765035,0.4948756448806552,2.071830293092517,complete
novel_peak_mixed,2027,random,new_source_seed,source_query_numeric_null,composites,rci,0.5289998843941812,0.5405805781409351,1.8891434756447956,complete
novel_peak_mixed,2027,random,new_source_seed,source_query_numeric_logits,generators,c,0.4603911519187864,0.4933558317923203,2.0535629097417423,complete
novel_peak_mixed,2027,random,new_source_seed,source_query_numeric_logits,generators,r,0.1129576563905356,0.2963409518884406,3.4582855386325395,complete
novel_peak_mixed,2027,random,new_source_seed,source_query_numeric_logits,generators,i,0.49257059954299276,0.5311715258623726,1.9021636110901174,complete
novel_peak_mixed,2027,random,new_source_seed,source_query_numeric_logits,composites,rc,0.49666093189059374,0.513819565822725,1.9471151278623136,complete
novel_peak_mixed,2027,random,new_source_seed,source_query_numeric_logits,composites,ci,0.4718604123204625,0.4883962306893843,2.0485036209456613,complete
novel_peak_mixed,2027,random,new_source_seed,source_query_numeric_logits,composites,ri,0.48223436281431653,0.48812756103867544,2.0485036209456613,complete
novel_peak_mixed,2027,random,new_source_seed,source_query_numeric_logits,composites,rci,0.5162019539560014,0.5236918757959668,1.909542007598233,complete
novel_peak_mixed,3037,random,new_source_seed,ONE_END,generators,c,0.48799703167768926,0.5142063448940484,2.0221630505411743,complete
novel_peak_mixed,3037,random,new_source_seed,ONE_END,generators,r,0.08792901112686048,0.3079727356796931,3.4494479265434586,complete
novel_peak_mixed,3037,random,new_source_seed,ONE_END,generators,i,0.5082291209969614,0.5480483279058294,1.9005413254463122,complete
novel_peak_mixed,3037,random,new_source_seed,ONE_END,composites,rc,0.5061548851440018,0.514880489045024,1.9865418840988902,complete
novel_peak_mixed,3037,random,new_source_seed,ONE_END,composites,ci,0.4843428300798845,0.4971644583488316,2.0580215809052076,complete
novel_peak_mixed,3037,random,new_source_seed,ONE_END,composites,ri,0.4886456266657895,0.4973262374254144,2.0580215809052076,complete
novel_peak_mixed,3037,random,new_source_seed,ONE_END,composites,rci,0.5272939935927303,0.5343583340779048,1.9072653354035394,complete
novel_peak_mixed,3037,random,new_source_seed,ONE_END_full_width,generators,c,0.3991044651441981,0.5277289275567383,2.0221630505411743,complete
novel_peak_mixed,3037,random,new_source_seed,ONE_END_full_width,generators,r,0.06246398332410932,0.3072117020559797,3.4494479265434586,complete
novel_peak_mixed,3037,random,new_source_seed,ONE_END_full_width,generators,i,0.4582931585537311,0.5585059213025391,1.9005413254463122,complete
novel_peak_mixed,3037,random,new_source_seed,ONE_END_full_width,composites,rc,0.4559123255790517,0.5056036834332488,1.9865418840988902,complete
novel_peak_mixed,3037,random,new_source_seed,ONE_END_full_width,composites,ci,0.46039072594749225,0.5052738201210194,2.0580215809052076,complete
novel_peak_mixed,3037,random,new_source_seed,ONE_END_full_width,composites,ri,0.47576269191147935,0.49004599988724096,2.0580215809052076,complete
novel_peak_mixed,3037,random,new_source_seed,ONE_END_full_width,composites,rci,0.511195833249021,0.5268076579950631,1.9072653354035394,complete
novel_peak_mixed,3037,random,new_source_seed,source_query_concat,generators,c,0.4895061809040285,0.518289351849857,2.019824776875881,complete
novel_peak_mixed,3037,random,new_source_seed,source_query_concat,generators,r,0.09359021735521367,0.3083694256488718,3.43988924159438,complete
novel_peak_mixed,3037,random,new_source_seed,source_query_concat,generators,i,0.5096814497271329,0.5467322710443661,1.9073823597480966,complete
novel_peak_mixed,3037,random,new_source_seed,source_query_concat,composites,rc,0.5077773576611694,0.5145943831279326,1.9884173096296645,complete
novel_peak_mixed,3037,random,new_source_seed,source_query_concat,composites,ci,0.48827701714666744,0.4989865963545643,2.052450937773099,complete
novel_peak_mixed,3037,random,new_source_seed,source_query_concat,composites,ri,0.4912051956686779,0.4987795683213472,2.052450937773099,complete
novel_peak_mixed,3037,random,new_source_seed,source_query_concat,composites,rci,0.5281564564703699,0.5341548507875624,1.910657501344178,complete
novel_peak_mixed,3037,random,new_source_seed,source_query_concat_full_width,generators,c,0.19086319215393863,0.5167738456500159,2.019824776875881,complete
novel_peak_mixed,3037,random,new_source_seed,source_query_concat_full_width,generators,r,0.057499212887998814,0.31586127909212486,3.43988924159438,complete
novel_peak_mixed,3037,random,new_source_seed,source_query_concat_full_width,generators,i,0.35788398254864523,0.5425818532595232,1.9073823597480966,complete
novel_peak_mixed,3037,random,new_source_seed,source_query_concat_full_width,composites,rc,0.3618553481782098,0.5102857464543568,1.9884173096296645,complete
novel_peak_mixed,3037,random,new_source_seed,source_query_concat_full_width,composites,ci,0.42085086047612746,0.49524748373509425,2.052450937773099,complete
novel_peak_mixed,3037,random,new_source_seed,source_query_concat_full_width,composites,ri,0.5262741600664648,0.49510367548419115,2.052450937773099,complete
novel_peak_mixed,3037,random,new_source_seed,source_query_concat_full_width,composites,rci,0.5335952095712381,0.5278454951475914,1.910657501344178,complete
novel_peak_mixed,3037,random,new_source_seed,source_query_numeric_contrast,generators,c,0.4674335747370384,0.49917680521698926,2.0244945028488863,complete
novel_peak_mixed,3037,random,new_source_seed,source_query_numeric_contrast,generators,r,0.11221362604796536,0.29586360065585654,3.438228933753949,complete
novel_peak_mixed,3037,random,new_source_seed,source_query_numeric_contrast,generators,i,0.5038781911031868,0.5386920624861765,1.8680401116186895,complete
novel_peak_mixed,3037,random,new_source_seed,source_query_numeric_contrast,composites,rc,0.4910270650898136,0.505928916849093,1.9770309026464503,complete
novel_peak_mixed,3037,random,new_source_seed,source_query_numeric_contrast,composites,ci,0.4649447643915769,0.48016336657513836,2.083079930363993,complete
novel_peak_mixed,3037,random,new_source_seed,source_query_numeric_contrast,composites,ri,0.4707160526480771,0.47998513130048287,2.083079930363993,complete
novel_peak_mixed,3037,random,new_source_seed,source_query_numeric_contrast,composites,rci,0.525308727360083,0.5344776584059827,1.8711747884101606,complete
novel_peak_mixed,3037,random,new_source_seed,source_query_numeric_null,generators,c,0.48833012629092515,0.5174089789618536,2.019263222142534,complete
novel_peak_mixed,3037,random,new_source_seed,source_query_numeric_null,generators,r,0.09387687659273015,0.30726218048668646,3.4400889007889446,complete
novel_peak_mixed,3037,random,new_source_seed,source_query_numeric_null,generators,i,0.5079142244433889,0.5443703695720696,1.9121134351442364,complete
novel_peak_mixed,3037,random,new_source_seed,source_query_numeric_null,composites,rc,0.506488253000168,0.5136231735875132,1.9897865742876355,complete
novel_peak_mixed,3037,random,new_source_seed,source_query_numeric_null,composites,ci,0.48904771504689626,0.49910309467327924,2.048767669018892,complete
novel_peak_mixed,3037,random,new_source_seed,source_query_numeric_null,composites,ri,0.49180544669063275,0.49883640264095186,2.048767669018892,complete
novel_peak_mixed,3037,random,new_source_seed,source_query_numeric_null,composites,rci,0.5266333311850018,0.5321768607231028,1.915405468240237,complete
novel_peak_mixed,3037,random,new_source_seed,source_query_numeric_logits,generators,c,0.46570144354341836,0.49874018501409134,2.025329693451293,complete
novel_peak_mixed,3037,random,new_source_seed,source_query_numeric_logits,generators,r,0.11243143289871974,0.29665266218200304,3.442626218048785,complete
novel_peak_mixed,3037,random,new_source_seed,source_query_numeric_logits,generators,i,0.5030387918997555,0.5364618794795367,1.8768231310144905,complete
novel_peak_mixed,3037,random,new_source_seed,source_query_numeric_logits,composites,rc,0.48921065756158894,0.5054132918793725,1.9791194081817298,complete
novel_peak_mixed,3037,random,new_source_seed,source_query_numeric_logits,composites,ci,0.46652742472879705,0.48121232671973035,2.078659184814292,complete
novel_peak_mixed,3037,random,new_source_seed,source_query_numeric_logits,composites,ri,0.4725240479538987,0.4810041077760627,2.078659184814292,complete
novel_peak_mixed,3037,random,new_source_seed,source_query_numeric_logits,composites,rci,0.5258818267193555,0.534090972376665,1.8725379450367146,complete
novel_peak_mixed,4051,random,new_source_seed,ONE_END,generators,c,0.47644617420988167,0.5134847676976407,2.0403166708240206,complete
novel_peak_mixed,4051,random,new_source_seed,ONE_END,generators,r,0.09099204442408532,0.30388318618817534,3.4650510433684745,complete
novel_peak_mixed,4051,random,new_source_seed,ONE_END,generators,i,0.5058374062405977,0.5608696806799104,1.8642771326845151,complete
novel_peak_mixed,4051,random,new_source_seed,ONE_END,composites,rc,0.5067551909662263,0.5223074132708297,1.9606502944170559,complete
novel_peak_mixed,4051,random,new_source_seed,ONE_END,composites,ci,0.4710425621496461,0.49024233401319334,2.0929868767605573,complete
novel_peak_mixed,4051,random,new_source_seed,ONE_END,composites,ri,0.4776763619016524,0.4901074194719657,2.0929868767605573,complete
novel_peak_mixed,4051,random,new_source_seed,ONE_END,composites,rci,0.5391201600898432,0.5491525430819588,1.8594570258827015,complete
novel_peak_mixed,4051,random,new_source_seed,ONE_END_full_width,generators,c,0.3841814758360174,0.521136058715519,2.0403166708240206,complete
novel_peak_mixed,4051,random,new_source_seed,ONE_END_full_width,generators,r,0.06332754062485568,0.30302200721020567,3.4650510433684745,complete
novel_peak_mixed,4051,random,new_source_seed,ONE_END_full_width,generators,i,0.4581153745485842,0.5724573693137114,1.8642771326845151,complete
novel_peak_mixed,4051,random,new_source_seed,ONE_END_full_width,composites,rc,0.45292358374134356,0.5126544201010438,1.9606502944170559,complete
novel_peak_mixed,4051,random,new_source_seed,ONE_END_full_width,composites,ci,0.4456098948848417,0.48208152364415163,2.0929868767605573,complete
novel_peak_mixed,4051,random,new_source_seed,ONE_END_full_width,composites,ri,0.467153621083279,0.4804865871276648,2.0929868767605573,complete
novel_peak_mixed,4051,random,new_source_seed,ONE_END_full_width,composites,rci,0.5243694527854982,0.5383522017764092,1.8594570258827015,complete
novel_peak_mixed,4051,random,new_source_seed,source_query_concat,generators,c,0.47647018415656694,0.5161770441599312,2.031393141536964,complete
novel_peak_mixed,4051,random,new_source_seed,source_query_concat,generators,r,0.09256872624007709,0.30482816496883997,3.461432817799118,complete
novel_peak_mixed,4051,random,new_source_seed,source_query_concat,generators,i,0.5082105098526136,0.5616102250951199,1.8554157133523874,complete
novel_peak_mixed,4051,random,new_source_seed,source_query_concat,composites,rc,0.5037798941953203,0.5204994687222305,1.9660216097246535,complete
novel_peak_mixed,4051,random,new_source_seed,source_query_concat,composites,ci,0.468904443131269,0.48832692917766735,2.1021583406251714,complete
novel_peak_mixed,4051,random,new_source_seed,source_query_concat,composites,ri,0.4753367520029499,0.487782869785323,2.1021583406251714,complete
novel_peak_mixed,4051,random,new_source_seed,source_query_concat,composites,rci,0.5393378447244199,0.5504559797030769,1.8539577853074527,complete
novel_peak_mixed,4051,random,new_source_seed,source_query_concat_full_width,generators,c,0.17806377640772436,0.5151959227007337,2.031393141536964,complete
novel_peak_mixed,4051,random,new_source_seed,source_query_concat_full_width,generators,r,0.05344009734364577,0.3125757152429192,3.461432817799118,complete
novel_peak_mixed,4051,random,new_source_seed,source_query_concat_full_width,generators,i,0.34857700711103434,0.5579497921233444,1.8554157133523874,complete
novel_peak_mixed,4051,random,new_source_seed,source_query_concat_full_width,composites,rc,0.35178070414826207,0.5161337925318485,1.9660216097246535,complete
novel_peak_mixed,4051,random,new_source_seed,source_query_concat_full_width,composites,ci,0.39499398732391794,0.4845741243259942,2.1021583406251714,complete
novel_peak_mixed,4051,random,new_source_seed,source_query_concat_full_width,composites,ri,0.5074834229665307,0.48443691354741264,2.1021583406251714,complete
novel_peak_mixed,4051,random,new_source_seed,source_query_concat_full_width,composites,rci,0.5376625572073586,0.5436357290179384,1.8539577853074527,complete
novel_peak_mixed,4051,random,new_source_seed,source_query_numeric_contrast,generators,c,0.4642601028022761,0.49685267978723346,2.0381383010121166,complete
novel_peak_mixed,4051,random,new_source_seed,source_query_numeric_contrast,generators,r,0.10865734368071407,0.2926280470196759,3.466235023040351,complete
novel_peak_mixed,4051,random,new_source_seed,source_query_numeric_contrast,generators,i,0.503984554566683,0.5415253024442264,1.8731275131446379,complete
novel_peak_mixed,4051,random,new_source_seed,source_query_numeric_contrast,composites,rc,0.495396935256688,0.5119864191250555,1.953452111021888,complete
novel_peak_mixed,4051,random,new_source_seed,source_query_numeric_contrast,composites,ci,0.46436242427347574,0.48217188454720267,2.0747967998984644,complete
novel_peak_mixed,4051,random,new_source_seed,source_query_numeric_contrast,composites,ri,0.47626060679620635,0.4819690150970733,2.0747967998984644,complete
novel_peak_mixed,4051,random,new_source_seed,source_query_numeric_contrast,composites,rci,0.5217307855988769,0.5300627276295607,1.8866352636115802,complete
novel_peak_mixed,4051,random,new_source_seed,source_query_numeric_null,generators,c,0.4756578493484619,0.5156760593417474,2.030558770157576,complete
novel_peak_mixed,4051,random,new_source_seed,source_query_numeric_null,generators,r,0.09294595149574295,0.30383311658272594,3.460838788462082,complete
novel_peak_mixed,4051,random,new_source_seed,source_query_numeric_null,generators,i,0.5073472053195713,0.5621066502700206,1.8532247764474052,complete
novel_peak_mixed,4051,random,new_source_seed,source_query_numeric_null,composites,rc,0.5028850921005666,0.5193426879973914,1.9675764476805946,complete
novel_peak_mixed,4051,random,new_source_seed,source_query_numeric_null,composites,ci,0.467208620095202,0.4866492002613595,2.1055429435485595,complete
novel_peak_mixed,4051,random,new_source_seed,source_query_numeric_null,composites,ri,0.47390078449680095,0.4861570335086807,2.1055429435485595,complete
novel_peak_mixed,4051,random,new_source_seed,source_query_numeric_null,composites,rci,0.5398339625340361,0.5510766900637415,1.8499156047262564,complete
novel_peak_mixed,4051,random,new_source_seed,source_query_numeric_logits,generators,c,0.468603587228284,0.49772425787845076,2.0345348899651463,complete
novel_peak_mixed,4051,random,new_source_seed,source_query_numeric_logits,generators,r,0.10650986586753763,0.2925996658720586,3.475095062364965,complete
novel_peak_mixed,4051,random,new_source_seed,source_query_numeric_logits,generators,i,0.504802072324064,0.5431954275790418,1.8683886412361603,complete
novel_peak_mixed,4051,random,new_source_seed,source_query_numeric_logits,composites,rc,0.4974018820727953,0.5120647034317758,1.9532365056213628,complete
novel_peak_mixed,4051,random,new_source_seed,source_query_numeric_logits,composites,ci,0.4638077082664046,0.4820263259194447,2.0753993440774305,complete
novel_peak_mixed,4051,random,new_source_seed,source_query_numeric_logits,composites,ri,0.47601289357704735,0.48184953950721565,2.0753993440774305,complete
novel_peak_mixed,4051,random,new_source_seed,source_query_numeric_logits,composites,rci,0.5223028804358544,0.5303360706660238,1.8856545300533925,complete
novel_records,4051,random,new_source_seed,ONE_END,generators,c,0.47644617420988167,0.5134847676976407,2.0403166708240206,complete
novel_records,4051,random,new_source_seed,ONE_END,generators,r,0.09099204442408532,0.30388318618817534,3.4650510433684745,complete
novel_records,4051,random,new_source_seed,ONE_END,generators,i,0.5058374062405977,0.5608696806799104,1.8642771326845151,complete
novel_records,4051,random,new_source_seed,ONE_END,composites,rc,0.5067551909662263,0.5223074132708297,1.9606502944170559,complete
novel_records,4051,random,new_source_seed,ONE_END,composites,ci,0.4710425621496461,0.49024233401319334,2.0929868767605573,complete
novel_records,4051,random,new_source_seed,ONE_END,composites,ri,0.4776763619016524,0.4901074194719657,2.0929868767605573,complete
novel_records,4051,random,new_source_seed,ONE_END,composites,rci,0.5391201600898432,0.5491525430819588,1.8594570258827015,complete
novel_records,4051,random,new_source_seed,ONE_END_full_width,generators,c,0.3841814758360174,0.521136058715519,2.0403166708240206,complete
novel_records,4051,random,new_source_seed,ONE_END_full_width,generators,r,0.06332754062485568,0.30302200721020567,3.4650510433684745,complete
novel_records,4051,random,new_source_seed,ONE_END_full_width,generators,i,0.4581153745485842,0.5724573693137114,1.8642771326845151,complete
novel_records,4051,random,new_source_seed,ONE_END_full_width,composites,rc,0.45292358374134356,0.5126544201010438,1.9606502944170559,complete
novel_records,4051,random,new_source_seed,ONE_END_full_width,composites,ci,0.4456098948848417,0.48208152364415163,2.0929868767605573,complete
novel_records,4051,random,new_source_seed,ONE_END_full_width,composites,ri,0.467153621083279,0.4804865871276648,2.0929868767605573,complete
novel_records,4051,random,new_source_seed,ONE_END_full_width,composites,rci,0.5243694527854982,0.5383522017764092,1.8594570258827015,complete
novel_records,4051,random,new_source_seed,source_query_concat,generators,c,0.4764601693065065,0.5160996522191594,2.0314329181965762,complete
novel_records,4051,random,new_source_seed,source_query_concat,generators,r,0.09244695343091507,0.3047824954205067,3.461314842085473,complete
novel_records,4051,random,new_source_seed,source_query_concat,generators,i,0.508204354969287,0.5615557352404923,1.8554165474549802,complete
novel_records,4051,random,new_source_seed,source_query_concat,composites,rc,0.503769521578676,0.5204752143470317,1.9659652403307641,complete
novel_records,4051,random,new_source_seed,source_query_concat,composites,ci,0.46887672701098104,0.4882914943047804,2.1021594719461385,complete
novel_records,4051,random,new_source_seed,source_query_concat,composites,ri,0.47529420963471325,0.4877430004066952,2.1021594719461385,complete
novel_records,4051,random,new_source_seed,source_query_concat,composites,rci,0.5393175419416024,0.5504228650236728,1.8539361600924646,complete
novel_records,4051,random,new_source_seed,source_query_concat_full_width,generators,c,0.1781627709669632,0.5151500314839956,2.0314329181965762,complete
novel_records,4051,random,new_source_seed,source_query_concat_full_width,generators,r,0.053440124168561025,0.31254281178851756,3.461314842085473,complete
novel_records,4051,random,new_source_seed,source_query_concat_full_width,generators,i,0.3512574619533024,0.5579320721209658,1.8554165474549802,complete
novel_records,4051,random,new_source_seed,source_query_concat_full_width,composites,rc,0.3512988275618476,0.5161453752741804,1.9659652403307641,complete
novel_records,4051,random,new_source_seed,source_query_concat_full_width,composites,ci,0.3952205543321547,0.48455716222715517,2.1021594719461385,complete
novel_records,4051,random,new_source_seed,source_query_concat_full_width,composites,ri,0.5045956064102267,0.4844178920270715,2.1021594719461385,complete
novel_records,4051,random,new_source_seed,source_query_concat_full_width,composites,rci,0.5357514822347739,0.5436411664602592,1.8539361600924646,complete
novel_records,4051,random,new_source_seed,source_query_numeric_contrast,generators,c,0.46270378524741634,0.4968810433616474,2.0380025260347483,complete
novel_records,4051,random,new_source_seed,source_query_numeric_contrast,generators,r,0.10861357606567582,0.29264096064910766,3.4660314406037482,complete
novel_records,4051,random,new_source_seed,source_query_numeric_contrast,generators,i,0.5017623094370808,0.5414836453531199,1.8733138240357206,complete
novel_records,4051,random,new_source_seed,source_query_numeric_contrast,composites,rc,0.4960131985496433,0.511980971906371,1.9534637745059629,complete
novel_records,4051,random,new_source_seed,source_query_numeric_contrast,composites,ci,0.4646044548828324,0.4822027007474835,2.0746390101831778,complete
novel_records,4051,random,new_source_seed,source_query_numeric_contrast,composites,ri,0.4751932932435756,0.4820036868811084,2.0746390101831773,complete
novel_records,4051,random,new_source_seed,source_query_numeric_contrast,composites,rci,0.5220483430365062,0.5300301729175464,1.8867416582605614,complete
novel_records,4051,random,new_source_seed,source_query_numeric_null,generators,c,0.4756978960213101,0.5156010312122609,2.030620288302591,complete
novel_records,4051,random,new_source_seed,source_query_numeric_null,generators,r,0.09283483271870906,0.3038064181337591,3.460731420814631,complete
novel_records,4051,random,new_source_seed,source_query_numeric_null,generators,i,0.5073134636556346,0.5620710699130276,1.8532027376921014,complete
novel_records,4051,random,new_source_seed,source_query_numeric_null,composites,rc,0.5028930033105479,0.5193289031964693,1.9675116134321908,complete
novel_records,4051,random,new_source_seed,source_query_numeric_null,composites,ci,0.46718876722073427,0.48661533970612214,2.1055636248995184,complete
novel_records,4051,random,new_source_seed,source_query_numeric_null,composites,ri,0.4738667960614935,0.48611090671806223,2.1055636248995184,complete
novel_records,4051,random,new_source_seed,source_query_numeric_null,composites,rci,0.5398184599491577,0.5510533073761772,1.8498782727489345,complete
novel_records,4051,random,new_source_seed,source_query_numeric_logits,generators,c,0.46310031716470296,0.4977453296027501,2.034466919009619,complete
novel_records,4051,random,new_source_seed,source_query_numeric_logits,generators,r,0.10719935880061313,0.2926176567963795,3.474851549632891,complete
novel_records,4051,random,new_source_seed,source_query_numeric_logits,generators,i,0.5021767071303522,0.5431879010177159,1.8684715092412199,complete
novel_records,4051,random,new_source_seed,source_query_numeric_logits,composites,rc,0.49631326827503075,0.5120761546136636,1.953176163221176,complete
novel_records,4051,random,new_source_seed,source_query_numeric_logits,composites,ci,0.4622230835587753,0.48203694818989873,2.07532561108833,complete
novel_records,4051,random,new_source_seed,source_query_numeric_logits,composites,ri,0.474868994529801,0.4818627424653389,2.07532561108833,complete
novel_records,4051,random,new_source_seed,source_query_numeric_logits,composites,rci,0.5224605792108157,0.5303267733407362,1.885686404745247,complete
novel_minima_pair,1009,random,pilot_retested,ONE_END,generators,c,0.4821383738099608,0.5169169084699606,2.0266846324098764,complete
novel_minima_pair,1009,random,pilot_retested,ONE_END,generators,r,0.09117235419034846,0.30644214150313503,3.487678146946085,complete
novel_minima_pair,1009,random,pilot_retested,ONE_END,generators,i,0.49984936338872116,0.5524237613353398,1.8990264960323848,complete
novel_minima_pair,1009,random,pilot_retested,ONE_END,composites,rc,0.5079347013342739,0.5203306698249228,1.9744295098178362,complete
novel_minima_pair,1009,random,pilot_retested,ONE_END,composites,ci,0.48277868260717793,0.4963340257659676,2.069880279272343,complete
novel_minima_pair,1009,random,pilot_retested,ONE_END,composites,ri,0.4861522935587178,0.49669378278588855,2.069880279272343,complete
novel_minima_pair,1009,random,pilot_retested,ONE_END,composites,rci,0.5372981016325096,0.5461207678912899,1.8737829884404869,complete
novel_minima_pair,1009,random,pilot_retested,ONE_END_full_width,generators,c,0.37652595066561834,0.5209337134865777,2.0266846324098764,complete
novel_minima_pair,1009,random,pilot_retested,ONE_END_full_width,generators,r,0.06088777399511694,0.30478074099490765,3.487678146946085,complete
novel_minima_pair,1009,random,pilot_retested,ONE_END_full_width,generators,i,0.44625453633530376,0.556449691558345,1.8990264960323848,complete
novel_minima_pair,1009,random,pilot_retested,ONE_END_full_width,composites,rc,0.4384241826232007,0.5098953460303166,1.9744295098178362,complete
novel_minima_pair,1009,random,pilot_retested,ONE_END_full_width,composites,ci,0.454685895803303,0.48592665433597687,2.069880279272343,complete
novel_minima_pair,1009,random,pilot_retested,ONE_END_full_width,composites,ri,0.47379072772317127,0.4860802257146326,2.069880279272343,complete
novel_minima_pair,1009,random,pilot_retested,ONE_END_full_width,composites,rci,0.5203587947980487,0.5339400438086368,1.8737829884404869,complete
novel_minima_pair,1009,random,pilot_retested,source_query_concat,generators,c,0.48469956761248484,0.5175972358768959,2.02836191097417,complete
novel_minima_pair,1009,random,pilot_retested,source_query_concat,generators,r,0.09308552440230591,0.3061467078271412,3.486831744016193,complete
novel_minima_pair,1009,random,pilot_retested,source_query_concat,generators,i,0.5012326843140748,0.5531058562922866,1.8952455199834939,complete
novel_minima_pair,1009,random,pilot_retested,source_query_concat,composites,rc,0.5090232708259764,0.5218542065983482,1.970679096591365,complete
novel_minima_pair,1009,random,pilot_retested,source_query_concat,composites,ci,0.48387870029343105,0.4968933442566432,2.068979884355932,complete
novel_minima_pair,1009,random,pilot_retested,source_query_concat,composites,ri,0.4874830279358973,0.49693595889213915,2.068979884355932,complete
novel_minima_pair,1009,random,pilot_retested,source_query_concat,composites,rci,0.5373496238462442,0.5459608690560085,1.8746322554614923,complete
novel_minima_pair,1009,random,pilot_retested,source_query_concat_full_width,generators,c,0.17386607035740104,0.5156723004242179,2.02836191097417,complete
novel_minima_pair,1009,random,pilot_retested,source_query_concat_full_width,generators,r,0.05225629549553235,0.3141157958265217,3.486831744016193,complete
novel_minima_pair,1009,random,pilot_retested,source_query_concat_full_width,generators,i,0.33634026971805064,0.548149269482127,1.8952455199834939,complete
novel_minima_pair,1009,random,pilot_retested,source_query_concat_full_width,composites,rc,0.32878670108719227,0.516424695952885,1.970679096591365,complete
novel_minima_pair,1009,random,pilot_retested,source_query_concat_full_width,composites,ci,0.40457622212491445,0.4915995217848511,2.068979884355932,complete
novel_minima_pair,1009,random,pilot_retested,source_query_concat_full_width,composites,ri,0.52557751006634,0.49135826866742577,2.068979884355932,complete
novel_minima_pair,1009,random,pilot_retested,source_query_concat_full_width,composites,rci,0.5374217033842136,0.5384570854350921,1.8746322554614923,complete
novel_minima_pair,1009,random,pilot_retested,source_query_numeric_contrast,generators,c,0.46241647779410977,0.5018754973883626,2.0232037572045805,complete
novel_minima_pair,1009,random,pilot_retested,source_query_numeric_contrast,generators,r,0.10432730703272115,0.2926006955842687,3.4859855703626463,complete
novel_minima_pair,1009,random,pilot_retested,source_query_numeric_contrast,generators,i,0.4960562342612851,0.5330282512482469,1.9094724809153414,complete
novel_minima_pair,1009,random,pilot_retested,source_query_numeric_contrast,composites,rc,0.4862692514104253,0.5049590470149888,1.9808233365401908,complete
novel_minima_pair,1009,random,pilot_retested,source_query_numeric_contrast,composites,ci,0.47323026977020977,0.48449756576762276,2.0633383491929442,complete
novel_minima_pair,1009,random,pilot_retested,source_query_numeric_contrast,composites,ri,0.4793022884041831,0.4844856807468819,2.0633383491929442,complete
novel_minima_pair,1009,random,pilot_retested,source_query_numeric_contrast,composites,rci,0.5284067768051429,0.5349219835634024,1.8694710928831066,complete
novel_minima_pair,1009,random,pilot_retested,source_query_numeric_null,generators,c,0.4846871112146191,0.5164289578665217,2.0289816912184198,complete
novel_minima_pair,1009,random,pilot_retested,source_query_numeric_null,generators,r,0.09273167927531248,0.30456186767029225,3.486933416385242,complete
novel_minima_pair,1009,random,pilot_retested,source_query_numeric_null,generators,i,0.50103659606501,0.5531733005143896,1.8935360732094852,complete
novel_minima_pair,1009,random,pilot_retested,source_query_numeric_null,composites,rc,0.5090184104248606,0.5211726583969565,1.969460210960178,complete
novel_minima_pair,1009,random,pilot_retested,source_query_numeric_null,composites,ci,0.48262892345889274,0.4957568338423653,2.069657745504988,complete
novel_minima_pair,1009,random,pilot_retested,source_query_numeric_null,composites,ri,0.4869040750150478,0.4960525395564943,2.069657745504988,complete
novel_minima_pair,1009,random,pilot_retested,source_query_numeric_null,composites,rci,0.536591253725334,0.5450467322055611,1.8752523972304909,complete
novel_minima_pair,1009,random,pilot_retested,source_query_numeric_logits,generators,c,0.473984411774989,0.5074135394895777,2.0012255258978984,complete
novel_minima_pair,1009,random,pilot_retested,source_query_numeric_logits,generators,r,0.10158365638667832,0.29212518057593334,3.497405664562194,complete
novel_minima_pair,1009,random,pilot_retested,source_query_numeric_logits,generators,i,0.4928500648959996,0.5295043962277022,1.9214676968593516,complete
novel_minima_pair,1009,random,pilot_retested,source_query_numeric_logits,composites,rc,0.48495588833697845,0.5009036532749148,1.9970383019416211,complete
novel_minima_pair,1009,random,pilot_retested,source_query_numeric_logits,composites,ci,0.4781984712442003,0.4882793799560733,2.047395494406544,complete
novel_minima_pair,1009,random,pilot_retested,source_query_numeric_logits,composites,ri,0.483120892505861,0.48828003146626725,2.047395494406544,complete
novel_minima_pair,1009,random,pilot_retested,source_query_numeric_logits,composites,rci,0.5230255590538694,0.5286969083599814,1.8915145051536146,complete
novel_minima_pair,1009,trained,pilot_retested,ONE_END,generators,c,0.4450782239346269,0.6245639397013508,1.6372667407988104,complete
novel_minima_pair,1009,trained,pilot_retested,ONE_END,generators,r,0.4538680991456078,1.054422046601038,0.9754834198654321,complete
novel_minima_pair,1009,trained,pilot_retested,ONE_END,generators,i,0.5042727274570038,0.5425869841028044,1.8708081308361548,complete
novel_minima_pair,1009,trained,pilot_retested,ONE_END,composites,rc,0.5108325256167736,0.6768549420548473,1.4813153633406249,complete
novel_minima_pair,1009,trained,pilot_retested,ONE_END,composites,ci,0.4949075829961272,0.5112789744087209,1.964034896797483,complete
novel_minima_pair,1009,trained,pilot_retested,ONE_END,composites,ri,0.4773931015634203,0.5124392531828412,1.9640348967974834,complete
novel_minima_pair,1009,trained,pilot_retested,ONE_END,composites,rci,0.5283161575131367,0.544334056739096,1.8433344932707083,complete
novel_minima_pair,1009,trained,pilot_retested,ONE_END_full_width,generators,c,0.415169751317735,0.6390845738770965,1.6372667407988104,complete
novel_minima_pair,1009,trained,pilot_retested,ONE_END_full_width,generators,r,0.39994246257807564,1.0640390213401671,0.9754834198654321,complete
novel_minima_pair,1009,trained,pilot_retested,ONE_END_full_width,generators,i,0.49991754542424993,0.5466372150535578,1.8708081308361548,complete
novel_minima_pair,1009,trained,pilot_retested,ONE_END_full_width,composites,rc,0.46047755146387964,0.6761148439742624,1.4813153633406249,complete
novel_minima_pair,1009,trained,pilot_retested,ONE_END_full_width,composites,ci,0.48677926160451473,0.5160975225567465,1.964034896797483,complete
novel_minima_pair,1009,trained,pilot_retested,ONE_END_full_width,composites,ri,0.4676995177526686,0.511223458564744,1.9640348967974834,complete
novel_minima_pair,1009,trained,pilot_retested,ONE_END_full_width,composites,rci,0.5198568291299792,0.544465510016064,1.8433344932707083,complete
novel_minima_pair,1009,trained,pilot_retested,source_query_concat,generators,c,0.3693168637165915,0.6560960913406435,1.559460939535119,complete
novel_minima_pair,1009,trained,pilot_retested,source_query_concat,generators,r,0.08923382935613593,0.8732337315365298,1.1965600892022723,complete
novel_minima_pair,1009,trained,pilot_retested,source_query_concat,generators,i,0.5323192215513329,0.7154742785148019,1.420043423057549,complete
novel_minima_pair,1009,trained,pilot_retested,source_query_concat,composites,rc,0.3977938687075737,0.6886544776226465,1.4704324864652294,complete
novel_minima_pair,1009,trained,pilot_retested,source_query_concat,composites,ci,0.4988928557300872,0.5117804206085717,1.9799676898035794,complete
novel_minima_pair,1009,trained,pilot_retested,source_query_concat,composites,ri,0.38552117363173477,0.5111030821256647,1.979967689803579,complete
novel_minima_pair,1009,trained,pilot_retested,source_query_concat,composites,rci,0.680810443618115,0.7006704222772264,1.4411448716059758,complete
novel_minima_pair,1009,trained,pilot_retested,source_query_concat_full_width,generators,c,0.35402862184999756,0.6557215570301866,1.559460939535119,complete
novel_minima_pair,1009,trained,pilot_retested,source_query_concat_full_width,generators,r,0.06402841811343397,0.8578934416414696,1.1965600892022723,complete
novel_minima_pair,1009,trained,pilot_retested,source_query_concat_full_width,generators,i,0.5300249554566924,0.707325424377146,1.420043423057549,complete
novel_minima_pair,1009,trained,pilot_retested,source_query_concat_full_width,composites,rc,0.3767372743962299,0.6864018208067522,1.4704324864652294,complete
novel_minima_pair,1009,trained,pilot_retested,source_query_concat_full_width,composites,ci,0.4760818860483667,0.5109446514561032,1.9799676898035794,complete
novel_minima_pair,1009,trained,pilot_retested,source_query_concat_full_width,composites,ri,0.3742605228078176,0.5108432240067142,1.979967689803579,complete
novel_minima_pair,1009,trained,pilot_retested,source_query_concat_full_width,composites,rci,0.6427314661003212,0.6975806543962476,1.4411448716059758,complete
novel_minima_pair,1009,trained,pilot_retested,source_query_numeric_contrast,generators,c,0.36890612517685417,0.6676529143513464,1.502488949986662,complete
novel_minima_pair,1009,trained,pilot_retested,source_query_numeric_contrast,generators,r,0.06226497360751197,0.9113677647509112,1.130978625286034,complete
novel_minima_pair,1009,trained,pilot_retested,source_query_numeric_contrast,generators,i,0.5318620516942086,0.7134250834828362,1.4059238117501478,complete
novel_minima_pair,1009,trained,pilot_retested,source_query_numeric_contrast,composites,rc,0.38877296119909316,0.6960212313715126,1.4391786187932059,complete
novel_minima_pair,1009,trained,pilot_retested,source_query_numeric_contrast,composites,ci,0.5004212851760319,0.5078896146453381,1.972297608348087,complete
novel_minima_pair,1009,trained,pilot_retested,source_query_numeric_contrast,composites,ri,0.38233064183790355,0.5074199641285111,1.972297608348087,complete
novel_minima_pair,1009,trained,pilot_retested,source_query_numeric_contrast,composites,rci,0.6885804414942133,0.7013276308697997,1.4270248809786132,complete
novel_minima_pair,1009,trained,pilot_retested,source_query_numeric_null,generators,c,0.3669734892286613,0.5108340923243966,2.20493291090594,complete
novel_minima_pair,1009,trained,pilot_retested,source_query_numeric_null,generators,r,0.24962557946205252,0.5680323962405052,1.9395742815255819,complete
novel_minima_pair,1009,trained,pilot_retested,source_query_numeric_null,generators,i,0.5091870283115493,0.6914789892564839,1.5800134963832515,complete
novel_minima_pair,1009,trained,pilot_retested,source_query_numeric_null,composites,rc,0.46799027664406423,0.6002606489041169,1.8245274678607073,complete
novel_minima_pair,1009,trained,pilot_retested,source_query_numeric_null,composites,ci,0.48673549287447687,0.5330098737183233,2.066866929884362,complete
novel_minima_pair,1009,trained,pilot_retested,source_query_numeric_null,composites,ri,0.4075540525064282,0.5323043632375933,2.066866929884362,complete
novel_minima_pair,1009,trained,pilot_retested,source_query_numeric_null,composites,rci,0.616109769991907,0.6744272300621874,1.6011192424892227,complete
novel_minima_pair,1009,trained,pilot_retested,source_query_numeric_logits,generators,c,0.3360679300305112,0.7295894516957582,1.3658085122875674,complete
novel_minima_pair,1009,trained,pilot_retested,source_query_numeric_logits,generators,r,0.07717698805211508,1.0628920335507277,0.9640261745812511,complete
novel_minima_pair,1009,trained,pilot_retested,source_query_numeric_logits,generators,i,0.5313112490195621,0.6678215122311383,1.5026798552505305,complete
novel_minima_pair,1009,trained,pilot_retested,source_query_numeric_logits,composites,rc,0.3573257079351957,0.7656411943814023,1.3075885794801856,complete
novel_minima_pair,1009,trained,pilot_retested,source_query_numeric_logits,composites,ci,0.49580848277044526,0.5080736814553023,1.9702236697878508,complete
novel_minima_pair,1009,trained,pilot_retested,source_query_numeric_logits,composites,ri,0.40696333486460007,0.5078863904682861,1.9702236697878508,complete
novel_minima_pair,1009,trained,pilot_retested,source_query_numeric_logits,composites,rci,0.6475741597050005,0.6660510448172517,1.5020248055126775,complete
novel_peak_mixed,3037,trained,new_source_seed,ONE_END,generators,c,0.4395303662979456,0.4979761326581252,2.0540908933090565,complete
novel_peak_mixed,3037,trained,new_source_seed,ONE_END,generators,r,0.34579710071074693,0.46099163054410913,2.2097107587351474,complete
novel_peak_mixed,3037,trained,new_source_seed,ONE_END,generators,i,0.5224961843064034,0.5482367623770567,1.8634769989485653,complete
novel_peak_mixed,3037,trained,new_source_seed,ONE_END,composites,rc,0.4925276840814189,0.5003095260755084,2.0148344404876015,complete
novel_peak_mixed,3037,trained,new_source_seed,ONE_END,composites,ci,0.5142043932295542,0.527092622485922,1.9144128548324464,complete
novel_peak_mixed,3037,trained,new_source_seed,ONE_END,composites,ri,0.5093181377502576,0.526026774881056,1.9144128548324462,complete
novel_peak_mixed,3037,trained,new_source_seed,ONE_END,composites,rci,0.5558276262977286,0.5656311524871668,1.7787598331835779,complete
novel_peak_mixed,3037,trained,new_source_seed,ONE_END_full_width,generators,c,0.4071150351212856,0.5042427553537052,2.0540908933090565,complete
novel_peak_mixed,3037,trained,new_source_seed,ONE_END_full_width,generators,r,0.32983345143403775,0.465522235333642,2.2097107587351474,complete
novel_peak_mixed,3037,trained,new_source_seed,ONE_END_full_width,generators,i,0.5098672914823059,0.5529117208729021,1.8634769989485653,complete
novel_peak_mixed,3037,trained,new_source_seed,ONE_END_full_width,composites,rc,0.4850427943896162,0.49933020046145227,2.0148344404876015,complete
novel_peak_mixed,3037,trained,new_source_seed,ONE_END_full_width,composites,ci,0.50440411822208,0.5253981749288872,1.9144128548324464,complete
novel_peak_mixed,3037,trained,new_source_seed,ONE_END_full_width,composites,ri,0.4855931197579696,0.5225276463897642,1.9144128548324462,complete
novel_peak_mixed,3037,trained,new_source_seed,ONE_END_full_width,composites,rci,0.545325176379438,0.5631961949797221,1.7787598331835779,complete
novel_peak_mixed,3037,trained,new_source_seed,source_query_concat,generators,c,0.23391315968370355,0.5538006732008897,1.8696754615347548,complete
novel_peak_mixed,3037,trained,new_source_seed,source_query_concat,generators,r,0.22836803007809856,0.5918845060434811,1.7659895635983758,complete
novel_peak_mixed,3037,trained,new_source_seed,source_query_concat,generators,i,0.5304828038606098,1.0716787937931755,0.956664971476268,complete
novel_peak_mixed,3037,trained,new_source_seed,source_query_concat,composites,rc,0.3762306726245124,0.5721607444720885,1.7755955915391248,complete
novel_peak_mixed,3037,trained,new_source_seed,source_query_concat,composites,ci,0.34983172731085116,0.5098443701972218,1.9960002052752646,complete
novel_peak_mixed,3037,trained,new_source_seed,source_query_concat,composites,ri,0.3707096765768947,0.5096055611826606,1.9960002052752646,complete
novel_peak_mixed,3037,trained,new_source_seed,source_query_concat,composites,rci,0.4768387044706082,0.6945517429990941,1.4602880587353038,complete
novel_peak_mixed,3037,trained,new_source_seed,source_query_concat_full_width,generators,c,0.1921735539689828,0.5519554713447469,1.8696754615347548,complete
novel_peak_mixed,3037,trained,new_source_seed,source_query_concat_full_width,generators,r,0.19700038694303876,0.5881965471969814,1.7659895635983758,complete
novel_peak_mixed,3037,trained,new_source_seed,source_query_concat_full_width,generators,i,0.4855430566852937,1.0496549770890073,0.956664971476268,complete
novel_peak_mixed,3037,trained,new_source_seed,source_query_concat_full_width,composites,rc,0.31202870334704785,0.5698963347073815,1.7755955915391248,complete
novel_peak_mixed,3037,trained,new_source_seed,source_query_concat_full_width,composites,ci,0.29714766632811707,0.5078827522260393,1.9960002052752646,complete
novel_peak_mixed,3037,trained,new_source_seed,source_query_concat_full_width,composites,ri,0.3220076913426682,0.5083752948500717,1.9960002052752646,complete
novel_peak_mixed,3037,trained,new_source_seed,source_query_concat_full_width,composites,rci,0.38308190565935046,0.6899867245955253,1.4602880587353038,complete
novel_peak_mixed,3037,trained,new_source_seed,source_query_numeric_contrast,generators,c,0.22417507670236214,0.5535005422124644,1.8338874383691692,complete
novel_peak_mixed,3037,trained,new_source_seed,source_query_numeric_contrast,generators,r,0.2208260236807463,0.5966046442844707,1.7186236849920737,complete
novel_peak_mixed,3037,trained,new_source_seed,source_query_numeric_contrast,generators,i,0.5400172827913788,1.1226322557153645,0.8984284219311909,complete
novel_peak_mixed,3037,trained,new_source_seed,source_query_numeric_contrast,composites,rc,0.3707997698250161,0.5691201735162849,1.7611539820150017,complete
novel_peak_mixed,3037,trained,new_source_seed,source_query_numeric_contrast,composites,ci,0.34768883499813646,0.5035591381782641,1.9889181877189737,complete
novel_peak_mixed,3037,trained,new_source_seed,source_query_numeric_contrast,composites,ri,0.3695232101595902,0.503795712272235,1.988918187718974,complete
novel_peak_mixed,3037,trained,new_source_seed,source_query_numeric_contrast,composites,rci,0.47860352232430714,0.6981661250884192,1.4338237358902262,complete
novel_peak_mixed,3037,trained,new_source_seed,source_query_numeric_null,generators,c,0.2971923092243438,0.5234530122172817,2.1447231231204866,complete
novel_peak_mixed,3037,trained,new_source_seed,source_query_numeric_null,generators,r,0.26769552274857794,0.5284833301904215,2.130018448047761,complete
novel_peak_mixed,3037,trained,new_source_seed,source_query_numeric_null,generators,i,0.4679526496175534,0.7755572660518691,1.4042400358234377,complete
novel_peak_mixed,3037,trained,new_source_seed,source_query_numeric_null,composites,rc,0.39479386718581816,0.5795618264031143,1.886586101150842,complete
novel_peak_mixed,3037,trained,new_source_seed,source_query_numeric_null,composites,ci,0.38107816754470747,0.5358877202560337,2.0504288156277903,complete
novel_peak_mixed,3037,trained,new_source_seed,source_query_numeric_null,composites,ri,0.39107105920962637,0.5355692123005743,2.0504288156277903,complete
novel_peak_mixed,3037,trained,new_source_seed,source_query_numeric_null,composites,rci,0.4653704065056638,0.6505531031091271,1.6636787316514876,complete
novel_peak_mixed,3037,trained,new_source_seed,source_query_numeric_logits,generators,c,0.2416733063419356,0.5653736740627181,1.7931759126364426,complete
novel_peak_mixed,3037,trained,new_source_seed,source_query_numeric_logits,generators,r,0.1991459020660959,0.6045977452379709,1.6812204852492654,complete
novel_peak_mixed,3037,trained,new_source_seed,source_query_numeric_logits,generators,i,0.5260881121610055,1.0798817691664242,0.9360199121758911,complete
novel_peak_mixed,3037,trained,new_source_seed,source_query_numeric_logits,composites,rc,0.3660902356821764,0.5890239604853861,1.7001936473105284,complete
novel_peak_mixed,3037,trained,new_source_seed,source_query_numeric_logits,composites,ci,0.34028863042995544,0.4945021574003911,2.0220703059591956,complete
novel_peak_mixed,3037,trained,new_source_seed,source_query_numeric_logits,composites,ri,0.33662031369073575,0.4948625269031559,2.022070305959196,complete
novel_peak_mixed,3037,trained,new_source_seed,source_query_numeric_logits,composites,rci,0.44976331570710765,0.6665488379914776,1.5008574753536676,complete
novel_peak_mixed,4051,trained,new_source_seed,ONE_END,generators,c,0.392603079077446,0.49329417007773163,2.0628795645734663,complete
novel_peak_mixed,4051,trained,new_source_seed,ONE_END,generators,r,0.45459657055763947,0.4888156192419147,2.0833647718454853,complete
novel_peak_mixed,4051,trained,new_source_seed,ONE_END,generators,i,0.525960195638667,0.5366124841504115,1.901261840365032,complete
novel_peak_mixed,4051,trained,new_source_seed,ONE_END,composites,rc,0.514320091655169,0.5058794917955538,1.9851813649596537,complete
novel_peak_mixed,4051,trained,new_source_seed,ONE_END,composites,ci,0.4907637842052704,0.498780169320386,2.0136741805757374,complete
novel_peak_mixed,4051,trained,new_source_seed,ONE_END,composites,ri,0.49189794447214463,0.49890145443300965,2.0136741805757374,complete
novel_peak_mixed,4051,trained,new_source_seed,ONE_END,composites,rci,0.7219779435467012,0.7339323688130448,1.3668283227951152,complete
novel_peak_mixed,4051,trained,new_source_seed,ONE_END_full_width,generators,c,0.3517225186544341,0.49802821150199705,2.0628795645734663,complete
novel_peak_mixed,4051,trained,new_source_seed,ONE_END_full_width,generators,r,0.44485227067681443,0.4939804445579029,2.0833647718454853,complete
novel_peak_mixed,4051,trained,new_source_seed,ONE_END_full_width,generators,i,0.5222028642283396,0.5378073049199169,1.901261840365032,complete
novel_peak_mixed,4051,trained,new_source_seed,ONE_END_full_width,composites,rc,0.5403930381731344,0.5060164781944716,1.9851813649596537,complete
novel_peak_mixed,4051,trained,new_source_seed,ONE_END_full_width,composites,ci,0.48383277006773134,0.4974842931480483,2.0136741805757374,complete
novel_peak_mixed,4051,trained,new_source_seed,ONE_END_full_width,composites,ri,0.4785604846804394,0.4977404233713681,2.0136741805757374,complete
novel_peak_mixed,4051,trained,new_source_seed,ONE_END_full_width,composites,rci,0.7087464803947306,0.7320376193897713,1.3668283227951152,complete
novel_peak_mixed,4051,trained,new_source_seed,source_query_concat,generators,c,0.24062212015310797,0.5556182076765818,1.8464033760649967,complete
novel_peak_mixed,4051,trained,new_source_seed,source_query_concat,generators,r,0.21417467778797253,0.6249557008569364,1.6799680415118237,complete
novel_peak_mixed,4051,trained,new_source_seed,source_query_concat,generators,i,0.5337167620693051,1.0554996933227725,0.9732845606967485,complete
novel_peak_mixed,4051,trained,new_source_seed,source_query_concat,composites,rc,0.3926801450282713,0.5827895820157629,1.7384197684144993,complete
novel_peak_mixed,4051,trained,new_source_seed,source_query_concat,composites,ci,0.3635274265227596,0.5062718522864768,2.0022406442375518,complete
novel_peak_mixed,4051,trained,new_source_seed,source_query_concat,composites,ri,0.3726484047837952,0.5054924328633863,2.0022406442375518,complete
novel_peak_mixed,4051,trained,new_source_seed,source_query_concat,composites,rci,0.5030463878974182,0.7038306620127016,1.4366025914398328,complete
novel_peak_mixed,4051,trained,new_source_seed,source_query_concat_full_width,generators,c,0.21309745507721287,0.5538485348730549,1.8464033760649967,complete
novel_peak_mixed,4051,trained,new_source_seed,source_query_concat_full_width,generators,r,0.19403950874774342,0.6203880903253696,1.6799680415118237,complete
novel_peak_mixed,4051,trained,new_source_seed,source_query_concat_full_width,generators,i,0.5158088006638429,1.0340949125303454,0.9732845606967485,complete
novel_peak_mixed,4051,trained,new_source_seed,source_query_concat_full_width,composites,rc,0.34214496781625886,0.5814078699342166,1.7384197684144993,complete
novel_peak_mixed,4051,trained,new_source_seed,source_query_concat_full_width,composites,ci,0.32970229598278433,0.5056664351489117,2.0022406442375518,complete
novel_peak_mixed,4051,trained,new_source_seed,source_query_concat_full_width,composites,ri,0.3420534638397401,0.5052659249446724,2.0022406442375518,complete
novel_peak_mixed,4051,trained,new_source_seed,source_query_concat_full_width,composites,rci,0.4283125060361054,0.7004749820730679,1.4366025914398328,complete
novel_peak_mixed,4051,trained,new_source_seed,source_query_numeric_contrast,generators,c,0.23068856657353992,0.5522359477239014,1.8214824081121295,complete
novel_peak_mixed,4051,trained,new_source_seed,source_query_numeric_contrast,generators,r,0.20392790756283402,0.627315809392042,1.6489301407272106,complete
novel_peak_mixed,4051,trained,new_source_seed,source_query_numeric_contrast,generators,i,0.5376158024128591,1.0773917147054233,0.9406357946118423,complete
novel_peak_mixed,4051,trained,new_source_seed,source_query_numeric_contrast,composites,rc,0.38926624284812533,0.5794533247132028,1.7285969792904026,complete
novel_peak_mixed,4051,trained,new_source_seed,source_query_numeric_contrast,composites,ci,0.3618778401359579,0.5013904671625182,1.9979208100483201,complete
novel_peak_mixed,4051,trained,new_source_seed,source_query_numeric_contrast,composites,ri,0.37172084885626916,0.5009144604209536,1.9979208100483203,complete
novel_peak_mixed,4051,trained,new_source_seed,source_query_numeric_contrast,composites,rci,0.5077638092641386,0.708246043074448,1.413050172073478,complete
novel_peak_mixed,4051,trained,new_source_seed,source_query_numeric_null,generators,c,0.32135419620427835,0.5317250795730891,2.1217370990012876,complete
novel_peak_mixed,4051,trained,new_source_seed,source_query_numeric_null,generators,r,0.2991555755395527,0.5552632426782179,2.022883324389969,complete
novel_peak_mixed,4051,trained,new_source_seed,source_query_numeric_null,generators,i,0.49805564900924343,0.8303061328462917,1.3339971274170506,complete
novel_peak_mixed,4051,trained,new_source_seed,source_query_numeric_null,composites,rc,0.4190783308887799,0.5951219230272062,1.846944650123381,complete
novel_peak_mixed,4051,trained,new_source_seed,source_query_numeric_null,composites,ci,0.4107724895781729,0.5394485387905744,2.0499673630406887,complete
novel_peak_mixed,4051,trained,new_source_seed,source_query_numeric_null,composites,ri,0.40411854966647365,0.5383200206931308,2.0499673630406887,complete
novel_peak_mixed,4051,trained,new_source_seed,source_query_numeric_null,composites,rci,0.4870553352966572,0.64212693657278,1.6968162123778197,complete
novel_peak_mixed,4051,trained,new_source_seed,source_query_numeric_logits,generators,c,0.23416307262595923,0.5498040235393093,1.8153256397141566,complete
novel_peak_mixed,4051,trained,new_source_seed,source_query_numeric_logits,generators,r,0.192743496493539,0.6264612173067132,1.645399174627852,complete
novel_peak_mixed,4051,trained,new_source_seed,source_query_numeric_logits,generators,i,0.5262686170628883,1.039509807550642,0.9783457006158311,complete
novel_peak_mixed,4051,trained,new_source_seed,source_query_numeric_logits,composites,rc,0.3812790252475323,0.5981637380510912,1.6746327305217976,complete
novel_peak_mixed,4051,trained,new_source_seed,source_query_numeric_logits,composites,ci,0.34543932978507025,0.48928396069688745,2.0467840313578085,complete
novel_peak_mixed,4051,trained,new_source_seed,source_query_numeric_logits,composites,ri,0.34685165613029,0.488795648062463,2.0467840313578085,complete
novel_peak_mixed,4051,trained,new_source_seed,source_query_numeric_logits,composites,rci,0.47730513969817795,0.6881972491540425,1.4532725106915594,complete
novel_records,2027,random,new_source_seed,ONE_END,generators,c,0.4766651267779371,0.5138739965984515,2.0356675036648793,complete
novel_records,2027,random,new_source_seed,ONE_END,generators,r,0.09852063298344343,0.3106786787548035,3.4653823891191746,complete
novel_records,2027,random,new_source_seed,ONE_END,generators,i,0.5066164555491008,0.5526923061682112,1.8828652412025084,complete
novel_records,2027,random,new_source_seed,ONE_END,composites,rc,0.5026369897799108,0.5194922010612408,1.9751425461527414,complete
novel_records,2027,random,new_source_seed,ONE_END,composites,ci,0.4795795530619505,0.49698589113356806,2.0703813633702626,complete
novel_records,2027,random,new_source_seed,ONE_END,composites,ri,0.4845777493773459,0.4967577927247138,2.0703813633702626,complete
novel_records,2027,random,new_source_seed,ONE_END,composites,rci,0.5306625759255882,0.5423811704400069,1.8863044595816787,complete
novel_records,2027,random,new_source_seed,ONE_END_full_width,generators,c,0.37163519916492116,0.5266823607726077,2.0356675036648793,complete
novel_records,2027,random,new_source_seed,ONE_END_full_width,generators,r,0.06635919353562436,0.3066565024946427,3.4653823891191746,complete
novel_records,2027,random,new_source_seed,ONE_END_full_width,generators,i,0.4606828117768112,0.5570819312232015,1.8828652412025084,complete
novel_records,2027,random,new_source_seed,ONE_END_full_width,composites,rc,0.4359289088580197,0.5086947034295208,1.9751425461527414,complete
novel_records,2027,random,new_source_seed,ONE_END_full_width,composites,ci,0.45660115529664075,0.502513804828812,2.0703813633702626,complete
novel_records,2027,random,new_source_seed,ONE_END_full_width,composites,ri,0.4768015246736754,0.48571323667444866,2.0703813633702626,complete
novel_records,2027,random,new_source_seed,ONE_END_full_width,composites,rci,0.5186850162155945,0.5314921376592989,1.8863044595816787,complete
novel_records,2027,random,new_source_seed,source_query_concat,generators,c,0.4790498612572055,0.5099451478363256,2.0445270595450253,complete
novel_records,2027,random,new_source_seed,source_query_concat,generators,r,0.09870473222153153,0.30970685482371835,3.455648996015869,complete
novel_records,2027,random,new_source_seed,source_query_concat,generators,i,0.50570081272943,0.551750637295417,1.883751666826645,complete
novel_records,2027,random,new_source_seed,source_query_concat,composites,rc,0.5079293657346303,0.5219263002718061,1.964628371973146,complete
novel_records,2027,random,new_source_seed,source_query_concat,composites,ci,0.47964305425104686,0.49635789996681035,2.0701015941180114,complete
novel_records,2027,random,new_source_seed,source_query_concat,composites,ri,0.4823846520759522,0.49571047597341455,2.0701015941180114,complete
novel_records,2027,random,new_source_seed,source_query_concat,composites,rci,0.5288798189842674,0.5406372743982303,1.8906993737945206,complete
novel_records,2027,random,new_source_seed,source_query_concat_full_width,generators,c,0.17536667768117653,0.508527277310891,2.0445270595450253,complete
novel_records,2027,random,new_source_seed,source_query_concat_full_width,generators,r,0.05842674814952093,0.3173491171128742,3.455648996015869,complete
novel_records,2027,random,new_source_seed,source_query_concat_full_width,generators,i,0.36023513818288017,0.5467882899985339,1.883751666826645,complete
novel_records,2027,random,new_source_seed,source_query_concat_full_width,composites,rc,0.3479044294958167,0.5173945436643873,1.964628371973146,complete
novel_records,2027,random,new_source_seed,source_query_concat_full_width,composites,ci,0.4139980697501583,0.4921482464217837,2.0701015941180114,complete
novel_records,2027,random,new_source_seed,source_query_concat_full_width,composites,ri,0.5232098883613759,0.4919050077062294,2.0701015941180114,complete
novel_records,2027,random,new_source_seed,source_query_concat_full_width,composites,rci,0.5320463542347731,0.5329303465786357,1.8906993737945206,complete
novel_records,2027,random,new_source_seed,source_query_numeric_contrast,generators,c,0.4571579194935649,0.4926836014206713,2.056931382297543,complete
novel_records,2027,random,new_source_seed,source_query_numeric_contrast,generators,r,0.11490891881393245,0.2969733574186129,3.4517354855319056,complete
novel_records,2027,random,new_source_seed,source_query_numeric_contrast,generators,i,0.4989789255318006,0.5333834598946506,1.8925734020628386,complete
novel_records,2027,random,new_source_seed,source_query_numeric_contrast,composites,rc,0.4980887327112059,0.5142639972711343,1.945424223118005,complete
novel_records,2027,random,new_source_seed,source_query_numeric_contrast,composites,ci,0.4715555313278435,0.48593345918642644,2.0591017094439663,complete
novel_records,2027,random,new_source_seed,source_query_numeric_contrast,composites,ri,0.47968759382339465,0.48559476440025895,2.0591017094439663,complete
novel_records,2027,random,new_source_seed,source_query_numeric_contrast,composites,rci,0.5190724816654932,0.5263040420686084,1.9000917888846327,complete
novel_records,2027,random,new_source_seed,source_query_numeric_null,generators,c,0.4788732442359615,0.5093724879661545,2.042726721889069,complete
novel_records,2027,random,new_source_seed,source_query_numeric_null,generators,r,0.09813325946119436,0.308881848119178,3.456216994804019,complete
novel_records,2027,random,new_source_seed,source_query_numeric_null,generators,i,0.5075418992643794,0.5512957319863452,1.8824712984862313,complete
novel_records,2027,random,new_source_seed,source_query_numeric_null,composites,rc,0.5070490966697568,0.5204411155665701,1.9674156222748589,complete
novel_records,2027,random,new_source_seed,source_query_numeric_null,composites,ci,0.47914344685495797,0.49544014020986177,2.071698094546529,complete
novel_records,2027,random,new_source_seed,source_query_numeric_null,composites,ri,0.4819185392273054,0.49491001264536066,2.071698094546529,complete
novel_records,2027,random,new_source_seed,source_query_numeric_null,composites,rci,0.5289589888509878,0.5405358568732503,1.889336178164701,complete
novel_records,2027,random,new_source_seed,source_query_numeric_logits,generators,c,0.45787170947458,0.49329897874633344,2.0537236908513297,complete
novel_records,2027,random,new_source_seed,source_query_numeric_logits,generators,r,0.1137320603859627,0.29636338120442995,3.4582309913464107,complete
novel_records,2027,random,new_source_seed,source_query_numeric_logits,generators,i,0.4954005145441976,0.5311655675314858,1.902183987950759,complete
novel_records,2027,random,new_source_seed,source_query_numeric_logits,composites,rc,0.49732579104959523,0.513847339342766,1.9470431587874781,complete
novel_records,2027,random,new_source_seed,source_query_numeric_logits,composites,ci,0.4749173806660486,0.488388388787587,2.0485311792176777,complete
novel_records,2027,random,new_source_seed,source_query_numeric_logits,composites,ri,0.4834039327968646,0.48810719561348986,2.0485311792176777,complete
novel_records,2027,random,new_source_seed,source_query_numeric_logits,composites,rci,0.517551172528002,0.5236558215058261,1.909702409623784,complete
