domain,cohort,relation,family,kind,left_task,right_task,source_unit,seed,world,length,correct_transform,wrong_transform,initialization_grade,original_initial_weight_identity_verified,interpretation,branch,control,metric,fit_anchors,test_anchors,planned_fit_anchors,planned_test_anchors,procrustes_rank,trained_correct,trained_correct_raw_error,trained_wrong,trained_wrong_raw_error,trained_identity,trained_identity_raw_error,trained_preference,initial_correct,initial_correct_raw_error,initial_wrong,initial_wrong_raw_error,initial_identity,initial_identity_raw_error,initial_preference,B0,Bt,delta_correct,delta_wrong,delta
F5,F5_rank4_symmetry45,P_M1_basis_inverse,F5_coordinate_basis,cross_task_set,P four coordinates,M1 four linear coordinates,w17_s17,17,17,4,inverse_G1,inverse_G2,B_encoder_C_initial_output,False,All625 source inputs seen; fit/test only analysis-map orbit holdout; physical basis/world is not an independent input universe,encoder_final,within_length,linear_cka,250,375,250,375,,0.4083040193128739,,0.3167756556177112,,0.3263423424399783,,0.0915283636951627,0.305496513648248,,0.3113688925583772,,1.0000000000000004,,-0.005872378910129206,-0.005872378910129206,0.0915283636951627,0.10280750566462593,0.005406763059334019,0.09740074260529191
F5,F5_rank4_symmetry45,P_M1_basis_inverse,F5_coordinate_basis,cross_task_set,P four coordinates,M1 four linear coordinates,w17_s17,17,17,4,inverse_G1,inverse_G2,B_encoder_C_initial_output,False,All625 source inputs seen; fit/test only analysis-map orbit holdout; physical basis/world is not an independent input universe,encoder_final,within_length,debiased_cka,250,375,250,375,,0.35400163043154753,,0.2539817317917697,,0.2643915428776442,,0.10001989863977784,0.2822941240804719,,0.2884984781902861,,1.0000000000000002,,-0.006204354109814236,-0.006204354109814236,0.10001989863977784,0.07170750635107564,-0.03451674639851643,0.10622425274959207
F5,F5_rank4_symmetry45,P_M1_basis_inverse,F5_coordinate_basis,cross_task_set,P four coordinates,M1 four linear coordinates,w17_s17,17,17,4,inverse_G1,inverse_G2,B_encoder_C_initial_output,False,All625 source inputs seen; fit/test only analysis-map orbit holdout; physical basis/world is not an independent input universe,encoder_final,within_length,knn_overlap,250,375,250,375,,0.16613333333333333,,0.11733333333333333,,0.12293333333333334,,0.048799999999999996,0.19733333333333333,,0.172,,1.0,,0.025333333333333347,0.025333333333333347,0.048799999999999996,-0.031200000000000006,-0.054666666666666655,0.02346666666666665
F5,F5_rank4_symmetry45,P_M1_basis_inverse,F5_coordinate_basis,cross_task_set,P four coordinates,M1 four linear coordinates,w17_s17,17,17,4,inverse_G1,inverse_G2,B_encoder_C_initial_output,False,All625 source inputs seen; fit/test only analysis-map orbit holdout; physical basis/world is not an independent input universe,encoder_final,within_length,procrustes,250,375,250,375,8,-1.2341264728593768,1.2341264728593768,-1.3252207629243173,1.3252207629243173,-1.3093096747607729,1.3093096747607729,0.09109429006494052,-1.0977393056367886,1.0977393056367886,-1.0997486641273444,1.0997486641273444,-4.458469187273095e-16,4.458469187273095e-16,0.002009358490555835,0.002009358490555835,0.09109429006494052,-0.13638716722258826,-0.22547209879697294,0.08908493157438468
F5,F5_rank4_symmetry45,P_M1_basis_inverse,F5_coordinate_basis,cross_task_set,P four coordinates,M1 four linear coordinates,w17_s17,17,17,4,inverse_G1,inverse_G2,B_encoder_C_initial_output,False,All625 source inputs seen; fit/test only analysis-map orbit holdout; physical basis/world is not an independent input universe,output_prob,within_length,linear_cka,250,375,250,375,,0.9999999998916662,,0.7721514259813456,,0.772151425981098,,0.22784857391032065,0.3354205226588653,,0.3442528679174144,,1.0000000000000007,,-0.00883234525854909,-0.00883234525854909,0.22784857391032065,0.6645794772328009,0.4278985580639312,0.23668091916886974
F5,F5_rank4_symmetry45,P_M1_basis_inverse,F5_coordinate_basis,cross_task_set,P four coordinates,M1 four linear coordinates,w17_s17,17,17,4,inverse_G1,inverse_G2,B_encoder_C_initial_output,False,All625 source inputs seen; fit/test only analysis-map orbit holdout; physical basis/world is not an independent input universe,output_prob,within_length,debiased_cka,250,375,250,375,,0.9999999998889969,,0.76368949992334,,0.7636894999231211,,0.2363104999656569,0.3249373823782695,,0.333878982430209,,1.0,,-0.008941600051939502,-0.008941600051939502,0.2363104999656569,0.6750626175107274,0.429810517493131,0.2452521000175964
F5,F5_rank4_symmetry45,P_M1_basis_inverse,F5_coordinate_basis,cross_task_set,P four coordinates,M1 four linear coordinates,w17_s17,17,17,4,inverse_G1,inverse_G2,B_encoder_C_initial_output,False,All625 source inputs seen; fit/test only analysis-map orbit holdout; physical basis/world is not an independent input universe,output_prob,within_length,knn_overlap,250,375,250,375,,0.7562666666666665,,0.5874666666666667,,0.5853333333333334,,0.16879999999999984,0.12586666666666665,,0.08720000000000001,,1.0,,0.03866666666666664,0.03866666666666664,0.16879999999999984,0.6303999999999998,0.5002666666666666,0.1301333333333332
F5,F5_rank4_symmetry45,P_M1_basis_inverse,F5_coordinate_basis,cross_task_set,P four coordinates,M1 four linear coordinates,w17_s17,17,17,4,inverse_G1,inverse_G2,B_encoder_C_initial_output,False,All625 source inputs seen; fit/test only analysis-map orbit holdout; physical basis/world is not an independent input universe,output_prob,within_length,procrustes,250,375,250,375,8,-0.6648048766206427,0.6648048766206427,-0.9873024854189826,0.9873024854189826,-0.9873024088582021,0.9873024088582021,0.3224976087983399,-1.047415420897647,1.047415420897647,-1.0466031626448071,1.0466031626448071,-6.08769543178907e-16,6.08769543178907e-16,-0.0008122582528398148,-0.0008122582528398148,0.3224976087983399,0.38261054427700425,0.05930067722582455,0.3233098670511797
F5,F5_rank4_symmetry45,P_M1_basis_inverse,F5_coordinate_basis,cross_task_set,P four coordinates,M1 four linear coordinates,w17_s17,17,17,4,inverse_G1,inverse_G2,B_encoder_C_initial_output,False,All625 source inputs seen; fit/test only analysis-map orbit holdout; physical basis/world is not an independent input universe,answer_onehot,within_length,linear_cka,250,375,250,375,,1.000000000000022,,0.7721518987341945,,0.7721518987341945,,0.22784810126582744,,,,,,,,,0.22784810126582744,,,
F5,F5_rank4_symmetry45,P_M1_basis_inverse,F5_coordinate_basis,cross_task_set,P four coordinates,M1 four linear coordinates,w17_s17,17,17,4,inverse_G1,inverse_G2,B_encoder_C_initial_output,False,All625 source inputs seen; fit/test only analysis-map orbit holdout; physical basis/world is not an independent input universe,answer_onehot,within_length,debiased_cka,250,375,250,375,,0.9999999999999813,,0.7636899747261866,,0.7636899747261866,,0.23631002527379474,,,,,,,,,0.23631002527379474,,,
F5,F5_rank4_symmetry45,P_M1_basis_inverse,F5_coordinate_basis,cross_task_set,P four coordinates,M1 four linear coordinates,w17_s17,17,17,4,inverse_G1,inverse_G2,B_encoder_C_initial_output,False,All625 source inputs seen; fit/test only analysis-map orbit holdout; physical basis/world is not an independent input universe,answer_onehot,within_length,knn_overlap,250,375,250,375,,1.0,,0.6805333333333333,,0.6805333333333333,,0.3194666666666667,,,,,,,,,0.3194666666666667,,,
F5,F5_rank4_symmetry45,P_M1_basis_inverse,F5_coordinate_basis,cross_task_set,P four coordinates,M1 four linear coordinates,w17_s17,17,17,4,inverse_G1,inverse_G2,B_encoder_C_initial_output,False,All625 source inputs seen; fit/test only analysis-map orbit holdout; physical basis/world is not an independent input universe,answer_onehot,within_length,procrustes,250,375,250,375,8,-1.0751797242822737e-15,1.0751797242822737e-15,-1.0491472930733903,1.0491472930733903,-0.9592983215186299,0.9592983215186299,1.0491472930733892,,,,,,,,,1.0491472930733892,,,
F5,F5_rank4_symmetry45,P_M1_basis_inverse,F5_coordinate_basis,cross_task_set,P four coordinates,M1 four linear coordinates,w17_s17,17,17,4,inverse_G1,inverse_G2,B_encoder_C_initial_output,False,All625 source inputs seen; fit/test only analysis-map orbit holdout; physical basis/world is not an independent input universe,answer_scalar,within_length,linear_cka,250,375,250,375,,1.0000000000000002,,0.6785714285714287,,0.6785714285714287,,0.3214285714285715,,,,,,,,,0.3214285714285715,,,
F5,F5_rank4_symmetry45,P_M1_basis_inverse,F5_coordinate_basis,cross_task_set,P four coordinates,M1 four linear coordinates,w17_s17,17,17,4,inverse_G1,inverse_G2,B_encoder_C_initial_output,False,All625 source inputs seen; fit/test only analysis-map orbit holdout; physical basis/world is not an independent input universe,answer_scalar,within_length,debiased_cka,250,375,250,375,,1.000000000000002,,0.6754728291624689,,0.6754728291624689,,0.32452717083753313,,,,,,,,,0.32452717083753313,,,
F5,F5_rank4_symmetry45,P_M1_basis_inverse,F5_coordinate_basis,cross_task_set,P four coordinates,M1 four linear coordinates,w17_s17,17,17,4,inverse_G1,inverse_G2,B_encoder_C_initial_output,False,All625 source inputs seen; fit/test only analysis-map orbit holdout; physical basis/world is not an independent input universe,answer_scalar,within_length,knn_overlap,250,375,250,375,,1.0,,0.37679999999999986,,0.6205333333333333,,0.6232000000000002,,,,,,,,,0.6232000000000002,,,
F5,F5_rank4_symmetry45,P_M1_basis_inverse,F5_coordinate_basis,cross_task_set,P four coordinates,M1 four linear coordinates,w17_s17,17,17,4,inverse_G1,inverse_G2,B_encoder_C_initial_output,False,All625 source inputs seen; fit/test only analysis-map orbit holdout; physical basis/world is not an independent input universe,answer_scalar,within_length,procrustes,250,375,250,375,4,-2.659528865793844e-16,2.659528865793844e-16,-0.7745966692414834,0.7745966692414834,-0.7745966692414834,0.7745966692414834,0.7745966692414832,,,,,,,,,0.7745966692414832,,,
F5,F5_rank4_symmetry45,P_M1_basis_inverse,F5_coordinate_basis,cross_task_set,P four coordinates,M1 four linear coordinates,w17_s17,17,17,4,inverse_G1,inverse_G2,B_encoder_C_initial_output,False,All625 source inputs seen; fit/test only analysis-map orbit holdout; physical basis/world is not an independent input universe,encoder_final,answer_strata,linear_cka,0,0,250,375,,,,,,,,,,,,,,,,,,,,
F5,F5_rank4_symmetry45,P_M1_basis_inverse,F5_coordinate_basis,cross_task_set,P four coordinates,M1 four linear coordinates,w17_s17,17,17,4,inverse_G1,inverse_G2,B_encoder_C_initial_output,False,All625 source inputs seen; fit/test only analysis-map orbit holdout; physical basis/world is not an independent input universe,encoder_final,answer_strata,debiased_cka,0,0,250,375,,,,,,,,,,,,,,,,,,,,
F5,F5_rank4_symmetry45,P_M1_basis_inverse,F5_coordinate_basis,cross_task_set,P four coordinates,M1 four linear coordinates,w17_s17,17,17,4,inverse_G1,inverse_G2,B_encoder_C_initial_output,False,All625 source inputs seen; fit/test only analysis-map orbit holdout; physical basis/world is not an independent input universe,encoder_final,answer_strata,knn_overlap,0,0,250,375,,,,,,,,,,,,,,,,,,,,
F5,F5_rank4_symmetry45,P_M1_basis_inverse,F5_coordinate_basis,cross_task_set,P four coordinates,M1 four linear coordinates,w17_s17,17,17,4,inverse_G1,inverse_G2,B_encoder_C_initial_output,False,All625 source inputs seen; fit/test only analysis-map orbit holdout; physical basis/world is not an independent input universe,encoder_final,answer_strata,procrustes,0,0,250,375,8,,,,,,,,,,,,,,,,,,,
F5,F5_rank4_symmetry45,P_M1_basis_inverse,F5_coordinate_basis,cross_task_set,P four coordinates,M1 four linear coordinates,w17_s17,17,17,4,inverse_G1,inverse_G2,B_encoder_C_initial_output,False,All625 source inputs seen; fit/test only analysis-map orbit holdout; physical basis/world is not an independent input universe,output_prob,answer_strata,linear_cka,0,0,250,375,,,,,,,,,,,,,,,,,,,,
F5,F5_rank4_symmetry45,P_M1_basis_inverse,F5_coordinate_basis,cross_task_set,P four coordinates,M1 four linear coordinates,w17_s17,17,17,4,inverse_G1,inverse_G2,B_encoder_C_initial_output,False,All625 source inputs seen; fit/test only analysis-map orbit holdout; physical basis/world is not an independent input universe,output_prob,answer_strata,debiased_cka,0,0,250,375,,,,,,,,,,,,,,,,,,,,
F5,F5_rank4_symmetry45,P_M1_basis_inverse,F5_coordinate_basis,cross_task_set,P four coordinates,M1 four linear coordinates,w17_s17,17,17,4,inverse_G1,inverse_G2,B_encoder_C_initial_output,False,All625 source inputs seen; fit/test only analysis-map orbit holdout; physical basis/world is not an independent input universe,output_prob,answer_strata,knn_overlap,0,0,250,375,,,,,,,,,,,,,,,,,,,,
F5,F5_rank4_symmetry45,P_M1_basis_inverse,F5_coordinate_basis,cross_task_set,P four coordinates,M1 four linear coordinates,w17_s17,17,17,4,inverse_G1,inverse_G2,B_encoder_C_initial_output,False,All625 source inputs seen; fit/test only analysis-map orbit holdout; physical basis/world is not an independent input universe,output_prob,answer_strata,procrustes,0,0,250,375,8,,,,,,,,,,,,,,,,,,,
F5,F5_rank4_symmetry45,P_M1_basis_inverse,F5_coordinate_basis,cross_task_set,P four coordinates,M1 four linear coordinates,w17_s17,17,17,4,inverse_G1,inverse_G2,B_encoder_C_initial_output,False,All625 source inputs seen; fit/test only analysis-map orbit holdout; physical basis/world is not an independent input universe,answer_onehot,answer_strata,linear_cka,0,0,250,375,,,,,,,,,,,,,,,,,,,,
F5,F5_rank4_symmetry45,P_M1_basis_inverse,F5_coordinate_basis,cross_task_set,P four coordinates,M1 four linear coordinates,w17_s17,17,17,4,inverse_G1,inverse_G2,B_encoder_C_initial_output,False,All625 source inputs seen; fit/test only analysis-map orbit holdout; physical basis/world is not an independent input universe,answer_onehot,answer_strata,debiased_cka,0,0,250,375,,,,,,,,,,,,,,,,,,,,
F5,F5_rank4_symmetry45,P_M1_basis_inverse,F5_coordinate_basis,cross_task_set,P four coordinates,M1 four linear coordinates,w17_s17,17,17,4,inverse_G1,inverse_G2,B_encoder_C_initial_output,False,All625 source inputs seen; fit/test only analysis-map orbit holdout; physical basis/world is not an independent input universe,answer_onehot,answer_strata,knn_overlap,0,0,250,375,,,,,,,,,,,,,,,,,,,,
F5,F5_rank4_symmetry45,P_M1_basis_inverse,F5_coordinate_basis,cross_task_set,P four coordinates,M1 four linear coordinates,w17_s17,17,17,4,inverse_G1,inverse_G2,B_encoder_C_initial_output,False,All625 source inputs seen; fit/test only analysis-map orbit holdout; physical basis/world is not an independent input universe,answer_onehot,answer_strata,procrustes,0,0,250,375,8,,,,,,,,,,,,,,,,,,,
F5,F5_rank4_symmetry45,P_M1_basis_inverse,F5_coordinate_basis,cross_task_set,P four coordinates,M1 four linear coordinates,w17_s17,17,17,4,inverse_G1,inverse_G2,B_encoder_C_initial_output,False,All625 source inputs seen; fit/test only analysis-map orbit holdout; physical basis/world is not an independent input universe,answer_scalar,answer_strata,linear_cka,0,0,250,375,,,,,,,,,,,,,,,,,,,,
F5,F5_rank4_symmetry45,P_M1_basis_inverse,F5_coordinate_basis,cross_task_set,P four coordinates,M1 four linear coordinates,w17_s17,17,17,4,inverse_G1,inverse_G2,B_encoder_C_initial_output,False,All625 source inputs seen; fit/test only analysis-map orbit holdout; physical basis/world is not an independent input universe,answer_scalar,answer_strata,debiased_cka,0,0,250,375,,,,,,,,,,,,,,,,,,,,
F5,F5_rank4_symmetry45,P_M1_basis_inverse,F5_coordinate_basis,cross_task_set,P four coordinates,M1 four linear coordinates,w17_s17,17,17,4,inverse_G1,inverse_G2,B_encoder_C_initial_output,False,All625 source inputs seen; fit/test only analysis-map orbit holdout; physical basis/world is not an independent input universe,answer_scalar,answer_strata,knn_overlap,0,0,250,375,,,,,,,,,,,,,,,,,,,,
F5,F5_rank4_symmetry45,P_M1_basis_inverse,F5_coordinate_basis,cross_task_set,P four coordinates,M1 four linear coordinates,w17_s17,17,17,4,inverse_G1,inverse_G2,B_encoder_C_initial_output,False,All625 source inputs seen; fit/test only analysis-map orbit holdout; physical basis/world is not an independent input universe,answer_scalar,answer_strata,procrustes,0,0,250,375,4,,,,,,,,,,,,,,,,,,,
F5,F5_rank4_symmetry45,P_M2_basis_inverse,F5_coordinate_basis,cross_task_set,P four coordinates,M2 four linear coordinates,w17_s17,17,17,4,inverse_G2,inverse_G3,B_encoder_C_initial_output,False,All625 source inputs seen; fit/test only analysis-map orbit holdout; physical basis/world is not an independent input universe,encoder_final,within_length,linear_cka,250,375,250,375,,0.3385363256246261,,0.29885065376584785,,0.3051534595616516,,0.03968567185877825,0.3113688925583772,,0.3128993900627253,,1.0000000000000004,,-0.0015304975043481384,-0.0015304975043481384,0.03968567185877825,0.027167433066248914,-0.014048736296877473,0.04121616936312639
F5,F5_rank4_symmetry45,P_M2_basis_inverse,F5_coordinate_basis,cross_task_set,P four coordinates,M2 four linear coordinates,w17_s17,17,17,4,inverse_G2,inverse_G3,B_encoder_C_initial_output,False,All625 source inputs seen; fit/test only analysis-map orbit holdout; physical basis/world is not an independent input universe,encoder_final,within_length,debiased_cka,250,375,250,375,,0.27778265766333365,,0.2343936573468662,,0.24130535052817592,,0.043389000316467446,0.2884984781902861,,0.2899848815209313,,1.0000000000000002,,-0.001486403330645203,-0.001486403330645203,0.043389000316467446,-0.010715820526952469,-0.05559122417406512,0.04487540364711265
F5,F5_rank4_symmetry45,P_M2_basis_inverse,F5_coordinate_basis,cross_task_set,P four coordinates,M2 four linear coordinates,w17_s17,17,17,4,inverse_G2,inverse_G3,B_encoder_C_initial_output,False,All625 source inputs seen; fit/test only analysis-map orbit holdout; physical basis/world is not an independent input universe,encoder_final,within_length,knn_overlap,250,375,250,375,,0.11013333333333332,,0.08959999999999999,,0.0928,,0.020533333333333334,0.172,,0.17386666666666667,,1.0,,-0.0018666666666666831,-0.0018666666666666831,0.020533333333333334,-0.06186666666666667,-0.08426666666666668,0.022400000000000017
F5,F5_rank4_symmetry45,P_M2_basis_inverse,F5_coordinate_basis,cross_task_set,P four coordinates,M2 four linear coordinates,w17_s17,17,17,4,inverse_G2,inverse_G3,B_encoder_C_initial_output,False,All625 source inputs seen; fit/test only analysis-map orbit holdout; physical basis/world is not an independent input universe,encoder_final,within_length,procrustes,250,375,250,375,8,-1.2484728173345532,1.2484728173345532,-1.3010004582305752,1.3010004582305752,-1.2538222814910405,1.2538222814910405,0.05252764089602202,-1.0997486641273444,1.0997486641273444,-1.0947625406207577,1.0947625406207577,-4.458469187273095e-16,4.458469187273095e-16,-0.0049861235065866705,-0.0049861235065866705,0.05252764089602202,-0.14872415320720878,-0.20623791760981747,0.05751376440260869
F5,F5_rank4_symmetry45,P_M2_basis_inverse,F5_coordinate_basis,cross_task_set,P four coordinates,M2 four linear coordinates,w17_s17,17,17,4,inverse_G2,inverse_G3,B_encoder_C_initial_output,False,All625 source inputs seen; fit/test only analysis-map orbit holdout; physical basis/world is not an independent input universe,output_prob,within_length,linear_cka,250,375,250,375,,0.9999999998703613,,0.7721518575801647,,0.7721518575786014,,0.22784814229019656,0.3442528679174144,,0.34305693660903286,,1.0000000000000007,,0.001195931308381526,0.001195931308381526,0.22784814229019656,0.6557471319529469,0.42909492097113183,0.22665221098181504
F5,F5_rank4_symmetry45,P_M2_basis_inverse,F5_coordinate_basis,cross_task_set,P four coordinates,M2 four linear coordinates,w17_s17,17,17,4,inverse_G2,inverse_G3,B_encoder_C_initial_output,False,All625 source inputs seen; fit/test only analysis-map orbit holdout; physical basis/world is not an independent input universe,output_prob,within_length,debiased_cka,250,375,250,375,,0.9999999998669867,,0.7636899472381019,,0.7636899472365155,,0.23631005262888483,0.333878982430209,,0.3325058123960231,,1.0,,0.001373170034185911,0.001373170034185911,0.23631005262888483,0.6661210174367778,0.4311841348420788,0.23493688259469891
F5,F5_rank4_symmetry45,P_M2_basis_inverse,F5_coordinate_basis,cross_task_set,P four coordinates,M2 four linear coordinates,w17_s17,17,17,4,inverse_G2,inverse_G3,B_encoder_C_initial_output,False,All625 source inputs seen; fit/test only analysis-map orbit holdout; physical basis/world is not an independent input universe,output_prob,within_length,knn_overlap,250,375,250,375,,0.7511999999999999,,0.5794666666666666,,0.5826666666666667,,0.1717333333333333,0.08720000000000001,,0.12666666666666668,,1.0,,-0.039466666666666664,-0.039466666666666664,0.1717333333333333,0.6639999999999998,0.45279999999999987,0.21119999999999994
F5,F5_rank4_symmetry45,P_M2_basis_inverse,F5_coordinate_basis,cross_task_set,P four coordinates,M2 four linear coordinates,w17_s17,17,17,4,inverse_G2,inverse_G3,B_encoder_C_initial_output,False,All625 source inputs seen; fit/test only analysis-map orbit holdout; physical basis/world is not an independent input universe,output_prob,within_length,procrustes,250,375,250,375,8,-0.8077280457901408,0.8077280457901408,-1.0237894296486032,1.0237894296486032,-1.0237895654075106,1.0237895654075106,0.2160613838584624,-1.0466031626448071,1.0466031626448071,-1.0380154169045834,1.0380154169045834,-6.08769543178907e-16,6.08769543178907e-16,-0.008587745740223696,-0.008587745740223696,0.2160613838584624,0.23887511685466634,0.014225987255980233,0.2246491295986861
F5,F5_rank4_symmetry45,P_M2_basis_inverse,F5_coordinate_basis,cross_task_set,P four coordinates,M2 four linear coordinates,w17_s17,17,17,4,inverse_G2,inverse_G3,B_encoder_C_initial_output,False,All625 source inputs seen; fit/test only analysis-map orbit holdout; physical basis/world is not an independent input universe,answer_onehot,within_length,linear_cka,250,375,250,375,,1.000000000000022,,0.7721518987341942,,0.7721518987341942,,0.22784810126582777,,,,,,,,,0.22784810126582777,,,
F5,F5_rank4_symmetry45,P_M2_basis_inverse,F5_coordinate_basis,cross_task_set,P four coordinates,M2 four linear coordinates,w17_s17,17,17,4,inverse_G2,inverse_G3,B_encoder_C_initial_output,False,All625 source inputs seen; fit/test only analysis-map orbit holdout; physical basis/world is not an independent input universe,answer_onehot,within_length,debiased_cka,250,375,250,375,,0.9999999999999813,,0.7636899747261865,,0.7636899747261865,,0.23631002527379485,,,,,,,,,0.23631002527379485,,,
F5,F5_rank4_symmetry45,P_M2_basis_inverse,F5_coordinate_basis,cross_task_set,P four coordinates,M2 four linear coordinates,w17_s17,17,17,4,inverse_G2,inverse_G3,B_encoder_C_initial_output,False,All625 source inputs seen; fit/test only analysis-map orbit holdout; physical basis/world is not an independent input universe,answer_onehot,within_length,knn_overlap,250,375,250,375,,1.0,,0.6824000000000001,,0.6824000000000001,,0.3175999999999999,,,,,,,,,0.3175999999999999,,,
F5,F5_rank4_symmetry45,P_M2_basis_inverse,F5_coordinate_basis,cross_task_set,P four coordinates,M2 four linear coordinates,w17_s17,17,17,4,inverse_G2,inverse_G3,B_encoder_C_initial_output,False,All625 source inputs seen; fit/test only analysis-map orbit holdout; physical basis/world is not an independent input universe,answer_onehot,within_length,procrustes,250,375,250,375,8,-1.0751797242822737e-15,1.0751797242822737e-15,-0.9403250167786745,0.9403250167786745,-0.893713316867441,0.893713316867441,0.9403250167786734,,,,,,,,,0.9403250167786734,,,
F5,F5_rank4_symmetry45,P_M2_basis_inverse,F5_coordinate_basis,cross_task_set,P four coordinates,M2 four linear coordinates,w17_s17,17,17,4,inverse_G2,inverse_G3,B_encoder_C_initial_output,False,All625 source inputs seen; fit/test only analysis-map orbit holdout; physical basis/world is not an independent input universe,answer_scalar,within_length,linear_cka,250,375,250,375,,1.0000000000000002,,0.6785714285714287,,0.6785714285714287,,0.3214285714285715,,,,,,,,,0.3214285714285715,,,
F5,F5_rank4_symmetry45,P_M2_basis_inverse,F5_coordinate_basis,cross_task_set,P four coordinates,M2 four linear coordinates,w17_s17,17,17,4,inverse_G2,inverse_G3,B_encoder_C_initial_output,False,All625 source inputs seen; fit/test only analysis-map orbit holdout; physical basis/world is not an independent input universe,answer_scalar,within_length,debiased_cka,250,375,250,375,,1.000000000000002,,0.6754728291624689,,0.6754728291624689,,0.32452717083753313,,,,,,,,,0.32452717083753313,,,
F5,F5_rank4_symmetry45,P_M2_basis_inverse,F5_coordinate_basis,cross_task_set,P four coordinates,M2 four linear coordinates,w17_s17,17,17,4,inverse_G2,inverse_G3,B_encoder_C_initial_output,False,All625 source inputs seen; fit/test only analysis-map orbit holdout; physical basis/world is not an independent input universe,answer_scalar,within_length,knn_overlap,250,375,250,375,,1.0,,0.5797333333333333,,0.3914666666666665,,0.4202666666666667,,,,,,,,,0.4202666666666667,,,
F5,F5_rank4_symmetry45,P_M2_basis_inverse,F5_coordinate_basis,cross_task_set,P four coordinates,M2 four linear coordinates,w17_s17,17,17,4,inverse_G2,inverse_G3,B_encoder_C_initial_output,False,All625 source inputs seen; fit/test only analysis-map orbit holdout; physical basis/world is not an independent input universe,answer_scalar,within_length,procrustes,250,375,250,375,4,-2.659528865793844e-16,2.659528865793844e-16,-0.7745966692414833,0.7745966692414833,-0.7745966692414833,0.7745966692414833,0.7745966692414831,,,,,,,,,0.7745966692414831,,,
F5,F5_rank4_symmetry45,P_M2_basis_inverse,F5_coordinate_basis,cross_task_set,P four coordinates,M2 four linear coordinates,w17_s17,17,17,4,inverse_G2,inverse_G3,B_encoder_C_initial_output,False,All625 source inputs seen; fit/test only analysis-map orbit holdout; physical basis/world is not an independent input universe,encoder_final,answer_strata,linear_cka,0,0,250,375,,,,,,,,,,,,,,,,,,,,
F5,F5_rank4_symmetry45,P_M2_basis_inverse,F5_coordinate_basis,cross_task_set,P four coordinates,M2 four linear coordinates,w17_s17,17,17,4,inverse_G2,inverse_G3,B_encoder_C_initial_output,False,All625 source inputs seen; fit/test only analysis-map orbit holdout; physical basis/world is not an independent input universe,encoder_final,answer_strata,debiased_cka,0,0,250,375,,,,,,,,,,,,,,,,,,,,
F5,F5_rank4_symmetry45,P_M2_basis_inverse,F5_coordinate_basis,cross_task_set,P four coordinates,M2 four linear coordinates,w17_s17,17,17,4,inverse_G2,inverse_G3,B_encoder_C_initial_output,False,All625 source inputs seen; fit/test only analysis-map orbit holdout; physical basis/world is not an independent input universe,encoder_final,answer_strata,knn_overlap,0,0,250,375,,,,,,,,,,,,,,,,,,,,
F5,F5_rank4_symmetry45,P_M2_basis_inverse,F5_coordinate_basis,cross_task_set,P four coordinates,M2 four linear coordinates,w17_s17,17,17,4,inverse_G2,inverse_G3,B_encoder_C_initial_output,False,All625 source inputs seen; fit/test only analysis-map orbit holdout; physical basis/world is not an independent input universe,encoder_final,answer_strata,procrustes,0,0,250,375,8,,,,,,,,,,,,,,,,,,,
F5,F5_rank4_symmetry45,P_M2_basis_inverse,F5_coordinate_basis,cross_task_set,P four coordinates,M2 four linear coordinates,w17_s17,17,17,4,inverse_G2,inverse_G3,B_encoder_C_initial_output,False,All625 source inputs seen; fit/test only analysis-map orbit holdout; physical basis/world is not an independent input universe,output_prob,answer_strata,linear_cka,0,0,250,375,,,,,,,,,,,,,,,,,,,,
F5,F5_rank4_symmetry45,P_M2_basis_inverse,F5_coordinate_basis,cross_task_set,P four coordinates,M2 four linear coordinates,w17_s17,17,17,4,inverse_G2,inverse_G3,B_encoder_C_initial_output,False,All625 source inputs seen; fit/test only analysis-map orbit holdout; physical basis/world is not an independent input universe,output_prob,answer_strata,debiased_cka,0,0,250,375,,,,,,,,,,,,,,,,,,,,
F5,F5_rank4_symmetry45,P_M2_basis_inverse,F5_coordinate_basis,cross_task_set,P four coordinates,M2 four linear coordinates,w17_s17,17,17,4,inverse_G2,inverse_G3,B_encoder_C_initial_output,False,All625 source inputs seen; fit/test only analysis-map orbit holdout; physical basis/world is not an independent input universe,output_prob,answer_strata,knn_overlap,0,0,250,375,,,,,,,,,,,,,,,,,,,,
F5,F5_rank4_symmetry45,P_M2_basis_inverse,F5_coordinate_basis,cross_task_set,P four coordinates,M2 four linear coordinates,w17_s17,17,17,4,inverse_G2,inverse_G3,B_encoder_C_initial_output,False,All625 source inputs seen; fit/test only analysis-map orbit holdout; physical basis/world is not an independent input universe,output_prob,answer_strata,procrustes,0,0,250,375,8,,,,,,,,,,,,,,,,,,,
F5,F5_rank4_symmetry45,P_M2_basis_inverse,F5_coordinate_basis,cross_task_set,P four coordinates,M2 four linear coordinates,w17_s17,17,17,4,inverse_G2,inverse_G3,B_encoder_C_initial_output,False,All625 source inputs seen; fit/test only analysis-map orbit holdout; physical basis/world is not an independent input universe,answer_onehot,answer_strata,linear_cka,0,0,250,375,,,,,,,,,,,,,,,,,,,,
F5,F5_rank4_symmetry45,P_M2_basis_inverse,F5_coordinate_basis,cross_task_set,P four coordinates,M2 four linear coordinates,w17_s17,17,17,4,inverse_G2,inverse_G3,B_encoder_C_initial_output,False,All625 source inputs seen; fit/test only analysis-map orbit holdout; physical basis/world is not an independent input universe,answer_onehot,answer_strata,debiased_cka,0,0,250,375,,,,,,,,,,,,,,,,,,,,
F5,F5_rank4_symmetry45,P_M2_basis_inverse,F5_coordinate_basis,cross_task_set,P four coordinates,M2 four linear coordinates,w17_s17,17,17,4,inverse_G2,inverse_G3,B_encoder_C_initial_output,False,All625 source inputs seen; fit/test only analysis-map orbit holdout; physical basis/world is not an independent input universe,answer_onehot,answer_strata,knn_overlap,0,0,250,375,,,,,,,,,,,,,,,,,,,,
F5,F5_rank4_symmetry45,P_M2_basis_inverse,F5_coordinate_basis,cross_task_set,P four coordinates,M2 four linear coordinates,w17_s17,17,17,4,inverse_G2,inverse_G3,B_encoder_C_initial_output,False,All625 source inputs seen; fit/test only analysis-map orbit holdout; physical basis/world is not an independent input universe,answer_onehot,answer_strata,procrustes,0,0,250,375,8,,,,,,,,,,,,,,,,,,,
F5,F5_rank4_symmetry45,P_M2_basis_inverse,F5_coordinate_basis,cross_task_set,P four coordinates,M2 four linear coordinates,w17_s17,17,17,4,inverse_G2,inverse_G3,B_encoder_C_initial_output,False,All625 source inputs seen; fit/test only analysis-map orbit holdout; physical basis/world is not an independent input universe,answer_scalar,answer_strata,linear_cka,0,0,250,375,,,,,,,,,,,,,,,,,,,,
F5,F5_rank4_symmetry45,P_M2_basis_inverse,F5_coordinate_basis,cross_task_set,P four coordinates,M2 four linear coordinates,w17_s17,17,17,4,inverse_G2,inverse_G3,B_encoder_C_initial_output,False,All625 source inputs seen; fit/test only analysis-map orbit holdout; physical basis/world is not an independent input universe,answer_scalar,answer_strata,debiased_cka,0,0,250,375,,,,,,,,,,,,,,,,,,,,
F5,F5_rank4_symmetry45,P_M2_basis_inverse,F5_coordinate_basis,cross_task_set,P four coordinates,M2 four linear coordinates,w17_s17,17,17,4,inverse_G2,inverse_G3,B_encoder_C_initial_output,False,All625 source inputs seen; fit/test only analysis-map orbit holdout; physical basis/world is not an independent input universe,answer_scalar,answer_strata,knn_overlap,0,0,250,375,,,,,,,,,,,,,,,,,,,,
F5,F5_rank4_symmetry45,P_M2_basis_inverse,F5_coordinate_basis,cross_task_set,P four coordinates,M2 four linear coordinates,w17_s17,17,17,4,inverse_G2,inverse_G3,B_encoder_C_initial_output,False,All625 source inputs seen; fit/test only analysis-map orbit holdout; physical basis/world is not an independent input universe,answer_scalar,answer_strata,procrustes,0,0,250,375,4,,,,,,,,,,,,,,,,,,,
F5,F5_rank4_symmetry45,P_M3_basis_inverse,F5_coordinate_basis,cross_task_set,P four coordinates,M3 four linear coordinates,w17_s17,17,17,4,inverse_G3,inverse_G4,B_encoder_C_initial_output,False,All625 source inputs seen; fit/test only analysis-map orbit holdout; physical basis/world is not an independent input universe,encoder_final,within_length,linear_cka,250,375,250,375,,0.23891652092286408,,0.208898453445546,,0.22058847492569944,,0.030018067477318083,0.3128993900627253,,0.30629347627518205,,1.0000000000000004,,0.006605913787543272,0.006605913787543272,0.030018067477318083,-0.07398286913986124,-0.09739502282963605,0.02341215368977481
F5,F5_rank4_symmetry45,P_M3_basis_inverse,F5_coordinate_basis,cross_task_set,P four coordinates,M3 four linear coordinates,w17_s17,17,17,4,inverse_G3,inverse_G4,B_encoder_C_initial_output,False,All625 source inputs seen; fit/test only analysis-map orbit holdout; physical basis/world is not an independent input universe,encoder_final,within_length,debiased_cka,250,375,250,375,,0.18563279541887417,,0.15343903491662328,,0.16603101307298604,,0.032193760502250895,0.2899848815209313,,0.2831886777321232,,1.0000000000000002,,0.006796203788808131,0.006796203788808131,0.032193760502250895,-0.10435208610205715,-0.12974964281549992,0.025397556713442765
F5,F5_rank4_symmetry45,P_M3_basis_inverse,F5_coordinate_basis,cross_task_set,P four coordinates,M3 four linear coordinates,w17_s17,17,17,4,inverse_G3,inverse_G4,B_encoder_C_initial_output,False,All625 source inputs seen; fit/test only analysis-map orbit holdout; physical basis/world is not an independent input universe,encoder_final,within_length,knn_overlap,250,375,250,375,,0.0984,,0.10986666666666667,,0.06026666666666666,,-0.011466666666666667,0.17386666666666667,,0.31439999999999996,,1.0,,-0.1405333333333333,-0.1405333333333333,-0.011466666666666667,-0.07546666666666667,-0.2045333333333333,0.1290666666666666
F5,F5_rank4_symmetry45,P_M3_basis_inverse,F5_coordinate_basis,cross_task_set,P four coordinates,M3 four linear coordinates,w17_s17,17,17,4,inverse_G3,inverse_G4,B_encoder_C_initial_output,False,All625 source inputs seen; fit/test only analysis-map orbit holdout; physical basis/world is not an independent input universe,encoder_final,within_length,procrustes,250,375,250,375,8,-1.3014576744520658,1.3014576744520658,-1.2941469494761055,1.2941469494761055,-1.286873057171168,1.286873057171168,-0.007310724975960303,-1.0947625406207577,1.0947625406207577,-1.1093483856276858,1.1093483856276858,-4.458469187273095e-16,4.458469187273095e-16,0.014585845006928055,0.014585845006928055,-0.007310724975960303,-0.2066951338313081,-0.18479856384841975,-0.02189656998288836
F5,F5_rank4_symmetry45,P_M3_basis_inverse,F5_coordinate_basis,cross_task_set,P four coordinates,M3 four linear coordinates,w17_s17,17,17,4,inverse_G3,inverse_G4,B_encoder_C_initial_output,False,All625 source inputs seen; fit/test only analysis-map orbit holdout; physical basis/world is not an independent input universe,output_prob,within_length,linear_cka,250,375,250,375,,0.9999999998307542,,0.7721520493493568,,0.7721520493492915,,0.2278479504813974,0.34305693660903286,,0.329817671975403,,1.0000000000000007,,0.013239264633629844,0.013239264633629844,0.2278479504813974,0.6569430632217212,0.44233437737395376,0.21460868584776754
F5,F5_rank4_symmetry45,P_M3_basis_inverse,F5_coordinate_basis,cross_task_set,P four coordinates,M3 four linear coordinates,w17_s17,17,17,4,inverse_G3,inverse_G4,B_encoder_C_initial_output,False,All625 source inputs seen; fit/test only analysis-map orbit holdout; physical basis/world is not an independent input universe,output_prob,within_length,debiased_cka,250,375,250,375,,0.9999999998263461,,0.7636901493670734,,0.7636901493670115,,0.23630985045927277,0.3325058123960231,,0.31934254955849983,,1.0,,0.013163262837523282,0.013163262837523282,0.23630985045927277,0.6674941874303231,0.4443475998085735,0.2231465876217495
F5,F5_rank4_symmetry45,P_M3_basis_inverse,F5_coordinate_basis,cross_task_set,P four coordinates,M3 four linear coordinates,w17_s17,17,17,4,inverse_G3,inverse_G4,B_encoder_C_initial_output,False,All625 source inputs seen; fit/test only analysis-map orbit holdout; physical basis/world is not an independent input universe,output_prob,within_length,knn_overlap,250,375,250,375,,0.7706666666666667,,0.6119999999999999,,0.6074666666666666,,0.15866666666666684,0.12666666666666668,,0.21466666666666667,,1.0,,-0.088,-0.088,0.15866666666666684,0.644,0.3973333333333332,0.24666666666666684
F5,F5_rank4_symmetry45,P_M3_basis_inverse,F5_coordinate_basis,cross_task_set,P four coordinates,M3 four linear coordinates,w17_s17,17,17,4,inverse_G3,inverse_G4,B_encoder_C_initial_output,False,All625 source inputs seen; fit/test only analysis-map orbit holdout; physical basis/world is not an independent input universe,output_prob,within_length,procrustes,250,375,250,375,8,-0.8690206627455781,0.8690206627455781,-1.0421553197140128,1.0421553197140128,-1.042155192771424,1.042155192771424,0.17313465696843466,-1.0380154169045834,1.0380154169045834,-1.0579320431203805,1.0579320431203805,-6.08769543178907e-16,6.08769543178907e-16,0.01991662621579704,0.01991662621579704,0.17313465696843466,0.16899475415900533,0.01577672340636771,0.15321803075263762
F5,F5_rank4_symmetry45,P_M3_basis_inverse,F5_coordinate_basis,cross_task_set,P four coordinates,M3 four linear coordinates,w17_s17,17,17,4,inverse_G3,inverse_G4,B_encoder_C_initial_output,False,All625 source inputs seen; fit/test only analysis-map orbit holdout; physical basis/world is not an independent input universe,answer_onehot,within_length,linear_cka,250,375,250,375,,1.000000000000022,,0.7721518987341943,,0.7721518987341943,,0.22784810126582766,,,,,,,,,0.22784810126582766,,,
F5,F5_rank4_symmetry45,P_M3_basis_inverse,F5_coordinate_basis,cross_task_set,P four coordinates,M3 four linear coordinates,w17_s17,17,17,4,inverse_G3,inverse_G4,B_encoder_C_initial_output,False,All625 source inputs seen; fit/test only analysis-map orbit holdout; physical basis/world is not an independent input universe,answer_onehot,within_length,debiased_cka,250,375,250,375,,0.9999999999999813,,0.7636899747261866,,0.7636899747261866,,0.23631002527379474,,,,,,,,,0.23631002527379474,,,
F5,F5_rank4_symmetry45,P_M3_basis_inverse,F5_coordinate_basis,cross_task_set,P four coordinates,M3 four linear coordinates,w17_s17,17,17,4,inverse_G3,inverse_G4,B_encoder_C_initial_output,False,All625 source inputs seen; fit/test only analysis-map orbit holdout; physical basis/world is not an independent input universe,answer_onehot,within_length,knn_overlap,250,375,250,375,,1.0,,0.684,,0.684,,0.31599999999999995,,,,,,,,,0.31599999999999995,,,
F5,F5_rank4_symmetry45,P_M3_basis_inverse,F5_coordinate_basis,cross_task_set,P four coordinates,M3 four linear coordinates,w17_s17,17,17,4,inverse_G3,inverse_G4,B_encoder_C_initial_output,False,All625 source inputs seen; fit/test only analysis-map orbit holdout; physical basis/world is not an independent input universe,answer_onehot,within_length,procrustes,250,375,250,375,8,-1.0751797242822737e-15,1.0751797242822737e-15,-0.9812959098995503,0.9812959098995503,-1.0774412092477363,1.0774412092477363,0.9812959098995492,,,,,,,,,0.9812959098995492,,,
F5,F5_rank4_symmetry45,P_M3_basis_inverse,F5_coordinate_basis,cross_task_set,P four coordinates,M3 four linear coordinates,w17_s17,17,17,4,inverse_G3,inverse_G4,B_encoder_C_initial_output,False,All625 source inputs seen; fit/test only analysis-map orbit holdout; physical basis/world is not an independent input universe,answer_scalar,within_length,linear_cka,250,375,250,375,,1.0000000000000002,,0.6785714285714287,,0.6785714285714287,,0.3214285714285715,,,,,,,,,0.3214285714285715,,,
F5,F5_rank4_symmetry45,P_M3_basis_inverse,F5_coordinate_basis,cross_task_set,P four coordinates,M3 four linear coordinates,w17_s17,17,17,4,inverse_G3,inverse_G4,B_encoder_C_initial_output,False,All625 source inputs seen; fit/test only analysis-map orbit holdout; physical basis/world is not an independent input universe,answer_scalar,within_length,debiased_cka,250,375,250,375,,1.000000000000002,,0.6754728291624689,,0.6754728291624688,,0.32452717083753313,,,,,,,,,0.32452717083753313,,,
F5,F5_rank4_symmetry45,P_M3_basis_inverse,F5_coordinate_basis,cross_task_set,P four coordinates,M3 four linear coordinates,w17_s17,17,17,4,inverse_G3,inverse_G4,B_encoder_C_initial_output,False,All625 source inputs seen; fit/test only analysis-map orbit holdout; physical basis/world is not an independent input universe,answer_scalar,within_length,knn_overlap,250,375,250,375,,1.0,,0.38079999999999997,,0.38133333333333325,,0.6192,,,,,,,,,0.6192,,,
F5,F5_rank4_symmetry45,P_M3_basis_inverse,F5_coordinate_basis,cross_task_set,P four coordinates,M3 four linear coordinates,w17_s17,17,17,4,inverse_G3,inverse_G4,B_encoder_C_initial_output,False,All625 source inputs seen; fit/test only analysis-map orbit holdout; physical basis/world is not an independent input universe,answer_scalar,within_length,procrustes,250,375,250,375,4,-2.659528865793844e-16,2.659528865793844e-16,-0.7745966692414832,0.7745966692414832,-0.7745966692414832,0.7745966692414832,0.774596669241483,,,,,,,,,0.774596669241483,,,
F5,F5_rank4_symmetry45,P_M3_basis_inverse,F5_coordinate_basis,cross_task_set,P four coordinates,M3 four linear coordinates,w17_s17,17,17,4,inverse_G3,inverse_G4,B_encoder_C_initial_output,False,All625 source inputs seen; fit/test only analysis-map orbit holdout; physical basis/world is not an independent input universe,encoder_final,answer_strata,linear_cka,0,0,250,375,,,,,,,,,,,,,,,,,,,,
F5,F5_rank4_symmetry45,P_M3_basis_inverse,F5_coordinate_basis,cross_task_set,P four coordinates,M3 four linear coordinates,w17_s17,17,17,4,inverse_G3,inverse_G4,B_encoder_C_initial_output,False,All625 source inputs seen; fit/test only analysis-map orbit holdout; physical basis/world is not an independent input universe,encoder_final,answer_strata,debiased_cka,0,0,250,375,,,,,,,,,,,,,,,,,,,,
F5,F5_rank4_symmetry45,P_M3_basis_inverse,F5_coordinate_basis,cross_task_set,P four coordinates,M3 four linear coordinates,w17_s17,17,17,4,inverse_G3,inverse_G4,B_encoder_C_initial_output,False,All625 source inputs seen; fit/test only analysis-map orbit holdout; physical basis/world is not an independent input universe,encoder_final,answer_strata,knn_overlap,0,0,250,375,,,,,,,,,,,,,,,,,,,,
F5,F5_rank4_symmetry45,P_M3_basis_inverse,F5_coordinate_basis,cross_task_set,P four coordinates,M3 four linear coordinates,w17_s17,17,17,4,inverse_G3,inverse_G4,B_encoder_C_initial_output,False,All625 source inputs seen; fit/test only analysis-map orbit holdout; physical basis/world is not an independent input universe,encoder_final,answer_strata,procrustes,0,0,250,375,8,,,,,,,,,,,,,,,,,,,
F5,F5_rank4_symmetry45,P_M3_basis_inverse,F5_coordinate_basis,cross_task_set,P four coordinates,M3 four linear coordinates,w17_s17,17,17,4,inverse_G3,inverse_G4,B_encoder_C_initial_output,False,All625 source inputs seen; fit/test only analysis-map orbit holdout; physical basis/world is not an independent input universe,output_prob,answer_strata,linear_cka,0,0,250,375,,,,,,,,,,,,,,,,,,,,
F5,F5_rank4_symmetry45,P_M3_basis_inverse,F5_coordinate_basis,cross_task_set,P four coordinates,M3 four linear coordinates,w17_s17,17,17,4,inverse_G3,inverse_G4,B_encoder_C_initial_output,False,All625 source inputs seen; fit/test only analysis-map orbit holdout; physical basis/world is not an independent input universe,output_prob,answer_strata,debiased_cka,0,0,250,375,,,,,,,,,,,,,,,,,,,,
F5,F5_rank4_symmetry45,P_M3_basis_inverse,F5_coordinate_basis,cross_task_set,P four coordinates,M3 four linear coordinates,w17_s17,17,17,4,inverse_G3,inverse_G4,B_encoder_C_initial_output,False,All625 source inputs seen; fit/test only analysis-map orbit holdout; physical basis/world is not an independent input universe,output_prob,answer_strata,knn_overlap,0,0,250,375,,,,,,,,,,,,,,,,,,,,
F5,F5_rank4_symmetry45,P_M3_basis_inverse,F5_coordinate_basis,cross_task_set,P four coordinates,M3 four linear coordinates,w17_s17,17,17,4,inverse_G3,inverse_G4,B_encoder_C_initial_output,False,All625 source inputs seen; fit/test only analysis-map orbit holdout; physical basis/world is not an independent input universe,output_prob,answer_strata,procrustes,0,0,250,375,8,,,,,,,,,,,,,,,,,,,
F5,F5_rank4_symmetry45,P_M3_basis_inverse,F5_coordinate_basis,cross_task_set,P four coordinates,M3 four linear coordinates,w17_s17,17,17,4,inverse_G3,inverse_G4,B_encoder_C_initial_output,False,All625 source inputs seen; fit/test only analysis-map orbit holdout; physical basis/world is not an independent input universe,answer_onehot,answer_strata,linear_cka,0,0,250,375,,,,,,,,,,,,,,,,,,,,
F5,F5_rank4_symmetry45,P_M3_basis_inverse,F5_coordinate_basis,cross_task_set,P four coordinates,M3 four linear coordinates,w17_s17,17,17,4,inverse_G3,inverse_G4,B_encoder_C_initial_output,False,All625 source inputs seen; fit/test only analysis-map orbit holdout; physical basis/world is not an independent input universe,answer_onehot,answer_strata,debiased_cka,0,0,250,375,,,,,,,,,,,,,,,,,,,,
F5,F5_rank4_symmetry45,P_M3_basis_inverse,F5_coordinate_basis,cross_task_set,P four coordinates,M3 four linear coordinates,w17_s17,17,17,4,inverse_G3,inverse_G4,B_encoder_C_initial_output,False,All625 source inputs seen; fit/test only analysis-map orbit holdout; physical basis/world is not an independent input universe,answer_onehot,answer_strata,knn_overlap,0,0,250,375,,,,,,,,,,,,,,,,,,,,
F5,F5_rank4_symmetry45,P_M3_basis_inverse,F5_coordinate_basis,cross_task_set,P four coordinates,M3 four linear coordinates,w17_s17,17,17,4,inverse_G3,inverse_G4,B_encoder_C_initial_output,False,All625 source inputs seen; fit/test only analysis-map orbit holdout; physical basis/world is not an independent input universe,answer_onehot,answer_strata,procrustes,0,0,250,375,8,,,,,,,,,,,,,,,,,,,
F5,F5_rank4_symmetry45,P_M3_basis_inverse,F5_coordinate_basis,cross_task_set,P four coordinates,M3 four linear coordinates,w17_s17,17,17,4,inverse_G3,inverse_G4,B_encoder_C_initial_output,False,All625 source inputs seen; fit/test only analysis-map orbit holdout; physical basis/world is not an independent input universe,answer_scalar,answer_strata,linear_cka,0,0,250,375,,,,,,,,,,,,,,,,,,,,
F5,F5_rank4_symmetry45,P_M3_basis_inverse,F5_coordinate_basis,cross_task_set,P four coordinates,M3 four linear coordinates,w17_s17,17,17,4,inverse_G3,inverse_G4,B_encoder_C_initial_output,False,All625 source inputs seen; fit/test only analysis-map orbit holdout; physical basis/world is not an independent input universe,answer_scalar,answer_strata,debiased_cka,0,0,250,375,,,,,,,,,,,,,,,,,,,,
F5,F5_rank4_symmetry45,P_M3_basis_inverse,F5_coordinate_basis,cross_task_set,P four coordinates,M3 four linear coordinates,w17_s17,17,17,4,inverse_G3,inverse_G4,B_encoder_C_initial_output,False,All625 source inputs seen; fit/test only analysis-map orbit holdout; physical basis/world is not an independent input universe,answer_scalar,answer_strata,knn_overlap,0,0,250,375,,,,,,,,,,,,,,,,,,,,
F5,F5_rank4_symmetry45,P_M3_basis_inverse,F5_coordinate_basis,cross_task_set,P four coordinates,M3 four linear coordinates,w17_s17,17,17,4,inverse_G3,inverse_G4,B_encoder_C_initial_output,False,All625 source inputs seen; fit/test only analysis-map orbit holdout; physical basis/world is not an independent input universe,answer_scalar,answer_strata,procrustes,0,0,250,375,4,,,,,,,,,,,,,,,,,,,
F5,F5_rank4_symmetry45,P_M4_basis_inverse,F5_coordinate_basis,cross_task_set,P four coordinates,M4 four linear coordinates,w17_s17,17,17,4,inverse_G4,inverse_G1,B_encoder_C_initial_output,False,All625 source inputs seen; fit/test only analysis-map orbit holdout; physical basis/world is not an independent input universe,encoder_final,within_length,linear_cka,250,375,250,375,,0.302692644729858,,0.19840916321253482,,0.1944699844165051,,0.1042834815173232,0.30629347627518205,,0.305496513648248,,1.0000000000000004,,0.0007969626269340724,0.0007969626269340724,0.1042834815173232,-0.0036008315453240347,-0.10708735043571316,0.10348651889038912
F5,F5_rank4_symmetry45,P_M4_basis_inverse,F5_coordinate_basis,cross_task_set,P four coordinates,M4 four linear coordinates,w17_s17,17,17,4,inverse_G4,inverse_G1,B_encoder_C_initial_output,False,All625 source inputs seen; fit/test only analysis-map orbit holdout; physical basis/world is not an independent input universe,encoder_final,within_length,debiased_cka,250,375,250,375,,0.25045035807908267,,0.13822237467913603,,0.13396271281400224,,0.11222798339994663,0.2831886777321232,,0.2822941240804719,,1.0000000000000002,,0.0008945536516513086,0.0008945536516513086,0.11222798339994663,-0.032738319653040526,-0.14407174940133585,0.11133342974829533
F5,F5_rank4_symmetry45,P_M4_basis_inverse,F5_coordinate_basis,cross_task_set,P four coordinates,M4 four linear coordinates,w17_s17,17,17,4,inverse_G4,inverse_G1,B_encoder_C_initial_output,False,All625 source inputs seen; fit/test only analysis-map orbit holdout; physical basis/world is not an independent input universe,encoder_final,within_length,knn_overlap,250,375,250,375,,0.132,,0.04906666666666666,,0.0456,,0.08293333333333335,0.31439999999999996,,0.19733333333333333,,1.0,,0.11706666666666662,0.11706666666666662,0.08293333333333335,-0.18239999999999995,-0.14826666666666666,-0.03413333333333328
F5,F5_rank4_symmetry45,P_M4_basis_inverse,F5_coordinate_basis,cross_task_set,P four coordinates,M4 four linear coordinates,w17_s17,17,17,4,inverse_G4,inverse_G1,B_encoder_C_initial_output,False,All625 source inputs seen; fit/test only analysis-map orbit holdout; physical basis/world is not an independent input universe,encoder_final,within_length,procrustes,250,375,250,375,8,-1.1753548757939376,1.1753548757939376,-1.2885598970141159,1.2885598970141159,-1.2821305230844082,1.2821305230844082,0.11320502122017828,-1.1093483856276858,1.1093483856276858,-1.0977393056367886,1.0977393056367886,-4.458469187273095e-16,4.458469187273095e-16,-0.01160907999089722,-0.01160907999089722,0.11320502122017828,-0.06600649016625182,-0.19082059137732732,0.1248141012110755
F5,F5_rank4_symmetry45,P_M4_basis_inverse,F5_coordinate_basis,cross_task_set,P four coordinates,M4 four linear coordinates,w17_s17,17,17,4,inverse_G4,inverse_G1,B_encoder_C_initial_output,False,All625 source inputs seen; fit/test only analysis-map orbit holdout; physical basis/world is not an independent input universe,output_prob,within_length,linear_cka,250,375,250,375,,0.9999999998474619,,0.7721533680875785,,0.7721533680887085,,0.2278466317598834,0.329817671975403,,0.3354205226588653,,1.0000000000000007,,-0.005602850683462279,-0.005602850683462279,0.2278466317598834,0.6701823278720589,0.4367328454287132,0.23344948244334568
F5,F5_rank4_symmetry45,P_M4_basis_inverse,F5_coordinate_basis,cross_task_set,P four coordinates,M4 four linear coordinates,w17_s17,17,17,4,inverse_G4,inverse_G1,B_encoder_C_initial_output,False,All625 source inputs seen; fit/test only analysis-map orbit holdout; physical basis/world is not an independent input universe,output_prob,within_length,debiased_cka,250,375,250,375,,0.9999999998435204,,0.7636915184249026,,0.7636915184259243,,0.23630848141861782,0.31934254955849983,,0.3249373823782695,,1.0,,-0.005594832819769691,-0.005594832819769691,0.23630848141861782,0.6806574502850206,0.43875413604663305,0.2419033142383875
F5,F5_rank4_symmetry45,P_M4_basis_inverse,F5_coordinate_basis,cross_task_set,P four coordinates,M4 four linear coordinates,w17_s17,17,17,4,inverse_G4,inverse_G1,B_encoder_C_initial_output,False,All625 source inputs seen; fit/test only analysis-map orbit holdout; physical basis/world is not an independent input universe,output_prob,within_length,knn_overlap,250,375,250,375,,0.7754666666666667,,0.6496,,0.6474666666666667,,0.1258666666666668,0.21466666666666667,,0.12586666666666665,,1.0,,0.08880000000000002,0.08880000000000002,0.1258666666666668,0.5608000000000001,0.5237333333333333,0.037066666666666775
F5,F5_rank4_symmetry45,P_M4_basis_inverse,F5_coordinate_basis,cross_task_set,P four coordinates,M4 four linear coordinates,w17_s17,17,17,4,inverse_G4,inverse_G1,B_encoder_C_initial_output,False,All625 source inputs seen; fit/test only analysis-map orbit holdout; physical basis/world is not an independent input universe,output_prob,within_length,procrustes,250,375,250,375,8,-0.7157081819172625,0.7157081819172625,-1.0289543554819864,1.0289543554819864,-1.028954565666371,1.028954565666371,0.31324617356472395,-1.0579320431203805,1.0579320431203805,-1.047415420897647,1.047415420897647,-6.08769543178907e-16,6.08769543178907e-16,-0.01051662222273353,-0.01051662222273353,0.31324617356472395,0.342223861203118,0.018461065415660505,0.3237627957874575
F5,F5_rank4_symmetry45,P_M4_basis_inverse,F5_coordinate_basis,cross_task_set,P four coordinates,M4 four linear coordinates,w17_s17,17,17,4,inverse_G4,inverse_G1,B_encoder_C_initial_output,False,All625 source inputs seen; fit/test only analysis-map orbit holdout; physical basis/world is not an independent input universe,answer_onehot,within_length,linear_cka,250,375,250,375,,1.000000000000022,,0.7721518987341942,,0.7721518987341941,,0.22784810126582777,,,,,,,,,0.22784810126582777,,,
F5,F5_rank4_symmetry45,P_M4_basis_inverse,F5_coordinate_basis,cross_task_set,P four coordinates,M4 four linear coordinates,w17_s17,17,17,4,inverse_G4,inverse_G1,B_encoder_C_initial_output,False,All625 source inputs seen; fit/test only analysis-map orbit holdout; physical basis/world is not an independent input universe,answer_onehot,within_length,debiased_cka,250,375,250,375,,0.9999999999999813,,0.7636899747261865,,0.7636899747261865,,0.23631002527379485,,,,,,,,,0.23631002527379485,,,
F5,F5_rank4_symmetry45,P_M4_basis_inverse,F5_coordinate_basis,cross_task_set,P four coordinates,M4 four linear coordinates,w17_s17,17,17,4,inverse_G4,inverse_G1,B_encoder_C_initial_output,False,All625 source inputs seen; fit/test only analysis-map orbit holdout; physical basis/world is not an independent input universe,answer_onehot,within_length,knn_overlap,250,375,250,375,,1.0,,0.6824000000000001,,0.6618666666666666,,0.3175999999999999,,,,,,,,,0.3175999999999999,,,
F5,F5_rank4_symmetry45,P_M4_basis_inverse,F5_coordinate_basis,cross_task_set,P four coordinates,M4 four linear coordinates,w17_s17,17,17,4,inverse_G4,inverse_G1,B_encoder_C_initial_output,False,All625 source inputs seen; fit/test only analysis-map orbit holdout; physical basis/world is not an independent input universe,answer_onehot,within_length,procrustes,250,375,250,375,8,-1.0751797242822737e-15,1.0751797242822737e-15,-0.9403250167786745,0.9403250167786745,-0.9538143752407297,0.9538143752407297,0.9403250167786734,,,,,,,,,0.9403250167786734,,,
F5,F5_rank4_symmetry45,P_M4_basis_inverse,F5_coordinate_basis,cross_task_set,P four coordinates,M4 four linear coordinates,w17_s17,17,17,4,inverse_G4,inverse_G1,B_encoder_C_initial_output,False,All625 source inputs seen; fit/test only analysis-map orbit holdout; physical basis/world is not an independent input universe,answer_scalar,within_length,linear_cka,250,375,250,375,,1.0000000000000002,,0.6785714285714287,,0.6785714285714287,,0.3214285714285715,,,,,,,,,0.3214285714285715,,,
F5,F5_rank4_symmetry45,P_M4_basis_inverse,F5_coordinate_basis,cross_task_set,P four coordinates,M4 four linear coordinates,w17_s17,17,17,4,inverse_G4,inverse_G1,B_encoder_C_initial_output,False,All625 source inputs seen; fit/test only analysis-map orbit holdout; physical basis/world is not an independent input universe,answer_scalar,within_length,debiased_cka,250,375,250,375,,1.000000000000002,,0.6754728291624689,,0.6754728291624689,,0.32452717083753313,,,,,,,,,0.32452717083753313,,,
F5,F5_rank4_symmetry45,P_M4_basis_inverse,F5_coordinate_basis,cross_task_set,P four coordinates,M4 four linear coordinates,w17_s17,17,17,4,inverse_G4,inverse_G1,B_encoder_C_initial_output,False,All625 source inputs seen; fit/test only analysis-map orbit holdout; physical basis/world is not an independent input universe,answer_scalar,within_length,knn_overlap,250,375,250,375,,1.0,,0.5797333333333333,,0.6335999999999999,,0.4202666666666667,,,,,,,,,0.4202666666666667,,,
F5,F5_rank4_symmetry45,P_M4_basis_inverse,F5_coordinate_basis,cross_task_set,P four coordinates,M4 four linear coordinates,w17_s17,17,17,4,inverse_G4,inverse_G1,B_encoder_C_initial_output,False,All625 source inputs seen; fit/test only analysis-map orbit holdout; physical basis/world is not an independent input universe,answer_scalar,within_length,procrustes,250,375,250,375,4,-2.659528865793844e-16,2.659528865793844e-16,-0.7745966692414833,0.7745966692414833,-0.7745966692414836,0.7745966692414836,0.7745966692414831,,,,,,,,,0.7745966692414831,,,
F5,F5_rank4_symmetry45,P_M4_basis_inverse,F5_coordinate_basis,cross_task_set,P four coordinates,M4 four linear coordinates,w17_s17,17,17,4,inverse_G4,inverse_G1,B_encoder_C_initial_output,False,All625 source inputs seen; fit/test only analysis-map orbit holdout; physical basis/world is not an independent input universe,encoder_final,answer_strata,linear_cka,0,0,250,375,,,,,,,,,,,,,,,,,,,,
F5,F5_rank4_symmetry45,P_M4_basis_inverse,F5_coordinate_basis,cross_task_set,P four coordinates,M4 four linear coordinates,w17_s17,17,17,4,inverse_G4,inverse_G1,B_encoder_C_initial_output,False,All625 source inputs seen; fit/test only analysis-map orbit holdout; physical basis/world is not an independent input universe,encoder_final,answer_strata,debiased_cka,0,0,250,375,,,,,,,,,,,,,,,,,,,,
F5,F5_rank4_symmetry45,P_M4_basis_inverse,F5_coordinate_basis,cross_task_set,P four coordinates,M4 four linear coordinates,w17_s17,17,17,4,inverse_G4,inverse_G1,B_encoder_C_initial_output,False,All625 source inputs seen; fit/test only analysis-map orbit holdout; physical basis/world is not an independent input universe,encoder_final,answer_strata,knn_overlap,0,0,250,375,,,,,,,,,,,,,,,,,,,,
F5,F5_rank4_symmetry45,P_M4_basis_inverse,F5_coordinate_basis,cross_task_set,P four coordinates,M4 four linear coordinates,w17_s17,17,17,4,inverse_G4,inverse_G1,B_encoder_C_initial_output,False,All625 source inputs seen; fit/test only analysis-map orbit holdout; physical basis/world is not an independent input universe,encoder_final,answer_strata,procrustes,0,0,250,375,8,,,,,,,,,,,,,,,,,,,
F5,F5_rank4_symmetry45,P_M4_basis_inverse,F5_coordinate_basis,cross_task_set,P four coordinates,M4 four linear coordinates,w17_s17,17,17,4,inverse_G4,inverse_G1,B_encoder_C_initial_output,False,All625 source inputs seen; fit/test only analysis-map orbit holdout; physical basis/world is not an independent input universe,output_prob,answer_strata,linear_cka,0,0,250,375,,,,,,,,,,,,,,,,,,,,
F5,F5_rank4_symmetry45,P_M4_basis_inverse,F5_coordinate_basis,cross_task_set,P four coordinates,M4 four linear coordinates,w17_s17,17,17,4,inverse_G4,inverse_G1,B_encoder_C_initial_output,False,All625 source inputs seen; fit/test only analysis-map orbit holdout; physical basis/world is not an independent input universe,output_prob,answer_strata,debiased_cka,0,0,250,375,,,,,,,,,,,,,,,,,,,,
F5,F5_rank4_symmetry45,P_M4_basis_inverse,F5_coordinate_basis,cross_task_set,P four coordinates,M4 four linear coordinates,w17_s17,17,17,4,inverse_G4,inverse_G1,B_encoder_C_initial_output,False,All625 source inputs seen; fit/test only analysis-map orbit holdout; physical basis/world is not an independent input universe,output_prob,answer_strata,knn_overlap,0,0,250,375,,,,,,,,,,,,,,,,,,,,
F5,F5_rank4_symmetry45,P_M4_basis_inverse,F5_coordinate_basis,cross_task_set,P four coordinates,M4 four linear coordinates,w17_s17,17,17,4,inverse_G4,inverse_G1,B_encoder_C_initial_output,False,All625 source inputs seen; fit/test only analysis-map orbit holdout; physical basis/world is not an independent input universe,output_prob,answer_strata,procrustes,0,0,250,375,8,,,,,,,,,,,,,,,,,,,
F5,F5_rank4_symmetry45,P_M4_basis_inverse,F5_coordinate_basis,cross_task_set,P four coordinates,M4 four linear coordinates,w17_s17,17,17,4,inverse_G4,inverse_G1,B_encoder_C_initial_output,False,All625 source inputs seen; fit/test only analysis-map orbit holdout; physical basis/world is not an independent input universe,answer_onehot,answer_strata,linear_cka,0,0,250,375,,,,,,,,,,,,,,,,,,,,
F5,F5_rank4_symmetry45,P_M4_basis_inverse,F5_coordinate_basis,cross_task_set,P four coordinates,M4 four linear coordinates,w17_s17,17,17,4,inverse_G4,inverse_G1,B_encoder_C_initial_output,False,All625 source inputs seen; fit/test only analysis-map orbit holdout; physical basis/world is not an independent input universe,answer_onehot,answer_strata,debiased_cka,0,0,250,375,,,,,,,,,,,,,,,,,,,,
F5,F5_rank4_symmetry45,P_M4_basis_inverse,F5_coordinate_basis,cross_task_set,P four coordinates,M4 four linear coordinates,w17_s17,17,17,4,inverse_G4,inverse_G1,B_encoder_C_initial_output,False,All625 source inputs seen; fit/test only analysis-map orbit holdout; physical basis/world is not an independent input universe,answer_onehot,answer_strata,knn_overlap,0,0,250,375,,,,,,,,,,,,,,,,,,,,
F5,F5_rank4_symmetry45,P_M4_basis_inverse,F5_coordinate_basis,cross_task_set,P four coordinates,M4 four linear coordinates,w17_s17,17,17,4,inverse_G4,inverse_G1,B_encoder_C_initial_output,False,All625 source inputs seen; fit/test only analysis-map orbit holdout; physical basis/world is not an independent input universe,answer_onehot,answer_strata,procrustes,0,0,250,375,8,,,,,,,,,,,,,,,,,,,
F5,F5_rank4_symmetry45,P_M4_basis_inverse,F5_coordinate_basis,cross_task_set,P four coordinates,M4 four linear coordinates,w17_s17,17,17,4,inverse_G4,inverse_G1,B_encoder_C_initial_output,False,All625 source inputs seen; fit/test only analysis-map orbit holdout; physical basis/world is not an independent input universe,answer_scalar,answer_strata,linear_cka,0,0,250,375,,,,,,,,,,,,,,,,,,,,
F5,F5_rank4_symmetry45,P_M4_basis_inverse,F5_coordinate_basis,cross_task_set,P four coordinates,M4 four linear coordinates,w17_s17,17,17,4,inverse_G4,inverse_G1,B_encoder_C_initial_output,False,All625 source inputs seen; fit/test only analysis-map orbit holdout; physical basis/world is not an independent input universe,answer_scalar,answer_strata,debiased_cka,0,0,250,375,,,,,,,,,,,,,,,,,,,,
F5,F5_rank4_symmetry45,P_M4_basis_inverse,F5_coordinate_basis,cross_task_set,P four coordinates,M4 four linear coordinates,w17_s17,17,17,4,inverse_G4,inverse_G1,B_encoder_C_initial_output,False,All625 source inputs seen; fit/test only analysis-map orbit holdout; physical basis/world is not an independent input universe,answer_scalar,answer_strata,knn_overlap,0,0,250,375,,,,,,,,,,,,,,,,,,,,
F5,F5_rank4_symmetry45,P_M4_basis_inverse,F5_coordinate_basis,cross_task_set,P four coordinates,M4 four linear coordinates,w17_s17,17,17,4,inverse_G4,inverse_G1,B_encoder_C_initial_output,False,All625 source inputs seen; fit/test only analysis-map orbit holdout; physical basis/world is not an independent input universe,answer_scalar,answer_strata,procrustes,0,0,250,375,4,,,,,,,,,,,,,,,,,,,
F5,F5_rank4_symmetry45,P_M1_basis_inverse,F5_coordinate_basis,cross_task_set,P four coordinates,M1 four linear coordinates,w17_s42,42,17,4,inverse_G1,inverse_G2,B_encoder_C_initial_output,False,All625 source inputs seen; fit/test only analysis-map orbit holdout; physical basis/world is not an independent input universe,encoder_final,within_length,linear_cka,250,375,250,375,,0.38246612636717087,,0.3135836877075718,,0.326050348844579,,0.06888243865959909,0.16169322319426088,,0.16813364940772596,,1.0000000000000004,,-0.006440426213465078,-0.006440426213465078,0.06888243865959909,0.22077290317290998,0.14545003829984582,0.07532286487306417
F5,F5_rank4_symmetry45,P_M1_basis_inverse,F5_coordinate_basis,cross_task_set,P four coordinates,M1 four linear coordinates,w17_s42,42,17,4,inverse_G1,inverse_G2,B_encoder_C_initial_output,False,All625 source inputs seen; fit/test only analysis-map orbit holdout; physical basis/world is not an independent input universe,encoder_final,within_length,debiased_cka,250,375,250,375,,0.328672654385128,,0.2537581421804589,,0.26734817699188157,,0.0749145122046691,0.13278119046030917,,0.13937916265326356,,1.0000000000000009,,-0.006597972192954382,-0.006597972192954382,0.0749145122046691,0.19589146392481882,0.11437897952719533,0.08151248439762349
F5,F5_rank4_symmetry45,P_M1_basis_inverse,F5_coordinate_basis,cross_task_set,P four coordinates,M1 four linear coordinates,w17_s42,42,17,4,inverse_G1,inverse_G2,B_encoder_C_initial_output,False,All625 source inputs seen; fit/test only analysis-map orbit holdout; physical basis/world is not an independent input universe,encoder_final,within_length,knn_overlap,250,375,250,375,,0.15333333333333332,,0.08746666666666666,,0.08879999999999999,,0.06586666666666666,0.13333333333333333,,0.3431999999999999,,1.0,,-0.20986666666666656,-0.20986666666666656,0.06586666666666666,0.01999999999999999,-0.25573333333333326,0.2757333333333332
F5,F5_rank4_symmetry45,P_M1_basis_inverse,F5_coordinate_basis,cross_task_set,P four coordinates,M1 four linear coordinates,w17_s42,42,17,4,inverse_G1,inverse_G2,B_encoder_C_initial_output,False,All625 source inputs seen; fit/test only analysis-map orbit holdout; physical basis/world is not an independent input universe,encoder_final,within_length,procrustes,250,375,250,375,8,-1.2013125921764904,1.2013125921764904,-1.2541275476714049,1.2541275476714049,-1.253904503164833,1.253904503164833,0.05281495549491444,-1.2154415402674168,1.2154415402674168,-1.218744315256249,1.218744315256249,-6.213286987929506e-16,6.213286987929506e-16,0.0033027749888321356,0.0033027749888321356,0.05281495549491444,0.014128948090926352,-0.03538323241515595,0.049512180506082304
F5,F5_rank4_symmetry45,P_M1_basis_inverse,F5_coordinate_basis,cross_task_set,P four coordinates,M1 four linear coordinates,w17_s42,42,17,4,inverse_G1,inverse_G2,B_encoder_C_initial_output,False,All625 source inputs seen; fit/test only analysis-map orbit holdout; physical basis/world is not an independent input universe,output_prob,within_length,linear_cka,250,375,250,375,,0.999999999900682,,0.7721513262039417,,0.7721513262031755,,0.22784867369674033,0.19976774815038342,,0.19371552102365208,,1.0,,0.006052227126731341,0.006052227126731341,0.22784867369674033,0.8002322517502986,0.5784358051802896,0.221796446570009
F5,F5_rank4_symmetry45,P_M1_basis_inverse,F5_coordinate_basis,cross_task_set,P four coordinates,M1 four linear coordinates,w17_s42,42,17,4,inverse_G1,inverse_G2,B_encoder_C_initial_output,False,All625 source inputs seen; fit/test only analysis-map orbit holdout; physical basis/world is not an independent input universe,output_prob,within_length,debiased_cka,250,375,250,375,,0.9999999998979525,,0.7636893956645446,,0.7636893956636651,,0.23631060423340788,0.1878332482031925,,0.18186202861799997,,0.9999999999999993,,0.005971219585192533,0.005971219585192533,0.23631060423340788,0.81216675169476,0.5818273670465447,0.23033938464821535
F5,F5_rank4_symmetry45,P_M1_basis_inverse,F5_coordinate_basis,cross_task_set,P four coordinates,M1 four linear coordinates,w17_s42,42,17,4,inverse_G1,inverse_G2,B_encoder_C_initial_output,False,All625 source inputs seen; fit/test only analysis-map orbit holdout; physical basis/world is not an independent input universe,output_prob,within_length,knn_overlap,250,375,250,375,,0.7650666666666666,,0.5605333333333333,,0.5610666666666666,,0.20453333333333323,0.10160000000000001,,0.14533333333333334,,1.0,,-0.04373333333333333,-0.04373333333333333,0.20453333333333323,0.6634666666666665,0.4152,0.24826666666666658
F5,F5_rank4_symmetry45,P_M1_basis_inverse,F5_coordinate_basis,cross_task_set,P four coordinates,M1 four linear coordinates,w17_s42,42,17,4,inverse_G1,inverse_G2,B_encoder_C_initial_output,False,All625 source inputs seen; fit/test only analysis-map orbit holdout; physical basis/world is not an independent input universe,output_prob,within_length,procrustes,250,375,250,375,8,-0.6114237404419562,0.6114237404419562,-1.1006845657330373,1.1006845657330373,-1.1006844380592677,1.1006844380592677,0.48926082529108106,-1.1838996538401694,1.1838996538401694,-1.1926139277056984,1.1926139277056984,-5.553728555659738e-16,5.553728555659738e-16,0.008714273865529032,0.008714273865529032,0.48926082529108106,0.5724759133982131,0.0919293619726611,0.480546551425552
F5,F5_rank4_symmetry45,P_M1_basis_inverse,F5_coordinate_basis,cross_task_set,P four coordinates,M1 four linear coordinates,w17_s42,42,17,4,inverse_G1,inverse_G2,B_encoder_C_initial_output,False,All625 source inputs seen; fit/test only analysis-map orbit holdout; physical basis/world is not an independent input universe,answer_onehot,within_length,linear_cka,250,375,250,375,,1.000000000000022,,0.7721518987341945,,0.7721518987341945,,0.22784810126582744,,,,,,,,,0.22784810126582744,,,
F5,F5_rank4_symmetry45,P_M1_basis_inverse,F5_coordinate_basis,cross_task_set,P four coordinates,M1 four linear coordinates,w17_s42,42,17,4,inverse_G1,inverse_G2,B_encoder_C_initial_output,False,All625 source inputs seen; fit/test only analysis-map orbit holdout; physical basis/world is not an independent input universe,answer_onehot,within_length,debiased_cka,250,375,250,375,,0.9999999999999813,,0.7636899747261866,,0.7636899747261866,,0.23631002527379474,,,,,,,,,0.23631002527379474,,,
F5,F5_rank4_symmetry45,P_M1_basis_inverse,F5_coordinate_basis,cross_task_set,P four coordinates,M1 four linear coordinates,w17_s42,42,17,4,inverse_G1,inverse_G2,B_encoder_C_initial_output,False,All625 source inputs seen; fit/test only analysis-map orbit holdout; physical basis/world is not an independent input universe,answer_onehot,within_length,knn_overlap,250,375,250,375,,1.0,,0.6805333333333333,,0.6805333333333333,,0.3194666666666667,,,,,,,,,0.3194666666666667,,,
F5,F5_rank4_symmetry45,P_M1_basis_inverse,F5_coordinate_basis,cross_task_set,P four coordinates,M1 four linear coordinates,w17_s42,42,17,4,inverse_G1,inverse_G2,B_encoder_C_initial_output,False,All625 source inputs seen; fit/test only analysis-map orbit holdout; physical basis/world is not an independent input universe,answer_onehot,within_length,procrustes,250,375,250,375,8,-1.0751797242822737e-15,1.0751797242822737e-15,-1.0491472930733903,1.0491472930733903,-0.9592983215186299,0.9592983215186299,1.0491472930733892,,,,,,,,,1.0491472930733892,,,
F5,F5_rank4_symmetry45,P_M1_basis_inverse,F5_coordinate_basis,cross_task_set,P four coordinates,M1 four linear coordinates,w17_s42,42,17,4,inverse_G1,inverse_G2,B_encoder_C_initial_output,False,All625 source inputs seen; fit/test only analysis-map orbit holdout; physical basis/world is not an independent input universe,answer_scalar,within_length,linear_cka,250,375,250,375,,1.0000000000000002,,0.6785714285714287,,0.6785714285714287,,0.3214285714285715,,,,,,,,,0.3214285714285715,,,
F5,F5_rank4_symmetry45,P_M1_basis_inverse,F5_coordinate_basis,cross_task_set,P four coordinates,M1 four linear coordinates,w17_s42,42,17,4,inverse_G1,inverse_G2,B_encoder_C_initial_output,False,All625 source inputs seen; fit/test only analysis-map orbit holdout; physical basis/world is not an independent input universe,answer_scalar,within_length,debiased_cka,250,375,250,375,,1.000000000000002,,0.6754728291624689,,0.6754728291624689,,0.32452717083753313,,,,,,,,,0.32452717083753313,,,
F5,F5_rank4_symmetry45,P_M1_basis_inverse,F5_coordinate_basis,cross_task_set,P four coordinates,M1 four linear coordinates,w17_s42,42,17,4,inverse_G1,inverse_G2,B_encoder_C_initial_output,False,All625 source inputs seen; fit/test only analysis-map orbit holdout; physical basis/world is not an independent input universe,answer_scalar,within_length,knn_overlap,250,375,250,375,,1.0,,0.37679999999999986,,0.6205333333333333,,0.6232000000000002,,,,,,,,,0.6232000000000002,,,
F5,F5_rank4_symmetry45,P_M1_basis_inverse,F5_coordinate_basis,cross_task_set,P four coordinates,M1 four linear coordinates,w17_s42,42,17,4,inverse_G1,inverse_G2,B_encoder_C_initial_output,False,All625 source inputs seen; fit/test only analysis-map orbit holdout; physical basis/world is not an independent input universe,answer_scalar,within_length,procrustes,250,375,250,375,4,-2.659528865793844e-16,2.659528865793844e-16,-0.7745966692414834,0.7745966692414834,-0.7745966692414834,0.7745966692414834,0.7745966692414832,,,,,,,,,0.7745966692414832,,,
F5,F5_rank4_symmetry45,P_M1_basis_inverse,F5_coordinate_basis,cross_task_set,P four coordinates,M1 four linear coordinates,w17_s42,42,17,4,inverse_G1,inverse_G2,B_encoder_C_initial_output,False,All625 source inputs seen; fit/test only analysis-map orbit holdout; physical basis/world is not an independent input universe,encoder_final,answer_strata,linear_cka,0,0,250,375,,,,,,,,,,,,,,,,,,,,
F5,F5_rank4_symmetry45,P_M1_basis_inverse,F5_coordinate_basis,cross_task_set,P four coordinates,M1 four linear coordinates,w17_s42,42,17,4,inverse_G1,inverse_G2,B_encoder_C_initial_output,False,All625 source inputs seen; fit/test only analysis-map orbit holdout; physical basis/world is not an independent input universe,encoder_final,answer_strata,debiased_cka,0,0,250,375,,,,,,,,,,,,,,,,,,,,
F5,F5_rank4_symmetry45,P_M1_basis_inverse,F5_coordinate_basis,cross_task_set,P four coordinates,M1 four linear coordinates,w17_s42,42,17,4,inverse_G1,inverse_G2,B_encoder_C_initial_output,False,All625 source inputs seen; fit/test only analysis-map orbit holdout; physical basis/world is not an independent input universe,encoder_final,answer_strata,knn_overlap,0,0,250,375,,,,,,,,,,,,,,,,,,,,
F5,F5_rank4_symmetry45,P_M1_basis_inverse,F5_coordinate_basis,cross_task_set,P four coordinates,M1 four linear coordinates,w17_s42,42,17,4,inverse_G1,inverse_G2,B_encoder_C_initial_output,False,All625 source inputs seen; fit/test only analysis-map orbit holdout; physical basis/world is not an independent input universe,encoder_final,answer_strata,procrustes,0,0,250,375,8,,,,,,,,,,,,,,,,,,,
F5,F5_rank4_symmetry45,P_M1_basis_inverse,F5_coordinate_basis,cross_task_set,P four coordinates,M1 four linear coordinates,w17_s42,42,17,4,inverse_G1,inverse_G2,B_encoder_C_initial_output,False,All625 source inputs seen; fit/test only analysis-map orbit holdout; physical basis/world is not an independent input universe,output_prob,answer_strata,linear_cka,0,0,250,375,,,,,,,,,,,,,,,,,,,,
F5,F5_rank4_symmetry45,P_M1_basis_inverse,F5_coordinate_basis,cross_task_set,P four coordinates,M1 four linear coordinates,w17_s42,42,17,4,inverse_G1,inverse_G2,B_encoder_C_initial_output,False,All625 source inputs seen; fit/test only analysis-map orbit holdout; physical basis/world is not an independent input universe,output_prob,answer_strata,debiased_cka,0,0,250,375,,,,,,,,,,,,,,,,,,,,
F5,F5_rank4_symmetry45,P_M1_basis_inverse,F5_coordinate_basis,cross_task_set,P four coordinates,M1 four linear coordinates,w17_s42,42,17,4,inverse_G1,inverse_G2,B_encoder_C_initial_output,False,All625 source inputs seen; fit/test only analysis-map orbit holdout; physical basis/world is not an independent input universe,output_prob,answer_strata,knn_overlap,0,0,250,375,,,,,,,,,,,,,,,,,,,,
F5,F5_rank4_symmetry45,P_M1_basis_inverse,F5_coordinate_basis,cross_task_set,P four coordinates,M1 four linear coordinates,w17_s42,42,17,4,inverse_G1,inverse_G2,B_encoder_C_initial_output,False,All625 source inputs seen; fit/test only analysis-map orbit holdout; physical basis/world is not an independent input universe,output_prob,answer_strata,procrustes,0,0,250,375,8,,,,,,,,,,,,,,,,,,,
F5,F5_rank4_symmetry45,P_M1_basis_inverse,F5_coordinate_basis,cross_task_set,P four coordinates,M1 four linear coordinates,w17_s42,42,17,4,inverse_G1,inverse_G2,B_encoder_C_initial_output,False,All625 source inputs seen; fit/test only analysis-map orbit holdout; physical basis/world is not an independent input universe,answer_onehot,answer_strata,linear_cka,0,0,250,375,,,,,,,,,,,,,,,,,,,,
F5,F5_rank4_symmetry45,P_M1_basis_inverse,F5_coordinate_basis,cross_task_set,P four coordinates,M1 four linear coordinates,w17_s42,42,17,4,inverse_G1,inverse_G2,B_encoder_C_initial_output,False,All625 source inputs seen; fit/test only analysis-map orbit holdout; physical basis/world is not an independent input universe,answer_onehot,answer_strata,debiased_cka,0,0,250,375,,,,,,,,,,,,,,,,,,,,
F5,F5_rank4_symmetry45,P_M1_basis_inverse,F5_coordinate_basis,cross_task_set,P four coordinates,M1 four linear coordinates,w17_s42,42,17,4,inverse_G1,inverse_G2,B_encoder_C_initial_output,False,All625 source inputs seen; fit/test only analysis-map orbit holdout; physical basis/world is not an independent input universe,answer_onehot,answer_strata,knn_overlap,0,0,250,375,,,,,,,,,,,,,,,,,,,,
F5,F5_rank4_symmetry45,P_M1_basis_inverse,F5_coordinate_basis,cross_task_set,P four coordinates,M1 four linear coordinates,w17_s42,42,17,4,inverse_G1,inverse_G2,B_encoder_C_initial_output,False,All625 source inputs seen; fit/test only analysis-map orbit holdout; physical basis/world is not an independent input universe,answer_onehot,answer_strata,procrustes,0,0,250,375,8,,,,,,,,,,,,,,,,,,,
F5,F5_rank4_symmetry45,P_M1_basis_inverse,F5_coordinate_basis,cross_task_set,P four coordinates,M1 four linear coordinates,w17_s42,42,17,4,inverse_G1,inverse_G2,B_encoder_C_initial_output,False,All625 source inputs seen; fit/test only analysis-map orbit holdout; physical basis/world is not an independent input universe,answer_scalar,answer_strata,linear_cka,0,0,250,375,,,,,,,,,,,,,,,,,,,,
F5,F5_rank4_symmetry45,P_M1_basis_inverse,F5_coordinate_basis,cross_task_set,P four coordinates,M1 four linear coordinates,w17_s42,42,17,4,inverse_G1,inverse_G2,B_encoder_C_initial_output,False,All625 source inputs seen; fit/test only analysis-map orbit holdout; physical basis/world is not an independent input universe,answer_scalar,answer_strata,debiased_cka,0,0,250,375,,,,,,,,,,,,,,,,,,,,
F5,F5_rank4_symmetry45,P_M1_basis_inverse,F5_coordinate_basis,cross_task_set,P four coordinates,M1 four linear coordinates,w17_s42,42,17,4,inverse_G1,inverse_G2,B_encoder_C_initial_output,False,All625 source inputs seen; fit/test only analysis-map orbit holdout; physical basis/world is not an independent input universe,answer_scalar,answer_strata,knn_overlap,0,0,250,375,,,,,,,,,,,,,,,,,,,,
F5,F5_rank4_symmetry45,P_M1_basis_inverse,F5_coordinate_basis,cross_task_set,P four coordinates,M1 four linear coordinates,w17_s42,42,17,4,inverse_G1,inverse_G2,B_encoder_C_initial_output,False,All625 source inputs seen; fit/test only analysis-map orbit holdout; physical basis/world is not an independent input universe,answer_scalar,answer_strata,procrustes,0,0,250,375,4,,,,,,,,,,,,,,,,,,,
F5,F5_rank4_symmetry45,P_M2_basis_inverse,F5_coordinate_basis,cross_task_set,P four coordinates,M2 four linear coordinates,w17_s42,42,17,4,inverse_G2,inverse_G3,B_encoder_C_initial_output,False,All625 source inputs seen; fit/test only analysis-map orbit holdout; physical basis/world is not an independent input universe,encoder_final,within_length,linear_cka,250,375,250,375,,0.4167060597278009,,0.35037767079465904,,0.3449834498311103,,0.06632838893314186,0.16813364940772596,,0.1668162457232599,,1.0000000000000004,,0.001317403684466062,0.001317403684466062,0.06632838893314186,0.24857241032007493,0.18356142507139914,0.0650109852486758
F5,F5_rank4_symmetry45,P_M2_basis_inverse,F5_coordinate_basis,cross_task_set,P four coordinates,M2 four linear coordinates,w17_s42,42,17,4,inverse_G2,inverse_G3,B_encoder_C_initial_output,False,All625 source inputs seen; fit/test only analysis-map orbit holdout; physical basis/world is not an independent input universe,encoder_final,within_length,debiased_cka,250,375,250,375,,0.3623655213216761,,0.2898192936890114,,0.28389482628981755,,0.07254622763266472,0.13937916265326356,,0.13804353272288847,,1.0000000000000009,,0.0013356299303750874,0.0013356299303750874,0.07254622763266472,0.22298635866841254,0.1517757609661229,0.07121059770228963
F5,F5_rank4_symmetry45,P_M2_basis_inverse,F5_coordinate_basis,cross_task_set,P four coordinates,M2 four linear coordinates,w17_s42,42,17,4,inverse_G2,inverse_G3,B_encoder_C_initial_output,False,All625 source inputs seen; fit/test only analysis-map orbit holdout; physical basis/world is not an independent input universe,encoder_final,within_length,knn_overlap,250,375,250,375,,0.15280000000000002,,0.09359999999999999,,0.09386666666666665,,0.05920000000000003,0.3431999999999999,,0.0624,,1.0,,0.2807999999999999,0.2807999999999999,0.05920000000000003,-0.19039999999999987,0.03119999999999999,-0.22159999999999985
F5,F5_rank4_symmetry45,P_M2_basis_inverse,F5_coordinate_basis,cross_task_set,P four coordinates,M2 four linear coordinates,w17_s42,42,17,4,inverse_G2,inverse_G3,B_encoder_C_initial_output,False,All625 source inputs seen; fit/test only analysis-map orbit holdout; physical basis/world is not an independent input universe,encoder_final,within_length,procrustes,250,375,250,375,8,-1.139855330365808,1.139855330365808,-1.229171217353562,1.229171217353562,-1.2232143005427996,1.2232143005427996,0.08931588698775395,-1.218744315256249,1.218744315256249,-1.2113699317583329,1.2113699317583329,-6.213286987929506e-16,6.213286987929506e-16,-0.007374383497916082,-0.007374383497916082,0.08931588698775395,0.07888898489044083,-0.0178012855952292,0.09669027048567003
F5,F5_rank4_symmetry45,P_M2_basis_inverse,F5_coordinate_basis,cross_task_set,P four coordinates,M2 four linear coordinates,w17_s42,42,17,4,inverse_G2,inverse_G3,B_encoder_C_initial_output,False,All625 source inputs seen; fit/test only analysis-map orbit holdout; physical basis/world is not an independent input universe,output_prob,within_length,linear_cka,250,375,250,375,,0.99999999992846,,0.7721520108437558,,0.7721520108471605,,0.22784798908470416,0.19371552102365208,,0.2060367911231969,,1.0,,-0.012321270099544812,-0.012321270099544812,0.22784798908470416,0.8062844789048079,0.566115219720559,0.24016925918424897
F5,F5_rank4_symmetry45,P_M2_basis_inverse,F5_coordinate_basis,cross_task_set,P four coordinates,M2 four linear coordinates,w17_s42,42,17,4,inverse_G2,inverse_G3,B_encoder_C_initial_output,False,All625 source inputs seen; fit/test only analysis-map orbit holdout; physical basis/world is not an independent input universe,output_prob,within_length,debiased_cka,250,375,250,375,,0.9999999999266582,,0.7636901032212066,,0.763690103224677,,0.23630989670545166,0.18186202861799997,,0.1945664337086896,,0.9999999999999993,,-0.012704405090689624,-0.012704405090689624,0.23630989670545166,0.8181379713086583,0.569123669512517,0.24901430179614129
F5,F5_rank4_symmetry45,P_M2_basis_inverse,F5_coordinate_basis,cross_task_set,P four coordinates,M2 four linear coordinates,w17_s42,42,17,4,inverse_G2,inverse_G3,B_encoder_C_initial_output,False,All625 source inputs seen; fit/test only analysis-map orbit holdout; physical basis/world is not an independent input universe,output_prob,within_length,knn_overlap,250,375,250,375,,0.764,,0.5912,,0.5909333333333333,,0.17280000000000006,0.14533333333333334,,0.08453333333333334,,1.0,,0.06080000000000001,0.06080000000000001,0.17280000000000006,0.6186666666666667,0.5066666666666666,0.11200000000000006
F5,F5_rank4_symmetry45,P_M2_basis_inverse,F5_coordinate_basis,cross_task_set,P four coordinates,M2 four linear coordinates,w17_s42,42,17,4,inverse_G2,inverse_G3,B_encoder_C_initial_output,False,All625 source inputs seen; fit/test only analysis-map orbit holdout; physical basis/world is not an independent input universe,output_prob,within_length,procrustes,250,375,250,375,8,-0.6262122259968067,0.6262122259968067,-1.033297839145845,1.033297839145845,-1.033297727914189,1.033297727914189,0.40708561314903824,-1.1926139277056984,1.1926139277056984,-1.1756811506422302,1.1756811506422302,-5.553728555659738e-16,5.553728555659738e-16,-0.016932777063468185,-0.016932777063468185,0.40708561314903824,0.5664017017088917,0.14238331149638528,0.4240183902125064
F5,F5_rank4_symmetry45,P_M2_basis_inverse,F5_coordinate_basis,cross_task_set,P four coordinates,M2 four linear coordinates,w17_s42,42,17,4,inverse_G2,inverse_G3,B_encoder_C_initial_output,False,All625 source inputs seen; fit/test only analysis-map orbit holdout; physical basis/world is not an independent input universe,answer_onehot,within_length,linear_cka,250,375,250,375,,1.000000000000022,,0.7721518987341942,,0.7721518987341942,,0.22784810126582777,,,,,,,,,0.22784810126582777,,,
F5,F5_rank4_symmetry45,P_M2_basis_inverse,F5_coordinate_basis,cross_task_set,P four coordinates,M2 four linear coordinates,w17_s42,42,17,4,inverse_G2,inverse_G3,B_encoder_C_initial_output,False,All625 source inputs seen; fit/test only analysis-map orbit holdout; physical basis/world is not an independent input universe,answer_onehot,within_length,debiased_cka,250,375,250,375,,0.9999999999999813,,0.7636899747261865,,0.7636899747261865,,0.23631002527379485,,,,,,,,,0.23631002527379485,,,
F5,F5_rank4_symmetry45,P_M2_basis_inverse,F5_coordinate_basis,cross_task_set,P four coordinates,M2 four linear coordinates,w17_s42,42,17,4,inverse_G2,inverse_G3,B_encoder_C_initial_output,False,All625 source inputs seen; fit/test only analysis-map orbit holdout; physical basis/world is not an independent input universe,answer_onehot,within_length,knn_overlap,250,375,250,375,,1.0,,0.6824000000000001,,0.6824000000000001,,0.3175999999999999,,,,,,,,,0.3175999999999999,,,
F5,F5_rank4_symmetry45,P_M2_basis_inverse,F5_coordinate_basis,cross_task_set,P four coordinates,M2 four linear coordinates,w17_s42,42,17,4,inverse_G2,inverse_G3,B_encoder_C_initial_output,False,All625 source inputs seen; fit/test only analysis-map orbit holdout; physical basis/world is not an independent input universe,answer_onehot,within_length,procrustes,250,375,250,375,8,-1.0751797242822737e-15,1.0751797242822737e-15,-0.9403250167786745,0.9403250167786745,-0.893713316867441,0.893713316867441,0.9403250167786734,,,,,,,,,0.9403250167786734,,,
F5,F5_rank4_symmetry45,P_M2_basis_inverse,F5_coordinate_basis,cross_task_set,P four coordinates,M2 four linear coordinates,w17_s42,42,17,4,inverse_G2,inverse_G3,B_encoder_C_initial_output,False,All625 source inputs seen; fit/test only analysis-map orbit holdout; physical basis/world is not an independent input universe,answer_scalar,within_length,linear_cka,250,375,250,375,,1.0000000000000002,,0.6785714285714287,,0.6785714285714287,,0.3214285714285715,,,,,,,,,0.3214285714285715,,,
F5,F5_rank4_symmetry45,P_M2_basis_inverse,F5_coordinate_basis,cross_task_set,P four coordinates,M2 four linear coordinates,w17_s42,42,17,4,inverse_G2,inverse_G3,B_encoder_C_initial_output,False,All625 source inputs seen; fit/test only analysis-map orbit holdout; physical basis/world is not an independent input universe,answer_scalar,within_length,debiased_cka,250,375,250,375,,1.000000000000002,,0.6754728291624689,,0.6754728291624689,,0.32452717083753313,,,,,,,,,0.32452717083753313,,,
F5,F5_rank4_symmetry45,P_M2_basis_inverse,F5_coordinate_basis,cross_task_set,P four coordinates,M2 four linear coordinates,w17_s42,42,17,4,inverse_G2,inverse_G3,B_encoder_C_initial_output,False,All625 source inputs seen; fit/test only analysis-map orbit holdout; physical basis/world is not an independent input universe,answer_scalar,within_length,knn_overlap,250,375,250,375,,1.0,,0.5797333333333333,,0.3914666666666665,,0.4202666666666667,,,,,,,,,0.4202666666666667,,,
F5,F5_rank4_symmetry45,P_M2_basis_inverse,F5_coordinate_basis,cross_task_set,P four coordinates,M2 four linear coordinates,w17_s42,42,17,4,inverse_G2,inverse_G3,B_encoder_C_initial_output,False,All625 source inputs seen; fit/test only analysis-map orbit holdout; physical basis/world is not an independent input universe,answer_scalar,within_length,procrustes,250,375,250,375,4,-2.659528865793844e-16,2.659528865793844e-16,-0.7745966692414833,0.7745966692414833,-0.7745966692414833,0.7745966692414833,0.7745966692414831,,,,,,,,,0.7745966692414831,,,
F5,F5_rank4_symmetry45,P_M2_basis_inverse,F5_coordinate_basis,cross_task_set,P four coordinates,M2 four linear coordinates,w17_s42,42,17,4,inverse_G2,inverse_G3,B_encoder_C_initial_output,False,All625 source inputs seen; fit/test only analysis-map orbit holdout; physical basis/world is not an independent input universe,encoder_final,answer_strata,linear_cka,0,0,250,375,,,,,,,,,,,,,,,,,,,,
F5,F5_rank4_symmetry45,P_M2_basis_inverse,F5_coordinate_basis,cross_task_set,P four coordinates,M2 four linear coordinates,w17_s42,42,17,4,inverse_G2,inverse_G3,B_encoder_C_initial_output,False,All625 source inputs seen; fit/test only analysis-map orbit holdout; physical basis/world is not an independent input universe,encoder_final,answer_strata,debiased_cka,0,0,250,375,,,,,,,,,,,,,,,,,,,,
F5,F5_rank4_symmetry45,P_M2_basis_inverse,F5_coordinate_basis,cross_task_set,P four coordinates,M2 four linear coordinates,w17_s42,42,17,4,inverse_G2,inverse_G3,B_encoder_C_initial_output,False,All625 source inputs seen; fit/test only analysis-map orbit holdout; physical basis/world is not an independent input universe,encoder_final,answer_strata,knn_overlap,0,0,250,375,,,,,,,,,,,,,,,,,,,,
F5,F5_rank4_symmetry45,P_M2_basis_inverse,F5_coordinate_basis,cross_task_set,P four coordinates,M2 four linear coordinates,w17_s42,42,17,4,inverse_G2,inverse_G3,B_encoder_C_initial_output,False,All625 source inputs seen; fit/test only analysis-map orbit holdout; physical basis/world is not an independent input universe,encoder_final,answer_strata,procrustes,0,0,250,375,8,,,,,,,,,,,,,,,,,,,
F5,F5_rank4_symmetry45,P_M2_basis_inverse,F5_coordinate_basis,cross_task_set,P four coordinates,M2 four linear coordinates,w17_s42,42,17,4,inverse_G2,inverse_G3,B_encoder_C_initial_output,False,All625 source inputs seen; fit/test only analysis-map orbit holdout; physical basis/world is not an independent input universe,output_prob,answer_strata,linear_cka,0,0,250,375,,,,,,,,,,,,,,,,,,,,
F5,F5_rank4_symmetry45,P_M2_basis_inverse,F5_coordinate_basis,cross_task_set,P four coordinates,M2 four linear coordinates,w17_s42,42,17,4,inverse_G2,inverse_G3,B_encoder_C_initial_output,False,All625 source inputs seen; fit/test only analysis-map orbit holdout; physical basis/world is not an independent input universe,output_prob,answer_strata,debiased_cka,0,0,250,375,,,,,,,,,,,,,,,,,,,,
F5,F5_rank4_symmetry45,P_M2_basis_inverse,F5_coordinate_basis,cross_task_set,P four coordinates,M2 four linear coordinates,w17_s42,42,17,4,inverse_G2,inverse_G3,B_encoder_C_initial_output,False,All625 source inputs seen; fit/test only analysis-map orbit holdout; physical basis/world is not an independent input universe,output_prob,answer_strata,knn_overlap,0,0,250,375,,,,,,,,,,,,,,,,,,,,
F5,F5_rank4_symmetry45,P_M2_basis_inverse,F5_coordinate_basis,cross_task_set,P four coordinates,M2 four linear coordinates,w17_s42,42,17,4,inverse_G2,inverse_G3,B_encoder_C_initial_output,False,All625 source inputs seen; fit/test only analysis-map orbit holdout; physical basis/world is not an independent input universe,output_prob,answer_strata,procrustes,0,0,250,375,8,,,,,,,,,,,,,,,,,,,
F5,F5_rank4_symmetry45,P_M2_basis_inverse,F5_coordinate_basis,cross_task_set,P four coordinates,M2 four linear coordinates,w17_s42,42,17,4,inverse_G2,inverse_G3,B_encoder_C_initial_output,False,All625 source inputs seen; fit/test only analysis-map orbit holdout; physical basis/world is not an independent input universe,answer_onehot,answer_strata,linear_cka,0,0,250,375,,,,,,,,,,,,,,,,,,,,
F5,F5_rank4_symmetry45,P_M2_basis_inverse,F5_coordinate_basis,cross_task_set,P four coordinates,M2 four linear coordinates,w17_s42,42,17,4,inverse_G2,inverse_G3,B_encoder_C_initial_output,False,All625 source inputs seen; fit/test only analysis-map orbit holdout; physical basis/world is not an independent input universe,answer_onehot,answer_strata,debiased_cka,0,0,250,375,,,,,,,,,,,,,,,,,,,,
F5,F5_rank4_symmetry45,P_M2_basis_inverse,F5_coordinate_basis,cross_task_set,P four coordinates,M2 four linear coordinates,w17_s42,42,17,4,inverse_G2,inverse_G3,B_encoder_C_initial_output,False,All625 source inputs seen; fit/test only analysis-map orbit holdout; physical basis/world is not an independent input universe,answer_onehot,answer_strata,knn_overlap,0,0,250,375,,,,,,,,,,,,,,,,,,,,
F5,F5_rank4_symmetry45,P_M2_basis_inverse,F5_coordinate_basis,cross_task_set,P four coordinates,M2 four linear coordinates,w17_s42,42,17,4,inverse_G2,inverse_G3,B_encoder_C_initial_output,False,All625 source inputs seen; fit/test only analysis-map orbit holdout; physical basis/world is not an independent input universe,answer_onehot,answer_strata,procrustes,0,0,250,375,8,,,,,,,,,,,,,,,,,,,
F5,F5_rank4_symmetry45,P_M2_basis_inverse,F5_coordinate_basis,cross_task_set,P four coordinates,M2 four linear coordinates,w17_s42,42,17,4,inverse_G2,inverse_G3,B_encoder_C_initial_output,False,All625 source inputs seen; fit/test only analysis-map orbit holdout; physical basis/world is not an independent input universe,answer_scalar,answer_strata,linear_cka,0,0,250,375,,,,,,,,,,,,,,,,,,,,
F5,F5_rank4_symmetry45,P_M2_basis_inverse,F5_coordinate_basis,cross_task_set,P four coordinates,M2 four linear coordinates,w17_s42,42,17,4,inverse_G2,inverse_G3,B_encoder_C_initial_output,False,All625 source inputs seen; fit/test only analysis-map orbit holdout; physical basis/world is not an independent input universe,answer_scalar,answer_strata,debiased_cka,0,0,250,375,,,,,,,,,,,,,,,,,,,,
F5,F5_rank4_symmetry45,P_M2_basis_inverse,F5_coordinate_basis,cross_task_set,P four coordinates,M2 four linear coordinates,w17_s42,42,17,4,inverse_G2,inverse_G3,B_encoder_C_initial_output,False,All625 source inputs seen; fit/test only analysis-map orbit holdout; physical basis/world is not an independent input universe,answer_scalar,answer_strata,knn_overlap,0,0,250,375,,,,,,,,,,,,,,,,,,,,
F5,F5_rank4_symmetry45,P_M2_basis_inverse,F5_coordinate_basis,cross_task_set,P four coordinates,M2 four linear coordinates,w17_s42,42,17,4,inverse_G2,inverse_G3,B_encoder_C_initial_output,False,All625 source inputs seen; fit/test only analysis-map orbit holdout; physical basis/world is not an independent input universe,answer_scalar,answer_strata,procrustes,0,0,250,375,4,,,,,,,,,,,,,,,,,,,
F5,F5_rank4_symmetry45,P_M3_basis_inverse,F5_coordinate_basis,cross_task_set,P four coordinates,M3 four linear coordinates,w17_s42,42,17,4,inverse_G3,inverse_G4,B_encoder_C_initial_output,False,All625 source inputs seen; fit/test only analysis-map orbit holdout; physical basis/world is not an independent input universe,encoder_final,within_length,linear_cka,250,375,250,375,,0.39571220268315815,,0.34202599169959186,,0.36049430131061533,,0.053686210983566296,0.1668162457232599,,0.16408360726655902,,1.0000000000000004,,0.002732638456700881,0.002732638456700881,0.053686210983566296,0.22889595695989826,0.17794238443303284,0.050953572526865415
F5,F5_rank4_symmetry45,P_M3_basis_inverse,F5_coordinate_basis,cross_task_set,P four coordinates,M3 four linear coordinates,w17_s42,42,17,4,inverse_G3,inverse_G4,B_encoder_C_initial_output,False,All625 source inputs seen; fit/test only analysis-map orbit holdout; physical basis/world is not an independent input universe,encoder_final,within_length,debiased_cka,250,375,250,375,,0.34138029842237255,,0.2828057027295196,,0.3029102314029667,,0.05857459569285295,0.13804353272288847,,0.1351937230033238,,1.0000000000000009,,0.0028498097195646666,0.0028498097195646666,0.05857459569285295,0.20333676569948408,0.1476119797261958,0.05572478597328828
F5,F5_rank4_symmetry45,P_M3_basis_inverse,F5_coordinate_basis,cross_task_set,P four coordinates,M3 four linear coordinates,w17_s42,42,17,4,inverse_G3,inverse_G4,B_encoder_C_initial_output,False,All625 source inputs seen; fit/test only analysis-map orbit holdout; physical basis/world is not an independent input universe,encoder_final,within_length,knn_overlap,250,375,250,375,,0.1608,,0.12186666666666668,,0.08213333333333334,,0.03893333333333332,0.0624,,0.3152,,1.0,,-0.25279999999999997,-0.25279999999999997,0.03893333333333332,0.0984,-0.1933333333333333,0.2917333333333333
F5,F5_rank4_symmetry45,P_M3_basis_inverse,F5_coordinate_basis,cross_task_set,P four coordinates,M3 four linear coordinates,w17_s42,42,17,4,inverse_G3,inverse_G4,B_encoder_C_initial_output,False,All625 source inputs seen; fit/test only analysis-map orbit holdout; physical basis/world is not an independent input universe,encoder_final,within_length,procrustes,250,375,250,375,8,-1.2090273810710772,1.2090273810710772,-1.2527405180871658,1.2527405180871658,-1.21108808910665,1.21108808910665,0.04371313701608859,-1.2113699317583329,1.2113699317583329,-1.2315713619496067,1.2315713619496067,-6.213286987929506e-16,6.213286987929506e-16,0.02020143019127385,0.02020143019127385,0.04371313701608859,0.00234255068725564,-0.021169156137559098,0.023511706824814738
F5,F5_rank4_symmetry45,P_M3_basis_inverse,F5_coordinate_basis,cross_task_set,P four coordinates,M3 four linear coordinates,w17_s42,42,17,4,inverse_G3,inverse_G4,B_encoder_C_initial_output,False,All625 source inputs seen; fit/test only analysis-map orbit holdout; physical basis/world is not an independent input universe,output_prob,within_length,linear_cka,250,375,250,375,,0.9999999999181459,,0.7721516448582694,,0.7721516448624818,,0.22784835505987655,0.2060367911231969,,0.20023096295221893,,1.0,,0.005805828170977967,0.005805828170977967,0.22784835505987655,0.7939632087949491,0.5719206819060505,0.22204252688889858
F5,F5_rank4_symmetry45,P_M3_basis_inverse,F5_coordinate_basis,cross_task_set,P four coordinates,M3 four linear coordinates,w17_s42,42,17,4,inverse_G3,inverse_G4,B_encoder_C_initial_output,False,All625 source inputs seen; fit/test only analysis-map orbit holdout; physical basis/world is not an independent input universe,output_prob,within_length,debiased_cka,250,375,250,375,,0.9999999999161386,,0.7636897245850288,,0.7636897245893404,,0.23631027533110982,0.1945664337086896,,0.18848511387874106,,0.9999999999999993,,0.006081319829948528,0.006081319829948528,0.23631027533110982,0.805433566207449,0.5752046107062878,0.2302289555011613
F5,F5_rank4_symmetry45,P_M3_basis_inverse,F5_coordinate_basis,cross_task_set,P four coordinates,M3 four linear coordinates,w17_s42,42,17,4,inverse_G3,inverse_G4,B_encoder_C_initial_output,False,All625 source inputs seen; fit/test only analysis-map orbit holdout; physical basis/world is not an independent input universe,output_prob,within_length,knn_overlap,250,375,250,375,,0.7613333333333333,,0.5586666666666666,,0.5624,,0.20266666666666666,0.08453333333333334,,0.13333333333333333,,1.0,,-0.048799999999999996,-0.048799999999999996,0.20266666666666666,0.6768,0.42533333333333334,0.25146666666666667
F5,F5_rank4_symmetry45,P_M3_basis_inverse,F5_coordinate_basis,cross_task_set,P four coordinates,M3 four linear coordinates,w17_s42,42,17,4,inverse_G3,inverse_G4,B_encoder_C_initial_output,False,All625 source inputs seen; fit/test only analysis-map orbit holdout; physical basis/world is not an independent input universe,output_prob,within_length,procrustes,250,375,250,375,8,-0.606551568134529,0.606551568134529,-1.096213069496517,1.096213069496517,-1.0962130448833318,1.0962130448833318,0.48966150136198805,-1.1756811506422302,1.1756811506422302,-1.2025734466799105,1.2025734466799105,-5.553728555659738e-16,5.553728555659738e-16,0.026892296037680286,0.026892296037680286,0.48966150136198805,0.5691295825077012,0.10636037718339342,0.46276920532430776
F5,F5_rank4_symmetry45,P_M3_basis_inverse,F5_coordinate_basis,cross_task_set,P four coordinates,M3 four linear coordinates,w17_s42,42,17,4,inverse_G3,inverse_G4,B_encoder_C_initial_output,False,All625 source inputs seen; fit/test only analysis-map orbit holdout; physical basis/world is not an independent input universe,answer_onehot,within_length,linear_cka,250,375,250,375,,1.000000000000022,,0.7721518987341943,,0.7721518987341943,,0.22784810126582766,,,,,,,,,0.22784810126582766,,,
F5,F5_rank4_symmetry45,P_M3_basis_inverse,F5_coordinate_basis,cross_task_set,P four coordinates,M3 four linear coordinates,w17_s42,42,17,4,inverse_G3,inverse_G4,B_encoder_C_initial_output,False,All625 source inputs seen; fit/test only analysis-map orbit holdout; physical basis/world is not an independent input universe,answer_onehot,within_length,debiased_cka,250,375,250,375,,0.9999999999999813,,0.7636899747261866,,0.7636899747261866,,0.23631002527379474,,,,,,,,,0.23631002527379474,,,
F5,F5_rank4_symmetry45,P_M3_basis_inverse,F5_coordinate_basis,cross_task_set,P four coordinates,M3 four linear coordinates,w17_s42,42,17,4,inverse_G3,inverse_G4,B_encoder_C_initial_output,False,All625 source inputs seen; fit/test only analysis-map orbit holdout; physical basis/world is not an independent input universe,answer_onehot,within_length,knn_overlap,250,375,250,375,,1.0,,0.684,,0.684,,0.31599999999999995,,,,,,,,,0.31599999999999995,,,
F5,F5_rank4_symmetry45,P_M3_basis_inverse,F5_coordinate_basis,cross_task_set,P four coordinates,M3 four linear coordinates,w17_s42,42,17,4,inverse_G3,inverse_G4,B_encoder_C_initial_output,False,All625 source inputs seen; fit/test only analysis-map orbit holdout; physical basis/world is not an independent input universe,answer_onehot,within_length,procrustes,250,375,250,375,8,-1.0751797242822737e-15,1.0751797242822737e-15,-0.9812959098995503,0.9812959098995503,-1.0774412092477363,1.0774412092477363,0.9812959098995492,,,,,,,,,0.9812959098995492,,,
F5,F5_rank4_symmetry45,P_M3_basis_inverse,F5_coordinate_basis,cross_task_set,P four coordinates,M3 four linear coordinates,w17_s42,42,17,4,inverse_G3,inverse_G4,B_encoder_C_initial_output,False,All625 source inputs seen; fit/test only analysis-map orbit holdout; physical basis/world is not an independent input universe,answer_scalar,within_length,linear_cka,250,375,250,375,,1.0000000000000002,,0.6785714285714287,,0.6785714285714287,,0.3214285714285715,,,,,,,,,0.3214285714285715,,,
F5,F5_rank4_symmetry45,P_M3_basis_inverse,F5_coordinate_basis,cross_task_set,P four coordinates,M3 four linear coordinates,w17_s42,42,17,4,inverse_G3,inverse_G4,B_encoder_C_initial_output,False,All625 source inputs seen; fit/test only analysis-map orbit holdout; physical basis/world is not an independent input universe,answer_scalar,within_length,debiased_cka,250,375,250,375,,1.000000000000002,,0.6754728291624689,,0.6754728291624688,,0.32452717083753313,,,,,,,,,0.32452717083753313,,,
F5,F5_rank4_symmetry45,P_M3_basis_inverse,F5_coordinate_basis,cross_task_set,P four coordinates,M3 four linear coordinates,w17_s42,42,17,4,inverse_G3,inverse_G4,B_encoder_C_initial_output,False,All625 source inputs seen; fit/test only analysis-map orbit holdout; physical basis/world is not an independent input universe,answer_scalar,within_length,knn_overlap,250,375,250,375,,1.0,,0.38079999999999997,,0.38133333333333325,,0.6192,,,,,,,,,0.6192,,,
F5,F5_rank4_symmetry45,P_M3_basis_inverse,F5_coordinate_basis,cross_task_set,P four coordinates,M3 four linear coordinates,w17_s42,42,17,4,inverse_G3,inverse_G4,B_encoder_C_initial_output,False,All625 source inputs seen; fit/test only analysis-map orbit holdout; physical basis/world is not an independent input universe,answer_scalar,within_length,procrustes,250,375,250,375,4,-2.659528865793844e-16,2.659528865793844e-16,-0.7745966692414832,0.7745966692414832,-0.7745966692414832,0.7745966692414832,0.774596669241483,,,,,,,,,0.774596669241483,,,
F5,F5_rank4_symmetry45,P_M3_basis_inverse,F5_coordinate_basis,cross_task_set,P four coordinates,M3 four linear coordinates,w17_s42,42,17,4,inverse_G3,inverse_G4,B_encoder_C_initial_output,False,All625 source inputs seen; fit/test only analysis-map orbit holdout; physical basis/world is not an independent input universe,encoder_final,answer_strata,linear_cka,0,0,250,375,,,,,,,,,,,,,,,,,,,,
F5,F5_rank4_symmetry45,P_M3_basis_inverse,F5_coordinate_basis,cross_task_set,P four coordinates,M3 four linear coordinates,w17_s42,42,17,4,inverse_G3,inverse_G4,B_encoder_C_initial_output,False,All625 source inputs seen; fit/test only analysis-map orbit holdout; physical basis/world is not an independent input universe,encoder_final,answer_strata,debiased_cka,0,0,250,375,,,,,,,,,,,,,,,,,,,,
F5,F5_rank4_symmetry45,P_M3_basis_inverse,F5_coordinate_basis,cross_task_set,P four coordinates,M3 four linear coordinates,w17_s42,42,17,4,inverse_G3,inverse_G4,B_encoder_C_initial_output,False,All625 source inputs seen; fit/test only analysis-map orbit holdout; physical basis/world is not an independent input universe,encoder_final,answer_strata,knn_overlap,0,0,250,375,,,,,,,,,,,,,,,,,,,,
F5,F5_rank4_symmetry45,P_M3_basis_inverse,F5_coordinate_basis,cross_task_set,P four coordinates,M3 four linear coordinates,w17_s42,42,17,4,inverse_G3,inverse_G4,B_encoder_C_initial_output,False,All625 source inputs seen; fit/test only analysis-map orbit holdout; physical basis/world is not an independent input universe,encoder_final,answer_strata,procrustes,0,0,250,375,8,,,,,,,,,,,,,,,,,,,
F5,F5_rank4_symmetry45,P_M3_basis_inverse,F5_coordinate_basis,cross_task_set,P four coordinates,M3 four linear coordinates,w17_s42,42,17,4,inverse_G3,inverse_G4,B_encoder_C_initial_output,False,All625 source inputs seen; fit/test only analysis-map orbit holdout; physical basis/world is not an independent input universe,output_prob,answer_strata,linear_cka,0,0,250,375,,,,,,,,,,,,,,,,,,,,
F5,F5_rank4_symmetry45,P_M3_basis_inverse,F5_coordinate_basis,cross_task_set,P four coordinates,M3 four linear coordinates,w17_s42,42,17,4,inverse_G3,inverse_G4,B_encoder_C_initial_output,False,All625 source inputs seen; fit/test only analysis-map orbit holdout; physical basis/world is not an independent input universe,output_prob,answer_strata,debiased_cka,0,0,250,375,,,,,,,,,,,,,,,,,,,,
F5,F5_rank4_symmetry45,P_M3_basis_inverse,F5_coordinate_basis,cross_task_set,P four coordinates,M3 four linear coordinates,w17_s42,42,17,4,inverse_G3,inverse_G4,B_encoder_C_initial_output,False,All625 source inputs seen; fit/test only analysis-map orbit holdout; physical basis/world is not an independent input universe,output_prob,answer_strata,knn_overlap,0,0,250,375,,,,,,,,,,,,,,,,,,,,
F5,F5_rank4_symmetry45,P_M3_basis_inverse,F5_coordinate_basis,cross_task_set,P four coordinates,M3 four linear coordinates,w17_s42,42,17,4,inverse_G3,inverse_G4,B_encoder_C_initial_output,False,All625 source inputs seen; fit/test only analysis-map orbit holdout; physical basis/world is not an independent input universe,output_prob,answer_strata,procrustes,0,0,250,375,8,,,,,,,,,,,,,,,,,,,
F5,F5_rank4_symmetry45,P_M3_basis_inverse,F5_coordinate_basis,cross_task_set,P four coordinates,M3 four linear coordinates,w17_s42,42,17,4,inverse_G3,inverse_G4,B_encoder_C_initial_output,False,All625 source inputs seen; fit/test only analysis-map orbit holdout; physical basis/world is not an independent input universe,answer_onehot,answer_strata,linear_cka,0,0,250,375,,,,,,,,,,,,,,,,,,,,
F5,F5_rank4_symmetry45,P_M3_basis_inverse,F5_coordinate_basis,cross_task_set,P four coordinates,M3 four linear coordinates,w17_s42,42,17,4,inverse_G3,inverse_G4,B_encoder_C_initial_output,False,All625 source inputs seen; fit/test only analysis-map orbit holdout; physical basis/world is not an independent input universe,answer_onehot,answer_strata,debiased_cka,0,0,250,375,,,,,,,,,,,,,,,,,,,,
F5,F5_rank4_symmetry45,P_M3_basis_inverse,F5_coordinate_basis,cross_task_set,P four coordinates,M3 four linear coordinates,w17_s42,42,17,4,inverse_G3,inverse_G4,B_encoder_C_initial_output,False,All625 source inputs seen; fit/test only analysis-map orbit holdout; physical basis/world is not an independent input universe,answer_onehot,answer_strata,knn_overlap,0,0,250,375,,,,,,,,,,,,,,,,,,,,
F5,F5_rank4_symmetry45,P_M3_basis_inverse,F5_coordinate_basis,cross_task_set,P four coordinates,M3 four linear coordinates,w17_s42,42,17,4,inverse_G3,inverse_G4,B_encoder_C_initial_output,False,All625 source inputs seen; fit/test only analysis-map orbit holdout; physical basis/world is not an independent input universe,answer_onehot,answer_strata,procrustes,0,0,250,375,8,,,,,,,,,,,,,,,,,,,
F5,F5_rank4_symmetry45,P_M3_basis_inverse,F5_coordinate_basis,cross_task_set,P four coordinates,M3 four linear coordinates,w17_s42,42,17,4,inverse_G3,inverse_G4,B_encoder_C_initial_output,False,All625 source inputs seen; fit/test only analysis-map orbit holdout; physical basis/world is not an independent input universe,answer_scalar,answer_strata,linear_cka,0,0,250,375,,,,,,,,,,,,,,,,,,,,
F5,F5_rank4_symmetry45,P_M3_basis_inverse,F5_coordinate_basis,cross_task_set,P four coordinates,M3 four linear coordinates,w17_s42,42,17,4,inverse_G3,inverse_G4,B_encoder_C_initial_output,False,All625 source inputs seen; fit/test only analysis-map orbit holdout; physical basis/world is not an independent input universe,answer_scalar,answer_strata,debiased_cka,0,0,250,375,,,,,,,,,,,,,,,,,,,,
F5,F5_rank4_symmetry45,P_M3_basis_inverse,F5_coordinate_basis,cross_task_set,P four coordinates,M3 four linear coordinates,w17_s42,42,17,4,inverse_G3,inverse_G4,B_encoder_C_initial_output,False,All625 source inputs seen; fit/test only analysis-map orbit holdout; physical basis/world is not an independent input universe,answer_scalar,answer_strata,knn_overlap,0,0,250,375,,,,,,,,,,,,,,,,,,,,
F5,F5_rank4_symmetry45,P_M3_basis_inverse,F5_coordinate_basis,cross_task_set,P four coordinates,M3 four linear coordinates,w17_s42,42,17,4,inverse_G3,inverse_G4,B_encoder_C_initial_output,False,All625 source inputs seen; fit/test only analysis-map orbit holdout; physical basis/world is not an independent input universe,answer_scalar,answer_strata,procrustes,0,0,250,375,4,,,,,,,,,,,,,,,,,,,
F5,F5_rank4_symmetry45,P_M4_basis_inverse,F5_coordinate_basis,cross_task_set,P four coordinates,M4 four linear coordinates,w17_s42,42,17,4,inverse_G4,inverse_G1,B_encoder_C_initial_output,False,All625 source inputs seen; fit/test only analysis-map orbit holdout; physical basis/world is not an independent input universe,encoder_final,within_length,linear_cka,250,375,250,375,,0.39476236251324814,,0.28064353441058176,,0.28623935337234874,,0.11411882810266638,0.16408360726655902,,0.16169322319426088,,1.0000000000000004,,0.002390384072298135,0.002390384072298135,0.11411882810266638,0.23067875524668913,0.11895031121632088,0.11172844403036825
F5,F5_rank4_symmetry45,P_M4_basis_inverse,F5_coordinate_basis,cross_task_set,P four coordinates,M4 four linear coordinates,w17_s42,42,17,4,inverse_G4,inverse_G1,B_encoder_C_initial_output,False,All625 source inputs seen; fit/test only analysis-map orbit holdout; physical basis/world is not an independent input universe,encoder_final,within_length,debiased_cka,250,375,250,375,,0.34311559382777945,,0.2192139922801652,,0.22530239325986942,,0.12390160154761426,0.1351937230033238,,0.13278119046030917,,1.0000000000000009,,0.0024125325430146283,0.0024125325430146283,0.12390160154761426,0.20792187082445565,0.08643280181985602,0.12148906900459963
F5,F5_rank4_symmetry45,P_M4_basis_inverse,F5_coordinate_basis,cross_task_set,P four coordinates,M4 four linear coordinates,w17_s42,42,17,4,inverse_G4,inverse_G1,B_encoder_C_initial_output,False,All625 source inputs seen; fit/test only analysis-map orbit holdout; physical basis/world is not an independent input universe,encoder_final,within_length,knn_overlap,250,375,250,375,,0.14079999999999998,,0.0928,,0.0824,,0.04799999999999999,0.3152,,0.13333333333333333,,1.0,,0.18186666666666665,0.18186666666666665,0.04799999999999999,-0.1744,-0.04053333333333334,-0.13386666666666666
F5,F5_rank4_symmetry45,P_M4_basis_inverse,F5_coordinate_basis,cross_task_set,P four coordinates,M4 four linear coordinates,w17_s42,42,17,4,inverse_G4,inverse_G1,B_encoder_C_initial_output,False,All625 source inputs seen; fit/test only analysis-map orbit holdout; physical basis/world is not an independent input universe,encoder_final,within_length,procrustes,250,375,250,375,8,-1.1230119100256601,1.1230119100256601,-1.254400077186592,1.254400077186592,-1.232123300533048,1.232123300533048,0.13138816716093182,-1.2315713619496067,1.2315713619496067,-1.2154415402674168,1.2154415402674168,-6.213286987929506e-16,6.213286987929506e-16,-0.016129821682189904,-0.016129821682189904,0.13138816716093182,0.10855945192394656,-0.03895853691917517,0.14751798884312173
F5,F5_rank4_symmetry45,P_M4_basis_inverse,F5_coordinate_basis,cross_task_set,P four coordinates,M4 four linear coordinates,w17_s42,42,17,4,inverse_G4,inverse_G1,B_encoder_C_initial_output,False,All625 source inputs seen; fit/test only analysis-map orbit holdout; physical basis/world is not an independent input universe,output_prob,within_length,linear_cka,250,375,250,375,,0.9999999998954037,,0.7721532516109864,,0.772153251614274,,0.2278467482844173,0.20023096295221893,,0.19976774815038342,,1.0,,0.00046321480183550423,0.00046321480183550423,0.2278467482844173,0.7997690369431847,0.5723855034606029,0.2273835334825818
F5,F5_rank4_symmetry45,P_M4_basis_inverse,F5_coordinate_basis,cross_task_set,P four coordinates,M4 four linear coordinates,w17_s42,42,17,4,inverse_G4,inverse_G1,B_encoder_C_initial_output,False,All625 source inputs seen; fit/test only analysis-map orbit holdout; physical basis/world is not an independent input universe,output_prob,within_length,debiased_cka,250,375,250,375,,0.9999999998929668,,0.7636913954577382,,0.7636913954612123,,0.2363086044352286,0.18848511387874106,,0.1878332482031925,,0.9999999999999993,,0.000651865675548563,0.000651865675548563,0.2363086044352286,0.8115148860142258,0.5758581472545458,0.23565673875968005
F5,F5_rank4_symmetry45,P_M4_basis_inverse,F5_coordinate_basis,cross_task_set,P four coordinates,M4 four linear coordinates,w17_s42,42,17,4,inverse_G4,inverse_G1,B_encoder_C_initial_output,False,All625 source inputs seen; fit/test only analysis-map orbit holdout; physical basis/world is not an independent input universe,output_prob,within_length,knn_overlap,250,375,250,375,,0.7682666666666668,,0.5882666666666666,,0.5930666666666666,,0.18000000000000016,0.13333333333333333,,0.10160000000000001,,1.0,,0.03173333333333332,0.03173333333333332,0.18000000000000016,0.6349333333333335,0.4866666666666666,0.14826666666666682
F5,F5_rank4_symmetry45,P_M4_basis_inverse,F5_coordinate_basis,cross_task_set,P four coordinates,M4 four linear coordinates,w17_s42,42,17,4,inverse_G4,inverse_G1,B_encoder_C_initial_output,False,All625 source inputs seen; fit/test only analysis-map orbit holdout; physical basis/world is not an independent input universe,output_prob,within_length,procrustes,250,375,250,375,8,-0.7188646821689958,0.7188646821689958,-1.0071876065482936,1.0071876065482936,-1.0071877996385021,1.0071877996385021,0.28832292437929785,-1.2025734466799105,1.2025734466799105,-1.1838996538401694,1.1838996538401694,-5.553728555659738e-16,5.553728555659738e-16,-0.018673792839741132,-0.018673792839741132,0.28832292437929785,0.4837087645109147,0.17671204729187573,0.306996717219039
F5,F5_rank4_symmetry45,P_M4_basis_inverse,F5_coordinate_basis,cross_task_set,P four coordinates,M4 four linear coordinates,w17_s42,42,17,4,inverse_G4,inverse_G1,B_encoder_C_initial_output,False,All625 source inputs seen; fit/test only analysis-map orbit holdout; physical basis/world is not an independent input universe,answer_onehot,within_length,linear_cka,250,375,250,375,,1.000000000000022,,0.7721518987341942,,0.7721518987341941,,0.22784810126582777,,,,,,,,,0.22784810126582777,,,
F5,F5_rank4_symmetry45,P_M4_basis_inverse,F5_coordinate_basis,cross_task_set,P four coordinates,M4 four linear coordinates,w17_s42,42,17,4,inverse_G4,inverse_G1,B_encoder_C_initial_output,False,All625 source inputs seen; fit/test only analysis-map orbit holdout; physical basis/world is not an independent input universe,answer_onehot,within_length,debiased_cka,250,375,250,375,,0.9999999999999813,,0.7636899747261865,,0.7636899747261865,,0.23631002527379485,,,,,,,,,0.23631002527379485,,,
F5,F5_rank4_symmetry45,P_M4_basis_inverse,F5_coordinate_basis,cross_task_set,P four coordinates,M4 four linear coordinates,w17_s42,42,17,4,inverse_G4,inverse_G1,B_encoder_C_initial_output,False,All625 source inputs seen; fit/test only analysis-map orbit holdout; physical basis/world is not an independent input universe,answer_onehot,within_length,knn_overlap,250,375,250,375,,1.0,,0.6824000000000001,,0.6618666666666666,,0.3175999999999999,,,,,,,,,0.3175999999999999,,,
F5,F5_rank4_symmetry45,P_M4_basis_inverse,F5_coordinate_basis,cross_task_set,P four coordinates,M4 four linear coordinates,w17_s42,42,17,4,inverse_G4,inverse_G1,B_encoder_C_initial_output,False,All625 source inputs seen; fit/test only analysis-map orbit holdout; physical basis/world is not an independent input universe,answer_onehot,within_length,procrustes,250,375,250,375,8,-1.0751797242822737e-15,1.0751797242822737e-15,-0.9403250167786745,0.9403250167786745,-0.9538143752407297,0.9538143752407297,0.9403250167786734,,,,,,,,,0.9403250167786734,,,
F5,F5_rank4_symmetry45,P_M4_basis_inverse,F5_coordinate_basis,cross_task_set,P four coordinates,M4 four linear coordinates,w17_s42,42,17,4,inverse_G4,inverse_G1,B_encoder_C_initial_output,False,All625 source inputs seen; fit/test only analysis-map orbit holdout; physical basis/world is not an independent input universe,answer_scalar,within_length,linear_cka,250,375,250,375,,1.0000000000000002,,0.6785714285714287,,0.6785714285714287,,0.3214285714285715,,,,,,,,,0.3214285714285715,,,
F5,F5_rank4_symmetry45,P_M4_basis_inverse,F5_coordinate_basis,cross_task_set,P four coordinates,M4 four linear coordinates,w17_s42,42,17,4,inverse_G4,inverse_G1,B_encoder_C_initial_output,False,All625 source inputs seen; fit/test only analysis-map orbit holdout; physical basis/world is not an independent input universe,answer_scalar,within_length,debiased_cka,250,375,250,375,,1.000000000000002,,0.6754728291624689,,0.6754728291624689,,0.32452717083753313,,,,,,,,,0.32452717083753313,,,
F5,F5_rank4_symmetry45,P_M4_basis_inverse,F5_coordinate_basis,cross_task_set,P four coordinates,M4 four linear coordinates,w17_s42,42,17,4,inverse_G4,inverse_G1,B_encoder_C_initial_output,False,All625 source inputs seen; fit/test only analysis-map orbit holdout; physical basis/world is not an independent input universe,answer_scalar,within_length,knn_overlap,250,375,250,375,,1.0,,0.5797333333333333,,0.6335999999999999,,0.4202666666666667,,,,,,,,,0.4202666666666667,,,
F5,F5_rank4_symmetry45,P_M4_basis_inverse,F5_coordinate_basis,cross_task_set,P four coordinates,M4 four linear coordinates,w17_s42,42,17,4,inverse_G4,inverse_G1,B_encoder_C_initial_output,False,All625 source inputs seen; fit/test only analysis-map orbit holdout; physical basis/world is not an independent input universe,answer_scalar,within_length,procrustes,250,375,250,375,4,-2.659528865793844e-16,2.659528865793844e-16,-0.7745966692414833,0.7745966692414833,-0.7745966692414836,0.7745966692414836,0.7745966692414831,,,,,,,,,0.7745966692414831,,,
F5,F5_rank4_symmetry45,P_M4_basis_inverse,F5_coordinate_basis,cross_task_set,P four coordinates,M4 four linear coordinates,w17_s42,42,17,4,inverse_G4,inverse_G1,B_encoder_C_initial_output,False,All625 source inputs seen; fit/test only analysis-map orbit holdout; physical basis/world is not an independent input universe,encoder_final,answer_strata,linear_cka,0,0,250,375,,,,,,,,,,,,,,,,,,,,
F5,F5_rank4_symmetry45,P_M4_basis_inverse,F5_coordinate_basis,cross_task_set,P four coordinates,M4 four linear coordinates,w17_s42,42,17,4,inverse_G4,inverse_G1,B_encoder_C_initial_output,False,All625 source inputs seen; fit/test only analysis-map orbit holdout; physical basis/world is not an independent input universe,encoder_final,answer_strata,debiased_cka,0,0,250,375,,,,,,,,,,,,,,,,,,,,
F5,F5_rank4_symmetry45,P_M4_basis_inverse,F5_coordinate_basis,cross_task_set,P four coordinates,M4 four linear coordinates,w17_s42,42,17,4,inverse_G4,inverse_G1,B_encoder_C_initial_output,False,All625 source inputs seen; fit/test only analysis-map orbit holdout; physical basis/world is not an independent input universe,encoder_final,answer_strata,knn_overlap,0,0,250,375,,,,,,,,,,,,,,,,,,,,
F5,F5_rank4_symmetry45,P_M4_basis_inverse,F5_coordinate_basis,cross_task_set,P four coordinates,M4 four linear coordinates,w17_s42,42,17,4,inverse_G4,inverse_G1,B_encoder_C_initial_output,False,All625 source inputs seen; fit/test only analysis-map orbit holdout; physical basis/world is not an independent input universe,encoder_final,answer_strata,procrustes,0,0,250,375,8,,,,,,,,,,,,,,,,,,,
F5,F5_rank4_symmetry45,P_M4_basis_inverse,F5_coordinate_basis,cross_task_set,P four coordinates,M4 four linear coordinates,w17_s42,42,17,4,inverse_G4,inverse_G1,B_encoder_C_initial_output,False,All625 source inputs seen; fit/test only analysis-map orbit holdout; physical basis/world is not an independent input universe,output_prob,answer_strata,linear_cka,0,0,250,375,,,,,,,,,,,,,,,,,,,,
F5,F5_rank4_symmetry45,P_M4_basis_inverse,F5_coordinate_basis,cross_task_set,P four coordinates,M4 four linear coordinates,w17_s42,42,17,4,inverse_G4,inverse_G1,B_encoder_C_initial_output,False,All625 source inputs seen; fit/test only analysis-map orbit holdout; physical basis/world is not an independent input universe,output_prob,answer_strata,debiased_cka,0,0,250,375,,,,,,,,,,,,,,,,,,,,
F5,F5_rank4_symmetry45,P_M4_basis_inverse,F5_coordinate_basis,cross_task_set,P four coordinates,M4 four linear coordinates,w17_s42,42,17,4,inverse_G4,inverse_G1,B_encoder_C_initial_output,False,All625 source inputs seen; fit/test only analysis-map orbit holdout; physical basis/world is not an independent input universe,output_prob,answer_strata,knn_overlap,0,0,250,375,,,,,,,,,,,,,,,,,,,,
F5,F5_rank4_symmetry45,P_M4_basis_inverse,F5_coordinate_basis,cross_task_set,P four coordinates,M4 four linear coordinates,w17_s42,42,17,4,inverse_G4,inverse_G1,B_encoder_C_initial_output,False,All625 source inputs seen; fit/test only analysis-map orbit holdout; physical basis/world is not an independent input universe,output_prob,answer_strata,procrustes,0,0,250,375,8,,,,,,,,,,,,,,,,,,,
F5,F5_rank4_symmetry45,P_M4_basis_inverse,F5_coordinate_basis,cross_task_set,P four coordinates,M4 four linear coordinates,w17_s42,42,17,4,inverse_G4,inverse_G1,B_encoder_C_initial_output,False,All625 source inputs seen; fit/test only analysis-map orbit holdout; physical basis/world is not an independent input universe,answer_onehot,answer_strata,linear_cka,0,0,250,375,,,,,,,,,,,,,,,,,,,,
F5,F5_rank4_symmetry45,P_M4_basis_inverse,F5_coordinate_basis,cross_task_set,P four coordinates,M4 four linear coordinates,w17_s42,42,17,4,inverse_G4,inverse_G1,B_encoder_C_initial_output,False,All625 source inputs seen; fit/test only analysis-map orbit holdout; physical basis/world is not an independent input universe,answer_onehot,answer_strata,debiased_cka,0,0,250,375,,,,,,,,,,,,,,,,,,,,
F5,F5_rank4_symmetry45,P_M4_basis_inverse,F5_coordinate_basis,cross_task_set,P four coordinates,M4 four linear coordinates,w17_s42,42,17,4,inverse_G4,inverse_G1,B_encoder_C_initial_output,False,All625 source inputs seen; fit/test only analysis-map orbit holdout; physical basis/world is not an independent input universe,answer_onehot,answer_strata,knn_overlap,0,0,250,375,,,,,,,,,,,,,,,,,,,,
F5,F5_rank4_symmetry45,P_M4_basis_inverse,F5_coordinate_basis,cross_task_set,P four coordinates,M4 four linear coordinates,w17_s42,42,17,4,inverse_G4,inverse_G1,B_encoder_C_initial_output,False,All625 source inputs seen; fit/test only analysis-map orbit holdout; physical basis/world is not an independent input universe,answer_onehot,answer_strata,procrustes,0,0,250,375,8,,,,,,,,,,,,,,,,,,,
F5,F5_rank4_symmetry45,P_M4_basis_inverse,F5_coordinate_basis,cross_task_set,P four coordinates,M4 four linear coordinates,w17_s42,42,17,4,inverse_G4,inverse_G1,B_encoder_C_initial_output,False,All625 source inputs seen; fit/test only analysis-map orbit holdout; physical basis/world is not an independent input universe,answer_scalar,answer_strata,linear_cka,0,0,250,375,,,,,,,,,,,,,,,,,,,,
F5,F5_rank4_symmetry45,P_M4_basis_inverse,F5_coordinate_basis,cross_task_set,P four coordinates,M4 four linear coordinates,w17_s42,42,17,4,inverse_G4,inverse_G1,B_encoder_C_initial_output,False,All625 source inputs seen; fit/test only analysis-map orbit holdout; physical basis/world is not an independent input universe,answer_scalar,answer_strata,debiased_cka,0,0,250,375,,,,,,,,,,,,,,,,,,,,
F5,F5_rank4_symmetry45,P_M4_basis_inverse,F5_coordinate_basis,cross_task_set,P four coordinates,M4 four linear coordinates,w17_s42,42,17,4,inverse_G4,inverse_G1,B_encoder_C_initial_output,False,All625 source inputs seen; fit/test only analysis-map orbit holdout; physical basis/world is not an independent input universe,answer_scalar,answer_strata,knn_overlap,0,0,250,375,,,,,,,,,,,,,,,,,,,,
F5,F5_rank4_symmetry45,P_M4_basis_inverse,F5_coordinate_basis,cross_task_set,P four coordinates,M4 four linear coordinates,w17_s42,42,17,4,inverse_G4,inverse_G1,B_encoder_C_initial_output,False,All625 source inputs seen; fit/test only analysis-map orbit holdout; physical basis/world is not an independent input universe,answer_scalar,answer_strata,procrustes,0,0,250,375,4,,,,,,,,,,,,,,,,,,,
F5,F5_rank4_symmetry45,P_M1_basis_inverse,F5_coordinate_basis,cross_task_set,P four coordinates,M1 four linear coordinates,w17_s101,101,17,4,inverse_G1,inverse_G2,B_encoder_C_initial_output,False,All625 source inputs seen; fit/test only analysis-map orbit holdout; physical basis/world is not an independent input universe,encoder_final,within_length,linear_cka,250,375,250,375,,0.4530434301278707,,0.3770986235245766,,0.3932314257614308,,0.07594480660329406,0.1596762276365289,,0.16420917913360245,,0.9999999999999993,,-0.004532951497073556,-0.004532951497073556,0.07594480660329406,0.2933672024913418,0.21288944439097418,0.08047775810036761
F5,F5_rank4_symmetry45,P_M1_basis_inverse,F5_coordinate_basis,cross_task_set,P four coordinates,M1 four linear coordinates,w17_s101,101,17,4,inverse_G1,inverse_G2,B_encoder_C_initial_output,False,All625 source inputs seen; fit/test only analysis-map orbit holdout; physical basis/world is not an independent input universe,encoder_final,within_length,debiased_cka,250,375,250,375,,0.40489835056518486,,0.3220040330495876,,0.3395943448273251,,0.08289431751559728,0.1325947124976058,,0.1372616290811348,,1.0,,-0.004666916583528996,-0.004666916583528996,0.08289431751559728,0.27230363806757907,0.1847424039684528,0.08756123409912628
F5,F5_rank4_symmetry45,P_M1_basis_inverse,F5_coordinate_basis,cross_task_set,P four coordinates,M1 four linear coordinates,w17_s101,101,17,4,inverse_G1,inverse_G2,B_encoder_C_initial_output,False,All625 source inputs seen; fit/test only analysis-map orbit holdout; physical basis/world is not an independent input universe,encoder_final,within_length,knn_overlap,250,375,250,375,,0.14853333333333335,,0.07680000000000001,,0.0896,,0.07173333333333334,0.12586666666666668,,0.3138666666666666,,1.0,,-0.18799999999999994,-0.18799999999999994,0.07173333333333334,0.02266666666666667,-0.23706666666666662,0.25973333333333326
F5,F5_rank4_symmetry45,P_M1_basis_inverse,F5_coordinate_basis,cross_task_set,P four coordinates,M1 four linear coordinates,w17_s101,101,17,4,inverse_G1,inverse_G2,B_encoder_C_initial_output,False,All625 source inputs seen; fit/test only analysis-map orbit holdout; physical basis/world is not an independent input universe,encoder_final,within_length,procrustes,250,375,250,375,8,-1.2467808483358447,1.2467808483358447,-1.2925407175798815,1.2925407175798815,-1.2965776001363825,1.2965776001363825,0.045759869244036855,-1.217267003174044,1.217267003174044,-1.2241221741405264,1.2241221741405264,-1.5441541098619847e-15,1.5441541098619847e-15,0.00685517096648236,0.00685517096648236,0.045759869244036855,-0.029513845161800667,-0.06841854343935516,0.038904698277554495
F5,F5_rank4_symmetry45,P_M1_basis_inverse,F5_coordinate_basis,cross_task_set,P four coordinates,M1 four linear coordinates,w17_s101,101,17,4,inverse_G1,inverse_G2,B_encoder_C_initial_output,False,All625 source inputs seen; fit/test only analysis-map orbit holdout; physical basis/world is not an independent input universe,output_prob,within_length,linear_cka,250,375,250,375,,0.9999999997895687,,0.7721506889168439,,0.7721506889178456,,0.22784931087272475,0.1534692106854809,,0.15415127222983593,,1.0000000000000004,,-0.0006820615443550448,-0.0006820615443550448,0.22784931087272475,0.8465307891040877,0.617999416687008,0.2285313724170798
F5,F5_rank4_symmetry45,P_M1_basis_inverse,F5_coordinate_basis,cross_task_set,P four coordinates,M1 four linear coordinates,w17_s101,101,17,4,inverse_G1,inverse_G2,B_encoder_C_initial_output,False,All625 source inputs seen; fit/test only analysis-map orbit holdout; physical basis/world is not an independent input universe,output_prob,within_length,debiased_cka,250,375,250,375,,0.9999999997833091,,0.7636887389642611,,0.763688738965251,,0.23631126081904796,0.13852170989480758,,0.13933948736390367,,0.9999999999999999,,-0.0008177774690960871,-0.0008177774690960871,0.23631126081904796,0.8614782898885015,0.6243492516003575,0.23712903828814405
F5,F5_rank4_symmetry45,P_M1_basis_inverse,F5_coordinate_basis,cross_task_set,P four coordinates,M1 four linear coordinates,w17_s101,101,17,4,inverse_G1,inverse_G2,B_encoder_C_initial_output,False,All625 source inputs seen; fit/test only analysis-map orbit holdout; physical basis/world is not an independent input universe,output_prob,within_length,knn_overlap,250,375,250,375,,0.7608,,0.5754666666666666,,0.5789333333333333,,0.18533333333333346,0.09226666666666665,,0.14506666666666665,,1.0,,-0.0528,-0.0528,0.18533333333333346,0.6685333333333334,0.4303999999999999,0.23813333333333347
F5,F5_rank4_symmetry45,P_M1_basis_inverse,F5_coordinate_basis,cross_task_set,P four coordinates,M1 four linear coordinates,w17_s101,101,17,4,inverse_G1,inverse_G2,B_encoder_C_initial_output,False,All625 source inputs seen; fit/test only analysis-map orbit holdout; physical basis/world is not an independent input universe,output_prob,within_length,procrustes,250,375,250,375,8,-0.3390221942304485,0.3390221942304485,-0.9688036751388864,0.9688036751388864,-0.9688039468693289,0.9688039468693289,0.6297814809084379,-1.2006090556340385,1.2006090556340385,-1.2107425828538536,1.2107425828538536,-6.511569973603091e-16,6.511569973603091e-16,0.010133527219815086,0.010133527219815086,0.6297814809084379,0.86158686140359,0.24193890771496718,0.6196479536886228
F5,F5_rank4_symmetry45,P_M1_basis_inverse,F5_coordinate_basis,cross_task_set,P four coordinates,M1 four linear coordinates,w17_s101,101,17,4,inverse_G1,inverse_G2,B_encoder_C_initial_output,False,All625 source inputs seen; fit/test only analysis-map orbit holdout; physical basis/world is not an independent input universe,answer_onehot,within_length,linear_cka,250,375,250,375,,1.000000000000022,,0.7721518987341945,,0.7721518987341945,,0.22784810126582744,,,,,,,,,0.22784810126582744,,,
F5,F5_rank4_symmetry45,P_M1_basis_inverse,F5_coordinate_basis,cross_task_set,P four coordinates,M1 four linear coordinates,w17_s101,101,17,4,inverse_G1,inverse_G2,B_encoder_C_initial_output,False,All625 source inputs seen; fit/test only analysis-map orbit holdout; physical basis/world is not an independent input universe,answer_onehot,within_length,debiased_cka,250,375,250,375,,0.9999999999999813,,0.7636899747261866,,0.7636899747261866,,0.23631002527379474,,,,,,,,,0.23631002527379474,,,
F5,F5_rank4_symmetry45,P_M1_basis_inverse,F5_coordinate_basis,cross_task_set,P four coordinates,M1 four linear coordinates,w17_s101,101,17,4,inverse_G1,inverse_G2,B_encoder_C_initial_output,False,All625 source inputs seen; fit/test only analysis-map orbit holdout; physical basis/world is not an independent input universe,answer_onehot,within_length,knn_overlap,250,375,250,375,,1.0,,0.6805333333333333,,0.6805333333333333,,0.3194666666666667,,,,,,,,,0.3194666666666667,,,
F5,F5_rank4_symmetry45,P_M1_basis_inverse,F5_coordinate_basis,cross_task_set,P four coordinates,M1 four linear coordinates,w17_s101,101,17,4,inverse_G1,inverse_G2,B_encoder_C_initial_output,False,All625 source inputs seen; fit/test only analysis-map orbit holdout; physical basis/world is not an independent input universe,answer_onehot,within_length,procrustes,250,375,250,375,8,-1.0751797242822737e-15,1.0751797242822737e-15,-1.0491472930733903,1.0491472930733903,-0.9592983215186299,0.9592983215186299,1.0491472930733892,,,,,,,,,1.0491472930733892,,,
F5,F5_rank4_symmetry45,P_M1_basis_inverse,F5_coordinate_basis,cross_task_set,P four coordinates,M1 four linear coordinates,w17_s101,101,17,4,inverse_G1,inverse_G2,B_encoder_C_initial_output,False,All625 source inputs seen; fit/test only analysis-map orbit holdout; physical basis/world is not an independent input universe,answer_scalar,within_length,linear_cka,250,375,250,375,,1.0000000000000002,,0.6785714285714287,,0.6785714285714287,,0.3214285714285715,,,,,,,,,0.3214285714285715,,,
F5,F5_rank4_symmetry45,P_M1_basis_inverse,F5_coordinate_basis,cross_task_set,P four coordinates,M1 four linear coordinates,w17_s101,101,17,4,inverse_G1,inverse_G2,B_encoder_C_initial_output,False,All625 source inputs seen; fit/test only analysis-map orbit holdout; physical basis/world is not an independent input universe,answer_scalar,within_length,debiased_cka,250,375,250,375,,1.000000000000002,,0.6754728291624689,,0.6754728291624689,,0.32452717083753313,,,,,,,,,0.32452717083753313,,,
F5,F5_rank4_symmetry45,P_M1_basis_inverse,F5_coordinate_basis,cross_task_set,P four coordinates,M1 four linear coordinates,w17_s101,101,17,4,inverse_G1,inverse_G2,B_encoder_C_initial_output,False,All625 source inputs seen; fit/test only analysis-map orbit holdout; physical basis/world is not an independent input universe,answer_scalar,within_length,knn_overlap,250,375,250,375,,1.0,,0.37679999999999986,,0.6205333333333333,,0.6232000000000002,,,,,,,,,0.6232000000000002,,,
F5,F5_rank4_symmetry45,P_M1_basis_inverse,F5_coordinate_basis,cross_task_set,P four coordinates,M1 four linear coordinates,w17_s101,101,17,4,inverse_G1,inverse_G2,B_encoder_C_initial_output,False,All625 source inputs seen; fit/test only analysis-map orbit holdout; physical basis/world is not an independent input universe,answer_scalar,within_length,procrustes,250,375,250,375,4,-2.659528865793844e-16,2.659528865793844e-16,-0.7745966692414834,0.7745966692414834,-0.7745966692414834,0.7745966692414834,0.7745966692414832,,,,,,,,,0.7745966692414832,,,
F5,F5_rank4_symmetry45,P_M1_basis_inverse,F5_coordinate_basis,cross_task_set,P four coordinates,M1 four linear coordinates,w17_s101,101,17,4,inverse_G1,inverse_G2,B_encoder_C_initial_output,False,All625 source inputs seen; fit/test only analysis-map orbit holdout; physical basis/world is not an independent input universe,encoder_final,answer_strata,linear_cka,0,0,250,375,,,,,,,,,,,,,,,,,,,,
F5,F5_rank4_symmetry45,P_M1_basis_inverse,F5_coordinate_basis,cross_task_set,P four coordinates,M1 four linear coordinates,w17_s101,101,17,4,inverse_G1,inverse_G2,B_encoder_C_initial_output,False,All625 source inputs seen; fit/test only analysis-map orbit holdout; physical basis/world is not an independent input universe,encoder_final,answer_strata,debiased_cka,0,0,250,375,,,,,,,,,,,,,,,,,,,,
F5,F5_rank4_symmetry45,P_M1_basis_inverse,F5_coordinate_basis,cross_task_set,P four coordinates,M1 four linear coordinates,w17_s101,101,17,4,inverse_G1,inverse_G2,B_encoder_C_initial_output,False,All625 source inputs seen; fit/test only analysis-map orbit holdout; physical basis/world is not an independent input universe,encoder_final,answer_strata,knn_overlap,0,0,250,375,,,,,,,,,,,,,,,,,,,,
F5,F5_rank4_symmetry45,P_M1_basis_inverse,F5_coordinate_basis,cross_task_set,P four coordinates,M1 four linear coordinates,w17_s101,101,17,4,inverse_G1,inverse_G2,B_encoder_C_initial_output,False,All625 source inputs seen; fit/test only analysis-map orbit holdout; physical basis/world is not an independent input universe,encoder_final,answer_strata,procrustes,0,0,250,375,8,,,,,,,,,,,,,,,,,,,
F5,F5_rank4_symmetry45,P_M1_basis_inverse,F5_coordinate_basis,cross_task_set,P four coordinates,M1 four linear coordinates,w17_s101,101,17,4,inverse_G1,inverse_G2,B_encoder_C_initial_output,False,All625 source inputs seen; fit/test only analysis-map orbit holdout; physical basis/world is not an independent input universe,output_prob,answer_strata,linear_cka,0,0,250,375,,,,,,,,,,,,,,,,,,,,
F5,F5_rank4_symmetry45,P_M1_basis_inverse,F5_coordinate_basis,cross_task_set,P four coordinates,M1 four linear coordinates,w17_s101,101,17,4,inverse_G1,inverse_G2,B_encoder_C_initial_output,False,All625 source inputs seen; fit/test only analysis-map orbit holdout; physical basis/world is not an independent input universe,output_prob,answer_strata,debiased_cka,0,0,250,375,,,,,,,,,,,,,,,,,,,,
F5,F5_rank4_symmetry45,P_M1_basis_inverse,F5_coordinate_basis,cross_task_set,P four coordinates,M1 four linear coordinates,w17_s101,101,17,4,inverse_G1,inverse_G2,B_encoder_C_initial_output,False,All625 source inputs seen; fit/test only analysis-map orbit holdout; physical basis/world is not an independent input universe,output_prob,answer_strata,knn_overlap,0,0,250,375,,,,,,,,,,,,,,,,,,,,
F5,F5_rank4_symmetry45,P_M1_basis_inverse,F5_coordinate_basis,cross_task_set,P four coordinates,M1 four linear coordinates,w17_s101,101,17,4,inverse_G1,inverse_G2,B_encoder_C_initial_output,False,All625 source inputs seen; fit/test only analysis-map orbit holdout; physical basis/world is not an independent input universe,output_prob,answer_strata,procrustes,0,0,250,375,8,,,,,,,,,,,,,,,,,,,
F5,F5_rank4_symmetry45,P_M1_basis_inverse,F5_coordinate_basis,cross_task_set,P four coordinates,M1 four linear coordinates,w17_s101,101,17,4,inverse_G1,inverse_G2,B_encoder_C_initial_output,False,All625 source inputs seen; fit/test only analysis-map orbit holdout; physical basis/world is not an independent input universe,answer_onehot,answer_strata,linear_cka,0,0,250,375,,,,,,,,,,,,,,,,,,,,
F5,F5_rank4_symmetry45,P_M1_basis_inverse,F5_coordinate_basis,cross_task_set,P four coordinates,M1 four linear coordinates,w17_s101,101,17,4,inverse_G1,inverse_G2,B_encoder_C_initial_output,False,All625 source inputs seen; fit/test only analysis-map orbit holdout; physical basis/world is not an independent input universe,answer_onehot,answer_strata,debiased_cka,0,0,250,375,,,,,,,,,,,,,,,,,,,,
F5,F5_rank4_symmetry45,P_M1_basis_inverse,F5_coordinate_basis,cross_task_set,P four coordinates,M1 four linear coordinates,w17_s101,101,17,4,inverse_G1,inverse_G2,B_encoder_C_initial_output,False,All625 source inputs seen; fit/test only analysis-map orbit holdout; physical basis/world is not an independent input universe,answer_onehot,answer_strata,knn_overlap,0,0,250,375,,,,,,,,,,,,,,,,,,,,
F5,F5_rank4_symmetry45,P_M1_basis_inverse,F5_coordinate_basis,cross_task_set,P four coordinates,M1 four linear coordinates,w17_s101,101,17,4,inverse_G1,inverse_G2,B_encoder_C_initial_output,False,All625 source inputs seen; fit/test only analysis-map orbit holdout; physical basis/world is not an independent input universe,answer_onehot,answer_strata,procrustes,0,0,250,375,8,,,,,,,,,,,,,,,,,,,
F5,F5_rank4_symmetry45,P_M1_basis_inverse,F5_coordinate_basis,cross_task_set,P four coordinates,M1 four linear coordinates,w17_s101,101,17,4,inverse_G1,inverse_G2,B_encoder_C_initial_output,False,All625 source inputs seen; fit/test only analysis-map orbit holdout; physical basis/world is not an independent input universe,answer_scalar,answer_strata,linear_cka,0,0,250,375,,,,,,,,,,,,,,,,,,,,
F5,F5_rank4_symmetry45,P_M1_basis_inverse,F5_coordinate_basis,cross_task_set,P four coordinates,M1 four linear coordinates,w17_s101,101,17,4,inverse_G1,inverse_G2,B_encoder_C_initial_output,False,All625 source inputs seen; fit/test only analysis-map orbit holdout; physical basis/world is not an independent input universe,answer_scalar,answer_strata,debiased_cka,0,0,250,375,,,,,,,,,,,,,,,,,,,,
F5,F5_rank4_symmetry45,P_M1_basis_inverse,F5_coordinate_basis,cross_task_set,P four coordinates,M1 four linear coordinates,w17_s101,101,17,4,inverse_G1,inverse_G2,B_encoder_C_initial_output,False,All625 source inputs seen; fit/test only analysis-map orbit holdout; physical basis/world is not an independent input universe,answer_scalar,answer_strata,knn_overlap,0,0,250,375,,,,,,,,,,,,,,,,,,,,
F5,F5_rank4_symmetry45,P_M1_basis_inverse,F5_coordinate_basis,cross_task_set,P four coordinates,M1 four linear coordinates,w17_s101,101,17,4,inverse_G1,inverse_G2,B_encoder_C_initial_output,False,All625 source inputs seen; fit/test only analysis-map orbit holdout; physical basis/world is not an independent input universe,answer_scalar,answer_strata,procrustes,0,0,250,375,4,,,,,,,,,,,,,,,,,,,
F5,F5_rank4_symmetry45,P_M2_basis_inverse,F5_coordinate_basis,cross_task_set,P four coordinates,M2 four linear coordinates,w17_s101,101,17,4,inverse_G2,inverse_G3,B_encoder_C_initial_output,False,All625 source inputs seen; fit/test only analysis-map orbit holdout; physical basis/world is not an independent input universe,encoder_final,within_length,linear_cka,250,375,250,375,,0.40801722051954864,,0.3363729238526194,,0.3490746262371166,,0.07164429666692923,0.16420917913360245,,0.1629508682742127,,0.9999999999999993,,0.0012583108593897385,0.0012583108593897385,0.07164429666692923,0.2438080413859462,0.1734220555784067,0.07038598580753949
F5,F5_rank4_symmetry45,P_M2_basis_inverse,F5_coordinate_basis,cross_task_set,P four coordinates,M2 four linear coordinates,w17_s101,101,17,4,inverse_G2,inverse_G3,B_encoder_C_initial_output,False,All625 source inputs seen; fit/test only analysis-map orbit holdout; physical basis/world is not an independent input universe,encoder_final,within_length,debiased_cka,250,375,250,375,,0.35550242528134546,,0.2772954157965563,,0.29117217892714325,,0.07820700948478915,0.1372616290811348,,0.13605493235530386,,1.0,,0.0012066967258309302,0.0012066967258309302,0.07820700948478915,0.21824079620021067,0.14124048344125245,0.07700031275895822
F5,F5_rank4_symmetry45,P_M2_basis_inverse,F5_coordinate_basis,cross_task_set,P four coordinates,M2 four linear coordinates,w17_s101,101,17,4,inverse_G2,inverse_G3,B_encoder_C_initial_output,False,All625 source inputs seen; fit/test only analysis-map orbit holdout; physical basis/world is not an independent input universe,encoder_final,within_length,knn_overlap,250,375,250,375,,0.11919999999999999,,0.09226666666666665,,0.09253333333333334,,0.026933333333333337,0.3138666666666666,,0.1624,,1.0,,0.15146666666666664,0.15146666666666664,0.026933333333333337,-0.19466666666666665,-0.07013333333333334,-0.1245333333333333
F5,F5_rank4_symmetry45,P_M2_basis_inverse,F5_coordinate_basis,cross_task_set,P four coordinates,M2 four linear coordinates,w17_s101,101,17,4,inverse_G2,inverse_G3,B_encoder_C_initial_output,False,All625 source inputs seen; fit/test only analysis-map orbit holdout; physical basis/world is not an independent input universe,encoder_final,within_length,procrustes,250,375,250,375,8,-1.1059537435716407,1.1059537435716407,-1.226355288224214,1.226355288224214,-1.2334571532133076,1.2334571532133076,0.12040154465257324,-1.2241221741405264,1.2241221741405264,-1.2146746909157966,1.2146746909157966,-1.5441541098619847e-15,1.5441541098619847e-15,-0.009447483224729769,-0.009447483224729769,0.12040154465257324,0.11816843056888571,-0.011680597308417306,0.129849027877303
F5,F5_rank4_symmetry45,P_M2_basis_inverse,F5_coordinate_basis,cross_task_set,P four coordinates,M2 four linear coordinates,w17_s101,101,17,4,inverse_G2,inverse_G3,B_encoder_C_initial_output,False,All625 source inputs seen; fit/test only analysis-map orbit holdout; physical basis/world is not an independent input universe,output_prob,within_length,linear_cka,250,375,250,375,,0.9999999997898824,,0.7721512425344634,,0.772151242531475,,0.22784875725541898,0.15415127222983593,,0.16032098807748998,,1.0000000000000004,,-0.00616971584765405,-0.00616971584765405,0.22784875725541898,0.8458487275600465,0.6118302544569735,0.23401847310307303
F5,F5_rank4_symmetry45,P_M2_basis_inverse,F5_coordinate_basis,cross_task_set,P four coordinates,M2 four linear coordinates,w17_s101,101,17,4,inverse_G2,inverse_G3,B_encoder_C_initial_output,False,All625 source inputs seen; fit/test only analysis-map orbit holdout; physical basis/world is not an independent input universe,output_prob,within_length,debiased_cka,250,375,250,375,,0.9999999997837716,,0.7636893142586794,,0.7636893142557136,,0.23631068552509227,0.13933948736390367,,0.1457261747191233,,0.9999999999999999,,-0.0063866873552196335,-0.0063866873552196335,0.23631068552509227,0.860660512419868,0.6179631395395561,0.2426973728803119
F5,F5_rank4_symmetry45,P_M2_basis_inverse,F5_coordinate_basis,cross_task_set,P four coordinates,M2 four linear coordinates,w17_s101,101,17,4,inverse_G2,inverse_G3,B_encoder_C_initial_output,False,All625 source inputs seen; fit/test only analysis-map orbit holdout; physical basis/world is not an independent input universe,output_prob,within_length,knn_overlap,250,375,250,375,,0.7658666666666666,,0.5965333333333334,,0.5949333333333333,,0.16933333333333322,0.14506666666666665,,0.1072,,1.0,,0.037866666666666646,0.037866666666666646,0.16933333333333322,0.6207999999999999,0.48933333333333334,0.13146666666666657
F5,F5_rank4_symmetry45,P_M2_basis_inverse,F5_coordinate_basis,cross_task_set,P four coordinates,M2 four linear coordinates,w17_s101,101,17,4,inverse_G2,inverse_G3,B_encoder_C_initial_output,False,All625 source inputs seen; fit/test only analysis-map orbit holdout; physical basis/world is not an independent input universe,output_prob,within_length,procrustes,250,375,250,375,8,-0.5606672074202138,0.5606672074202138,-1.0360053830312341,1.0360053830312341,-1.0360055639526389,1.0360055639526389,0.4753381756110203,-1.2107425828538536,1.2107425828538536,-1.1885634235320446,1.1885634235320446,-6.511569973603091e-16,6.511569973603091e-16,-0.022179159321809028,-0.022179159321809028,0.4753381756110203,0.6500753754336398,0.15255804050081045,0.49751733493282935
F5,F5_rank4_symmetry45,P_M2_basis_inverse,F5_coordinate_basis,cross_task_set,P four coordinates,M2 four linear coordinates,w17_s101,101,17,4,inverse_G2,inverse_G3,B_encoder_C_initial_output,False,All625 source inputs seen; fit/test only analysis-map orbit holdout; physical basis/world is not an independent input universe,answer_onehot,within_length,linear_cka,250,375,250,375,,1.000000000000022,,0.7721518987341942,,0.7721518987341942,,0.22784810126582777,,,,,,,,,0.22784810126582777,,,
F5,F5_rank4_symmetry45,P_M2_basis_inverse,F5_coordinate_basis,cross_task_set,P four coordinates,M2 four linear coordinates,w17_s101,101,17,4,inverse_G2,inverse_G3,B_encoder_C_initial_output,False,All625 source inputs seen; fit/test only analysis-map orbit holdout; physical basis/world is not an independent input universe,answer_onehot,within_length,debiased_cka,250,375,250,375,,0.9999999999999813,,0.7636899747261865,,0.7636899747261865,,0.23631002527379485,,,,,,,,,0.23631002527379485,,,
F5,F5_rank4_symmetry45,P_M2_basis_inverse,F5_coordinate_basis,cross_task_set,P four coordinates,M2 four linear coordinates,w17_s101,101,17,4,inverse_G2,inverse_G3,B_encoder_C_initial_output,False,All625 source inputs seen; fit/test only analysis-map orbit holdout; physical basis/world is not an independent input universe,answer_onehot,within_length,knn_overlap,250,375,250,375,,1.0,,0.6824000000000001,,0.6824000000000001,,0.3175999999999999,,,,,,,,,0.3175999999999999,,,
F5,F5_rank4_symmetry45,P_M2_basis_inverse,F5_coordinate_basis,cross_task_set,P four coordinates,M2 four linear coordinates,w17_s101,101,17,4,inverse_G2,inverse_G3,B_encoder_C_initial_output,False,All625 source inputs seen; fit/test only analysis-map orbit holdout; physical basis/world is not an independent input universe,answer_onehot,within_length,procrustes,250,375,250,375,8,-1.0751797242822737e-15,1.0751797242822737e-15,-0.9403250167786745,0.9403250167786745,-0.893713316867441,0.893713316867441,0.9403250167786734,,,,,,,,,0.9403250167786734,,,
F5,F5_rank4_symmetry45,P_M2_basis_inverse,F5_coordinate_basis,cross_task_set,P four coordinates,M2 four linear coordinates,w17_s101,101,17,4,inverse_G2,inverse_G3,B_encoder_C_initial_output,False,All625 source inputs seen; fit/test only analysis-map orbit holdout; physical basis/world is not an independent input universe,answer_scalar,within_length,linear_cka,250,375,250,375,,1.0000000000000002,,0.6785714285714287,,0.6785714285714287,,0.3214285714285715,,,,,,,,,0.3214285714285715,,,
F5,F5_rank4_symmetry45,P_M2_basis_inverse,F5_coordinate_basis,cross_task_set,P four coordinates,M2 four linear coordinates,w17_s101,101,17,4,inverse_G2,inverse_G3,B_encoder_C_initial_output,False,All625 source inputs seen; fit/test only analysis-map orbit holdout; physical basis/world is not an independent input universe,answer_scalar,within_length,debiased_cka,250,375,250,375,,1.000000000000002,,0.6754728291624689,,0.6754728291624689,,0.32452717083753313,,,,,,,,,0.32452717083753313,,,
F5,F5_rank4_symmetry45,P_M2_basis_inverse,F5_coordinate_basis,cross_task_set,P four coordinates,M2 four linear coordinates,w17_s101,101,17,4,inverse_G2,inverse_G3,B_encoder_C_initial_output,False,All625 source inputs seen; fit/test only analysis-map orbit holdout; physical basis/world is not an independent input universe,answer_scalar,within_length,knn_overlap,250,375,250,375,,1.0,,0.5797333333333333,,0.3914666666666665,,0.4202666666666667,,,,,,,,,0.4202666666666667,,,
F5,F5_rank4_symmetry45,P_M2_basis_inverse,F5_coordinate_basis,cross_task_set,P four coordinates,M2 four linear coordinates,w17_s101,101,17,4,inverse_G2,inverse_G3,B_encoder_C_initial_output,False,All625 source inputs seen; fit/test only analysis-map orbit holdout; physical basis/world is not an independent input universe,answer_scalar,within_length,procrustes,250,375,250,375,4,-2.659528865793844e-16,2.659528865793844e-16,-0.7745966692414833,0.7745966692414833,-0.7745966692414833,0.7745966692414833,0.7745966692414831,,,,,,,,,0.7745966692414831,,,
F5,F5_rank4_symmetry45,P_M2_basis_inverse,F5_coordinate_basis,cross_task_set,P four coordinates,M2 four linear coordinates,w17_s101,101,17,4,inverse_G2,inverse_G3,B_encoder_C_initial_output,False,All625 source inputs seen; fit/test only analysis-map orbit holdout; physical basis/world is not an independent input universe,encoder_final,answer_strata,linear_cka,0,0,250,375,,,,,,,,,,,,,,,,,,,,
F5,F5_rank4_symmetry45,P_M2_basis_inverse,F5_coordinate_basis,cross_task_set,P four coordinates,M2 four linear coordinates,w17_s101,101,17,4,inverse_G2,inverse_G3,B_encoder_C_initial_output,False,All625 source inputs seen; fit/test only analysis-map orbit holdout; physical basis/world is not an independent input universe,encoder_final,answer_strata,debiased_cka,0,0,250,375,,,,,,,,,,,,,,,,,,,,
F5,F5_rank4_symmetry45,P_M2_basis_inverse,F5_coordinate_basis,cross_task_set,P four coordinates,M2 four linear coordinates,w17_s101,101,17,4,inverse_G2,inverse_G3,B_encoder_C_initial_output,False,All625 source inputs seen; fit/test only analysis-map orbit holdout; physical basis/world is not an independent input universe,encoder_final,answer_strata,knn_overlap,0,0,250,375,,,,,,,,,,,,,,,,,,,,
F5,F5_rank4_symmetry45,P_M2_basis_inverse,F5_coordinate_basis,cross_task_set,P four coordinates,M2 four linear coordinates,w17_s101,101,17,4,inverse_G2,inverse_G3,B_encoder_C_initial_output,False,All625 source inputs seen; fit/test only analysis-map orbit holdout; physical basis/world is not an independent input universe,encoder_final,answer_strata,procrustes,0,0,250,375,8,,,,,,,,,,,,,,,,,,,
F5,F5_rank4_symmetry45,P_M2_basis_inverse,F5_coordinate_basis,cross_task_set,P four coordinates,M2 four linear coordinates,w17_s101,101,17,4,inverse_G2,inverse_G3,B_encoder_C_initial_output,False,All625 source inputs seen; fit/test only analysis-map orbit holdout; physical basis/world is not an independent input universe,output_prob,answer_strata,linear_cka,0,0,250,375,,,,,,,,,,,,,,,,,,,,
F5,F5_rank4_symmetry45,P_M2_basis_inverse,F5_coordinate_basis,cross_task_set,P four coordinates,M2 four linear coordinates,w17_s101,101,17,4,inverse_G2,inverse_G3,B_encoder_C_initial_output,False,All625 source inputs seen; fit/test only analysis-map orbit holdout; physical basis/world is not an independent input universe,output_prob,answer_strata,debiased_cka,0,0,250,375,,,,,,,,,,,,,,,,,,,,
F5,F5_rank4_symmetry45,P_M2_basis_inverse,F5_coordinate_basis,cross_task_set,P four coordinates,M2 four linear coordinates,w17_s101,101,17,4,inverse_G2,inverse_G3,B_encoder_C_initial_output,False,All625 source inputs seen; fit/test only analysis-map orbit holdout; physical basis/world is not an independent input universe,output_prob,answer_strata,knn_overlap,0,0,250,375,,,,,,,,,,,,,,,,,,,,
F5,F5_rank4_symmetry45,P_M2_basis_inverse,F5_coordinate_basis,cross_task_set,P four coordinates,M2 four linear coordinates,w17_s101,101,17,4,inverse_G2,inverse_G3,B_encoder_C_initial_output,False,All625 source inputs seen; fit/test only analysis-map orbit holdout; physical basis/world is not an independent input universe,output_prob,answer_strata,procrustes,0,0,250,375,8,,,,,,,,,,,,,,,,,,,
F5,F5_rank4_symmetry45,P_M2_basis_inverse,F5_coordinate_basis,cross_task_set,P four coordinates,M2 four linear coordinates,w17_s101,101,17,4,inverse_G2,inverse_G3,B_encoder_C_initial_output,False,All625 source inputs seen; fit/test only analysis-map orbit holdout; physical basis/world is not an independent input universe,answer_onehot,answer_strata,linear_cka,0,0,250,375,,,,,,,,,,,,,,,,,,,,
F5,F5_rank4_symmetry45,P_M2_basis_inverse,F5_coordinate_basis,cross_task_set,P four coordinates,M2 four linear coordinates,w17_s101,101,17,4,inverse_G2,inverse_G3,B_encoder_C_initial_output,False,All625 source inputs seen; fit/test only analysis-map orbit holdout; physical basis/world is not an independent input universe,answer_onehot,answer_strata,debiased_cka,0,0,250,375,,,,,,,,,,,,,,,,,,,,
F5,F5_rank4_symmetry45,P_M2_basis_inverse,F5_coordinate_basis,cross_task_set,P four coordinates,M2 four linear coordinates,w17_s101,101,17,4,inverse_G2,inverse_G3,B_encoder_C_initial_output,False,All625 source inputs seen; fit/test only analysis-map orbit holdout; physical basis/world is not an independent input universe,answer_onehot,answer_strata,knn_overlap,0,0,250,375,,,,,,,,,,,,,,,,,,,,
F5,F5_rank4_symmetry45,P_M2_basis_inverse,F5_coordinate_basis,cross_task_set,P four coordinates,M2 four linear coordinates,w17_s101,101,17,4,inverse_G2,inverse_G3,B_encoder_C_initial_output,False,All625 source inputs seen; fit/test only analysis-map orbit holdout; physical basis/world is not an independent input universe,answer_onehot,answer_strata,procrustes,0,0,250,375,8,,,,,,,,,,,,,,,,,,,
F5,F5_rank4_symmetry45,P_M2_basis_inverse,F5_coordinate_basis,cross_task_set,P four coordinates,M2 four linear coordinates,w17_s101,101,17,4,inverse_G2,inverse_G3,B_encoder_C_initial_output,False,All625 source inputs seen; fit/test only analysis-map orbit holdout; physical basis/world is not an independent input universe,answer_scalar,answer_strata,linear_cka,0,0,250,375,,,,,,,,,,,,,,,,,,,,
F5,F5_rank4_symmetry45,P_M2_basis_inverse,F5_coordinate_basis,cross_task_set,P four coordinates,M2 four linear coordinates,w17_s101,101,17,4,inverse_G2,inverse_G3,B_encoder_C_initial_output,False,All625 source inputs seen; fit/test only analysis-map orbit holdout; physical basis/world is not an independent input universe,answer_scalar,answer_strata,debiased_cka,0,0,250,375,,,,,,,,,,,,,,,,,,,,
F5,F5_rank4_symmetry45,P_M2_basis_inverse,F5_coordinate_basis,cross_task_set,P four coordinates,M2 four linear coordinates,w17_s101,101,17,4,inverse_G2,inverse_G3,B_encoder_C_initial_output,False,All625 source inputs seen; fit/test only analysis-map orbit holdout; physical basis/world is not an independent input universe,answer_scalar,answer_strata,knn_overlap,0,0,250,375,,,,,,,,,,,,,,,,,,,,
F5,F5_rank4_symmetry45,P_M2_basis_inverse,F5_coordinate_basis,cross_task_set,P four coordinates,M2 four linear coordinates,w17_s101,101,17,4,inverse_G2,inverse_G3,B_encoder_C_initial_output,False,All625 source inputs seen; fit/test only analysis-map orbit holdout; physical basis/world is not an independent input universe,answer_scalar,answer_strata,procrustes,0,0,250,375,4,,,,,,,,,,,,,,,,,,,
F5,F5_rank4_symmetry45,P_M3_basis_inverse,F5_coordinate_basis,cross_task_set,P four coordinates,M3 four linear coordinates,w17_s101,101,17,4,inverse_G3,inverse_G4,B_encoder_C_initial_output,False,All625 source inputs seen; fit/test only analysis-map orbit holdout; physical basis/world is not an independent input universe,encoder_final,within_length,linear_cka,250,375,250,375,,0.36892133662474147,,0.32298720585865065,,0.3315306318401762,,0.04593413076609082,0.1629508682742127,,0.16117068043170082,,0.9999999999999993,,0.0017801878425118822,0.0017801878425118822,0.04593413076609082,0.20597046835052876,0.16181652542694983,0.04415394292357894
F5,F5_rank4_symmetry45,P_M3_basis_inverse,F5_coordinate_basis,cross_task_set,P four coordinates,M3 four linear coordinates,w17_s101,101,17,4,inverse_G3,inverse_G4,B_encoder_C_initial_output,False,All625 source inputs seen; fit/test only analysis-map orbit holdout; physical basis/world is not an independent input universe,encoder_final,within_length,debiased_cka,250,375,250,375,,0.31700209338144764,,0.26726156079255386,,0.2764556068103576,,0.04974053258889377,0.13605493235530386,,0.13418655772698154,,1.0,,0.0018683746283223168,0.0018683746283223168,0.04974053258889377,0.18094716102614378,0.13307500306557232,0.047872157960571454
F5,F5_rank4_symmetry45,P_M3_basis_inverse,F5_coordinate_basis,cross_task_set,P four coordinates,M3 four linear coordinates,w17_s101,101,17,4,inverse_G3,inverse_G4,B_encoder_C_initial_output,False,All625 source inputs seen; fit/test only analysis-map orbit holdout; physical basis/world is not an independent input universe,encoder_final,within_length,knn_overlap,250,375,250,375,,0.13413333333333335,,0.09386666666666665,,0.08373333333333333,,0.0402666666666667,0.1624,,0.21013333333333334,,1.0,,-0.04773333333333335,-0.04773333333333335,0.0402666666666667,-0.028266666666666634,-0.11626666666666668,0.08800000000000005
F5,F5_rank4_symmetry45,P_M3_basis_inverse,F5_coordinate_basis,cross_task_set,P four coordinates,M3 four linear coordinates,w17_s101,101,17,4,inverse_G3,inverse_G4,B_encoder_C_initial_output,False,All625 source inputs seen; fit/test only analysis-map orbit holdout; physical basis/world is not an independent input universe,encoder_final,within_length,procrustes,250,375,250,375,8,-1.2199792717136269,1.2199792717136269,-1.2789144102344967,1.2789144102344967,-1.2539838218937356,1.2539838218937356,0.058935138520869845,-1.2146746909157966,1.2146746909157966,-1.227603040908686,1.227603040908686,-1.5441541098619847e-15,1.5441541098619847e-15,0.012928349992889387,0.012928349992889387,0.058935138520869845,-0.0053045807978302495,-0.05131136932581071,0.04600678852798046
F5,F5_rank4_symmetry45,P_M3_basis_inverse,F5_coordinate_basis,cross_task_set,P four coordinates,M3 four linear coordinates,w17_s101,101,17,4,inverse_G3,inverse_G4,B_encoder_C_initial_output,False,All625 source inputs seen; fit/test only analysis-map orbit holdout; physical basis/world is not an independent input universe,output_prob,within_length,linear_cka,250,375,250,375,,0.9999999997524964,,0.7721509162576308,,0.7721509162582767,,0.22784908349486566,0.16032098807748998,,0.15701121666307025,,1.0000000000000004,,0.0033097714144197377,0.0033097714144197377,0.22784908349486566,0.8396790116750065,0.6151396995945605,0.22453931208044592
F5,F5_rank4_symmetry45,P_M3_basis_inverse,F5_coordinate_basis,cross_task_set,P four coordinates,M3 four linear coordinates,w17_s101,101,17,4,inverse_G3,inverse_G4,B_encoder_C_initial_output,False,All625 source inputs seen; fit/test only analysis-map orbit holdout; physical basis/world is not an independent input universe,output_prob,within_length,debiased_cka,250,375,250,375,,0.9999999997451018,,0.763688977326942,,0.7636889773276913,,0.23631102241815982,0.1457261747191233,,0.14219147815142494,,0.9999999999999999,,0.0035346965676983644,0.0035346965676983644,0.23631102241815982,0.8542738250259785,0.621497499175517,0.23277632585046146
F5,F5_rank4_symmetry45,P_M3_basis_inverse,F5_coordinate_basis,cross_task_set,P four coordinates,M3 four linear coordinates,w17_s101,101,17,4,inverse_G3,inverse_G4,B_encoder_C_initial_output,False,All625 source inputs seen; fit/test only analysis-map orbit holdout; physical basis/world is not an independent input universe,output_prob,within_length,knn_overlap,250,375,250,375,,0.7658666666666666,,0.604,,0.6026666666666667,,0.1618666666666666,0.1072,,0.11680000000000001,,1.0,,-0.009600000000000011,-0.009600000000000011,0.1618666666666666,0.6586666666666666,0.48719999999999997,0.1714666666666666
F5,F5_rank4_symmetry45,P_M3_basis_inverse,F5_coordinate_basis,cross_task_set,P four coordinates,M3 four linear coordinates,w17_s101,101,17,4,inverse_G3,inverse_G4,B_encoder_C_initial_output,False,All625 source inputs seen; fit/test only analysis-map orbit holdout; physical basis/world is not an independent input universe,output_prob,within_length,procrustes,250,375,250,375,8,-0.4516428202005057,0.4516428202005057,-0.9628134607809488,0.9628134607809488,-0.9628133510851629,0.9628133510851629,0.511170640580443,-1.1885634235320446,1.1885634235320446,-1.2099892763604276,1.2099892763604276,-6.511569973603091e-16,6.511569973603091e-16,0.021425852828383052,0.021425852828383052,0.511170640580443,0.7369206033315389,0.24717581557947887,0.48974478775206
F5,F5_rank4_symmetry45,P_M3_basis_inverse,F5_coordinate_basis,cross_task_set,P four coordinates,M3 four linear coordinates,w17_s101,101,17,4,inverse_G3,inverse_G4,B_encoder_C_initial_output,False,All625 source inputs seen; fit/test only analysis-map orbit holdout; physical basis/world is not an independent input universe,answer_onehot,within_length,linear_cka,250,375,250,375,,1.000000000000022,,0.7721518987341943,,0.7721518987341943,,0.22784810126582766,,,,,,,,,0.22784810126582766,,,
F5,F5_rank4_symmetry45,P_M3_basis_inverse,F5_coordinate_basis,cross_task_set,P four coordinates,M3 four linear coordinates,w17_s101,101,17,4,inverse_G3,inverse_G4,B_encoder_C_initial_output,False,All625 source inputs seen; fit/test only analysis-map orbit holdout; physical basis/world is not an independent input universe,answer_onehot,within_length,debiased_cka,250,375,250,375,,0.9999999999999813,,0.7636899747261866,,0.7636899747261866,,0.23631002527379474,,,,,,,,,0.23631002527379474,,,
F5,F5_rank4_symmetry45,P_M3_basis_inverse,F5_coordinate_basis,cross_task_set,P four coordinates,M3 four linear coordinates,w17_s101,101,17,4,inverse_G3,inverse_G4,B_encoder_C_initial_output,False,All625 source inputs seen; fit/test only analysis-map orbit holdout; physical basis/world is not an independent input universe,answer_onehot,within_length,knn_overlap,250,375,250,375,,1.0,,0.684,,0.684,,0.31599999999999995,,,,,,,,,0.31599999999999995,,,
F5,F5_rank4_symmetry45,P_M3_basis_inverse,F5_coordinate_basis,cross_task_set,P four coordinates,M3 four linear coordinates,w17_s101,101,17,4,inverse_G3,inverse_G4,B_encoder_C_initial_output,False,All625 source inputs seen; fit/test only analysis-map orbit holdout; physical basis/world is not an independent input universe,answer_onehot,within_length,procrustes,250,375,250,375,8,-1.0751797242822737e-15,1.0751797242822737e-15,-0.9812959098995503,0.9812959098995503,-1.0774412092477363,1.0774412092477363,0.9812959098995492,,,,,,,,,0.9812959098995492,,,
F5,F5_rank4_symmetry45,P_M3_basis_inverse,F5_coordinate_basis,cross_task_set,P four coordinates,M3 four linear coordinates,w17_s101,101,17,4,inverse_G3,inverse_G4,B_encoder_C_initial_output,False,All625 source inputs seen; fit/test only analysis-map orbit holdout; physical basis/world is not an independent input universe,answer_scalar,within_length,linear_cka,250,375,250,375,,1.0000000000000002,,0.6785714285714287,,0.6785714285714287,,0.3214285714285715,,,,,,,,,0.3214285714285715,,,
F5,F5_rank4_symmetry45,P_M3_basis_inverse,F5_coordinate_basis,cross_task_set,P four coordinates,M3 four linear coordinates,w17_s101,101,17,4,inverse_G3,inverse_G4,B_encoder_C_initial_output,False,All625 source inputs seen; fit/test only analysis-map orbit holdout; physical basis/world is not an independent input universe,answer_scalar,within_length,debiased_cka,250,375,250,375,,1.000000000000002,,0.6754728291624689,,0.6754728291624688,,0.32452717083753313,,,,,,,,,0.32452717083753313,,,
F5,F5_rank4_symmetry45,P_M3_basis_inverse,F5_coordinate_basis,cross_task_set,P four coordinates,M3 four linear coordinates,w17_s101,101,17,4,inverse_G3,inverse_G4,B_encoder_C_initial_output,False,All625 source inputs seen; fit/test only analysis-map orbit holdout; physical basis/world is not an independent input universe,answer_scalar,within_length,knn_overlap,250,375,250,375,,1.0,,0.38079999999999997,,0.38133333333333325,,0.6192,,,,,,,,,0.6192,,,
F5,F5_rank4_symmetry45,P_M3_basis_inverse,F5_coordinate_basis,cross_task_set,P four coordinates,M3 four linear coordinates,w17_s101,101,17,4,inverse_G3,inverse_G4,B_encoder_C_initial_output,False,All625 source inputs seen; fit/test only analysis-map orbit holdout; physical basis/world is not an independent input universe,answer_scalar,within_length,procrustes,250,375,250,375,4,-2.659528865793844e-16,2.659528865793844e-16,-0.7745966692414832,0.7745966692414832,-0.7745966692414832,0.7745966692414832,0.774596669241483,,,,,,,,,0.774596669241483,,,
F5,F5_rank4_symmetry45,P_M3_basis_inverse,F5_coordinate_basis,cross_task_set,P four coordinates,M3 four linear coordinates,w17_s101,101,17,4,inverse_G3,inverse_G4,B_encoder_C_initial_output,False,All625 source inputs seen; fit/test only analysis-map orbit holdout; physical basis/world is not an independent input universe,encoder_final,answer_strata,linear_cka,0,0,250,375,,,,,,,,,,,,,,,,,,,,
F5,F5_rank4_symmetry45,P_M3_basis_inverse,F5_coordinate_basis,cross_task_set,P four coordinates,M3 four linear coordinates,w17_s101,101,17,4,inverse_G3,inverse_G4,B_encoder_C_initial_output,False,All625 source inputs seen; fit/test only analysis-map orbit holdout; physical basis/world is not an independent input universe,encoder_final,answer_strata,debiased_cka,0,0,250,375,,,,,,,,,,,,,,,,,,,,
F5,F5_rank4_symmetry45,P_M3_basis_inverse,F5_coordinate_basis,cross_task_set,P four coordinates,M3 four linear coordinates,w17_s101,101,17,4,inverse_G3,inverse_G4,B_encoder_C_initial_output,False,All625 source inputs seen; fit/test only analysis-map orbit holdout; physical basis/world is not an independent input universe,encoder_final,answer_strata,knn_overlap,0,0,250,375,,,,,,,,,,,,,,,,,,,,
F5,F5_rank4_symmetry45,P_M3_basis_inverse,F5_coordinate_basis,cross_task_set,P four coordinates,M3 four linear coordinates,w17_s101,101,17,4,inverse_G3,inverse_G4,B_encoder_C_initial_output,False,All625 source inputs seen; fit/test only analysis-map orbit holdout; physical basis/world is not an independent input universe,encoder_final,answer_strata,procrustes,0,0,250,375,8,,,,,,,,,,,,,,,,,,,
F5,F5_rank4_symmetry45,P_M3_basis_inverse,F5_coordinate_basis,cross_task_set,P four coordinates,M3 four linear coordinates,w17_s101,101,17,4,inverse_G3,inverse_G4,B_encoder_C_initial_output,False,All625 source inputs seen; fit/test only analysis-map orbit holdout; physical basis/world is not an independent input universe,output_prob,answer_strata,linear_cka,0,0,250,375,,,,,,,,,,,,,,,,,,,,
F5,F5_rank4_symmetry45,P_M3_basis_inverse,F5_coordinate_basis,cross_task_set,P four coordinates,M3 four linear coordinates,w17_s101,101,17,4,inverse_G3,inverse_G4,B_encoder_C_initial_output,False,All625 source inputs seen; fit/test only analysis-map orbit holdout; physical basis/world is not an independent input universe,output_prob,answer_strata,debiased_cka,0,0,250,375,,,,,,,,,,,,,,,,,,,,
F5,F5_rank4_symmetry45,P_M3_basis_inverse,F5_coordinate_basis,cross_task_set,P four coordinates,M3 four linear coordinates,w17_s101,101,17,4,inverse_G3,inverse_G4,B_encoder_C_initial_output,False,All625 source inputs seen; fit/test only analysis-map orbit holdout; physical basis/world is not an independent input universe,output_prob,answer_strata,knn_overlap,0,0,250,375,,,,,,,,,,,,,,,,,,,,
F5,F5_rank4_symmetry45,P_M3_basis_inverse,F5_coordinate_basis,cross_task_set,P four coordinates,M3 four linear coordinates,w17_s101,101,17,4,inverse_G3,inverse_G4,B_encoder_C_initial_output,False,All625 source inputs seen; fit/test only analysis-map orbit holdout; physical basis/world is not an independent input universe,output_prob,answer_strata,procrustes,0,0,250,375,8,,,,,,,,,,,,,,,,,,,
F5,F5_rank4_symmetry45,P_M3_basis_inverse,F5_coordinate_basis,cross_task_set,P four coordinates,M3 four linear coordinates,w17_s101,101,17,4,inverse_G3,inverse_G4,B_encoder_C_initial_output,False,All625 source inputs seen; fit/test only analysis-map orbit holdout; physical basis/world is not an independent input universe,answer_onehot,answer_strata,linear_cka,0,0,250,375,,,,,,,,,,,,,,,,,,,,
F5,F5_rank4_symmetry45,P_M3_basis_inverse,F5_coordinate_basis,cross_task_set,P four coordinates,M3 four linear coordinates,w17_s101,101,17,4,inverse_G3,inverse_G4,B_encoder_C_initial_output,False,All625 source inputs seen; fit/test only analysis-map orbit holdout; physical basis/world is not an independent input universe,answer_onehot,answer_strata,debiased_cka,0,0,250,375,,,,,,,,,,,,,,,,,,,,
F5,F5_rank4_symmetry45,P_M3_basis_inverse,F5_coordinate_basis,cross_task_set,P four coordinates,M3 four linear coordinates,w17_s101,101,17,4,inverse_G3,inverse_G4,B_encoder_C_initial_output,False,All625 source inputs seen; fit/test only analysis-map orbit holdout; physical basis/world is not an independent input universe,answer_onehot,answer_strata,knn_overlap,0,0,250,375,,,,,,,,,,,,,,,,,,,,
F5,F5_rank4_symmetry45,P_M3_basis_inverse,F5_coordinate_basis,cross_task_set,P four coordinates,M3 four linear coordinates,w17_s101,101,17,4,inverse_G3,inverse_G4,B_encoder_C_initial_output,False,All625 source inputs seen; fit/test only analysis-map orbit holdout; physical basis/world is not an independent input universe,answer_onehot,answer_strata,procrustes,0,0,250,375,8,,,,,,,,,,,,,,,,,,,
F5,F5_rank4_symmetry45,P_M3_basis_inverse,F5_coordinate_basis,cross_task_set,P four coordinates,M3 four linear coordinates,w17_s101,101,17,4,inverse_G3,inverse_G4,B_encoder_C_initial_output,False,All625 source inputs seen; fit/test only analysis-map orbit holdout; physical basis/world is not an independent input universe,answer_scalar,answer_strata,linear_cka,0,0,250,375,,,,,,,,,,,,,,,,,,,,
F5,F5_rank4_symmetry45,P_M3_basis_inverse,F5_coordinate_basis,cross_task_set,P four coordinates,M3 four linear coordinates,w17_s101,101,17,4,inverse_G3,inverse_G4,B_encoder_C_initial_output,False,All625 source inputs seen; fit/test only analysis-map orbit holdout; physical basis/world is not an independent input universe,answer_scalar,answer_strata,debiased_cka,0,0,250,375,,,,,,,,,,,,,,,,,,,,
F5,F5_rank4_symmetry45,P_M3_basis_inverse,F5_coordinate_basis,cross_task_set,P four coordinates,M3 four linear coordinates,w17_s101,101,17,4,inverse_G3,inverse_G4,B_encoder_C_initial_output,False,All625 source inputs seen; fit/test only analysis-map orbit holdout; physical basis/world is not an independent input universe,answer_scalar,answer_strata,knn_overlap,0,0,250,375,,,,,,,,,,,,,,,,,,,,
F5,F5_rank4_symmetry45,P_M3_basis_inverse,F5_coordinate_basis,cross_task_set,P four coordinates,M3 four linear coordinates,w17_s101,101,17,4,inverse_G3,inverse_G4,B_encoder_C_initial_output,False,All625 source inputs seen; fit/test only analysis-map orbit holdout; physical basis/world is not an independent input universe,answer_scalar,answer_strata,procrustes,0,0,250,375,4,,,,,,,,,,,,,,,,,,,
F5,F5_rank4_symmetry45,P_M4_basis_inverse,F5_coordinate_basis,cross_task_set,P four coordinates,M4 four linear coordinates,w17_s101,101,17,4,inverse_G4,inverse_G1,B_encoder_C_initial_output,False,All625 source inputs seen; fit/test only analysis-map orbit holdout; physical basis/world is not an independent input universe,encoder_final,within_length,linear_cka,250,375,250,375,,0.4088374275321083,,0.3269075151392962,,0.3354401739522758,,0.08192991239281205,0.16117068043170082,,0.1596762276365289,,0.9999999999999993,,0.0014944527951719355,0.0014944527951719355,0.08192991239281205,0.24766674710040745,0.16723128750276733,0.08043545959764012
F5,F5_rank4_symmetry45,P_M4_basis_inverse,F5_coordinate_basis,cross_task_set,P four coordinates,M4 four linear coordinates,w17_s101,101,17,4,inverse_G4,inverse_G1,B_encoder_C_initial_output,False,All625 source inputs seen; fit/test only analysis-map orbit holdout; physical basis/world is not an independent input universe,encoder_final,within_length,debiased_cka,250,375,250,375,,0.3615327437162117,,0.2729591945011292,,0.28218980336360705,,0.08857354921508248,0.13418655772698154,,0.1325947124976058,,1.0,,0.001591845229375749,0.001591845229375749,0.08857354921508248,0.22734618598923015,0.14036448200352342,0.08698170398570673
F5,F5_rank4_symmetry45,P_M4_basis_inverse,F5_coordinate_basis,cross_task_set,P four coordinates,M4 four linear coordinates,w17_s101,101,17,4,inverse_G4,inverse_G1,B_encoder_C_initial_output,False,All625 source inputs seen; fit/test only analysis-map orbit holdout; physical basis/world is not an independent input universe,encoder_final,within_length,knn_overlap,250,375,250,375,,0.1610666666666667,,0.08053333333333335,,0.10266666666666667,,0.08053333333333335,0.21013333333333334,,0.12586666666666668,,1.0,,0.08426666666666666,0.08426666666666666,0.08053333333333335,-0.04906666666666665,-0.04533333333333334,-0.0037333333333333107
F5,F5_rank4_symmetry45,P_M4_basis_inverse,F5_coordinate_basis,cross_task_set,P four coordinates,M4 four linear coordinates,w17_s101,101,17,4,inverse_G4,inverse_G1,B_encoder_C_initial_output,False,All625 source inputs seen; fit/test only analysis-map orbit holdout; physical basis/world is not an independent input universe,encoder_final,within_length,procrustes,250,375,250,375,8,-1.10845542202059,1.10845542202059,-1.2137594079005851,1.2137594079005851,-1.2119839565300476,1.2119839565300476,0.10530398587999512,-1.227603040908686,1.227603040908686,-1.217267003174044,1.217267003174044,-1.5441541098619847e-15,1.5441541098619847e-15,-0.010336037734641979,-0.010336037734641979,0.10530398587999512,0.119147618888096,0.0035075952734588967,0.1156400236146371
F5,F5_rank4_symmetry45,P_M4_basis_inverse,F5_coordinate_basis,cross_task_set,P four coordinates,M4 four linear coordinates,w17_s101,101,17,4,inverse_G4,inverse_G1,B_encoder_C_initial_output,False,All625 source inputs seen; fit/test only analysis-map orbit holdout; physical basis/world is not an independent input universe,output_prob,within_length,linear_cka,250,375,250,375,,0.9999999997994318,,0.772152608037048,,0.7721526080422131,,0.22784739176238378,0.15701121666307025,,0.1534692106854809,,1.0000000000000004,,0.0035420059775893575,0.0035420059775893575,0.22784739176238378,0.8429887831363615,0.6186833973515671,0.22430538578479442
F5,F5_rank4_symmetry45,P_M4_basis_inverse,F5_coordinate_basis,cross_task_set,P four coordinates,M4 four linear coordinates,w17_s101,101,17,4,inverse_G4,inverse_G1,B_encoder_C_initial_output,False,All625 source inputs seen; fit/test only analysis-map orbit holdout; physical basis/world is not an independent input universe,output_prob,within_length,debiased_cka,250,375,250,375,,0.9999999997940594,,0.7636907331641752,,0.763690733169323,,0.23630926662988416,0.14219147815142494,,0.13852170989480758,,0.9999999999999999,,0.003669768256617356,0.003669768256617356,0.23630926662988416,0.8578085216426344,0.6251690232693676,0.2326394983732668
F5,F5_rank4_symmetry45,P_M4_basis_inverse,F5_coordinate_basis,cross_task_set,P four coordinates,M4 four linear coordinates,w17_s101,101,17,4,inverse_G4,inverse_G1,B_encoder_C_initial_output,False,All625 source inputs seen; fit/test only analysis-map orbit holdout; physical basis/world is not an independent input universe,output_prob,within_length,knn_overlap,250,375,250,375,,0.7829333333333334,,0.6378666666666666,,0.6373333333333333,,0.1450666666666668,0.11680000000000001,,0.09226666666666665,,1.0,,0.024533333333333365,0.024533333333333365,0.1450666666666668,0.6661333333333334,0.5456,0.12053333333333342
F5,F5_rank4_symmetry45,P_M4_basis_inverse,F5_coordinate_basis,cross_task_set,P four coordinates,M4 four linear coordinates,w17_s101,101,17,4,inverse_G4,inverse_G1,B_encoder_C_initial_output,False,All625 source inputs seen; fit/test only analysis-map orbit holdout; physical basis/world is not an independent input universe,output_prob,within_length,procrustes,250,375,250,375,8,-0.6990226340388145,0.6990226340388145,-1.0147094148911542,1.0147094148911542,-1.0147093051652665,1.0147093051652665,0.3156867808523397,-1.2099892763604276,1.2099892763604276,-1.2006090556340385,1.2006090556340385,-6.511569973603091e-16,6.511569973603091e-16,-0.00938022072638911,-0.00938022072638911,0.3156867808523397,0.5109666423216132,0.18589964074288434,0.3250670015787288
F5,F5_rank4_symmetry45,P_M4_basis_inverse,F5_coordinate_basis,cross_task_set,P four coordinates,M4 four linear coordinates,w17_s101,101,17,4,inverse_G4,inverse_G1,B_encoder_C_initial_output,False,All625 source inputs seen; fit/test only analysis-map orbit holdout; physical basis/world is not an independent input universe,answer_onehot,within_length,linear_cka,250,375,250,375,,1.000000000000022,,0.7721518987341942,,0.7721518987341941,,0.22784810126582777,,,,,,,,,0.22784810126582777,,,
F5,F5_rank4_symmetry45,P_M4_basis_inverse,F5_coordinate_basis,cross_task_set,P four coordinates,M4 four linear coordinates,w17_s101,101,17,4,inverse_G4,inverse_G1,B_encoder_C_initial_output,False,All625 source inputs seen; fit/test only analysis-map orbit holdout; physical basis/world is not an independent input universe,answer_onehot,within_length,debiased_cka,250,375,250,375,,0.9999999999999813,,0.7636899747261865,,0.7636899747261865,,0.23631002527379485,,,,,,,,,0.23631002527379485,,,
F5,F5_rank4_symmetry45,P_M4_basis_inverse,F5_coordinate_basis,cross_task_set,P four coordinates,M4 four linear coordinates,w17_s101,101,17,4,inverse_G4,inverse_G1,B_encoder_C_initial_output,False,All625 source inputs seen; fit/test only analysis-map orbit holdout; physical basis/world is not an independent input universe,answer_onehot,within_length,knn_overlap,250,375,250,375,,1.0,,0.6824000000000001,,0.6618666666666666,,0.3175999999999999,,,,,,,,,0.3175999999999999,,,
F5,F5_rank4_symmetry45,P_M4_basis_inverse,F5_coordinate_basis,cross_task_set,P four coordinates,M4 four linear coordinates,w17_s101,101,17,4,inverse_G4,inverse_G1,B_encoder_C_initial_output,False,All625 source inputs seen; fit/test only analysis-map orbit holdout; physical basis/world is not an independent input universe,answer_onehot,within_length,procrustes,250,375,250,375,8,-1.0751797242822737e-15,1.0751797242822737e-15,-0.9403250167786745,0.9403250167786745,-0.9538143752407297,0.9538143752407297,0.9403250167786734,,,,,,,,,0.9403250167786734,,,
F5,F5_rank4_symmetry45,P_M4_basis_inverse,F5_coordinate_basis,cross_task_set,P four coordinates,M4 four linear coordinates,w17_s101,101,17,4,inverse_G4,inverse_G1,B_encoder_C_initial_output,False,All625 source inputs seen; fit/test only analysis-map orbit holdout; physical basis/world is not an independent input universe,answer_scalar,within_length,linear_cka,250,375,250,375,,1.0000000000000002,,0.6785714285714287,,0.6785714285714287,,0.3214285714285715,,,,,,,,,0.3214285714285715,,,
F5,F5_rank4_symmetry45,P_M4_basis_inverse,F5_coordinate_basis,cross_task_set,P four coordinates,M4 four linear coordinates,w17_s101,101,17,4,inverse_G4,inverse_G1,B_encoder_C_initial_output,False,All625 source inputs seen; fit/test only analysis-map orbit holdout; physical basis/world is not an independent input universe,answer_scalar,within_length,debiased_cka,250,375,250,375,,1.000000000000002,,0.6754728291624689,,0.6754728291624689,,0.32452717083753313,,,,,,,,,0.32452717083753313,,,
F5,F5_rank4_symmetry45,P_M4_basis_inverse,F5_coordinate_basis,cross_task_set,P four coordinates,M4 four linear coordinates,w17_s101,101,17,4,inverse_G4,inverse_G1,B_encoder_C_initial_output,False,All625 source inputs seen; fit/test only analysis-map orbit holdout; physical basis/world is not an independent input universe,answer_scalar,within_length,knn_overlap,250,375,250,375,,1.0,,0.5797333333333333,,0.6335999999999999,,0.4202666666666667,,,,,,,,,0.4202666666666667,,,
F5,F5_rank4_symmetry45,P_M4_basis_inverse,F5_coordinate_basis,cross_task_set,P four coordinates,M4 four linear coordinates,w17_s101,101,17,4,inverse_G4,inverse_G1,B_encoder_C_initial_output,False,All625 source inputs seen; fit/test only analysis-map orbit holdout; physical basis/world is not an independent input universe,answer_scalar,within_length,procrustes,250,375,250,375,4,-2.659528865793844e-16,2.659528865793844e-16,-0.7745966692414833,0.7745966692414833,-0.7745966692414836,0.7745966692414836,0.7745966692414831,,,,,,,,,0.7745966692414831,,,
F5,F5_rank4_symmetry45,P_M4_basis_inverse,F5_coordinate_basis,cross_task_set,P four coordinates,M4 four linear coordinates,w17_s101,101,17,4,inverse_G4,inverse_G1,B_encoder_C_initial_output,False,All625 source inputs seen; fit/test only analysis-map orbit holdout; physical basis/world is not an independent input universe,encoder_final,answer_strata,linear_cka,0,0,250,375,,,,,,,,,,,,,,,,,,,,
F5,F5_rank4_symmetry45,P_M4_basis_inverse,F5_coordinate_basis,cross_task_set,P four coordinates,M4 four linear coordinates,w17_s101,101,17,4,inverse_G4,inverse_G1,B_encoder_C_initial_output,False,All625 source inputs seen; fit/test only analysis-map orbit holdout; physical basis/world is not an independent input universe,encoder_final,answer_strata,debiased_cka,0,0,250,375,,,,,,,,,,,,,,,,,,,,
F5,F5_rank4_symmetry45,P_M4_basis_inverse,F5_coordinate_basis,cross_task_set,P four coordinates,M4 four linear coordinates,w17_s101,101,17,4,inverse_G4,inverse_G1,B_encoder_C_initial_output,False,All625 source inputs seen; fit/test only analysis-map orbit holdout; physical basis/world is not an independent input universe,encoder_final,answer_strata,knn_overlap,0,0,250,375,,,,,,,,,,,,,,,,,,,,
F5,F5_rank4_symmetry45,P_M4_basis_inverse,F5_coordinate_basis,cross_task_set,P four coordinates,M4 four linear coordinates,w17_s101,101,17,4,inverse_G4,inverse_G1,B_encoder_C_initial_output,False,All625 source inputs seen; fit/test only analysis-map orbit holdout; physical basis/world is not an independent input universe,encoder_final,answer_strata,procrustes,0,0,250,375,8,,,,,,,,,,,,,,,,,,,
F5,F5_rank4_symmetry45,P_M4_basis_inverse,F5_coordinate_basis,cross_task_set,P four coordinates,M4 four linear coordinates,w17_s101,101,17,4,inverse_G4,inverse_G1,B_encoder_C_initial_output,False,All625 source inputs seen; fit/test only analysis-map orbit holdout; physical basis/world is not an independent input universe,output_prob,answer_strata,linear_cka,0,0,250,375,,,,,,,,,,,,,,,,,,,,
F5,F5_rank4_symmetry45,P_M4_basis_inverse,F5_coordinate_basis,cross_task_set,P four coordinates,M4 four linear coordinates,w17_s101,101,17,4,inverse_G4,inverse_G1,B_encoder_C_initial_output,False,All625 source inputs seen; fit/test only analysis-map orbit holdout; physical basis/world is not an independent input universe,output_prob,answer_strata,debiased_cka,0,0,250,375,,,,,,,,,,,,,,,,,,,,
F5,F5_rank4_symmetry45,P_M4_basis_inverse,F5_coordinate_basis,cross_task_set,P four coordinates,M4 four linear coordinates,w17_s101,101,17,4,inverse_G4,inverse_G1,B_encoder_C_initial_output,False,All625 source inputs seen; fit/test only analysis-map orbit holdout; physical basis/world is not an independent input universe,output_prob,answer_strata,knn_overlap,0,0,250,375,,,,,,,,,,,,,,,,,,,,
F5,F5_rank4_symmetry45,P_M4_basis_inverse,F5_coordinate_basis,cross_task_set,P four coordinates,M4 four linear coordinates,w17_s101,101,17,4,inverse_G4,inverse_G1,B_encoder_C_initial_output,False,All625 source inputs seen; fit/test only analysis-map orbit holdout; physical basis/world is not an independent input universe,output_prob,answer_strata,procrustes,0,0,250,375,8,,,,,,,,,,,,,,,,,,,
F5,F5_rank4_symmetry45,P_M4_basis_inverse,F5_coordinate_basis,cross_task_set,P four coordinates,M4 four linear coordinates,w17_s101,101,17,4,inverse_G4,inverse_G1,B_encoder_C_initial_output,False,All625 source inputs seen; fit/test only analysis-map orbit holdout; physical basis/world is not an independent input universe,answer_onehot,answer_strata,linear_cka,0,0,250,375,,,,,,,,,,,,,,,,,,,,
F5,F5_rank4_symmetry45,P_M4_basis_inverse,F5_coordinate_basis,cross_task_set,P four coordinates,M4 four linear coordinates,w17_s101,101,17,4,inverse_G4,inverse_G1,B_encoder_C_initial_output,False,All625 source inputs seen; fit/test only analysis-map orbit holdout; physical basis/world is not an independent input universe,answer_onehot,answer_strata,debiased_cka,0,0,250,375,,,,,,,,,,,,,,,,,,,,
F5,F5_rank4_symmetry45,P_M4_basis_inverse,F5_coordinate_basis,cross_task_set,P four coordinates,M4 four linear coordinates,w17_s101,101,17,4,inverse_G4,inverse_G1,B_encoder_C_initial_output,False,All625 source inputs seen; fit/test only analysis-map orbit holdout; physical basis/world is not an independent input universe,answer_onehot,answer_strata,knn_overlap,0,0,250,375,,,,,,,,,,,,,,,,,,,,
F5,F5_rank4_symmetry45,P_M4_basis_inverse,F5_coordinate_basis,cross_task_set,P four coordinates,M4 four linear coordinates,w17_s101,101,17,4,inverse_G4,inverse_G1,B_encoder_C_initial_output,False,All625 source inputs seen; fit/test only analysis-map orbit holdout; physical basis/world is not an independent input universe,answer_onehot,answer_strata,procrustes,0,0,250,375,8,,,,,,,,,,,,,,,,,,,
F5,F5_rank4_symmetry45,P_M4_basis_inverse,F5_coordinate_basis,cross_task_set,P four coordinates,M4 four linear coordinates,w17_s101,101,17,4,inverse_G4,inverse_G1,B_encoder_C_initial_output,False,All625 source inputs seen; fit/test only analysis-map orbit holdout; physical basis/world is not an independent input universe,answer_scalar,answer_strata,linear_cka,0,0,250,375,,,,,,,,,,,,,,,,,,,,
F5,F5_rank4_symmetry45,P_M4_basis_inverse,F5_coordinate_basis,cross_task_set,P four coordinates,M4 four linear coordinates,w17_s101,101,17,4,inverse_G4,inverse_G1,B_encoder_C_initial_output,False,All625 source inputs seen; fit/test only analysis-map orbit holdout; physical basis/world is not an independent input universe,answer_scalar,answer_strata,debiased_cka,0,0,250,375,,,,,,,,,,,,,,,,,,,,
F5,F5_rank4_symmetry45,P_M4_basis_inverse,F5_coordinate_basis,cross_task_set,P four coordinates,M4 four linear coordinates,w17_s101,101,17,4,inverse_G4,inverse_G1,B_encoder_C_initial_output,False,All625 source inputs seen; fit/test only analysis-map orbit holdout; physical basis/world is not an independent input universe,answer_scalar,answer_strata,knn_overlap,0,0,250,375,,,,,,,,,,,,,,,,,,,,
F5,F5_rank4_symmetry45,P_M4_basis_inverse,F5_coordinate_basis,cross_task_set,P four coordinates,M4 four linear coordinates,w17_s101,101,17,4,inverse_G4,inverse_G1,B_encoder_C_initial_output,False,All625 source inputs seen; fit/test only analysis-map orbit holdout; physical basis/world is not an independent input universe,answer_scalar,answer_strata,procrustes,0,0,250,375,4,,,,,,,,,,,,,,,,,,,
F5,F5_rank4_symmetry45,P_M1_basis_inverse,F5_coordinate_basis,cross_task_set,P four coordinates,M1 four linear coordinates,w42_s17,17,42,4,inverse_G1,inverse_G2,B_encoder_C_initial_output,False,All625 source inputs seen; fit/test only analysis-map orbit holdout; physical basis/world is not an independent input universe,encoder_final,within_length,linear_cka,250,375,250,375,,0.43250453212355694,,0.3230681280877688,,0.3568294770681272,,0.10943640403578814,0.13395152962716683,,0.1330889806665275,,0.9999999999999996,,0.0008625489606393366,0.0008625489606393366,0.10943640403578814,0.2985530024963901,0.1899791474212413,0.1085738550751488
F5,F5_rank4_symmetry45,P_M1_basis_inverse,F5_coordinate_basis,cross_task_set,P four coordinates,M1 four linear coordinates,w42_s17,17,42,4,inverse_G1,inverse_G2,B_encoder_C_initial_output,False,All625 source inputs seen; fit/test only analysis-map orbit holdout; physical basis/world is not an independent input universe,encoder_final,within_length,debiased_cka,250,375,250,375,,0.3782172173036481,,0.25804399072560646,,0.2951021857984025,,0.12017322657804164,0.10364038886608588,,0.10266666661592123,,1.0,,0.0009737222501646492,0.0009737222501646492,0.12017322657804164,0.2745768284375622,0.15537732410968524,0.11919950432787699
F5,F5_rank4_symmetry45,P_M1_basis_inverse,F5_coordinate_basis,cross_task_set,P four coordinates,M1 four linear coordinates,w42_s17,17,42,4,inverse_G1,inverse_G2,B_encoder_C_initial_output,False,All625 source inputs seen; fit/test only analysis-map orbit holdout; physical basis/world is not an independent input universe,encoder_final,within_length,knn_overlap,250,375,250,375,,0.12133333333333333,,0.07333333333333333,,0.08959999999999999,,0.048,0.18239999999999998,,0.07946666666666664,,1.0,,0.10293333333333334,0.10293333333333334,0.048,-0.061066666666666644,-0.00613333333333331,-0.054933333333333334
F5,F5_rank4_symmetry45,P_M1_basis_inverse,F5_coordinate_basis,cross_task_set,P four coordinates,M1 four linear coordinates,w42_s17,17,42,4,inverse_G1,inverse_G2,B_encoder_C_initial_output,False,All625 source inputs seen; fit/test only analysis-map orbit holdout; physical basis/world is not an independent input universe,encoder_final,within_length,procrustes,250,375,250,375,8,-0.9879533941719307,0.9879533941719307,-1.1827909520241464,1.1827909520241464,-1.1610924018802016,1.1610924018802016,0.19483755785221568,-1.2947569413659252,1.2947569413659252,-1.3076202733044544,1.3076202733044544,-7.056818167133421e-16,7.056818167133421e-16,0.012863331938529177,0.012863331938529177,0.19483755785221568,0.3068035471939945,0.12482932128030799,0.1819742259136865
F5,F5_rank4_symmetry45,P_M1_basis_inverse,F5_coordinate_basis,cross_task_set,P four coordinates,M1 four linear coordinates,w42_s17,17,42,4,inverse_G1,inverse_G2,B_encoder_C_initial_output,False,All625 source inputs seen; fit/test only analysis-map orbit holdout; physical basis/world is not an independent input universe,output_prob,within_length,linear_cka,250,375,250,375,,0.9999999999414135,,0.77215329175639,,0.7721532917596612,,0.2278467081850235,0.07049498419399972,,0.07079339222114923,,1.0,,-0.00029840802714951875,-0.00029840802714951875,0.2278467081850235,0.9295050157474138,0.7013598995352408,0.22814511621217304
F5,F5_rank4_symmetry45,P_M1_basis_inverse,F5_coordinate_basis,cross_task_set,P four coordinates,M1 four linear coordinates,w42_s17,17,42,4,inverse_G1,inverse_G2,B_encoder_C_initial_output,False,All625 source inputs seen; fit/test only analysis-map orbit holdout; physical basis/world is not an independent input universe,output_prob,within_length,debiased_cka,250,375,250,375,,0.9999999999399032,,0.7636914225904713,,0.7636914225938278,,0.2363085773494319,0.05474551294364543,,0.05526470984776719,,1.0000000000000002,,-0.0005191969041217631,-0.0005191969041217631,0.2363085773494319,0.9452544869962578,0.7084267127427041,0.23682777425355367
F5,F5_rank4_symmetry45,P_M1_basis_inverse,F5_coordinate_basis,cross_task_set,P four coordinates,M1 four linear coordinates,w42_s17,17,42,4,inverse_G1,inverse_G2,B_encoder_C_initial_output,False,All625 source inputs seen; fit/test only analysis-map orbit holdout; physical basis/world is not an independent input universe,output_prob,within_length,knn_overlap,250,375,250,375,,0.7173333333333334,,0.5122666666666666,,0.5218666666666666,,0.20506666666666673,0.09306666666666666,,0.0472,,1.0,,0.04586666666666666,0.04586666666666666,0.20506666666666673,0.6242666666666667,0.46506666666666663,0.15920000000000006
F5,F5_rank4_symmetry45,P_M1_basis_inverse,F5_coordinate_basis,cross_task_set,P four coordinates,M1 four linear coordinates,w42_s17,17,42,4,inverse_G1,inverse_G2,B_encoder_C_initial_output,False,All625 source inputs seen; fit/test only analysis-map orbit holdout; physical basis/world is not an independent input universe,output_prob,within_length,procrustes,250,375,250,375,8,-0.6111297464399245,0.6111297464399245,-0.8935795768755541,0.8935795768755541,-0.8935797485682577,0.8935797485682577,0.28244983043562966,-1.281817599406291,1.281817599406291,-1.2856055409874627,1.2856055409874627,-1.078272069048583e-15,1.078272069048583e-15,0.0037879415811716832,0.0037879415811716832,0.28244983043562966,0.6706878529663666,0.3920259641119086,0.278661888854458
F5,F5_rank4_symmetry45,P_M1_basis_inverse,F5_coordinate_basis,cross_task_set,P four coordinates,M1 four linear coordinates,w42_s17,17,42,4,inverse_G1,inverse_G2,B_encoder_C_initial_output,False,All625 source inputs seen; fit/test only analysis-map orbit holdout; physical basis/world is not an independent input universe,answer_onehot,within_length,linear_cka,250,375,250,375,,1.0000000000000218,,0.7721518987341943,,0.7721518987341943,,0.22784810126582744,,,,,,,,,0.22784810126582744,,,
F5,F5_rank4_symmetry45,P_M1_basis_inverse,F5_coordinate_basis,cross_task_set,P four coordinates,M1 four linear coordinates,w42_s17,17,42,4,inverse_G1,inverse_G2,B_encoder_C_initial_output,False,All625 source inputs seen; fit/test only analysis-map orbit holdout; physical basis/world is not an independent input universe,answer_onehot,within_length,debiased_cka,250,375,250,375,,0.9999999999999821,,0.763689974726187,,0.763689974726187,,0.23631002527379508,,,,,,,,,0.23631002527379508,,,
F5,F5_rank4_symmetry45,P_M1_basis_inverse,F5_coordinate_basis,cross_task_set,P four coordinates,M1 four linear coordinates,w42_s17,17,42,4,inverse_G1,inverse_G2,B_encoder_C_initial_output,False,All625 source inputs seen; fit/test only analysis-map orbit holdout; physical basis/world is not an independent input universe,answer_onehot,within_length,knn_overlap,250,375,250,375,,1.0,,0.6922666666666667,,0.6917333333333333,,0.3077333333333333,,,,,,,,,0.3077333333333333,,,
F5,F5_rank4_symmetry45,P_M1_basis_inverse,F5_coordinate_basis,cross_task_set,P four coordinates,M1 four linear coordinates,w42_s17,17,42,4,inverse_G1,inverse_G2,B_encoder_C_initial_output,False,All625 source inputs seen; fit/test only analysis-map orbit holdout; physical basis/world is not an independent input universe,answer_onehot,within_length,procrustes,250,375,250,375,8,-5.406088032692576e-16,5.406088032692576e-16,-1.0166873370007066,1.0166873370007066,-1.018382725328909,1.018382725328909,1.0166873370007061,,,,,,,,,1.0166873370007061,,,
F5,F5_rank4_symmetry45,P_M1_basis_inverse,F5_coordinate_basis,cross_task_set,P four coordinates,M1 four linear coordinates,w42_s17,17,42,4,inverse_G1,inverse_G2,B_encoder_C_initial_output,False,All625 source inputs seen; fit/test only analysis-map orbit holdout; physical basis/world is not an independent input universe,answer_scalar,within_length,linear_cka,250,375,250,375,,1.0000000000000002,,0.6785714285714287,,0.6785714285714287,,0.3214285714285715,,,,,,,,,0.3214285714285715,,,
F5,F5_rank4_symmetry45,P_M1_basis_inverse,F5_coordinate_basis,cross_task_set,P four coordinates,M1 four linear coordinates,w42_s17,17,42,4,inverse_G1,inverse_G2,B_encoder_C_initial_output,False,All625 source inputs seen; fit/test only analysis-map orbit holdout; physical basis/world is not an independent input universe,answer_scalar,within_length,debiased_cka,250,375,250,375,,1.0000000000000016,,0.6754728291624686,,0.6754728291624685,,0.3245271708375329,,,,,,,,,0.3245271708375329,,,
F5,F5_rank4_symmetry45,P_M1_basis_inverse,F5_coordinate_basis,cross_task_set,P four coordinates,M1 four linear coordinates,w42_s17,17,42,4,inverse_G1,inverse_G2,B_encoder_C_initial_output,False,All625 source inputs seen; fit/test only analysis-map orbit holdout; physical basis/world is not an independent input universe,answer_scalar,within_length,knn_overlap,250,375,250,375,,1.0,,0.3895999999999999,,0.6146666666666667,,0.6104,,,,,,,,,0.6104,,,
F5,F5_rank4_symmetry45,P_M1_basis_inverse,F5_coordinate_basis,cross_task_set,P four coordinates,M1 four linear coordinates,w42_s17,17,42,4,inverse_G1,inverse_G2,B_encoder_C_initial_output,False,All625 source inputs seen; fit/test only analysis-map orbit holdout; physical basis/world is not an independent input universe,answer_scalar,within_length,procrustes,250,375,250,375,4,-4.199186974552975e-16,4.199186974552975e-16,-0.7745966692414834,0.7745966692414834,-0.7745966692414834,0.7745966692414834,0.774596669241483,,,,,,,,,0.774596669241483,,,
F5,F5_rank4_symmetry45,P_M1_basis_inverse,F5_coordinate_basis,cross_task_set,P four coordinates,M1 four linear coordinates,w42_s17,17,42,4,inverse_G1,inverse_G2,B_encoder_C_initial_output,False,All625 source inputs seen; fit/test only analysis-map orbit holdout; physical basis/world is not an independent input universe,encoder_final,answer_strata,linear_cka,0,0,250,375,,,,,,,,,,,,,,,,,,,,
F5,F5_rank4_symmetry45,P_M1_basis_inverse,F5_coordinate_basis,cross_task_set,P four coordinates,M1 four linear coordinates,w42_s17,17,42,4,inverse_G1,inverse_G2,B_encoder_C_initial_output,False,All625 source inputs seen; fit/test only analysis-map orbit holdout; physical basis/world is not an independent input universe,encoder_final,answer_strata,debiased_cka,0,0,250,375,,,,,,,,,,,,,,,,,,,,
F5,F5_rank4_symmetry45,P_M1_basis_inverse,F5_coordinate_basis,cross_task_set,P four coordinates,M1 four linear coordinates,w42_s17,17,42,4,inverse_G1,inverse_G2,B_encoder_C_initial_output,False,All625 source inputs seen; fit/test only analysis-map orbit holdout; physical basis/world is not an independent input universe,encoder_final,answer_strata,knn_overlap,0,0,250,375,,,,,,,,,,,,,,,,,,,,
F5,F5_rank4_symmetry45,P_M1_basis_inverse,F5_coordinate_basis,cross_task_set,P four coordinates,M1 four linear coordinates,w42_s17,17,42,4,inverse_G1,inverse_G2,B_encoder_C_initial_output,False,All625 source inputs seen; fit/test only analysis-map orbit holdout; physical basis/world is not an independent input universe,encoder_final,answer_strata,procrustes,0,0,250,375,8,,,,,,,,,,,,,,,,,,,
F5,F5_rank4_symmetry45,P_M1_basis_inverse,F5_coordinate_basis,cross_task_set,P four coordinates,M1 four linear coordinates,w42_s17,17,42,4,inverse_G1,inverse_G2,B_encoder_C_initial_output,False,All625 source inputs seen; fit/test only analysis-map orbit holdout; physical basis/world is not an independent input universe,output_prob,answer_strata,linear_cka,0,0,250,375,,,,,,,,,,,,,,,,,,,,
F5,F5_rank4_symmetry45,P_M1_basis_inverse,F5_coordinate_basis,cross_task_set,P four coordinates,M1 four linear coordinates,w42_s17,17,42,4,inverse_G1,inverse_G2,B_encoder_C_initial_output,False,All625 source inputs seen; fit/test only analysis-map orbit holdout; physical basis/world is not an independent input universe,output_prob,answer_strata,debiased_cka,0,0,250,375,,,,,,,,,,,,,,,,,,,,
F5,F5_rank4_symmetry45,P_M1_basis_inverse,F5_coordinate_basis,cross_task_set,P four coordinates,M1 four linear coordinates,w42_s17,17,42,4,inverse_G1,inverse_G2,B_encoder_C_initial_output,False,All625 source inputs seen; fit/test only analysis-map orbit holdout; physical basis/world is not an independent input universe,output_prob,answer_strata,knn_overlap,0,0,250,375,,,,,,,,,,,,,,,,,,,,
F5,F5_rank4_symmetry45,P_M1_basis_inverse,F5_coordinate_basis,cross_task_set,P four coordinates,M1 four linear coordinates,w42_s17,17,42,4,inverse_G1,inverse_G2,B_encoder_C_initial_output,False,All625 source inputs seen; fit/test only analysis-map orbit holdout; physical basis/world is not an independent input universe,output_prob,answer_strata,procrustes,0,0,250,375,8,,,,,,,,,,,,,,,,,,,
F5,F5_rank4_symmetry45,P_M1_basis_inverse,F5_coordinate_basis,cross_task_set,P four coordinates,M1 four linear coordinates,w42_s17,17,42,4,inverse_G1,inverse_G2,B_encoder_C_initial_output,False,All625 source inputs seen; fit/test only analysis-map orbit holdout; physical basis/world is not an independent input universe,answer_onehot,answer_strata,linear_cka,0,0,250,375,,,,,,,,,,,,,,,,,,,,
F5,F5_rank4_symmetry45,P_M1_basis_inverse,F5_coordinate_basis,cross_task_set,P four coordinates,M1 four linear coordinates,w42_s17,17,42,4,inverse_G1,inverse_G2,B_encoder_C_initial_output,False,All625 source inputs seen; fit/test only analysis-map orbit holdout; physical basis/world is not an independent input universe,answer_onehot,answer_strata,debiased_cka,0,0,250,375,,,,,,,,,,,,,,,,,,,,
F5,F5_rank4_symmetry45,P_M1_basis_inverse,F5_coordinate_basis,cross_task_set,P four coordinates,M1 four linear coordinates,w42_s17,17,42,4,inverse_G1,inverse_G2,B_encoder_C_initial_output,False,All625 source inputs seen; fit/test only analysis-map orbit holdout; physical basis/world is not an independent input universe,answer_onehot,answer_strata,knn_overlap,0,0,250,375,,,,,,,,,,,,,,,,,,,,
F5,F5_rank4_symmetry45,P_M1_basis_inverse,F5_coordinate_basis,cross_task_set,P four coordinates,M1 four linear coordinates,w42_s17,17,42,4,inverse_G1,inverse_G2,B_encoder_C_initial_output,False,All625 source inputs seen; fit/test only analysis-map orbit holdout; physical basis/world is not an independent input universe,answer_onehot,answer_strata,procrustes,0,0,250,375,8,,,,,,,,,,,,,,,,,,,
F5,F5_rank4_symmetry45,P_M1_basis_inverse,F5_coordinate_basis,cross_task_set,P four coordinates,M1 four linear coordinates,w42_s17,17,42,4,inverse_G1,inverse_G2,B_encoder_C_initial_output,False,All625 source inputs seen; fit/test only analysis-map orbit holdout; physical basis/world is not an independent input universe,answer_scalar,answer_strata,linear_cka,0,0,250,375,,,,,,,,,,,,,,,,,,,,
F5,F5_rank4_symmetry45,P_M1_basis_inverse,F5_coordinate_basis,cross_task_set,P four coordinates,M1 four linear coordinates,w42_s17,17,42,4,inverse_G1,inverse_G2,B_encoder_C_initial_output,False,All625 source inputs seen; fit/test only analysis-map orbit holdout; physical basis/world is not an independent input universe,answer_scalar,answer_strata,debiased_cka,0,0,250,375,,,,,,,,,,,,,,,,,,,,
F5,F5_rank4_symmetry45,P_M1_basis_inverse,F5_coordinate_basis,cross_task_set,P four coordinates,M1 four linear coordinates,w42_s17,17,42,4,inverse_G1,inverse_G2,B_encoder_C_initial_output,False,All625 source inputs seen; fit/test only analysis-map orbit holdout; physical basis/world is not an independent input universe,answer_scalar,answer_strata,knn_overlap,0,0,250,375,,,,,,,,,,,,,,,,,,,,
F5,F5_rank4_symmetry45,P_M1_basis_inverse,F5_coordinate_basis,cross_task_set,P four coordinates,M1 four linear coordinates,w42_s17,17,42,4,inverse_G1,inverse_G2,B_encoder_C_initial_output,False,All625 source inputs seen; fit/test only analysis-map orbit holdout; physical basis/world is not an independent input universe,answer_scalar,answer_strata,procrustes,0,0,250,375,4,,,,,,,,,,,,,,,,,,,
F5,F5_rank4_symmetry45,P_M2_basis_inverse,F5_coordinate_basis,cross_task_set,P four coordinates,M2 four linear coordinates,w42_s17,17,42,4,inverse_G2,inverse_G3,B_encoder_C_initial_output,False,All625 source inputs seen; fit/test only analysis-map orbit holdout; physical basis/world is not an independent input universe,encoder_final,within_length,linear_cka,250,375,250,375,,0.4570468785360183,,0.3355891890746098,,0.355817889780749,,0.1214576894614085,0.1330889806665275,,0.13405935998795881,,0.9999999999999996,,-0.0009703793214313194,-0.0009703793214313194,0.1214576894614085,0.3239578978694908,0.20152982908665096,0.12242806878283982
F5,F5_rank4_symmetry45,P_M2_basis_inverse,F5_coordinate_basis,cross_task_set,P four coordinates,M2 four linear coordinates,w42_s17,17,42,4,inverse_G2,inverse_G3,B_encoder_C_initial_output,False,All625 source inputs seen; fit/test only analysis-map orbit holdout; physical basis/world is not an independent input universe,encoder_final,within_length,debiased_cka,250,375,250,375,,0.4070656536261148,,0.27424688459084823,,0.2963659211520394,,0.13281876903526657,0.10266666661592123,,0.10373526839230769,,1.0,,-0.0010686017763864575,-0.0010686017763864575,0.13281876903526657,0.3043989870101936,0.17051161619854055,0.13388737081165303
F5,F5_rank4_symmetry45,P_M2_basis_inverse,F5_coordinate_basis,cross_task_set,P four coordinates,M2 four linear coordinates,w42_s17,17,42,4,inverse_G2,inverse_G3,B_encoder_C_initial_output,False,All625 source inputs seen; fit/test only analysis-map orbit holdout; physical basis/world is not an independent input universe,encoder_final,within_length,knn_overlap,250,375,250,375,,0.12506666666666666,,0.09920000000000001,,0.08293333333333333,,0.02586666666666665,0.07946666666666664,,0.1765333333333333,,1.0,,-0.09706666666666665,-0.09706666666666665,0.02586666666666665,0.045600000000000016,-0.07733333333333328,0.1229333333333333
F5,F5_rank4_symmetry45,P_M2_basis_inverse,F5_coordinate_basis,cross_task_set,P four coordinates,M2 four linear coordinates,w42_s17,17,42,4,inverse_G2,inverse_G3,B_encoder_C_initial_output,False,All625 source inputs seen; fit/test only analysis-map orbit holdout; physical basis/world is not an independent input universe,encoder_final,within_length,procrustes,250,375,250,375,8,-0.9276380460398326,0.9276380460398326,-1.1345260091969678,1.1345260091969678,-1.1216739682416268,1.1216739682416268,0.2068879631571352,-1.3076202733044544,1.3076202733044544,-1.2963230473297667,1.2963230473297667,-7.056818167133421e-16,7.056818167133421e-16,-0.011297225974687741,-0.011297225974687741,0.2068879631571352,0.37998222726462183,0.1617970381327989,0.21818518913182294
F5,F5_rank4_symmetry45,P_M2_basis_inverse,F5_coordinate_basis,cross_task_set,P four coordinates,M2 four linear coordinates,w42_s17,17,42,4,inverse_G2,inverse_G3,B_encoder_C_initial_output,False,All625 source inputs seen; fit/test only analysis-map orbit holdout; physical basis/world is not an independent input universe,output_prob,within_length,linear_cka,250,375,250,375,,0.9999999999326635,,0.7721533143580224,,0.7721533143596313,,0.22784668557464116,0.07079339222114923,,0.07164962146225962,,1.0,,-0.0008562292411103817,-0.0008562292411103817,0.22784668557464116,0.9292066077115143,0.7005036928957628,0.22870291481575156
F5,F5_rank4_symmetry45,P_M2_basis_inverse,F5_coordinate_basis,cross_task_set,P four coordinates,M2 four linear coordinates,w42_s17,17,42,4,inverse_G2,inverse_G3,B_encoder_C_initial_output,False,All625 source inputs seen; fit/test only analysis-map orbit holdout; physical basis/world is not an independent input universe,output_prob,within_length,debiased_cka,250,375,250,375,,0.9999999999310301,,0.7636914485388127,,0.7636914485404164,,0.2363085513922174,0.05526470984776719,,0.05606075976000769,,1.0000000000000002,,-0.0007960499122404985,-0.0007960499122404985,0.2363085513922174,0.9447352900832628,0.707630688778805,0.2371046013044579
F5,F5_rank4_symmetry45,P_M2_basis_inverse,F5_coordinate_basis,cross_task_set,P four coordinates,M2 four linear coordinates,w42_s17,17,42,4,inverse_G2,inverse_G3,B_encoder_C_initial_output,False,All625 source inputs seen; fit/test only analysis-map orbit holdout; physical basis/world is not an independent input universe,output_prob,within_length,knn_overlap,250,375,250,375,,0.7248,,0.5197333333333333,,0.5288,,0.20506666666666673,0.0472,,0.10906666666666666,,1.0,,-0.06186666666666666,-0.06186666666666666,0.20506666666666673,0.6776,0.4106666666666666,0.2669333333333334
F5,F5_rank4_symmetry45,P_M2_basis_inverse,F5_coordinate_basis,cross_task_set,P four coordinates,M2 four linear coordinates,w42_s17,17,42,4,inverse_G2,inverse_G3,B_encoder_C_initial_output,False,All625 source inputs seen; fit/test only analysis-map orbit holdout; physical basis/world is not an independent input universe,output_prob,within_length,procrustes,250,375,250,375,8,-0.5203593418611491,0.5203593418611491,-0.8868421306719856,0.8868421306719856,-0.8868422990838493,0.8868422990838493,0.3664827888108365,-1.2856055409874627,1.2856055409874627,-1.2771977878190524,1.2771977878190524,-1.078272069048583e-15,1.078272069048583e-15,-0.008407753168410359,-0.008407753168410359,0.3664827888108365,0.7652461991263136,0.39035565714706677,0.37489054197924687
F5,F5_rank4_symmetry45,P_M2_basis_inverse,F5_coordinate_basis,cross_task_set,P four coordinates,M2 four linear coordinates,w42_s17,17,42,4,inverse_G2,inverse_G3,B_encoder_C_initial_output,False,All625 source inputs seen; fit/test only analysis-map orbit holdout; physical basis/world is not an independent input universe,answer_onehot,within_length,linear_cka,250,375,250,375,,1.0000000000000218,,0.7721518987341943,,0.7721518987341943,,0.22784810126582744,,,,,,,,,0.22784810126582744,,,
F5,F5_rank4_symmetry45,P_M2_basis_inverse,F5_coordinate_basis,cross_task_set,P four coordinates,M2 four linear coordinates,w42_s17,17,42,4,inverse_G2,inverse_G3,B_encoder_C_initial_output,False,All625 source inputs seen; fit/test only analysis-map orbit holdout; physical basis/world is not an independent input universe,answer_onehot,within_length,debiased_cka,250,375,250,375,,0.9999999999999821,,0.7636899747261869,,0.7636899747261869,,0.2363100252737952,,,,,,,,,0.2363100252737952,,,
F5,F5_rank4_symmetry45,P_M2_basis_inverse,F5_coordinate_basis,cross_task_set,P four coordinates,M2 four linear coordinates,w42_s17,17,42,4,inverse_G2,inverse_G3,B_encoder_C_initial_output,False,All625 source inputs seen; fit/test only analysis-map orbit holdout; physical basis/world is not an independent input universe,answer_onehot,within_length,knn_overlap,250,375,250,375,,1.0,,0.6938666666666665,,0.6938666666666665,,0.3061333333333335,,,,,,,,,0.3061333333333335,,,
F5,F5_rank4_symmetry45,P_M2_basis_inverse,F5_coordinate_basis,cross_task_set,P four coordinates,M2 four linear coordinates,w42_s17,17,42,4,inverse_G2,inverse_G3,B_encoder_C_initial_output,False,All625 source inputs seen; fit/test only analysis-map orbit holdout; physical basis/world is not an independent input universe,answer_onehot,within_length,procrustes,250,375,250,375,8,-5.406088032692576e-16,5.406088032692576e-16,-1.0228968546403372,1.0228968546403372,-0.8806778414485713,0.8806778414485713,1.0228968546403368,,,,,,,,,1.0228968546403368,,,
F5,F5_rank4_symmetry45,P_M2_basis_inverse,F5_coordinate_basis,cross_task_set,P four coordinates,M2 four linear coordinates,w42_s17,17,42,4,inverse_G2,inverse_G3,B_encoder_C_initial_output,False,All625 source inputs seen; fit/test only analysis-map orbit holdout; physical basis/world is not an independent input universe,answer_scalar,within_length,linear_cka,250,375,250,375,,1.0000000000000002,,0.6785714285714287,,0.6785714285714287,,0.3214285714285715,,,,,,,,,0.3214285714285715,,,
F5,F5_rank4_symmetry45,P_M2_basis_inverse,F5_coordinate_basis,cross_task_set,P four coordinates,M2 four linear coordinates,w42_s17,17,42,4,inverse_G2,inverse_G3,B_encoder_C_initial_output,False,All625 source inputs seen; fit/test only analysis-map orbit holdout; physical basis/world is not an independent input universe,answer_scalar,within_length,debiased_cka,250,375,250,375,,1.0000000000000016,,0.6754728291624686,,0.6754728291624686,,0.3245271708375329,,,,,,,,,0.3245271708375329,,,
F5,F5_rank4_symmetry45,P_M2_basis_inverse,F5_coordinate_basis,cross_task_set,P four coordinates,M2 four linear coordinates,w42_s17,17,42,4,inverse_G2,inverse_G3,B_encoder_C_initial_output,False,All625 source inputs seen; fit/test only analysis-map orbit holdout; physical basis/world is not an independent input universe,answer_scalar,within_length,knn_overlap,250,375,250,375,,1.0,,0.5717333333333333,,0.39226666666666665,,0.4282666666666667,,,,,,,,,0.4282666666666667,,,
F5,F5_rank4_symmetry45,P_M2_basis_inverse,F5_coordinate_basis,cross_task_set,P four coordinates,M2 four linear coordinates,w42_s17,17,42,4,inverse_G2,inverse_G3,B_encoder_C_initial_output,False,All625 source inputs seen; fit/test only analysis-map orbit holdout; physical basis/world is not an independent input universe,answer_scalar,within_length,procrustes,250,375,250,375,4,-4.199186974552975e-16,4.199186974552975e-16,-0.7745966692414833,0.7745966692414833,-0.7745966692414833,0.7745966692414833,0.7745966692414828,,,,,,,,,0.7745966692414828,,,
F5,F5_rank4_symmetry45,P_M2_basis_inverse,F5_coordinate_basis,cross_task_set,P four coordinates,M2 four linear coordinates,w42_s17,17,42,4,inverse_G2,inverse_G3,B_encoder_C_initial_output,False,All625 source inputs seen; fit/test only analysis-map orbit holdout; physical basis/world is not an independent input universe,encoder_final,answer_strata,linear_cka,0,0,250,375,,,,,,,,,,,,,,,,,,,,
F5,F5_rank4_symmetry45,P_M2_basis_inverse,F5_coordinate_basis,cross_task_set,P four coordinates,M2 four linear coordinates,w42_s17,17,42,4,inverse_G2,inverse_G3,B_encoder_C_initial_output,False,All625 source inputs seen; fit/test only analysis-map orbit holdout; physical basis/world is not an independent input universe,encoder_final,answer_strata,debiased_cka,0,0,250,375,,,,,,,,,,,,,,,,,,,,
F5,F5_rank4_symmetry45,P_M2_basis_inverse,F5_coordinate_basis,cross_task_set,P four coordinates,M2 four linear coordinates,w42_s17,17,42,4,inverse_G2,inverse_G3,B_encoder_C_initial_output,False,All625 source inputs seen; fit/test only analysis-map orbit holdout; physical basis/world is not an independent input universe,encoder_final,answer_strata,knn_overlap,0,0,250,375,,,,,,,,,,,,,,,,,,,,
F5,F5_rank4_symmetry45,P_M2_basis_inverse,F5_coordinate_basis,cross_task_set,P four coordinates,M2 four linear coordinates,w42_s17,17,42,4,inverse_G2,inverse_G3,B_encoder_C_initial_output,False,All625 source inputs seen; fit/test only analysis-map orbit holdout; physical basis/world is not an independent input universe,encoder_final,answer_strata,procrustes,0,0,250,375,8,,,,,,,,,,,,,,,,,,,
F5,F5_rank4_symmetry45,P_M2_basis_inverse,F5_coordinate_basis,cross_task_set,P four coordinates,M2 four linear coordinates,w42_s17,17,42,4,inverse_G2,inverse_G3,B_encoder_C_initial_output,False,All625 source inputs seen; fit/test only analysis-map orbit holdout; physical basis/world is not an independent input universe,output_prob,answer_strata,linear_cka,0,0,250,375,,,,,,,,,,,,,,,,,,,,
F5,F5_rank4_symmetry45,P_M2_basis_inverse,F5_coordinate_basis,cross_task_set,P four coordinates,M2 four linear coordinates,w42_s17,17,42,4,inverse_G2,inverse_G3,B_encoder_C_initial_output,False,All625 source inputs seen; fit/test only analysis-map orbit holdout; physical basis/world is not an independent input universe,output_prob,answer_strata,debiased_cka,0,0,250,375,,,,,,,,,,,,,,,,,,,,
F5,F5_rank4_symmetry45,P_M2_basis_inverse,F5_coordinate_basis,cross_task_set,P four coordinates,M2 four linear coordinates,w42_s17,17,42,4,inverse_G2,inverse_G3,B_encoder_C_initial_output,False,All625 source inputs seen; fit/test only analysis-map orbit holdout; physical basis/world is not an independent input universe,output_prob,answer_strata,knn_overlap,0,0,250,375,,,,,,,,,,,,,,,,,,,,
F5,F5_rank4_symmetry45,P_M2_basis_inverse,F5_coordinate_basis,cross_task_set,P four coordinates,M2 four linear coordinates,w42_s17,17,42,4,inverse_G2,inverse_G3,B_encoder_C_initial_output,False,All625 source inputs seen; fit/test only analysis-map orbit holdout; physical basis/world is not an independent input universe,output_prob,answer_strata,procrustes,0,0,250,375,8,,,,,,,,,,,,,,,,,,,
F5,F5_rank4_symmetry45,P_M2_basis_inverse,F5_coordinate_basis,cross_task_set,P four coordinates,M2 four linear coordinates,w42_s17,17,42,4,inverse_G2,inverse_G3,B_encoder_C_initial_output,False,All625 source inputs seen; fit/test only analysis-map orbit holdout; physical basis/world is not an independent input universe,answer_onehot,answer_strata,linear_cka,0,0,250,375,,,,,,,,,,,,,,,,,,,,
F5,F5_rank4_symmetry45,P_M2_basis_inverse,F5_coordinate_basis,cross_task_set,P four coordinates,M2 four linear coordinates,w42_s17,17,42,4,inverse_G2,inverse_G3,B_encoder_C_initial_output,False,All625 source inputs seen; fit/test only analysis-map orbit holdout; physical basis/world is not an independent input universe,answer_onehot,answer_strata,debiased_cka,0,0,250,375,,,,,,,,,,,,,,,,,,,,
F5,F5_rank4_symmetry45,P_M2_basis_inverse,F5_coordinate_basis,cross_task_set,P four coordinates,M2 four linear coordinates,w42_s17,17,42,4,inverse_G2,inverse_G3,B_encoder_C_initial_output,False,All625 source inputs seen; fit/test only analysis-map orbit holdout; physical basis/world is not an independent input universe,answer_onehot,answer_strata,knn_overlap,0,0,250,375,,,,,,,,,,,,,,,,,,,,
F5,F5_rank4_symmetry45,P_M2_basis_inverse,F5_coordinate_basis,cross_task_set,P four coordinates,M2 four linear coordinates,w42_s17,17,42,4,inverse_G2,inverse_G3,B_encoder_C_initial_output,False,All625 source inputs seen; fit/test only analysis-map orbit holdout; physical basis/world is not an independent input universe,answer_onehot,answer_strata,procrustes,0,0,250,375,8,,,,,,,,,,,,,,,,,,,
F5,F5_rank4_symmetry45,P_M2_basis_inverse,F5_coordinate_basis,cross_task_set,P four coordinates,M2 four linear coordinates,w42_s17,17,42,4,inverse_G2,inverse_G3,B_encoder_C_initial_output,False,All625 source inputs seen; fit/test only analysis-map orbit holdout; physical basis/world is not an independent input universe,answer_scalar,answer_strata,linear_cka,0,0,250,375,,,,,,,,,,,,,,,,,,,,
F5,F5_rank4_symmetry45,P_M2_basis_inverse,F5_coordinate_basis,cross_task_set,P four coordinates,M2 four linear coordinates,w42_s17,17,42,4,inverse_G2,inverse_G3,B_encoder_C_initial_output,False,All625 source inputs seen; fit/test only analysis-map orbit holdout; physical basis/world is not an independent input universe,answer_scalar,answer_strata,debiased_cka,0,0,250,375,,,,,,,,,,,,,,,,,,,,
F5,F5_rank4_symmetry45,P_M2_basis_inverse,F5_coordinate_basis,cross_task_set,P four coordinates,M2 four linear coordinates,w42_s17,17,42,4,inverse_G2,inverse_G3,B_encoder_C_initial_output,False,All625 source inputs seen; fit/test only analysis-map orbit holdout; physical basis/world is not an independent input universe,answer_scalar,answer_strata,knn_overlap,0,0,250,375,,,,,,,,,,,,,,,,,,,,
F5,F5_rank4_symmetry45,P_M2_basis_inverse,F5_coordinate_basis,cross_task_set,P four coordinates,M2 four linear coordinates,w42_s17,17,42,4,inverse_G2,inverse_G3,B_encoder_C_initial_output,False,All625 source inputs seen; fit/test only analysis-map orbit holdout; physical basis/world is not an independent input universe,answer_scalar,answer_strata,procrustes,0,0,250,375,4,,,,,,,,,,,,,,,,,,,
F5,F5_rank4_symmetry45,P_M3_basis_inverse,F5_coordinate_basis,cross_task_set,P four coordinates,M3 four linear coordinates,w42_s17,17,42,4,inverse_G3,inverse_G4,B_encoder_C_initial_output,False,All625 source inputs seen; fit/test only analysis-map orbit holdout; physical basis/world is not an independent input universe,encoder_final,within_length,linear_cka,250,375,250,375,,0.45565468271417475,,0.3531658033670711,,0.38239801404015566,,0.10248887934710366,0.13405935998795881,,0.18888187218345123,,0.9999999999999996,,-0.05482251219549242,-0.05482251219549242,0.10248887934710366,0.32159532272621594,0.16428393118361986,0.15731139154259607
F5,F5_rank4_symmetry45,P_M3_basis_inverse,F5_coordinate_basis,cross_task_set,P four coordinates,M3 four linear coordinates,w42_s17,17,42,4,inverse_G3,inverse_G4,B_encoder_C_initial_output,False,All625 source inputs seen; fit/test only analysis-map orbit holdout; physical basis/world is not an independent input universe,encoder_final,within_length,debiased_cka,250,375,250,375,,0.41052393050282976,,0.2995122952694525,,0.3311649080404418,,0.11101163523337726,0.10373526839230769,,0.160487088826639,,1.0,,-0.056751820434331315,-0.056751820434331315,0.11101163523337726,0.3067886621105221,0.1390252064428135,0.16776345566770856
F5,F5_rank4_symmetry45,P_M3_basis_inverse,F5_coordinate_basis,cross_task_set,P four coordinates,M3 four linear coordinates,w42_s17,17,42,4,inverse_G3,inverse_G4,B_encoder_C_initial_output,False,All625 source inputs seen; fit/test only analysis-map orbit holdout; physical basis/world is not an independent input universe,encoder_final,within_length,knn_overlap,250,375,250,375,,0.12026666666666667,,0.11653333333333334,,0.1296,,0.0037333333333333385,0.1765333333333333,,0.3882666666666666,,1.0,,-0.2117333333333333,-0.2117333333333333,0.0037333333333333385,-0.05626666666666662,-0.27173333333333327,0.21546666666666664
F5,F5_rank4_symmetry45,P_M3_basis_inverse,F5_coordinate_basis,cross_task_set,P four coordinates,M3 four linear coordinates,w42_s17,17,42,4,inverse_G3,inverse_G4,B_encoder_C_initial_output,False,All625 source inputs seen; fit/test only analysis-map orbit holdout; physical basis/world is not an independent input universe,encoder_final,within_length,procrustes,250,375,250,375,8,-0.9918299304231397,0.9918299304231397,-1.1030739983202271,1.1030739983202271,-1.0934232830927268,1.0934232830927268,0.1112440678970874,-1.2963230473297667,1.2963230473297667,-1.4068973441555184,1.4068973441555184,-7.056818167133421e-16,7.056818167133421e-16,0.1105742968257517,0.1105742968257517,0.1112440678970874,0.30449311690662695,0.30382334583529125,0.0006697710713357008
F5,F5_rank4_symmetry45,P_M3_basis_inverse,F5_coordinate_basis,cross_task_set,P four coordinates,M3 four linear coordinates,w42_s17,17,42,4,inverse_G3,inverse_G4,B_encoder_C_initial_output,False,All625 source inputs seen; fit/test only analysis-map orbit holdout; physical basis/world is not an independent input universe,output_prob,within_length,linear_cka,250,375,250,375,,0.9999999999251205,,0.7721528171447446,,0.7721528171450314,,0.22784718278037586,0.07164962146225962,,0.08747153965800904,,1.0,,-0.01582191819574942,-0.01582191819574942,0.22784718278037586,0.9283503784628608,0.6846812774867356,0.24366910097612526
F5,F5_rank4_symmetry45,P_M3_basis_inverse,F5_coordinate_basis,cross_task_set,P four coordinates,M3 four linear coordinates,w42_s17,17,42,4,inverse_G3,inverse_G4,B_encoder_C_initial_output,False,All625 source inputs seen; fit/test only analysis-map orbit holdout; physical basis/world is not an independent input universe,output_prob,within_length,debiased_cka,250,375,250,375,,0.9999999999232019,,0.7636909340610448,,0.7636909340612674,,0.23630906586215705,0.05606075976000769,,0.07230268495114058,,1.0000000000000002,,-0.016241925191132885,-0.016241925191132885,0.23630906586215705,0.9439392401631942,0.6913882491099043,0.25255099105328993
F5,F5_rank4_symmetry45,P_M3_basis_inverse,F5_coordinate_basis,cross_task_set,P four coordinates,M3 four linear coordinates,w42_s17,17,42,4,inverse_G3,inverse_G4,B_encoder_C_initial_output,False,All625 source inputs seen; fit/test only analysis-map orbit holdout; physical basis/world is not an independent input universe,output_prob,within_length,knn_overlap,250,375,250,375,,0.7,,0.46640000000000004,,0.46266666666666667,,0.23359999999999992,0.10906666666666666,,0.20080000000000003,,1.0,,-0.09173333333333338,-0.09173333333333338,0.23359999999999992,0.5909333333333333,0.2656,0.3253333333333333
F5,F5_rank4_symmetry45,P_M3_basis_inverse,F5_coordinate_basis,cross_task_set,P four coordinates,M3 four linear coordinates,w42_s17,17,42,4,inverse_G3,inverse_G4,B_encoder_C_initial_output,False,All625 source inputs seen; fit/test only analysis-map orbit holdout; physical basis/world is not an independent input universe,output_prob,within_length,procrustes,250,375,250,375,8,-0.5726330689689539,0.5726330689689539,-0.9182438873999078,0.9182438873999078,-0.9182438838741563,0.9182438838741563,0.34561081843095387,-1.2771977878190524,1.2771977878190524,-1.3672949045776532,1.3672949045776532,-1.078272069048583e-15,1.078272069048583e-15,0.09009711675860088,0.09009711675860088,0.34561081843095387,0.7045647188500984,0.4490510171777454,0.255513701672353
F5,F5_rank4_symmetry45,P_M3_basis_inverse,F5_coordinate_basis,cross_task_set,P four coordinates,M3 four linear coordinates,w42_s17,17,42,4,inverse_G3,inverse_G4,B_encoder_C_initial_output,False,All625 source inputs seen; fit/test only analysis-map orbit holdout; physical basis/world is not an independent input universe,answer_onehot,within_length,linear_cka,250,375,250,375,,1.0000000000000218,,0.7721518987341943,,0.7721518987341943,,0.22784810126582744,,,,,,,,,0.22784810126582744,,,
F5,F5_rank4_symmetry45,P_M3_basis_inverse,F5_coordinate_basis,cross_task_set,P four coordinates,M3 four linear coordinates,w42_s17,17,42,4,inverse_G3,inverse_G4,B_encoder_C_initial_output,False,All625 source inputs seen; fit/test only analysis-map orbit holdout; physical basis/world is not an independent input universe,answer_onehot,within_length,debiased_cka,250,375,250,375,,0.9999999999999821,,0.7636899747261869,,0.7636899747261869,,0.2363100252737952,,,,,,,,,0.2363100252737952,,,
F5,F5_rank4_symmetry45,P_M3_basis_inverse,F5_coordinate_basis,cross_task_set,P four coordinates,M3 four linear coordinates,w42_s17,17,42,4,inverse_G3,inverse_G4,B_encoder_C_initial_output,False,All625 source inputs seen; fit/test only analysis-map orbit holdout; physical basis/world is not an independent input universe,answer_onehot,within_length,knn_overlap,250,375,250,375,,1.0,,0.6933333333333334,,0.6936000000000001,,0.30666666666666664,,,,,,,,,0.30666666666666664,,,
F5,F5_rank4_symmetry45,P_M3_basis_inverse,F5_coordinate_basis,cross_task_set,P four coordinates,M3 four linear coordinates,w42_s17,17,42,4,inverse_G3,inverse_G4,B_encoder_C_initial_output,False,All625 source inputs seen; fit/test only analysis-map orbit holdout; physical basis/world is not an independent input universe,answer_onehot,within_length,procrustes,250,375,250,375,8,-5.406088032692576e-16,5.406088032692576e-16,-0.9242751362814131,0.9242751362814131,-1.0881211567774298,1.0881211567774298,0.9242751362814126,,,,,,,,,0.9242751362814126,,,
F5,F5_rank4_symmetry45,P_M3_basis_inverse,F5_coordinate_basis,cross_task_set,P four coordinates,M3 four linear coordinates,w42_s17,17,42,4,inverse_G3,inverse_G4,B_encoder_C_initial_output,False,All625 source inputs seen; fit/test only analysis-map orbit holdout; physical basis/world is not an independent input universe,answer_scalar,within_length,linear_cka,250,375,250,375,,1.0000000000000002,,0.6785714285714287,,0.6785714285714287,,0.3214285714285715,,,,,,,,,0.3214285714285715,,,
F5,F5_rank4_symmetry45,P_M3_basis_inverse,F5_coordinate_basis,cross_task_set,P four coordinates,M3 four linear coordinates,w42_s17,17,42,4,inverse_G3,inverse_G4,B_encoder_C_initial_output,False,All625 source inputs seen; fit/test only analysis-map orbit holdout; physical basis/world is not an independent input universe,answer_scalar,within_length,debiased_cka,250,375,250,375,,1.0000000000000016,,0.6754728291624686,,0.6754728291624684,,0.3245271708375329,,,,,,,,,0.3245271708375329,,,
F5,F5_rank4_symmetry45,P_M3_basis_inverse,F5_coordinate_basis,cross_task_set,P four coordinates,M3 four linear coordinates,w42_s17,17,42,4,inverse_G3,inverse_G4,B_encoder_C_initial_output,False,All625 source inputs seen; fit/test only analysis-map orbit holdout; physical basis/world is not an independent input universe,answer_scalar,within_length,knn_overlap,250,375,250,375,,1.0,,0.38986666666666664,,0.39146666666666663,,0.6101333333333334,,,,,,,,,0.6101333333333334,,,
F5,F5_rank4_symmetry45,P_M3_basis_inverse,F5_coordinate_basis,cross_task_set,P four coordinates,M3 four linear coordinates,w42_s17,17,42,4,inverse_G3,inverse_G4,B_encoder_C_initial_output,False,All625 source inputs seen; fit/test only analysis-map orbit holdout; physical basis/world is not an independent input universe,answer_scalar,within_length,procrustes,250,375,250,375,4,-4.199186974552975e-16,4.199186974552975e-16,-0.7745966692414834,0.7745966692414834,-0.7745966692414834,0.7745966692414834,0.774596669241483,,,,,,,,,0.774596669241483,,,
F5,F5_rank4_symmetry45,P_M3_basis_inverse,F5_coordinate_basis,cross_task_set,P four coordinates,M3 four linear coordinates,w42_s17,17,42,4,inverse_G3,inverse_G4,B_encoder_C_initial_output,False,All625 source inputs seen; fit/test only analysis-map orbit holdout; physical basis/world is not an independent input universe,encoder_final,answer_strata,linear_cka,0,0,250,375,,,,,,,,,,,,,,,,,,,,
F5,F5_rank4_symmetry45,P_M3_basis_inverse,F5_coordinate_basis,cross_task_set,P four coordinates,M3 four linear coordinates,w42_s17,17,42,4,inverse_G3,inverse_G4,B_encoder_C_initial_output,False,All625 source inputs seen; fit/test only analysis-map orbit holdout; physical basis/world is not an independent input universe,encoder_final,answer_strata,debiased_cka,0,0,250,375,,,,,,,,,,,,,,,,,,,,
F5,F5_rank4_symmetry45,P_M3_basis_inverse,F5_coordinate_basis,cross_task_set,P four coordinates,M3 four linear coordinates,w42_s17,17,42,4,inverse_G3,inverse_G4,B_encoder_C_initial_output,False,All625 source inputs seen; fit/test only analysis-map orbit holdout; physical basis/world is not an independent input universe,encoder_final,answer_strata,knn_overlap,0,0,250,375,,,,,,,,,,,,,,,,,,,,
F5,F5_rank4_symmetry45,P_M3_basis_inverse,F5_coordinate_basis,cross_task_set,P four coordinates,M3 four linear coordinates,w42_s17,17,42,4,inverse_G3,inverse_G4,B_encoder_C_initial_output,False,All625 source inputs seen; fit/test only analysis-map orbit holdout; physical basis/world is not an independent input universe,encoder_final,answer_strata,procrustes,0,0,250,375,8,,,,,,,,,,,,,,,,,,,
F5,F5_rank4_symmetry45,P_M3_basis_inverse,F5_coordinate_basis,cross_task_set,P four coordinates,M3 four linear coordinates,w42_s17,17,42,4,inverse_G3,inverse_G4,B_encoder_C_initial_output,False,All625 source inputs seen; fit/test only analysis-map orbit holdout; physical basis/world is not an independent input universe,output_prob,answer_strata,linear_cka,0,0,250,375,,,,,,,,,,,,,,,,,,,,
F5,F5_rank4_symmetry45,P_M3_basis_inverse,F5_coordinate_basis,cross_task_set,P four coordinates,M3 four linear coordinates,w42_s17,17,42,4,inverse_G3,inverse_G4,B_encoder_C_initial_output,False,All625 source inputs seen; fit/test only analysis-map orbit holdout; physical basis/world is not an independent input universe,output_prob,answer_strata,debiased_cka,0,0,250,375,,,,,,,,,,,,,,,,,,,,
F5,F5_rank4_symmetry45,P_M3_basis_inverse,F5_coordinate_basis,cross_task_set,P four coordinates,M3 four linear coordinates,w42_s17,17,42,4,inverse_G3,inverse_G4,B_encoder_C_initial_output,False,All625 source inputs seen; fit/test only analysis-map orbit holdout; physical basis/world is not an independent input universe,output_prob,answer_strata,knn_overlap,0,0,250,375,,,,,,,,,,,,,,,,,,,,
F5,F5_rank4_symmetry45,P_M3_basis_inverse,F5_coordinate_basis,cross_task_set,P four coordinates,M3 four linear coordinates,w42_s17,17,42,4,inverse_G3,inverse_G4,B_encoder_C_initial_output,False,All625 source inputs seen; fit/test only analysis-map orbit holdout; physical basis/world is not an independent input universe,output_prob,answer_strata,procrustes,0,0,250,375,8,,,,,,,,,,,,,,,,,,,
F5,F5_rank4_symmetry45,P_M3_basis_inverse,F5_coordinate_basis,cross_task_set,P four coordinates,M3 four linear coordinates,w42_s17,17,42,4,inverse_G3,inverse_G4,B_encoder_C_initial_output,False,All625 source inputs seen; fit/test only analysis-map orbit holdout; physical basis/world is not an independent input universe,answer_onehot,answer_strata,linear_cka,0,0,250,375,,,,,,,,,,,,,,,,,,,,
F5,F5_rank4_symmetry45,P_M3_basis_inverse,F5_coordinate_basis,cross_task_set,P four coordinates,M3 four linear coordinates,w42_s17,17,42,4,inverse_G3,inverse_G4,B_encoder_C_initial_output,False,All625 source inputs seen; fit/test only analysis-map orbit holdout; physical basis/world is not an independent input universe,answer_onehot,answer_strata,debiased_cka,0,0,250,375,,,,,,,,,,,,,,,,,,,,
F5,F5_rank4_symmetry45,P_M3_basis_inverse,F5_coordinate_basis,cross_task_set,P four coordinates,M3 four linear coordinates,w42_s17,17,42,4,inverse_G3,inverse_G4,B_encoder_C_initial_output,False,All625 source inputs seen; fit/test only analysis-map orbit holdout; physical basis/world is not an independent input universe,answer_onehot,answer_strata,knn_overlap,0,0,250,375,,,,,,,,,,,,,,,,,,,,
F5,F5_rank4_symmetry45,P_M3_basis_inverse,F5_coordinate_basis,cross_task_set,P four coordinates,M3 four linear coordinates,w42_s17,17,42,4,inverse_G3,inverse_G4,B_encoder_C_initial_output,False,All625 source inputs seen; fit/test only analysis-map orbit holdout; physical basis/world is not an independent input universe,answer_onehot,answer_strata,procrustes,0,0,250,375,8,,,,,,,,,,,,,,,,,,,
F5,F5_rank4_symmetry45,P_M3_basis_inverse,F5_coordinate_basis,cross_task_set,P four coordinates,M3 four linear coordinates,w42_s17,17,42,4,inverse_G3,inverse_G4,B_encoder_C_initial_output,False,All625 source inputs seen; fit/test only analysis-map orbit holdout; physical basis/world is not an independent input universe,answer_scalar,answer_strata,linear_cka,0,0,250,375,,,,,,,,,,,,,,,,,,,,
F5,F5_rank4_symmetry45,P_M3_basis_inverse,F5_coordinate_basis,cross_task_set,P four coordinates,M3 four linear coordinates,w42_s17,17,42,4,inverse_G3,inverse_G4,B_encoder_C_initial_output,False,All625 source inputs seen; fit/test only analysis-map orbit holdout; physical basis/world is not an independent input universe,answer_scalar,answer_strata,debiased_cka,0,0,250,375,,,,,,,,,,,,,,,,,,,,
F5,F5_rank4_symmetry45,P_M3_basis_inverse,F5_coordinate_basis,cross_task_set,P four coordinates,M3 four linear coordinates,w42_s17,17,42,4,inverse_G3,inverse_G4,B_encoder_C_initial_output,False,All625 source inputs seen; fit/test only analysis-map orbit holdout; physical basis/world is not an independent input universe,answer_scalar,answer_strata,knn_overlap,0,0,250,375,,,,,,,,,,,,,,,,,,,,
F5,F5_rank4_symmetry45,P_M3_basis_inverse,F5_coordinate_basis,cross_task_set,P four coordinates,M3 four linear coordinates,w42_s17,17,42,4,inverse_G3,inverse_G4,B_encoder_C_initial_output,False,All625 source inputs seen; fit/test only analysis-map orbit holdout; physical basis/world is not an independent input universe,answer_scalar,answer_strata,procrustes,0,0,250,375,4,,,,,,,,,,,,,,,,,,,
F5,F5_rank4_symmetry45,P_M4_basis_inverse,F5_coordinate_basis,cross_task_set,P four coordinates,M4 four linear coordinates,w42_s17,17,42,4,inverse_G4,inverse_G1,B_encoder_C_initial_output,False,All625 source inputs seen; fit/test only analysis-map orbit holdout; physical basis/world is not an independent input universe,encoder_final,within_length,linear_cka,250,375,250,375,,0.38114451333655963,,0.31789055321139004,,0.35440643054237025,,0.0632539601251696,0.18888187218345123,,0.13395152962716683,,0.9999999999999996,,0.0549303425562844,0.0549303425562844,0.0632539601251696,0.1922626411531084,0.1839390235842232,0.008323617568885194
F5,F5_rank4_symmetry45,P_M4_basis_inverse,F5_coordinate_basis,cross_task_set,P four coordinates,M4 four linear coordinates,w42_s17,17,42,4,inverse_G4,inverse_G1,B_encoder_C_initial_output,False,All625 source inputs seen; fit/test only analysis-map orbit holdout; physical basis/world is not an independent input universe,encoder_final,within_length,debiased_cka,250,375,250,375,,0.32085281912362623,,0.2512512501398254,,0.2914154626926765,,0.06960156898380082,0.160487088826639,,0.10364038886608588,,1.0,,0.056846699960553124,0.056846699960553124,0.06960156898380082,0.16036573029698722,0.1476108612737395,0.012754869023247697
F5,F5_rank4_symmetry45,P_M4_basis_inverse,F5_coordinate_basis,cross_task_set,P four coordinates,M4 four linear coordinates,w42_s17,17,42,4,inverse_G4,inverse_G1,B_encoder_C_initial_output,False,All625 source inputs seen; fit/test only analysis-map orbit holdout; physical basis/world is not an independent input universe,encoder_final,within_length,knn_overlap,250,375,250,375,,0.13493333333333335,,0.10079999999999999,,0.1072,,0.03413333333333336,0.3882666666666666,,0.18239999999999998,,1.0,,0.20586666666666661,0.20586666666666661,0.03413333333333336,-0.25333333333333324,-0.08159999999999999,-0.17173333333333324
F5,F5_rank4_symmetry45,P_M4_basis_inverse,F5_coordinate_basis,cross_task_set,P four coordinates,M4 four linear coordinates,w42_s17,17,42,4,inverse_G4,inverse_G1,B_encoder_C_initial_output,False,All625 source inputs seen; fit/test only analysis-map orbit holdout; physical basis/world is not an independent input universe,encoder_final,within_length,procrustes,250,375,250,375,8,-1.1826984266270426,1.1826984266270426,-1.1973190613724718,1.1973190613724718,-1.1871714078079088,1.1871714078079088,0.014620634745429184,-1.4068973441555184,1.4068973441555184,-1.2947569413659252,1.2947569413659252,-7.056818167133421e-16,7.056818167133421e-16,-0.11214040278959314,-0.11214040278959314,0.014620634745429184,0.22419891752847576,0.09743787999345344,0.12676103753502233
F5,F5_rank4_symmetry45,P_M4_basis_inverse,F5_coordinate_basis,cross_task_set,P four coordinates,M4 four linear coordinates,w42_s17,17,42,4,inverse_G4,inverse_G1,B_encoder_C_initial_output,False,All625 source inputs seen; fit/test only analysis-map orbit holdout; physical basis/world is not an independent input universe,output_prob,within_length,linear_cka,250,375,250,375,,0.9999999999417155,,0.772154240496943,,0.7721542404997873,,0.22784575944477248,0.08747153965800904,,0.07049498419399972,,1.0,,0.01697655546400932,0.01697655546400932,0.22784575944477248,0.9125284602837065,0.7016592563029433,0.21086920398076314
F5,F5_rank4_symmetry45,P_M4_basis_inverse,F5_coordinate_basis,cross_task_set,P four coordinates,M4 four linear coordinates,w42_s17,17,42,4,inverse_G4,inverse_G1,B_encoder_C_initial_output,False,All625 source inputs seen; fit/test only analysis-map orbit holdout; physical basis/world is not an independent input universe,output_prob,within_length,debiased_cka,250,375,250,375,,0.9999999999403429,,0.7636924094983069,,0.7636924095012105,,0.2363075904420361,0.07230268495114058,,0.05474551294364543,,1.0000000000000002,,0.017557172007495146,0.017557172007495146,0.2363075904420361,0.9276973149892024,0.7089468965546615,0.21875041843454093
F5,F5_rank4_symmetry45,P_M4_basis_inverse,F5_coordinate_basis,cross_task_set,P four coordinates,M4 four linear coordinates,w42_s17,17,42,4,inverse_G4,inverse_G1,B_encoder_C_initial_output,False,All625 source inputs seen; fit/test only analysis-map orbit holdout; physical basis/world is not an independent input universe,output_prob,within_length,knn_overlap,250,375,250,375,,0.7570666666666666,,0.5623999999999999,,0.5754666666666667,,0.19466666666666665,0.20080000000000003,,0.09306666666666666,,1.0,,0.10773333333333338,0.10773333333333338,0.19466666666666665,0.5562666666666665,0.46933333333333327,0.08693333333333328
F5,F5_rank4_symmetry45,P_M4_basis_inverse,F5_coordinate_basis,cross_task_set,P four coordinates,M4 four linear coordinates,w42_s17,17,42,4,inverse_G4,inverse_G1,B_encoder_C_initial_output,False,All625 source inputs seen; fit/test only analysis-map orbit holdout; physical basis/world is not an independent input universe,output_prob,within_length,procrustes,250,375,250,375,8,-0.5218932977089293,0.5218932977089293,-0.7001821004830189,0.7001821004830189,-0.7001822118162584,0.7001822118162584,0.17828880277408954,-1.3672949045776532,1.3672949045776532,-1.281817599406291,1.281817599406291,-1.078272069048583e-15,1.078272069048583e-15,-0.0854773051713622,-0.0854773051713622,0.17828880277408954,0.8454016068687239,0.5816354989232722,0.26376610794545174
F5,F5_rank4_symmetry45,P_M4_basis_inverse,F5_coordinate_basis,cross_task_set,P four coordinates,M4 four linear coordinates,w42_s17,17,42,4,inverse_G4,inverse_G1,B_encoder_C_initial_output,False,All625 source inputs seen; fit/test only analysis-map orbit holdout; physical basis/world is not an independent input universe,answer_onehot,within_length,linear_cka,250,375,250,375,,1.0000000000000218,,0.7721518987341943,,0.7721518987341939,,0.22784810126582744,,,,,,,,,0.22784810126582744,,,
F5,F5_rank4_symmetry45,P_M4_basis_inverse,F5_coordinate_basis,cross_task_set,P four coordinates,M4 four linear coordinates,w42_s17,17,42,4,inverse_G4,inverse_G1,B_encoder_C_initial_output,False,All625 source inputs seen; fit/test only analysis-map orbit holdout; physical basis/world is not an independent input universe,answer_onehot,within_length,debiased_cka,250,375,250,375,,0.9999999999999821,,0.7636899747261869,,0.763689974726187,,0.2363100252737952,,,,,,,,,0.2363100252737952,,,
F5,F5_rank4_symmetry45,P_M4_basis_inverse,F5_coordinate_basis,cross_task_set,P four coordinates,M4 four linear coordinates,w42_s17,17,42,4,inverse_G4,inverse_G1,B_encoder_C_initial_output,False,All625 source inputs seen; fit/test only analysis-map orbit holdout; physical basis/world is not an independent input universe,answer_onehot,within_length,knn_overlap,250,375,250,375,,1.0,,0.6938666666666665,,0.6933333333333334,,0.3061333333333335,,,,,,,,,0.3061333333333335,,,
F5,F5_rank4_symmetry45,P_M4_basis_inverse,F5_coordinate_basis,cross_task_set,P four coordinates,M4 four linear coordinates,w42_s17,17,42,4,inverse_G4,inverse_G1,B_encoder_C_initial_output,False,All625 source inputs seen; fit/test only analysis-map orbit holdout; physical basis/world is not an independent input universe,answer_onehot,within_length,procrustes,250,375,250,375,8,-5.406088032692576e-16,5.406088032692576e-16,-1.0228968546403372,1.0228968546403372,-0.8917636338257025,0.8917636338257025,1.0228968546403368,,,,,,,,,1.0228968546403368,,,
F5,F5_rank4_symmetry45,P_M4_basis_inverse,F5_coordinate_basis,cross_task_set,P four coordinates,M4 four linear coordinates,w42_s17,17,42,4,inverse_G4,inverse_G1,B_encoder_C_initial_output,False,All625 source inputs seen; fit/test only analysis-map orbit holdout; physical basis/world is not an independent input universe,answer_scalar,within_length,linear_cka,250,375,250,375,,1.0000000000000002,,0.6785714285714287,,0.6785714285714287,,0.3214285714285715,,,,,,,,,0.3214285714285715,,,
F5,F5_rank4_symmetry45,P_M4_basis_inverse,F5_coordinate_basis,cross_task_set,P four coordinates,M4 four linear coordinates,w42_s17,17,42,4,inverse_G4,inverse_G1,B_encoder_C_initial_output,False,All625 source inputs seen; fit/test only analysis-map orbit holdout; physical basis/world is not an independent input universe,answer_scalar,within_length,debiased_cka,250,375,250,375,,1.0000000000000016,,0.6754728291624686,,0.6754728291624686,,0.3245271708375329,,,,,,,,,0.3245271708375329,,,
F5,F5_rank4_symmetry45,P_M4_basis_inverse,F5_coordinate_basis,cross_task_set,P four coordinates,M4 four linear coordinates,w42_s17,17,42,4,inverse_G4,inverse_G1,B_encoder_C_initial_output,False,All625 source inputs seen; fit/test only analysis-map orbit holdout; physical basis/world is not an independent input universe,answer_scalar,within_length,knn_overlap,250,375,250,375,,1.0,,0.5717333333333333,,0.6184,,0.4282666666666667,,,,,,,,,0.4282666666666667,,,
F5,F5_rank4_symmetry45,P_M4_basis_inverse,F5_coordinate_basis,cross_task_set,P four coordinates,M4 four linear coordinates,w42_s17,17,42,4,inverse_G4,inverse_G1,B_encoder_C_initial_output,False,All625 source inputs seen; fit/test only analysis-map orbit holdout; physical basis/world is not an independent input universe,answer_scalar,within_length,procrustes,250,375,250,375,4,-4.199186974552975e-16,4.199186974552975e-16,-0.7745966692414833,0.7745966692414833,-0.7745966692414834,0.7745966692414834,0.7745966692414828,,,,,,,,,0.7745966692414828,,,
F5,F5_rank4_symmetry45,P_M4_basis_inverse,F5_coordinate_basis,cross_task_set,P four coordinates,M4 four linear coordinates,w42_s17,17,42,4,inverse_G4,inverse_G1,B_encoder_C_initial_output,False,All625 source inputs seen; fit/test only analysis-map orbit holdout; physical basis/world is not an independent input universe,encoder_final,answer_strata,linear_cka,0,0,250,375,,,,,,,,,,,,,,,,,,,,
F5,F5_rank4_symmetry45,P_M4_basis_inverse,F5_coordinate_basis,cross_task_set,P four coordinates,M4 four linear coordinates,w42_s17,17,42,4,inverse_G4,inverse_G1,B_encoder_C_initial_output,False,All625 source inputs seen; fit/test only analysis-map orbit holdout; physical basis/world is not an independent input universe,encoder_final,answer_strata,debiased_cka,0,0,250,375,,,,,,,,,,,,,,,,,,,,
F5,F5_rank4_symmetry45,P_M4_basis_inverse,F5_coordinate_basis,cross_task_set,P four coordinates,M4 four linear coordinates,w42_s17,17,42,4,inverse_G4,inverse_G1,B_encoder_C_initial_output,False,All625 source inputs seen; fit/test only analysis-map orbit holdout; physical basis/world is not an independent input universe,encoder_final,answer_strata,knn_overlap,0,0,250,375,,,,,,,,,,,,,,,,,,,,
F5,F5_rank4_symmetry45,P_M4_basis_inverse,F5_coordinate_basis,cross_task_set,P four coordinates,M4 four linear coordinates,w42_s17,17,42,4,inverse_G4,inverse_G1,B_encoder_C_initial_output,False,All625 source inputs seen; fit/test only analysis-map orbit holdout; physical basis/world is not an independent input universe,encoder_final,answer_strata,procrustes,0,0,250,375,8,,,,,,,,,,,,,,,,,,,
F5,F5_rank4_symmetry45,P_M4_basis_inverse,F5_coordinate_basis,cross_task_set,P four coordinates,M4 four linear coordinates,w42_s17,17,42,4,inverse_G4,inverse_G1,B_encoder_C_initial_output,False,All625 source inputs seen; fit/test only analysis-map orbit holdout; physical basis/world is not an independent input universe,output_prob,answer_strata,linear_cka,0,0,250,375,,,,,,,,,,,,,,,,,,,,
F5,F5_rank4_symmetry45,P_M4_basis_inverse,F5_coordinate_basis,cross_task_set,P four coordinates,M4 four linear coordinates,w42_s17,17,42,4,inverse_G4,inverse_G1,B_encoder_C_initial_output,False,All625 source inputs seen; fit/test only analysis-map orbit holdout; physical basis/world is not an independent input universe,output_prob,answer_strata,debiased_cka,0,0,250,375,,,,,,,,,,,,,,,,,,,,
F5,F5_rank4_symmetry45,P_M4_basis_inverse,F5_coordinate_basis,cross_task_set,P four coordinates,M4 four linear coordinates,w42_s17,17,42,4,inverse_G4,inverse_G1,B_encoder_C_initial_output,False,All625 source inputs seen; fit/test only analysis-map orbit holdout; physical basis/world is not an independent input universe,output_prob,answer_strata,knn_overlap,0,0,250,375,,,,,,,,,,,,,,,,,,,,
F5,F5_rank4_symmetry45,P_M4_basis_inverse,F5_coordinate_basis,cross_task_set,P four coordinates,M4 four linear coordinates,w42_s17,17,42,4,inverse_G4,inverse_G1,B_encoder_C_initial_output,False,All625 source inputs seen; fit/test only analysis-map orbit holdout; physical basis/world is not an independent input universe,output_prob,answer_strata,procrustes,0,0,250,375,8,,,,,,,,,,,,,,,,,,,
F5,F5_rank4_symmetry45,P_M4_basis_inverse,F5_coordinate_basis,cross_task_set,P four coordinates,M4 four linear coordinates,w42_s17,17,42,4,inverse_G4,inverse_G1,B_encoder_C_initial_output,False,All625 source inputs seen; fit/test only analysis-map orbit holdout; physical basis/world is not an independent input universe,answer_onehot,answer_strata,linear_cka,0,0,250,375,,,,,,,,,,,,,,,,,,,,
F5,F5_rank4_symmetry45,P_M4_basis_inverse,F5_coordinate_basis,cross_task_set,P four coordinates,M4 four linear coordinates,w42_s17,17,42,4,inverse_G4,inverse_G1,B_encoder_C_initial_output,False,All625 source inputs seen; fit/test only analysis-map orbit holdout; physical basis/world is not an independent input universe,answer_onehot,answer_strata,debiased_cka,0,0,250,375,,,,,,,,,,,,,,,,,,,,
F5,F5_rank4_symmetry45,P_M4_basis_inverse,F5_coordinate_basis,cross_task_set,P four coordinates,M4 four linear coordinates,w42_s17,17,42,4,inverse_G4,inverse_G1,B_encoder_C_initial_output,False,All625 source inputs seen; fit/test only analysis-map orbit holdout; physical basis/world is not an independent input universe,answer_onehot,answer_strata,knn_overlap,0,0,250,375,,,,,,,,,,,,,,,,,,,,
F5,F5_rank4_symmetry45,P_M4_basis_inverse,F5_coordinate_basis,cross_task_set,P four coordinates,M4 four linear coordinates,w42_s17,17,42,4,inverse_G4,inverse_G1,B_encoder_C_initial_output,False,All625 source inputs seen; fit/test only analysis-map orbit holdout; physical basis/world is not an independent input universe,answer_onehot,answer_strata,procrustes,0,0,250,375,8,,,,,,,,,,,,,,,,,,,
F5,F5_rank4_symmetry45,P_M4_basis_inverse,F5_coordinate_basis,cross_task_set,P four coordinates,M4 four linear coordinates,w42_s17,17,42,4,inverse_G4,inverse_G1,B_encoder_C_initial_output,False,All625 source inputs seen; fit/test only analysis-map orbit holdout; physical basis/world is not an independent input universe,answer_scalar,answer_strata,linear_cka,0,0,250,375,,,,,,,,,,,,,,,,,,,,
F5,F5_rank4_symmetry45,P_M4_basis_inverse,F5_coordinate_basis,cross_task_set,P four coordinates,M4 four linear coordinates,w42_s17,17,42,4,inverse_G4,inverse_G1,B_encoder_C_initial_output,False,All625 source inputs seen; fit/test only analysis-map orbit holdout; physical basis/world is not an independent input universe,answer_scalar,answer_strata,debiased_cka,0,0,250,375,,,,,,,,,,,,,,,,,,,,
F5,F5_rank4_symmetry45,P_M4_basis_inverse,F5_coordinate_basis,cross_task_set,P four coordinates,M4 four linear coordinates,w42_s17,17,42,4,inverse_G4,inverse_G1,B_encoder_C_initial_output,False,All625 source inputs seen; fit/test only analysis-map orbit holdout; physical basis/world is not an independent input universe,answer_scalar,answer_strata,knn_overlap,0,0,250,375,,,,,,,,,,,,,,,,,,,,
F5,F5_rank4_symmetry45,P_M4_basis_inverse,F5_coordinate_basis,cross_task_set,P four coordinates,M4 four linear coordinates,w42_s17,17,42,4,inverse_G4,inverse_G1,B_encoder_C_initial_output,False,All625 source inputs seen; fit/test only analysis-map orbit holdout; physical basis/world is not an independent input universe,answer_scalar,answer_strata,procrustes,0,0,250,375,4,,,,,,,,,,,,,,,,,,,
F5,F5_rank4_symmetry45,P_M1_basis_inverse,F5_coordinate_basis,cross_task_set,P four coordinates,M1 four linear coordinates,w42_s42,42,42,4,inverse_G1,inverse_G2,B_encoder_C_initial_output,False,All625 source inputs seen; fit/test only analysis-map orbit holdout; physical basis/world is not an independent input universe,encoder_final,within_length,linear_cka,250,375,250,375,,0.47131026408864246,,0.3900050546473205,,0.4216356113470653,,0.08130520944132197,0.19769272343986113,,0.19718629197168439,,0.9999999999999998,,0.000506431468176749,0.000506431468176749,0.08130520944132197,0.2736175406487813,0.1928187626756361,0.08079877797314522
F5,F5_rank4_symmetry45,P_M1_basis_inverse,F5_coordinate_basis,cross_task_set,P four coordinates,M1 four linear coordinates,w42_s42,42,42,4,inverse_G1,inverse_G2,B_encoder_C_initial_output,False,All625 source inputs seen; fit/test only analysis-map orbit holdout; physical basis/world is not an independent input universe,encoder_final,within_length,debiased_cka,250,375,250,375,,0.4118580865609183,,0.3213854780397223,,0.35656797542133273,,0.09047260852119604,0.16846520688663907,,0.16784976831995635,,1.0000000000000002,,0.0006154385666827245,0.0006154385666827245,0.09047260852119604,0.24339287967427925,0.15353570971976593,0.08985716995451332
F5,F5_rank4_symmetry45,P_M1_basis_inverse,F5_coordinate_basis,cross_task_set,P four coordinates,M1 four linear coordinates,w42_s42,42,42,4,inverse_G1,inverse_G2,B_encoder_C_initial_output,False,All625 source inputs seen; fit/test only analysis-map orbit holdout; physical basis/world is not an independent input universe,encoder_final,within_length,knn_overlap,250,375,250,375,,0.15066666666666667,,0.1352,,0.1344,,0.015466666666666684,0.13733333333333334,,0.19493333333333332,,1.0,,-0.057599999999999985,-0.057599999999999985,0.015466666666666684,0.013333333333333336,-0.05973333333333333,0.07306666666666667
F5,F5_rank4_symmetry45,P_M1_basis_inverse,F5_coordinate_basis,cross_task_set,P four coordinates,M1 four linear coordinates,w42_s42,42,42,4,inverse_G1,inverse_G2,B_encoder_C_initial_output,False,All625 source inputs seen; fit/test only analysis-map orbit holdout; physical basis/world is not an independent input universe,encoder_final,within_length,procrustes,250,375,250,375,8,-1.061377118037916,1.061377118037916,-1.1471324858008884,1.1471324858008884,-1.1300243150108622,1.1300243150108622,0.08575536776297255,-1.2422717934726624,1.2422717934726624,-1.2351861699662832,1.2351861699662832,-1.6011588860368064e-15,1.6011588860368064e-15,-0.007085623506379202,-0.007085623506379202,0.08575536776297255,0.18089467543474647,0.08805368416539472,0.09284099126935175
F5,F5_rank4_symmetry45,P_M1_basis_inverse,F5_coordinate_basis,cross_task_set,P four coordinates,M1 four linear coordinates,w42_s42,42,42,4,inverse_G1,inverse_G2,B_encoder_C_initial_output,False,All625 source inputs seen; fit/test only analysis-map orbit holdout; physical basis/world is not an independent input universe,output_prob,within_length,linear_cka,250,375,250,375,,0.9999999999582899,,0.7721522025606256,,0.7721522025614272,,0.22784779739766436,0.06858944585978496,,0.06675815822963758,,0.9999999999999998,,0.0018312876301473796,0.0018312876301473796,0.22784779739766436,0.9314105540985049,0.705394044330988,0.22601650976751697
F5,F5_rank4_symmetry45,P_M1_basis_inverse,F5_coordinate_basis,cross_task_set,P four coordinates,M1 four linear coordinates,w42_s42,42,42,4,inverse_G1,inverse_G2,B_encoder_C_initial_output,False,All625 source inputs seen; fit/test only analysis-map orbit holdout; physical basis/world is not an independent input universe,output_prob,within_length,debiased_cka,250,375,250,375,,0.9999999999572656,,0.7636902899811353,,0.7636902899819892,,0.23630970997613032,0.053635334187528604,,0.05174978479403925,,0.9999999999999999,,0.0018855493934893525,0.0018855493934893525,0.23630970997613032,0.946364665769737,0.7119405051870961,0.23442416058264098
F5,F5_rank4_symmetry45,P_M1_basis_inverse,F5_coordinate_basis,cross_task_set,P four coordinates,M1 four linear coordinates,w42_s42,42,42,4,inverse_G1,inverse_G2,B_encoder_C_initial_output,False,All625 source inputs seen; fit/test only analysis-map orbit holdout; physical basis/world is not an independent input universe,output_prob,within_length,knn_overlap,250,375,250,375,,0.7170666666666666,,0.4965333333333333,,0.4930666666666667,,0.2205333333333333,0.08399999999999999,,0.09066666666666667,,1.0,,-0.006666666666666682,-0.006666666666666682,0.2205333333333333,0.6330666666666667,0.40586666666666665,0.22719999999999999
F5,F5_rank4_symmetry45,P_M1_basis_inverse,F5_coordinate_basis,cross_task_set,P four coordinates,M1 four linear coordinates,w42_s42,42,42,4,inverse_G1,inverse_G2,B_encoder_C_initial_output,False,All625 source inputs seen; fit/test only analysis-map orbit holdout; physical basis/world is not an independent input universe,output_prob,within_length,procrustes,250,375,250,375,8,-0.7608145170291024,0.7608145170291024,-0.917856075478065,0.917856075478065,-0.9178562069263275,0.9178562069263275,0.15704155844896261,-1.2629425560890783,1.2629425560890783,-1.2609127916105933,1.2609127916105933,-6.1498993118708e-16,6.1498993118708e-16,-0.002029764478485019,-0.002029764478485019,0.15704155844896261,0.5021280390599759,0.3430567161325283,0.15907132292744763
F5,F5_rank4_symmetry45,P_M1_basis_inverse,F5_coordinate_basis,cross_task_set,P four coordinates,M1 four linear coordinates,w42_s42,42,42,4,inverse_G1,inverse_G2,B_encoder_C_initial_output,False,All625 source inputs seen; fit/test only analysis-map orbit holdout; physical basis/world is not an independent input universe,answer_onehot,within_length,linear_cka,250,375,250,375,,1.0000000000000218,,0.7721518987341943,,0.7721518987341943,,0.22784810126582744,,,,,,,,,0.22784810126582744,,,
F5,F5_rank4_symmetry45,P_M1_basis_inverse,F5_coordinate_basis,cross_task_set,P four coordinates,M1 four linear coordinates,w42_s42,42,42,4,inverse_G1,inverse_G2,B_encoder_C_initial_output,False,All625 source inputs seen; fit/test only analysis-map orbit holdout; physical basis/world is not an independent input universe,answer_onehot,within_length,debiased_cka,250,375,250,375,,0.9999999999999821,,0.763689974726187,,0.763689974726187,,0.23631002527379508,,,,,,,,,0.23631002527379508,,,
F5,F5_rank4_symmetry45,P_M1_basis_inverse,F5_coordinate_basis,cross_task_set,P four coordinates,M1 four linear coordinates,w42_s42,42,42,4,inverse_G1,inverse_G2,B_encoder_C_initial_output,False,All625 source inputs seen; fit/test only analysis-map orbit holdout; physical basis/world is not an independent input universe,answer_onehot,within_length,knn_overlap,250,375,250,375,,1.0,,0.6922666666666667,,0.6917333333333333,,0.3077333333333333,,,,,,,,,0.3077333333333333,,,
F5,F5_rank4_symmetry45,P_M1_basis_inverse,F5_coordinate_basis,cross_task_set,P four coordinates,M1 four linear coordinates,w42_s42,42,42,4,inverse_G1,inverse_G2,B_encoder_C_initial_output,False,All625 source inputs seen; fit/test only analysis-map orbit holdout; physical basis/world is not an independent input universe,answer_onehot,within_length,procrustes,250,375,250,375,8,-5.406088032692576e-16,5.406088032692576e-16,-1.0166873370007066,1.0166873370007066,-1.018382725328909,1.018382725328909,1.0166873370007061,,,,,,,,,1.0166873370007061,,,
F5,F5_rank4_symmetry45,P_M1_basis_inverse,F5_coordinate_basis,cross_task_set,P four coordinates,M1 four linear coordinates,w42_s42,42,42,4,inverse_G1,inverse_G2,B_encoder_C_initial_output,False,All625 source inputs seen; fit/test only analysis-map orbit holdout; physical basis/world is not an independent input universe,answer_scalar,within_length,linear_cka,250,375,250,375,,1.0000000000000002,,0.6785714285714287,,0.6785714285714287,,0.3214285714285715,,,,,,,,,0.3214285714285715,,,
F5,F5_rank4_symmetry45,P_M1_basis_inverse,F5_coordinate_basis,cross_task_set,P four coordinates,M1 four linear coordinates,w42_s42,42,42,4,inverse_G1,inverse_G2,B_encoder_C_initial_output,False,All625 source inputs seen; fit/test only analysis-map orbit holdout; physical basis/world is not an independent input universe,answer_scalar,within_length,debiased_cka,250,375,250,375,,1.0000000000000016,,0.6754728291624686,,0.6754728291624685,,0.3245271708375329,,,,,,,,,0.3245271708375329,,,
F5,F5_rank4_symmetry45,P_M1_basis_inverse,F5_coordinate_basis,cross_task_set,P four coordinates,M1 four linear coordinates,w42_s42,42,42,4,inverse_G1,inverse_G2,B_encoder_C_initial_output,False,All625 source inputs seen; fit/test only analysis-map orbit holdout; physical basis/world is not an independent input universe,answer_scalar,within_length,knn_overlap,250,375,250,375,,1.0,,0.3895999999999999,,0.6146666666666667,,0.6104,,,,,,,,,0.6104,,,
F5,F5_rank4_symmetry45,P_M1_basis_inverse,F5_coordinate_basis,cross_task_set,P four coordinates,M1 four linear coordinates,w42_s42,42,42,4,inverse_G1,inverse_G2,B_encoder_C_initial_output,False,All625 source inputs seen; fit/test only analysis-map orbit holdout; physical basis/world is not an independent input universe,answer_scalar,within_length,procrustes,250,375,250,375,4,-4.199186974552975e-16,4.199186974552975e-16,-0.7745966692414834,0.7745966692414834,-0.7745966692414834,0.7745966692414834,0.774596669241483,,,,,,,,,0.774596669241483,,,
F5,F5_rank4_symmetry45,P_M1_basis_inverse,F5_coordinate_basis,cross_task_set,P four coordinates,M1 four linear coordinates,w42_s42,42,42,4,inverse_G1,inverse_G2,B_encoder_C_initial_output,False,All625 source inputs seen; fit/test only analysis-map orbit holdout; physical basis/world is not an independent input universe,encoder_final,answer_strata,linear_cka,0,0,250,375,,,,,,,,,,,,,,,,,,,,
F5,F5_rank4_symmetry45,P_M1_basis_inverse,F5_coordinate_basis,cross_task_set,P four coordinates,M1 four linear coordinates,w42_s42,42,42,4,inverse_G1,inverse_G2,B_encoder_C_initial_output,False,All625 source inputs seen; fit/test only analysis-map orbit holdout; physical basis/world is not an independent input universe,encoder_final,answer_strata,debiased_cka,0,0,250,375,,,,,,,,,,,,,,,,,,,,
F5,F5_rank4_symmetry45,P_M1_basis_inverse,F5_coordinate_basis,cross_task_set,P four coordinates,M1 four linear coordinates,w42_s42,42,42,4,inverse_G1,inverse_G2,B_encoder_C_initial_output,False,All625 source inputs seen; fit/test only analysis-map orbit holdout; physical basis/world is not an independent input universe,encoder_final,answer_strata,knn_overlap,0,0,250,375,,,,,,,,,,,,,,,,,,,,
F5,F5_rank4_symmetry45,P_M1_basis_inverse,F5_coordinate_basis,cross_task_set,P four coordinates,M1 four linear coordinates,w42_s42,42,42,4,inverse_G1,inverse_G2,B_encoder_C_initial_output,False,All625 source inputs seen; fit/test only analysis-map orbit holdout; physical basis/world is not an independent input universe,encoder_final,answer_strata,procrustes,0,0,250,375,8,,,,,,,,,,,,,,,,,,,
F5,F5_rank4_symmetry45,P_M1_basis_inverse,F5_coordinate_basis,cross_task_set,P four coordinates,M1 four linear coordinates,w42_s42,42,42,4,inverse_G1,inverse_G2,B_encoder_C_initial_output,False,All625 source inputs seen; fit/test only analysis-map orbit holdout; physical basis/world is not an independent input universe,output_prob,answer_strata,linear_cka,0,0,250,375,,,,,,,,,,,,,,,,,,,,
F5,F5_rank4_symmetry45,P_M1_basis_inverse,F5_coordinate_basis,cross_task_set,P four coordinates,M1 four linear coordinates,w42_s42,42,42,4,inverse_G1,inverse_G2,B_encoder_C_initial_output,False,All625 source inputs seen; fit/test only analysis-map orbit holdout; physical basis/world is not an independent input universe,output_prob,answer_strata,debiased_cka,0,0,250,375,,,,,,,,,,,,,,,,,,,,
F5,F5_rank4_symmetry45,P_M1_basis_inverse,F5_coordinate_basis,cross_task_set,P four coordinates,M1 four linear coordinates,w42_s42,42,42,4,inverse_G1,inverse_G2,B_encoder_C_initial_output,False,All625 source inputs seen; fit/test only analysis-map orbit holdout; physical basis/world is not an independent input universe,output_prob,answer_strata,knn_overlap,0,0,250,375,,,,,,,,,,,,,,,,,,,,
F5,F5_rank4_symmetry45,P_M1_basis_inverse,F5_coordinate_basis,cross_task_set,P four coordinates,M1 four linear coordinates,w42_s42,42,42,4,inverse_G1,inverse_G2,B_encoder_C_initial_output,False,All625 source inputs seen; fit/test only analysis-map orbit holdout; physical basis/world is not an independent input universe,output_prob,answer_strata,procrustes,0,0,250,375,8,,,,,,,,,,,,,,,,,,,
F5,F5_rank4_symmetry45,P_M1_basis_inverse,F5_coordinate_basis,cross_task_set,P four coordinates,M1 four linear coordinates,w42_s42,42,42,4,inverse_G1,inverse_G2,B_encoder_C_initial_output,False,All625 source inputs seen; fit/test only analysis-map orbit holdout; physical basis/world is not an independent input universe,answer_onehot,answer_strata,linear_cka,0,0,250,375,,,,,,,,,,,,,,,,,,,,
F5,F5_rank4_symmetry45,P_M1_basis_inverse,F5_coordinate_basis,cross_task_set,P four coordinates,M1 four linear coordinates,w42_s42,42,42,4,inverse_G1,inverse_G2,B_encoder_C_initial_output,False,All625 source inputs seen; fit/test only analysis-map orbit holdout; physical basis/world is not an independent input universe,answer_onehot,answer_strata,debiased_cka,0,0,250,375,,,,,,,,,,,,,,,,,,,,
F5,F5_rank4_symmetry45,P_M1_basis_inverse,F5_coordinate_basis,cross_task_set,P four coordinates,M1 four linear coordinates,w42_s42,42,42,4,inverse_G1,inverse_G2,B_encoder_C_initial_output,False,All625 source inputs seen; fit/test only analysis-map orbit holdout; physical basis/world is not an independent input universe,answer_onehot,answer_strata,knn_overlap,0,0,250,375,,,,,,,,,,,,,,,,,,,,
F5,F5_rank4_symmetry45,P_M1_basis_inverse,F5_coordinate_basis,cross_task_set,P four coordinates,M1 four linear coordinates,w42_s42,42,42,4,inverse_G1,inverse_G2,B_encoder_C_initial_output,False,All625 source inputs seen; fit/test only analysis-map orbit holdout; physical basis/world is not an independent input universe,answer_onehot,answer_strata,procrustes,0,0,250,375,8,,,,,,,,,,,,,,,,,,,
F5,F5_rank4_symmetry45,P_M1_basis_inverse,F5_coordinate_basis,cross_task_set,P four coordinates,M1 four linear coordinates,w42_s42,42,42,4,inverse_G1,inverse_G2,B_encoder_C_initial_output,False,All625 source inputs seen; fit/test only analysis-map orbit holdout; physical basis/world is not an independent input universe,answer_scalar,answer_strata,linear_cka,0,0,250,375,,,,,,,,,,,,,,,,,,,,
F5,F5_rank4_symmetry45,P_M1_basis_inverse,F5_coordinate_basis,cross_task_set,P four coordinates,M1 four linear coordinates,w42_s42,42,42,4,inverse_G1,inverse_G2,B_encoder_C_initial_output,False,All625 source inputs seen; fit/test only analysis-map orbit holdout; physical basis/world is not an independent input universe,answer_scalar,answer_strata,debiased_cka,0,0,250,375,,,,,,,,,,,,,,,,,,,,
F5,F5_rank4_symmetry45,P_M1_basis_inverse,F5_coordinate_basis,cross_task_set,P four coordinates,M1 four linear coordinates,w42_s42,42,42,4,inverse_G1,inverse_G2,B_encoder_C_initial_output,False,All625 source inputs seen; fit/test only analysis-map orbit holdout; physical basis/world is not an independent input universe,answer_scalar,answer_strata,knn_overlap,0,0,250,375,,,,,,,,,,,,,,,,,,,,
F5,F5_rank4_symmetry45,P_M1_basis_inverse,F5_coordinate_basis,cross_task_set,P four coordinates,M1 four linear coordinates,w42_s42,42,42,4,inverse_G1,inverse_G2,B_encoder_C_initial_output,False,All625 source inputs seen; fit/test only analysis-map orbit holdout; physical basis/world is not an independent input universe,answer_scalar,answer_strata,procrustes,0,0,250,375,4,,,,,,,,,,,,,,,,,,,
F5,F5_rank4_symmetry45,P_M2_basis_inverse,F5_coordinate_basis,cross_task_set,P four coordinates,M2 four linear coordinates,w42_s42,42,42,4,inverse_G2,inverse_G3,B_encoder_C_initial_output,False,All625 source inputs seen; fit/test only analysis-map orbit holdout; physical basis/world is not an independent input universe,encoder_final,within_length,linear_cka,250,375,250,375,,0.47707799393087436,,0.3995921949032047,,0.420225661468123,,0.07748579902766967,0.19718629197168439,,0.19875039622568783,,0.9999999999999998,,-0.00156410425400344,-0.00156410425400344,0.07748579902766967,0.27989170195919,0.20084179867751686,0.0790499032816731
F5,F5_rank4_symmetry45,P_M2_basis_inverse,F5_coordinate_basis,cross_task_set,P four coordinates,M2 four linear coordinates,w42_s42,42,42,4,inverse_G2,inverse_G3,B_encoder_C_initial_output,False,All625 source inputs seen; fit/test only analysis-map orbit holdout; physical basis/world is not an independent input universe,encoder_final,within_length,debiased_cka,250,375,250,375,,0.4147222918549759,,0.3279508468305313,,0.35103087205766675,,0.08677144502444462,0.16784976831995635,,0.16944020179206443,,1.0000000000000002,,-0.001590433472108077,-0.001590433472108077,0.08677144502444462,0.24687252353501954,0.15851064503846685,0.08836187849655269
F5,F5_rank4_symmetry45,P_M2_basis_inverse,F5_coordinate_basis,cross_task_set,P four coordinates,M2 four linear coordinates,w42_s42,42,42,4,inverse_G2,inverse_G3,B_encoder_C_initial_output,False,All625 source inputs seen; fit/test only analysis-map orbit holdout; physical basis/world is not an independent input universe,encoder_final,within_length,knn_overlap,250,375,250,375,,0.16880000000000003,,0.14133333333333334,,0.14453333333333335,,0.027466666666666695,0.19493333333333332,,0.2005333333333333,,1.0,,-0.005599999999999994,-0.005599999999999994,0.027466666666666695,-0.026133333333333286,-0.059199999999999975,0.03306666666666669
F5,F5_rank4_symmetry45,P_M2_basis_inverse,F5_coordinate_basis,cross_task_set,P four coordinates,M2 four linear coordinates,w42_s42,42,42,4,inverse_G2,inverse_G3,B_encoder_C_initial_output,False,All625 source inputs seen; fit/test only analysis-map orbit holdout; physical basis/world is not an independent input universe,encoder_final,within_length,procrustes,250,375,250,375,8,-1.0672966007770939,1.0672966007770939,-1.1239195612907797,1.1239195612907797,-1.1181052287988376,1.1181052287988376,0.05662296051368587,-1.2351861699662832,1.2351861699662832,-1.2383370625870822,1.2383370625870822,-1.6011588860368064e-15,1.6011588860368064e-15,0.0031508926207990395,0.0031508926207990395,0.05662296051368587,0.1678895691891893,0.11441750129630246,0.05347206789288683
F5,F5_rank4_symmetry45,P_M2_basis_inverse,F5_coordinate_basis,cross_task_set,P four coordinates,M2 four linear coordinates,w42_s42,42,42,4,inverse_G2,inverse_G3,B_encoder_C_initial_output,False,All625 source inputs seen; fit/test only analysis-map orbit holdout; physical basis/world is not an independent input universe,output_prob,within_length,linear_cka,250,375,250,375,,0.9999999999604812,,0.7721521872418534,,0.7721521872421635,,0.22784781271862775,0.06675815822963758,,0.06573053042515609,,0.9999999999999998,,0.0010276278044814985,0.0010276278044814985,0.22784781271862775,0.9332418417308436,0.7064216568166973,0.22682018491414624
F5,F5_rank4_symmetry45,P_M2_basis_inverse,F5_coordinate_basis,cross_task_set,P four coordinates,M2 four linear coordinates,w42_s42,42,42,4,inverse_G2,inverse_G3,B_encoder_C_initial_output,False,All625 source inputs seen; fit/test only analysis-map orbit holdout; physical basis/world is not an independent input universe,output_prob,within_length,debiased_cka,250,375,250,375,,0.9999999999595554,,0.7636902740793181,,0.7636902740796351,,0.23630972588023724,0.05174978479403925,,0.050511975257343,,0.9999999999999999,,0.0012378095366962494,0.0012378095366962494,0.23630972588023724,0.9482502151655161,0.7131782988219751,0.235071916343541
F5,F5_rank4_symmetry45,P_M2_basis_inverse,F5_coordinate_basis,cross_task_set,P four coordinates,M2 four linear coordinates,w42_s42,42,42,4,inverse_G2,inverse_G3,B_encoder_C_initial_output,False,All625 source inputs seen; fit/test only analysis-map orbit holdout; physical basis/world is not an independent input universe,output_prob,within_length,knn_overlap,250,375,250,375,,0.7141333333333332,,0.49706666666666666,,0.5045333333333333,,0.21706666666666652,0.09066666666666667,,0.10746666666666665,,1.0,,-0.01679999999999998,-0.01679999999999998,0.21706666666666652,0.6234666666666665,0.3896,0.2338666666666665
F5,F5_rank4_symmetry45,P_M2_basis_inverse,F5_coordinate_basis,cross_task_set,P four coordinates,M2 four linear coordinates,w42_s42,42,42,4,inverse_G2,inverse_G3,B_encoder_C_initial_output,False,All625 source inputs seen; fit/test only analysis-map orbit holdout; physical basis/world is not an independent input universe,output_prob,within_length,procrustes,250,375,250,375,8,-0.6641230207211613,0.6641230207211613,-0.9102111134962805,0.9102111134962805,-0.9102112961739532,0.9102112961739532,0.24608809277511923,-1.2609127916105933,1.2609127916105933,-1.260785416106981,1.260785416106981,-6.1498993118708e-16,6.1498993118708e-16,-0.00012737550361241468,-0.00012737550361241468,0.24608809277511923,0.5967897708894321,0.35057430261070044,0.24621546827873164
F5,F5_rank4_symmetry45,P_M2_basis_inverse,F5_coordinate_basis,cross_task_set,P four coordinates,M2 four linear coordinates,w42_s42,42,42,4,inverse_G2,inverse_G3,B_encoder_C_initial_output,False,All625 source inputs seen; fit/test only analysis-map orbit holdout; physical basis/world is not an independent input universe,answer_onehot,within_length,linear_cka,250,375,250,375,,1.0000000000000218,,0.7721518987341943,,0.7721518987341943,,0.22784810126582744,,,,,,,,,0.22784810126582744,,,
F5,F5_rank4_symmetry45,P_M2_basis_inverse,F5_coordinate_basis,cross_task_set,P four coordinates,M2 four linear coordinates,w42_s42,42,42,4,inverse_G2,inverse_G3,B_encoder_C_initial_output,False,All625 source inputs seen; fit/test only analysis-map orbit holdout; physical basis/world is not an independent input universe,answer_onehot,within_length,debiased_cka,250,375,250,375,,0.9999999999999821,,0.7636899747261869,,0.7636899747261869,,0.2363100252737952,,,,,,,,,0.2363100252737952,,,
F5,F5_rank4_symmetry45,P_M2_basis_inverse,F5_coordinate_basis,cross_task_set,P four coordinates,M2 four linear coordinates,w42_s42,42,42,4,inverse_G2,inverse_G3,B_encoder_C_initial_output,False,All625 source inputs seen; fit/test only analysis-map orbit holdout; physical basis/world is not an independent input universe,answer_onehot,within_length,knn_overlap,250,375,250,375,,1.0,,0.6938666666666665,,0.6938666666666665,,0.3061333333333335,,,,,,,,,0.3061333333333335,,,
F5,F5_rank4_symmetry45,P_M2_basis_inverse,F5_coordinate_basis,cross_task_set,P four coordinates,M2 four linear coordinates,w42_s42,42,42,4,inverse_G2,inverse_G3,B_encoder_C_initial_output,False,All625 source inputs seen; fit/test only analysis-map orbit holdout; physical basis/world is not an independent input universe,answer_onehot,within_length,procrustes,250,375,250,375,8,-5.406088032692576e-16,5.406088032692576e-16,-1.0228968546403372,1.0228968546403372,-0.8806778414485713,0.8806778414485713,1.0228968546403368,,,,,,,,,1.0228968546403368,,,
F5,F5_rank4_symmetry45,P_M2_basis_inverse,F5_coordinate_basis,cross_task_set,P four coordinates,M2 four linear coordinates,w42_s42,42,42,4,inverse_G2,inverse_G3,B_encoder_C_initial_output,False,All625 source inputs seen; fit/test only analysis-map orbit holdout; physical basis/world is not an independent input universe,answer_scalar,within_length,linear_cka,250,375,250,375,,1.0000000000000002,,0.6785714285714287,,0.6785714285714287,,0.3214285714285715,,,,,,,,,0.3214285714285715,,,
F5,F5_rank4_symmetry45,P_M2_basis_inverse,F5_coordinate_basis,cross_task_set,P four coordinates,M2 four linear coordinates,w42_s42,42,42,4,inverse_G2,inverse_G3,B_encoder_C_initial_output,False,All625 source inputs seen; fit/test only analysis-map orbit holdout; physical basis/world is not an independent input universe,answer_scalar,within_length,debiased_cka,250,375,250,375,,1.0000000000000016,,0.6754728291624686,,0.6754728291624686,,0.3245271708375329,,,,,,,,,0.3245271708375329,,,
F5,F5_rank4_symmetry45,P_M2_basis_inverse,F5_coordinate_basis,cross_task_set,P four coordinates,M2 four linear coordinates,w42_s42,42,42,4,inverse_G2,inverse_G3,B_encoder_C_initial_output,False,All625 source inputs seen; fit/test only analysis-map orbit holdout; physical basis/world is not an independent input universe,answer_scalar,within_length,knn_overlap,250,375,250,375,,1.0,,0.5717333333333333,,0.39226666666666665,,0.4282666666666667,,,,,,,,,0.4282666666666667,,,
F5,F5_rank4_symmetry45,P_M2_basis_inverse,F5_coordinate_basis,cross_task_set,P four coordinates,M2 four linear coordinates,w42_s42,42,42,4,inverse_G2,inverse_G3,B_encoder_C_initial_output,False,All625 source inputs seen; fit/test only analysis-map orbit holdout; physical basis/world is not an independent input universe,answer_scalar,within_length,procrustes,250,375,250,375,4,-4.199186974552975e-16,4.199186974552975e-16,-0.7745966692414833,0.7745966692414833,-0.7745966692414833,0.7745966692414833,0.7745966692414828,,,,,,,,,0.7745966692414828,,,
F5,F5_rank4_symmetry45,P_M2_basis_inverse,F5_coordinate_basis,cross_task_set,P four coordinates,M2 four linear coordinates,w42_s42,42,42,4,inverse_G2,inverse_G3,B_encoder_C_initial_output,False,All625 source inputs seen; fit/test only analysis-map orbit holdout; physical basis/world is not an independent input universe,encoder_final,answer_strata,linear_cka,0,0,250,375,,,,,,,,,,,,,,,,,,,,
F5,F5_rank4_symmetry45,P_M2_basis_inverse,F5_coordinate_basis,cross_task_set,P four coordinates,M2 four linear coordinates,w42_s42,42,42,4,inverse_G2,inverse_G3,B_encoder_C_initial_output,False,All625 source inputs seen; fit/test only analysis-map orbit holdout; physical basis/world is not an independent input universe,encoder_final,answer_strata,debiased_cka,0,0,250,375,,,,,,,,,,,,,,,,,,,,
F5,F5_rank4_symmetry45,P_M2_basis_inverse,F5_coordinate_basis,cross_task_set,P four coordinates,M2 four linear coordinates,w42_s42,42,42,4,inverse_G2,inverse_G3,B_encoder_C_initial_output,False,All625 source inputs seen; fit/test only analysis-map orbit holdout; physical basis/world is not an independent input universe,encoder_final,answer_strata,knn_overlap,0,0,250,375,,,,,,,,,,,,,,,,,,,,
F5,F5_rank4_symmetry45,P_M2_basis_inverse,F5_coordinate_basis,cross_task_set,P four coordinates,M2 four linear coordinates,w42_s42,42,42,4,inverse_G2,inverse_G3,B_encoder_C_initial_output,False,All625 source inputs seen; fit/test only analysis-map orbit holdout; physical basis/world is not an independent input universe,encoder_final,answer_strata,procrustes,0,0,250,375,8,,,,,,,,,,,,,,,,,,,
F5,F5_rank4_symmetry45,P_M2_basis_inverse,F5_coordinate_basis,cross_task_set,P four coordinates,M2 four linear coordinates,w42_s42,42,42,4,inverse_G2,inverse_G3,B_encoder_C_initial_output,False,All625 source inputs seen; fit/test only analysis-map orbit holdout; physical basis/world is not an independent input universe,output_prob,answer_strata,linear_cka,0,0,250,375,,,,,,,,,,,,,,,,,,,,
F5,F5_rank4_symmetry45,P_M2_basis_inverse,F5_coordinate_basis,cross_task_set,P four coordinates,M2 four linear coordinates,w42_s42,42,42,4,inverse_G2,inverse_G3,B_encoder_C_initial_output,False,All625 source inputs seen; fit/test only analysis-map orbit holdout; physical basis/world is not an independent input universe,output_prob,answer_strata,debiased_cka,0,0,250,375,,,,,,,,,,,,,,,,,,,,
F5,F5_rank4_symmetry45,P_M2_basis_inverse,F5_coordinate_basis,cross_task_set,P four coordinates,M2 four linear coordinates,w42_s42,42,42,4,inverse_G2,inverse_G3,B_encoder_C_initial_output,False,All625 source inputs seen; fit/test only analysis-map orbit holdout; physical basis/world is not an independent input universe,output_prob,answer_strata,knn_overlap,0,0,250,375,,,,,,,,,,,,,,,,,,,,
F5,F5_rank4_symmetry45,P_M2_basis_inverse,F5_coordinate_basis,cross_task_set,P four coordinates,M2 four linear coordinates,w42_s42,42,42,4,inverse_G2,inverse_G3,B_encoder_C_initial_output,False,All625 source inputs seen; fit/test only analysis-map orbit holdout; physical basis/world is not an independent input universe,output_prob,answer_strata,procrustes,0,0,250,375,8,,,,,,,,,,,,,,,,,,,
F5,F5_rank4_symmetry45,P_M2_basis_inverse,F5_coordinate_basis,cross_task_set,P four coordinates,M2 four linear coordinates,w42_s42,42,42,4,inverse_G2,inverse_G3,B_encoder_C_initial_output,False,All625 source inputs seen; fit/test only analysis-map orbit holdout; physical basis/world is not an independent input universe,answer_onehot,answer_strata,linear_cka,0,0,250,375,,,,,,,,,,,,,,,,,,,,
F5,F5_rank4_symmetry45,P_M2_basis_inverse,F5_coordinate_basis,cross_task_set,P four coordinates,M2 four linear coordinates,w42_s42,42,42,4,inverse_G2,inverse_G3,B_encoder_C_initial_output,False,All625 source inputs seen; fit/test only analysis-map orbit holdout; physical basis/world is not an independent input universe,answer_onehot,answer_strata,debiased_cka,0,0,250,375,,,,,,,,,,,,,,,,,,,,
F5,F5_rank4_symmetry45,P_M2_basis_inverse,F5_coordinate_basis,cross_task_set,P four coordinates,M2 four linear coordinates,w42_s42,42,42,4,inverse_G2,inverse_G3,B_encoder_C_initial_output,False,All625 source inputs seen; fit/test only analysis-map orbit holdout; physical basis/world is not an independent input universe,answer_onehot,answer_strata,knn_overlap,0,0,250,375,,,,,,,,,,,,,,,,,,,,
F5,F5_rank4_symmetry45,P_M2_basis_inverse,F5_coordinate_basis,cross_task_set,P four coordinates,M2 four linear coordinates,w42_s42,42,42,4,inverse_G2,inverse_G3,B_encoder_C_initial_output,False,All625 source inputs seen; fit/test only analysis-map orbit holdout; physical basis/world is not an independent input universe,answer_onehot,answer_strata,procrustes,0,0,250,375,8,,,,,,,,,,,,,,,,,,,
F5,F5_rank4_symmetry45,P_M2_basis_inverse,F5_coordinate_basis,cross_task_set,P four coordinates,M2 four linear coordinates,w42_s42,42,42,4,inverse_G2,inverse_G3,B_encoder_C_initial_output,False,All625 source inputs seen; fit/test only analysis-map orbit holdout; physical basis/world is not an independent input universe,answer_scalar,answer_strata,linear_cka,0,0,250,375,,,,,,,,,,,,,,,,,,,,
F5,F5_rank4_symmetry45,P_M2_basis_inverse,F5_coordinate_basis,cross_task_set,P four coordinates,M2 four linear coordinates,w42_s42,42,42,4,inverse_G2,inverse_G3,B_encoder_C_initial_output,False,All625 source inputs seen; fit/test only analysis-map orbit holdout; physical basis/world is not an independent input universe,answer_scalar,answer_strata,debiased_cka,0,0,250,375,,,,,,,,,,,,,,,,,,,,
F5,F5_rank4_symmetry45,P_M2_basis_inverse,F5_coordinate_basis,cross_task_set,P four coordinates,M2 four linear coordinates,w42_s42,42,42,4,inverse_G2,inverse_G3,B_encoder_C_initial_output,False,All625 source inputs seen; fit/test only analysis-map orbit holdout; physical basis/world is not an independent input universe,answer_scalar,answer_strata,knn_overlap,0,0,250,375,,,,,,,,,,,,,,,,,,,,
F5,F5_rank4_symmetry45,P_M2_basis_inverse,F5_coordinate_basis,cross_task_set,P four coordinates,M2 four linear coordinates,w42_s42,42,42,4,inverse_G2,inverse_G3,B_encoder_C_initial_output,False,All625 source inputs seen; fit/test only analysis-map orbit holdout; physical basis/world is not an independent input universe,answer_scalar,answer_strata,procrustes,0,0,250,375,4,,,,,,,,,,,,,,,,,,,
F5,F5_rank4_symmetry45,P_M3_basis_inverse,F5_coordinate_basis,cross_task_set,P four coordinates,M3 four linear coordinates,w42_s42,42,42,4,inverse_G3,inverse_G4,B_encoder_C_initial_output,False,All625 source inputs seen; fit/test only analysis-map orbit holdout; physical basis/world is not an independent input universe,encoder_final,within_length,linear_cka,250,375,250,375,,0.4725732247914811,,0.39935905308016184,,0.42477590242003826,,0.07321417171131928,0.19875039622568783,,0.2666020926307067,,0.9999999999999998,,-0.0678516964050189,-0.0678516964050189,0.07321417171131928,0.2738228285657933,0.13275696044945512,0.14106586811633817
F5,F5_rank4_symmetry45,P_M3_basis_inverse,F5_coordinate_basis,cross_task_set,P four coordinates,M3 four linear coordinates,w42_s42,42,42,4,inverse_G3,inverse_G4,B_encoder_C_initial_output,False,All625 source inputs seen; fit/test only analysis-map orbit holdout; physical basis/world is not an independent input universe,encoder_final,within_length,debiased_cka,250,375,250,375,,0.414196699126464,,0.33282724631299204,,0.3610699741807762,,0.08136945281347197,0.16944020179206443,,0.2398295010059589,,1.0000000000000002,,-0.07038929921389447,-0.07038929921389447,0.08136945281347197,0.24475649733439958,0.09299774530703314,0.15175875202736644
F5,F5_rank4_symmetry45,P_M3_basis_inverse,F5_coordinate_basis,cross_task_set,P four coordinates,M3 four linear coordinates,w42_s42,42,42,4,inverse_G3,inverse_G4,B_encoder_C_initial_output,False,All625 source inputs seen; fit/test only analysis-map orbit holdout; physical basis/world is not an independent input universe,encoder_final,within_length,knn_overlap,250,375,250,375,,0.16133333333333333,,0.14373333333333335,,0.14426666666666668,,0.017599999999999977,0.2005333333333333,,0.36959999999999993,,1.0,,-0.16906666666666662,-0.16906666666666662,0.017599999999999977,-0.039199999999999985,-0.22586666666666658,0.1866666666666666
F5,F5_rank4_symmetry45,P_M3_basis_inverse,F5_coordinate_basis,cross_task_set,P four coordinates,M3 four linear coordinates,w42_s42,42,42,4,inverse_G3,inverse_G4,B_encoder_C_initial_output,False,All625 source inputs seen; fit/test only analysis-map orbit holdout; physical basis/world is not an independent input universe,encoder_final,within_length,procrustes,250,375,250,375,8,-1.1251534947687327,1.1251534947687327,-1.2245697399168207,1.2245697399168207,-1.2147797512410727,1.2147797512410727,0.099416245148088,-1.2383370625870822,1.2383370625870822,-1.3957900610137817,1.3957900610137817,-1.6011588860368064e-15,1.6011588860368064e-15,0.15745299842669946,0.15745299842669946,0.099416245148088,0.11318356781834948,0.17122032109696095,-0.058036753278611464
F5,F5_rank4_symmetry45,P_M3_basis_inverse,F5_coordinate_basis,cross_task_set,P four coordinates,M3 four linear coordinates,w42_s42,42,42,4,inverse_G3,inverse_G4,B_encoder_C_initial_output,False,All625 source inputs seen; fit/test only analysis-map orbit holdout; physical basis/world is not an independent input universe,output_prob,within_length,linear_cka,250,375,250,375,,0.9999999999616632,,0.7721521955367472,,0.7721521955363174,,0.22784780442491603,0.06573053042515609,,0.08744921147689856,,0.9999999999999998,,-0.021718681051742475,-0.021718681051742475,0.22784780442491603,0.9342694695365071,0.6847029840598486,0.2495664854766585
F5,F5_rank4_symmetry45,P_M3_basis_inverse,F5_coordinate_basis,cross_task_set,P four coordinates,M3 four linear coordinates,w42_s42,42,42,4,inverse_G3,inverse_G4,B_encoder_C_initial_output,False,All625 source inputs seen; fit/test only analysis-map orbit holdout; physical basis/world is not an independent input universe,output_prob,within_length,debiased_cka,250,375,250,375,,0.9999999999607362,,0.7636902841911901,,0.7636902841907313,,0.23630971576954607,0.050511975257343,,0.07209096049309714,,0.9999999999999999,,-0.02157898523575414,-0.02157898523575414,0.23630971576954607,0.9494880247033932,0.691599323698093,0.2578887010053002
F5,F5_rank4_symmetry45,P_M3_basis_inverse,F5_coordinate_basis,cross_task_set,P four coordinates,M3 four linear coordinates,w42_s42,42,42,4,inverse_G3,inverse_G4,B_encoder_C_initial_output,False,All625 source inputs seen; fit/test only analysis-map orbit holdout; physical basis/world is not an independent input universe,output_prob,within_length,knn_overlap,250,375,250,375,,0.7152000000000002,,0.496,,0.4877333333333333,,0.21920000000000017,0.10746666666666665,,0.18080000000000004,,1.0,,-0.07333333333333339,-0.07333333333333339,0.21920000000000017,0.6077333333333335,0.3151999999999999,0.29253333333333353
F5,F5_rank4_symmetry45,P_M3_basis_inverse,F5_coordinate_basis,cross_task_set,P four coordinates,M3 four linear coordinates,w42_s42,42,42,4,inverse_G3,inverse_G4,B_encoder_C_initial_output,False,All625 source inputs seen; fit/test only analysis-map orbit holdout; physical basis/world is not an independent input universe,output_prob,within_length,procrustes,250,375,250,375,8,-0.8293612414024671,0.8293612414024671,-1.0434833251427182,1.0434833251427182,-1.0434831859505451,1.0434831859505451,0.2141220837402511,-1.260785416106981,1.260785416106981,-1.3395562909196088,1.3395562909196088,-6.1498993118708e-16,6.1498993118708e-16,0.0787708748126279,0.0787708748126279,0.2141220837402511,0.4314241747045138,0.2960729657768906,0.1353512089276232
F5,F5_rank4_symmetry45,P_M3_basis_inverse,F5_coordinate_basis,cross_task_set,P four coordinates,M3 four linear coordinates,w42_s42,42,42,4,inverse_G3,inverse_G4,B_encoder_C_initial_output,False,All625 source inputs seen; fit/test only analysis-map orbit holdout; physical basis/world is not an independent input universe,answer_onehot,within_length,linear_cka,250,375,250,375,,1.0000000000000218,,0.7721518987341943,,0.7721518987341943,,0.22784810126582744,,,,,,,,,0.22784810126582744,,,
F5,F5_rank4_symmetry45,P_M3_basis_inverse,F5_coordinate_basis,cross_task_set,P four coordinates,M3 four linear coordinates,w42_s42,42,42,4,inverse_G3,inverse_G4,B_encoder_C_initial_output,False,All625 source inputs seen; fit/test only analysis-map orbit holdout; physical basis/world is not an independent input universe,answer_onehot,within_length,debiased_cka,250,375,250,375,,0.9999999999999821,,0.7636899747261869,,0.7636899747261869,,0.2363100252737952,,,,,,,,,0.2363100252737952,,,
F5,F5_rank4_symmetry45,P_M3_basis_inverse,F5_coordinate_basis,cross_task_set,P four coordinates,M3 four linear coordinates,w42_s42,42,42,4,inverse_G3,inverse_G4,B_encoder_C_initial_output,False,All625 source inputs seen; fit/test only analysis-map orbit holdout; physical basis/world is not an independent input universe,answer_onehot,within_length,knn_overlap,250,375,250,375,,1.0,,0.6933333333333334,,0.6936000000000001,,0.30666666666666664,,,,,,,,,0.30666666666666664,,,
F5,F5_rank4_symmetry45,P_M3_basis_inverse,F5_coordinate_basis,cross_task_set,P four coordinates,M3 four linear coordinates,w42_s42,42,42,4,inverse_G3,inverse_G4,B_encoder_C_initial_output,False,All625 source inputs seen; fit/test only analysis-map orbit holdout; physical basis/world is not an independent input universe,answer_onehot,within_length,procrustes,250,375,250,375,8,-5.406088032692576e-16,5.406088032692576e-16,-0.9242751362814131,0.9242751362814131,-1.0881211567774298,1.0881211567774298,0.9242751362814126,,,,,,,,,0.9242751362814126,,,
F5,F5_rank4_symmetry45,P_M3_basis_inverse,F5_coordinate_basis,cross_task_set,P four coordinates,M3 four linear coordinates,w42_s42,42,42,4,inverse_G3,inverse_G4,B_encoder_C_initial_output,False,All625 source inputs seen; fit/test only analysis-map orbit holdout; physical basis/world is not an independent input universe,answer_scalar,within_length,linear_cka,250,375,250,375,,1.0000000000000002,,0.6785714285714287,,0.6785714285714287,,0.3214285714285715,,,,,,,,,0.3214285714285715,,,
F5,F5_rank4_symmetry45,P_M3_basis_inverse,F5_coordinate_basis,cross_task_set,P four coordinates,M3 four linear coordinates,w42_s42,42,42,4,inverse_G3,inverse_G4,B_encoder_C_initial_output,False,All625 source inputs seen; fit/test only analysis-map orbit holdout; physical basis/world is not an independent input universe,answer_scalar,within_length,debiased_cka,250,375,250,375,,1.0000000000000016,,0.6754728291624686,,0.6754728291624684,,0.3245271708375329,,,,,,,,,0.3245271708375329,,,
F5,F5_rank4_symmetry45,P_M3_basis_inverse,F5_coordinate_basis,cross_task_set,P four coordinates,M3 four linear coordinates,w42_s42,42,42,4,inverse_G3,inverse_G4,B_encoder_C_initial_output,False,All625 source inputs seen; fit/test only analysis-map orbit holdout; physical basis/world is not an independent input universe,answer_scalar,within_length,knn_overlap,250,375,250,375,,1.0,,0.38986666666666664,,0.39146666666666663,,0.6101333333333334,,,,,,,,,0.6101333333333334,,,
F5,F5_rank4_symmetry45,P_M3_basis_inverse,F5_coordinate_basis,cross_task_set,P four coordinates,M3 four linear coordinates,w42_s42,42,42,4,inverse_G3,inverse_G4,B_encoder_C_initial_output,False,All625 source inputs seen; fit/test only analysis-map orbit holdout; physical basis/world is not an independent input universe,answer_scalar,within_length,procrustes,250,375,250,375,4,-4.199186974552975e-16,4.199186974552975e-16,-0.7745966692414834,0.7745966692414834,-0.7745966692414834,0.7745966692414834,0.774596669241483,,,,,,,,,0.774596669241483,,,
F5,F5_rank4_symmetry45,P_M3_basis_inverse,F5_coordinate_basis,cross_task_set,P four coordinates,M3 four linear coordinates,w42_s42,42,42,4,inverse_G3,inverse_G4,B_encoder_C_initial_output,False,All625 source inputs seen; fit/test only analysis-map orbit holdout; physical basis/world is not an independent input universe,encoder_final,answer_strata,linear_cka,0,0,250,375,,,,,,,,,,,,,,,,,,,,
F5,F5_rank4_symmetry45,P_M3_basis_inverse,F5_coordinate_basis,cross_task_set,P four coordinates,M3 four linear coordinates,w42_s42,42,42,4,inverse_G3,inverse_G4,B_encoder_C_initial_output,False,All625 source inputs seen; fit/test only analysis-map orbit holdout; physical basis/world is not an independent input universe,encoder_final,answer_strata,debiased_cka,0,0,250,375,,,,,,,,,,,,,,,,,,,,
F5,F5_rank4_symmetry45,P_M3_basis_inverse,F5_coordinate_basis,cross_task_set,P four coordinates,M3 four linear coordinates,w42_s42,42,42,4,inverse_G3,inverse_G4,B_encoder_C_initial_output,False,All625 source inputs seen; fit/test only analysis-map orbit holdout; physical basis/world is not an independent input universe,encoder_final,answer_strata,knn_overlap,0,0,250,375,,,,,,,,,,,,,,,,,,,,
F5,F5_rank4_symmetry45,P_M3_basis_inverse,F5_coordinate_basis,cross_task_set,P four coordinates,M3 four linear coordinates,w42_s42,42,42,4,inverse_G3,inverse_G4,B_encoder_C_initial_output,False,All625 source inputs seen; fit/test only analysis-map orbit holdout; physical basis/world is not an independent input universe,encoder_final,answer_strata,procrustes,0,0,250,375,8,,,,,,,,,,,,,,,,,,,
F5,F5_rank4_symmetry45,P_M3_basis_inverse,F5_coordinate_basis,cross_task_set,P four coordinates,M3 four linear coordinates,w42_s42,42,42,4,inverse_G3,inverse_G4,B_encoder_C_initial_output,False,All625 source inputs seen; fit/test only analysis-map orbit holdout; physical basis/world is not an independent input universe,output_prob,answer_strata,linear_cka,0,0,250,375,,,,,,,,,,,,,,,,,,,,
F5,F5_rank4_symmetry45,P_M3_basis_inverse,F5_coordinate_basis,cross_task_set,P four coordinates,M3 four linear coordinates,w42_s42,42,42,4,inverse_G3,inverse_G4,B_encoder_C_initial_output,False,All625 source inputs seen; fit/test only analysis-map orbit holdout; physical basis/world is not an independent input universe,output_prob,answer_strata,debiased_cka,0,0,250,375,,,,,,,,,,,,,,,,,,,,
F5,F5_rank4_symmetry45,P_M3_basis_inverse,F5_coordinate_basis,cross_task_set,P four coordinates,M3 four linear coordinates,w42_s42,42,42,4,inverse_G3,inverse_G4,B_encoder_C_initial_output,False,All625 source inputs seen; fit/test only analysis-map orbit holdout; physical basis/world is not an independent input universe,output_prob,answer_strata,knn_overlap,0,0,250,375,,,,,,,,,,,,,,,,,,,,
F5,F5_rank4_symmetry45,P_M3_basis_inverse,F5_coordinate_basis,cross_task_set,P four coordinates,M3 four linear coordinates,w42_s42,42,42,4,inverse_G3,inverse_G4,B_encoder_C_initial_output,False,All625 source inputs seen; fit/test only analysis-map orbit holdout; physical basis/world is not an independent input universe,output_prob,answer_strata,procrustes,0,0,250,375,8,,,,,,,,,,,,,,,,,,,
F5,F5_rank4_symmetry45,P_M3_basis_inverse,F5_coordinate_basis,cross_task_set,P four coordinates,M3 four linear coordinates,w42_s42,42,42,4,inverse_G3,inverse_G4,B_encoder_C_initial_output,False,All625 source inputs seen; fit/test only analysis-map orbit holdout; physical basis/world is not an independent input universe,answer_onehot,answer_strata,linear_cka,0,0,250,375,,,,,,,,,,,,,,,,,,,,
F5,F5_rank4_symmetry45,P_M3_basis_inverse,F5_coordinate_basis,cross_task_set,P four coordinates,M3 four linear coordinates,w42_s42,42,42,4,inverse_G3,inverse_G4,B_encoder_C_initial_output,False,All625 source inputs seen; fit/test only analysis-map orbit holdout; physical basis/world is not an independent input universe,answer_onehot,answer_strata,debiased_cka,0,0,250,375,,,,,,,,,,,,,,,,,,,,
F5,F5_rank4_symmetry45,P_M3_basis_inverse,F5_coordinate_basis,cross_task_set,P four coordinates,M3 four linear coordinates,w42_s42,42,42,4,inverse_G3,inverse_G4,B_encoder_C_initial_output,False,All625 source inputs seen; fit/test only analysis-map orbit holdout; physical basis/world is not an independent input universe,answer_onehot,answer_strata,knn_overlap,0,0,250,375,,,,,,,,,,,,,,,,,,,,
F5,F5_rank4_symmetry45,P_M3_basis_inverse,F5_coordinate_basis,cross_task_set,P four coordinates,M3 four linear coordinates,w42_s42,42,42,4,inverse_G3,inverse_G4,B_encoder_C_initial_output,False,All625 source inputs seen; fit/test only analysis-map orbit holdout; physical basis/world is not an independent input universe,answer_onehot,answer_strata,procrustes,0,0,250,375,8,,,,,,,,,,,,,,,,,,,
F5,F5_rank4_symmetry45,P_M3_basis_inverse,F5_coordinate_basis,cross_task_set,P four coordinates,M3 four linear coordinates,w42_s42,42,42,4,inverse_G3,inverse_G4,B_encoder_C_initial_output,False,All625 source inputs seen; fit/test only analysis-map orbit holdout; physical basis/world is not an independent input universe,answer_scalar,answer_strata,linear_cka,0,0,250,375,,,,,,,,,,,,,,,,,,,,
F5,F5_rank4_symmetry45,P_M3_basis_inverse,F5_coordinate_basis,cross_task_set,P four coordinates,M3 four linear coordinates,w42_s42,42,42,4,inverse_G3,inverse_G4,B_encoder_C_initial_output,False,All625 source inputs seen; fit/test only analysis-map orbit holdout; physical basis/world is not an independent input universe,answer_scalar,answer_strata,debiased_cka,0,0,250,375,,,,,,,,,,,,,,,,,,,,
F5,F5_rank4_symmetry45,P_M3_basis_inverse,F5_coordinate_basis,cross_task_set,P four coordinates,M3 four linear coordinates,w42_s42,42,42,4,inverse_G3,inverse_G4,B_encoder_C_initial_output,False,All625 source inputs seen; fit/test only analysis-map orbit holdout; physical basis/world is not an independent input universe,answer_scalar,answer_strata,knn_overlap,0,0,250,375,,,,,,,,,,,,,,,,,,,,
F5,F5_rank4_symmetry45,P_M3_basis_inverse,F5_coordinate_basis,cross_task_set,P four coordinates,M3 four linear coordinates,w42_s42,42,42,4,inverse_G3,inverse_G4,B_encoder_C_initial_output,False,All625 source inputs seen; fit/test only analysis-map orbit holdout; physical basis/world is not an independent input universe,answer_scalar,answer_strata,procrustes,0,0,250,375,4,,,,,,,,,,,,,,,,,,,
F5,F5_rank4_symmetry45,P_M4_basis_inverse,F5_coordinate_basis,cross_task_set,P four coordinates,M4 four linear coordinates,w42_s42,42,42,4,inverse_G4,inverse_G1,B_encoder_C_initial_output,False,All625 source inputs seen; fit/test only analysis-map orbit holdout; physical basis/world is not an independent input universe,encoder_final,within_length,linear_cka,250,375,250,375,,0.42937406896827623,,0.37786744800666744,,0.43589425834479867,,0.051506620961608796,0.2666020926307067,,0.19769272343986113,,0.9999999999999998,,0.06890936919084559,0.06890936919084559,0.051506620961608796,0.1627719763375695,0.1801747245668063,-0.017402748229236792
F5,F5_rank4_symmetry45,P_M4_basis_inverse,F5_coordinate_basis,cross_task_set,P four coordinates,M4 four linear coordinates,w42_s42,42,42,4,inverse_G4,inverse_G1,B_encoder_C_initial_output,False,All625 source inputs seen; fit/test only analysis-map orbit holdout; physical basis/world is not an independent input universe,encoder_final,within_length,debiased_cka,250,375,250,375,,0.3612818739606433,,0.30361890180564577,,0.3685632518543537,,0.05766297215499755,0.2398295010059589,,0.16846520688663907,,1.0000000000000002,,0.07136429411931983,0.07136429411931983,0.05766297215499755,0.12145237295468442,0.1351536949190067,-0.013701321964322277
F5,F5_rank4_symmetry45,P_M4_basis_inverse,F5_coordinate_basis,cross_task_set,P four coordinates,M4 four linear coordinates,w42_s42,42,42,4,inverse_G4,inverse_G1,B_encoder_C_initial_output,False,All625 source inputs seen; fit/test only analysis-map orbit holdout; physical basis/world is not an independent input universe,encoder_final,within_length,knn_overlap,250,375,250,375,,0.14773333333333336,,0.12453333333333334,,0.15493333333333337,,0.023200000000000012,0.36959999999999993,,0.13733333333333334,,1.0,,0.2322666666666666,0.2322666666666666,0.023200000000000012,-0.22186666666666657,-0.012799999999999992,-0.20906666666666657
F5,F5_rank4_symmetry45,P_M4_basis_inverse,F5_coordinate_basis,cross_task_set,P four coordinates,M4 four linear coordinates,w42_s42,42,42,4,inverse_G4,inverse_G1,B_encoder_C_initial_output,False,All625 source inputs seen; fit/test only analysis-map orbit holdout; physical basis/world is not an independent input universe,encoder_final,within_length,procrustes,250,375,250,375,8,-1.1638868659528503,1.1638868659528503,-1.2037505734700071,1.2037505734700071,-1.2071951301727977,1.2071951301727977,0.03986370751715684,-1.3957900610137817,1.3957900610137817,-1.2422717934726624,1.2422717934726624,-1.6011588860368064e-15,1.6011588860368064e-15,-0.1535182675411193,-0.1535182675411193,0.03986370751715684,0.23190319506093138,0.03852122000265523,0.19338197505827615
F5,F5_rank4_symmetry45,P_M4_basis_inverse,F5_coordinate_basis,cross_task_set,P four coordinates,M4 four linear coordinates,w42_s42,42,42,4,inverse_G4,inverse_G1,B_encoder_C_initial_output,False,All625 source inputs seen; fit/test only analysis-map orbit holdout; physical basis/world is not an independent input universe,output_prob,within_length,linear_cka,250,375,250,375,,0.9999999999580691,,0.7721533942963209,,0.7721533942987375,,0.2278466056617482,0.08744921147689856,,0.06858944585978496,,0.9999999999999998,,0.018859765617113597,0.018859765617113597,0.2278466056617482,0.9125507884811705,0.7035639484365359,0.20898684004463458
F5,F5_rank4_symmetry45,P_M4_basis_inverse,F5_coordinate_basis,cross_task_set,P four coordinates,M4 four linear coordinates,w42_s42,42,42,4,inverse_G4,inverse_G1,B_encoder_C_initial_output,False,All625 source inputs seen; fit/test only analysis-map orbit holdout; physical basis/world is not an independent input universe,output_prob,within_length,debiased_cka,250,375,250,375,,0.999999999957079,,0.7636915278295219,,0.7636915278319513,,0.23630847212755712,0.07209096049309714,,0.053635334187528604,,0.9999999999999999,,0.01845562630556854,0.01845562630556854,0.23630847212755712,0.9279090394639818,0.7100561936419932,0.21785284582198858
F5,F5_rank4_symmetry45,P_M4_basis_inverse,F5_coordinate_basis,cross_task_set,P four coordinates,M4 four linear coordinates,w42_s42,42,42,4,inverse_G4,inverse_G1,B_encoder_C_initial_output,False,All625 source inputs seen; fit/test only analysis-map orbit holdout; physical basis/world is not an independent input universe,output_prob,within_length,knn_overlap,250,375,250,375,,0.7362666666666667,,0.5503999999999999,,0.5645333333333333,,0.18586666666666685,0.18080000000000004,,0.08399999999999999,,1.0,,0.09680000000000005,0.09680000000000005,0.18586666666666685,0.5554666666666667,0.4663999999999999,0.0890666666666668
F5,F5_rank4_symmetry45,P_M4_basis_inverse,F5_coordinate_basis,cross_task_set,P four coordinates,M4 four linear coordinates,w42_s42,42,42,4,inverse_G4,inverse_G1,B_encoder_C_initial_output,False,All625 source inputs seen; fit/test only analysis-map orbit holdout; physical basis/world is not an independent input universe,output_prob,within_length,procrustes,250,375,250,375,8,-0.6829134994096822,0.6829134994096822,-0.723180987920211,0.723180987920211,-0.7231811086220672,0.7231811086220672,0.04026748851052886,-1.3395562909196088,1.3395562909196088,-1.2629425560890783,1.2629425560890783,-6.1498993118708e-16,6.1498993118708e-16,-0.07661373483053047,-0.07661373483053047,0.04026748851052886,0.6566427915099267,0.5397615681688673,0.11688122334105933
F5,F5_rank4_symmetry45,P_M4_basis_inverse,F5_coordinate_basis,cross_task_set,P four coordinates,M4 four linear coordinates,w42_s42,42,42,4,inverse_G4,inverse_G1,B_encoder_C_initial_output,False,All625 source inputs seen; fit/test only analysis-map orbit holdout; physical basis/world is not an independent input universe,answer_onehot,within_length,linear_cka,250,375,250,375,,1.0000000000000218,,0.7721518987341943,,0.7721518987341939,,0.22784810126582744,,,,,,,,,0.22784810126582744,,,
F5,F5_rank4_symmetry45,P_M4_basis_inverse,F5_coordinate_basis,cross_task_set,P four coordinates,M4 four linear coordinates,w42_s42,42,42,4,inverse_G4,inverse_G1,B_encoder_C_initial_output,False,All625 source inputs seen; fit/test only analysis-map orbit holdout; physical basis/world is not an independent input universe,answer_onehot,within_length,debiased_cka,250,375,250,375,,0.9999999999999821,,0.7636899747261869,,0.763689974726187,,0.2363100252737952,,,,,,,,,0.2363100252737952,,,
F5,F5_rank4_symmetry45,P_M4_basis_inverse,F5_coordinate_basis,cross_task_set,P four coordinates,M4 four linear coordinates,w42_s42,42,42,4,inverse_G4,inverse_G1,B_encoder_C_initial_output,False,All625 source inputs seen; fit/test only analysis-map orbit holdout; physical basis/world is not an independent input universe,answer_onehot,within_length,knn_overlap,250,375,250,375,,1.0,,0.6938666666666665,,0.6933333333333334,,0.3061333333333335,,,,,,,,,0.3061333333333335,,,
F5,F5_rank4_symmetry45,P_M4_basis_inverse,F5_coordinate_basis,cross_task_set,P four coordinates,M4 four linear coordinates,w42_s42,42,42,4,inverse_G4,inverse_G1,B_encoder_C_initial_output,False,All625 source inputs seen; fit/test only analysis-map orbit holdout; physical basis/world is not an independent input universe,answer_onehot,within_length,procrustes,250,375,250,375,8,-5.406088032692576e-16,5.406088032692576e-16,-1.0228968546403372,1.0228968546403372,-0.8917636338257025,0.8917636338257025,1.0228968546403368,,,,,,,,,1.0228968546403368,,,
F5,F5_rank4_symmetry45,P_M4_basis_inverse,F5_coordinate_basis,cross_task_set,P four coordinates,M4 four linear coordinates,w42_s42,42,42,4,inverse_G4,inverse_G1,B_encoder_C_initial_output,False,All625 source inputs seen; fit/test only analysis-map orbit holdout; physical basis/world is not an independent input universe,answer_scalar,within_length,linear_cka,250,375,250,375,,1.0000000000000002,,0.6785714285714287,,0.6785714285714287,,0.3214285714285715,,,,,,,,,0.3214285714285715,,,
F5,F5_rank4_symmetry45,P_M4_basis_inverse,F5_coordinate_basis,cross_task_set,P four coordinates,M4 four linear coordinates,w42_s42,42,42,4,inverse_G4,inverse_G1,B_encoder_C_initial_output,False,All625 source inputs seen; fit/test only analysis-map orbit holdout; physical basis/world is not an independent input universe,answer_scalar,within_length,debiased_cka,250,375,250,375,,1.0000000000000016,,0.6754728291624686,,0.6754728291624686,,0.3245271708375329,,,,,,,,,0.3245271708375329,,,
F5,F5_rank4_symmetry45,P_M4_basis_inverse,F5_coordinate_basis,cross_task_set,P four coordinates,M4 four linear coordinates,w42_s42,42,42,4,inverse_G4,inverse_G1,B_encoder_C_initial_output,False,All625 source inputs seen; fit/test only analysis-map orbit holdout; physical basis/world is not an independent input universe,answer_scalar,within_length,knn_overlap,250,375,250,375,,1.0,,0.5717333333333333,,0.6184,,0.4282666666666667,,,,,,,,,0.4282666666666667,,,
F5,F5_rank4_symmetry45,P_M4_basis_inverse,F5_coordinate_basis,cross_task_set,P four coordinates,M4 four linear coordinates,w42_s42,42,42,4,inverse_G4,inverse_G1,B_encoder_C_initial_output,False,All625 source inputs seen; fit/test only analysis-map orbit holdout; physical basis/world is not an independent input universe,answer_scalar,within_length,procrustes,250,375,250,375,4,-4.199186974552975e-16,4.199186974552975e-16,-0.7745966692414833,0.7745966692414833,-0.7745966692414834,0.7745966692414834,0.7745966692414828,,,,,,,,,0.7745966692414828,,,
F5,F5_rank4_symmetry45,P_M4_basis_inverse,F5_coordinate_basis,cross_task_set,P four coordinates,M4 four linear coordinates,w42_s42,42,42,4,inverse_G4,inverse_G1,B_encoder_C_initial_output,False,All625 source inputs seen; fit/test only analysis-map orbit holdout; physical basis/world is not an independent input universe,encoder_final,answer_strata,linear_cka,0,0,250,375,,,,,,,,,,,,,,,,,,,,
F5,F5_rank4_symmetry45,P_M4_basis_inverse,F5_coordinate_basis,cross_task_set,P four coordinates,M4 four linear coordinates,w42_s42,42,42,4,inverse_G4,inverse_G1,B_encoder_C_initial_output,False,All625 source inputs seen; fit/test only analysis-map orbit holdout; physical basis/world is not an independent input universe,encoder_final,answer_strata,debiased_cka,0,0,250,375,,,,,,,,,,,,,,,,,,,,
F5,F5_rank4_symmetry45,P_M4_basis_inverse,F5_coordinate_basis,cross_task_set,P four coordinates,M4 four linear coordinates,w42_s42,42,42,4,inverse_G4,inverse_G1,B_encoder_C_initial_output,False,All625 source inputs seen; fit/test only analysis-map orbit holdout; physical basis/world is not an independent input universe,encoder_final,answer_strata,knn_overlap,0,0,250,375,,,,,,,,,,,,,,,,,,,,
F5,F5_rank4_symmetry45,P_M4_basis_inverse,F5_coordinate_basis,cross_task_set,P four coordinates,M4 four linear coordinates,w42_s42,42,42,4,inverse_G4,inverse_G1,B_encoder_C_initial_output,False,All625 source inputs seen; fit/test only analysis-map orbit holdout; physical basis/world is not an independent input universe,encoder_final,answer_strata,procrustes,0,0,250,375,8,,,,,,,,,,,,,,,,,,,
F5,F5_rank4_symmetry45,P_M4_basis_inverse,F5_coordinate_basis,cross_task_set,P four coordinates,M4 four linear coordinates,w42_s42,42,42,4,inverse_G4,inverse_G1,B_encoder_C_initial_output,False,All625 source inputs seen; fit/test only analysis-map orbit holdout; physical basis/world is not an independent input universe,output_prob,answer_strata,linear_cka,0,0,250,375,,,,,,,,,,,,,,,,,,,,
F5,F5_rank4_symmetry45,P_M4_basis_inverse,F5_coordinate_basis,cross_task_set,P four coordinates,M4 four linear coordinates,w42_s42,42,42,4,inverse_G4,inverse_G1,B_encoder_C_initial_output,False,All625 source inputs seen; fit/test only analysis-map orbit holdout; physical basis/world is not an independent input universe,output_prob,answer_strata,debiased_cka,0,0,250,375,,,,,,,,,,,,,,,,,,,,
F5,F5_rank4_symmetry45,P_M4_basis_inverse,F5_coordinate_basis,cross_task_set,P four coordinates,M4 four linear coordinates,w42_s42,42,42,4,inverse_G4,inverse_G1,B_encoder_C_initial_output,False,All625 source inputs seen; fit/test only analysis-map orbit holdout; physical basis/world is not an independent input universe,output_prob,answer_strata,knn_overlap,0,0,250,375,,,,,,,,,,,,,,,,,,,,
F5,F5_rank4_symmetry45,P_M4_basis_inverse,F5_coordinate_basis,cross_task_set,P four coordinates,M4 four linear coordinates,w42_s42,42,42,4,inverse_G4,inverse_G1,B_encoder_C_initial_output,False,All625 source inputs seen; fit/test only analysis-map orbit holdout; physical basis/world is not an independent input universe,output_prob,answer_strata,procrustes,0,0,250,375,8,,,,,,,,,,,,,,,,,,,
F5,F5_rank4_symmetry45,P_M4_basis_inverse,F5_coordinate_basis,cross_task_set,P four coordinates,M4 four linear coordinates,w42_s42,42,42,4,inverse_G4,inverse_G1,B_encoder_C_initial_output,False,All625 source inputs seen; fit/test only analysis-map orbit holdout; physical basis/world is not an independent input universe,answer_onehot,answer_strata,linear_cka,0,0,250,375,,,,,,,,,,,,,,,,,,,,
F5,F5_rank4_symmetry45,P_M4_basis_inverse,F5_coordinate_basis,cross_task_set,P four coordinates,M4 four linear coordinates,w42_s42,42,42,4,inverse_G4,inverse_G1,B_encoder_C_initial_output,False,All625 source inputs seen; fit/test only analysis-map orbit holdout; physical basis/world is not an independent input universe,answer_onehot,answer_strata,debiased_cka,0,0,250,375,,,,,,,,,,,,,,,,,,,,
F5,F5_rank4_symmetry45,P_M4_basis_inverse,F5_coordinate_basis,cross_task_set,P four coordinates,M4 four linear coordinates,w42_s42,42,42,4,inverse_G4,inverse_G1,B_encoder_C_initial_output,False,All625 source inputs seen; fit/test only analysis-map orbit holdout; physical basis/world is not an independent input universe,answer_onehot,answer_strata,knn_overlap,0,0,250,375,,,,,,,,,,,,,,,,,,,,
F5,F5_rank4_symmetry45,P_M4_basis_inverse,F5_coordinate_basis,cross_task_set,P four coordinates,M4 four linear coordinates,w42_s42,42,42,4,inverse_G4,inverse_G1,B_encoder_C_initial_output,False,All625 source inputs seen; fit/test only analysis-map orbit holdout; physical basis/world is not an independent input universe,answer_onehot,answer_strata,procrustes,0,0,250,375,8,,,,,,,,,,,,,,,,,,,
F5,F5_rank4_symmetry45,P_M4_basis_inverse,F5_coordinate_basis,cross_task_set,P four coordinates,M4 four linear coordinates,w42_s42,42,42,4,inverse_G4,inverse_G1,B_encoder_C_initial_output,False,All625 source inputs seen; fit/test only analysis-map orbit holdout; physical basis/world is not an independent input universe,answer_scalar,answer_strata,linear_cka,0,0,250,375,,,,,,,,,,,,,,,,,,,,
F5,F5_rank4_symmetry45,P_M4_basis_inverse,F5_coordinate_basis,cross_task_set,P four coordinates,M4 four linear coordinates,w42_s42,42,42,4,inverse_G4,inverse_G1,B_encoder_C_initial_output,False,All625 source inputs seen; fit/test only analysis-map orbit holdout; physical basis/world is not an independent input universe,answer_scalar,answer_strata,debiased_cka,0,0,250,375,,,,,,,,,,,,,,,,,,,,
F5,F5_rank4_symmetry45,P_M4_basis_inverse,F5_coordinate_basis,cross_task_set,P four coordinates,M4 four linear coordinates,w42_s42,42,42,4,inverse_G4,inverse_G1,B_encoder_C_initial_output,False,All625 source inputs seen; fit/test only analysis-map orbit holdout; physical basis/world is not an independent input universe,answer_scalar,answer_strata,knn_overlap,0,0,250,375,,,,,,,,,,,,,,,,,,,,
F5,F5_rank4_symmetry45,P_M4_basis_inverse,F5_coordinate_basis,cross_task_set,P four coordinates,M4 four linear coordinates,w42_s42,42,42,4,inverse_G4,inverse_G1,B_encoder_C_initial_output,False,All625 source inputs seen; fit/test only analysis-map orbit holdout; physical basis/world is not an independent input universe,answer_scalar,answer_strata,procrustes,0,0,250,375,4,,,,,,,,,,,,,,,,,,,
F5,F5_rank4_symmetry45,P_M1_basis_inverse,F5_coordinate_basis,cross_task_set,P four coordinates,M1 four linear coordinates,w42_s101,101,42,4,inverse_G1,inverse_G2,B_encoder_C_initial_output,False,All625 source inputs seen; fit/test only analysis-map orbit holdout; physical basis/world is not an independent input universe,encoder_final,within_length,linear_cka,250,375,250,375,,0.47233092973241253,,0.3430823257753476,,0.36668068268853793,,0.12924860395706494,0.2068229536827504,,0.20435806626938333,,1.0000000000000002,,0.0024648874133670617,0.0024648874133670617,0.12924860395706494,0.26550797604966214,0.13872425950596426,0.12678371654369788
F5,F5_rank4_symmetry45,P_M1_basis_inverse,F5_coordinate_basis,cross_task_set,P four coordinates,M1 four linear coordinates,w42_s101,101,42,4,inverse_G1,inverse_G2,B_encoder_C_initial_output,False,All625 source inputs seen; fit/test only analysis-map orbit holdout; physical basis/world is not an independent input universe,encoder_final,within_length,debiased_cka,250,375,250,375,,0.4259879974716444,,0.28511092881460326,,0.3108115850395733,,0.14087706865704114,0.17855077379989795,,0.17591629555948185,,0.9999999999999996,,0.0026344782404160993,0.0026344782404160993,0.14087706865704114,0.24743722367174645,0.10919463325512141,0.13824259041662504
F5,F5_rank4_symmetry45,P_M1_basis_inverse,F5_coordinate_basis,cross_task_set,P four coordinates,M1 four linear coordinates,w42_s101,101,42,4,inverse_G1,inverse_G2,B_encoder_C_initial_output,False,All625 source inputs seen; fit/test only analysis-map orbit holdout; physical basis/world is not an independent input universe,encoder_final,within_length,knn_overlap,250,375,250,375,,0.16293333333333335,,0.10453333333333334,,0.11466666666666667,,0.05840000000000001,0.19546666666666665,,0.18506666666666668,,1.0,,0.010399999999999965,0.010399999999999965,0.05840000000000001,-0.0325333333333333,-0.08053333333333335,0.04800000000000004
F5,F5_rank4_symmetry45,P_M1_basis_inverse,F5_coordinate_basis,cross_task_set,P four coordinates,M1 four linear coordinates,w42_s101,101,42,4,inverse_G1,inverse_G2,B_encoder_C_initial_output,False,All625 source inputs seen; fit/test only analysis-map orbit holdout; physical basis/world is not an independent input universe,encoder_final,within_length,procrustes,250,375,250,375,8,-1.0676217585332612,1.0676217585332612,-1.3071867117572047,1.3071867117572047,-1.2959045359977956,1.2959045359977956,0.23956495322394344,-1.2128228285632126,1.2128228285632126,-1.2145517370623418,1.2145517370623418,-1.757218215582622e-15,1.757218215582622e-15,0.0017289084991292114,0.0017289084991292114,0.23956495322394344,0.1452010700299513,-0.09263497469486293,0.23783604472481423
F5,F5_rank4_symmetry45,P_M1_basis_inverse,F5_coordinate_basis,cross_task_set,P four coordinates,M1 four linear coordinates,w42_s101,101,42,4,inverse_G1,inverse_G2,B_encoder_C_initial_output,False,All625 source inputs seen; fit/test only analysis-map orbit holdout; physical basis/world is not an independent input universe,output_prob,within_length,linear_cka,250,375,250,375,,0.9999999999519876,,0.7721534193984861,,0.772153419399596,,0.2278465805535015,0.14390822277501772,,0.14977648012499895,,1.0000000000000002,,-0.005868257349981226,-0.005868257349981226,0.2278465805535015,0.8560917771769699,0.6223769392734873,0.23371483790348271
F5,F5_rank4_symmetry45,P_M1_basis_inverse,F5_coordinate_basis,cross_task_set,P four coordinates,M1 four linear coordinates,w42_s101,101,42,4,inverse_G1,inverse_G2,B_encoder_C_initial_output,False,All625 source inputs seen; fit/test only analysis-map orbit holdout; physical basis/world is not an independent input universe,output_prob,within_length,debiased_cka,250,375,250,375,,0.9999999999506763,,0.7636915543460262,,0.763691554347187,,0.23630844560465014,0.12775919079914455,,0.13385663803262776,,0.9999999999999998,,-0.006097447233483211,-0.006097447233483211,0.23630844560465014,0.8722408091515318,0.6298349163133985,0.24240589283813335
F5,F5_rank4_symmetry45,P_M1_basis_inverse,F5_coordinate_basis,cross_task_set,P four coordinates,M1 four linear coordinates,w42_s101,101,42,4,inverse_G1,inverse_G2,B_encoder_C_initial_output,False,All625 source inputs seen; fit/test only analysis-map orbit holdout; physical basis/world is not an independent input universe,output_prob,within_length,knn_overlap,250,375,250,375,,0.7170666666666666,,0.5349333333333334,,0.5429333333333333,,0.18213333333333326,0.0984,,0.08506666666666667,,1.0,,0.013333333333333336,0.013333333333333336,0.18213333333333326,0.6186666666666666,0.4498666666666667,0.16879999999999992
F5,F5_rank4_symmetry45,P_M1_basis_inverse,F5_coordinate_basis,cross_task_set,P four coordinates,M1 four linear coordinates,w42_s101,101,42,4,inverse_G1,inverse_G2,B_encoder_C_initial_output,False,All625 source inputs seen; fit/test only analysis-map orbit holdout; physical basis/world is not an independent input universe,output_prob,within_length,procrustes,250,375,250,375,8,-0.6193561062504465,0.6193561062504465,-0.7783215465982569,0.7783215465982569,-0.7783213726621525,0.7783213726621525,0.15896544034781046,-1.2293105682111647,1.2293105682111647,-1.2340067135104413,1.2340067135104413,-7.806047702555915e-16,7.806047702555915e-16,0.004696145299276644,0.004696145299276644,0.15896544034781046,0.6099544619607182,0.4556851669121844,0.15426929504853382
F5,F5_rank4_symmetry45,P_M1_basis_inverse,F5_coordinate_basis,cross_task_set,P four coordinates,M1 four linear coordinates,w42_s101,101,42,4,inverse_G1,inverse_G2,B_encoder_C_initial_output,False,All625 source inputs seen; fit/test only analysis-map orbit holdout; physical basis/world is not an independent input universe,answer_onehot,within_length,linear_cka,250,375,250,375,,1.0000000000000218,,0.7721518987341943,,0.7721518987341943,,0.22784810126582744,,,,,,,,,0.22784810126582744,,,
F5,F5_rank4_symmetry45,P_M1_basis_inverse,F5_coordinate_basis,cross_task_set,P four coordinates,M1 four linear coordinates,w42_s101,101,42,4,inverse_G1,inverse_G2,B_encoder_C_initial_output,False,All625 source inputs seen; fit/test only analysis-map orbit holdout; physical basis/world is not an independent input universe,answer_onehot,within_length,debiased_cka,250,375,250,375,,0.9999999999999821,,0.763689974726187,,0.763689974726187,,0.23631002527379508,,,,,,,,,0.23631002527379508,,,
F5,F5_rank4_symmetry45,P_M1_basis_inverse,F5_coordinate_basis,cross_task_set,P four coordinates,M1 four linear coordinates,w42_s101,101,42,4,inverse_G1,inverse_G2,B_encoder_C_initial_output,False,All625 source inputs seen; fit/test only analysis-map orbit holdout; physical basis/world is not an independent input universe,answer_onehot,within_length,knn_overlap,250,375,250,375,,1.0,,0.6922666666666667,,0.6917333333333333,,0.3077333333333333,,,,,,,,,0.3077333333333333,,,
F5,F5_rank4_symmetry45,P_M1_basis_inverse,F5_coordinate_basis,cross_task_set,P four coordinates,M1 four linear coordinates,w42_s101,101,42,4,inverse_G1,inverse_G2,B_encoder_C_initial_output,False,All625 source inputs seen; fit/test only analysis-map orbit holdout; physical basis/world is not an independent input universe,answer_onehot,within_length,procrustes,250,375,250,375,8,-5.406088032692576e-16,5.406088032692576e-16,-1.0166873370007066,1.0166873370007066,-1.018382725328909,1.018382725328909,1.0166873370007061,,,,,,,,,1.0166873370007061,,,
F5,F5_rank4_symmetry45,P_M1_basis_inverse,F5_coordinate_basis,cross_task_set,P four coordinates,M1 four linear coordinates,w42_s101,101,42,4,inverse_G1,inverse_G2,B_encoder_C_initial_output,False,All625 source inputs seen; fit/test only analysis-map orbit holdout; physical basis/world is not an independent input universe,answer_scalar,within_length,linear_cka,250,375,250,375,,1.0000000000000002,,0.6785714285714287,,0.6785714285714287,,0.3214285714285715,,,,,,,,,0.3214285714285715,,,
F5,F5_rank4_symmetry45,P_M1_basis_inverse,F5_coordinate_basis,cross_task_set,P four coordinates,M1 four linear coordinates,w42_s101,101,42,4,inverse_G1,inverse_G2,B_encoder_C_initial_output,False,All625 source inputs seen; fit/test only analysis-map orbit holdout; physical basis/world is not an independent input universe,answer_scalar,within_length,debiased_cka,250,375,250,375,,1.0000000000000016,,0.6754728291624686,,0.6754728291624685,,0.3245271708375329,,,,,,,,,0.3245271708375329,,,
F5,F5_rank4_symmetry45,P_M1_basis_inverse,F5_coordinate_basis,cross_task_set,P four coordinates,M1 four linear coordinates,w42_s101,101,42,4,inverse_G1,inverse_G2,B_encoder_C_initial_output,False,All625 source inputs seen; fit/test only analysis-map orbit holdout; physical basis/world is not an independent input universe,answer_scalar,within_length,knn_overlap,250,375,250,375,,1.0,,0.3895999999999999,,0.6146666666666667,,0.6104,,,,,,,,,0.6104,,,
F5,F5_rank4_symmetry45,P_M1_basis_inverse,F5_coordinate_basis,cross_task_set,P four coordinates,M1 four linear coordinates,w42_s101,101,42,4,inverse_G1,inverse_G2,B_encoder_C_initial_output,False,All625 source inputs seen; fit/test only analysis-map orbit holdout; physical basis/world is not an independent input universe,answer_scalar,within_length,procrustes,250,375,250,375,4,-4.199186974552975e-16,4.199186974552975e-16,-0.7745966692414834,0.7745966692414834,-0.7745966692414834,0.7745966692414834,0.774596669241483,,,,,,,,,0.774596669241483,,,
F5,F5_rank4_symmetry45,P_M1_basis_inverse,F5_coordinate_basis,cross_task_set,P four coordinates,M1 four linear coordinates,w42_s101,101,42,4,inverse_G1,inverse_G2,B_encoder_C_initial_output,False,All625 source inputs seen; fit/test only analysis-map orbit holdout; physical basis/world is not an independent input universe,encoder_final,answer_strata,linear_cka,0,0,250,375,,,,,,,,,,,,,,,,,,,,
F5,F5_rank4_symmetry45,P_M1_basis_inverse,F5_coordinate_basis,cross_task_set,P four coordinates,M1 four linear coordinates,w42_s101,101,42,4,inverse_G1,inverse_G2,B_encoder_C_initial_output,False,All625 source inputs seen; fit/test only analysis-map orbit holdout; physical basis/world is not an independent input universe,encoder_final,answer_strata,debiased_cka,0,0,250,375,,,,,,,,,,,,,,,,,,,,
F5,F5_rank4_symmetry45,P_M1_basis_inverse,F5_coordinate_basis,cross_task_set,P four coordinates,M1 four linear coordinates,w42_s101,101,42,4,inverse_G1,inverse_G2,B_encoder_C_initial_output,False,All625 source inputs seen; fit/test only analysis-map orbit holdout; physical basis/world is not an independent input universe,encoder_final,answer_strata,knn_overlap,0,0,250,375,,,,,,,,,,,,,,,,,,,,
F5,F5_rank4_symmetry45,P_M1_basis_inverse,F5_coordinate_basis,cross_task_set,P four coordinates,M1 four linear coordinates,w42_s101,101,42,4,inverse_G1,inverse_G2,B_encoder_C_initial_output,False,All625 source inputs seen; fit/test only analysis-map orbit holdout; physical basis/world is not an independent input universe,encoder_final,answer_strata,procrustes,0,0,250,375,8,,,,,,,,,,,,,,,,,,,
F5,F5_rank4_symmetry45,P_M1_basis_inverse,F5_coordinate_basis,cross_task_set,P four coordinates,M1 four linear coordinates,w42_s101,101,42,4,inverse_G1,inverse_G2,B_encoder_C_initial_output,False,All625 source inputs seen; fit/test only analysis-map orbit holdout; physical basis/world is not an independent input universe,output_prob,answer_strata,linear_cka,0,0,250,375,,,,,,,,,,,,,,,,,,,,
F5,F5_rank4_symmetry45,P_M1_basis_inverse,F5_coordinate_basis,cross_task_set,P four coordinates,M1 four linear coordinates,w42_s101,101,42,4,inverse_G1,inverse_G2,B_encoder_C_initial_output,False,All625 source inputs seen; fit/test only analysis-map orbit holdout; physical basis/world is not an independent input universe,output_prob,answer_strata,debiased_cka,0,0,250,375,,,,,,,,,,,,,,,,,,,,
F5,F5_rank4_symmetry45,P_M1_basis_inverse,F5_coordinate_basis,cross_task_set,P four coordinates,M1 four linear coordinates,w42_s101,101,42,4,inverse_G1,inverse_G2,B_encoder_C_initial_output,False,All625 source inputs seen; fit/test only analysis-map orbit holdout; physical basis/world is not an independent input universe,output_prob,answer_strata,knn_overlap,0,0,250,375,,,,,,,,,,,,,,,,,,,,
F5,F5_rank4_symmetry45,P_M1_basis_inverse,F5_coordinate_basis,cross_task_set,P four coordinates,M1 four linear coordinates,w42_s101,101,42,4,inverse_G1,inverse_G2,B_encoder_C_initial_output,False,All625 source inputs seen; fit/test only analysis-map orbit holdout; physical basis/world is not an independent input universe,output_prob,answer_strata,procrustes,0,0,250,375,8,,,,,,,,,,,,,,,,,,,
F5,F5_rank4_symmetry45,P_M1_basis_inverse,F5_coordinate_basis,cross_task_set,P four coordinates,M1 four linear coordinates,w42_s101,101,42,4,inverse_G1,inverse_G2,B_encoder_C_initial_output,False,All625 source inputs seen; fit/test only analysis-map orbit holdout; physical basis/world is not an independent input universe,answer_onehot,answer_strata,linear_cka,0,0,250,375,,,,,,,,,,,,,,,,,,,,
F5,F5_rank4_symmetry45,P_M1_basis_inverse,F5_coordinate_basis,cross_task_set,P four coordinates,M1 four linear coordinates,w42_s101,101,42,4,inverse_G1,inverse_G2,B_encoder_C_initial_output,False,All625 source inputs seen; fit/test only analysis-map orbit holdout; physical basis/world is not an independent input universe,answer_onehot,answer_strata,debiased_cka,0,0,250,375,,,,,,,,,,,,,,,,,,,,
F5,F5_rank4_symmetry45,P_M1_basis_inverse,F5_coordinate_basis,cross_task_set,P four coordinates,M1 four linear coordinates,w42_s101,101,42,4,inverse_G1,inverse_G2,B_encoder_C_initial_output,False,All625 source inputs seen; fit/test only analysis-map orbit holdout; physical basis/world is not an independent input universe,answer_onehot,answer_strata,knn_overlap,0,0,250,375,,,,,,,,,,,,,,,,,,,,
F5,F5_rank4_symmetry45,P_M1_basis_inverse,F5_coordinate_basis,cross_task_set,P four coordinates,M1 four linear coordinates,w42_s101,101,42,4,inverse_G1,inverse_G2,B_encoder_C_initial_output,False,All625 source inputs seen; fit/test only analysis-map orbit holdout; physical basis/world is not an independent input universe,answer_onehot,answer_strata,procrustes,0,0,250,375,8,,,,,,,,,,,,,,,,,,,
F5,F5_rank4_symmetry45,P_M1_basis_inverse,F5_coordinate_basis,cross_task_set,P four coordinates,M1 four linear coordinates,w42_s101,101,42,4,inverse_G1,inverse_G2,B_encoder_C_initial_output,False,All625 source inputs seen; fit/test only analysis-map orbit holdout; physical basis/world is not an independent input universe,answer_scalar,answer_strata,linear_cka,0,0,250,375,,,,,,,,,,,,,,,,,,,,
F5,F5_rank4_symmetry45,P_M1_basis_inverse,F5_coordinate_basis,cross_task_set,P four coordinates,M1 four linear coordinates,w42_s101,101,42,4,inverse_G1,inverse_G2,B_encoder_C_initial_output,False,All625 source inputs seen; fit/test only analysis-map orbit holdout; physical basis/world is not an independent input universe,answer_scalar,answer_strata,debiased_cka,0,0,250,375,,,,,,,,,,,,,,,,,,,,
F5,F5_rank4_symmetry45,P_M1_basis_inverse,F5_coordinate_basis,cross_task_set,P four coordinates,M1 four linear coordinates,w42_s101,101,42,4,inverse_G1,inverse_G2,B_encoder_C_initial_output,False,All625 source inputs seen; fit/test only analysis-map orbit holdout; physical basis/world is not an independent input universe,answer_scalar,answer_strata,knn_overlap,0,0,250,375,,,,,,,,,,,,,,,,,,,,
F5,F5_rank4_symmetry45,P_M1_basis_inverse,F5_coordinate_basis,cross_task_set,P four coordinates,M1 four linear coordinates,w42_s101,101,42,4,inverse_G1,inverse_G2,B_encoder_C_initial_output,False,All625 source inputs seen; fit/test only analysis-map orbit holdout; physical basis/world is not an independent input universe,answer_scalar,answer_strata,procrustes,0,0,250,375,4,,,,,,,,,,,,,,,,,,,
F5,F5_rank4_symmetry45,P_M2_basis_inverse,F5_coordinate_basis,cross_task_set,P four coordinates,M2 four linear coordinates,w42_s101,101,42,4,inverse_G2,inverse_G3,B_encoder_C_initial_output,False,All625 source inputs seen; fit/test only analysis-map orbit holdout; physical basis/world is not an independent input universe,encoder_final,within_length,linear_cka,250,375,250,375,,0.4450939844898699,,0.35188067350413593,,0.3688104405730386,,0.09321331098573399,0.20435806626938333,,0.20583001173550053,,1.0000000000000002,,-0.0014719454661172027,-0.0014719454661172027,0.09321331098573399,0.2407359182204866,0.1460506617686354,0.09468525645185119
F5,F5_rank4_symmetry45,P_M2_basis_inverse,F5_coordinate_basis,cross_task_set,P four coordinates,M2 four linear coordinates,w42_s101,101,42,4,inverse_G2,inverse_G3,B_encoder_C_initial_output,False,All625 source inputs seen; fit/test only analysis-map orbit holdout; physical basis/world is not an independent input universe,encoder_final,within_length,debiased_cka,250,375,250,375,,0.39384112276037064,,0.2916810681070113,,0.3102169186431659,,0.10216005465335937,0.17591629555948185,,0.17745803795790063,,0.9999999999999996,,-0.0015417423984187828,-0.0015417423984187828,0.10216005465335937,0.2179248272008888,0.11422303014911064,0.10370179705177815
F5,F5_rank4_symmetry45,P_M2_basis_inverse,F5_coordinate_basis,cross_task_set,P four coordinates,M2 four linear coordinates,w42_s101,101,42,4,inverse_G2,inverse_G3,B_encoder_C_initial_output,False,All625 source inputs seen; fit/test only analysis-map orbit holdout; physical basis/world is not an independent input universe,encoder_final,within_length,knn_overlap,250,375,250,375,,0.15893333333333334,,0.11040000000000001,,0.11706666666666667,,0.04853333333333333,0.18506666666666668,,0.15519999999999998,,1.0,,0.029866666666666708,0.029866666666666708,0.04853333333333333,-0.026133333333333342,-0.044799999999999965,0.018666666666666623
F5,F5_rank4_symmetry45,P_M2_basis_inverse,F5_coordinate_basis,cross_task_set,P four coordinates,M2 four linear coordinates,w42_s101,101,42,4,inverse_G2,inverse_G3,B_encoder_C_initial_output,False,All625 source inputs seen; fit/test only analysis-map orbit holdout; physical basis/world is not an independent input universe,encoder_final,within_length,procrustes,250,375,250,375,8,-1.1787584162629603,1.1787584162629603,-1.2710681076718124,1.2710681076718124,-1.2670265074992795,1.2670265074992795,0.09230969140885215,-1.2145517370623418,1.2145517370623418,-1.2134825209304592,1.2134825209304592,-1.757218215582622e-15,1.757218215582622e-15,-0.0010692161318826,-0.0010692161318826,0.09230969140885215,0.03579332079938147,-0.05758558674135328,0.09337890754073475
F5,F5_rank4_symmetry45,P_M2_basis_inverse,F5_coordinate_basis,cross_task_set,P four coordinates,M2 four linear coordinates,w42_s101,101,42,4,inverse_G2,inverse_G3,B_encoder_C_initial_output,False,All625 source inputs seen; fit/test only analysis-map orbit holdout; physical basis/world is not an independent input universe,output_prob,within_length,linear_cka,250,375,250,375,,0.9999999999536764,,0.7721535993130969,,0.7721535993140398,,0.22784640064057948,0.14977648012499895,,0.1455423325232813,,1.0000000000000002,,0.004234147601717642,0.004234147601717642,0.22784640064057948,0.8502235198286774,0.6266112667898156,0.22361225303886184
F5,F5_rank4_symmetry45,P_M2_basis_inverse,F5_coordinate_basis,cross_task_set,P four coordinates,M2 four linear coordinates,w42_s101,101,42,4,inverse_G2,inverse_G3,B_encoder_C_initial_output,False,All625 source inputs seen; fit/test only analysis-map orbit holdout; physical basis/world is not an independent input universe,output_prob,within_length,debiased_cka,250,375,250,375,,0.9999999999524518,,0.7636917413763462,,0.7636917413773674,,0.2363082585761056,0.13385663803262776,,0.12957508739625656,,0.9999999999999998,,0.004281550636371201,0.004281550636371201,0.2363082585761056,0.866143361919824,0.6341166539800897,0.2320267079397344
F5,F5_rank4_symmetry45,P_M2_basis_inverse,F5_coordinate_basis,cross_task_set,P four coordinates,M2 four linear coordinates,w42_s101,101,42,4,inverse_G2,inverse_G3,B_encoder_C_initial_output,False,All625 source inputs seen; fit/test only analysis-map orbit holdout; physical basis/world is not an independent input universe,output_prob,within_length,knn_overlap,250,375,250,375,,0.7258666666666668,,0.5776000000000001,,0.5850666666666666,,0.14826666666666666,0.08506666666666667,,0.08693333333333333,,1.0,,-0.0018666666666666692,-0.0018666666666666692,0.14826666666666666,0.6408000000000001,0.4906666666666668,0.15013333333333334
F5,F5_rank4_symmetry45,P_M2_basis_inverse,F5_coordinate_basis,cross_task_set,P four coordinates,M2 four linear coordinates,w42_s101,101,42,4,inverse_G2,inverse_G3,B_encoder_C_initial_output,False,All625 source inputs seen; fit/test only analysis-map orbit holdout; physical basis/world is not an independent input universe,output_prob,within_length,procrustes,250,375,250,375,8,-0.5251857811474859,0.5251857811474859,-0.751250091818365,0.751250091818365,-0.751250045496453,0.751250045496453,0.22606431067087907,-1.2340067135104413,1.2340067135104413,-1.226552651859959,1.226552651859959,-7.806047702555915e-16,7.806047702555915e-16,-0.0074540616504823465,-0.0074540616504823465,0.22606431067087907,0.7088209323629554,0.475302560041594,0.2335183723213614
F5,F5_rank4_symmetry45,P_M2_basis_inverse,F5_coordinate_basis,cross_task_set,P four coordinates,M2 four linear coordinates,w42_s101,101,42,4,inverse_G2,inverse_G3,B_encoder_C_initial_output,False,All625 source inputs seen; fit/test only analysis-map orbit holdout; physical basis/world is not an independent input universe,answer_onehot,within_length,linear_cka,250,375,250,375,,1.0000000000000218,,0.7721518987341943,,0.7721518987341943,,0.22784810126582744,,,,,,,,,0.22784810126582744,,,
F5,F5_rank4_symmetry45,P_M2_basis_inverse,F5_coordinate_basis,cross_task_set,P four coordinates,M2 four linear coordinates,w42_s101,101,42,4,inverse_G2,inverse_G3,B_encoder_C_initial_output,False,All625 source inputs seen; fit/test only analysis-map orbit holdout; physical basis/world is not an independent input universe,answer_onehot,within_length,debiased_cka,250,375,250,375,,0.9999999999999821,,0.7636899747261869,,0.7636899747261869,,0.2363100252737952,,,,,,,,,0.2363100252737952,,,
F5,F5_rank4_symmetry45,P_M2_basis_inverse,F5_coordinate_basis,cross_task_set,P four coordinates,M2 four linear coordinates,w42_s101,101,42,4,inverse_G2,inverse_G3,B_encoder_C_initial_output,False,All625 source inputs seen; fit/test only analysis-map orbit holdout; physical basis/world is not an independent input universe,answer_onehot,within_length,knn_overlap,250,375,250,375,,1.0,,0.6938666666666665,,0.6938666666666665,,0.3061333333333335,,,,,,,,,0.3061333333333335,,,
F5,F5_rank4_symmetry45,P_M2_basis_inverse,F5_coordinate_basis,cross_task_set,P four coordinates,M2 four linear coordinates,w42_s101,101,42,4,inverse_G2,inverse_G3,B_encoder_C_initial_output,False,All625 source inputs seen; fit/test only analysis-map orbit holdout; physical basis/world is not an independent input universe,answer_onehot,within_length,procrustes,250,375,250,375,8,-5.406088032692576e-16,5.406088032692576e-16,-1.0228968546403372,1.0228968546403372,-0.8806778414485713,0.8806778414485713,1.0228968546403368,,,,,,,,,1.0228968546403368,,,
F5,F5_rank4_symmetry45,P_M2_basis_inverse,F5_coordinate_basis,cross_task_set,P four coordinates,M2 four linear coordinates,w42_s101,101,42,4,inverse_G2,inverse_G3,B_encoder_C_initial_output,False,All625 source inputs seen; fit/test only analysis-map orbit holdout; physical basis/world is not an independent input universe,answer_scalar,within_length,linear_cka,250,375,250,375,,1.0000000000000002,,0.6785714285714287,,0.6785714285714287,,0.3214285714285715,,,,,,,,,0.3214285714285715,,,
F5,F5_rank4_symmetry45,P_M2_basis_inverse,F5_coordinate_basis,cross_task_set,P four coordinates,M2 four linear coordinates,w42_s101,101,42,4,inverse_G2,inverse_G3,B_encoder_C_initial_output,False,All625 source inputs seen; fit/test only analysis-map orbit holdout; physical basis/world is not an independent input universe,answer_scalar,within_length,debiased_cka,250,375,250,375,,1.0000000000000016,,0.6754728291624686,,0.6754728291624686,,0.3245271708375329,,,,,,,,,0.3245271708375329,,,
F5,F5_rank4_symmetry45,P_M2_basis_inverse,F5_coordinate_basis,cross_task_set,P four coordinates,M2 four linear coordinates,w42_s101,101,42,4,inverse_G2,inverse_G3,B_encoder_C_initial_output,False,All625 source inputs seen; fit/test only analysis-map orbit holdout; physical basis/world is not an independent input universe,answer_scalar,within_length,knn_overlap,250,375,250,375,,1.0,,0.5717333333333333,,0.39226666666666665,,0.4282666666666667,,,,,,,,,0.4282666666666667,,,
F5,F5_rank4_symmetry45,P_M2_basis_inverse,F5_coordinate_basis,cross_task_set,P four coordinates,M2 four linear coordinates,w42_s101,101,42,4,inverse_G2,inverse_G3,B_encoder_C_initial_output,False,All625 source inputs seen; fit/test only analysis-map orbit holdout; physical basis/world is not an independent input universe,answer_scalar,within_length,procrustes,250,375,250,375,4,-4.199186974552975e-16,4.199186974552975e-16,-0.7745966692414833,0.7745966692414833,-0.7745966692414833,0.7745966692414833,0.7745966692414828,,,,,,,,,0.7745966692414828,,,
F5,F5_rank4_symmetry45,P_M2_basis_inverse,F5_coordinate_basis,cross_task_set,P four coordinates,M2 four linear coordinates,w42_s101,101,42,4,inverse_G2,inverse_G3,B_encoder_C_initial_output,False,All625 source inputs seen; fit/test only analysis-map orbit holdout; physical basis/world is not an independent input universe,encoder_final,answer_strata,linear_cka,0,0,250,375,,,,,,,,,,,,,,,,,,,,
F5,F5_rank4_symmetry45,P_M2_basis_inverse,F5_coordinate_basis,cross_task_set,P four coordinates,M2 four linear coordinates,w42_s101,101,42,4,inverse_G2,inverse_G3,B_encoder_C_initial_output,False,All625 source inputs seen; fit/test only analysis-map orbit holdout; physical basis/world is not an independent input universe,encoder_final,answer_strata,debiased_cka,0,0,250,375,,,,,,,,,,,,,,,,,,,,
F5,F5_rank4_symmetry45,P_M2_basis_inverse,F5_coordinate_basis,cross_task_set,P four coordinates,M2 four linear coordinates,w42_s101,101,42,4,inverse_G2,inverse_G3,B_encoder_C_initial_output,False,All625 source inputs seen; fit/test only analysis-map orbit holdout; physical basis/world is not an independent input universe,encoder_final,answer_strata,knn_overlap,0,0,250,375,,,,,,,,,,,,,,,,,,,,
F5,F5_rank4_symmetry45,P_M2_basis_inverse,F5_coordinate_basis,cross_task_set,P four coordinates,M2 four linear coordinates,w42_s101,101,42,4,inverse_G2,inverse_G3,B_encoder_C_initial_output,False,All625 source inputs seen; fit/test only analysis-map orbit holdout; physical basis/world is not an independent input universe,encoder_final,answer_strata,procrustes,0,0,250,375,8,,,,,,,,,,,,,,,,,,,
F5,F5_rank4_symmetry45,P_M2_basis_inverse,F5_coordinate_basis,cross_task_set,P four coordinates,M2 four linear coordinates,w42_s101,101,42,4,inverse_G2,inverse_G3,B_encoder_C_initial_output,False,All625 source inputs seen; fit/test only analysis-map orbit holdout; physical basis/world is not an independent input universe,output_prob,answer_strata,linear_cka,0,0,250,375,,,,,,,,,,,,,,,,,,,,
F5,F5_rank4_symmetry45,P_M2_basis_inverse,F5_coordinate_basis,cross_task_set,P four coordinates,M2 four linear coordinates,w42_s101,101,42,4,inverse_G2,inverse_G3,B_encoder_C_initial_output,False,All625 source inputs seen; fit/test only analysis-map orbit holdout; physical basis/world is not an independent input universe,output_prob,answer_strata,debiased_cka,0,0,250,375,,,,,,,,,,,,,,,,,,,,
F5,F5_rank4_symmetry45,P_M2_basis_inverse,F5_coordinate_basis,cross_task_set,P four coordinates,M2 four linear coordinates,w42_s101,101,42,4,inverse_G2,inverse_G3,B_encoder_C_initial_output,False,All625 source inputs seen; fit/test only analysis-map orbit holdout; physical basis/world is not an independent input universe,output_prob,answer_strata,knn_overlap,0,0,250,375,,,,,,,,,,,,,,,,,,,,
F5,F5_rank4_symmetry45,P_M2_basis_inverse,F5_coordinate_basis,cross_task_set,P four coordinates,M2 four linear coordinates,w42_s101,101,42,4,inverse_G2,inverse_G3,B_encoder_C_initial_output,False,All625 source inputs seen; fit/test only analysis-map orbit holdout; physical basis/world is not an independent input universe,output_prob,answer_strata,procrustes,0,0,250,375,8,,,,,,,,,,,,,,,,,,,
F5,F5_rank4_symmetry45,P_M2_basis_inverse,F5_coordinate_basis,cross_task_set,P four coordinates,M2 four linear coordinates,w42_s101,101,42,4,inverse_G2,inverse_G3,B_encoder_C_initial_output,False,All625 source inputs seen; fit/test only analysis-map orbit holdout; physical basis/world is not an independent input universe,answer_onehot,answer_strata,linear_cka,0,0,250,375,,,,,,,,,,,,,,,,,,,,
F5,F5_rank4_symmetry45,P_M2_basis_inverse,F5_coordinate_basis,cross_task_set,P four coordinates,M2 four linear coordinates,w42_s101,101,42,4,inverse_G2,inverse_G3,B_encoder_C_initial_output,False,All625 source inputs seen; fit/test only analysis-map orbit holdout; physical basis/world is not an independent input universe,answer_onehot,answer_strata,debiased_cka,0,0,250,375,,,,,,,,,,,,,,,,,,,,
F5,F5_rank4_symmetry45,P_M2_basis_inverse,F5_coordinate_basis,cross_task_set,P four coordinates,M2 four linear coordinates,w42_s101,101,42,4,inverse_G2,inverse_G3,B_encoder_C_initial_output,False,All625 source inputs seen; fit/test only analysis-map orbit holdout; physical basis/world is not an independent input universe,answer_onehot,answer_strata,knn_overlap,0,0,250,375,,,,,,,,,,,,,,,,,,,,
F5,F5_rank4_symmetry45,P_M2_basis_inverse,F5_coordinate_basis,cross_task_set,P four coordinates,M2 four linear coordinates,w42_s101,101,42,4,inverse_G2,inverse_G3,B_encoder_C_initial_output,False,All625 source inputs seen; fit/test only analysis-map orbit holdout; physical basis/world is not an independent input universe,answer_onehot,answer_strata,procrustes,0,0,250,375,8,,,,,,,,,,,,,,,,,,,
F5,F5_rank4_symmetry45,P_M2_basis_inverse,F5_coordinate_basis,cross_task_set,P four coordinates,M2 four linear coordinates,w42_s101,101,42,4,inverse_G2,inverse_G3,B_encoder_C_initial_output,False,All625 source inputs seen; fit/test only analysis-map orbit holdout; physical basis/world is not an independent input universe,answer_scalar,answer_strata,linear_cka,0,0,250,375,,,,,,,,,,,,,,,,,,,,
F5,F5_rank4_symmetry45,P_M2_basis_inverse,F5_coordinate_basis,cross_task_set,P four coordinates,M2 four linear coordinates,w42_s101,101,42,4,inverse_G2,inverse_G3,B_encoder_C_initial_output,False,All625 source inputs seen; fit/test only analysis-map orbit holdout; physical basis/world is not an independent input universe,answer_scalar,answer_strata,debiased_cka,0,0,250,375,,,,,,,,,,,,,,,,,,,,
F5,F5_rank4_symmetry45,P_M2_basis_inverse,F5_coordinate_basis,cross_task_set,P four coordinates,M2 four linear coordinates,w42_s101,101,42,4,inverse_G2,inverse_G3,B_encoder_C_initial_output,False,All625 source inputs seen; fit/test only analysis-map orbit holdout; physical basis/world is not an independent input universe,answer_scalar,answer_strata,knn_overlap,0,0,250,375,,,,,,,,,,,,,,,,,,,,
F5,F5_rank4_symmetry45,P_M2_basis_inverse,F5_coordinate_basis,cross_task_set,P four coordinates,M2 four linear coordinates,w42_s101,101,42,4,inverse_G2,inverse_G3,B_encoder_C_initial_output,False,All625 source inputs seen; fit/test only analysis-map orbit holdout; physical basis/world is not an independent input universe,answer_scalar,answer_strata,procrustes,0,0,250,375,4,,,,,,,,,,,,,,,,,,,
F5,F5_rank4_symmetry45,P_M3_basis_inverse,F5_coordinate_basis,cross_task_set,P four coordinates,M3 four linear coordinates,w42_s101,101,42,4,inverse_G3,inverse_G4,B_encoder_C_initial_output,False,All625 source inputs seen; fit/test only analysis-map orbit holdout; physical basis/world is not an independent input universe,encoder_final,within_length,linear_cka,250,375,250,375,,0.4832733201987952,,0.36266401083644684,,0.39371089697368283,,0.12060930936234837,0.20583001173550053,,0.26438783201835037,,1.0000000000000002,,-0.05855782028284984,-0.05855782028284984,0.12060930936234837,0.2774433084632947,0.09827617881809647,0.1791671296451982
F5,F5_rank4_symmetry45,P_M3_basis_inverse,F5_coordinate_basis,cross_task_set,P four coordinates,M3 four linear coordinates,w42_s101,101,42,4,inverse_G3,inverse_G4,B_encoder_C_initial_output,False,All625 source inputs seen; fit/test only analysis-map orbit holdout; physical basis/world is not an independent input universe,encoder_final,within_length,debiased_cka,250,375,250,375,,0.4398961868984258,,0.3090179036017218,,0.3426671932910387,,0.13087828329670398,0.17745803795790063,,0.23807134408270406,,0.9999999999999996,,-0.06061330612480342,-0.06061330612480342,0.13087828329670398,0.2624381489405252,0.07094655951901777,0.1914915894215074
F5,F5_rank4_symmetry45,P_M3_basis_inverse,F5_coordinate_basis,cross_task_set,P four coordinates,M3 four linear coordinates,w42_s101,101,42,4,inverse_G3,inverse_G4,B_encoder_C_initial_output,False,All625 source inputs seen; fit/test only analysis-map orbit holdout; physical basis/world is not an independent input universe,encoder_final,within_length,knn_overlap,250,375,250,375,,0.14986666666666668,,0.11493333333333332,,0.11973333333333334,,0.03493333333333336,0.15519999999999998,,0.3285333333333333,,1.0,,-0.1733333333333333,-0.1733333333333333,0.03493333333333336,-0.005333333333333301,-0.21359999999999996,0.20826666666666666
F5,F5_rank4_symmetry45,P_M3_basis_inverse,F5_coordinate_basis,cross_task_set,P four coordinates,M3 four linear coordinates,w42_s101,101,42,4,inverse_G3,inverse_G4,B_encoder_C_initial_output,False,All625 source inputs seen; fit/test only analysis-map orbit holdout; physical basis/world is not an independent input universe,encoder_final,within_length,procrustes,250,375,250,375,8,-1.0689601859807494,1.0689601859807494,-1.268830155266558,1.268830155266558,-1.2545732621452683,1.2545732621452683,0.19986996928580858,-1.2134825209304592,1.2134825209304592,-1.3097890699809327,1.3097890699809327,-1.757218215582622e-15,1.757218215582622e-15,0.09630654905047353,0.09630654905047353,0.19986996928580858,0.14452233494970979,0.04095891471437474,0.10356342023533505
F5,F5_rank4_symmetry45,P_M3_basis_inverse,F5_coordinate_basis,cross_task_set,P four coordinates,M3 four linear coordinates,w42_s101,101,42,4,inverse_G3,inverse_G4,B_encoder_C_initial_output,False,All625 source inputs seen; fit/test only analysis-map orbit holdout; physical basis/world is not an independent input universe,output_prob,within_length,linear_cka,250,375,250,375,,0.9999999999483844,,0.7721532573143471,,0.7721532573160471,,0.22784674263403726,0.1455423325232813,,0.17180162175731298,,1.0000000000000002,,-0.026259289234031674,-0.026259289234031674,0.22784674263403726,0.8544576674251031,0.6003516355570342,0.2541060318680689
F5,F5_rank4_symmetry45,P_M3_basis_inverse,F5_coordinate_basis,cross_task_set,P four coordinates,M3 four linear coordinates,w42_s101,101,42,4,inverse_G3,inverse_G4,B_encoder_C_initial_output,False,All625 source inputs seen; fit/test only analysis-map orbit holdout; physical basis/world is not an independent input universe,output_prob,within_length,debiased_cka,250,375,250,375,,0.9999999999470476,,0.7636913884210418,,0.7636913884227413,,0.2363086115260058,0.12957508739625656,,0.15637599276550773,,0.9999999999999998,,-0.02680090536925117,-0.02680090536925117,0.2363086115260058,0.870424912550791,0.607315395655534,0.26310951689525697
F5,F5_rank4_symmetry45,P_M3_basis_inverse,F5_coordinate_basis,cross_task_set,P four coordinates,M3 four linear coordinates,w42_s101,101,42,4,inverse_G3,inverse_G4,B_encoder_C_initial_output,False,All625 source inputs seen; fit/test only analysis-map orbit holdout; physical basis/world is not an independent input universe,output_prob,within_length,knn_overlap,250,375,250,375,,0.7122666666666667,,0.5496000000000001,,0.548,,0.16266666666666663,0.08693333333333333,,0.17093333333333335,,1.0,,-0.08400000000000002,-0.08400000000000002,0.16266666666666663,0.6253333333333334,0.3786666666666667,0.24666666666666665
F5,F5_rank4_symmetry45,P_M3_basis_inverse,F5_coordinate_basis,cross_task_set,P four coordinates,M3 four linear coordinates,w42_s101,101,42,4,inverse_G3,inverse_G4,B_encoder_C_initial_output,False,All625 source inputs seen; fit/test only analysis-map orbit holdout; physical basis/world is not an independent input universe,output_prob,within_length,procrustes,250,375,250,375,8,-0.6945510982712142,0.6945510982712142,-0.8938081867252854,0.8938081867252854,-0.8938081719015658,0.8938081719015658,0.1992570884540712,-1.226552651859959,1.226552651859959,-1.3313002810756291,1.3313002810756291,-7.806047702555915e-16,7.806047702555915e-16,0.10474762921567016,0.10474762921567016,0.1992570884540712,0.5320015535887448,0.43749209435034375,0.09450945923840104
F5,F5_rank4_symmetry45,P_M3_basis_inverse,F5_coordinate_basis,cross_task_set,P four coordinates,M3 four linear coordinates,w42_s101,101,42,4,inverse_G3,inverse_G4,B_encoder_C_initial_output,False,All625 source inputs seen; fit/test only analysis-map orbit holdout; physical basis/world is not an independent input universe,answer_onehot,within_length,linear_cka,250,375,250,375,,1.0000000000000218,,0.7721518987341943,,0.7721518987341943,,0.22784810126582744,,,,,,,,,0.22784810126582744,,,
F5,F5_rank4_symmetry45,P_M3_basis_inverse,F5_coordinate_basis,cross_task_set,P four coordinates,M3 four linear coordinates,w42_s101,101,42,4,inverse_G3,inverse_G4,B_encoder_C_initial_output,False,All625 source inputs seen; fit/test only analysis-map orbit holdout; physical basis/world is not an independent input universe,answer_onehot,within_length,debiased_cka,250,375,250,375,,0.9999999999999821,,0.7636899747261869,,0.7636899747261869,,0.2363100252737952,,,,,,,,,0.2363100252737952,,,
F5,F5_rank4_symmetry45,P_M3_basis_inverse,F5_coordinate_basis,cross_task_set,P four coordinates,M3 four linear coordinates,w42_s101,101,42,4,inverse_G3,inverse_G4,B_encoder_C_initial_output,False,All625 source inputs seen; fit/test only analysis-map orbit holdout; physical basis/world is not an independent input universe,answer_onehot,within_length,knn_overlap,250,375,250,375,,1.0,,0.6933333333333334,,0.6936000000000001,,0.30666666666666664,,,,,,,,,0.30666666666666664,,,
F5,F5_rank4_symmetry45,P_M3_basis_inverse,F5_coordinate_basis,cross_task_set,P four coordinates,M3 four linear coordinates,w42_s101,101,42,4,inverse_G3,inverse_G4,B_encoder_C_initial_output,False,All625 source inputs seen; fit/test only analysis-map orbit holdout; physical basis/world is not an independent input universe,answer_onehot,within_length,procrustes,250,375,250,375,8,-5.406088032692576e-16,5.406088032692576e-16,-0.9242751362814131,0.9242751362814131,-1.0881211567774298,1.0881211567774298,0.9242751362814126,,,,,,,,,0.9242751362814126,,,
F5,F5_rank4_symmetry45,P_M3_basis_inverse,F5_coordinate_basis,cross_task_set,P four coordinates,M3 four linear coordinates,w42_s101,101,42,4,inverse_G3,inverse_G4,B_encoder_C_initial_output,False,All625 source inputs seen; fit/test only analysis-map orbit holdout; physical basis/world is not an independent input universe,answer_scalar,within_length,linear_cka,250,375,250,375,,1.0000000000000002,,0.6785714285714287,,0.6785714285714287,,0.3214285714285715,,,,,,,,,0.3214285714285715,,,
F5,F5_rank4_symmetry45,P_M3_basis_inverse,F5_coordinate_basis,cross_task_set,P four coordinates,M3 four linear coordinates,w42_s101,101,42,4,inverse_G3,inverse_G4,B_encoder_C_initial_output,False,All625 source inputs seen; fit/test only analysis-map orbit holdout; physical basis/world is not an independent input universe,answer_scalar,within_length,debiased_cka,250,375,250,375,,1.0000000000000016,,0.6754728291624686,,0.6754728291624684,,0.3245271708375329,,,,,,,,,0.3245271708375329,,,
F5,F5_rank4_symmetry45,P_M3_basis_inverse,F5_coordinate_basis,cross_task_set,P four coordinates,M3 four linear coordinates,w42_s101,101,42,4,inverse_G3,inverse_G4,B_encoder_C_initial_output,False,All625 source inputs seen; fit/test only analysis-map orbit holdout; physical basis/world is not an independent input universe,answer_scalar,within_length,knn_overlap,250,375,250,375,,1.0,,0.38986666666666664,,0.39146666666666663,,0.6101333333333334,,,,,,,,,0.6101333333333334,,,
F5,F5_rank4_symmetry45,P_M3_basis_inverse,F5_coordinate_basis,cross_task_set,P four coordinates,M3 four linear coordinates,w42_s101,101,42,4,inverse_G3,inverse_G4,B_encoder_C_initial_output,False,All625 source inputs seen; fit/test only analysis-map orbit holdout; physical basis/world is not an independent input universe,answer_scalar,within_length,procrustes,250,375,250,375,4,-4.199186974552975e-16,4.199186974552975e-16,-0.7745966692414834,0.7745966692414834,-0.7745966692414834,0.7745966692414834,0.774596669241483,,,,,,,,,0.774596669241483,,,
F5,F5_rank4_symmetry45,P_M3_basis_inverse,F5_coordinate_basis,cross_task_set,P four coordinates,M3 four linear coordinates,w42_s101,101,42,4,inverse_G3,inverse_G4,B_encoder_C_initial_output,False,All625 source inputs seen; fit/test only analysis-map orbit holdout; physical basis/world is not an independent input universe,encoder_final,answer_strata,linear_cka,0,0,250,375,,,,,,,,,,,,,,,,,,,,
F5,F5_rank4_symmetry45,P_M3_basis_inverse,F5_coordinate_basis,cross_task_set,P four coordinates,M3 four linear coordinates,w42_s101,101,42,4,inverse_G3,inverse_G4,B_encoder_C_initial_output,False,All625 source inputs seen; fit/test only analysis-map orbit holdout; physical basis/world is not an independent input universe,encoder_final,answer_strata,debiased_cka,0,0,250,375,,,,,,,,,,,,,,,,,,,,
F5,F5_rank4_symmetry45,P_M3_basis_inverse,F5_coordinate_basis,cross_task_set,P four coordinates,M3 four linear coordinates,w42_s101,101,42,4,inverse_G3,inverse_G4,B_encoder_C_initial_output,False,All625 source inputs seen; fit/test only analysis-map orbit holdout; physical basis/world is not an independent input universe,encoder_final,answer_strata,knn_overlap,0,0,250,375,,,,,,,,,,,,,,,,,,,,
F5,F5_rank4_symmetry45,P_M3_basis_inverse,F5_coordinate_basis,cross_task_set,P four coordinates,M3 four linear coordinates,w42_s101,101,42,4,inverse_G3,inverse_G4,B_encoder_C_initial_output,False,All625 source inputs seen; fit/test only analysis-map orbit holdout; physical basis/world is not an independent input universe,encoder_final,answer_strata,procrustes,0,0,250,375,8,,,,,,,,,,,,,,,,,,,
F5,F5_rank4_symmetry45,P_M3_basis_inverse,F5_coordinate_basis,cross_task_set,P four coordinates,M3 four linear coordinates,w42_s101,101,42,4,inverse_G3,inverse_G4,B_encoder_C_initial_output,False,All625 source inputs seen; fit/test only analysis-map orbit holdout; physical basis/world is not an independent input universe,output_prob,answer_strata,linear_cka,0,0,250,375,,,,,,,,,,,,,,,,,,,,
F5,F5_rank4_symmetry45,P_M3_basis_inverse,F5_coordinate_basis,cross_task_set,P four coordinates,M3 four linear coordinates,w42_s101,101,42,4,inverse_G3,inverse_G4,B_encoder_C_initial_output,False,All625 source inputs seen; fit/test only analysis-map orbit holdout; physical basis/world is not an independent input universe,output_prob,answer_strata,debiased_cka,0,0,250,375,,,,,,,,,,,,,,,,,,,,
F5,F5_rank4_symmetry45,P_M3_basis_inverse,F5_coordinate_basis,cross_task_set,P four coordinates,M3 four linear coordinates,w42_s101,101,42,4,inverse_G3,inverse_G4,B_encoder_C_initial_output,False,All625 source inputs seen; fit/test only analysis-map orbit holdout; physical basis/world is not an independent input universe,output_prob,answer_strata,knn_overlap,0,0,250,375,,,,,,,,,,,,,,,,,,,,
F5,F5_rank4_symmetry45,P_M3_basis_inverse,F5_coordinate_basis,cross_task_set,P four coordinates,M3 four linear coordinates,w42_s101,101,42,4,inverse_G3,inverse_G4,B_encoder_C_initial_output,False,All625 source inputs seen; fit/test only analysis-map orbit holdout; physical basis/world is not an independent input universe,output_prob,answer_strata,procrustes,0,0,250,375,8,,,,,,,,,,,,,,,,,,,
F5,F5_rank4_symmetry45,P_M3_basis_inverse,F5_coordinate_basis,cross_task_set,P four coordinates,M3 four linear coordinates,w42_s101,101,42,4,inverse_G3,inverse_G4,B_encoder_C_initial_output,False,All625 source inputs seen; fit/test only analysis-map orbit holdout; physical basis/world is not an independent input universe,answer_onehot,answer_strata,linear_cka,0,0,250,375,,,,,,,,,,,,,,,,,,,,
F5,F5_rank4_symmetry45,P_M3_basis_inverse,F5_coordinate_basis,cross_task_set,P four coordinates,M3 four linear coordinates,w42_s101,101,42,4,inverse_G3,inverse_G4,B_encoder_C_initial_output,False,All625 source inputs seen; fit/test only analysis-map orbit holdout; physical basis/world is not an independent input universe,answer_onehot,answer_strata,debiased_cka,0,0,250,375,,,,,,,,,,,,,,,,,,,,
F5,F5_rank4_symmetry45,P_M3_basis_inverse,F5_coordinate_basis,cross_task_set,P four coordinates,M3 four linear coordinates,w42_s101,101,42,4,inverse_G3,inverse_G4,B_encoder_C_initial_output,False,All625 source inputs seen; fit/test only analysis-map orbit holdout; physical basis/world is not an independent input universe,answer_onehot,answer_strata,knn_overlap,0,0,250,375,,,,,,,,,,,,,,,,,,,,
F5,F5_rank4_symmetry45,P_M3_basis_inverse,F5_coordinate_basis,cross_task_set,P four coordinates,M3 four linear coordinates,w42_s101,101,42,4,inverse_G3,inverse_G4,B_encoder_C_initial_output,False,All625 source inputs seen; fit/test only analysis-map orbit holdout; physical basis/world is not an independent input universe,answer_onehot,answer_strata,procrustes,0,0,250,375,8,,,,,,,,,,,,,,,,,,,
F5,F5_rank4_symmetry45,P_M3_basis_inverse,F5_coordinate_basis,cross_task_set,P four coordinates,M3 four linear coordinates,w42_s101,101,42,4,inverse_G3,inverse_G4,B_encoder_C_initial_output,False,All625 source inputs seen; fit/test only analysis-map orbit holdout; physical basis/world is not an independent input universe,answer_scalar,answer_strata,linear_cka,0,0,250,375,,,,,,,,,,,,,,,,,,,,
F5,F5_rank4_symmetry45,P_M3_basis_inverse,F5_coordinate_basis,cross_task_set,P four coordinates,M3 four linear coordinates,w42_s101,101,42,4,inverse_G3,inverse_G4,B_encoder_C_initial_output,False,All625 source inputs seen; fit/test only analysis-map orbit holdout; physical basis/world is not an independent input universe,answer_scalar,answer_strata,debiased_cka,0,0,250,375,,,,,,,,,,,,,,,,,,,,
F5,F5_rank4_symmetry45,P_M3_basis_inverse,F5_coordinate_basis,cross_task_set,P four coordinates,M3 four linear coordinates,w42_s101,101,42,4,inverse_G3,inverse_G4,B_encoder_C_initial_output,False,All625 source inputs seen; fit/test only analysis-map orbit holdout; physical basis/world is not an independent input universe,answer_scalar,answer_strata,knn_overlap,0,0,250,375,,,,,,,,,,,,,,,,,,,,
F5,F5_rank4_symmetry45,P_M3_basis_inverse,F5_coordinate_basis,cross_task_set,P four coordinates,M3 four linear coordinates,w42_s101,101,42,4,inverse_G3,inverse_G4,B_encoder_C_initial_output,False,All625 source inputs seen; fit/test only analysis-map orbit holdout; physical basis/world is not an independent input universe,answer_scalar,answer_strata,procrustes,0,0,250,375,4,,,,,,,,,,,,,,,,,,,
F5,F5_rank4_symmetry45,P_M4_basis_inverse,F5_coordinate_basis,cross_task_set,P four coordinates,M4 four linear coordinates,w42_s101,101,42,4,inverse_G4,inverse_G1,B_encoder_C_initial_output,False,All625 source inputs seen; fit/test only analysis-map orbit holdout; physical basis/world is not an independent input universe,encoder_final,within_length,linear_cka,250,375,250,375,,0.46503660609849007,,0.3283683234973151,,0.3699439311741188,,0.13666828260117497,0.26438783201835037,,0.2068229536827504,,1.0000000000000002,,0.05756487833559998,0.05756487833559998,0.13666828260117497,0.2006487740801397,0.12154536981456471,0.079103404265575
F5,F5_rank4_symmetry45,P_M4_basis_inverse,F5_coordinate_basis,cross_task_set,P four coordinates,M4 four linear coordinates,w42_s101,101,42,4,inverse_G4,inverse_G1,B_encoder_C_initial_output,False,All625 source inputs seen; fit/test only analysis-map orbit holdout; physical basis/world is not an independent input universe,encoder_final,within_length,debiased_cka,250,375,250,375,,0.41665488303065545,,0.2672277187971999,,0.3126747550285103,,0.14942716423345553,0.23807134408270406,,0.17855077379989795,,0.9999999999999996,,0.05952057028280611,0.05952057028280611,0.14942716423345553,0.1785835389479514,0.08867694499730197,0.08990659395064943
F5,F5_rank4_symmetry45,P_M4_basis_inverse,F5_coordinate_basis,cross_task_set,P four coordinates,M4 four linear coordinates,w42_s101,101,42,4,inverse_G4,inverse_G1,B_encoder_C_initial_output,False,All625 source inputs seen; fit/test only analysis-map orbit holdout; physical basis/world is not an independent input universe,encoder_final,within_length,knn_overlap,250,375,250,375,,0.15733333333333333,,0.11013333333333332,,0.13466666666666666,,0.047200000000000006,0.3285333333333333,,0.19546666666666665,,1.0,,0.13306666666666664,0.13306666666666664,0.047200000000000006,-0.17119999999999996,-0.08533333333333333,-0.08586666666666663
F5,F5_rank4_symmetry45,P_M4_basis_inverse,F5_coordinate_basis,cross_task_set,P four coordinates,M4 four linear coordinates,w42_s101,101,42,4,inverse_G4,inverse_G1,B_encoder_C_initial_output,False,All625 source inputs seen; fit/test only analysis-map orbit holdout; physical basis/world is not an independent input universe,encoder_final,within_length,procrustes,250,375,250,375,8,-1.0631001757491787,1.0631001757491787,-1.277642896872522,1.277642896872522,-1.2714386560183566,1.2714386560183566,0.21454272112334327,-1.3097890699809327,1.3097890699809327,-1.2128228285632126,1.2128228285632126,-1.757218215582622e-15,1.757218215582622e-15,-0.09696624141772014,-0.09696624141772014,0.21454272112334327,0.246688894231754,-0.06482006830930942,0.3115089625410634
F5,F5_rank4_symmetry45,P_M4_basis_inverse,F5_coordinate_basis,cross_task_set,P four coordinates,M4 four linear coordinates,w42_s101,101,42,4,inverse_G4,inverse_G1,B_encoder_C_initial_output,False,All625 source inputs seen; fit/test only analysis-map orbit holdout; physical basis/world is not an independent input universe,output_prob,within_length,linear_cka,250,375,250,375,,0.9999999999642023,,0.7721545762528809,,0.7721545762551315,,0.22784542371132144,0.17180162175731298,,0.14390822277501772,,1.0000000000000002,,0.02789339898229526,0.02789339898229526,0.22784542371132144,0.8281983782068894,0.6282463534778632,0.19995202472902618
F5,F5_rank4_symmetry45,P_M4_basis_inverse,F5_coordinate_basis,cross_task_set,P four coordinates,M4 four linear coordinates,w42_s101,101,42,4,inverse_G4,inverse_G1,B_encoder_C_initial_output,False,All625 source inputs seen; fit/test only analysis-map orbit holdout; physical basis/world is not an independent input universe,output_prob,within_length,debiased_cka,250,375,250,375,,0.9999999999634351,,0.7636927570523203,,0.7636927570546189,,0.23630724291111482,0.15637599276550773,,0.12775919079914455,,0.9999999999999998,,0.02861680196636318,0.02861680196636318,0.23630724291111482,0.8436240071979274,0.6359335662531758,0.20769044094475164
F5,F5_rank4_symmetry45,P_M4_basis_inverse,F5_coordinate_basis,cross_task_set,P four coordinates,M4 four linear coordinates,w42_s101,101,42,4,inverse_G4,inverse_G1,B_encoder_C_initial_output,False,All625 source inputs seen; fit/test only analysis-map orbit holdout; physical basis/world is not an independent input universe,output_prob,within_length,knn_overlap,250,375,250,375,,0.7650666666666666,,0.6125333333333333,,0.6277333333333334,,0.1525333333333333,0.17093333333333335,,0.0984,,1.0,,0.07253333333333335,0.07253333333333335,0.1525333333333333,0.5941333333333332,0.5141333333333332,0.07999999999999995
F5,F5_rank4_symmetry45,P_M4_basis_inverse,F5_coordinate_basis,cross_task_set,P four coordinates,M4 four linear coordinates,w42_s101,101,42,4,inverse_G4,inverse_G1,B_encoder_C_initial_output,False,All625 source inputs seen; fit/test only analysis-map orbit holdout; physical basis/world is not an independent input universe,output_prob,within_length,procrustes,250,375,250,375,8,-0.5553283886454621,0.5553283886454621,-0.7262100630944618,0.7262100630944618,-0.726210032802288,0.726210032802288,0.1708816744489997,-1.3313002810756291,1.3313002810756291,-1.2293105682111647,1.2293105682111647,-7.806047702555915e-16,7.806047702555915e-16,-0.10198971286446445,-0.10198971286446445,0.1708816744489997,0.7759718924301671,0.5031005051167029,0.27287138731346416
F5,F5_rank4_symmetry45,P_M4_basis_inverse,F5_coordinate_basis,cross_task_set,P four coordinates,M4 four linear coordinates,w42_s101,101,42,4,inverse_G4,inverse_G1,B_encoder_C_initial_output,False,All625 source inputs seen; fit/test only analysis-map orbit holdout; physical basis/world is not an independent input universe,answer_onehot,within_length,linear_cka,250,375,250,375,,1.0000000000000218,,0.7721518987341943,,0.7721518987341939,,0.22784810126582744,,,,,,,,,0.22784810126582744,,,
F5,F5_rank4_symmetry45,P_M4_basis_inverse,F5_coordinate_basis,cross_task_set,P four coordinates,M4 four linear coordinates,w42_s101,101,42,4,inverse_G4,inverse_G1,B_encoder_C_initial_output,False,All625 source inputs seen; fit/test only analysis-map orbit holdout; physical basis/world is not an independent input universe,answer_onehot,within_length,debiased_cka,250,375,250,375,,0.9999999999999821,,0.7636899747261869,,0.763689974726187,,0.2363100252737952,,,,,,,,,0.2363100252737952,,,
F5,F5_rank4_symmetry45,P_M4_basis_inverse,F5_coordinate_basis,cross_task_set,P four coordinates,M4 four linear coordinates,w42_s101,101,42,4,inverse_G4,inverse_G1,B_encoder_C_initial_output,False,All625 source inputs seen; fit/test only analysis-map orbit holdout; physical basis/world is not an independent input universe,answer_onehot,within_length,knn_overlap,250,375,250,375,,1.0,,0.6938666666666665,,0.6933333333333334,,0.3061333333333335,,,,,,,,,0.3061333333333335,,,
F5,F5_rank4_symmetry45,P_M4_basis_inverse,F5_coordinate_basis,cross_task_set,P four coordinates,M4 four linear coordinates,w42_s101,101,42,4,inverse_G4,inverse_G1,B_encoder_C_initial_output,False,All625 source inputs seen; fit/test only analysis-map orbit holdout; physical basis/world is not an independent input universe,answer_onehot,within_length,procrustes,250,375,250,375,8,-5.406088032692576e-16,5.406088032692576e-16,-1.0228968546403372,1.0228968546403372,-0.8917636338257025,0.8917636338257025,1.0228968546403368,,,,,,,,,1.0228968546403368,,,
F5,F5_rank4_symmetry45,P_M4_basis_inverse,F5_coordinate_basis,cross_task_set,P four coordinates,M4 four linear coordinates,w42_s101,101,42,4,inverse_G4,inverse_G1,B_encoder_C_initial_output,False,All625 source inputs seen; fit/test only analysis-map orbit holdout; physical basis/world is not an independent input universe,answer_scalar,within_length,linear_cka,250,375,250,375,,1.0000000000000002,,0.6785714285714287,,0.6785714285714287,,0.3214285714285715,,,,,,,,,0.3214285714285715,,,
F5,F5_rank4_symmetry45,P_M4_basis_inverse,F5_coordinate_basis,cross_task_set,P four coordinates,M4 four linear coordinates,w42_s101,101,42,4,inverse_G4,inverse_G1,B_encoder_C_initial_output,False,All625 source inputs seen; fit/test only analysis-map orbit holdout; physical basis/world is not an independent input universe,answer_scalar,within_length,debiased_cka,250,375,250,375,,1.0000000000000016,,0.6754728291624686,,0.6754728291624686,,0.3245271708375329,,,,,,,,,0.3245271708375329,,,
F5,F5_rank4_symmetry45,P_M4_basis_inverse,F5_coordinate_basis,cross_task_set,P four coordinates,M4 four linear coordinates,w42_s101,101,42,4,inverse_G4,inverse_G1,B_encoder_C_initial_output,False,All625 source inputs seen; fit/test only analysis-map orbit holdout; physical basis/world is not an independent input universe,answer_scalar,within_length,knn_overlap,250,375,250,375,,1.0,,0.5717333333333333,,0.6184,,0.4282666666666667,,,,,,,,,0.4282666666666667,,,
F5,F5_rank4_symmetry45,P_M4_basis_inverse,F5_coordinate_basis,cross_task_set,P four coordinates,M4 four linear coordinates,w42_s101,101,42,4,inverse_G4,inverse_G1,B_encoder_C_initial_output,False,All625 source inputs seen; fit/test only analysis-map orbit holdout; physical basis/world is not an independent input universe,answer_scalar,within_length,procrustes,250,375,250,375,4,-4.199186974552975e-16,4.199186974552975e-16,-0.7745966692414833,0.7745966692414833,-0.7745966692414834,0.7745966692414834,0.7745966692414828,,,,,,,,,0.7745966692414828,,,
F5,F5_rank4_symmetry45,P_M4_basis_inverse,F5_coordinate_basis,cross_task_set,P four coordinates,M4 four linear coordinates,w42_s101,101,42,4,inverse_G4,inverse_G1,B_encoder_C_initial_output,False,All625 source inputs seen; fit/test only analysis-map orbit holdout; physical basis/world is not an independent input universe,encoder_final,answer_strata,linear_cka,0,0,250,375,,,,,,,,,,,,,,,,,,,,
F5,F5_rank4_symmetry45,P_M4_basis_inverse,F5_coordinate_basis,cross_task_set,P four coordinates,M4 four linear coordinates,w42_s101,101,42,4,inverse_G4,inverse_G1,B_encoder_C_initial_output,False,All625 source inputs seen; fit/test only analysis-map orbit holdout; physical basis/world is not an independent input universe,encoder_final,answer_strata,debiased_cka,0,0,250,375,,,,,,,,,,,,,,,,,,,,
F5,F5_rank4_symmetry45,P_M4_basis_inverse,F5_coordinate_basis,cross_task_set,P four coordinates,M4 four linear coordinates,w42_s101,101,42,4,inverse_G4,inverse_G1,B_encoder_C_initial_output,False,All625 source inputs seen; fit/test only analysis-map orbit holdout; physical basis/world is not an independent input universe,encoder_final,answer_strata,knn_overlap,0,0,250,375,,,,,,,,,,,,,,,,,,,,
F5,F5_rank4_symmetry45,P_M4_basis_inverse,F5_coordinate_basis,cross_task_set,P four coordinates,M4 four linear coordinates,w42_s101,101,42,4,inverse_G4,inverse_G1,B_encoder_C_initial_output,False,All625 source inputs seen; fit/test only analysis-map orbit holdout; physical basis/world is not an independent input universe,encoder_final,answer_strata,procrustes,0,0,250,375,8,,,,,,,,,,,,,,,,,,,
F5,F5_rank4_symmetry45,P_M4_basis_inverse,F5_coordinate_basis,cross_task_set,P four coordinates,M4 four linear coordinates,w42_s101,101,42,4,inverse_G4,inverse_G1,B_encoder_C_initial_output,False,All625 source inputs seen; fit/test only analysis-map orbit holdout; physical basis/world is not an independent input universe,output_prob,answer_strata,linear_cka,0,0,250,375,,,,,,,,,,,,,,,,,,,,
F5,F5_rank4_symmetry45,P_M4_basis_inverse,F5_coordinate_basis,cross_task_set,P four coordinates,M4 four linear coordinates,w42_s101,101,42,4,inverse_G4,inverse_G1,B_encoder_C_initial_output,False,All625 source inputs seen; fit/test only analysis-map orbit holdout; physical basis/world is not an independent input universe,output_prob,answer_strata,debiased_cka,0,0,250,375,,,,,,,,,,,,,,,,,,,,
F5,F5_rank4_symmetry45,P_M4_basis_inverse,F5_coordinate_basis,cross_task_set,P four coordinates,M4 four linear coordinates,w42_s101,101,42,4,inverse_G4,inverse_G1,B_encoder_C_initial_output,False,All625 source inputs seen; fit/test only analysis-map orbit holdout; physical basis/world is not an independent input universe,output_prob,answer_strata,knn_overlap,0,0,250,375,,,,,,,,,,,,,,,,,,,,
F5,F5_rank4_symmetry45,P_M4_basis_inverse,F5_coordinate_basis,cross_task_set,P four coordinates,M4 four linear coordinates,w42_s101,101,42,4,inverse_G4,inverse_G1,B_encoder_C_initial_output,False,All625 source inputs seen; fit/test only analysis-map orbit holdout; physical basis/world is not an independent input universe,output_prob,answer_strata,procrustes,0,0,250,375,8,,,,,,,,,,,,,,,,,,,
F5,F5_rank4_symmetry45,P_M4_basis_inverse,F5_coordinate_basis,cross_task_set,P four coordinates,M4 four linear coordinates,w42_s101,101,42,4,inverse_G4,inverse_G1,B_encoder_C_initial_output,False,All625 source inputs seen; fit/test only analysis-map orbit holdout; physical basis/world is not an independent input universe,answer_onehot,answer_strata,linear_cka,0,0,250,375,,,,,,,,,,,,,,,,,,,,
F5,F5_rank4_symmetry45,P_M4_basis_inverse,F5_coordinate_basis,cross_task_set,P four coordinates,M4 four linear coordinates,w42_s101,101,42,4,inverse_G4,inverse_G1,B_encoder_C_initial_output,False,All625 source inputs seen; fit/test only analysis-map orbit holdout; physical basis/world is not an independent input universe,answer_onehot,answer_strata,debiased_cka,0,0,250,375,,,,,,,,,,,,,,,,,,,,
F5,F5_rank4_symmetry45,P_M4_basis_inverse,F5_coordinate_basis,cross_task_set,P four coordinates,M4 four linear coordinates,w42_s101,101,42,4,inverse_G4,inverse_G1,B_encoder_C_initial_output,False,All625 source inputs seen; fit/test only analysis-map orbit holdout; physical basis/world is not an independent input universe,answer_onehot,answer_strata,knn_overlap,0,0,250,375,,,,,,,,,,,,,,,,,,,,
F5,F5_rank4_symmetry45,P_M4_basis_inverse,F5_coordinate_basis,cross_task_set,P four coordinates,M4 four linear coordinates,w42_s101,101,42,4,inverse_G4,inverse_G1,B_encoder_C_initial_output,False,All625 source inputs seen; fit/test only analysis-map orbit holdout; physical basis/world is not an independent input universe,answer_onehot,answer_strata,procrustes,0,0,250,375,8,,,,,,,,,,,,,,,,,,,
F5,F5_rank4_symmetry45,P_M4_basis_inverse,F5_coordinate_basis,cross_task_set,P four coordinates,M4 four linear coordinates,w42_s101,101,42,4,inverse_G4,inverse_G1,B_encoder_C_initial_output,False,All625 source inputs seen; fit/test only analysis-map orbit holdout; physical basis/world is not an independent input universe,answer_scalar,answer_strata,linear_cka,0,0,250,375,,,,,,,,,,,,,,,,,,,,
F5,F5_rank4_symmetry45,P_M4_basis_inverse,F5_coordinate_basis,cross_task_set,P four coordinates,M4 four linear coordinates,w42_s101,101,42,4,inverse_G4,inverse_G1,B_encoder_C_initial_output,False,All625 source inputs seen; fit/test only analysis-map orbit holdout; physical basis/world is not an independent input universe,answer_scalar,answer_strata,debiased_cka,0,0,250,375,,,,,,,,,,,,,,,,,,,,
F5,F5_rank4_symmetry45,P_M4_basis_inverse,F5_coordinate_basis,cross_task_set,P four coordinates,M4 four linear coordinates,w42_s101,101,42,4,inverse_G4,inverse_G1,B_encoder_C_initial_output,False,All625 source inputs seen; fit/test only analysis-map orbit holdout; physical basis/world is not an independent input universe,answer_scalar,answer_strata,knn_overlap,0,0,250,375,,,,,,,,,,,,,,,,,,,,
F5,F5_rank4_symmetry45,P_M4_basis_inverse,F5_coordinate_basis,cross_task_set,P four coordinates,M4 four linear coordinates,w42_s101,101,42,4,inverse_G4,inverse_G1,B_encoder_C_initial_output,False,All625 source inputs seen; fit/test only analysis-map orbit holdout; physical basis/world is not an independent input universe,answer_scalar,answer_strata,procrustes,0,0,250,375,4,,,,,,,,,,,,,,,,,,,
F5,F5_rank4_symmetry45,P_M1_basis_inverse,F5_coordinate_basis,cross_task_set,P four coordinates,M1 four linear coordinates,w101_s17,17,101,4,inverse_G1,inverse_G2,B_encoder_C_initial_output,False,All625 source inputs seen; fit/test only analysis-map orbit holdout; physical basis/world is not an independent input universe,encoder_final,within_length,linear_cka,250,375,250,375,,0.35924580520522753,,0.3272242044640425,,0.4029408362154379,,0.03202160074118504,0.15841925083337652,,0.13127675854247564,,1.0000000000000007,,0.027142492290900877,0.027142492290900877,0.03202160074118504,0.200826554371851,0.19594744592156685,0.004879108450284164
F5,F5_rank4_symmetry45,P_M1_basis_inverse,F5_coordinate_basis,cross_task_set,P four coordinates,M1 four linear coordinates,w101_s17,17,101,4,inverse_G1,inverse_G2,B_encoder_C_initial_output,False,All625 source inputs seen; fit/test only analysis-map orbit holdout; physical basis/world is not an independent input universe,encoder_final,within_length,debiased_cka,250,375,250,375,,0.3004428751020247,,0.2654864529329414,,0.3481736885259102,,0.034956422169083345,0.12916259806977695,,0.10100310169760313,,0.9999999999999998,,0.028159496372173826,0.028159496372173826,0.034956422169083345,0.17128027703224777,0.16448335123533825,0.00679692579690952
F5,F5_rank4_symmetry45,P_M1_basis_inverse,F5_coordinate_basis,cross_task_set,P four coordinates,M1 four linear coordinates,w101_s17,17,101,4,inverse_G1,inverse_G2,B_encoder_C_initial_output,False,All625 source inputs seen; fit/test only analysis-map orbit holdout; physical basis/world is not an independent input universe,encoder_final,within_length,knn_overlap,250,375,250,375,,0.18,,0.1232,,0.18373333333333336,,0.05679999999999999,0.5669333333333333,,0.08186666666666666,,1.0,,0.48506666666666665,0.48506666666666665,0.05679999999999999,-0.3869333333333333,0.04133333333333335,-0.4282666666666667
F5,F5_rank4_symmetry45,P_M1_basis_inverse,F5_coordinate_basis,cross_task_set,P four coordinates,M1 four linear coordinates,w101_s17,17,101,4,inverse_G1,inverse_G2,B_encoder_C_initial_output,False,All625 source inputs seen; fit/test only analysis-map orbit holdout; physical basis/world is not an independent input universe,encoder_final,within_length,procrustes,250,375,250,375,8,-1.2256134960580511,1.2256134960580511,-1.2240759866403221,1.2240759866403221,-1.199914771588399,1.199914771588399,-0.0015375094177290105,-1.3391183479084734,1.3391183479084734,-1.3030836460057647,1.3030836460057647,-9.902050488108165e-16,9.902050488108165e-16,-0.03603470190270874,-0.03603470190270874,-0.0015375094177290105,0.11350485185042225,0.07900765936544252,0.03449719248497973
F5,F5_rank4_symmetry45,P_M1_basis_inverse,F5_coordinate_basis,cross_task_set,P four coordinates,M1 four linear coordinates,w101_s17,17,101,4,inverse_G1,inverse_G2,B_encoder_C_initial_output,False,All625 source inputs seen; fit/test only analysis-map orbit holdout; physical basis/world is not an independent input universe,output_prob,within_length,linear_cka,250,375,250,375,,0.9999999999068969,,0.7721540955643915,,0.7721540955685036,,0.2278459043425054,0.07691858178097065,,0.06834355470923754,,1.0000000000000002,,0.008575027071733105,0.008575027071733105,0.2278459043425054,0.9230814181259263,0.7038105408551539,0.2192708772707723
F5,F5_rank4_symmetry45,P_M1_basis_inverse,F5_coordinate_basis,cross_task_set,P four coordinates,M1 four linear coordinates,w101_s17,17,101,4,inverse_G1,inverse_G2,B_encoder_C_initial_output,False,All625 source inputs seen; fit/test only analysis-map orbit holdout; physical basis/world is not an independent input universe,output_prob,within_length,debiased_cka,250,375,250,375,,0.9999999999046822,,0.7636922569259819,,0.7636922569301948,,0.23630774297870039,0.06171878288769708,,0.05308705462058972,,1.0000000000000002,,0.008631728267107362,0.008631728267107362,0.23630774297870039,0.9382812170169852,0.7106052023053921,0.22767601471159302
F5,F5_rank4_symmetry45,P_M1_basis_inverse,F5_coordinate_basis,cross_task_set,P four coordinates,M1 four linear coordinates,w101_s17,17,101,4,inverse_G1,inverse_G2,B_encoder_C_initial_output,False,All625 source inputs seen; fit/test only analysis-map orbit holdout; physical basis/world is not an independent input universe,output_prob,within_length,knn_overlap,250,375,250,375,,0.7642666666666668,,0.6802666666666667,,0.6837333333333333,,0.08400000000000007,0.31066666666666665,,0.049333333333333326,,1.0,,0.2613333333333333,0.2613333333333333,0.08400000000000007,0.4536000000000001,0.6309333333333333,-0.17733333333333323
F5,F5_rank4_symmetry45,P_M1_basis_inverse,F5_coordinate_basis,cross_task_set,P four coordinates,M1 four linear coordinates,w101_s17,17,101,4,inverse_G1,inverse_G2,B_encoder_C_initial_output,False,All625 source inputs seen; fit/test only analysis-map orbit holdout; physical basis/world is not an independent input universe,output_prob,within_length,procrustes,250,375,250,375,8,-0.788285869033125,0.788285869033125,-0.8054836881365882,0.8054836881365882,-0.8054835806809474,0.8054835806809474,0.017197819103463186,-1.327060938777833,1.327060938777833,-1.2832590458077837,1.2832590458077837,-8.673117011138448e-16,8.673117011138448e-16,-0.04380189297004922,-0.04380189297004922,0.017197819103463186,0.5387750697447079,0.4777753576711955,0.0609997120735124
F5,F5_rank4_symmetry45,P_M1_basis_inverse,F5_coordinate_basis,cross_task_set,P four coordinates,M1 four linear coordinates,w101_s17,17,101,4,inverse_G1,inverse_G2,B_encoder_C_initial_output,False,All625 source inputs seen; fit/test only analysis-map orbit holdout; physical basis/world is not an independent input universe,answer_onehot,within_length,linear_cka,250,375,250,375,,1.000000000000022,,0.7721518987341942,,0.7721518987341942,,0.22784810126582777,,,,,,,,,0.22784810126582777,,,
F5,F5_rank4_symmetry45,P_M1_basis_inverse,F5_coordinate_basis,cross_task_set,P four coordinates,M1 four linear coordinates,w101_s17,17,101,4,inverse_G1,inverse_G2,B_encoder_C_initial_output,False,All625 source inputs seen; fit/test only analysis-map orbit holdout; physical basis/world is not an independent input universe,answer_onehot,within_length,debiased_cka,250,375,250,375,,0.9999999999999817,,0.7636899747261866,,0.7636899747261866,,0.23631002527379508,,,,,,,,,0.23631002527379508,,,
F5,F5_rank4_symmetry45,P_M1_basis_inverse,F5_coordinate_basis,cross_task_set,P four coordinates,M1 four linear coordinates,w101_s17,17,101,4,inverse_G1,inverse_G2,B_encoder_C_initial_output,False,All625 source inputs seen; fit/test only analysis-map orbit holdout; physical basis/world is not an independent input universe,answer_onehot,within_length,knn_overlap,250,375,250,375,,1.0,,0.688,,0.688,,0.31200000000000006,,,,,,,,,0.31200000000000006,,,
F5,F5_rank4_symmetry45,P_M1_basis_inverse,F5_coordinate_basis,cross_task_set,P four coordinates,M1 four linear coordinates,w101_s17,17,101,4,inverse_G1,inverse_G2,B_encoder_C_initial_output,False,All625 source inputs seen; fit/test only analysis-map orbit holdout; physical basis/world is not an independent input universe,answer_onehot,within_length,procrustes,250,375,250,375,8,-7.765294040588031e-16,7.765294040588031e-16,-0.963544931967029,0.963544931967029,-0.9893138352265559,0.9893138352265559,0.9635449319670282,,,,,,,,,0.9635449319670282,,,
F5,F5_rank4_symmetry45,P_M1_basis_inverse,F5_coordinate_basis,cross_task_set,P four coordinates,M1 four linear coordinates,w101_s17,17,101,4,inverse_G1,inverse_G2,B_encoder_C_initial_output,False,All625 source inputs seen; fit/test only analysis-map orbit holdout; physical basis/world is not an independent input universe,answer_scalar,within_length,linear_cka,250,375,250,375,,1.0000000000000002,,0.6785714285714287,,0.6785714285714287,,0.3214285714285715,,,,,,,,,0.3214285714285715,,,
F5,F5_rank4_symmetry45,P_M1_basis_inverse,F5_coordinate_basis,cross_task_set,P four coordinates,M1 four linear coordinates,w101_s17,17,101,4,inverse_G1,inverse_G2,B_encoder_C_initial_output,False,All625 source inputs seen; fit/test only analysis-map orbit holdout; physical basis/world is not an independent input universe,answer_scalar,within_length,debiased_cka,250,375,250,375,,1.0000000000000016,,0.6754728291624685,,0.6754728291624685,,0.324527170837533,,,,,,,,,0.324527170837533,,,
F5,F5_rank4_symmetry45,P_M1_basis_inverse,F5_coordinate_basis,cross_task_set,P four coordinates,M1 four linear coordinates,w101_s17,17,101,4,inverse_G1,inverse_G2,B_encoder_C_initial_output,False,All625 source inputs seen; fit/test only analysis-map orbit holdout; physical basis/world is not an independent input universe,answer_scalar,within_length,knn_overlap,250,375,250,375,,1.0,,0.4013333333333333,,0.6245333333333333,,0.5986666666666667,,,,,,,,,0.5986666666666667,,,
F5,F5_rank4_symmetry45,P_M1_basis_inverse,F5_coordinate_basis,cross_task_set,P four coordinates,M1 four linear coordinates,w101_s17,17,101,4,inverse_G1,inverse_G2,B_encoder_C_initial_output,False,All625 source inputs seen; fit/test only analysis-map orbit holdout; physical basis/world is not an independent input universe,answer_scalar,within_length,procrustes,250,375,250,375,4,-2.798971880388748e-16,2.798971880388748e-16,-0.7745966692414832,0.7745966692414832,-0.7745966692414836,0.7745966692414836,0.7745966692414828,,,,,,,,,0.7745966692414828,,,
F5,F5_rank4_symmetry45,P_M1_basis_inverse,F5_coordinate_basis,cross_task_set,P four coordinates,M1 four linear coordinates,w101_s17,17,101,4,inverse_G1,inverse_G2,B_encoder_C_initial_output,False,All625 source inputs seen; fit/test only analysis-map orbit holdout; physical basis/world is not an independent input universe,encoder_final,answer_strata,linear_cka,0,0,250,375,,,,,,,,,,,,,,,,,,,,
F5,F5_rank4_symmetry45,P_M1_basis_inverse,F5_coordinate_basis,cross_task_set,P four coordinates,M1 four linear coordinates,w101_s17,17,101,4,inverse_G1,inverse_G2,B_encoder_C_initial_output,False,All625 source inputs seen; fit/test only analysis-map orbit holdout; physical basis/world is not an independent input universe,encoder_final,answer_strata,debiased_cka,0,0,250,375,,,,,,,,,,,,,,,,,,,,
F5,F5_rank4_symmetry45,P_M1_basis_inverse,F5_coordinate_basis,cross_task_set,P four coordinates,M1 four linear coordinates,w101_s17,17,101,4,inverse_G1,inverse_G2,B_encoder_C_initial_output,False,All625 source inputs seen; fit/test only analysis-map orbit holdout; physical basis/world is not an independent input universe,encoder_final,answer_strata,knn_overlap,0,0,250,375,,,,,,,,,,,,,,,,,,,,
F5,F5_rank4_symmetry45,P_M1_basis_inverse,F5_coordinate_basis,cross_task_set,P four coordinates,M1 four linear coordinates,w101_s17,17,101,4,inverse_G1,inverse_G2,B_encoder_C_initial_output,False,All625 source inputs seen; fit/test only analysis-map orbit holdout; physical basis/world is not an independent input universe,encoder_final,answer_strata,procrustes,0,0,250,375,8,,,,,,,,,,,,,,,,,,,
F5,F5_rank4_symmetry45,P_M1_basis_inverse,F5_coordinate_basis,cross_task_set,P four coordinates,M1 four linear coordinates,w101_s17,17,101,4,inverse_G1,inverse_G2,B_encoder_C_initial_output,False,All625 source inputs seen; fit/test only analysis-map orbit holdout; physical basis/world is not an independent input universe,output_prob,answer_strata,linear_cka,0,0,250,375,,,,,,,,,,,,,,,,,,,,
F5,F5_rank4_symmetry45,P_M1_basis_inverse,F5_coordinate_basis,cross_task_set,P four coordinates,M1 four linear coordinates,w101_s17,17,101,4,inverse_G1,inverse_G2,B_encoder_C_initial_output,False,All625 source inputs seen; fit/test only analysis-map orbit holdout; physical basis/world is not an independent input universe,output_prob,answer_strata,debiased_cka,0,0,250,375,,,,,,,,,,,,,,,,,,,,
F5,F5_rank4_symmetry45,P_M1_basis_inverse,F5_coordinate_basis,cross_task_set,P four coordinates,M1 four linear coordinates,w101_s17,17,101,4,inverse_G1,inverse_G2,B_encoder_C_initial_output,False,All625 source inputs seen; fit/test only analysis-map orbit holdout; physical basis/world is not an independent input universe,output_prob,answer_strata,knn_overlap,0,0,250,375,,,,,,,,,,,,,,,,,,,,
F5,F5_rank4_symmetry45,P_M1_basis_inverse,F5_coordinate_basis,cross_task_set,P four coordinates,M1 four linear coordinates,w101_s17,17,101,4,inverse_G1,inverse_G2,B_encoder_C_initial_output,False,All625 source inputs seen; fit/test only analysis-map orbit holdout; physical basis/world is not an independent input universe,output_prob,answer_strata,procrustes,0,0,250,375,8,,,,,,,,,,,,,,,,,,,
F5,F5_rank4_symmetry45,P_M1_basis_inverse,F5_coordinate_basis,cross_task_set,P four coordinates,M1 four linear coordinates,w101_s17,17,101,4,inverse_G1,inverse_G2,B_encoder_C_initial_output,False,All625 source inputs seen; fit/test only analysis-map orbit holdout; physical basis/world is not an independent input universe,answer_onehot,answer_strata,linear_cka,0,0,250,375,,,,,,,,,,,,,,,,,,,,
F5,F5_rank4_symmetry45,P_M1_basis_inverse,F5_coordinate_basis,cross_task_set,P four coordinates,M1 four linear coordinates,w101_s17,17,101,4,inverse_G1,inverse_G2,B_encoder_C_initial_output,False,All625 source inputs seen; fit/test only analysis-map orbit holdout; physical basis/world is not an independent input universe,answer_onehot,answer_strata,debiased_cka,0,0,250,375,,,,,,,,,,,,,,,,,,,,
F5,F5_rank4_symmetry45,P_M1_basis_inverse,F5_coordinate_basis,cross_task_set,P four coordinates,M1 four linear coordinates,w101_s17,17,101,4,inverse_G1,inverse_G2,B_encoder_C_initial_output,False,All625 source inputs seen; fit/test only analysis-map orbit holdout; physical basis/world is not an independent input universe,answer_onehot,answer_strata,knn_overlap,0,0,250,375,,,,,,,,,,,,,,,,,,,,
F5,F5_rank4_symmetry45,P_M1_basis_inverse,F5_coordinate_basis,cross_task_set,P four coordinates,M1 four linear coordinates,w101_s17,17,101,4,inverse_G1,inverse_G2,B_encoder_C_initial_output,False,All625 source inputs seen; fit/test only analysis-map orbit holdout; physical basis/world is not an independent input universe,answer_onehot,answer_strata,procrustes,0,0,250,375,8,,,,,,,,,,,,,,,,,,,
F5,F5_rank4_symmetry45,P_M1_basis_inverse,F5_coordinate_basis,cross_task_set,P four coordinates,M1 four linear coordinates,w101_s17,17,101,4,inverse_G1,inverse_G2,B_encoder_C_initial_output,False,All625 source inputs seen; fit/test only analysis-map orbit holdout; physical basis/world is not an independent input universe,answer_scalar,answer_strata,linear_cka,0,0,250,375,,,,,,,,,,,,,,,,,,,,
F5,F5_rank4_symmetry45,P_M1_basis_inverse,F5_coordinate_basis,cross_task_set,P four coordinates,M1 four linear coordinates,w101_s17,17,101,4,inverse_G1,inverse_G2,B_encoder_C_initial_output,False,All625 source inputs seen; fit/test only analysis-map orbit holdout; physical basis/world is not an independent input universe,answer_scalar,answer_strata,debiased_cka,0,0,250,375,,,,,,,,,,,,,,,,,,,,
F5,F5_rank4_symmetry45,P_M1_basis_inverse,F5_coordinate_basis,cross_task_set,P four coordinates,M1 four linear coordinates,w101_s17,17,101,4,inverse_G1,inverse_G2,B_encoder_C_initial_output,False,All625 source inputs seen; fit/test only analysis-map orbit holdout; physical basis/world is not an independent input universe,answer_scalar,answer_strata,knn_overlap,0,0,250,375,,,,,,,,,,,,,,,,,,,,
F5,F5_rank4_symmetry45,P_M1_basis_inverse,F5_coordinate_basis,cross_task_set,P four coordinates,M1 four linear coordinates,w101_s17,17,101,4,inverse_G1,inverse_G2,B_encoder_C_initial_output,False,All625 source inputs seen; fit/test only analysis-map orbit holdout; physical basis/world is not an independent input universe,answer_scalar,answer_strata,procrustes,0,0,250,375,4,,,,,,,,,,,,,,,,,,,
F5,F5_rank4_symmetry45,P_M2_basis_inverse,F5_coordinate_basis,cross_task_set,P four coordinates,M2 four linear coordinates,w101_s17,17,101,4,inverse_G2,inverse_G3,B_encoder_C_initial_output,False,All625 source inputs seen; fit/test only analysis-map orbit holdout; physical basis/world is not an independent input universe,encoder_final,within_length,linear_cka,250,375,250,375,,0.2857480581872749,,0.26634866801976187,,0.31317942024874423,,0.01939939016751302,0.13127675854247564,,0.13285105368807235,,1.0000000000000007,,-0.0015742951455967047,-0.0015742951455967047,0.01939939016751302,0.15447129964479925,0.13349761433168952,0.020973685313109725
F5,F5_rank4_symmetry45,P_M2_basis_inverse,F5_coordinate_basis,cross_task_set,P four coordinates,M2 four linear coordinates,w101_s17,17,101,4,inverse_G2,inverse_G3,B_encoder_C_initial_output,False,All625 source inputs seen; fit/test only analysis-map orbit holdout; physical basis/world is not an independent input universe,encoder_final,within_length,debiased_cka,250,375,250,375,,0.2243464965135519,,0.20328933903649032,,0.25416143060446483,,0.021057157477061578,0.10100310169760313,,0.10261871513117621,,0.9999999999999998,,-0.001615613433573082,-0.001615613433573082,0.021057157477061578,0.12334339481594878,0.10067062390531412,0.02267277091063466
F5,F5_rank4_symmetry45,P_M2_basis_inverse,F5_coordinate_basis,cross_task_set,P four coordinates,M2 four linear coordinates,w101_s17,17,101,4,inverse_G2,inverse_G3,B_encoder_C_initial_output,False,All625 source inputs seen; fit/test only analysis-map orbit holdout; physical basis/world is not an independent input universe,encoder_final,within_length,knn_overlap,250,375,250,375,,0.09386666666666667,,0.0784,,0.21173333333333336,,0.01546666666666667,0.08186666666666666,,0.17973333333333336,,1.0,,-0.0978666666666667,-0.0978666666666667,0.01546666666666667,0.01200000000000001,-0.10133333333333336,0.11333333333333337
F5,F5_rank4_symmetry45,P_M2_basis_inverse,F5_coordinate_basis,cross_task_set,P four coordinates,M2 four linear coordinates,w101_s17,17,101,4,inverse_G2,inverse_G3,B_encoder_C_initial_output,False,All625 source inputs seen; fit/test only analysis-map orbit holdout; physical basis/world is not an independent input universe,encoder_final,within_length,procrustes,250,375,250,375,8,-1.2982491904821716,1.2982491904821716,-1.2912353648063242,1.2912353648063242,-1.271131343864885,1.271131343864885,-0.007013825675847407,-1.3030836460057647,1.3030836460057647,-1.2964949937420447,1.2964949937420447,-9.902050488108165e-16,9.902050488108165e-16,-0.006588652263719963,-0.006588652263719963,-0.007013825675847407,0.004834455523593073,0.005259628935720517,-0.0004251734121274442
F5,F5_rank4_symmetry45,P_M2_basis_inverse,F5_coordinate_basis,cross_task_set,P four coordinates,M2 four linear coordinates,w101_s17,17,101,4,inverse_G2,inverse_G3,B_encoder_C_initial_output,False,All625 source inputs seen; fit/test only analysis-map orbit holdout; physical basis/world is not an independent input universe,output_prob,within_length,linear_cka,250,375,250,375,,0.9999999998846606,,0.7721541364904029,,0.7721541364906545,,0.22784586339425772,0.06834355470923754,,0.06845899630855141,,1.0000000000000002,,-0.00011544159931387021,-0.00011544159931387021,0.22784586339425772,0.931656445175423,0.7036951401818514,0.2279613049935716
F5,F5_rank4_symmetry45,P_M2_basis_inverse,F5_coordinate_basis,cross_task_set,P four coordinates,M2 four linear coordinates,w101_s17,17,101,4,inverse_G2,inverse_G3,B_encoder_C_initial_output,False,All625 source inputs seen; fit/test only analysis-map orbit holdout; physical basis/world is not an independent input universe,output_prob,within_length,debiased_cka,250,375,250,375,,0.999999999881994,,0.7636923008948647,,0.7636923008952707,,0.23630769898712922,0.05308705462058972,,0.05303602698576001,,1.0000000000000002,,5.102763482971173e-05,5.102763482971173e-05,0.23630769898712922,0.9469129452614042,0.7106562739091047,0.2362566713522995
F5,F5_rank4_symmetry45,P_M2_basis_inverse,F5_coordinate_basis,cross_task_set,P four coordinates,M2 four linear coordinates,w101_s17,17,101,4,inverse_G2,inverse_G3,B_encoder_C_initial_output,False,All625 source inputs seen; fit/test only analysis-map orbit holdout; physical basis/world is not an independent input universe,output_prob,within_length,knn_overlap,250,375,250,375,,0.7802666666666668,,0.7133333333333334,,0.7130666666666666,,0.0669333333333334,0.049333333333333326,,0.07786666666666665,,1.0,,-0.028533333333333327,-0.028533333333333327,0.0669333333333334,0.7309333333333334,0.6354666666666667,0.09546666666666673
F5,F5_rank4_symmetry45,P_M2_basis_inverse,F5_coordinate_basis,cross_task_set,P four coordinates,M2 four linear coordinates,w101_s17,17,101,4,inverse_G2,inverse_G3,B_encoder_C_initial_output,False,All625 source inputs seen; fit/test only analysis-map orbit holdout; physical basis/world is not an independent input universe,output_prob,within_length,procrustes,250,375,250,375,8,-0.8456890126268505,0.8456890126268505,-0.899355990805764,0.899355990805764,-0.8993560030076948,0.8993560030076948,0.05366697817891353,-1.2832590458077837,1.2832590458077837,-1.275332025224404,1.275332025224404,-8.673117011138448e-16,8.673117011138448e-16,-0.007927020583379685,-0.007927020583379685,0.05366697817891353,0.43757003318093324,0.37597603441864,0.06159399876229321
F5,F5_rank4_symmetry45,P_M2_basis_inverse,F5_coordinate_basis,cross_task_set,P four coordinates,M2 four linear coordinates,w101_s17,17,101,4,inverse_G2,inverse_G3,B_encoder_C_initial_output,False,All625 source inputs seen; fit/test only analysis-map orbit holdout; physical basis/world is not an independent input universe,answer_onehot,within_length,linear_cka,250,375,250,375,,1.000000000000022,,0.7721518987341942,,0.7721518987341942,,0.22784810126582777,,,,,,,,,0.22784810126582777,,,
F5,F5_rank4_symmetry45,P_M2_basis_inverse,F5_coordinate_basis,cross_task_set,P four coordinates,M2 four linear coordinates,w101_s17,17,101,4,inverse_G2,inverse_G3,B_encoder_C_initial_output,False,All625 source inputs seen; fit/test only analysis-map orbit holdout; physical basis/world is not an independent input universe,answer_onehot,within_length,debiased_cka,250,375,250,375,,0.9999999999999817,,0.7636899747261866,,0.7636899747261866,,0.23631002527379508,,,,,,,,,0.23631002527379508,,,
F5,F5_rank4_symmetry45,P_M2_basis_inverse,F5_coordinate_basis,cross_task_set,P four coordinates,M2 four linear coordinates,w101_s17,17,101,4,inverse_G2,inverse_G3,B_encoder_C_initial_output,False,All625 source inputs seen; fit/test only analysis-map orbit holdout; physical basis/world is not an independent input universe,answer_onehot,within_length,knn_overlap,250,375,250,375,,1.0,,0.6869333333333333,,0.6869333333333333,,0.3130666666666667,,,,,,,,,0.3130666666666667,,,
F5,F5_rank4_symmetry45,P_M2_basis_inverse,F5_coordinate_basis,cross_task_set,P four coordinates,M2 four linear coordinates,w101_s17,17,101,4,inverse_G2,inverse_G3,B_encoder_C_initial_output,False,All625 source inputs seen; fit/test only analysis-map orbit holdout; physical basis/world is not an independent input universe,answer_onehot,within_length,procrustes,250,375,250,375,8,-7.765294040588031e-16,7.765294040588031e-16,-0.9683396848150783,0.9683396848150783,-1.0135801781806013,1.0135801781806013,0.9683396848150775,,,,,,,,,0.9683396848150775,,,
F5,F5_rank4_symmetry45,P_M2_basis_inverse,F5_coordinate_basis,cross_task_set,P four coordinates,M2 four linear coordinates,w101_s17,17,101,4,inverse_G2,inverse_G3,B_encoder_C_initial_output,False,All625 source inputs seen; fit/test only analysis-map orbit holdout; physical basis/world is not an independent input universe,answer_scalar,within_length,linear_cka,250,375,250,375,,1.0000000000000002,,0.6785714285714287,,0.6785714285714287,,0.3214285714285715,,,,,,,,,0.3214285714285715,,,
F5,F5_rank4_symmetry45,P_M2_basis_inverse,F5_coordinate_basis,cross_task_set,P four coordinates,M2 four linear coordinates,w101_s17,17,101,4,inverse_G2,inverse_G3,B_encoder_C_initial_output,False,All625 source inputs seen; fit/test only analysis-map orbit holdout; physical basis/world is not an independent input universe,answer_scalar,within_length,debiased_cka,250,375,250,375,,1.0000000000000016,,0.6754728291624684,,0.6754728291624684,,0.32452717083753313,,,,,,,,,0.32452717083753313,,,
F5,F5_rank4_symmetry45,P_M2_basis_inverse,F5_coordinate_basis,cross_task_set,P four coordinates,M2 four linear coordinates,w101_s17,17,101,4,inverse_G2,inverse_G3,B_encoder_C_initial_output,False,All625 source inputs seen; fit/test only analysis-map orbit holdout; physical basis/world is not an independent input universe,answer_scalar,within_length,knn_overlap,250,375,250,375,,1.0,,0.5701333333333334,,0.3997333333333333,,0.4298666666666666,,,,,,,,,0.4298666666666666,,,
F5,F5_rank4_symmetry45,P_M2_basis_inverse,F5_coordinate_basis,cross_task_set,P four coordinates,M2 four linear coordinates,w101_s17,17,101,4,inverse_G2,inverse_G3,B_encoder_C_initial_output,False,All625 source inputs seen; fit/test only analysis-map orbit holdout; physical basis/world is not an independent input universe,answer_scalar,within_length,procrustes,250,375,250,375,4,-2.798971880388748e-16,2.798971880388748e-16,-0.7745966692414834,0.7745966692414834,-0.7745966692414834,0.7745966692414834,0.7745966692414831,,,,,,,,,0.7745966692414831,,,
F5,F5_rank4_symmetry45,P_M2_basis_inverse,F5_coordinate_basis,cross_task_set,P four coordinates,M2 four linear coordinates,w101_s17,17,101,4,inverse_G2,inverse_G3,B_encoder_C_initial_output,False,All625 source inputs seen; fit/test only analysis-map orbit holdout; physical basis/world is not an independent input universe,encoder_final,answer_strata,linear_cka,0,0,250,375,,,,,,,,,,,,,,,,,,,,
F5,F5_rank4_symmetry45,P_M2_basis_inverse,F5_coordinate_basis,cross_task_set,P four coordinates,M2 four linear coordinates,w101_s17,17,101,4,inverse_G2,inverse_G3,B_encoder_C_initial_output,False,All625 source inputs seen; fit/test only analysis-map orbit holdout; physical basis/world is not an independent input universe,encoder_final,answer_strata,debiased_cka,0,0,250,375,,,,,,,,,,,,,,,,,,,,
F5,F5_rank4_symmetry45,P_M2_basis_inverse,F5_coordinate_basis,cross_task_set,P four coordinates,M2 four linear coordinates,w101_s17,17,101,4,inverse_G2,inverse_G3,B_encoder_C_initial_output,False,All625 source inputs seen; fit/test only analysis-map orbit holdout; physical basis/world is not an independent input universe,encoder_final,answer_strata,knn_overlap,0,0,250,375,,,,,,,,,,,,,,,,,,,,
F5,F5_rank4_symmetry45,P_M2_basis_inverse,F5_coordinate_basis,cross_task_set,P four coordinates,M2 four linear coordinates,w101_s17,17,101,4,inverse_G2,inverse_G3,B_encoder_C_initial_output,False,All625 source inputs seen; fit/test only analysis-map orbit holdout; physical basis/world is not an independent input universe,encoder_final,answer_strata,procrustes,0,0,250,375,8,,,,,,,,,,,,,,,,,,,
F5,F5_rank4_symmetry45,P_M2_basis_inverse,F5_coordinate_basis,cross_task_set,P four coordinates,M2 four linear coordinates,w101_s17,17,101,4,inverse_G2,inverse_G3,B_encoder_C_initial_output,False,All625 source inputs seen; fit/test only analysis-map orbit holdout; physical basis/world is not an independent input universe,output_prob,answer_strata,linear_cka,0,0,250,375,,,,,,,,,,,,,,,,,,,,
F5,F5_rank4_symmetry45,P_M2_basis_inverse,F5_coordinate_basis,cross_task_set,P four coordinates,M2 four linear coordinates,w101_s17,17,101,4,inverse_G2,inverse_G3,B_encoder_C_initial_output,False,All625 source inputs seen; fit/test only analysis-map orbit holdout; physical basis/world is not an independent input universe,output_prob,answer_strata,debiased_cka,0,0,250,375,,,,,,,,,,,,,,,,,,,,
F5,F5_rank4_symmetry45,P_M2_basis_inverse,F5_coordinate_basis,cross_task_set,P four coordinates,M2 four linear coordinates,w101_s17,17,101,4,inverse_G2,inverse_G3,B_encoder_C_initial_output,False,All625 source inputs seen; fit/test only analysis-map orbit holdout; physical basis/world is not an independent input universe,output_prob,answer_strata,knn_overlap,0,0,250,375,,,,,,,,,,,,,,,,,,,,
F5,F5_rank4_symmetry45,P_M2_basis_inverse,F5_coordinate_basis,cross_task_set,P four coordinates,M2 four linear coordinates,w101_s17,17,101,4,inverse_G2,inverse_G3,B_encoder_C_initial_output,False,All625 source inputs seen; fit/test only analysis-map orbit holdout; physical basis/world is not an independent input universe,output_prob,answer_strata,procrustes,0,0,250,375,8,,,,,,,,,,,,,,,,,,,
F5,F5_rank4_symmetry45,P_M2_basis_inverse,F5_coordinate_basis,cross_task_set,P four coordinates,M2 four linear coordinates,w101_s17,17,101,4,inverse_G2,inverse_G3,B_encoder_C_initial_output,False,All625 source inputs seen; fit/test only analysis-map orbit holdout; physical basis/world is not an independent input universe,answer_onehot,answer_strata,linear_cka,0,0,250,375,,,,,,,,,,,,,,,,,,,,
F5,F5_rank4_symmetry45,P_M2_basis_inverse,F5_coordinate_basis,cross_task_set,P four coordinates,M2 four linear coordinates,w101_s17,17,101,4,inverse_G2,inverse_G3,B_encoder_C_initial_output,False,All625 source inputs seen; fit/test only analysis-map orbit holdout; physical basis/world is not an independent input universe,answer_onehot,answer_strata,debiased_cka,0,0,250,375,,,,,,,,,,,,,,,,,,,,
F5,F5_rank4_symmetry45,P_M2_basis_inverse,F5_coordinate_basis,cross_task_set,P four coordinates,M2 four linear coordinates,w101_s17,17,101,4,inverse_G2,inverse_G3,B_encoder_C_initial_output,False,All625 source inputs seen; fit/test only analysis-map orbit holdout; physical basis/world is not an independent input universe,answer_onehot,answer_strata,knn_overlap,0,0,250,375,,,,,,,,,,,,,,,,,,,,
F5,F5_rank4_symmetry45,P_M2_basis_inverse,F5_coordinate_basis,cross_task_set,P four coordinates,M2 four linear coordinates,w101_s17,17,101,4,inverse_G2,inverse_G3,B_encoder_C_initial_output,False,All625 source inputs seen; fit/test only analysis-map orbit holdout; physical basis/world is not an independent input universe,answer_onehot,answer_strata,procrustes,0,0,250,375,8,,,,,,,,,,,,,,,,,,,
F5,F5_rank4_symmetry45,P_M2_basis_inverse,F5_coordinate_basis,cross_task_set,P four coordinates,M2 four linear coordinates,w101_s17,17,101,4,inverse_G2,inverse_G3,B_encoder_C_initial_output,False,All625 source inputs seen; fit/test only analysis-map orbit holdout; physical basis/world is not an independent input universe,answer_scalar,answer_strata,linear_cka,0,0,250,375,,,,,,,,,,,,,,,,,,,,
F5,F5_rank4_symmetry45,P_M2_basis_inverse,F5_coordinate_basis,cross_task_set,P four coordinates,M2 four linear coordinates,w101_s17,17,101,4,inverse_G2,inverse_G3,B_encoder_C_initial_output,False,All625 source inputs seen; fit/test only analysis-map orbit holdout; physical basis/world is not an independent input universe,answer_scalar,answer_strata,debiased_cka,0,0,250,375,,,,,,,,,,,,,,,,,,,,
F5,F5_rank4_symmetry45,P_M2_basis_inverse,F5_coordinate_basis,cross_task_set,P four coordinates,M2 four linear coordinates,w101_s17,17,101,4,inverse_G2,inverse_G3,B_encoder_C_initial_output,False,All625 source inputs seen; fit/test only analysis-map orbit holdout; physical basis/world is not an independent input universe,answer_scalar,answer_strata,knn_overlap,0,0,250,375,,,,,,,,,,,,,,,,,,,,
F5,F5_rank4_symmetry45,P_M2_basis_inverse,F5_coordinate_basis,cross_task_set,P four coordinates,M2 four linear coordinates,w101_s17,17,101,4,inverse_G2,inverse_G3,B_encoder_C_initial_output,False,All625 source inputs seen; fit/test only analysis-map orbit holdout; physical basis/world is not an independent input universe,answer_scalar,answer_strata,procrustes,0,0,250,375,4,,,,,,,,,,,,,,,,,,,
F5,F5_rank4_symmetry45,P_M3_basis_inverse,F5_coordinate_basis,cross_task_set,P four coordinates,M3 four linear coordinates,w101_s17,17,101,4,inverse_G3,inverse_G4,B_encoder_C_initial_output,False,All625 source inputs seen; fit/test only analysis-map orbit holdout; physical basis/world is not an independent input universe,encoder_final,within_length,linear_cka,250,375,250,375,,0.19089452690047165,,0.20835672087171503,,0.22811936234049018,,-0.017462193971243378,0.13285105368807235,,0.13094995675837326,,1.0000000000000007,,0.0019010969296990865,0.0019010969296990865,-0.017462193971243378,0.058043473212399305,0.07740676411334177,-0.019363290900942465
F5,F5_rank4_symmetry45,P_M3_basis_inverse,F5_coordinate_basis,cross_task_set,P four coordinates,M3 four linear coordinates,w101_s17,17,101,4,inverse_G3,inverse_G4,B_encoder_C_initial_output,False,All625 source inputs seen; fit/test only analysis-map orbit holdout; physical basis/world is not an independent input universe,encoder_final,within_length,debiased_cka,250,375,250,375,,0.13575007720994092,,0.1544535250589849,,0.17561208972306183,,-0.018703447849043986,0.10261871513117621,,0.10062322969093374,,0.9999999999999998,,0.0019954854402424727,0.0019954854402424727,-0.018703447849043986,0.033131362078764715,0.05383029536805117,-0.02069893328928646
F5,F5_rank4_symmetry45,P_M3_basis_inverse,F5_coordinate_basis,cross_task_set,P four coordinates,M3 four linear coordinates,w101_s17,17,101,4,inverse_G3,inverse_G4,B_encoder_C_initial_output,False,All625 source inputs seen; fit/test only analysis-map orbit holdout; physical basis/world is not an independent input universe,encoder_final,within_length,knn_overlap,250,375,250,375,,0.07386666666666665,,0.11146666666666666,,0.17866666666666667,,-0.03760000000000001,0.17973333333333336,,0.006933333333333335,,1.0,,0.1728,0.1728,-0.03760000000000001,-0.1058666666666667,0.10453333333333333,-0.21040000000000003
F5,F5_rank4_symmetry45,P_M3_basis_inverse,F5_coordinate_basis,cross_task_set,P four coordinates,M3 four linear coordinates,w101_s17,17,101,4,inverse_G3,inverse_G4,B_encoder_C_initial_output,False,All625 source inputs seen; fit/test only analysis-map orbit holdout; physical basis/world is not an independent input universe,encoder_final,within_length,procrustes,250,375,250,375,8,-1.2634922511387812,1.2634922511387812,-1.2538087333041967,1.2538087333041967,-1.2509794534269711,1.2509794534269711,-0.009683517834584432,-1.2964949937420447,1.2964949937420447,-1.311816315145906,1.311816315145906,-9.902050488108165e-16,9.902050488108165e-16,0.015321321403861221,0.015321321403861221,-0.009683517834584432,0.033002742603263524,0.05800758184170918,-0.025004839238445653
F5,F5_rank4_symmetry45,P_M3_basis_inverse,F5_coordinate_basis,cross_task_set,P four coordinates,M3 four linear coordinates,w101_s17,17,101,4,inverse_G3,inverse_G4,B_encoder_C_initial_output,False,All625 source inputs seen; fit/test only analysis-map orbit holdout; physical basis/world is not an independent input universe,output_prob,within_length,linear_cka,250,375,250,375,,0.9999999998837321,,0.7721546814059689,,0.7721546814089116,,0.22784531847776324,0.06845899630855141,,0.07367919218246217,,1.0000000000000002,,-0.00522019587391076,-0.00522019587391076,0.22784531847776324,0.9315410035751807,0.6984754892235067,0.233065514351674
F5,F5_rank4_symmetry45,P_M3_basis_inverse,F5_coordinate_basis,cross_task_set,P four coordinates,M3 four linear coordinates,w101_s17,17,101,4,inverse_G3,inverse_G4,B_encoder_C_initial_output,False,All625 source inputs seen; fit/test only analysis-map orbit holdout; physical basis/world is not an independent input universe,output_prob,within_length,debiased_cka,250,375,250,375,,0.999999999881018,,0.7636928669086952,,0.7636928669118553,,0.23630713297232275,0.05303602698576001,,0.058431464524120555,,1.0000000000000002,,-0.005395437538360547,-0.005395437538360547,0.23630713297232275,0.9469639728952579,0.7052614023845747,0.2417025705106833
F5,F5_rank4_symmetry45,P_M3_basis_inverse,F5_coordinate_basis,cross_task_set,P four coordinates,M3 four linear coordinates,w101_s17,17,101,4,inverse_G3,inverse_G4,B_encoder_C_initial_output,False,All625 source inputs seen; fit/test only analysis-map orbit holdout; physical basis/world is not an independent input universe,output_prob,within_length,knn_overlap,250,375,250,375,,0.7949333333333334,,0.7349333333333332,,0.7394666666666667,,0.060000000000000164,0.07786666666666665,,0.05093333333333334,,1.0,,0.026933333333333316,0.026933333333333316,0.060000000000000164,0.7170666666666667,0.6839999999999998,0.03306666666666685
F5,F5_rank4_symmetry45,P_M3_basis_inverse,F5_coordinate_basis,cross_task_set,P four coordinates,M3 four linear coordinates,w101_s17,17,101,4,inverse_G3,inverse_G4,B_encoder_C_initial_output,False,All625 source inputs seen; fit/test only analysis-map orbit holdout; physical basis/world is not an independent input universe,output_prob,within_length,procrustes,250,375,250,375,8,-0.8066921222780549,0.8066921222780549,-0.8220784235705986,0.8220784235705986,-0.8220783320310776,0.8220783320310776,0.015386301292543703,-1.275332025224404,1.275332025224404,-1.2990036001787555,1.2990036001787555,-8.673117011138448e-16,8.673117011138448e-16,0.02367157495435146,0.02367157495435146,0.015386301292543703,0.46863990294634916,0.4769251766081569,-0.008285273661807757
F5,F5_rank4_symmetry45,P_M3_basis_inverse,F5_coordinate_basis,cross_task_set,P four coordinates,M3 four linear coordinates,w101_s17,17,101,4,inverse_G3,inverse_G4,B_encoder_C_initial_output,False,All625 source inputs seen; fit/test only analysis-map orbit holdout; physical basis/world is not an independent input universe,answer_onehot,within_length,linear_cka,250,375,250,375,,1.000000000000022,,0.7721518987341943,,0.7721518987341943,,0.22784810126582766,,,,,,,,,0.22784810126582766,,,
F5,F5_rank4_symmetry45,P_M3_basis_inverse,F5_coordinate_basis,cross_task_set,P four coordinates,M3 four linear coordinates,w101_s17,17,101,4,inverse_G3,inverse_G4,B_encoder_C_initial_output,False,All625 source inputs seen; fit/test only analysis-map orbit holdout; physical basis/world is not an independent input universe,answer_onehot,within_length,debiased_cka,250,375,250,375,,0.9999999999999817,,0.7636899747261866,,0.7636899747261866,,0.23631002527379508,,,,,,,,,0.23631002527379508,,,
F5,F5_rank4_symmetry45,P_M3_basis_inverse,F5_coordinate_basis,cross_task_set,P four coordinates,M3 four linear coordinates,w101_s17,17,101,4,inverse_G3,inverse_G4,B_encoder_C_initial_output,False,All625 source inputs seen; fit/test only analysis-map orbit holdout; physical basis/world is not an independent input universe,answer_onehot,within_length,knn_overlap,250,375,250,375,,1.0,,0.6871999999999999,,0.6871999999999999,,0.3128000000000001,,,,,,,,,0.3128000000000001,,,
F5,F5_rank4_symmetry45,P_M3_basis_inverse,F5_coordinate_basis,cross_task_set,P four coordinates,M3 four linear coordinates,w101_s17,17,101,4,inverse_G3,inverse_G4,B_encoder_C_initial_output,False,All625 source inputs seen; fit/test only analysis-map orbit holdout; physical basis/world is not an independent input universe,answer_onehot,within_length,procrustes,250,375,250,375,8,-7.765294040588031e-16,7.765294040588031e-16,-0.9248937867952128,0.9248937867952128,-1.0037227025761504,1.0037227025761504,0.9248937867952121,,,,,,,,,0.9248937867952121,,,
F5,F5_rank4_symmetry45,P_M3_basis_inverse,F5_coordinate_basis,cross_task_set,P four coordinates,M3 four linear coordinates,w101_s17,17,101,4,inverse_G3,inverse_G4,B_encoder_C_initial_output,False,All625 source inputs seen; fit/test only analysis-map orbit holdout; physical basis/world is not an independent input universe,answer_scalar,within_length,linear_cka,250,375,250,375,,1.0000000000000002,,0.6785714285714287,,0.6785714285714287,,0.3214285714285715,,,,,,,,,0.3214285714285715,,,
F5,F5_rank4_symmetry45,P_M3_basis_inverse,F5_coordinate_basis,cross_task_set,P four coordinates,M3 four linear coordinates,w101_s17,17,101,4,inverse_G3,inverse_G4,B_encoder_C_initial_output,False,All625 source inputs seen; fit/test only analysis-map orbit holdout; physical basis/world is not an independent input universe,answer_scalar,within_length,debiased_cka,250,375,250,375,,1.0000000000000016,,0.6754728291624685,,0.6754728291624683,,0.324527170837533,,,,,,,,,0.324527170837533,,,
F5,F5_rank4_symmetry45,P_M3_basis_inverse,F5_coordinate_basis,cross_task_set,P four coordinates,M3 four linear coordinates,w101_s17,17,101,4,inverse_G3,inverse_G4,B_encoder_C_initial_output,False,All625 source inputs seen; fit/test only analysis-map orbit holdout; physical basis/world is not an independent input universe,answer_scalar,within_length,knn_overlap,250,375,250,375,,1.0,,0.3983999999999999,,0.3973333333333333,,0.6016000000000001,,,,,,,,,0.6016000000000001,,,
F5,F5_rank4_symmetry45,P_M3_basis_inverse,F5_coordinate_basis,cross_task_set,P four coordinates,M3 four linear coordinates,w101_s17,17,101,4,inverse_G3,inverse_G4,B_encoder_C_initial_output,False,All625 source inputs seen; fit/test only analysis-map orbit holdout; physical basis/world is not an independent input universe,answer_scalar,within_length,procrustes,250,375,250,375,4,-2.798971880388748e-16,2.798971880388748e-16,-0.7745966692414835,0.7745966692414835,-0.7745966692414835,0.7745966692414835,0.7745966692414832,,,,,,,,,0.7745966692414832,,,
F5,F5_rank4_symmetry45,P_M3_basis_inverse,F5_coordinate_basis,cross_task_set,P four coordinates,M3 four linear coordinates,w101_s17,17,101,4,inverse_G3,inverse_G4,B_encoder_C_initial_output,False,All625 source inputs seen; fit/test only analysis-map orbit holdout; physical basis/world is not an independent input universe,encoder_final,answer_strata,linear_cka,0,0,250,375,,,,,,,,,,,,,,,,,,,,
F5,F5_rank4_symmetry45,P_M3_basis_inverse,F5_coordinate_basis,cross_task_set,P four coordinates,M3 four linear coordinates,w101_s17,17,101,4,inverse_G3,inverse_G4,B_encoder_C_initial_output,False,All625 source inputs seen; fit/test only analysis-map orbit holdout; physical basis/world is not an independent input universe,encoder_final,answer_strata,debiased_cka,0,0,250,375,,,,,,,,,,,,,,,,,,,,
F5,F5_rank4_symmetry45,P_M3_basis_inverse,F5_coordinate_basis,cross_task_set,P four coordinates,M3 four linear coordinates,w101_s17,17,101,4,inverse_G3,inverse_G4,B_encoder_C_initial_output,False,All625 source inputs seen; fit/test only analysis-map orbit holdout; physical basis/world is not an independent input universe,encoder_final,answer_strata,knn_overlap,0,0,250,375,,,,,,,,,,,,,,,,,,,,
F5,F5_rank4_symmetry45,P_M3_basis_inverse,F5_coordinate_basis,cross_task_set,P four coordinates,M3 four linear coordinates,w101_s17,17,101,4,inverse_G3,inverse_G4,B_encoder_C_initial_output,False,All625 source inputs seen; fit/test only analysis-map orbit holdout; physical basis/world is not an independent input universe,encoder_final,answer_strata,procrustes,0,0,250,375,8,,,,,,,,,,,,,,,,,,,
F5,F5_rank4_symmetry45,P_M3_basis_inverse,F5_coordinate_basis,cross_task_set,P four coordinates,M3 four linear coordinates,w101_s17,17,101,4,inverse_G3,inverse_G4,B_encoder_C_initial_output,False,All625 source inputs seen; fit/test only analysis-map orbit holdout; physical basis/world is not an independent input universe,output_prob,answer_strata,linear_cka,0,0,250,375,,,,,,,,,,,,,,,,,,,,
F5,F5_rank4_symmetry45,P_M3_basis_inverse,F5_coordinate_basis,cross_task_set,P four coordinates,M3 four linear coordinates,w101_s17,17,101,4,inverse_G3,inverse_G4,B_encoder_C_initial_output,False,All625 source inputs seen; fit/test only analysis-map orbit holdout; physical basis/world is not an independent input universe,output_prob,answer_strata,debiased_cka,0,0,250,375,,,,,,,,,,,,,,,,,,,,
F5,F5_rank4_symmetry45,P_M3_basis_inverse,F5_coordinate_basis,cross_task_set,P four coordinates,M3 four linear coordinates,w101_s17,17,101,4,inverse_G3,inverse_G4,B_encoder_C_initial_output,False,All625 source inputs seen; fit/test only analysis-map orbit holdout; physical basis/world is not an independent input universe,output_prob,answer_strata,knn_overlap,0,0,250,375,,,,,,,,,,,,,,,,,,,,
F5,F5_rank4_symmetry45,P_M3_basis_inverse,F5_coordinate_basis,cross_task_set,P four coordinates,M3 four linear coordinates,w101_s17,17,101,4,inverse_G3,inverse_G4,B_encoder_C_initial_output,False,All625 source inputs seen; fit/test only analysis-map orbit holdout; physical basis/world is not an independent input universe,output_prob,answer_strata,procrustes,0,0,250,375,8,,,,,,,,,,,,,,,,,,,
F5,F5_rank4_symmetry45,P_M3_basis_inverse,F5_coordinate_basis,cross_task_set,P four coordinates,M3 four linear coordinates,w101_s17,17,101,4,inverse_G3,inverse_G4,B_encoder_C_initial_output,False,All625 source inputs seen; fit/test only analysis-map orbit holdout; physical basis/world is not an independent input universe,answer_onehot,answer_strata,linear_cka,0,0,250,375,,,,,,,,,,,,,,,,,,,,
F5,F5_rank4_symmetry45,P_M3_basis_inverse,F5_coordinate_basis,cross_task_set,P four coordinates,M3 four linear coordinates,w101_s17,17,101,4,inverse_G3,inverse_G4,B_encoder_C_initial_output,False,All625 source inputs seen; fit/test only analysis-map orbit holdout; physical basis/world is not an independent input universe,answer_onehot,answer_strata,debiased_cka,0,0,250,375,,,,,,,,,,,,,,,,,,,,
F5,F5_rank4_symmetry45,P_M3_basis_inverse,F5_coordinate_basis,cross_task_set,P four coordinates,M3 four linear coordinates,w101_s17,17,101,4,inverse_G3,inverse_G4,B_encoder_C_initial_output,False,All625 source inputs seen; fit/test only analysis-map orbit holdout; physical basis/world is not an independent input universe,answer_onehot,answer_strata,knn_overlap,0,0,250,375,,,,,,,,,,,,,,,,,,,,
F5,F5_rank4_symmetry45,P_M3_basis_inverse,F5_coordinate_basis,cross_task_set,P four coordinates,M3 four linear coordinates,w101_s17,17,101,4,inverse_G3,inverse_G4,B_encoder_C_initial_output,False,All625 source inputs seen; fit/test only analysis-map orbit holdout; physical basis/world is not an independent input universe,answer_onehot,answer_strata,procrustes,0,0,250,375,8,,,,,,,,,,,,,,,,,,,
F5,F5_rank4_symmetry45,P_M3_basis_inverse,F5_coordinate_basis,cross_task_set,P four coordinates,M3 four linear coordinates,w101_s17,17,101,4,inverse_G3,inverse_G4,B_encoder_C_initial_output,False,All625 source inputs seen; fit/test only analysis-map orbit holdout; physical basis/world is not an independent input universe,answer_scalar,answer_strata,linear_cka,0,0,250,375,,,,,,,,,,,,,,,,,,,,
F5,F5_rank4_symmetry45,P_M3_basis_inverse,F5_coordinate_basis,cross_task_set,P four coordinates,M3 four linear coordinates,w101_s17,17,101,4,inverse_G3,inverse_G4,B_encoder_C_initial_output,False,All625 source inputs seen; fit/test only analysis-map orbit holdout; physical basis/world is not an independent input universe,answer_scalar,answer_strata,debiased_cka,0,0,250,375,,,,,,,,,,,,,,,,,,,,
F5,F5_rank4_symmetry45,P_M3_basis_inverse,F5_coordinate_basis,cross_task_set,P four coordinates,M3 four linear coordinates,w101_s17,17,101,4,inverse_G3,inverse_G4,B_encoder_C_initial_output,False,All625 source inputs seen; fit/test only analysis-map orbit holdout; physical basis/world is not an independent input universe,answer_scalar,answer_strata,knn_overlap,0,0,250,375,,,,,,,,,,,,,,,,,,,,
F5,F5_rank4_symmetry45,P_M3_basis_inverse,F5_coordinate_basis,cross_task_set,P four coordinates,M3 four linear coordinates,w101_s17,17,101,4,inverse_G3,inverse_G4,B_encoder_C_initial_output,False,All625 source inputs seen; fit/test only analysis-map orbit holdout; physical basis/world is not an independent input universe,answer_scalar,answer_strata,procrustes,0,0,250,375,4,,,,,,,,,,,,,,,,,,,
F5,F5_rank4_symmetry45,P_M4_basis_inverse,F5_coordinate_basis,cross_task_set,P four coordinates,M4 four linear coordinates,w101_s17,17,101,4,inverse_G4,inverse_G1,B_encoder_C_initial_output,False,All625 source inputs seen; fit/test only analysis-map orbit holdout; physical basis/world is not an independent input universe,encoder_final,within_length,linear_cka,250,375,250,375,,0.26555579996681583,,0.2710460428725205,,0.3022935369591969,,-0.0054902429057046565,0.13094995675837326,,0.15841925083337652,,1.0000000000000007,,-0.02746929407500326,-0.02746929407500326,-0.0054902429057046565,0.13460584320844257,0.11262679203914397,0.021979051169298602
F5,F5_rank4_symmetry45,P_M4_basis_inverse,F5_coordinate_basis,cross_task_set,P four coordinates,M4 four linear coordinates,w101_s17,17,101,4,inverse_G4,inverse_G1,B_encoder_C_initial_output,False,All625 source inputs seen; fit/test only analysis-map orbit holdout; physical basis/world is not an independent input universe,encoder_final,within_length,debiased_cka,250,375,250,375,,0.199700159067038,,0.20566720610646888,,0.2397365549758263,,-0.005967047039430878,0.10062322969093374,,0.12916259806977695,,0.9999999999999998,,-0.028539368378843216,-0.028539368378843216,-0.005967047039430878,0.09907692937610427,0.07650460803669193,0.022572321339412338
F5,F5_rank4_symmetry45,P_M4_basis_inverse,F5_coordinate_basis,cross_task_set,P four coordinates,M4 four linear coordinates,w101_s17,17,101,4,inverse_G4,inverse_G1,B_encoder_C_initial_output,False,All625 source inputs seen; fit/test only analysis-map orbit holdout; physical basis/world is not an independent input universe,encoder_final,within_length,knn_overlap,250,375,250,375,,0.10506666666666667,,0.12613333333333332,,0.1504,,-0.02106666666666665,0.006933333333333335,,0.5669333333333333,,1.0,,-0.5599999999999999,-0.5599999999999999,-0.02106666666666665,0.09813333333333334,-0.44079999999999997,0.5389333333333333
F5,F5_rank4_symmetry45,P_M4_basis_inverse,F5_coordinate_basis,cross_task_set,P four coordinates,M4 four linear coordinates,w101_s17,17,101,4,inverse_G4,inverse_G1,B_encoder_C_initial_output,False,All625 source inputs seen; fit/test only analysis-map orbit holdout; physical basis/world is not an independent input universe,encoder_final,within_length,procrustes,250,375,250,375,8,-1.3020677445330147,1.3020677445330147,-1.291840598292765,1.291840598292765,-1.3117416509586262,1.3117416509586262,-0.010227146240249674,-1.311816315145906,1.311816315145906,-1.3391183479084734,1.3391183479084734,-9.902050488108165e-16,9.902050488108165e-16,0.027302032762567485,0.027302032762567485,-0.010227146240249674,0.00974857061289125,0.04727774961570841,-0.03752917900281716
F5,F5_rank4_symmetry45,P_M4_basis_inverse,F5_coordinate_basis,cross_task_set,P four coordinates,M4 four linear coordinates,w101_s17,17,101,4,inverse_G4,inverse_G1,B_encoder_C_initial_output,False,All625 source inputs seen; fit/test only analysis-map orbit holdout; physical basis/world is not an independent input universe,output_prob,within_length,linear_cka,250,375,250,375,,0.9999999998617062,,0.7721560419825825,,0.7721560419841296,,0.2278439578791237,0.07367919218246217,,0.07691858178097065,,1.0000000000000002,,-0.003239389598508474,-0.003239389598508474,0.2278439578791237,0.926320807679244,0.6952374602016118,0.23108334747763218
F5,F5_rank4_symmetry45,P_M4_basis_inverse,F5_coordinate_basis,cross_task_set,P four coordinates,M4 four linear coordinates,w101_s17,17,101,4,inverse_G4,inverse_G1,B_encoder_C_initial_output,False,All625 source inputs seen; fit/test only analysis-map orbit holdout; physical basis/world is not an independent input universe,output_prob,within_length,debiased_cka,250,375,250,375,,0.9999999998582094,,0.763694279035991,,0.7636942790376324,,0.23630572082221846,0.058431464524120555,,0.06171878288769708,,1.0000000000000002,,-0.0032873183635765274,-0.0032873183635765274,0.23630572082221846,0.9415685353340889,0.7019754961482939,0.239593039185795
F5,F5_rank4_symmetry45,P_M4_basis_inverse,F5_coordinate_basis,cross_task_set,P four coordinates,M4 four linear coordinates,w101_s17,17,101,4,inverse_G4,inverse_G1,B_encoder_C_initial_output,False,All625 source inputs seen; fit/test only analysis-map orbit holdout; physical basis/world is not an independent input universe,output_prob,within_length,knn_overlap,250,375,250,375,,0.7794666666666668,,0.7197333333333332,,0.7186666666666667,,0.05973333333333353,0.05093333333333334,,0.31066666666666665,,1.0,,-0.2597333333333333,-0.2597333333333333,0.05973333333333353,0.7285333333333334,0.4090666666666666,0.31946666666666684
F5,F5_rank4_symmetry45,P_M4_basis_inverse,F5_coordinate_basis,cross_task_set,P four coordinates,M4 four linear coordinates,w101_s17,17,101,4,inverse_G4,inverse_G1,B_encoder_C_initial_output,False,All625 source inputs seen; fit/test only analysis-map orbit holdout; physical basis/world is not an independent input universe,output_prob,within_length,procrustes,250,375,250,375,8,-0.7120393949214266,0.7120393949214266,-0.7489565088603457,0.7489565088603457,-0.7489564521102101,0.7489564521102101,0.036917113938919055,-1.2990036001787555,1.2990036001787555,-1.327060938777833,1.327060938777833,-8.673117011138448e-16,8.673117011138448e-16,0.02805733859907744,0.02805733859907744,0.036917113938919055,0.5869642052573288,0.5781044299174872,0.008859775339841613
F5,F5_rank4_symmetry45,P_M4_basis_inverse,F5_coordinate_basis,cross_task_set,P four coordinates,M4 four linear coordinates,w101_s17,17,101,4,inverse_G4,inverse_G1,B_encoder_C_initial_output,False,All625 source inputs seen; fit/test only analysis-map orbit holdout; physical basis/world is not an independent input universe,answer_onehot,within_length,linear_cka,250,375,250,375,,1.000000000000022,,0.7721518987341942,,0.7721518987341942,,0.22784810126582777,,,,,,,,,0.22784810126582777,,,
F5,F5_rank4_symmetry45,P_M4_basis_inverse,F5_coordinate_basis,cross_task_set,P four coordinates,M4 four linear coordinates,w101_s17,17,101,4,inverse_G4,inverse_G1,B_encoder_C_initial_output,False,All625 source inputs seen; fit/test only analysis-map orbit holdout; physical basis/world is not an independent input universe,answer_onehot,within_length,debiased_cka,250,375,250,375,,0.9999999999999817,,0.7636899747261866,,0.7636899747261866,,0.23631002527379508,,,,,,,,,0.23631002527379508,,,
F5,F5_rank4_symmetry45,P_M4_basis_inverse,F5_coordinate_basis,cross_task_set,P four coordinates,M4 four linear coordinates,w101_s17,17,101,4,inverse_G4,inverse_G1,B_encoder_C_initial_output,False,All625 source inputs seen; fit/test only analysis-map orbit holdout; physical basis/world is not an independent input universe,answer_onehot,within_length,knn_overlap,250,375,250,375,,1.0,,0.6869333333333333,,0.6901333333333333,,0.3130666666666667,,,,,,,,,0.3130666666666667,,,
F5,F5_rank4_symmetry45,P_M4_basis_inverse,F5_coordinate_basis,cross_task_set,P four coordinates,M4 four linear coordinates,w101_s17,17,101,4,inverse_G4,inverse_G1,B_encoder_C_initial_output,False,All625 source inputs seen; fit/test only analysis-map orbit holdout; physical basis/world is not an independent input universe,answer_onehot,within_length,procrustes,250,375,250,375,8,-7.765294040588031e-16,7.765294040588031e-16,-0.9683396848150783,0.9683396848150783,-0.9266172317920099,0.9266172317920099,0.9683396848150775,,,,,,,,,0.9683396848150775,,,
F5,F5_rank4_symmetry45,P_M4_basis_inverse,F5_coordinate_basis,cross_task_set,P four coordinates,M4 four linear coordinates,w101_s17,17,101,4,inverse_G4,inverse_G1,B_encoder_C_initial_output,False,All625 source inputs seen; fit/test only analysis-map orbit holdout; physical basis/world is not an independent input universe,answer_scalar,within_length,linear_cka,250,375,250,375,,1.0000000000000002,,0.6785714285714287,,0.6785714285714287,,0.3214285714285715,,,,,,,,,0.3214285714285715,,,
F5,F5_rank4_symmetry45,P_M4_basis_inverse,F5_coordinate_basis,cross_task_set,P four coordinates,M4 four linear coordinates,w101_s17,17,101,4,inverse_G4,inverse_G1,B_encoder_C_initial_output,False,All625 source inputs seen; fit/test only analysis-map orbit holdout; physical basis/world is not an independent input universe,answer_scalar,within_length,debiased_cka,250,375,250,375,,1.0000000000000016,,0.6754728291624684,,0.6754728291624683,,0.32452717083753313,,,,,,,,,0.32452717083753313,,,
F5,F5_rank4_symmetry45,P_M4_basis_inverse,F5_coordinate_basis,cross_task_set,P four coordinates,M4 four linear coordinates,w101_s17,17,101,4,inverse_G4,inverse_G1,B_encoder_C_initial_output,False,All625 source inputs seen; fit/test only analysis-map orbit holdout; physical basis/world is not an independent input universe,answer_scalar,within_length,knn_overlap,250,375,250,375,,1.0,,0.5701333333333334,,0.6269333333333333,,0.4298666666666666,,,,,,,,,0.4298666666666666,,,
F5,F5_rank4_symmetry45,P_M4_basis_inverse,F5_coordinate_basis,cross_task_set,P four coordinates,M4 four linear coordinates,w101_s17,17,101,4,inverse_G4,inverse_G1,B_encoder_C_initial_output,False,All625 source inputs seen; fit/test only analysis-map orbit holdout; physical basis/world is not an independent input universe,answer_scalar,within_length,procrustes,250,375,250,375,4,-2.798971880388748e-16,2.798971880388748e-16,-0.7745966692414834,0.7745966692414834,-0.7745966692414836,0.7745966692414836,0.7745966692414831,,,,,,,,,0.7745966692414831,,,
F5,F5_rank4_symmetry45,P_M4_basis_inverse,F5_coordinate_basis,cross_task_set,P four coordinates,M4 four linear coordinates,w101_s17,17,101,4,inverse_G4,inverse_G1,B_encoder_C_initial_output,False,All625 source inputs seen; fit/test only analysis-map orbit holdout; physical basis/world is not an independent input universe,encoder_final,answer_strata,linear_cka,0,0,250,375,,,,,,,,,,,,,,,,,,,,
F5,F5_rank4_symmetry45,P_M4_basis_inverse,F5_coordinate_basis,cross_task_set,P four coordinates,M4 four linear coordinates,w101_s17,17,101,4,inverse_G4,inverse_G1,B_encoder_C_initial_output,False,All625 source inputs seen; fit/test only analysis-map orbit holdout; physical basis/world is not an independent input universe,encoder_final,answer_strata,debiased_cka,0,0,250,375,,,,,,,,,,,,,,,,,,,,
F5,F5_rank4_symmetry45,P_M4_basis_inverse,F5_coordinate_basis,cross_task_set,P four coordinates,M4 four linear coordinates,w101_s17,17,101,4,inverse_G4,inverse_G1,B_encoder_C_initial_output,False,All625 source inputs seen; fit/test only analysis-map orbit holdout; physical basis/world is not an independent input universe,encoder_final,answer_strata,knn_overlap,0,0,250,375,,,,,,,,,,,,,,,,,,,,
F5,F5_rank4_symmetry45,P_M4_basis_inverse,F5_coordinate_basis,cross_task_set,P four coordinates,M4 four linear coordinates,w101_s17,17,101,4,inverse_G4,inverse_G1,B_encoder_C_initial_output,False,All625 source inputs seen; fit/test only analysis-map orbit holdout; physical basis/world is not an independent input universe,encoder_final,answer_strata,procrustes,0,0,250,375,8,,,,,,,,,,,,,,,,,,,
F5,F5_rank4_symmetry45,P_M4_basis_inverse,F5_coordinate_basis,cross_task_set,P four coordinates,M4 four linear coordinates,w101_s17,17,101,4,inverse_G4,inverse_G1,B_encoder_C_initial_output,False,All625 source inputs seen; fit/test only analysis-map orbit holdout; physical basis/world is not an independent input universe,output_prob,answer_strata,linear_cka,0,0,250,375,,,,,,,,,,,,,,,,,,,,
F5,F5_rank4_symmetry45,P_M4_basis_inverse,F5_coordinate_basis,cross_task_set,P four coordinates,M4 four linear coordinates,w101_s17,17,101,4,inverse_G4,inverse_G1,B_encoder_C_initial_output,False,All625 source inputs seen; fit/test only analysis-map orbit holdout; physical basis/world is not an independent input universe,output_prob,answer_strata,debiased_cka,0,0,250,375,,,,,,,,,,,,,,,,,,,,
F5,F5_rank4_symmetry45,P_M4_basis_inverse,F5_coordinate_basis,cross_task_set,P four coordinates,M4 four linear coordinates,w101_s17,17,101,4,inverse_G4,inverse_G1,B_encoder_C_initial_output,False,All625 source inputs seen; fit/test only analysis-map orbit holdout; physical basis/world is not an independent input universe,output_prob,answer_strata,knn_overlap,0,0,250,375,,,,,,,,,,,,,,,,,,,,
F5,F5_rank4_symmetry45,P_M4_basis_inverse,F5_coordinate_basis,cross_task_set,P four coordinates,M4 four linear coordinates,w101_s17,17,101,4,inverse_G4,inverse_G1,B_encoder_C_initial_output,False,All625 source inputs seen; fit/test only analysis-map orbit holdout; physical basis/world is not an independent input universe,output_prob,answer_strata,procrustes,0,0,250,375,8,,,,,,,,,,,,,,,,,,,
F5,F5_rank4_symmetry45,P_M4_basis_inverse,F5_coordinate_basis,cross_task_set,P four coordinates,M4 four linear coordinates,w101_s17,17,101,4,inverse_G4,inverse_G1,B_encoder_C_initial_output,False,All625 source inputs seen; fit/test only analysis-map orbit holdout; physical basis/world is not an independent input universe,answer_onehot,answer_strata,linear_cka,0,0,250,375,,,,,,,,,,,,,,,,,,,,
F5,F5_rank4_symmetry45,P_M4_basis_inverse,F5_coordinate_basis,cross_task_set,P four coordinates,M4 four linear coordinates,w101_s17,17,101,4,inverse_G4,inverse_G1,B_encoder_C_initial_output,False,All625 source inputs seen; fit/test only analysis-map orbit holdout; physical basis/world is not an independent input universe,answer_onehot,answer_strata,debiased_cka,0,0,250,375,,,,,,,,,,,,,,,,,,,,
F5,F5_rank4_symmetry45,P_M4_basis_inverse,F5_coordinate_basis,cross_task_set,P four coordinates,M4 four linear coordinates,w101_s17,17,101,4,inverse_G4,inverse_G1,B_encoder_C_initial_output,False,All625 source inputs seen; fit/test only analysis-map orbit holdout; physical basis/world is not an independent input universe,answer_onehot,answer_strata,knn_overlap,0,0,250,375,,,,,,,,,,,,,,,,,,,,
F5,F5_rank4_symmetry45,P_M4_basis_inverse,F5_coordinate_basis,cross_task_set,P four coordinates,M4 four linear coordinates,w101_s17,17,101,4,inverse_G4,inverse_G1,B_encoder_C_initial_output,False,All625 source inputs seen; fit/test only analysis-map orbit holdout; physical basis/world is not an independent input universe,answer_onehot,answer_strata,procrustes,0,0,250,375,8,,,,,,,,,,,,,,,,,,,
F5,F5_rank4_symmetry45,P_M4_basis_inverse,F5_coordinate_basis,cross_task_set,P four coordinates,M4 four linear coordinates,w101_s17,17,101,4,inverse_G4,inverse_G1,B_encoder_C_initial_output,False,All625 source inputs seen; fit/test only analysis-map orbit holdout; physical basis/world is not an independent input universe,answer_scalar,answer_strata,linear_cka,0,0,250,375,,,,,,,,,,,,,,,,,,,,
F5,F5_rank4_symmetry45,P_M4_basis_inverse,F5_coordinate_basis,cross_task_set,P four coordinates,M4 four linear coordinates,w101_s17,17,101,4,inverse_G4,inverse_G1,B_encoder_C_initial_output,False,All625 source inputs seen; fit/test only analysis-map orbit holdout; physical basis/world is not an independent input universe,answer_scalar,answer_strata,debiased_cka,0,0,250,375,,,,,,,,,,,,,,,,,,,,
F5,F5_rank4_symmetry45,P_M4_basis_inverse,F5_coordinate_basis,cross_task_set,P four coordinates,M4 four linear coordinates,w101_s17,17,101,4,inverse_G4,inverse_G1,B_encoder_C_initial_output,False,All625 source inputs seen; fit/test only analysis-map orbit holdout; physical basis/world is not an independent input universe,answer_scalar,answer_strata,knn_overlap,0,0,250,375,,,,,,,,,,,,,,,,,,,,
F5,F5_rank4_symmetry45,P_M4_basis_inverse,F5_coordinate_basis,cross_task_set,P four coordinates,M4 four linear coordinates,w101_s17,17,101,4,inverse_G4,inverse_G1,B_encoder_C_initial_output,False,All625 source inputs seen; fit/test only analysis-map orbit holdout; physical basis/world is not an independent input universe,answer_scalar,answer_strata,procrustes,0,0,250,375,4,,,,,,,,,,,,,,,,,,,
F5,F5_rank4_symmetry45,P_M1_basis_inverse,F5_coordinate_basis,cross_task_set,P four coordinates,M1 four linear coordinates,w101_s42,42,101,4,inverse_G1,inverse_G2,B_encoder_C_initial_output,False,All625 source inputs seen; fit/test only analysis-map orbit holdout; physical basis/world is not an independent input universe,encoder_final,within_length,linear_cka,250,375,250,375,,0.3659275549839306,,0.34290103374040004,,0.4331317057363815,,0.02302652124353055,0.23765538659122978,,0.19784876583592848,,1.0000000000000009,,0.03980662075530131,0.03980662075530131,0.02302652124353055,0.1282721683927008,0.14505226790447157,-0.016780099511770757
F5,F5_rank4_symmetry45,P_M1_basis_inverse,F5_coordinate_basis,cross_task_set,P four coordinates,M1 four linear coordinates,w101_s42,42,101,4,inverse_G1,inverse_G2,B_encoder_C_initial_output,False,All625 source inputs seen; fit/test only analysis-map orbit holdout; physical basis/world is not an independent input universe,encoder_final,within_length,debiased_cka,250,375,250,375,,0.3203700619244882,,0.2955936646662282,,0.3923924422074784,,0.024776397258259975,0.20971218337490888,,0.16849276396601096,,1.0,,0.04121941940889792,0.04121941940889792,0.024776397258259975,0.11065787854957931,0.12710090070021726,-0.016443022150637948
F5,F5_rank4_symmetry45,P_M1_basis_inverse,F5_coordinate_basis,cross_task_set,P four coordinates,M1 four linear coordinates,w101_s42,42,101,4,inverse_G1,inverse_G2,B_encoder_C_initial_output,False,All625 source inputs seen; fit/test only analysis-map orbit holdout; physical basis/world is not an independent input universe,encoder_final,within_length,knn_overlap,250,375,250,375,,0.20960000000000004,,0.12826666666666667,,0.21813333333333337,,0.08133333333333337,0.5674666666666666,,0.1893333333333333,,1.0,,0.37813333333333327,0.37813333333333327,0.08133333333333337,-0.35786666666666656,-0.06106666666666663,-0.2967999999999999
F5,F5_rank4_symmetry45,P_M1_basis_inverse,F5_coordinate_basis,cross_task_set,P four coordinates,M1 four linear coordinates,w101_s42,42,101,4,inverse_G1,inverse_G2,B_encoder_C_initial_output,False,All625 source inputs seen; fit/test only analysis-map orbit holdout; physical basis/world is not an independent input universe,encoder_final,within_length,procrustes,250,375,250,375,8,-1.1703573306048873,1.1703573306048873,-1.1715159629458438,1.1715159629458438,-1.0534621033793259,1.0534621033793259,0.001158632340956478,-1.3181711844587698,1.3181711844587698,-1.2417573730114653,1.2417573730114653,-6.516024303848049e-16,6.516024303848049e-16,-0.07641381144730452,-0.07641381144730452,0.001158632340956478,0.14781385385388246,0.07024141006562146,0.077572443788261
F5,F5_rank4_symmetry45,P_M1_basis_inverse,F5_coordinate_basis,cross_task_set,P four coordinates,M1 four linear coordinates,w101_s42,42,101,4,inverse_G1,inverse_G2,B_encoder_C_initial_output,False,All625 source inputs seen; fit/test only analysis-map orbit holdout; physical basis/world is not an independent input universe,output_prob,within_length,linear_cka,250,375,250,375,,0.9999999998318837,,0.7721540204758045,,0.772154020481376,,0.2278459793560792,0.08928355423550818,,0.0653536720111107,,1.0000000000000002,,0.023929882224397486,0.023929882224397486,0.2278459793560792,0.9107164455963755,0.7068003484646939,0.2039160971316817
F5,F5_rank4_symmetry45,P_M1_basis_inverse,F5_coordinate_basis,cross_task_set,P four coordinates,M1 four linear coordinates,w101_s42,42,101,4,inverse_G1,inverse_G2,B_encoder_C_initial_output,False,All625 source inputs seen; fit/test only analysis-map orbit holdout; physical basis/world is not an independent input universe,output_prob,within_length,debiased_cka,250,375,250,375,,0.9999999998274404,,0.7636921873818059,,0.7636921873876051,,0.23630781244563448,0.07480581089057202,,0.05087858325867201,,0.9999999999999996,,0.023927227631900007,0.023927227631900007,0.23630781244563448,0.9251941889368683,0.7128136041231339,0.21238058481373448
F5,F5_rank4_symmetry45,P_M1_basis_inverse,F5_coordinate_basis,cross_task_set,P four coordinates,M1 four linear coordinates,w101_s42,42,101,4,inverse_G1,inverse_G2,B_encoder_C_initial_output,False,All625 source inputs seen; fit/test only analysis-map orbit holdout; physical basis/world is not an independent input universe,output_prob,within_length,knn_overlap,250,375,250,375,,0.7786666666666666,,0.7133333333333334,,0.7130666666666666,,0.06533333333333324,0.24853333333333333,,0.08186666666666667,,1.0,,0.16666666666666666,0.16666666666666666,0.06533333333333324,0.5301333333333333,0.6314666666666667,-0.10133333333333341
F5,F5_rank4_symmetry45,P_M1_basis_inverse,F5_coordinate_basis,cross_task_set,P four coordinates,M1 four linear coordinates,w101_s42,42,101,4,inverse_G1,inverse_G2,B_encoder_C_initial_output,False,All625 source inputs seen; fit/test only analysis-map orbit holdout; physical basis/world is not an independent input universe,output_prob,within_length,procrustes,250,375,250,375,8,-0.7101034429040308,0.7101034429040308,-0.7714374606279569,0.7714374606279569,-0.7714375753639766,0.7714375753639766,0.061334017723926104,-1.315798553132329,1.315798553132329,-1.2653177736042875,1.2653177736042875,-5.40808208474818e-16,5.40808208474818e-16,-0.05048077952804153,-0.05048077952804153,0.061334017723926104,0.6056951102282983,0.4938803129763306,0.11181479725196763
F5,F5_rank4_symmetry45,P_M1_basis_inverse,F5_coordinate_basis,cross_task_set,P four coordinates,M1 four linear coordinates,w101_s42,42,101,4,inverse_G1,inverse_G2,B_encoder_C_initial_output,False,All625 source inputs seen; fit/test only analysis-map orbit holdout; physical basis/world is not an independent input universe,answer_onehot,within_length,linear_cka,250,375,250,375,,1.000000000000022,,0.7721518987341942,,0.7721518987341942,,0.22784810126582777,,,,,,,,,0.22784810126582777,,,
F5,F5_rank4_symmetry45,P_M1_basis_inverse,F5_coordinate_basis,cross_task_set,P four coordinates,M1 four linear coordinates,w101_s42,42,101,4,inverse_G1,inverse_G2,B_encoder_C_initial_output,False,All625 source inputs seen; fit/test only analysis-map orbit holdout; physical basis/world is not an independent input universe,answer_onehot,within_length,debiased_cka,250,375,250,375,,0.9999999999999817,,0.7636899747261866,,0.7636899747261866,,0.23631002527379508,,,,,,,,,0.23631002527379508,,,
F5,F5_rank4_symmetry45,P_M1_basis_inverse,F5_coordinate_basis,cross_task_set,P four coordinates,M1 four linear coordinates,w101_s42,42,101,4,inverse_G1,inverse_G2,B_encoder_C_initial_output,False,All625 source inputs seen; fit/test only analysis-map orbit holdout; physical basis/world is not an independent input universe,answer_onehot,within_length,knn_overlap,250,375,250,375,,1.0,,0.688,,0.688,,0.31200000000000006,,,,,,,,,0.31200000000000006,,,
F5,F5_rank4_symmetry45,P_M1_basis_inverse,F5_coordinate_basis,cross_task_set,P four coordinates,M1 four linear coordinates,w101_s42,42,101,4,inverse_G1,inverse_G2,B_encoder_C_initial_output,False,All625 source inputs seen; fit/test only analysis-map orbit holdout; physical basis/world is not an independent input universe,answer_onehot,within_length,procrustes,250,375,250,375,8,-7.765294040588031e-16,7.765294040588031e-16,-0.963544931967029,0.963544931967029,-0.9893138352265559,0.9893138352265559,0.9635449319670282,,,,,,,,,0.9635449319670282,,,
F5,F5_rank4_symmetry45,P_M1_basis_inverse,F5_coordinate_basis,cross_task_set,P four coordinates,M1 four linear coordinates,w101_s42,42,101,4,inverse_G1,inverse_G2,B_encoder_C_initial_output,False,All625 source inputs seen; fit/test only analysis-map orbit holdout; physical basis/world is not an independent input universe,answer_scalar,within_length,linear_cka,250,375,250,375,,1.0000000000000002,,0.6785714285714287,,0.6785714285714287,,0.3214285714285715,,,,,,,,,0.3214285714285715,,,
F5,F5_rank4_symmetry45,P_M1_basis_inverse,F5_coordinate_basis,cross_task_set,P four coordinates,M1 four linear coordinates,w101_s42,42,101,4,inverse_G1,inverse_G2,B_encoder_C_initial_output,False,All625 source inputs seen; fit/test only analysis-map orbit holdout; physical basis/world is not an independent input universe,answer_scalar,within_length,debiased_cka,250,375,250,375,,1.0000000000000016,,0.6754728291624685,,0.6754728291624685,,0.324527170837533,,,,,,,,,0.324527170837533,,,
F5,F5_rank4_symmetry45,P_M1_basis_inverse,F5_coordinate_basis,cross_task_set,P four coordinates,M1 four linear coordinates,w101_s42,42,101,4,inverse_G1,inverse_G2,B_encoder_C_initial_output,False,All625 source inputs seen; fit/test only analysis-map orbit holdout; physical basis/world is not an independent input universe,answer_scalar,within_length,knn_overlap,250,375,250,375,,1.0,,0.4013333333333333,,0.6245333333333333,,0.5986666666666667,,,,,,,,,0.5986666666666667,,,
F5,F5_rank4_symmetry45,P_M1_basis_inverse,F5_coordinate_basis,cross_task_set,P four coordinates,M1 four linear coordinates,w101_s42,42,101,4,inverse_G1,inverse_G2,B_encoder_C_initial_output,False,All625 source inputs seen; fit/test only analysis-map orbit holdout; physical basis/world is not an independent input universe,answer_scalar,within_length,procrustes,250,375,250,375,4,-2.798971880388748e-16,2.798971880388748e-16,-0.7745966692414832,0.7745966692414832,-0.7745966692414836,0.7745966692414836,0.7745966692414828,,,,,,,,,0.7745966692414828,,,
F5,F5_rank4_symmetry45,P_M1_basis_inverse,F5_coordinate_basis,cross_task_set,P four coordinates,M1 four linear coordinates,w101_s42,42,101,4,inverse_G1,inverse_G2,B_encoder_C_initial_output,False,All625 source inputs seen; fit/test only analysis-map orbit holdout; physical basis/world is not an independent input universe,encoder_final,answer_strata,linear_cka,0,0,250,375,,,,,,,,,,,,,,,,,,,,
F5,F5_rank4_symmetry45,P_M1_basis_inverse,F5_coordinate_basis,cross_task_set,P four coordinates,M1 four linear coordinates,w101_s42,42,101,4,inverse_G1,inverse_G2,B_encoder_C_initial_output,False,All625 source inputs seen; fit/test only analysis-map orbit holdout; physical basis/world is not an independent input universe,encoder_final,answer_strata,debiased_cka,0,0,250,375,,,,,,,,,,,,,,,,,,,,
F5,F5_rank4_symmetry45,P_M1_basis_inverse,F5_coordinate_basis,cross_task_set,P four coordinates,M1 four linear coordinates,w101_s42,42,101,4,inverse_G1,inverse_G2,B_encoder_C_initial_output,False,All625 source inputs seen; fit/test only analysis-map orbit holdout; physical basis/world is not an independent input universe,encoder_final,answer_strata,knn_overlap,0,0,250,375,,,,,,,,,,,,,,,,,,,,
F5,F5_rank4_symmetry45,P_M1_basis_inverse,F5_coordinate_basis,cross_task_set,P four coordinates,M1 four linear coordinates,w101_s42,42,101,4,inverse_G1,inverse_G2,B_encoder_C_initial_output,False,All625 source inputs seen; fit/test only analysis-map orbit holdout; physical basis/world is not an independent input universe,encoder_final,answer_strata,procrustes,0,0,250,375,8,,,,,,,,,,,,,,,,,,,
F5,F5_rank4_symmetry45,P_M1_basis_inverse,F5_coordinate_basis,cross_task_set,P four coordinates,M1 four linear coordinates,w101_s42,42,101,4,inverse_G1,inverse_G2,B_encoder_C_initial_output,False,All625 source inputs seen; fit/test only analysis-map orbit holdout; physical basis/world is not an independent input universe,output_prob,answer_strata,linear_cka,0,0,250,375,,,,,,,,,,,,,,,,,,,,
F5,F5_rank4_symmetry45,P_M1_basis_inverse,F5_coordinate_basis,cross_task_set,P four coordinates,M1 four linear coordinates,w101_s42,42,101,4,inverse_G1,inverse_G2,B_encoder_C_initial_output,False,All625 source inputs seen; fit/test only analysis-map orbit holdout; physical basis/world is not an independent input universe,output_prob,answer_strata,debiased_cka,0,0,250,375,,,,,,,,,,,,,,,,,,,,
F5,F5_rank4_symmetry45,P_M1_basis_inverse,F5_coordinate_basis,cross_task_set,P four coordinates,M1 four linear coordinates,w101_s42,42,101,4,inverse_G1,inverse_G2,B_encoder_C_initial_output,False,All625 source inputs seen; fit/test only analysis-map orbit holdout; physical basis/world is not an independent input universe,output_prob,answer_strata,knn_overlap,0,0,250,375,,,,,,,,,,,,,,,,,,,,
F5,F5_rank4_symmetry45,P_M1_basis_inverse,F5_coordinate_basis,cross_task_set,P four coordinates,M1 four linear coordinates,w101_s42,42,101,4,inverse_G1,inverse_G2,B_encoder_C_initial_output,False,All625 source inputs seen; fit/test only analysis-map orbit holdout; physical basis/world is not an independent input universe,output_prob,answer_strata,procrustes,0,0,250,375,8,,,,,,,,,,,,,,,,,,,
F5,F5_rank4_symmetry45,P_M1_basis_inverse,F5_coordinate_basis,cross_task_set,P four coordinates,M1 four linear coordinates,w101_s42,42,101,4,inverse_G1,inverse_G2,B_encoder_C_initial_output,False,All625 source inputs seen; fit/test only analysis-map orbit holdout; physical basis/world is not an independent input universe,answer_onehot,answer_strata,linear_cka,0,0,250,375,,,,,,,,,,,,,,,,,,,,
F5,F5_rank4_symmetry45,P_M1_basis_inverse,F5_coordinate_basis,cross_task_set,P four coordinates,M1 four linear coordinates,w101_s42,42,101,4,inverse_G1,inverse_G2,B_encoder_C_initial_output,False,All625 source inputs seen; fit/test only analysis-map orbit holdout; physical basis/world is not an independent input universe,answer_onehot,answer_strata,debiased_cka,0,0,250,375,,,,,,,,,,,,,,,,,,,,
F5,F5_rank4_symmetry45,P_M1_basis_inverse,F5_coordinate_basis,cross_task_set,P four coordinates,M1 four linear coordinates,w101_s42,42,101,4,inverse_G1,inverse_G2,B_encoder_C_initial_output,False,All625 source inputs seen; fit/test only analysis-map orbit holdout; physical basis/world is not an independent input universe,answer_onehot,answer_strata,knn_overlap,0,0,250,375,,,,,,,,,,,,,,,,,,,,
F5,F5_rank4_symmetry45,P_M1_basis_inverse,F5_coordinate_basis,cross_task_set,P four coordinates,M1 four linear coordinates,w101_s42,42,101,4,inverse_G1,inverse_G2,B_encoder_C_initial_output,False,All625 source inputs seen; fit/test only analysis-map orbit holdout; physical basis/world is not an independent input universe,answer_onehot,answer_strata,procrustes,0,0,250,375,8,,,,,,,,,,,,,,,,,,,
F5,F5_rank4_symmetry45,P_M1_basis_inverse,F5_coordinate_basis,cross_task_set,P four coordinates,M1 four linear coordinates,w101_s42,42,101,4,inverse_G1,inverse_G2,B_encoder_C_initial_output,False,All625 source inputs seen; fit/test only analysis-map orbit holdout; physical basis/world is not an independent input universe,answer_scalar,answer_strata,linear_cka,0,0,250,375,,,,,,,,,,,,,,,,,,,,
F5,F5_rank4_symmetry45,P_M1_basis_inverse,F5_coordinate_basis,cross_task_set,P four coordinates,M1 four linear coordinates,w101_s42,42,101,4,inverse_G1,inverse_G2,B_encoder_C_initial_output,False,All625 source inputs seen; fit/test only analysis-map orbit holdout; physical basis/world is not an independent input universe,answer_scalar,answer_strata,debiased_cka,0,0,250,375,,,,,,,,,,,,,,,,,,,,
F5,F5_rank4_symmetry45,P_M1_basis_inverse,F5_coordinate_basis,cross_task_set,P four coordinates,M1 four linear coordinates,w101_s42,42,101,4,inverse_G1,inverse_G2,B_encoder_C_initial_output,False,All625 source inputs seen; fit/test only analysis-map orbit holdout; physical basis/world is not an independent input universe,answer_scalar,answer_strata,knn_overlap,0,0,250,375,,,,,,,,,,,,,,,,,,,,
F5,F5_rank4_symmetry45,P_M1_basis_inverse,F5_coordinate_basis,cross_task_set,P four coordinates,M1 four linear coordinates,w101_s42,42,101,4,inverse_G1,inverse_G2,B_encoder_C_initial_output,False,All625 source inputs seen; fit/test only analysis-map orbit holdout; physical basis/world is not an independent input universe,answer_scalar,answer_strata,procrustes,0,0,250,375,4,,,,,,,,,,,,,,,,,,,
F5,F5_rank4_symmetry45,P_M2_basis_inverse,F5_coordinate_basis,cross_task_set,P four coordinates,M2 four linear coordinates,w101_s42,42,101,4,inverse_G2,inverse_G3,B_encoder_C_initial_output,False,All625 source inputs seen; fit/test only analysis-map orbit holdout; physical basis/world is not an independent input universe,encoder_final,within_length,linear_cka,250,375,250,375,,0.3727762404087749,,0.3376450769312733,,0.49133448464988816,,0.03513116347750156,0.19784876583592848,,0.1986645742055389,,1.0000000000000009,,-0.0008158083696104268,-0.0008158083696104268,0.03513116347750156,0.1749274745728464,0.13898050272573442,0.035946971847111986
F5,F5_rank4_symmetry45,P_M2_basis_inverse,F5_coordinate_basis,cross_task_set,P four coordinates,M2 four linear coordinates,w101_s42,42,101,4,inverse_G2,inverse_G3,B_encoder_C_initial_output,False,All625 source inputs seen; fit/test only analysis-map orbit holdout; physical basis/world is not an independent input universe,encoder_final,within_length,debiased_cka,250,375,250,375,,0.32489720335528305,,0.2870257230970143,,0.4525528073473038,,0.03787148025826875,0.16849276396601096,,0.16932474459891736,,1.0,,-0.0008319806329064039,-0.0008319806329064039,0.03787148025826875,0.1564044393892721,0.11770097849809694,0.03870346089117516
F5,F5_rank4_symmetry45,P_M2_basis_inverse,F5_coordinate_basis,cross_task_set,P four coordinates,M2 four linear coordinates,w101_s42,42,101,4,inverse_G2,inverse_G3,B_encoder_C_initial_output,False,All625 source inputs seen; fit/test only analysis-map orbit holdout; physical basis/world is not an independent input universe,encoder_final,within_length,knn_overlap,250,375,250,375,,0.11466666666666667,,0.09173333333333333,,0.26426666666666665,,0.022933333333333333,0.1893333333333333,,0.12639999999999998,,1.0,,0.06293333333333331,0.06293333333333331,0.022933333333333333,-0.07466666666666663,-0.03466666666666665,-0.03999999999999998
F5,F5_rank4_symmetry45,P_M2_basis_inverse,F5_coordinate_basis,cross_task_set,P four coordinates,M2 four linear coordinates,w101_s42,42,101,4,inverse_G2,inverse_G3,B_encoder_C_initial_output,False,All625 source inputs seen; fit/test only analysis-map orbit holdout; physical basis/world is not an independent input universe,encoder_final,within_length,procrustes,250,375,250,375,8,-1.1863717055750354,1.1863717055750354,-1.1616066433537613,1.1616066433537613,-0.9906839751012232,0.9906839751012232,-0.02476506222127406,-1.2417573730114653,1.2417573730114653,-1.2431319942559809,1.2431319942559809,-6.516024303848049e-16,6.516024303848049e-16,0.0013746212445155948,0.0013746212445155948,-0.02476506222127406,0.05538566743642992,0.08152535090221957,-0.026139683465789654
F5,F5_rank4_symmetry45,P_M2_basis_inverse,F5_coordinate_basis,cross_task_set,P four coordinates,M2 four linear coordinates,w101_s42,42,101,4,inverse_G2,inverse_G3,B_encoder_C_initial_output,False,All625 source inputs seen; fit/test only analysis-map orbit holdout; physical basis/world is not an independent input universe,output_prob,within_length,linear_cka,250,375,250,375,,0.9999999998286198,,0.772153907670847,,0.7721539076754376,,0.22784609215777274,0.0653536720111107,,0.06577045393802895,,1.0000000000000002,,-0.00041678192691825544,-0.00041678192691825544,0.22784609215777274,0.934646327817509,0.7063834537328181,0.22826287408469098
F5,F5_rank4_symmetry45,P_M2_basis_inverse,F5_coordinate_basis,cross_task_set,P four coordinates,M2 four linear coordinates,w101_s42,42,101,4,inverse_G2,inverse_G3,B_encoder_C_initial_output,False,All625 source inputs seen; fit/test only analysis-map orbit holdout; physical basis/world is not an independent input universe,output_prob,within_length,debiased_cka,250,375,250,375,,0.9999999998241106,,0.7636920703337627,,0.7636920703383997,,0.23630792949034785,0.05087858325867201,,0.05125221275747276,,0.9999999999999996,,-0.000373629498800751,-0.000373629498800751,0.23630792949034785,0.9491214165654386,0.71243985757629,0.2366815589891486
F5,F5_rank4_symmetry45,P_M2_basis_inverse,F5_coordinate_basis,cross_task_set,P four coordinates,M2 four linear coordinates,w101_s42,42,101,4,inverse_G2,inverse_G3,B_encoder_C_initial_output,False,All625 source inputs seen; fit/test only analysis-map orbit holdout; physical basis/world is not an independent input universe,output_prob,within_length,knn_overlap,250,375,250,375,,0.7874666666666665,,0.7274666666666667,,0.7285333333333335,,0.05999999999999983,0.08186666666666667,,0.07733333333333334,,1.0,,0.004533333333333334,0.004533333333333334,0.05999999999999983,0.7055999999999999,0.6501333333333333,0.0554666666666665
F5,F5_rank4_symmetry45,P_M2_basis_inverse,F5_coordinate_basis,cross_task_set,P four coordinates,M2 four linear coordinates,w101_s42,42,101,4,inverse_G2,inverse_G3,B_encoder_C_initial_output,False,All625 source inputs seen; fit/test only analysis-map orbit holdout; physical basis/world is not an independent input universe,output_prob,within_length,procrustes,250,375,250,375,8,-0.6625072200161254,0.6625072200161254,-0.8613816152461735,0.8613816152461735,-0.861381803434221,0.861381803434221,0.19887439523004813,-1.2653177736042875,1.2653177736042875,-1.2613577432134286,1.2613577432134286,-5.40808208474818e-16,5.40808208474818e-16,-0.003960030390858904,-0.003960030390858904,0.19887439523004813,0.6028105535881622,0.3999761279672551,0.20283442562090703
F5,F5_rank4_symmetry45,P_M2_basis_inverse,F5_coordinate_basis,cross_task_set,P four coordinates,M2 four linear coordinates,w101_s42,42,101,4,inverse_G2,inverse_G3,B_encoder_C_initial_output,False,All625 source inputs seen; fit/test only analysis-map orbit holdout; physical basis/world is not an independent input universe,answer_onehot,within_length,linear_cka,250,375,250,375,,1.000000000000022,,0.7721518987341942,,0.7721518987341942,,0.22784810126582777,,,,,,,,,0.22784810126582777,,,
F5,F5_rank4_symmetry45,P_M2_basis_inverse,F5_coordinate_basis,cross_task_set,P four coordinates,M2 four linear coordinates,w101_s42,42,101,4,inverse_G2,inverse_G3,B_encoder_C_initial_output,False,All625 source inputs seen; fit/test only analysis-map orbit holdout; physical basis/world is not an independent input universe,answer_onehot,within_length,debiased_cka,250,375,250,375,,0.9999999999999817,,0.7636899747261866,,0.7636899747261866,,0.23631002527379508,,,,,,,,,0.23631002527379508,,,
F5,F5_rank4_symmetry45,P_M2_basis_inverse,F5_coordinate_basis,cross_task_set,P four coordinates,M2 four linear coordinates,w101_s42,42,101,4,inverse_G2,inverse_G3,B_encoder_C_initial_output,False,All625 source inputs seen; fit/test only analysis-map orbit holdout; physical basis/world is not an independent input universe,answer_onehot,within_length,knn_overlap,250,375,250,375,,1.0,,0.6869333333333333,,0.6869333333333333,,0.3130666666666667,,,,,,,,,0.3130666666666667,,,
F5,F5_rank4_symmetry45,P_M2_basis_inverse,F5_coordinate_basis,cross_task_set,P four coordinates,M2 four linear coordinates,w101_s42,42,101,4,inverse_G2,inverse_G3,B_encoder_C_initial_output,False,All625 source inputs seen; fit/test only analysis-map orbit holdout; physical basis/world is not an independent input universe,answer_onehot,within_length,procrustes,250,375,250,375,8,-7.765294040588031e-16,7.765294040588031e-16,-0.9683396848150783,0.9683396848150783,-1.0135801781806013,1.0135801781806013,0.9683396848150775,,,,,,,,,0.9683396848150775,,,
F5,F5_rank4_symmetry45,P_M2_basis_inverse,F5_coordinate_basis,cross_task_set,P four coordinates,M2 four linear coordinates,w101_s42,42,101,4,inverse_G2,inverse_G3,B_encoder_C_initial_output,False,All625 source inputs seen; fit/test only analysis-map orbit holdout; physical basis/world is not an independent input universe,answer_scalar,within_length,linear_cka,250,375,250,375,,1.0000000000000002,,0.6785714285714287,,0.6785714285714287,,0.3214285714285715,,,,,,,,,0.3214285714285715,,,
F5,F5_rank4_symmetry45,P_M2_basis_inverse,F5_coordinate_basis,cross_task_set,P four coordinates,M2 four linear coordinates,w101_s42,42,101,4,inverse_G2,inverse_G3,B_encoder_C_initial_output,False,All625 source inputs seen; fit/test only analysis-map orbit holdout; physical basis/world is not an independent input universe,answer_scalar,within_length,debiased_cka,250,375,250,375,,1.0000000000000016,,0.6754728291624684,,0.6754728291624684,,0.32452717083753313,,,,,,,,,0.32452717083753313,,,
F5,F5_rank4_symmetry45,P_M2_basis_inverse,F5_coordinate_basis,cross_task_set,P four coordinates,M2 four linear coordinates,w101_s42,42,101,4,inverse_G2,inverse_G3,B_encoder_C_initial_output,False,All625 source inputs seen; fit/test only analysis-map orbit holdout; physical basis/world is not an independent input universe,answer_scalar,within_length,knn_overlap,250,375,250,375,,1.0,,0.5701333333333334,,0.3997333333333333,,0.4298666666666666,,,,,,,,,0.4298666666666666,,,
F5,F5_rank4_symmetry45,P_M2_basis_inverse,F5_coordinate_basis,cross_task_set,P four coordinates,M2 four linear coordinates,w101_s42,42,101,4,inverse_G2,inverse_G3,B_encoder_C_initial_output,False,All625 source inputs seen; fit/test only analysis-map orbit holdout; physical basis/world is not an independent input universe,answer_scalar,within_length,procrustes,250,375,250,375,4,-2.798971880388748e-16,2.798971880388748e-16,-0.7745966692414834,0.7745966692414834,-0.7745966692414834,0.7745966692414834,0.7745966692414831,,,,,,,,,0.7745966692414831,,,
F5,F5_rank4_symmetry45,P_M2_basis_inverse,F5_coordinate_basis,cross_task_set,P four coordinates,M2 four linear coordinates,w101_s42,42,101,4,inverse_G2,inverse_G3,B_encoder_C_initial_output,False,All625 source inputs seen; fit/test only analysis-map orbit holdout; physical basis/world is not an independent input universe,encoder_final,answer_strata,linear_cka,0,0,250,375,,,,,,,,,,,,,,,,,,,,
F5,F5_rank4_symmetry45,P_M2_basis_inverse,F5_coordinate_basis,cross_task_set,P four coordinates,M2 four linear coordinates,w101_s42,42,101,4,inverse_G2,inverse_G3,B_encoder_C_initial_output,False,All625 source inputs seen; fit/test only analysis-map orbit holdout; physical basis/world is not an independent input universe,encoder_final,answer_strata,debiased_cka,0,0,250,375,,,,,,,,,,,,,,,,,,,,
F5,F5_rank4_symmetry45,P_M2_basis_inverse,F5_coordinate_basis,cross_task_set,P four coordinates,M2 four linear coordinates,w101_s42,42,101,4,inverse_G2,inverse_G3,B_encoder_C_initial_output,False,All625 source inputs seen; fit/test only analysis-map orbit holdout; physical basis/world is not an independent input universe,encoder_final,answer_strata,knn_overlap,0,0,250,375,,,,,,,,,,,,,,,,,,,,
F5,F5_rank4_symmetry45,P_M2_basis_inverse,F5_coordinate_basis,cross_task_set,P four coordinates,M2 four linear coordinates,w101_s42,42,101,4,inverse_G2,inverse_G3,B_encoder_C_initial_output,False,All625 source inputs seen; fit/test only analysis-map orbit holdout; physical basis/world is not an independent input universe,encoder_final,answer_strata,procrustes,0,0,250,375,8,,,,,,,,,,,,,,,,,,,
F5,F5_rank4_symmetry45,P_M2_basis_inverse,F5_coordinate_basis,cross_task_set,P four coordinates,M2 four linear coordinates,w101_s42,42,101,4,inverse_G2,inverse_G3,B_encoder_C_initial_output,False,All625 source inputs seen; fit/test only analysis-map orbit holdout; physical basis/world is not an independent input universe,output_prob,answer_strata,linear_cka,0,0,250,375,,,,,,,,,,,,,,,,,,,,
F5,F5_rank4_symmetry45,P_M2_basis_inverse,F5_coordinate_basis,cross_task_set,P four coordinates,M2 four linear coordinates,w101_s42,42,101,4,inverse_G2,inverse_G3,B_encoder_C_initial_output,False,All625 source inputs seen; fit/test only analysis-map orbit holdout; physical basis/world is not an independent input universe,output_prob,answer_strata,debiased_cka,0,0,250,375,,,,,,,,,,,,,,,,,,,,
F5,F5_rank4_symmetry45,P_M2_basis_inverse,F5_coordinate_basis,cross_task_set,P four coordinates,M2 four linear coordinates,w101_s42,42,101,4,inverse_G2,inverse_G3,B_encoder_C_initial_output,False,All625 source inputs seen; fit/test only analysis-map orbit holdout; physical basis/world is not an independent input universe,output_prob,answer_strata,knn_overlap,0,0,250,375,,,,,,,,,,,,,,,,,,,,
F5,F5_rank4_symmetry45,P_M2_basis_inverse,F5_coordinate_basis,cross_task_set,P four coordinates,M2 four linear coordinates,w101_s42,42,101,4,inverse_G2,inverse_G3,B_encoder_C_initial_output,False,All625 source inputs seen; fit/test only analysis-map orbit holdout; physical basis/world is not an independent input universe,output_prob,answer_strata,procrustes,0,0,250,375,8,,,,,,,,,,,,,,,,,,,
F5,F5_rank4_symmetry45,P_M2_basis_inverse,F5_coordinate_basis,cross_task_set,P four coordinates,M2 four linear coordinates,w101_s42,42,101,4,inverse_G2,inverse_G3,B_encoder_C_initial_output,False,All625 source inputs seen; fit/test only analysis-map orbit holdout; physical basis/world is not an independent input universe,answer_onehot,answer_strata,linear_cka,0,0,250,375,,,,,,,,,,,,,,,,,,,,
F5,F5_rank4_symmetry45,P_M2_basis_inverse,F5_coordinate_basis,cross_task_set,P four coordinates,M2 four linear coordinates,w101_s42,42,101,4,inverse_G2,inverse_G3,B_encoder_C_initial_output,False,All625 source inputs seen; fit/test only analysis-map orbit holdout; physical basis/world is not an independent input universe,answer_onehot,answer_strata,debiased_cka,0,0,250,375,,,,,,,,,,,,,,,,,,,,
F5,F5_rank4_symmetry45,P_M2_basis_inverse,F5_coordinate_basis,cross_task_set,P four coordinates,M2 four linear coordinates,w101_s42,42,101,4,inverse_G2,inverse_G3,B_encoder_C_initial_output,False,All625 source inputs seen; fit/test only analysis-map orbit holdout; physical basis/world is not an independent input universe,answer_onehot,answer_strata,knn_overlap,0,0,250,375,,,,,,,,,,,,,,,,,,,,
F5,F5_rank4_symmetry45,P_M2_basis_inverse,F5_coordinate_basis,cross_task_set,P four coordinates,M2 four linear coordinates,w101_s42,42,101,4,inverse_G2,inverse_G3,B_encoder_C_initial_output,False,All625 source inputs seen; fit/test only analysis-map orbit holdout; physical basis/world is not an independent input universe,answer_onehot,answer_strata,procrustes,0,0,250,375,8,,,,,,,,,,,,,,,,,,,
F5,F5_rank4_symmetry45,P_M2_basis_inverse,F5_coordinate_basis,cross_task_set,P four coordinates,M2 four linear coordinates,w101_s42,42,101,4,inverse_G2,inverse_G3,B_encoder_C_initial_output,False,All625 source inputs seen; fit/test only analysis-map orbit holdout; physical basis/world is not an independent input universe,answer_scalar,answer_strata,linear_cka,0,0,250,375,,,,,,,,,,,,,,,,,,,,
F5,F5_rank4_symmetry45,P_M2_basis_inverse,F5_coordinate_basis,cross_task_set,P four coordinates,M2 four linear coordinates,w101_s42,42,101,4,inverse_G2,inverse_G3,B_encoder_C_initial_output,False,All625 source inputs seen; fit/test only analysis-map orbit holdout; physical basis/world is not an independent input universe,answer_scalar,answer_strata,debiased_cka,0,0,250,375,,,,,,,,,,,,,,,,,,,,
F5,F5_rank4_symmetry45,P_M2_basis_inverse,F5_coordinate_basis,cross_task_set,P four coordinates,M2 four linear coordinates,w101_s42,42,101,4,inverse_G2,inverse_G3,B_encoder_C_initial_output,False,All625 source inputs seen; fit/test only analysis-map orbit holdout; physical basis/world is not an independent input universe,answer_scalar,answer_strata,knn_overlap,0,0,250,375,,,,,,,,,,,,,,,,,,,,
F5,F5_rank4_symmetry45,P_M2_basis_inverse,F5_coordinate_basis,cross_task_set,P four coordinates,M2 four linear coordinates,w101_s42,42,101,4,inverse_G2,inverse_G3,B_encoder_C_initial_output,False,All625 source inputs seen; fit/test only analysis-map orbit holdout; physical basis/world is not an independent input universe,answer_scalar,answer_strata,procrustes,0,0,250,375,4,,,,,,,,,,,,,,,,,,,
F5,F5_rank4_symmetry45,P_M3_basis_inverse,F5_coordinate_basis,cross_task_set,P four coordinates,M3 four linear coordinates,w101_s42,42,101,4,inverse_G3,inverse_G4,B_encoder_C_initial_output,False,All625 source inputs seen; fit/test only analysis-map orbit holdout; physical basis/world is not an independent input universe,encoder_final,within_length,linear_cka,250,375,250,375,,0.2713112728396032,,0.2957825106587603,,0.38050390740239537,,-0.02447123781915711,0.1986645742055389,,0.1956465127032346,,1.0000000000000009,,0.003018061502304298,0.003018061502304298,-0.02447123781915711,0.07264669863406431,0.10013599795552572,-0.027489299321461408
F5,F5_rank4_symmetry45,P_M3_basis_inverse,F5_coordinate_basis,cross_task_set,P four coordinates,M3 four linear coordinates,w101_s42,42,101,4,inverse_G3,inverse_G4,B_encoder_C_initial_output,False,All625 source inputs seen; fit/test only analysis-map orbit holdout; physical basis/world is not an independent input universe,encoder_final,within_length,debiased_cka,250,375,250,375,,0.21630549711780683,,0.24265267787651248,,0.33376125117765,,-0.02634718075870565,0.16932474459891736,,0.16620079357839726,,1.0,,0.0031239510205200993,0.0031239510205200993,-0.02634718075870565,0.046980752518889474,0.07645188429811522,-0.02947113177922575
F5,F5_rank4_symmetry45,P_M3_basis_inverse,F5_coordinate_basis,cross_task_set,P four coordinates,M3 four linear coordinates,w101_s42,42,101,4,inverse_G3,inverse_G4,B_encoder_C_initial_output,False,All625 source inputs seen; fit/test only analysis-map orbit holdout; physical basis/world is not an independent input universe,encoder_final,within_length,knn_overlap,250,375,250,375,,0.07253333333333332,,0.10506666666666667,,0.23200000000000004,,-0.032533333333333345,0.12639999999999998,,0.006133333333333333,,1.0,,0.12026666666666665,0.12026666666666665,-0.032533333333333345,-0.05386666666666666,0.09893333333333333,-0.1528
F5,F5_rank4_symmetry45,P_M3_basis_inverse,F5_coordinate_basis,cross_task_set,P four coordinates,M3 four linear coordinates,w101_s42,42,101,4,inverse_G3,inverse_G4,B_encoder_C_initial_output,False,All625 source inputs seen; fit/test only analysis-map orbit holdout; physical basis/world is not an independent input universe,encoder_final,within_length,procrustes,250,375,250,375,8,-1.2161365203928787,1.2161365203928787,-1.1941625294433054,1.1941625294433054,-1.1361728093120071,1.1361728093120071,-0.021973990949573308,-1.2431319942559809,1.2431319942559809,-1.2527956253050243,1.2527956253050243,-6.516024303848049e-16,6.516024303848049e-16,0.009663631049043442,0.009663631049043442,-0.021973990949573308,0.026995473863102193,0.05863309586171894,-0.03163762199861675
F5,F5_rank4_symmetry45,P_M3_basis_inverse,F5_coordinate_basis,cross_task_set,P four coordinates,M3 four linear coordinates,w101_s42,42,101,4,inverse_G3,inverse_G4,B_encoder_C_initial_output,False,All625 source inputs seen; fit/test only analysis-map orbit holdout; physical basis/world is not an independent input universe,output_prob,within_length,linear_cka,250,375,250,375,,0.9999999997974368,,0.7721555301731302,,0.7721555301779958,,0.2278444696243066,0.06577045393802895,,0.06388870609865156,,1.0000000000000002,,0.00188174783937739,0.00188174783937739,0.2278444696243066,0.9342295458594079,0.7082668240744786,0.2259627217849292
F5,F5_rank4_symmetry45,P_M3_basis_inverse,F5_coordinate_basis,cross_task_set,P four coordinates,M3 four linear coordinates,w101_s42,42,101,4,inverse_G3,inverse_G4,B_encoder_C_initial_output,False,All625 source inputs seen; fit/test only analysis-map orbit holdout; physical basis/world is not an independent input universe,output_prob,within_length,debiased_cka,250,375,250,375,,0.9999999997920617,,0.7636937557673629,,0.7636937557722452,,0.2363062440246988,0.05125221275747276,,0.04955192550053194,,0.9999999999999996,,0.0017002872569408245,0.0017002872569408245,0.2363062440246988,0.948747787034589,0.714141830266831,0.23460595676775797
F5,F5_rank4_symmetry45,P_M3_basis_inverse,F5_coordinate_basis,cross_task_set,P four coordinates,M3 four linear coordinates,w101_s42,42,101,4,inverse_G3,inverse_G4,B_encoder_C_initial_output,False,All625 source inputs seen; fit/test only analysis-map orbit holdout; physical basis/world is not an independent input universe,output_prob,within_length,knn_overlap,250,375,250,375,,0.8109333333333334,,0.7661333333333332,,0.7650666666666666,,0.04480000000000017,0.07733333333333334,,0.057600000000000005,,1.0,,0.019733333333333332,0.019733333333333332,0.04480000000000017,0.7336,0.7085333333333332,0.02506666666666684
F5,F5_rank4_symmetry45,P_M3_basis_inverse,F5_coordinate_basis,cross_task_set,P four coordinates,M3 four linear coordinates,w101_s42,42,101,4,inverse_G3,inverse_G4,B_encoder_C_initial_output,False,All625 source inputs seen; fit/test only analysis-map orbit holdout; physical basis/world is not an independent input universe,output_prob,within_length,procrustes,250,375,250,375,8,-0.6876588434384451,0.6876588434384451,-0.7084342157814205,0.7084342157814205,-0.7084346651242813,0.7084346651242813,0.02077537234297544,-1.2613577432134286,1.2613577432134286,-1.2853038438302702,1.2853038438302702,-5.40808208474818e-16,5.40808208474818e-16,0.023946100616841548,0.023946100616841548,0.02077537234297544,0.5736988997749836,0.5768696280488497,-0.003170728273866108
F5,F5_rank4_symmetry45,P_M3_basis_inverse,F5_coordinate_basis,cross_task_set,P four coordinates,M3 four linear coordinates,w101_s42,42,101,4,inverse_G3,inverse_G4,B_encoder_C_initial_output,False,All625 source inputs seen; fit/test only analysis-map orbit holdout; physical basis/world is not an independent input universe,answer_onehot,within_length,linear_cka,250,375,250,375,,1.000000000000022,,0.7721518987341943,,0.7721518987341943,,0.22784810126582766,,,,,,,,,0.22784810126582766,,,
F5,F5_rank4_symmetry45,P_M3_basis_inverse,F5_coordinate_basis,cross_task_set,P four coordinates,M3 four linear coordinates,w101_s42,42,101,4,inverse_G3,inverse_G4,B_encoder_C_initial_output,False,All625 source inputs seen; fit/test only analysis-map orbit holdout; physical basis/world is not an independent input universe,answer_onehot,within_length,debiased_cka,250,375,250,375,,0.9999999999999817,,0.7636899747261866,,0.7636899747261866,,0.23631002527379508,,,,,,,,,0.23631002527379508,,,
F5,F5_rank4_symmetry45,P_M3_basis_inverse,F5_coordinate_basis,cross_task_set,P four coordinates,M3 four linear coordinates,w101_s42,42,101,4,inverse_G3,inverse_G4,B_encoder_C_initial_output,False,All625 source inputs seen; fit/test only analysis-map orbit holdout; physical basis/world is not an independent input universe,answer_onehot,within_length,knn_overlap,250,375,250,375,,1.0,,0.6871999999999999,,0.6871999999999999,,0.3128000000000001,,,,,,,,,0.3128000000000001,,,
F5,F5_rank4_symmetry45,P_M3_basis_inverse,F5_coordinate_basis,cross_task_set,P four coordinates,M3 four linear coordinates,w101_s42,42,101,4,inverse_G3,inverse_G4,B_encoder_C_initial_output,False,All625 source inputs seen; fit/test only analysis-map orbit holdout; physical basis/world is not an independent input universe,answer_onehot,within_length,procrustes,250,375,250,375,8,-7.765294040588031e-16,7.765294040588031e-16,-0.9248937867952128,0.9248937867952128,-1.0037227025761504,1.0037227025761504,0.9248937867952121,,,,,,,,,0.9248937867952121,,,
F5,F5_rank4_symmetry45,P_M3_basis_inverse,F5_coordinate_basis,cross_task_set,P four coordinates,M3 four linear coordinates,w101_s42,42,101,4,inverse_G3,inverse_G4,B_encoder_C_initial_output,False,All625 source inputs seen; fit/test only analysis-map orbit holdout; physical basis/world is not an independent input universe,answer_scalar,within_length,linear_cka,250,375,250,375,,1.0000000000000002,,0.6785714285714287,,0.6785714285714287,,0.3214285714285715,,,,,,,,,0.3214285714285715,,,
F5,F5_rank4_symmetry45,P_M3_basis_inverse,F5_coordinate_basis,cross_task_set,P four coordinates,M3 four linear coordinates,w101_s42,42,101,4,inverse_G3,inverse_G4,B_encoder_C_initial_output,False,All625 source inputs seen; fit/test only analysis-map orbit holdout; physical basis/world is not an independent input universe,answer_scalar,within_length,debiased_cka,250,375,250,375,,1.0000000000000016,,0.6754728291624685,,0.6754728291624683,,0.324527170837533,,,,,,,,,0.324527170837533,,,
F5,F5_rank4_symmetry45,P_M3_basis_inverse,F5_coordinate_basis,cross_task_set,P four coordinates,M3 four linear coordinates,w101_s42,42,101,4,inverse_G3,inverse_G4,B_encoder_C_initial_output,False,All625 source inputs seen; fit/test only analysis-map orbit holdout; physical basis/world is not an independent input universe,answer_scalar,within_length,knn_overlap,250,375,250,375,,1.0,,0.3983999999999999,,0.3973333333333333,,0.6016000000000001,,,,,,,,,0.6016000000000001,,,
F5,F5_rank4_symmetry45,P_M3_basis_inverse,F5_coordinate_basis,cross_task_set,P four coordinates,M3 four linear coordinates,w101_s42,42,101,4,inverse_G3,inverse_G4,B_encoder_C_initial_output,False,All625 source inputs seen; fit/test only analysis-map orbit holdout; physical basis/world is not an independent input universe,answer_scalar,within_length,procrustes,250,375,250,375,4,-2.798971880388748e-16,2.798971880388748e-16,-0.7745966692414835,0.7745966692414835,-0.7745966692414835,0.7745966692414835,0.7745966692414832,,,,,,,,,0.7745966692414832,,,
F5,F5_rank4_symmetry45,P_M3_basis_inverse,F5_coordinate_basis,cross_task_set,P four coordinates,M3 four linear coordinates,w101_s42,42,101,4,inverse_G3,inverse_G4,B_encoder_C_initial_output,False,All625 source inputs seen; fit/test only analysis-map orbit holdout; physical basis/world is not an independent input universe,encoder_final,answer_strata,linear_cka,0,0,250,375,,,,,,,,,,,,,,,,,,,,
F5,F5_rank4_symmetry45,P_M3_basis_inverse,F5_coordinate_basis,cross_task_set,P four coordinates,M3 four linear coordinates,w101_s42,42,101,4,inverse_G3,inverse_G4,B_encoder_C_initial_output,False,All625 source inputs seen; fit/test only analysis-map orbit holdout; physical basis/world is not an independent input universe,encoder_final,answer_strata,debiased_cka,0,0,250,375,,,,,,,,,,,,,,,,,,,,
F5,F5_rank4_symmetry45,P_M3_basis_inverse,F5_coordinate_basis,cross_task_set,P four coordinates,M3 four linear coordinates,w101_s42,42,101,4,inverse_G3,inverse_G4,B_encoder_C_initial_output,False,All625 source inputs seen; fit/test only analysis-map orbit holdout; physical basis/world is not an independent input universe,encoder_final,answer_strata,knn_overlap,0,0,250,375,,,,,,,,,,,,,,,,,,,,
F5,F5_rank4_symmetry45,P_M3_basis_inverse,F5_coordinate_basis,cross_task_set,P four coordinates,M3 four linear coordinates,w101_s42,42,101,4,inverse_G3,inverse_G4,B_encoder_C_initial_output,False,All625 source inputs seen; fit/test only analysis-map orbit holdout; physical basis/world is not an independent input universe,encoder_final,answer_strata,procrustes,0,0,250,375,8,,,,,,,,,,,,,,,,,,,
F5,F5_rank4_symmetry45,P_M3_basis_inverse,F5_coordinate_basis,cross_task_set,P four coordinates,M3 four linear coordinates,w101_s42,42,101,4,inverse_G3,inverse_G4,B_encoder_C_initial_output,False,All625 source inputs seen; fit/test only analysis-map orbit holdout; physical basis/world is not an independent input universe,output_prob,answer_strata,linear_cka,0,0,250,375,,,,,,,,,,,,,,,,,,,,
F5,F5_rank4_symmetry45,P_M3_basis_inverse,F5_coordinate_basis,cross_task_set,P four coordinates,M3 four linear coordinates,w101_s42,42,101,4,inverse_G3,inverse_G4,B_encoder_C_initial_output,False,All625 source inputs seen; fit/test only analysis-map orbit holdout; physical basis/world is not an independent input universe,output_prob,answer_strata,debiased_cka,0,0,250,375,,,,,,,,,,,,,,,,,,,,
F5,F5_rank4_symmetry45,P_M3_basis_inverse,F5_coordinate_basis,cross_task_set,P four coordinates,M3 four linear coordinates,w101_s42,42,101,4,inverse_G3,inverse_G4,B_encoder_C_initial_output,False,All625 source inputs seen; fit/test only analysis-map orbit holdout; physical basis/world is not an independent input universe,output_prob,answer_strata,knn_overlap,0,0,250,375,,,,,,,,,,,,,,,,,,,,
F5,F5_rank4_symmetry45,P_M3_basis_inverse,F5_coordinate_basis,cross_task_set,P four coordinates,M3 four linear coordinates,w101_s42,42,101,4,inverse_G3,inverse_G4,B_encoder_C_initial_output,False,All625 source inputs seen; fit/test only analysis-map orbit holdout; physical basis/world is not an independent input universe,output_prob,answer_strata,procrustes,0,0,250,375,8,,,,,,,,,,,,,,,,,,,
F5,F5_rank4_symmetry45,P_M3_basis_inverse,F5_coordinate_basis,cross_task_set,P four coordinates,M3 four linear coordinates,w101_s42,42,101,4,inverse_G3,inverse_G4,B_encoder_C_initial_output,False,All625 source inputs seen; fit/test only analysis-map orbit holdout; physical basis/world is not an independent input universe,answer_onehot,answer_strata,linear_cka,0,0,250,375,,,,,,,,,,,,,,,,,,,,
F5,F5_rank4_symmetry45,P_M3_basis_inverse,F5_coordinate_basis,cross_task_set,P four coordinates,M3 four linear coordinates,w101_s42,42,101,4,inverse_G3,inverse_G4,B_encoder_C_initial_output,False,All625 source inputs seen; fit/test only analysis-map orbit holdout; physical basis/world is not an independent input universe,answer_onehot,answer_strata,debiased_cka,0,0,250,375,,,,,,,,,,,,,,,,,,,,
F5,F5_rank4_symmetry45,P_M3_basis_inverse,F5_coordinate_basis,cross_task_set,P four coordinates,M3 four linear coordinates,w101_s42,42,101,4,inverse_G3,inverse_G4,B_encoder_C_initial_output,False,All625 source inputs seen; fit/test only analysis-map orbit holdout; physical basis/world is not an independent input universe,answer_onehot,answer_strata,knn_overlap,0,0,250,375,,,,,,,,,,,,,,,,,,,,
F5,F5_rank4_symmetry45,P_M3_basis_inverse,F5_coordinate_basis,cross_task_set,P four coordinates,M3 four linear coordinates,w101_s42,42,101,4,inverse_G3,inverse_G4,B_encoder_C_initial_output,False,All625 source inputs seen; fit/test only analysis-map orbit holdout; physical basis/world is not an independent input universe,answer_onehot,answer_strata,procrustes,0,0,250,375,8,,,,,,,,,,,,,,,,,,,
F5,F5_rank4_symmetry45,P_M3_basis_inverse,F5_coordinate_basis,cross_task_set,P four coordinates,M3 four linear coordinates,w101_s42,42,101,4,inverse_G3,inverse_G4,B_encoder_C_initial_output,False,All625 source inputs seen; fit/test only analysis-map orbit holdout; physical basis/world is not an independent input universe,answer_scalar,answer_strata,linear_cka,0,0,250,375,,,,,,,,,,,,,,,,,,,,
F5,F5_rank4_symmetry45,P_M3_basis_inverse,F5_coordinate_basis,cross_task_set,P four coordinates,M3 four linear coordinates,w101_s42,42,101,4,inverse_G3,inverse_G4,B_encoder_C_initial_output,False,All625 source inputs seen; fit/test only analysis-map orbit holdout; physical basis/world is not an independent input universe,answer_scalar,answer_strata,debiased_cka,0,0,250,375,,,,,,,,,,,,,,,,,,,,
F5,F5_rank4_symmetry45,P_M3_basis_inverse,F5_coordinate_basis,cross_task_set,P four coordinates,M3 four linear coordinates,w101_s42,42,101,4,inverse_G3,inverse_G4,B_encoder_C_initial_output,False,All625 source inputs seen; fit/test only analysis-map orbit holdout; physical basis/world is not an independent input universe,answer_scalar,answer_strata,knn_overlap,0,0,250,375,,,,,,,,,,,,,,,,,,,,
F5,F5_rank4_symmetry45,P_M3_basis_inverse,F5_coordinate_basis,cross_task_set,P four coordinates,M3 four linear coordinates,w101_s42,42,101,4,inverse_G3,inverse_G4,B_encoder_C_initial_output,False,All625 source inputs seen; fit/test only analysis-map orbit holdout; physical basis/world is not an independent input universe,answer_scalar,answer_strata,procrustes,0,0,250,375,4,,,,,,,,,,,,,,,,,,,
F5,F5_rank4_symmetry45,P_M4_basis_inverse,F5_coordinate_basis,cross_task_set,P four coordinates,M4 four linear coordinates,w101_s42,42,101,4,inverse_G4,inverse_G1,B_encoder_C_initial_output,False,All625 source inputs seen; fit/test only analysis-map orbit holdout; physical basis/world is not an independent input universe,encoder_final,within_length,linear_cka,250,375,250,375,,0.2688599068971793,,0.28171815449250964,,0.29587482564733114,,-0.01285824759533033,0.1956465127032346,,0.23765538659122978,,1.0000000000000009,,-0.04200887388799518,-0.04200887388799518,-0.01285824759533033,0.07321339419394471,0.04406276790127986,0.02915062629266485
F5,F5_rank4_symmetry45,P_M4_basis_inverse,F5_coordinate_basis,cross_task_set,P four coordinates,M4 four linear coordinates,w101_s42,42,101,4,inverse_G4,inverse_G1,B_encoder_C_initial_output,False,All625 source inputs seen; fit/test only analysis-map orbit holdout; physical basis/world is not an independent input universe,encoder_final,within_length,debiased_cka,250,375,250,375,,0.21159590685105284,,0.22549688884577668,,0.24072300172250008,,-0.013900981994723838,0.16620079357839726,,0.20971218337490888,,1.0,,-0.04351138979651162,-0.04351138979651162,-0.013900981994723838,0.04539511327265558,0.0157847054708678,0.02961040780178778
F5,F5_rank4_symmetry45,P_M4_basis_inverse,F5_coordinate_basis,cross_task_set,P four coordinates,M4 four linear coordinates,w101_s42,42,101,4,inverse_G4,inverse_G1,B_encoder_C_initial_output,False,All625 source inputs seen; fit/test only analysis-map orbit holdout; physical basis/world is not an independent input universe,encoder_final,within_length,knn_overlap,250,375,250,375,,0.07866666666666666,,0.108,,0.11333333333333336,,-0.029333333333333336,0.006133333333333333,,0.5674666666666666,,1.0,,-0.5613333333333332,-0.5613333333333332,-0.029333333333333336,0.07253333333333332,-0.4594666666666666,0.5319999999999999
F5,F5_rank4_symmetry45,P_M4_basis_inverse,F5_coordinate_basis,cross_task_set,P four coordinates,M4 four linear coordinates,w101_s42,42,101,4,inverse_G4,inverse_G1,B_encoder_C_initial_output,False,All625 source inputs seen; fit/test only analysis-map orbit holdout; physical basis/world is not an independent input universe,encoder_final,within_length,procrustes,250,375,250,375,8,-1.2899224050617233,1.2899224050617233,-1.2820002775183792,1.2820002775183792,-1.2801001638969112,1.2801001638969112,-0.007922127543344093,-1.2527956253050243,1.2527956253050243,-1.3181711844587698,1.3181711844587698,-6.516024303848049e-16,6.516024303848049e-16,0.06537555915374549,0.06537555915374549,-0.007922127543344093,-0.03712677975669898,0.0361709069403906,-0.07329768669708958
F5,F5_rank4_symmetry45,P_M4_basis_inverse,F5_coordinate_basis,cross_task_set,P four coordinates,M4 four linear coordinates,w101_s42,42,101,4,inverse_G4,inverse_G1,B_encoder_C_initial_output,False,All625 source inputs seen; fit/test only analysis-map orbit holdout; physical basis/world is not an independent input universe,output_prob,within_length,linear_cka,250,375,250,375,,0.9999999997726675,,0.7721562854643241,,0.7721562854717227,,0.22784371430834338,0.06388870609865156,,0.08928355423550818,,1.0000000000000002,,-0.02539484813685662,-0.02539484813685662,0.22784371430834338,0.9361112936740159,0.682872731228816,0.2532385624452
F5,F5_rank4_symmetry45,P_M4_basis_inverse,F5_coordinate_basis,cross_task_set,P four coordinates,M4 four linear coordinates,w101_s42,42,101,4,inverse_G4,inverse_G1,B_encoder_C_initial_output,False,All625 source inputs seen; fit/test only analysis-map orbit holdout; physical basis/world is not an independent input universe,output_prob,within_length,debiased_cka,250,375,250,375,,0.9999999997664033,,0.7636945429171191,,0.7636945429245635,,0.23630545684928417,0.04955192550053194,,0.07480581089057202,,0.9999999999999996,,-0.02525388539004008,-0.02525388539004008,0.23630545684928417,0.9504480742658714,0.6888887320265471,0.26155934223932426
F5,F5_rank4_symmetry45,P_M4_basis_inverse,F5_coordinate_basis,cross_task_set,P four coordinates,M4 four linear coordinates,w101_s42,42,101,4,inverse_G4,inverse_G1,B_encoder_C_initial_output,False,All625 source inputs seen; fit/test only analysis-map orbit holdout; physical basis/world is not an independent input universe,output_prob,within_length,knn_overlap,250,375,250,375,,0.8224000000000001,,0.7672000000000001,,0.7642666666666665,,0.05520000000000003,0.057600000000000005,,0.24853333333333333,,1.0,,-0.19093333333333332,-0.19093333333333332,0.05520000000000003,0.7648000000000001,0.5186666666666668,0.24613333333333334
F5,F5_rank4_symmetry45,P_M4_basis_inverse,F5_coordinate_basis,cross_task_set,P four coordinates,M4 four linear coordinates,w101_s42,42,101,4,inverse_G4,inverse_G1,B_encoder_C_initial_output,False,All625 source inputs seen; fit/test only analysis-map orbit holdout; physical basis/world is not an independent input universe,output_prob,within_length,procrustes,250,375,250,375,8,-0.7490842620100912,0.7490842620100912,-0.765221699779319,0.765221699779319,-0.7652219061581738,0.7652219061581738,0.016137437769227825,-1.2853038438302702,1.2853038438302702,-1.315798553132329,1.315798553132329,-5.40808208474818e-16,5.40808208474818e-16,0.030494709302058887,0.030494709302058887,0.016137437769227825,0.536219581820179,0.5505768533530101,-0.014357271532831062
F5,F5_rank4_symmetry45,P_M4_basis_inverse,F5_coordinate_basis,cross_task_set,P four coordinates,M4 four linear coordinates,w101_s42,42,101,4,inverse_G4,inverse_G1,B_encoder_C_initial_output,False,All625 source inputs seen; fit/test only analysis-map orbit holdout; physical basis/world is not an independent input universe,answer_onehot,within_length,linear_cka,250,375,250,375,,1.000000000000022,,0.7721518987341942,,0.7721518987341942,,0.22784810126582777,,,,,,,,,0.22784810126582777,,,
F5,F5_rank4_symmetry45,P_M4_basis_inverse,F5_coordinate_basis,cross_task_set,P four coordinates,M4 four linear coordinates,w101_s42,42,101,4,inverse_G4,inverse_G1,B_encoder_C_initial_output,False,All625 source inputs seen; fit/test only analysis-map orbit holdout; physical basis/world is not an independent input universe,answer_onehot,within_length,debiased_cka,250,375,250,375,,0.9999999999999817,,0.7636899747261866,,0.7636899747261866,,0.23631002527379508,,,,,,,,,0.23631002527379508,,,
F5,F5_rank4_symmetry45,P_M4_basis_inverse,F5_coordinate_basis,cross_task_set,P four coordinates,M4 four linear coordinates,w101_s42,42,101,4,inverse_G4,inverse_G1,B_encoder_C_initial_output,False,All625 source inputs seen; fit/test only analysis-map orbit holdout; physical basis/world is not an independent input universe,answer_onehot,within_length,knn_overlap,250,375,250,375,,1.0,,0.6869333333333333,,0.6901333333333333,,0.3130666666666667,,,,,,,,,0.3130666666666667,,,
F5,F5_rank4_symmetry45,P_M4_basis_inverse,F5_coordinate_basis,cross_task_set,P four coordinates,M4 four linear coordinates,w101_s42,42,101,4,inverse_G4,inverse_G1,B_encoder_C_initial_output,False,All625 source inputs seen; fit/test only analysis-map orbit holdout; physical basis/world is not an independent input universe,answer_onehot,within_length,procrustes,250,375,250,375,8,-7.765294040588031e-16,7.765294040588031e-16,-0.9683396848150783,0.9683396848150783,-0.9266172317920099,0.9266172317920099,0.9683396848150775,,,,,,,,,0.9683396848150775,,,
F5,F5_rank4_symmetry45,P_M4_basis_inverse,F5_coordinate_basis,cross_task_set,P four coordinates,M4 four linear coordinates,w101_s42,42,101,4,inverse_G4,inverse_G1,B_encoder_C_initial_output,False,All625 source inputs seen; fit/test only analysis-map orbit holdout; physical basis/world is not an independent input universe,answer_scalar,within_length,linear_cka,250,375,250,375,,1.0000000000000002,,0.6785714285714287,,0.6785714285714287,,0.3214285714285715,,,,,,,,,0.3214285714285715,,,
F5,F5_rank4_symmetry45,P_M4_basis_inverse,F5_coordinate_basis,cross_task_set,P four coordinates,M4 four linear coordinates,w101_s42,42,101,4,inverse_G4,inverse_G1,B_encoder_C_initial_output,False,All625 source inputs seen; fit/test only analysis-map orbit holdout; physical basis/world is not an independent input universe,answer_scalar,within_length,debiased_cka,250,375,250,375,,1.0000000000000016,,0.6754728291624684,,0.6754728291624683,,0.32452717083753313,,,,,,,,,0.32452717083753313,,,
F5,F5_rank4_symmetry45,P_M4_basis_inverse,F5_coordinate_basis,cross_task_set,P four coordinates,M4 four linear coordinates,w101_s42,42,101,4,inverse_G4,inverse_G1,B_encoder_C_initial_output,False,All625 source inputs seen; fit/test only analysis-map orbit holdout; physical basis/world is not an independent input universe,answer_scalar,within_length,knn_overlap,250,375,250,375,,1.0,,0.5701333333333334,,0.6269333333333333,,0.4298666666666666,,,,,,,,,0.4298666666666666,,,
F5,F5_rank4_symmetry45,P_M4_basis_inverse,F5_coordinate_basis,cross_task_set,P four coordinates,M4 four linear coordinates,w101_s42,42,101,4,inverse_G4,inverse_G1,B_encoder_C_initial_output,False,All625 source inputs seen; fit/test only analysis-map orbit holdout; physical basis/world is not an independent input universe,answer_scalar,within_length,procrustes,250,375,250,375,4,-2.798971880388748e-16,2.798971880388748e-16,-0.7745966692414834,0.7745966692414834,-0.7745966692414836,0.7745966692414836,0.7745966692414831,,,,,,,,,0.7745966692414831,,,
F5,F5_rank4_symmetry45,P_M4_basis_inverse,F5_coordinate_basis,cross_task_set,P four coordinates,M4 four linear coordinates,w101_s42,42,101,4,inverse_G4,inverse_G1,B_encoder_C_initial_output,False,All625 source inputs seen; fit/test only analysis-map orbit holdout; physical basis/world is not an independent input universe,encoder_final,answer_strata,linear_cka,0,0,250,375,,,,,,,,,,,,,,,,,,,,
F5,F5_rank4_symmetry45,P_M4_basis_inverse,F5_coordinate_basis,cross_task_set,P four coordinates,M4 four linear coordinates,w101_s42,42,101,4,inverse_G4,inverse_G1,B_encoder_C_initial_output,False,All625 source inputs seen; fit/test only analysis-map orbit holdout; physical basis/world is not an independent input universe,encoder_final,answer_strata,debiased_cka,0,0,250,375,,,,,,,,,,,,,,,,,,,,
F5,F5_rank4_symmetry45,P_M4_basis_inverse,F5_coordinate_basis,cross_task_set,P four coordinates,M4 four linear coordinates,w101_s42,42,101,4,inverse_G4,inverse_G1,B_encoder_C_initial_output,False,All625 source inputs seen; fit/test only analysis-map orbit holdout; physical basis/world is not an independent input universe,encoder_final,answer_strata,knn_overlap,0,0,250,375,,,,,,,,,,,,,,,,,,,,
F5,F5_rank4_symmetry45,P_M4_basis_inverse,F5_coordinate_basis,cross_task_set,P four coordinates,M4 four linear coordinates,w101_s42,42,101,4,inverse_G4,inverse_G1,B_encoder_C_initial_output,False,All625 source inputs seen; fit/test only analysis-map orbit holdout; physical basis/world is not an independent input universe,encoder_final,answer_strata,procrustes,0,0,250,375,8,,,,,,,,,,,,,,,,,,,
F5,F5_rank4_symmetry45,P_M4_basis_inverse,F5_coordinate_basis,cross_task_set,P four coordinates,M4 four linear coordinates,w101_s42,42,101,4,inverse_G4,inverse_G1,B_encoder_C_initial_output,False,All625 source inputs seen; fit/test only analysis-map orbit holdout; physical basis/world is not an independent input universe,output_prob,answer_strata,linear_cka,0,0,250,375,,,,,,,,,,,,,,,,,,,,
F5,F5_rank4_symmetry45,P_M4_basis_inverse,F5_coordinate_basis,cross_task_set,P four coordinates,M4 four linear coordinates,w101_s42,42,101,4,inverse_G4,inverse_G1,B_encoder_C_initial_output,False,All625 source inputs seen; fit/test only analysis-map orbit holdout; physical basis/world is not an independent input universe,output_prob,answer_strata,debiased_cka,0,0,250,375,,,,,,,,,,,,,,,,,,,,
F5,F5_rank4_symmetry45,P_M4_basis_inverse,F5_coordinate_basis,cross_task_set,P four coordinates,M4 four linear coordinates,w101_s42,42,101,4,inverse_G4,inverse_G1,B_encoder_C_initial_output,False,All625 source inputs seen; fit/test only analysis-map orbit holdout; physical basis/world is not an independent input universe,output_prob,answer_strata,knn_overlap,0,0,250,375,,,,,,,,,,,,,,,,,,,,
F5,F5_rank4_symmetry45,P_M4_basis_inverse,F5_coordinate_basis,cross_task_set,P four coordinates,M4 four linear coordinates,w101_s42,42,101,4,inverse_G4,inverse_G1,B_encoder_C_initial_output,False,All625 source inputs seen; fit/test only analysis-map orbit holdout; physical basis/world is not an independent input universe,output_prob,answer_strata,procrustes,0,0,250,375,8,,,,,,,,,,,,,,,,,,,
F5,F5_rank4_symmetry45,P_M4_basis_inverse,F5_coordinate_basis,cross_task_set,P four coordinates,M4 four linear coordinates,w101_s42,42,101,4,inverse_G4,inverse_G1,B_encoder_C_initial_output,False,All625 source inputs seen; fit/test only analysis-map orbit holdout; physical basis/world is not an independent input universe,answer_onehot,answer_strata,linear_cka,0,0,250,375,,,,,,,,,,,,,,,,,,,,
F5,F5_rank4_symmetry45,P_M4_basis_inverse,F5_coordinate_basis,cross_task_set,P four coordinates,M4 four linear coordinates,w101_s42,42,101,4,inverse_G4,inverse_G1,B_encoder_C_initial_output,False,All625 source inputs seen; fit/test only analysis-map orbit holdout; physical basis/world is not an independent input universe,answer_onehot,answer_strata,debiased_cka,0,0,250,375,,,,,,,,,,,,,,,,,,,,
F5,F5_rank4_symmetry45,P_M4_basis_inverse,F5_coordinate_basis,cross_task_set,P four coordinates,M4 four linear coordinates,w101_s42,42,101,4,inverse_G4,inverse_G1,B_encoder_C_initial_output,False,All625 source inputs seen; fit/test only analysis-map orbit holdout; physical basis/world is not an independent input universe,answer_onehot,answer_strata,knn_overlap,0,0,250,375,,,,,,,,,,,,,,,,,,,,
F5,F5_rank4_symmetry45,P_M4_basis_inverse,F5_coordinate_basis,cross_task_set,P four coordinates,M4 four linear coordinates,w101_s42,42,101,4,inverse_G4,inverse_G1,B_encoder_C_initial_output,False,All625 source inputs seen; fit/test only analysis-map orbit holdout; physical basis/world is not an independent input universe,answer_onehot,answer_strata,procrustes,0,0,250,375,8,,,,,,,,,,,,,,,,,,,
F5,F5_rank4_symmetry45,P_M4_basis_inverse,F5_coordinate_basis,cross_task_set,P four coordinates,M4 four linear coordinates,w101_s42,42,101,4,inverse_G4,inverse_G1,B_encoder_C_initial_output,False,All625 source inputs seen; fit/test only analysis-map orbit holdout; physical basis/world is not an independent input universe,answer_scalar,answer_strata,linear_cka,0,0,250,375,,,,,,,,,,,,,,,,,,,,
F5,F5_rank4_symmetry45,P_M4_basis_inverse,F5_coordinate_basis,cross_task_set,P four coordinates,M4 four linear coordinates,w101_s42,42,101,4,inverse_G4,inverse_G1,B_encoder_C_initial_output,False,All625 source inputs seen; fit/test only analysis-map orbit holdout; physical basis/world is not an independent input universe,answer_scalar,answer_strata,debiased_cka,0,0,250,375,,,,,,,,,,,,,,,,,,,,
F5,F5_rank4_symmetry45,P_M4_basis_inverse,F5_coordinate_basis,cross_task_set,P four coordinates,M4 four linear coordinates,w101_s42,42,101,4,inverse_G4,inverse_G1,B_encoder_C_initial_output,False,All625 source inputs seen; fit/test only analysis-map orbit holdout; physical basis/world is not an independent input universe,answer_scalar,answer_strata,knn_overlap,0,0,250,375,,,,,,,,,,,,,,,,,,,,
F5,F5_rank4_symmetry45,P_M4_basis_inverse,F5_coordinate_basis,cross_task_set,P four coordinates,M4 four linear coordinates,w101_s42,42,101,4,inverse_G4,inverse_G1,B_encoder_C_initial_output,False,All625 source inputs seen; fit/test only analysis-map orbit holdout; physical basis/world is not an independent input universe,answer_scalar,answer_strata,procrustes,0,0,250,375,4,,,,,,,,,,,,,,,,,,,
F5,F5_rank4_symmetry45,P_M1_basis_inverse,F5_coordinate_basis,cross_task_set,P four coordinates,M1 four linear coordinates,w101_s101,101,101,4,inverse_G1,inverse_G2,B_encoder_C_initial_output,False,All625 source inputs seen; fit/test only analysis-map orbit holdout; physical basis/world is not an independent input universe,encoder_final,within_length,linear_cka,250,375,250,375,,0.31921801010608913,,0.28676485485958453,,0.31420100773983767,,0.032453155246504606,0.24145668839241557,,0.20783353269262977,,1.0000000000000009,,0.0336231556997858,0.0336231556997858,0.032453155246504606,0.07776132171367356,0.07893132216695475,-0.0011700004532811947
F5,F5_rank4_symmetry45,P_M1_basis_inverse,F5_coordinate_basis,cross_task_set,P four coordinates,M1 four linear coordinates,w101_s101,101,101,4,inverse_G1,inverse_G2,B_encoder_C_initial_output,False,All625 source inputs seen; fit/test only analysis-map orbit holdout; physical basis/world is not an independent input universe,encoder_final,within_length,debiased_cka,250,375,250,375,,0.25384944598443676,,0.2182403636616143,,0.24831299126448964,,0.03560908232282245,0.21434947650171388,,0.17965810678385993,,1.0000000000000002,,0.03469136971785394,0.03469136971785394,0.03560908232282245,0.039499969482722885,0.03858225687775438,0.0009177126049685069
F5,F5_rank4_symmetry45,P_M1_basis_inverse,F5_coordinate_basis,cross_task_set,P four coordinates,M1 four linear coordinates,w101_s101,101,101,4,inverse_G1,inverse_G2,B_encoder_C_initial_output,False,All625 source inputs seen; fit/test only analysis-map orbit holdout; physical basis/world is not an independent input universe,encoder_final,within_length,knn_overlap,250,375,250,375,,0.1496,,0.09493333333333334,,0.1576,,0.05466666666666667,0.47386666666666666,,0.1882666666666667,,1.0,,0.28559999999999997,0.28559999999999997,0.05466666666666667,-0.32426666666666665,-0.09333333333333335,-0.2309333333333333
F5,F5_rank4_symmetry45,P_M1_basis_inverse,F5_coordinate_basis,cross_task_set,P four coordinates,M1 four linear coordinates,w101_s101,101,101,4,inverse_G1,inverse_G2,B_encoder_C_initial_output,False,All625 source inputs seen; fit/test only analysis-map orbit holdout; physical basis/world is not an independent input universe,encoder_final,within_length,procrustes,250,375,250,375,8,-1.2306865541063856,1.2306865541063856,-1.2419561744545753,1.2419561744545753,-1.2261637149109217,1.2261637149109217,0.01126962034818968,-1.2794980629641708,1.2794980629641708,-1.2056806820893264,1.2056806820893264,-1.0580546959496604e-15,1.0580546959496604e-15,-0.07381738087484435,-0.07381738087484435,0.01126962034818968,0.04881150885778518,-0.03627549236524885,0.08508700122303403
F5,F5_rank4_symmetry45,P_M1_basis_inverse,F5_coordinate_basis,cross_task_set,P four coordinates,M1 four linear coordinates,w101_s101,101,101,4,inverse_G1,inverse_G2,B_encoder_C_initial_output,False,All625 source inputs seen; fit/test only analysis-map orbit holdout; physical basis/world is not an independent input universe,output_prob,within_length,linear_cka,250,375,250,375,,0.9999999998980832,,0.7721531997604547,,0.7721531997633557,,0.22784680013762848,0.14129650352025827,,0.15302964745954745,,0.9999999999999994,,-0.011733143939289176,-0.011733143939289176,0.22784680013762848,0.858703496377825,0.6191235523009073,0.23957994407691766
F5,F5_rank4_symmetry45,P_M1_basis_inverse,F5_coordinate_basis,cross_task_set,P four coordinates,M1 four linear coordinates,w101_s101,101,101,4,inverse_G1,inverse_G2,B_encoder_C_initial_output,False,All625 source inputs seen; fit/test only analysis-map orbit holdout; physical basis/world is not an independent input universe,output_prob,within_length,debiased_cka,250,375,250,375,,0.9999999998956343,,0.7636913312215097,,0.7636913312243871,,0.2363086686741246,0.12549203311257964,,0.13712131130327337,,0.9999999999999999,,-0.011629278190693731,-0.011629278190693731,0.2363086686741246,0.8745079667830546,0.6265700199182362,0.24793794686481832
F5,F5_rank4_symmetry45,P_M1_basis_inverse,F5_coordinate_basis,cross_task_set,P four coordinates,M1 four linear coordinates,w101_s101,101,101,4,inverse_G1,inverse_G2,B_encoder_C_initial_output,False,All625 source inputs seen; fit/test only analysis-map orbit holdout; physical basis/world is not an independent input universe,output_prob,within_length,knn_overlap,250,375,250,375,,0.7890666666666668,,0.7303999999999999,,0.7311999999999999,,0.05866666666666687,0.23813333333333336,,0.07573333333333333,,1.0,,0.16240000000000004,0.16240000000000004,0.05866666666666687,0.5509333333333335,0.6546666666666666,-0.10373333333333318
F5,F5_rank4_symmetry45,P_M1_basis_inverse,F5_coordinate_basis,cross_task_set,P four coordinates,M1 four linear coordinates,w101_s101,101,101,4,inverse_G1,inverse_G2,B_encoder_C_initial_output,False,All625 source inputs seen; fit/test only analysis-map orbit holdout; physical basis/world is not an independent input universe,output_prob,within_length,procrustes,250,375,250,375,8,-0.6851942748761926,0.6851942748761926,-0.8901650448863296,0.8901650448863296,-0.8901651039965196,0.8901651039965196,0.20497077001013708,-1.2852956178900026,1.2852956178900026,-1.2183686754436804,1.2183686754436804,-2.013284817285774e-15,2.013284817285774e-15,-0.06692694244632214,-0.06692694244632214,0.20497077001013708,0.60010134301381,0.3282036305573508,0.2718977124564592
F5,F5_rank4_symmetry45,P_M1_basis_inverse,F5_coordinate_basis,cross_task_set,P four coordinates,M1 four linear coordinates,w101_s101,101,101,4,inverse_G1,inverse_G2,B_encoder_C_initial_output,False,All625 source inputs seen; fit/test only analysis-map orbit holdout; physical basis/world is not an independent input universe,answer_onehot,within_length,linear_cka,250,375,250,375,,1.000000000000022,,0.7721518987341942,,0.7721518987341942,,0.22784810126582777,,,,,,,,,0.22784810126582777,,,
F5,F5_rank4_symmetry45,P_M1_basis_inverse,F5_coordinate_basis,cross_task_set,P four coordinates,M1 four linear coordinates,w101_s101,101,101,4,inverse_G1,inverse_G2,B_encoder_C_initial_output,False,All625 source inputs seen; fit/test only analysis-map orbit holdout; physical basis/world is not an independent input universe,answer_onehot,within_length,debiased_cka,250,375,250,375,,0.9999999999999817,,0.7636899747261866,,0.7636899747261866,,0.23631002527379508,,,,,,,,,0.23631002527379508,,,
F5,F5_rank4_symmetry45,P_M1_basis_inverse,F5_coordinate_basis,cross_task_set,P four coordinates,M1 four linear coordinates,w101_s101,101,101,4,inverse_G1,inverse_G2,B_encoder_C_initial_output,False,All625 source inputs seen; fit/test only analysis-map orbit holdout; physical basis/world is not an independent input universe,answer_onehot,within_length,knn_overlap,250,375,250,375,,1.0,,0.688,,0.688,,0.31200000000000006,,,,,,,,,0.31200000000000006,,,
F5,F5_rank4_symmetry45,P_M1_basis_inverse,F5_coordinate_basis,cross_task_set,P four coordinates,M1 four linear coordinates,w101_s101,101,101,4,inverse_G1,inverse_G2,B_encoder_C_initial_output,False,All625 source inputs seen; fit/test only analysis-map orbit holdout; physical basis/world is not an independent input universe,answer_onehot,within_length,procrustes,250,375,250,375,8,-7.765294040588031e-16,7.765294040588031e-16,-0.963544931967029,0.963544931967029,-0.9893138352265559,0.9893138352265559,0.9635449319670282,,,,,,,,,0.9635449319670282,,,
F5,F5_rank4_symmetry45,P_M1_basis_inverse,F5_coordinate_basis,cross_task_set,P four coordinates,M1 four linear coordinates,w101_s101,101,101,4,inverse_G1,inverse_G2,B_encoder_C_initial_output,False,All625 source inputs seen; fit/test only analysis-map orbit holdout; physical basis/world is not an independent input universe,answer_scalar,within_length,linear_cka,250,375,250,375,,1.0000000000000002,,0.6785714285714287,,0.6785714285714287,,0.3214285714285715,,,,,,,,,0.3214285714285715,,,
F5,F5_rank4_symmetry45,P_M1_basis_inverse,F5_coordinate_basis,cross_task_set,P four coordinates,M1 four linear coordinates,w101_s101,101,101,4,inverse_G1,inverse_G2,B_encoder_C_initial_output,False,All625 source inputs seen; fit/test only analysis-map orbit holdout; physical basis/world is not an independent input universe,answer_scalar,within_length,debiased_cka,250,375,250,375,,1.0000000000000016,,0.6754728291624685,,0.6754728291624685,,0.324527170837533,,,,,,,,,0.324527170837533,,,
F5,F5_rank4_symmetry45,P_M1_basis_inverse,F5_coordinate_basis,cross_task_set,P four coordinates,M1 four linear coordinates,w101_s101,101,101,4,inverse_G1,inverse_G2,B_encoder_C_initial_output,False,All625 source inputs seen; fit/test only analysis-map orbit holdout; physical basis/world is not an independent input universe,answer_scalar,within_length,knn_overlap,250,375,250,375,,1.0,,0.4013333333333333,,0.6245333333333333,,0.5986666666666667,,,,,,,,,0.5986666666666667,,,
F5,F5_rank4_symmetry45,P_M1_basis_inverse,F5_coordinate_basis,cross_task_set,P four coordinates,M1 four linear coordinates,w101_s101,101,101,4,inverse_G1,inverse_G2,B_encoder_C_initial_output,False,All625 source inputs seen; fit/test only analysis-map orbit holdout; physical basis/world is not an independent input universe,answer_scalar,within_length,procrustes,250,375,250,375,4,-2.798971880388748e-16,2.798971880388748e-16,-0.7745966692414832,0.7745966692414832,-0.7745966692414836,0.7745966692414836,0.7745966692414828,,,,,,,,,0.7745966692414828,,,
F5,F5_rank4_symmetry45,P_M1_basis_inverse,F5_coordinate_basis,cross_task_set,P four coordinates,M1 four linear coordinates,w101_s101,101,101,4,inverse_G1,inverse_G2,B_encoder_C_initial_output,False,All625 source inputs seen; fit/test only analysis-map orbit holdout; physical basis/world is not an independent input universe,encoder_final,answer_strata,linear_cka,0,0,250,375,,,,,,,,,,,,,,,,,,,,
F5,F5_rank4_symmetry45,P_M1_basis_inverse,F5_coordinate_basis,cross_task_set,P four coordinates,M1 four linear coordinates,w101_s101,101,101,4,inverse_G1,inverse_G2,B_encoder_C_initial_output,False,All625 source inputs seen; fit/test only analysis-map orbit holdout; physical basis/world is not an independent input universe,encoder_final,answer_strata,debiased_cka,0,0,250,375,,,,,,,,,,,,,,,,,,,,
F5,F5_rank4_symmetry45,P_M1_basis_inverse,F5_coordinate_basis,cross_task_set,P four coordinates,M1 four linear coordinates,w101_s101,101,101,4,inverse_G1,inverse_G2,B_encoder_C_initial_output,False,All625 source inputs seen; fit/test only analysis-map orbit holdout; physical basis/world is not an independent input universe,encoder_final,answer_strata,knn_overlap,0,0,250,375,,,,,,,,,,,,,,,,,,,,
F5,F5_rank4_symmetry45,P_M1_basis_inverse,F5_coordinate_basis,cross_task_set,P four coordinates,M1 four linear coordinates,w101_s101,101,101,4,inverse_G1,inverse_G2,B_encoder_C_initial_output,False,All625 source inputs seen; fit/test only analysis-map orbit holdout; physical basis/world is not an independent input universe,encoder_final,answer_strata,procrustes,0,0,250,375,8,,,,,,,,,,,,,,,,,,,
F5,F5_rank4_symmetry45,P_M1_basis_inverse,F5_coordinate_basis,cross_task_set,P four coordinates,M1 four linear coordinates,w101_s101,101,101,4,inverse_G1,inverse_G2,B_encoder_C_initial_output,False,All625 source inputs seen; fit/test only analysis-map orbit holdout; physical basis/world is not an independent input universe,output_prob,answer_strata,linear_cka,0,0,250,375,,,,,,,,,,,,,,,,,,,,
F5,F5_rank4_symmetry45,P_M1_basis_inverse,F5_coordinate_basis,cross_task_set,P four coordinates,M1 four linear coordinates,w101_s101,101,101,4,inverse_G1,inverse_G2,B_encoder_C_initial_output,False,All625 source inputs seen; fit/test only analysis-map orbit holdout; physical basis/world is not an independent input universe,output_prob,answer_strata,debiased_cka,0,0,250,375,,,,,,,,,,,,,,,,,,,,
F5,F5_rank4_symmetry45,P_M1_basis_inverse,F5_coordinate_basis,cross_task_set,P four coordinates,M1 four linear coordinates,w101_s101,101,101,4,inverse_G1,inverse_G2,B_encoder_C_initial_output,False,All625 source inputs seen; fit/test only analysis-map orbit holdout; physical basis/world is not an independent input universe,output_prob,answer_strata,knn_overlap,0,0,250,375,,,,,,,,,,,,,,,,,,,,
F5,F5_rank4_symmetry45,P_M1_basis_inverse,F5_coordinate_basis,cross_task_set,P four coordinates,M1 four linear coordinates,w101_s101,101,101,4,inverse_G1,inverse_G2,B_encoder_C_initial_output,False,All625 source inputs seen; fit/test only analysis-map orbit holdout; physical basis/world is not an independent input universe,output_prob,answer_strata,procrustes,0,0,250,375,8,,,,,,,,,,,,,,,,,,,
F5,F5_rank4_symmetry45,P_M1_basis_inverse,F5_coordinate_basis,cross_task_set,P four coordinates,M1 four linear coordinates,w101_s101,101,101,4,inverse_G1,inverse_G2,B_encoder_C_initial_output,False,All625 source inputs seen; fit/test only analysis-map orbit holdout; physical basis/world is not an independent input universe,answer_onehot,answer_strata,linear_cka,0,0,250,375,,,,,,,,,,,,,,,,,,,,
F5,F5_rank4_symmetry45,P_M1_basis_inverse,F5_coordinate_basis,cross_task_set,P four coordinates,M1 four linear coordinates,w101_s101,101,101,4,inverse_G1,inverse_G2,B_encoder_C_initial_output,False,All625 source inputs seen; fit/test only analysis-map orbit holdout; physical basis/world is not an independent input universe,answer_onehot,answer_strata,debiased_cka,0,0,250,375,,,,,,,,,,,,,,,,,,,,
F5,F5_rank4_symmetry45,P_M1_basis_inverse,F5_coordinate_basis,cross_task_set,P four coordinates,M1 four linear coordinates,w101_s101,101,101,4,inverse_G1,inverse_G2,B_encoder_C_initial_output,False,All625 source inputs seen; fit/test only analysis-map orbit holdout; physical basis/world is not an independent input universe,answer_onehot,answer_strata,knn_overlap,0,0,250,375,,,,,,,,,,,,,,,,,,,,
F5,F5_rank4_symmetry45,P_M1_basis_inverse,F5_coordinate_basis,cross_task_set,P four coordinates,M1 four linear coordinates,w101_s101,101,101,4,inverse_G1,inverse_G2,B_encoder_C_initial_output,False,All625 source inputs seen; fit/test only analysis-map orbit holdout; physical basis/world is not an independent input universe,answer_onehot,answer_strata,procrustes,0,0,250,375,8,,,,,,,,,,,,,,,,,,,
F5,F5_rank4_symmetry45,P_M1_basis_inverse,F5_coordinate_basis,cross_task_set,P four coordinates,M1 four linear coordinates,w101_s101,101,101,4,inverse_G1,inverse_G2,B_encoder_C_initial_output,False,All625 source inputs seen; fit/test only analysis-map orbit holdout; physical basis/world is not an independent input universe,answer_scalar,answer_strata,linear_cka,0,0,250,375,,,,,,,,,,,,,,,,,,,,
F5,F5_rank4_symmetry45,P_M1_basis_inverse,F5_coordinate_basis,cross_task_set,P four coordinates,M1 four linear coordinates,w101_s101,101,101,4,inverse_G1,inverse_G2,B_encoder_C_initial_output,False,All625 source inputs seen; fit/test only analysis-map orbit holdout; physical basis/world is not an independent input universe,answer_scalar,answer_strata,debiased_cka,0,0,250,375,,,,,,,,,,,,,,,,,,,,
F5,F5_rank4_symmetry45,P_M1_basis_inverse,F5_coordinate_basis,cross_task_set,P four coordinates,M1 four linear coordinates,w101_s101,101,101,4,inverse_G1,inverse_G2,B_encoder_C_initial_output,False,All625 source inputs seen; fit/test only analysis-map orbit holdout; physical basis/world is not an independent input universe,answer_scalar,answer_strata,knn_overlap,0,0,250,375,,,,,,,,,,,,,,,,,,,,
F5,F5_rank4_symmetry45,P_M1_basis_inverse,F5_coordinate_basis,cross_task_set,P four coordinates,M1 four linear coordinates,w101_s101,101,101,4,inverse_G1,inverse_G2,B_encoder_C_initial_output,False,All625 source inputs seen; fit/test only analysis-map orbit holdout; physical basis/world is not an independent input universe,answer_scalar,answer_strata,procrustes,0,0,250,375,4,,,,,,,,,,,,,,,,,,,
F5,F5_rank4_symmetry45,P_M2_basis_inverse,F5_coordinate_basis,cross_task_set,P four coordinates,M2 four linear coordinates,w101_s101,101,101,4,inverse_G2,inverse_G3,B_encoder_C_initial_output,False,All625 source inputs seen; fit/test only analysis-map orbit holdout; physical basis/world is not an independent input universe,encoder_final,within_length,linear_cka,250,375,250,375,,0.30920139923231205,,0.2726658930626482,,0.29667689849473,,0.036535506169663834,0.20783353269262977,,0.20806099488954308,,1.0000000000000009,,-0.00022746219691330283,-0.00022746219691330283,0.036535506169663834,0.10136786653968227,0.06460489817310514,0.03676296836657714
F5,F5_rank4_symmetry45,P_M2_basis_inverse,F5_coordinate_basis,cross_task_set,P four coordinates,M2 four linear coordinates,w101_s101,101,101,4,inverse_G2,inverse_G3,B_encoder_C_initial_output,False,All625 source inputs seen; fit/test only analysis-map orbit holdout; physical basis/world is not an independent input universe,encoder_final,within_length,debiased_cka,250,375,250,375,,0.24563274547404293,,0.20567655605389726,,0.23190719916293873,,0.03995618942014567,0.17965810678385993,,0.17982676226244132,,1.0000000000000002,,-0.00016865547858138652,-0.00016865547858138652,0.03995618942014567,0.065974638690183,0.02584979379145594,0.04012484489872706
F5,F5_rank4_symmetry45,P_M2_basis_inverse,F5_coordinate_basis,cross_task_set,P four coordinates,M2 four linear coordinates,w101_s101,101,101,4,inverse_G2,inverse_G3,B_encoder_C_initial_output,False,All625 source inputs seen; fit/test only analysis-map orbit holdout; physical basis/world is not an independent input universe,encoder_final,within_length,knn_overlap,250,375,250,375,,0.10479999999999999,,0.09626666666666667,,0.1469333333333333,,0.008533333333333323,0.1882666666666667,,0.20026666666666665,,1.0,,-0.011999999999999955,-0.011999999999999955,0.008533333333333323,-0.0834666666666667,-0.10399999999999998,0.02053333333333328
F5,F5_rank4_symmetry45,P_M2_basis_inverse,F5_coordinate_basis,cross_task_set,P four coordinates,M2 four linear coordinates,w101_s101,101,101,4,inverse_G2,inverse_G3,B_encoder_C_initial_output,False,All625 source inputs seen; fit/test only analysis-map orbit holdout; physical basis/world is not an independent input universe,encoder_final,within_length,procrustes,250,375,250,375,8,-1.2365667502270548,1.2365667502270548,-1.255028203453892,1.255028203453892,-1.2269237383074243,1.2269237383074243,0.018461453226837232,-1.2056806820893264,1.2056806820893264,-1.2104186511321005,1.2104186511321005,-1.0580546959496604e-15,1.0580546959496604e-15,0.004737969042774015,0.004737969042774015,0.018461453226837232,-0.030886068137728317,-0.044609552321791535,0.013723484184063217
F5,F5_rank4_symmetry45,P_M2_basis_inverse,F5_coordinate_basis,cross_task_set,P four coordinates,M2 four linear coordinates,w101_s101,101,101,4,inverse_G2,inverse_G3,B_encoder_C_initial_output,False,All625 source inputs seen; fit/test only analysis-map orbit holdout; physical basis/world is not an independent input universe,output_prob,within_length,linear_cka,250,375,250,375,,0.999999999887344,,0.7721536423761943,,0.7721536423742451,,0.22784635751114968,0.15302964745954745,,0.14901035329740395,,0.9999999999999994,,0.0040192941621435,0.0040192941621435,0.22784635751114968,0.8469703524277965,0.6231432890787904,0.22382706334900618
F5,F5_rank4_symmetry45,P_M2_basis_inverse,F5_coordinate_basis,cross_task_set,P four coordinates,M2 four linear coordinates,w101_s101,101,101,4,inverse_G2,inverse_G3,B_encoder_C_initial_output,False,All625 source inputs seen; fit/test only analysis-map orbit holdout; physical basis/world is not an independent input universe,output_prob,within_length,debiased_cka,250,375,250,375,,0.9999999998847448,,0.7636917918706679,,0.7636917918687849,,0.23630820801407681,0.13712131130327337,,0.1330627546320906,,0.9999999999999999,,0.004058556671182767,0.004058556671182767,0.23630820801407681,0.8628786885814714,0.6306290372385773,0.23224965134289405
F5,F5_rank4_symmetry45,P_M2_basis_inverse,F5_coordinate_basis,cross_task_set,P four coordinates,M2 four linear coordinates,w101_s101,101,101,4,inverse_G2,inverse_G3,B_encoder_C_initial_output,False,All625 source inputs seen; fit/test only analysis-map orbit holdout; physical basis/world is not an independent input universe,output_prob,within_length,knn_overlap,250,375,250,375,,0.7989333333333334,,0.7474666666666665,,0.7472,,0.05146666666666688,0.07573333333333333,,0.11066666666666666,,1.0,,-0.03493333333333333,-0.03493333333333333,0.05146666666666688,0.7232000000000001,0.6367999999999998,0.08640000000000021
F5,F5_rank4_symmetry45,P_M2_basis_inverse,F5_coordinate_basis,cross_task_set,P four coordinates,M2 four linear coordinates,w101_s101,101,101,4,inverse_G2,inverse_G3,B_encoder_C_initial_output,False,All625 source inputs seen; fit/test only analysis-map orbit holdout; physical basis/world is not an independent input universe,output_prob,within_length,procrustes,250,375,250,375,8,-0.7228170739875285,0.7228170739875285,-0.8902840846830071,0.8902840846830071,-0.8902843059292554,0.8902843059292554,0.16746701069547865,-1.2183686754436804,1.2183686754436804,-1.2180158355102713,1.2180158355102713,-2.013284817285774e-15,2.013284817285774e-15,-0.00035283993340917696,-0.00035283993340917696,0.16746701069547865,0.49555160145615196,0.32773175082726413,0.16781985062888782
F5,F5_rank4_symmetry45,P_M2_basis_inverse,F5_coordinate_basis,cross_task_set,P four coordinates,M2 four linear coordinates,w101_s101,101,101,4,inverse_G2,inverse_G3,B_encoder_C_initial_output,False,All625 source inputs seen; fit/test only analysis-map orbit holdout; physical basis/world is not an independent input universe,answer_onehot,within_length,linear_cka,250,375,250,375,,1.000000000000022,,0.7721518987341942,,0.7721518987341942,,0.22784810126582777,,,,,,,,,0.22784810126582777,,,
F5,F5_rank4_symmetry45,P_M2_basis_inverse,F5_coordinate_basis,cross_task_set,P four coordinates,M2 four linear coordinates,w101_s101,101,101,4,inverse_G2,inverse_G3,B_encoder_C_initial_output,False,All625 source inputs seen; fit/test only analysis-map orbit holdout; physical basis/world is not an independent input universe,answer_onehot,within_length,debiased_cka,250,375,250,375,,0.9999999999999817,,0.7636899747261866,,0.7636899747261866,,0.23631002527379508,,,,,,,,,0.23631002527379508,,,
F5,F5_rank4_symmetry45,P_M2_basis_inverse,F5_coordinate_basis,cross_task_set,P four coordinates,M2 four linear coordinates,w101_s101,101,101,4,inverse_G2,inverse_G3,B_encoder_C_initial_output,False,All625 source inputs seen; fit/test only analysis-map orbit holdout; physical basis/world is not an independent input universe,answer_onehot,within_length,knn_overlap,250,375,250,375,,1.0,,0.6869333333333333,,0.6869333333333333,,0.3130666666666667,,,,,,,,,0.3130666666666667,,,
F5,F5_rank4_symmetry45,P_M2_basis_inverse,F5_coordinate_basis,cross_task_set,P four coordinates,M2 four linear coordinates,w101_s101,101,101,4,inverse_G2,inverse_G3,B_encoder_C_initial_output,False,All625 source inputs seen; fit/test only analysis-map orbit holdout; physical basis/world is not an independent input universe,answer_onehot,within_length,procrustes,250,375,250,375,8,-7.765294040588031e-16,7.765294040588031e-16,-0.9683396848150783,0.9683396848150783,-1.0135801781806013,1.0135801781806013,0.9683396848150775,,,,,,,,,0.9683396848150775,,,
F5,F5_rank4_symmetry45,P_M2_basis_inverse,F5_coordinate_basis,cross_task_set,P four coordinates,M2 four linear coordinates,w101_s101,101,101,4,inverse_G2,inverse_G3,B_encoder_C_initial_output,False,All625 source inputs seen; fit/test only analysis-map orbit holdout; physical basis/world is not an independent input universe,answer_scalar,within_length,linear_cka,250,375,250,375,,1.0000000000000002,,0.6785714285714287,,0.6785714285714287,,0.3214285714285715,,,,,,,,,0.3214285714285715,,,
F5,F5_rank4_symmetry45,P_M2_basis_inverse,F5_coordinate_basis,cross_task_set,P four coordinates,M2 four linear coordinates,w101_s101,101,101,4,inverse_G2,inverse_G3,B_encoder_C_initial_output,False,All625 source inputs seen; fit/test only analysis-map orbit holdout; physical basis/world is not an independent input universe,answer_scalar,within_length,debiased_cka,250,375,250,375,,1.0000000000000016,,0.6754728291624684,,0.6754728291624684,,0.32452717083753313,,,,,,,,,0.32452717083753313,,,
F5,F5_rank4_symmetry45,P_M2_basis_inverse,F5_coordinate_basis,cross_task_set,P four coordinates,M2 four linear coordinates,w101_s101,101,101,4,inverse_G2,inverse_G3,B_encoder_C_initial_output,False,All625 source inputs seen; fit/test only analysis-map orbit holdout; physical basis/world is not an independent input universe,answer_scalar,within_length,knn_overlap,250,375,250,375,,1.0,,0.5701333333333334,,0.3997333333333333,,0.4298666666666666,,,,,,,,,0.4298666666666666,,,
F5,F5_rank4_symmetry45,P_M2_basis_inverse,F5_coordinate_basis,cross_task_set,P four coordinates,M2 four linear coordinates,w101_s101,101,101,4,inverse_G2,inverse_G3,B_encoder_C_initial_output,False,All625 source inputs seen; fit/test only analysis-map orbit holdout; physical basis/world is not an independent input universe,answer_scalar,within_length,procrustes,250,375,250,375,4,-2.798971880388748e-16,2.798971880388748e-16,-0.7745966692414834,0.7745966692414834,-0.7745966692414834,0.7745966692414834,0.7745966692414831,,,,,,,,,0.7745966692414831,,,
F5,F5_rank4_symmetry45,P_M2_basis_inverse,F5_coordinate_basis,cross_task_set,P four coordinates,M2 four linear coordinates,w101_s101,101,101,4,inverse_G2,inverse_G3,B_encoder_C_initial_output,False,All625 source inputs seen; fit/test only analysis-map orbit holdout; physical basis/world is not an independent input universe,encoder_final,answer_strata,linear_cka,0,0,250,375,,,,,,,,,,,,,,,,,,,,
F5,F5_rank4_symmetry45,P_M2_basis_inverse,F5_coordinate_basis,cross_task_set,P four coordinates,M2 four linear coordinates,w101_s101,101,101,4,inverse_G2,inverse_G3,B_encoder_C_initial_output,False,All625 source inputs seen; fit/test only analysis-map orbit holdout; physical basis/world is not an independent input universe,encoder_final,answer_strata,debiased_cka,0,0,250,375,,,,,,,,,,,,,,,,,,,,
F5,F5_rank4_symmetry45,P_M2_basis_inverse,F5_coordinate_basis,cross_task_set,P four coordinates,M2 four linear coordinates,w101_s101,101,101,4,inverse_G2,inverse_G3,B_encoder_C_initial_output,False,All625 source inputs seen; fit/test only analysis-map orbit holdout; physical basis/world is not an independent input universe,encoder_final,answer_strata,knn_overlap,0,0,250,375,,,,,,,,,,,,,,,,,,,,
F5,F5_rank4_symmetry45,P_M2_basis_inverse,F5_coordinate_basis,cross_task_set,P four coordinates,M2 four linear coordinates,w101_s101,101,101,4,inverse_G2,inverse_G3,B_encoder_C_initial_output,False,All625 source inputs seen; fit/test only analysis-map orbit holdout; physical basis/world is not an independent input universe,encoder_final,answer_strata,procrustes,0,0,250,375,8,,,,,,,,,,,,,,,,,,,
F5,F5_rank4_symmetry45,P_M2_basis_inverse,F5_coordinate_basis,cross_task_set,P four coordinates,M2 four linear coordinates,w101_s101,101,101,4,inverse_G2,inverse_G3,B_encoder_C_initial_output,False,All625 source inputs seen; fit/test only analysis-map orbit holdout; physical basis/world is not an independent input universe,output_prob,answer_strata,linear_cka,0,0,250,375,,,,,,,,,,,,,,,,,,,,
F5,F5_rank4_symmetry45,P_M2_basis_inverse,F5_coordinate_basis,cross_task_set,P four coordinates,M2 four linear coordinates,w101_s101,101,101,4,inverse_G2,inverse_G3,B_encoder_C_initial_output,False,All625 source inputs seen; fit/test only analysis-map orbit holdout; physical basis/world is not an independent input universe,output_prob,answer_strata,debiased_cka,0,0,250,375,,,,,,,,,,,,,,,,,,,,
F5,F5_rank4_symmetry45,P_M2_basis_inverse,F5_coordinate_basis,cross_task_set,P four coordinates,M2 four linear coordinates,w101_s101,101,101,4,inverse_G2,inverse_G3,B_encoder_C_initial_output,False,All625 source inputs seen; fit/test only analysis-map orbit holdout; physical basis/world is not an independent input universe,output_prob,answer_strata,knn_overlap,0,0,250,375,,,,,,,,,,,,,,,,,,,,
F5,F5_rank4_symmetry45,P_M2_basis_inverse,F5_coordinate_basis,cross_task_set,P four coordinates,M2 four linear coordinates,w101_s101,101,101,4,inverse_G2,inverse_G3,B_encoder_C_initial_output,False,All625 source inputs seen; fit/test only analysis-map orbit holdout; physical basis/world is not an independent input universe,output_prob,answer_strata,procrustes,0,0,250,375,8,,,,,,,,,,,,,,,,,,,
F5,F5_rank4_symmetry45,P_M2_basis_inverse,F5_coordinate_basis,cross_task_set,P four coordinates,M2 four linear coordinates,w101_s101,101,101,4,inverse_G2,inverse_G3,B_encoder_C_initial_output,False,All625 source inputs seen; fit/test only analysis-map orbit holdout; physical basis/world is not an independent input universe,answer_onehot,answer_strata,linear_cka,0,0,250,375,,,,,,,,,,,,,,,,,,,,
F5,F5_rank4_symmetry45,P_M2_basis_inverse,F5_coordinate_basis,cross_task_set,P four coordinates,M2 four linear coordinates,w101_s101,101,101,4,inverse_G2,inverse_G3,B_encoder_C_initial_output,False,All625 source inputs seen; fit/test only analysis-map orbit holdout; physical basis/world is not an independent input universe,answer_onehot,answer_strata,debiased_cka,0,0,250,375,,,,,,,,,,,,,,,,,,,,
F5,F5_rank4_symmetry45,P_M2_basis_inverse,F5_coordinate_basis,cross_task_set,P four coordinates,M2 four linear coordinates,w101_s101,101,101,4,inverse_G2,inverse_G3,B_encoder_C_initial_output,False,All625 source inputs seen; fit/test only analysis-map orbit holdout; physical basis/world is not an independent input universe,answer_onehot,answer_strata,knn_overlap,0,0,250,375,,,,,,,,,,,,,,,,,,,,
F5,F5_rank4_symmetry45,P_M2_basis_inverse,F5_coordinate_basis,cross_task_set,P four coordinates,M2 four linear coordinates,w101_s101,101,101,4,inverse_G2,inverse_G3,B_encoder_C_initial_output,False,All625 source inputs seen; fit/test only analysis-map orbit holdout; physical basis/world is not an independent input universe,answer_onehot,answer_strata,procrustes,0,0,250,375,8,,,,,,,,,,,,,,,,,,,
F5,F5_rank4_symmetry45,P_M2_basis_inverse,F5_coordinate_basis,cross_task_set,P four coordinates,M2 four linear coordinates,w101_s101,101,101,4,inverse_G2,inverse_G3,B_encoder_C_initial_output,False,All625 source inputs seen; fit/test only analysis-map orbit holdout; physical basis/world is not an independent input universe,answer_scalar,answer_strata,linear_cka,0,0,250,375,,,,,,,,,,,,,,,,,,,,
F5,F5_rank4_symmetry45,P_M2_basis_inverse,F5_coordinate_basis,cross_task_set,P four coordinates,M2 four linear coordinates,w101_s101,101,101,4,inverse_G2,inverse_G3,B_encoder_C_initial_output,False,All625 source inputs seen; fit/test only analysis-map orbit holdout; physical basis/world is not an independent input universe,answer_scalar,answer_strata,debiased_cka,0,0,250,375,,,,,,,,,,,,,,,,,,,,
F5,F5_rank4_symmetry45,P_M2_basis_inverse,F5_coordinate_basis,cross_task_set,P four coordinates,M2 four linear coordinates,w101_s101,101,101,4,inverse_G2,inverse_G3,B_encoder_C_initial_output,False,All625 source inputs seen; fit/test only analysis-map orbit holdout; physical basis/world is not an independent input universe,answer_scalar,answer_strata,knn_overlap,0,0,250,375,,,,,,,,,,,,,,,,,,,,
F5,F5_rank4_symmetry45,P_M2_basis_inverse,F5_coordinate_basis,cross_task_set,P four coordinates,M2 four linear coordinates,w101_s101,101,101,4,inverse_G2,inverse_G3,B_encoder_C_initial_output,False,All625 source inputs seen; fit/test only analysis-map orbit holdout; physical basis/world is not an independent input universe,answer_scalar,answer_strata,procrustes,0,0,250,375,4,,,,,,,,,,,,,,,,,,,
F5,F5_rank4_symmetry45,P_M3_basis_inverse,F5_coordinate_basis,cross_task_set,P four coordinates,M3 four linear coordinates,w101_s101,101,101,4,inverse_G3,inverse_G4,B_encoder_C_initial_output,False,All625 source inputs seen; fit/test only analysis-map orbit holdout; physical basis/world is not an independent input universe,encoder_final,within_length,linear_cka,250,375,250,375,,0.38290029145999854,,0.36133285519363556,,0.41115750949568497,,0.021567436266362983,0.20806099488954308,,0.20483789160100216,,1.0000000000000009,,0.0032231032885409183,0.0032231032885409183,0.021567436266362983,0.17483929657045547,0.1564949635926334,0.018344332977822064
F5,F5_rank4_symmetry45,P_M3_basis_inverse,F5_coordinate_basis,cross_task_set,P four coordinates,M3 four linear coordinates,w101_s101,101,101,4,inverse_G3,inverse_G4,B_encoder_C_initial_output,False,All625 source inputs seen; fit/test only analysis-map orbit holdout; physical basis/world is not an independent input universe,encoder_final,within_length,debiased_cka,250,375,250,375,,0.32249432671468425,,0.29880414910148506,,0.35351784321057117,,0.023690177613199193,0.17982676226244132,,0.17649050268372377,,1.0000000000000002,,0.003336259578717554,0.003336259578717554,0.023690177613199193,0.14266756445224293,0.1223136464177613,0.02035391803448164
F5,F5_rank4_symmetry45,P_M3_basis_inverse,F5_coordinate_basis,cross_task_set,P four coordinates,M3 four linear coordinates,w101_s101,101,101,4,inverse_G3,inverse_G4,B_encoder_C_initial_output,False,All625 source inputs seen; fit/test only analysis-map orbit holdout; physical basis/world is not an independent input universe,encoder_final,within_length,knn_overlap,250,375,250,375,,0.12746666666666667,,0.12026666666666667,,0.24186666666666665,,0.007199999999999998,0.20026666666666665,,0.008266666666666669,,1.0,,0.19199999999999998,0.19199999999999998,0.007199999999999998,-0.07279999999999998,0.112,-0.18479999999999996
F5,F5_rank4_symmetry45,P_M3_basis_inverse,F5_coordinate_basis,cross_task_set,P four coordinates,M3 four linear coordinates,w101_s101,101,101,4,inverse_G3,inverse_G4,B_encoder_C_initial_output,False,All625 source inputs seen; fit/test only analysis-map orbit holdout; physical basis/world is not an independent input universe,encoder_final,within_length,procrustes,250,375,250,375,8,-1.1171805916509696,1.1171805916509696,-1.0985656700077184,1.0985656700077184,-1.084387274215774,1.084387274215774,-0.01861492164325118,-1.2104186511321005,1.2104186511321005,-1.2196195073520149,1.2196195073520149,-1.0580546959496604e-15,1.0580546959496604e-15,0.0092008562199144,0.0092008562199144,-0.01861492164325118,0.09323805948113084,0.12105383734429642,-0.02781577786316558
F5,F5_rank4_symmetry45,P_M3_basis_inverse,F5_coordinate_basis,cross_task_set,P four coordinates,M3 four linear coordinates,w101_s101,101,101,4,inverse_G3,inverse_G4,B_encoder_C_initial_output,False,All625 source inputs seen; fit/test only analysis-map orbit holdout; physical basis/world is not an independent input universe,output_prob,within_length,linear_cka,250,375,250,375,,0.9999999999126379,,0.7721538795747761,,0.7721538795758445,,0.22784612033786178,0.14901035329740395,,0.14669481151185068,,0.9999999999999994,,0.0023155417855532656,0.0023155417855532656,0.22784612033786178,0.8509896466152339,0.6254590680629254,0.2255305785523085
F5,F5_rank4_symmetry45,P_M3_basis_inverse,F5_coordinate_basis,cross_task_set,P four coordinates,M3 four linear coordinates,w101_s101,101,101,4,inverse_G3,inverse_G4,B_encoder_C_initial_output,False,All625 source inputs seen; fit/test only analysis-map orbit holdout; physical basis/world is not an independent input universe,output_prob,within_length,debiased_cka,250,375,250,375,,0.9999999999109873,,0.7636920366292747,,0.763692036630154,,0.23630796328171266,0.1330627546320906,,0.13062259210742405,,0.9999999999999999,,0.002440162524666556,0.002440162524666556,0.23630796328171266,0.8669372452788967,0.6330694445218505,0.2338678007570461
F5,F5_rank4_symmetry45,P_M3_basis_inverse,F5_coordinate_basis,cross_task_set,P four coordinates,M3 four linear coordinates,w101_s101,101,101,4,inverse_G3,inverse_G4,B_encoder_C_initial_output,False,All625 source inputs seen; fit/test only analysis-map orbit holdout; physical basis/world is not an independent input universe,output_prob,within_length,knn_overlap,250,375,250,375,,0.7896000000000001,,0.7293333333333333,,0.7317333333333332,,0.0602666666666668,0.11066666666666666,,0.045066666666666665,,1.0,,0.06559999999999999,0.06559999999999999,0.0602666666666668,0.6789333333333334,0.6842666666666666,-0.00533333333333319
F5,F5_rank4_symmetry45,P_M3_basis_inverse,F5_coordinate_basis,cross_task_set,P four coordinates,M3 four linear coordinates,w101_s101,101,101,4,inverse_G3,inverse_G4,B_encoder_C_initial_output,False,All625 source inputs seen; fit/test only analysis-map orbit holdout; physical basis/world is not an independent input universe,output_prob,within_length,procrustes,250,375,250,375,8,-0.6030433228799792,0.6030433228799792,-0.6575243616533649,0.6575243616533649,-0.6575245393700658,0.6575245393700658,0.054481038773385726,-1.2180158355102713,1.2180158355102713,-1.2419283689165146,1.2419283689165146,-2.013284817285774e-15,2.013284817285774e-15,0.02391253340624333,0.02391253340624333,0.054481038773385726,0.6149725126302921,0.5844040072631497,0.030568505367142396
F5,F5_rank4_symmetry45,P_M3_basis_inverse,F5_coordinate_basis,cross_task_set,P four coordinates,M3 four linear coordinates,w101_s101,101,101,4,inverse_G3,inverse_G4,B_encoder_C_initial_output,False,All625 source inputs seen; fit/test only analysis-map orbit holdout; physical basis/world is not an independent input universe,answer_onehot,within_length,linear_cka,250,375,250,375,,1.000000000000022,,0.7721518987341943,,0.7721518987341943,,0.22784810126582766,,,,,,,,,0.22784810126582766,,,
F5,F5_rank4_symmetry45,P_M3_basis_inverse,F5_coordinate_basis,cross_task_set,P four coordinates,M3 four linear coordinates,w101_s101,101,101,4,inverse_G3,inverse_G4,B_encoder_C_initial_output,False,All625 source inputs seen; fit/test only analysis-map orbit holdout; physical basis/world is not an independent input universe,answer_onehot,within_length,debiased_cka,250,375,250,375,,0.9999999999999817,,0.7636899747261866,,0.7636899747261866,,0.23631002527379508,,,,,,,,,0.23631002527379508,,,
F5,F5_rank4_symmetry45,P_M3_basis_inverse,F5_coordinate_basis,cross_task_set,P four coordinates,M3 four linear coordinates,w101_s101,101,101,4,inverse_G3,inverse_G4,B_encoder_C_initial_output,False,All625 source inputs seen; fit/test only analysis-map orbit holdout; physical basis/world is not an independent input universe,answer_onehot,within_length,knn_overlap,250,375,250,375,,1.0,,0.6871999999999999,,0.6871999999999999,,0.3128000000000001,,,,,,,,,0.3128000000000001,,,
F5,F5_rank4_symmetry45,P_M3_basis_inverse,F5_coordinate_basis,cross_task_set,P four coordinates,M3 four linear coordinates,w101_s101,101,101,4,inverse_G3,inverse_G4,B_encoder_C_initial_output,False,All625 source inputs seen; fit/test only analysis-map orbit holdout; physical basis/world is not an independent input universe,answer_onehot,within_length,procrustes,250,375,250,375,8,-7.765294040588031e-16,7.765294040588031e-16,-0.9248937867952128,0.9248937867952128,-1.0037227025761504,1.0037227025761504,0.9248937867952121,,,,,,,,,0.9248937867952121,,,
F5,F5_rank4_symmetry45,P_M3_basis_inverse,F5_coordinate_basis,cross_task_set,P four coordinates,M3 four linear coordinates,w101_s101,101,101,4,inverse_G3,inverse_G4,B_encoder_C_initial_output,False,All625 source inputs seen; fit/test only analysis-map orbit holdout; physical basis/world is not an independent input universe,answer_scalar,within_length,linear_cka,250,375,250,375,,1.0000000000000002,,0.6785714285714287,,0.6785714285714287,,0.3214285714285715,,,,,,,,,0.3214285714285715,,,
F5,F5_rank4_symmetry45,P_M3_basis_inverse,F5_coordinate_basis,cross_task_set,P four coordinates,M3 four linear coordinates,w101_s101,101,101,4,inverse_G3,inverse_G4,B_encoder_C_initial_output,False,All625 source inputs seen; fit/test only analysis-map orbit holdout; physical basis/world is not an independent input universe,answer_scalar,within_length,debiased_cka,250,375,250,375,,1.0000000000000016,,0.6754728291624685,,0.6754728291624683,,0.324527170837533,,,,,,,,,0.324527170837533,,,
F5,F5_rank4_symmetry45,P_M3_basis_inverse,F5_coordinate_basis,cross_task_set,P four coordinates,M3 four linear coordinates,w101_s101,101,101,4,inverse_G3,inverse_G4,B_encoder_C_initial_output,False,All625 source inputs seen; fit/test only analysis-map orbit holdout; physical basis/world is not an independent input universe,answer_scalar,within_length,knn_overlap,250,375,250,375,,1.0,,0.3983999999999999,,0.3973333333333333,,0.6016000000000001,,,,,,,,,0.6016000000000001,,,
F5,F5_rank4_symmetry45,P_M3_basis_inverse,F5_coordinate_basis,cross_task_set,P four coordinates,M3 four linear coordinates,w101_s101,101,101,4,inverse_G3,inverse_G4,B_encoder_C_initial_output,False,All625 source inputs seen; fit/test only analysis-map orbit holdout; physical basis/world is not an independent input universe,answer_scalar,within_length,procrustes,250,375,250,375,4,-2.798971880388748e-16,2.798971880388748e-16,-0.7745966692414835,0.7745966692414835,-0.7745966692414835,0.7745966692414835,0.7745966692414832,,,,,,,,,0.7745966692414832,,,
F5,F5_rank4_symmetry45,P_M3_basis_inverse,F5_coordinate_basis,cross_task_set,P four coordinates,M3 four linear coordinates,w101_s101,101,101,4,inverse_G3,inverse_G4,B_encoder_C_initial_output,False,All625 source inputs seen; fit/test only analysis-map orbit holdout; physical basis/world is not an independent input universe,encoder_final,answer_strata,linear_cka,0,0,250,375,,,,,,,,,,,,,,,,,,,,
F5,F5_rank4_symmetry45,P_M3_basis_inverse,F5_coordinate_basis,cross_task_set,P four coordinates,M3 four linear coordinates,w101_s101,101,101,4,inverse_G3,inverse_G4,B_encoder_C_initial_output,False,All625 source inputs seen; fit/test only analysis-map orbit holdout; physical basis/world is not an independent input universe,encoder_final,answer_strata,debiased_cka,0,0,250,375,,,,,,,,,,,,,,,,,,,,
F5,F5_rank4_symmetry45,P_M3_basis_inverse,F5_coordinate_basis,cross_task_set,P four coordinates,M3 four linear coordinates,w101_s101,101,101,4,inverse_G3,inverse_G4,B_encoder_C_initial_output,False,All625 source inputs seen; fit/test only analysis-map orbit holdout; physical basis/world is not an independent input universe,encoder_final,answer_strata,knn_overlap,0,0,250,375,,,,,,,,,,,,,,,,,,,,
F5,F5_rank4_symmetry45,P_M3_basis_inverse,F5_coordinate_basis,cross_task_set,P four coordinates,M3 four linear coordinates,w101_s101,101,101,4,inverse_G3,inverse_G4,B_encoder_C_initial_output,False,All625 source inputs seen; fit/test only analysis-map orbit holdout; physical basis/world is not an independent input universe,encoder_final,answer_strata,procrustes,0,0,250,375,8,,,,,,,,,,,,,,,,,,,
F5,F5_rank4_symmetry45,P_M3_basis_inverse,F5_coordinate_basis,cross_task_set,P four coordinates,M3 four linear coordinates,w101_s101,101,101,4,inverse_G3,inverse_G4,B_encoder_C_initial_output,False,All625 source inputs seen; fit/test only analysis-map orbit holdout; physical basis/world is not an independent input universe,output_prob,answer_strata,linear_cka,0,0,250,375,,,,,,,,,,,,,,,,,,,,
F5,F5_rank4_symmetry45,P_M3_basis_inverse,F5_coordinate_basis,cross_task_set,P four coordinates,M3 four linear coordinates,w101_s101,101,101,4,inverse_G3,inverse_G4,B_encoder_C_initial_output,False,All625 source inputs seen; fit/test only analysis-map orbit holdout; physical basis/world is not an independent input universe,output_prob,answer_strata,debiased_cka,0,0,250,375,,,,,,,,,,,,,,,,,,,,
F5,F5_rank4_symmetry45,P_M3_basis_inverse,F5_coordinate_basis,cross_task_set,P four coordinates,M3 four linear coordinates,w101_s101,101,101,4,inverse_G3,inverse_G4,B_encoder_C_initial_output,False,All625 source inputs seen; fit/test only analysis-map orbit holdout; physical basis/world is not an independent input universe,output_prob,answer_strata,knn_overlap,0,0,250,375,,,,,,,,,,,,,,,,,,,,
F5,F5_rank4_symmetry45,P_M3_basis_inverse,F5_coordinate_basis,cross_task_set,P four coordinates,M3 four linear coordinates,w101_s101,101,101,4,inverse_G3,inverse_G4,B_encoder_C_initial_output,False,All625 source inputs seen; fit/test only analysis-map orbit holdout; physical basis/world is not an independent input universe,output_prob,answer_strata,procrustes,0,0,250,375,8,,,,,,,,,,,,,,,,,,,
F5,F5_rank4_symmetry45,P_M3_basis_inverse,F5_coordinate_basis,cross_task_set,P four coordinates,M3 four linear coordinates,w101_s101,101,101,4,inverse_G3,inverse_G4,B_encoder_C_initial_output,False,All625 source inputs seen; fit/test only analysis-map orbit holdout; physical basis/world is not an independent input universe,answer_onehot,answer_strata,linear_cka,0,0,250,375,,,,,,,,,,,,,,,,,,,,
F5,F5_rank4_symmetry45,P_M3_basis_inverse,F5_coordinate_basis,cross_task_set,P four coordinates,M3 four linear coordinates,w101_s101,101,101,4,inverse_G3,inverse_G4,B_encoder_C_initial_output,False,All625 source inputs seen; fit/test only analysis-map orbit holdout; physical basis/world is not an independent input universe,answer_onehot,answer_strata,debiased_cka,0,0,250,375,,,,,,,,,,,,,,,,,,,,
F5,F5_rank4_symmetry45,P_M3_basis_inverse,F5_coordinate_basis,cross_task_set,P four coordinates,M3 four linear coordinates,w101_s101,101,101,4,inverse_G3,inverse_G4,B_encoder_C_initial_output,False,All625 source inputs seen; fit/test only analysis-map orbit holdout; physical basis/world is not an independent input universe,answer_onehot,answer_strata,knn_overlap,0,0,250,375,,,,,,,,,,,,,,,,,,,,
F5,F5_rank4_symmetry45,P_M3_basis_inverse,F5_coordinate_basis,cross_task_set,P four coordinates,M3 four linear coordinates,w101_s101,101,101,4,inverse_G3,inverse_G4,B_encoder_C_initial_output,False,All625 source inputs seen; fit/test only analysis-map orbit holdout; physical basis/world is not an independent input universe,answer_onehot,answer_strata,procrustes,0,0,250,375,8,,,,,,,,,,,,,,,,,,,
F5,F5_rank4_symmetry45,P_M3_basis_inverse,F5_coordinate_basis,cross_task_set,P four coordinates,M3 four linear coordinates,w101_s101,101,101,4,inverse_G3,inverse_G4,B_encoder_C_initial_output,False,All625 source inputs seen; fit/test only analysis-map orbit holdout; physical basis/world is not an independent input universe,answer_scalar,answer_strata,linear_cka,0,0,250,375,,,,,,,,,,,,,,,,,,,,
F5,F5_rank4_symmetry45,P_M3_basis_inverse,F5_coordinate_basis,cross_task_set,P four coordinates,M3 four linear coordinates,w101_s101,101,101,4,inverse_G3,inverse_G4,B_encoder_C_initial_output,False,All625 source inputs seen; fit/test only analysis-map orbit holdout; physical basis/world is not an independent input universe,answer_scalar,answer_strata,debiased_cka,0,0,250,375,,,,,,,,,,,,,,,,,,,,
F5,F5_rank4_symmetry45,P_M3_basis_inverse,F5_coordinate_basis,cross_task_set,P four coordinates,M3 four linear coordinates,w101_s101,101,101,4,inverse_G3,inverse_G4,B_encoder_C_initial_output,False,All625 source inputs seen; fit/test only analysis-map orbit holdout; physical basis/world is not an independent input universe,answer_scalar,answer_strata,knn_overlap,0,0,250,375,,,,,,,,,,,,,,,,,,,,
F5,F5_rank4_symmetry45,P_M3_basis_inverse,F5_coordinate_basis,cross_task_set,P four coordinates,M3 four linear coordinates,w101_s101,101,101,4,inverse_G3,inverse_G4,B_encoder_C_initial_output,False,All625 source inputs seen; fit/test only analysis-map orbit holdout; physical basis/world is not an independent input universe,answer_scalar,answer_strata,procrustes,0,0,250,375,4,,,,,,,,,,,,,,,,,,,
F5,F5_rank4_symmetry45,P_M4_basis_inverse,F5_coordinate_basis,cross_task_set,P four coordinates,M4 four linear coordinates,w101_s101,101,101,4,inverse_G4,inverse_G1,B_encoder_C_initial_output,False,All625 source inputs seen; fit/test only analysis-map orbit holdout; physical basis/world is not an independent input universe,encoder_final,within_length,linear_cka,250,375,250,375,,0.30604945947532647,,0.3051347212904451,,0.34845609605696104,,0.0009147381848813585,0.20483789160100216,,0.24145668839241557,,1.0000000000000009,,-0.036618796791413416,-0.036618796791413416,0.0009147381848813585,0.10121156787432431,0.06367803289802954,0.037533534976294775
F5,F5_rank4_symmetry45,P_M4_basis_inverse,F5_coordinate_basis,cross_task_set,P four coordinates,M4 four linear coordinates,w101_s101,101,101,4,inverse_G4,inverse_G1,B_encoder_C_initial_output,False,All625 source inputs seen; fit/test only analysis-map orbit holdout; physical basis/world is not an independent input universe,encoder_final,within_length,debiased_cka,250,375,250,375,,0.2338796751100753,,0.2328404692752659,,0.280715914509882,,0.0010392058348094035,0.17649050268372377,,0.21434947650171388,,1.0000000000000002,,-0.03785897381799011,-0.03785897381799011,0.0010392058348094035,0.057389172426351526,0.018490992773552012,0.038898179652799514
F5,F5_rank4_symmetry45,P_M4_basis_inverse,F5_coordinate_basis,cross_task_set,P four coordinates,M4 four linear coordinates,w101_s101,101,101,4,inverse_G4,inverse_G1,B_encoder_C_initial_output,False,All625 source inputs seen; fit/test only analysis-map orbit holdout; physical basis/world is not an independent input universe,encoder_final,within_length,knn_overlap,250,375,250,375,,0.08106666666666666,,0.1504,,0.156,,-0.06933333333333334,0.008266666666666669,,0.47386666666666666,,1.0,,-0.4656,-0.4656,-0.06933333333333334,0.07279999999999999,-0.3234666666666667,0.39626666666666666
F5,F5_rank4_symmetry45,P_M4_basis_inverse,F5_coordinate_basis,cross_task_set,P four coordinates,M4 four linear coordinates,w101_s101,101,101,4,inverse_G4,inverse_G1,B_encoder_C_initial_output,False,All625 source inputs seen; fit/test only analysis-map orbit holdout; physical basis/world is not an independent input universe,encoder_final,within_length,procrustes,250,375,250,375,8,-1.2355980135048095,1.2355980135048095,-1.2445976893682567,1.2445976893682567,-1.1481164370027637,1.1481164370027637,0.008999675863447187,-1.2196195073520149,1.2196195073520149,-1.2794980629641708,1.2794980629641708,-1.0580546959496604e-15,1.0580546959496604e-15,0.05987855561215594,0.05987855561215594,0.008999675863447187,-0.015978506152794614,0.034900373595914136,-0.05087887974870875
F5,F5_rank4_symmetry45,P_M4_basis_inverse,F5_coordinate_basis,cross_task_set,P four coordinates,M4 four linear coordinates,w101_s101,101,101,4,inverse_G4,inverse_G1,B_encoder_C_initial_output,False,All625 source inputs seen; fit/test only analysis-map orbit holdout; physical basis/world is not an independent input universe,output_prob,within_length,linear_cka,250,375,250,375,,0.9999999998683716,,0.7721551449468472,,0.7721551449494551,,0.2278448549215244,0.14669481151185068,,0.14129650352025827,,0.9999999999999994,,0.00539830799159241,0.00539830799159241,0.2278448549215244,0.8533051883565209,0.630858641426589,0.222446546929932
F5,F5_rank4_symmetry45,P_M4_basis_inverse,F5_coordinate_basis,cross_task_set,P four coordinates,M4 four linear coordinates,w101_s101,101,101,4,inverse_G4,inverse_G1,B_encoder_C_initial_output,False,All625 source inputs seen; fit/test only analysis-map orbit holdout; physical basis/world is not an independent input universe,output_prob,within_length,debiased_cka,250,375,250,375,,0.9999999998651738,,0.7636933521216288,,0.7636933521240764,,0.23630664774354504,0.13062259210742405,,0.12549203311257964,,0.9999999999999999,,0.005130558994844409,0.005130558994844409,0.23630664774354504,0.8693774077577499,0.6382013190090492,0.23117608874870063
F5,F5_rank4_symmetry45,P_M4_basis_inverse,F5_coordinate_basis,cross_task_set,P four coordinates,M4 four linear coordinates,w101_s101,101,101,4,inverse_G4,inverse_G1,B_encoder_C_initial_output,False,All625 source inputs seen; fit/test only analysis-map orbit holdout; physical basis/world is not an independent input universe,output_prob,within_length,knn_overlap,250,375,250,375,,0.8085333333333334,,0.7626666666666667,,0.7626666666666667,,0.04586666666666672,0.045066666666666665,,0.23813333333333336,,1.0,,-0.1930666666666667,-0.1930666666666667,0.04586666666666672,0.7634666666666667,0.5245333333333333,0.23893333333333341
F5,F5_rank4_symmetry45,P_M4_basis_inverse,F5_coordinate_basis,cross_task_set,P four coordinates,M4 four linear coordinates,w101_s101,101,101,4,inverse_G4,inverse_G1,B_encoder_C_initial_output,False,All625 source inputs seen; fit/test only analysis-map orbit holdout; physical basis/world is not an independent input universe,output_prob,within_length,procrustes,250,375,250,375,8,-0.7858650332417942,0.7858650332417942,-0.7949860666400368,0.7949860666400368,-0.7949860685805835,0.7949860685805835,0.00912103339824255,-1.2419283689165146,1.2419283689165146,-1.2852956178900026,1.2852956178900026,-2.013284817285774e-15,2.013284817285774e-15,0.04336724897348798,0.04336724897348798,0.00912103339824255,0.45606333567472035,0.4903095512499658,-0.03424621557524543
F5,F5_rank4_symmetry45,P_M4_basis_inverse,F5_coordinate_basis,cross_task_set,P four coordinates,M4 four linear coordinates,w101_s101,101,101,4,inverse_G4,inverse_G1,B_encoder_C_initial_output,False,All625 source inputs seen; fit/test only analysis-map orbit holdout; physical basis/world is not an independent input universe,answer_onehot,within_length,linear_cka,250,375,250,375,,1.000000000000022,,0.7721518987341942,,0.7721518987341942,,0.22784810126582777,,,,,,,,,0.22784810126582777,,,
F5,F5_rank4_symmetry45,P_M4_basis_inverse,F5_coordinate_basis,cross_task_set,P four coordinates,M4 four linear coordinates,w101_s101,101,101,4,inverse_G4,inverse_G1,B_encoder_C_initial_output,False,All625 source inputs seen; fit/test only analysis-map orbit holdout; physical basis/world is not an independent input universe,answer_onehot,within_length,debiased_cka,250,375,250,375,,0.9999999999999817,,0.7636899747261866,,0.7636899747261866,,0.23631002527379508,,,,,,,,,0.23631002527379508,,,
F5,F5_rank4_symmetry45,P_M4_basis_inverse,F5_coordinate_basis,cross_task_set,P four coordinates,M4 four linear coordinates,w101_s101,101,101,4,inverse_G4,inverse_G1,B_encoder_C_initial_output,False,All625 source inputs seen; fit/test only analysis-map orbit holdout; physical basis/world is not an independent input universe,answer_onehot,within_length,knn_overlap,250,375,250,375,,1.0,,0.6869333333333333,,0.6901333333333333,,0.3130666666666667,,,,,,,,,0.3130666666666667,,,
F5,F5_rank4_symmetry45,P_M4_basis_inverse,F5_coordinate_basis,cross_task_set,P four coordinates,M4 four linear coordinates,w101_s101,101,101,4,inverse_G4,inverse_G1,B_encoder_C_initial_output,False,All625 source inputs seen; fit/test only analysis-map orbit holdout; physical basis/world is not an independent input universe,answer_onehot,within_length,procrustes,250,375,250,375,8,-7.765294040588031e-16,7.765294040588031e-16,-0.9683396848150783,0.9683396848150783,-0.9266172317920099,0.9266172317920099,0.9683396848150775,,,,,,,,,0.9683396848150775,,,
F5,F5_rank4_symmetry45,P_M4_basis_inverse,F5_coordinate_basis,cross_task_set,P four coordinates,M4 four linear coordinates,w101_s101,101,101,4,inverse_G4,inverse_G1,B_encoder_C_initial_output,False,All625 source inputs seen; fit/test only analysis-map orbit holdout; physical basis/world is not an independent input universe,answer_scalar,within_length,linear_cka,250,375,250,375,,1.0000000000000002,,0.6785714285714287,,0.6785714285714287,,0.3214285714285715,,,,,,,,,0.3214285714285715,,,
F5,F5_rank4_symmetry45,P_M4_basis_inverse,F5_coordinate_basis,cross_task_set,P four coordinates,M4 four linear coordinates,w101_s101,101,101,4,inverse_G4,inverse_G1,B_encoder_C_initial_output,False,All625 source inputs seen; fit/test only analysis-map orbit holdout; physical basis/world is not an independent input universe,answer_scalar,within_length,debiased_cka,250,375,250,375,,1.0000000000000016,,0.6754728291624684,,0.6754728291624683,,0.32452717083753313,,,,,,,,,0.32452717083753313,,,
F5,F5_rank4_symmetry45,P_M4_basis_inverse,F5_coordinate_basis,cross_task_set,P four coordinates,M4 four linear coordinates,w101_s101,101,101,4,inverse_G4,inverse_G1,B_encoder_C_initial_output,False,All625 source inputs seen; fit/test only analysis-map orbit holdout; physical basis/world is not an independent input universe,answer_scalar,within_length,knn_overlap,250,375,250,375,,1.0,,0.5701333333333334,,0.6269333333333333,,0.4298666666666666,,,,,,,,,0.4298666666666666,,,
F5,F5_rank4_symmetry45,P_M4_basis_inverse,F5_coordinate_basis,cross_task_set,P four coordinates,M4 four linear coordinates,w101_s101,101,101,4,inverse_G4,inverse_G1,B_encoder_C_initial_output,False,All625 source inputs seen; fit/test only analysis-map orbit holdout; physical basis/world is not an independent input universe,answer_scalar,within_length,procrustes,250,375,250,375,4,-2.798971880388748e-16,2.798971880388748e-16,-0.7745966692414834,0.7745966692414834,-0.7745966692414836,0.7745966692414836,0.7745966692414831,,,,,,,,,0.7745966692414831,,,
F5,F5_rank4_symmetry45,P_M4_basis_inverse,F5_coordinate_basis,cross_task_set,P four coordinates,M4 four linear coordinates,w101_s101,101,101,4,inverse_G4,inverse_G1,B_encoder_C_initial_output,False,All625 source inputs seen; fit/test only analysis-map orbit holdout; physical basis/world is not an independent input universe,encoder_final,answer_strata,linear_cka,0,0,250,375,,,,,,,,,,,,,,,,,,,,
F5,F5_rank4_symmetry45,P_M4_basis_inverse,F5_coordinate_basis,cross_task_set,P four coordinates,M4 four linear coordinates,w101_s101,101,101,4,inverse_G4,inverse_G1,B_encoder_C_initial_output,False,All625 source inputs seen; fit/test only analysis-map orbit holdout; physical basis/world is not an independent input universe,encoder_final,answer_strata,debiased_cka,0,0,250,375,,,,,,,,,,,,,,,,,,,,
F5,F5_rank4_symmetry45,P_M4_basis_inverse,F5_coordinate_basis,cross_task_set,P four coordinates,M4 four linear coordinates,w101_s101,101,101,4,inverse_G4,inverse_G1,B_encoder_C_initial_output,False,All625 source inputs seen; fit/test only analysis-map orbit holdout; physical basis/world is not an independent input universe,encoder_final,answer_strata,knn_overlap,0,0,250,375,,,,,,,,,,,,,,,,,,,,
F5,F5_rank4_symmetry45,P_M4_basis_inverse,F5_coordinate_basis,cross_task_set,P four coordinates,M4 four linear coordinates,w101_s101,101,101,4,inverse_G4,inverse_G1,B_encoder_C_initial_output,False,All625 source inputs seen; fit/test only analysis-map orbit holdout; physical basis/world is not an independent input universe,encoder_final,answer_strata,procrustes,0,0,250,375,8,,,,,,,,,,,,,,,,,,,
F5,F5_rank4_symmetry45,P_M4_basis_inverse,F5_coordinate_basis,cross_task_set,P four coordinates,M4 four linear coordinates,w101_s101,101,101,4,inverse_G4,inverse_G1,B_encoder_C_initial_output,False,All625 source inputs seen; fit/test only analysis-map orbit holdout; physical basis/world is not an independent input universe,output_prob,answer_strata,linear_cka,0,0,250,375,,,,,,,,,,,,,,,,,,,,
F5,F5_rank4_symmetry45,P_M4_basis_inverse,F5_coordinate_basis,cross_task_set,P four coordinates,M4 four linear coordinates,w101_s101,101,101,4,inverse_G4,inverse_G1,B_encoder_C_initial_output,False,All625 source inputs seen; fit/test only analysis-map orbit holdout; physical basis/world is not an independent input universe,output_prob,answer_strata,debiased_cka,0,0,250,375,,,,,,,,,,,,,,,,,,,,
F5,F5_rank4_symmetry45,P_M4_basis_inverse,F5_coordinate_basis,cross_task_set,P four coordinates,M4 four linear coordinates,w101_s101,101,101,4,inverse_G4,inverse_G1,B_encoder_C_initial_output,False,All625 source inputs seen; fit/test only analysis-map orbit holdout; physical basis/world is not an independent input universe,output_prob,answer_strata,knn_overlap,0,0,250,375,,,,,,,,,,,,,,,,,,,,
F5,F5_rank4_symmetry45,P_M4_basis_inverse,F5_coordinate_basis,cross_task_set,P four coordinates,M4 four linear coordinates,w101_s101,101,101,4,inverse_G4,inverse_G1,B_encoder_C_initial_output,False,All625 source inputs seen; fit/test only analysis-map orbit holdout; physical basis/world is not an independent input universe,output_prob,answer_strata,procrustes,0,0,250,375,8,,,,,,,,,,,,,,,,,,,
F5,F5_rank4_symmetry45,P_M4_basis_inverse,F5_coordinate_basis,cross_task_set,P four coordinates,M4 four linear coordinates,w101_s101,101,101,4,inverse_G4,inverse_G1,B_encoder_C_initial_output,False,All625 source inputs seen; fit/test only analysis-map orbit holdout; physical basis/world is not an independent input universe,answer_onehot,answer_strata,linear_cka,0,0,250,375,,,,,,,,,,,,,,,,,,,,
F5,F5_rank4_symmetry45,P_M4_basis_inverse,F5_coordinate_basis,cross_task_set,P four coordinates,M4 four linear coordinates,w101_s101,101,101,4,inverse_G4,inverse_G1,B_encoder_C_initial_output,False,All625 source inputs seen; fit/test only analysis-map orbit holdout; physical basis/world is not an independent input universe,answer_onehot,answer_strata,debiased_cka,0,0,250,375,,,,,,,,,,,,,,,,,,,,
F5,F5_rank4_symmetry45,P_M4_basis_inverse,F5_coordinate_basis,cross_task_set,P four coordinates,M4 four linear coordinates,w101_s101,101,101,4,inverse_G4,inverse_G1,B_encoder_C_initial_output,False,All625 source inputs seen; fit/test only analysis-map orbit holdout; physical basis/world is not an independent input universe,answer_onehot,answer_strata,knn_overlap,0,0,250,375,,,,,,,,,,,,,,,,,,,,
F5,F5_rank4_symmetry45,P_M4_basis_inverse,F5_coordinate_basis,cross_task_set,P four coordinates,M4 four linear coordinates,w101_s101,101,101,4,inverse_G4,inverse_G1,B_encoder_C_initial_output,False,All625 source inputs seen; fit/test only analysis-map orbit holdout; physical basis/world is not an independent input universe,answer_onehot,answer_strata,procrustes,0,0,250,375,8,,,,,,,,,,,,,,,,,,,
F5,F5_rank4_symmetry45,P_M4_basis_inverse,F5_coordinate_basis,cross_task_set,P four coordinates,M4 four linear coordinates,w101_s101,101,101,4,inverse_G4,inverse_G1,B_encoder_C_initial_output,False,All625 source inputs seen; fit/test only analysis-map orbit holdout; physical basis/world is not an independent input universe,answer_scalar,answer_strata,linear_cka,0,0,250,375,,,,,,,,,,,,,,,,,,,,
F5,F5_rank4_symmetry45,P_M4_basis_inverse,F5_coordinate_basis,cross_task_set,P four coordinates,M4 four linear coordinates,w101_s101,101,101,4,inverse_G4,inverse_G1,B_encoder_C_initial_output,False,All625 source inputs seen; fit/test only analysis-map orbit holdout; physical basis/world is not an independent input universe,answer_scalar,answer_strata,debiased_cka,0,0,250,375,,,,,,,,,,,,,,,,,,,,
F5,F5_rank4_symmetry45,P_M4_basis_inverse,F5_coordinate_basis,cross_task_set,P four coordinates,M4 four linear coordinates,w101_s101,101,101,4,inverse_G4,inverse_G1,B_encoder_C_initial_output,False,All625 source inputs seen; fit/test only analysis-map orbit holdout; physical basis/world is not an independent input universe,answer_scalar,answer_strata,knn_overlap,0,0,250,375,,,,,,,,,,,,,,,,,,,,
F5,F5_rank4_symmetry45,P_M4_basis_inverse,F5_coordinate_basis,cross_task_set,P four coordinates,M4 four linear coordinates,w101_s101,101,101,4,inverse_G4,inverse_G1,B_encoder_C_initial_output,False,All625 source inputs seen; fit/test only analysis-map orbit holdout; physical basis/world is not an independent input universe,answer_scalar,answer_strata,procrustes,0,0,250,375,4,,,,,,,,,,,,,,,,,,,
