scenario,family,world_seed,model_seed,target_id,target,budget,mode,test_accuracy,support_accuracy,random_accuracy,transfer_gain,source_accuracy,source_min_accuracy,source_auc,mean_single_auc,minimum_circuit_size,target_composition_size
A110,A,17,42,0,"0,1,1",10,probe,0.19200000166893005,1.0,0.12000000476837158,0.07199999690055847,1.0,1.0,0.9023333308286965,0.8663499987063309,3,2
A110,A,17,42,1,"1,1,3",10,probe,0.20800000429153442,1.0,0.2160000056028366,-0.008000001311302185,1.0,1.0,0.9023333308286965,0.8663499987063309,3,2
A110,A,17,42,2,"1,1,4",10,probe,0.24800001084804535,1.0,0.64000004529953,-0.3920000344514847,1.0,1.0,0.9023333308286965,0.8663499987063309,3,2
A110,A,17,42,3,"1,2,2",10,probe,0.20800000429153442,1.0,0.24000000953674316,-0.03200000524520874,1.0,1.0,0.9023333308286965,0.8663499987063309,3,3
A110,A,17,42,4,"1,2,3",10,probe,0.14400000870227814,1.0,0.24800001084804535,-0.10400000214576721,1.0,1.0,0.9023333308286965,0.8663499987063309,3,3
A110,A,17,42,5,"1,2,4",10,probe,0.18400001525878906,1.0,0.1680000126361847,0.01600000262260437,1.0,1.0,0.9023333308286965,0.8663499987063309,3,3
A110,A,17,42,6,"1,3,1",10,probe,0.13600000739097595,1.0,0.13600000739097595,0.0,1.0,1.0,0.9023333308286965,0.8663499987063309,3,3
A110,A,17,42,7,"1,3,2",10,probe,0.2240000069141388,1.0,0.1680000126361847,0.0559999942779541,1.0,1.0,0.9023333308286965,0.8663499987063309,3,3
A110,A,17,42,8,"1,3,4",10,probe,0.20000000298023224,1.0,0.25600001215934753,-0.056000009179115295,1.0,1.0,0.9023333308286965,0.8663499987063309,3,3
A110,A,17,42,9,"1,4,1",10,probe,0.1600000113248825,1.0,0.20800000429153442,-0.047999992966651917,1.0,1.0,0.9023333308286965,0.8663499987063309,3,3
A110,A,17,42,0,"0,1,1",10,finetune,0.15200001001358032,1.0,0.12800000607967377,0.024000003933906555,1.0,1.0,0.9023333308286965,0.8663499987063309,3,2
A110,A,17,42,1,"1,1,3",10,finetune,0.2160000056028366,1.0,0.2160000056028366,0.0,1.0,1.0,0.9023333308286965,0.8663499987063309,3,2
A110,A,17,42,2,"1,1,4",10,finetune,0.41600000858306885,1.0,0.7200000286102295,-0.30400002002716064,1.0,1.0,0.9023333308286965,0.8663499987063309,3,2
A110,A,17,42,3,"1,2,2",10,finetune,0.25600001215934753,1.0,0.24000000953674316,0.01600000262260437,1.0,1.0,0.9023333308286965,0.8663499987063309,3,3
A110,A,17,42,4,"1,2,3",10,finetune,0.15200001001358032,1.0,0.2160000056028366,-0.06399999558925629,1.0,1.0,0.9023333308286965,0.8663499987063309,3,3
A110,A,17,42,5,"1,2,4",10,finetune,0.17600001394748688,1.0,0.13600000739097595,0.040000006556510925,1.0,1.0,0.9023333308286965,0.8663499987063309,3,3
A110,A,17,42,6,"1,3,1",10,finetune,0.19200000166893005,1.0,0.13600000739097595,0.0559999942779541,1.0,1.0,0.9023333308286965,0.8663499987063309,3,3
A110,A,17,42,7,"1,3,2",10,finetune,0.2160000056028366,1.0,0.15200001001358032,0.06399999558925629,1.0,1.0,0.9023333308286965,0.8663499987063309,3,3
A110,A,17,42,8,"1,3,4",10,finetune,0.18400001525878906,1.0,0.17600001394748688,0.008000001311302185,1.0,1.0,0.9023333308286965,0.8663499987063309,3,3
A110,A,17,42,9,"1,4,1",10,finetune,0.13600000739097595,1.0,0.18400001525878906,-0.04800000786781311,1.0,1.0,0.9023333308286965,0.8663499987063309,3,3
A110,A,17,42,0,"0,1,1",25,probe,0.2160000056028366,1.0,0.20000000298023224,0.01600000262260437,1.0,1.0,0.9023333308286965,0.8663499987063309,3,2
A110,A,17,42,1,"1,1,3",25,probe,0.25600001215934753,1.0,0.12800000607967377,0.12800000607967377,1.0,1.0,0.9023333308286965,0.8663499987063309,3,2
A110,A,17,42,2,"1,1,4",25,probe,0.2240000069141388,1.0,0.9280000329017639,-0.7040000259876251,1.0,1.0,0.9023333308286965,0.8663499987063309,3,2
A110,A,17,42,3,"1,2,2",25,probe,0.20800000429153442,1.0,0.29600000381469727,-0.08799999952316284,1.0,1.0,0.9023333308286965,0.8663499987063309,3,3
A110,A,17,42,4,"1,2,3",25,probe,0.12800000607967377,1.0,0.2639999985694885,-0.13599999248981476,1.0,1.0,0.9023333308286965,0.8663499987063309,3,3
A110,A,17,42,5,"1,2,4",25,probe,0.15200001001358032,1.0,0.13600000739097595,0.01600000262260437,1.0,1.0,0.9023333308286965,0.8663499987063309,3,3
A110,A,17,42,6,"1,3,1",25,probe,0.14400000870227814,1.0,0.15200001001358032,-0.008000001311302185,1.0,1.0,0.9023333308286965,0.8663499987063309,3,3
A110,A,17,42,7,"1,3,2",25,probe,0.18400001525878906,1.0,0.17600001394748688,0.008000001311302185,1.0,1.0,0.9023333308286965,0.8663499987063309,3,3
A110,A,17,42,8,"1,3,4",25,probe,0.14400000870227814,1.0,0.1600000113248825,-0.01600000262260437,1.0,1.0,0.9023333308286965,0.8663499987063309,3,3
A110,A,17,42,9,"1,4,1",25,probe,0.17600001394748688,1.0,0.24000000953674316,-0.06399999558925629,1.0,1.0,0.9023333308286965,0.8663499987063309,3,3
A110,A,17,42,0,"0,1,1",25,finetune,0.18400001525878906,1.0,0.17600001394748688,0.008000001311302185,1.0,1.0,0.9023333308286965,0.8663499987063309,3,2
A110,A,17,42,1,"1,1,3",25,finetune,0.18400001525878906,1.0,0.1600000113248825,0.024000003933906555,1.0,1.0,0.9023333308286965,0.8663499987063309,3,2
A110,A,17,42,2,"1,1,4",25,finetune,0.6240000128746033,1.0,0.9920000433921814,-0.3680000305175781,1.0,1.0,0.9023333308286965,0.8663499987063309,3,2
A110,A,17,42,3,"1,2,2",25,finetune,0.18400001525878906,1.0,0.2800000011920929,-0.09599998593330383,1.0,1.0,0.9023333308286965,0.8663499987063309,3,3
A110,A,17,42,4,"1,2,3",25,finetune,0.20000000298023224,1.0,0.23200000822544098,-0.03200000524520874,1.0,1.0,0.9023333308286965,0.8663499987063309,3,3
A110,A,17,42,5,"1,2,4",25,finetune,0.14400000870227814,1.0,0.1680000126361847,-0.024000003933906555,1.0,1.0,0.9023333308286965,0.8663499987063309,3,3
A110,A,17,42,6,"1,3,1",25,finetune,0.12800000607967377,1.0,0.13600000739097595,-0.008000001311302185,1.0,1.0,0.9023333308286965,0.8663499987063309,3,3
A110,A,17,42,7,"1,3,2",25,finetune,0.15200001001358032,1.0,0.20800000429153442,-0.0559999942779541,1.0,1.0,0.9023333308286965,0.8663499987063309,3,3
A110,A,17,42,8,"1,3,4",25,finetune,0.1120000034570694,1.0,0.12800000607967377,-0.01600000262260437,1.0,1.0,0.9023333308286965,0.8663499987063309,3,3
A110,A,17,42,9,"1,4,1",25,finetune,0.20000000298023224,1.0,0.25600001215934753,-0.056000009179115295,1.0,1.0,0.9023333308286965,0.8663499987063309,3,3
A110,A,17,42,0,"0,1,1",50,probe,0.19200000166893005,1.0,0.1680000126361847,0.02399998903274536,1.0,1.0,0.9023333308286965,0.8663499987063309,3,2
A110,A,17,42,1,"1,1,3",50,probe,0.17600001394748688,1.0,0.20800000429153442,-0.031999990344047546,1.0,1.0,0.9023333308286965,0.8663499987063309,3,2
A110,A,17,42,2,"1,1,4",50,probe,0.2880000174045563,1.0,0.984000027179718,-0.6960000097751617,1.0,1.0,0.9023333308286965,0.8663499987063309,3,2
A110,A,17,42,3,"1,2,2",50,probe,0.14400000870227814,1.0,0.30400002002716064,-0.1600000113248825,1.0,1.0,0.9023333308286965,0.8663499987063309,3,3
A110,A,17,42,4,"1,2,3",50,probe,0.15200001001358032,1.0,0.2800000011920929,-0.12799999117851257,1.0,1.0,0.9023333308286965,0.8663499987063309,3,3
A110,A,17,42,5,"1,2,4",50,probe,0.18400001525878906,1.0,0.1600000113248825,0.024000003933906555,1.0,1.0,0.9023333308286965,0.8663499987063309,3,3
A110,A,17,42,6,"1,3,1",50,probe,0.12800000607967377,1.0,0.13600000739097595,-0.008000001311302185,1.0,1.0,0.9023333308286965,0.8663499987063309,3,3
A110,A,17,42,7,"1,3,2",50,probe,0.2160000056028366,1.0,0.14400000870227814,0.07199999690055847,1.0,1.0,0.9023333308286965,0.8663499987063309,3,3
A110,A,17,42,8,"1,3,4",50,probe,0.12000000476837158,1.0,0.18400001525878906,-0.06400001049041748,1.0,1.0,0.9023333308286965,0.8663499987063309,3,3
A110,A,17,42,9,"1,4,1",50,probe,0.20000000298023224,1.0,0.23200000822544098,-0.03200000524520874,1.0,1.0,0.9023333308286965,0.8663499987063309,3,3
A110,A,17,42,0,"0,1,1",50,finetune,0.18400001525878906,1.0,0.12000000476837158,0.06400001049041748,1.0,1.0,0.9023333308286965,0.8663499987063309,3,2
A110,A,17,42,1,"1,1,3",50,finetune,0.23200000822544098,1.0,0.2160000056028366,0.01600000262260437,1.0,1.0,0.9023333308286965,0.8663499987063309,3,2
A110,A,17,42,2,"1,1,4",50,finetune,0.7760000228881836,1.0,1.0,-0.2239999771118164,1.0,1.0,0.9023333308286965,0.8663499987063309,3,2
A110,A,17,42,3,"1,2,2",50,finetune,0.24800001084804535,1.0,0.2800000011920929,-0.031999990344047546,1.0,1.0,0.9023333308286965,0.8663499987063309,3,3
A110,A,17,42,4,"1,2,3",50,finetune,0.19200000166893005,1.0,0.23200000822544098,-0.040000006556510925,1.0,1.0,0.9023333308286965,0.8663499987063309,3,3
A110,A,17,42,5,"1,2,4",50,finetune,0.1680000126361847,1.0,0.18400001525878906,-0.01600000262260437,1.0,1.0,0.9023333308286965,0.8663499987063309,3,3
A110,A,17,42,6,"1,3,1",50,finetune,0.1600000113248825,1.0,0.12800000607967377,0.03200000524520874,1.0,1.0,0.9023333308286965,0.8663499987063309,3,3
A110,A,17,42,7,"1,3,2",50,finetune,0.18400001525878906,1.0,0.1680000126361847,0.01600000262260437,1.0,1.0,0.9023333308286965,0.8663499987063309,3,3
A110,A,17,42,8,"1,3,4",50,finetune,0.12800000607967377,1.0,0.15200001001358032,-0.024000003933906555,1.0,1.0,0.9023333308286965,0.8663499987063309,3,3
A110,A,17,42,9,"1,4,1",50,finetune,0.17600001394748688,1.0,0.19200000166893005,-0.015999987721443176,1.0,1.0,0.9023333308286965,0.8663499987063309,3,3
A110,A,17,101,0,"0,1,1",10,probe,0.2800000011920929,1.0,0.1680000126361847,0.1119999885559082,1.0,1.0,0.903233332404246,0.8743666638620198,3,2
A110,A,17,101,1,"1,1,3",10,probe,0.20800000429153442,1.0,0.2160000056028366,-0.008000001311302185,1.0,1.0,0.903233332404246,0.8743666638620198,3,2
A110,A,17,101,2,"1,1,4",10,probe,0.31200000643730164,1.0,0.7120000123977661,-0.4000000059604645,1.0,1.0,0.903233332404246,0.8743666638620198,3,2
A110,A,17,101,3,"1,2,2",10,probe,0.20800000429153442,1.0,0.19200000166893005,0.01600000262260437,1.0,1.0,0.903233332404246,0.8743666638620198,3,3
A110,A,17,101,4,"1,2,3",10,probe,0.18400001525878906,1.0,0.20800000429153442,-0.02399998903274536,1.0,1.0,0.903233332404246,0.8743666638620198,3,3
A110,A,17,101,5,"1,2,4",10,probe,0.1680000126361847,1.0,0.15200001001358032,0.01600000262260437,1.0,1.0,0.903233332404246,0.8743666638620198,3,3
A110,A,17,101,6,"1,3,1",10,probe,0.13600000739097595,1.0,0.14400000870227814,-0.008000001311302185,1.0,1.0,0.903233332404246,0.8743666638620198,3,3
A110,A,17,101,7,"1,3,2",10,probe,0.18400001525878906,1.0,0.1600000113248825,0.024000003933906555,1.0,1.0,0.903233332404246,0.8743666638620198,3,3
A110,A,17,101,8,"1,3,4",10,probe,0.19200000166893005,1.0,0.24800001084804535,-0.056000009179115295,1.0,1.0,0.903233332404246,0.8743666638620198,3,3
A110,A,17,101,9,"1,4,1",10,probe,0.1600000113248825,1.0,0.14400000870227814,0.01600000262260437,1.0,1.0,0.903233332404246,0.8743666638620198,3,3
A110,A,17,101,0,"0,1,1",10,finetune,0.2160000056028366,1.0,0.1680000126361847,0.047999992966651917,1.0,1.0,0.903233332404246,0.8743666638620198,3,2
A110,A,17,101,1,"1,1,3",10,finetune,0.19200000166893005,1.0,0.23200000822544098,-0.040000006556510925,1.0,1.0,0.903233332404246,0.8743666638620198,3,2
A110,A,17,101,2,"1,1,4",10,finetune,0.4320000112056732,1.0,0.7760000228881836,-0.3440000116825104,1.0,1.0,0.903233332404246,0.8743666638620198,3,2
A110,A,17,101,3,"1,2,2",10,finetune,0.1600000113248825,1.0,0.25600001215934753,-0.09600000083446503,1.0,1.0,0.903233332404246,0.8743666638620198,3,3
A110,A,17,101,4,"1,2,3",10,finetune,0.12800000607967377,1.0,0.24800001084804535,-0.12000000476837158,1.0,1.0,0.903233332404246,0.8743666638620198,3,3
A110,A,17,101,5,"1,2,4",10,finetune,0.18400001525878906,1.0,0.1600000113248825,0.024000003933906555,1.0,1.0,0.903233332404246,0.8743666638620198,3,3
A110,A,17,101,6,"1,3,1",10,finetune,0.14400000870227814,1.0,0.1680000126361847,-0.024000003933906555,1.0,1.0,0.903233332404246,0.8743666638620198,3,3
A110,A,17,101,7,"1,3,2",10,finetune,0.1680000126361847,1.0,0.15200001001358032,0.01600000262260437,1.0,1.0,0.903233332404246,0.8743666638620198,3,3
A110,A,17,101,8,"1,3,4",10,finetune,0.2720000147819519,1.0,0.20800000429153442,0.06400001049041748,1.0,1.0,0.903233332404246,0.8743666638620198,3,3
A110,A,17,101,9,"1,4,1",10,finetune,0.18400001525878906,1.0,0.15200001001358032,0.03200000524520874,1.0,1.0,0.903233332404246,0.8743666638620198,3,3
A110,A,17,101,0,"0,1,1",25,probe,0.24000000953674316,1.0,0.13600000739097595,0.10400000214576721,1.0,1.0,0.903233332404246,0.8743666638620198,3,2
A110,A,17,101,1,"1,1,3",25,probe,0.2160000056028366,1.0,0.20800000429153442,0.008000001311302185,1.0,1.0,0.903233332404246,0.8743666638620198,3,2
A110,A,17,101,2,"1,1,4",25,probe,0.29600000381469727,1.0,0.968000054359436,-0.6720000505447388,1.0,1.0,0.903233332404246,0.8743666638620198,3,2
A110,A,17,101,3,"1,2,2",25,probe,0.1600000113248825,1.0,0.320000022649765,-0.1600000113248825,1.0,1.0,0.903233332404246,0.8743666638620198,3,3
A110,A,17,101,4,"1,2,3",25,probe,0.14400000870227814,1.0,0.2639999985694885,-0.11999998986721039,1.0,1.0,0.903233332404246,0.8743666638620198,3,3
A110,A,17,101,5,"1,2,4",25,probe,0.20000000298023224,1.0,0.18400001525878906,0.015999987721443176,1.0,1.0,0.903233332404246,0.8743666638620198,3,3
A110,A,17,101,6,"1,3,1",25,probe,0.2240000069141388,1.0,0.1680000126361847,0.0559999942779541,1.0,1.0,0.903233332404246,0.8743666638620198,3,3
A110,A,17,101,7,"1,3,2",25,probe,0.15200001001358032,1.0,0.2160000056028366,-0.06399999558925629,1.0,1.0,0.903233332404246,0.8743666638620198,3,3
A110,A,17,101,8,"1,3,4",25,probe,0.1680000126361847,1.0,0.12800000607967377,0.040000006556510925,1.0,1.0,0.903233332404246,0.8743666638620198,3,3
A110,A,17,101,9,"1,4,1",25,probe,0.20000000298023224,1.0,0.23200000822544098,-0.03200000524520874,1.0,1.0,0.903233332404246,0.8743666638620198,3,3
A110,A,17,101,0,"0,1,1",25,finetune,0.20800000429153442,1.0,0.18400001525878906,0.02399998903274536,1.0,1.0,0.903233332404246,0.8743666638620198,3,2
A110,A,17,101,1,"1,1,3",25,finetune,0.24800001084804535,1.0,0.20000000298023224,0.04800000786781311,1.0,1.0,0.903233332404246,0.8743666638620198,3,2
A110,A,17,101,2,"1,1,4",25,finetune,0.5920000076293945,1.0,0.9920000433921814,-0.40000003576278687,1.0,1.0,0.903233332404246,0.8743666638620198,3,2
A110,A,17,101,3,"1,2,2",25,finetune,0.1680000126361847,1.0,0.320000022649765,-0.15200001001358032,1.0,1.0,0.903233332404246,0.8743666638620198,3,3
A110,A,17,101,4,"1,2,3",25,finetune,0.1680000126361847,1.0,0.25600001215934753,-0.08799999952316284,1.0,1.0,0.903233332404246,0.8743666638620198,3,3
A110,A,17,101,5,"1,2,4",25,finetune,0.17600001394748688,1.0,0.18400001525878906,-0.008000001311302185,1.0,1.0,0.903233332404246,0.8743666638620198,3,3
A110,A,17,101,6,"1,3,1",25,finetune,0.1120000034570694,1.0,0.12800000607967377,-0.01600000262260437,1.0,1.0,0.903233332404246,0.8743666638620198,3,3
A110,A,17,101,7,"1,3,2",25,finetune,0.2240000069141388,1.0,0.1680000126361847,0.0559999942779541,1.0,1.0,0.903233332404246,0.8743666638620198,3,3
A110,A,17,101,8,"1,3,4",25,finetune,0.20000000298023224,1.0,0.13600000739097595,0.06399999558925629,1.0,1.0,0.903233332404246,0.8743666638620198,3,3
A110,A,17,101,9,"1,4,1",25,finetune,0.23200000822544098,1.0,0.2160000056028366,0.01600000262260437,1.0,1.0,0.903233332404246,0.8743666638620198,3,3
A110,A,17,101,0,"0,1,1",50,probe,0.2160000056028366,1.0,0.13600000739097595,0.07999999821186066,1.0,1.0,0.903233332404246,0.8743666638620198,3,2
A110,A,17,101,1,"1,1,3",50,probe,0.2160000056028366,1.0,0.20800000429153442,0.008000001311302185,1.0,1.0,0.903233332404246,0.8743666638620198,3,2
A110,A,17,101,2,"1,1,4",50,probe,0.35200002789497375,1.0,0.968000054359436,-0.6160000264644623,1.0,1.0,0.903233332404246,0.8743666638620198,3,2
A110,A,17,101,3,"1,2,2",50,probe,0.13600000739097595,1.0,0.29600000381469727,-0.1599999964237213,1.0,1.0,0.903233332404246,0.8743666638620198,3,3
A110,A,17,101,4,"1,2,3",50,probe,0.2160000056028366,1.0,0.24800001084804535,-0.03200000524520874,1.0,1.0,0.903233332404246,0.8743666638620198,3,3
A110,A,17,101,5,"1,2,4",50,probe,0.18400001525878906,1.0,0.1680000126361847,0.01600000262260437,1.0,1.0,0.903233332404246,0.8743666638620198,3,3
A110,A,17,101,6,"1,3,1",50,probe,0.17600001394748688,1.0,0.13600000739097595,0.040000006556510925,1.0,1.0,0.903233332404246,0.8743666638620198,3,3
A110,A,17,101,7,"1,3,2",50,probe,0.12000000476837158,1.0,0.1600000113248825,-0.040000006556510925,1.0,1.0,0.903233332404246,0.8743666638620198,3,3
A110,A,17,101,8,"1,3,4",50,probe,0.12000000476837158,1.0,0.15200001001358032,-0.03200000524520874,1.0,1.0,0.903233332404246,0.8743666638620198,3,3
A110,A,17,101,9,"1,4,1",50,probe,0.1600000113248825,1.0,0.17600001394748688,-0.01600000262260437,1.0,1.0,0.903233332404246,0.8743666638620198,3,3
A110,A,17,101,0,"0,1,1",50,finetune,0.20800000429153442,1.0,0.12800000607967377,0.07999999821186066,1.0,1.0,0.903233332404246,0.8743666638620198,3,2
A110,A,17,101,1,"1,1,3",50,finetune,0.2800000011920929,1.0,0.2160000056028366,0.06399999558925629,1.0,1.0,0.903233332404246,0.8743666638620198,3,2
A110,A,17,101,2,"1,1,4",50,finetune,0.7280000448226929,1.0,1.0,-0.27199995517730713,1.0,1.0,0.903233332404246,0.8743666638620198,3,2
A110,A,17,101,3,"1,2,2",50,finetune,0.20000000298023224,1.0,0.2720000147819519,-0.07200001180171967,1.0,1.0,0.903233332404246,0.8743666638620198,3,3
A110,A,17,101,4,"1,2,3",50,finetune,0.1680000126361847,1.0,0.24000000953674316,-0.07199999690055847,1.0,1.0,0.903233332404246,0.8743666638620198,3,3
A110,A,17,101,5,"1,2,4",50,finetune,0.14400000870227814,1.0,0.12000000476837158,0.024000003933906555,1.0,1.0,0.903233332404246,0.8743666638620198,3,3
A110,A,17,101,6,"1,3,1",50,finetune,0.09600000083446503,1.0,0.1120000034570694,-0.01600000262260437,1.0,1.0,0.903233332404246,0.8743666638620198,3,3
A110,A,17,101,7,"1,3,2",50,finetune,0.1600000113248825,1.0,0.15200001001358032,0.008000001311302185,1.0,1.0,0.903233332404246,0.8743666638620198,3,3
A110,A,17,101,8,"1,3,4",50,finetune,0.14400000870227814,1.0,0.14400000870227814,0.0,1.0,1.0,0.903233332404246,0.8743666638620198,3,3
A110,A,17,101,9,"1,4,1",50,finetune,0.19200000166893005,1.0,0.18400001525878906,0.007999986410140991,1.0,1.0,0.903233332404246,0.8743666638620198,3,3
A110,A,42,42,0,"0,1,1",10,probe,0.20000000298023224,1.0,0.1600000113248825,0.03999999165534973,1.0,1.0,0.9066999987699091,0.9005833311627308,3,2
A110,A,42,42,1,"1,1,3",10,probe,0.1680000126361847,1.0,0.1680000126361847,0.0,1.0,1.0,0.9066999987699091,0.9005833311627308,3,2
A110,A,42,42,2,"1,1,4",10,probe,0.2240000069141388,1.0,0.15200001001358032,0.07199999690055847,1.0,1.0,0.9066999987699091,0.9005833311627308,3,2
A110,A,42,42,3,"1,2,2",10,probe,0.1600000113248825,1.0,0.14400000870227814,0.01600000262260437,1.0,1.0,0.9066999987699091,0.9005833311627308,3,3
A110,A,42,42,4,"1,2,3",10,probe,0.09600000083446503,1.0,0.14400000870227814,-0.04800000786781311,1.0,1.0,0.9066999987699091,0.9005833311627308,3,3
A110,A,42,42,5,"1,2,4",10,probe,0.2240000069141388,1.0,0.15200001001358032,0.07199999690055847,1.0,1.0,0.9066999987699091,0.9005833311627308,3,3
A110,A,42,42,6,"1,3,1",10,probe,0.20800000429153442,1.0,0.6880000233650208,-0.48000001907348633,1.0,1.0,0.9066999987699091,0.9005833311627308,3,3
A110,A,42,42,7,"1,3,2",10,probe,0.17600001394748688,1.0,0.1600000113248825,0.01600000262260437,1.0,1.0,0.9066999987699091,0.9005833311627308,3,3
A110,A,42,42,8,"1,3,4",10,probe,0.25600001215934753,1.0,0.20000000298023224,0.056000009179115295,1.0,1.0,0.9066999987699091,0.9005833311627308,3,3
A110,A,42,42,9,"1,4,1",10,probe,0.14400000870227814,1.0,0.20000000298023224,-0.0559999942779541,1.0,1.0,0.9066999987699091,0.9005833311627308,3,3
A110,A,42,42,0,"0,1,1",10,finetune,0.12800000607967377,1.0,0.17600001394748688,-0.04800000786781311,1.0,1.0,0.9066999987699091,0.9005833311627308,3,2
A110,A,42,42,1,"1,1,3",10,finetune,0.12800000607967377,1.0,0.1600000113248825,-0.03200000524520874,1.0,1.0,0.9066999987699091,0.9005833311627308,3,2
A110,A,42,42,2,"1,1,4",10,finetune,0.12000000476837158,1.0,0.1120000034570694,0.008000001311302185,1.0,1.0,0.9066999987699091,0.9005833311627308,3,2
A110,A,42,42,3,"1,2,2",10,finetune,0.1600000113248825,1.0,0.18400001525878906,-0.024000003933906555,1.0,1.0,0.9066999987699091,0.9005833311627308,3,3
A110,A,42,42,4,"1,2,3",10,finetune,0.15200001001358032,1.0,0.14400000870227814,0.008000001311302185,1.0,1.0,0.9066999987699091,0.9005833311627308,3,3
A110,A,42,42,5,"1,2,4",10,finetune,0.12000000476837158,1.0,0.17600001394748688,-0.056000009179115295,1.0,1.0,0.9066999987699091,0.9005833311627308,3,3
A110,A,42,42,6,"1,3,1",10,finetune,0.2639999985694885,1.0,0.7280000448226929,-0.46400004625320435,1.0,1.0,0.9066999987699091,0.9005833311627308,3,3
A110,A,42,42,7,"1,3,2",10,finetune,0.18400001525878906,1.0,0.20800000429153442,-0.02399998903274536,1.0,1.0,0.9066999987699091,0.9005833311627308,3,3
A110,A,42,42,8,"1,3,4",10,finetune,0.24800001084804535,1.0,0.2160000056028366,0.03200000524520874,1.0,1.0,0.9066999987699091,0.9005833311627308,3,3
A110,A,42,42,9,"1,4,1",10,finetune,0.19200000166893005,1.0,0.20000000298023224,-0.008000001311302185,1.0,1.0,0.9066999987699091,0.9005833311627308,3,3
A110,A,42,42,0,"0,1,1",25,probe,0.20000000298023224,1.0,0.19200000166893005,0.008000001311302185,1.0,1.0,0.9066999987699091,0.9005833311627308,3,2
A110,A,42,42,1,"1,1,3",25,probe,0.15200001001358032,1.0,0.10400000214576721,0.04800000786781311,1.0,1.0,0.9066999987699091,0.9005833311627308,3,2
A110,A,42,42,2,"1,1,4",25,probe,0.1680000126361847,1.0,0.1680000126361847,0.0,1.0,1.0,0.9066999987699091,0.9005833311627308,3,2
A110,A,42,42,3,"1,2,2",25,probe,0.15200001001358032,1.0,0.12000000476837158,0.03200000524520874,1.0,1.0,0.9066999987699091,0.9005833311627308,3,3
A110,A,42,42,4,"1,2,3",25,probe,0.1120000034570694,1.0,0.1680000126361847,-0.056000009179115295,1.0,1.0,0.9066999987699091,0.9005833311627308,3,3
A110,A,42,42,5,"1,2,4",25,probe,0.12800000607967377,1.0,0.15200001001358032,-0.024000003933906555,1.0,1.0,0.9066999987699091,0.9005833311627308,3,3
A110,A,42,42,6,"1,3,1",25,probe,0.2160000056028366,1.0,0.9520000219345093,-0.7360000163316727,1.0,1.0,0.9066999987699091,0.9005833311627308,3,3
A110,A,42,42,7,"1,3,2",25,probe,0.13600000739097595,1.0,0.18400001525878906,-0.04800000786781311,1.0,1.0,0.9066999987699091,0.9005833311627308,3,3
A110,A,42,42,8,"1,3,4",25,probe,0.23200000822544098,1.0,0.2160000056028366,0.01600000262260437,1.0,1.0,0.9066999987699091,0.9005833311627308,3,3
A110,A,42,42,9,"1,4,1",25,probe,0.1600000113248825,1.0,0.14400000870227814,0.01600000262260437,1.0,1.0,0.9066999987699091,0.9005833311627308,3,3
A110,A,42,42,0,"0,1,1",25,finetune,0.15200001001358032,1.0,0.24000000953674316,-0.08799999952316284,1.0,1.0,0.9066999987699091,0.9005833311627308,3,2
A110,A,42,42,1,"1,1,3",25,finetune,0.17600001394748688,1.0,0.10400000214576721,0.07200001180171967,1.0,1.0,0.9066999987699091,0.9005833311627308,3,2
A110,A,42,42,2,"1,1,4",25,finetune,0.19200000166893005,1.0,0.15200001001358032,0.03999999165534973,1.0,1.0,0.9066999987699091,0.9005833311627308,3,2
A110,A,42,42,3,"1,2,2",25,finetune,0.19200000166893005,1.0,0.12000000476837158,0.07199999690055847,1.0,1.0,0.9066999987699091,0.9005833311627308,3,3
A110,A,42,42,4,"1,2,3",25,finetune,0.18400001525878906,1.0,0.1680000126361847,0.01600000262260437,1.0,1.0,0.9066999987699091,0.9005833311627308,3,3
A110,A,42,42,5,"1,2,4",25,finetune,0.08800000697374344,1.0,0.13600000739097595,-0.04800000041723251,1.0,1.0,0.9066999987699091,0.9005833311627308,3,3
A110,A,42,42,6,"1,3,1",25,finetune,0.4400000274181366,1.0,0.984000027179718,-0.5439999997615814,1.0,1.0,0.9066999987699091,0.9005833311627308,3,3
A110,A,42,42,7,"1,3,2",25,finetune,0.20000000298023224,1.0,0.19200000166893005,0.008000001311302185,1.0,1.0,0.9066999987699091,0.9005833311627308,3,3
A110,A,42,42,8,"1,3,4",25,finetune,0.328000009059906,1.0,0.2240000069141388,0.10400000214576721,1.0,1.0,0.9066999987699091,0.9005833311627308,3,3
A110,A,42,42,9,"1,4,1",25,finetune,0.1600000113248825,1.0,0.15200001001358032,0.008000001311302185,1.0,1.0,0.9066999987699091,0.9005833311627308,3,3
A110,A,42,42,0,"0,1,1",50,probe,0.17600001394748688,1.0,0.18400001525878906,-0.008000001311302185,1.0,1.0,0.9066999987699091,0.9005833311627308,3,2
A110,A,42,42,1,"1,1,3",50,probe,0.17600001394748688,1.0,0.15200001001358032,0.024000003933906555,1.0,1.0,0.9066999987699091,0.9005833311627308,3,2
A110,A,42,42,2,"1,1,4",50,probe,0.1600000113248825,1.0,0.1600000113248825,0.0,1.0,1.0,0.9066999987699091,0.9005833311627308,3,2
A110,A,42,42,3,"1,2,2",50,probe,0.17600001394748688,1.0,0.13600000739097595,0.040000006556510925,1.0,1.0,0.9066999987699091,0.9005833311627308,3,3
A110,A,42,42,4,"1,2,3",50,probe,0.20800000429153442,1.0,0.25600001215934753,-0.04800000786781311,1.0,1.0,0.9066999987699091,0.9005833311627308,3,3
A110,A,42,42,5,"1,2,4",50,probe,0.17600001394748688,1.0,0.2160000056028366,-0.03999999165534973,1.0,1.0,0.9066999987699091,0.9005833311627308,3,3
A110,A,42,42,6,"1,3,1",50,probe,0.2160000056028366,1.0,1.0,-0.7839999943971634,1.0,1.0,0.9066999987699091,0.9005833311627308,3,3
A110,A,42,42,7,"1,3,2",50,probe,0.15200001001358032,1.0,0.19200000166893005,-0.03999999165534973,1.0,1.0,0.9066999987699091,0.9005833311627308,3,3
A110,A,42,42,8,"1,3,4",50,probe,0.2240000069141388,1.0,0.31200000643730164,-0.08799999952316284,1.0,1.0,0.9066999987699091,0.9005833311627308,3,3
A110,A,42,42,9,"1,4,1",50,probe,0.19200000166893005,1.0,0.18400001525878906,0.007999986410140991,1.0,1.0,0.9066999987699091,0.9005833311627308,3,3
A110,A,42,42,0,"0,1,1",50,finetune,0.12000000476837158,1.0,0.15200001001358032,-0.03200000524520874,1.0,1.0,0.9066999987699091,0.9005833311627308,3,2
A110,A,42,42,1,"1,1,3",50,finetune,0.18400001525878906,1.0,0.1600000113248825,0.024000003933906555,1.0,1.0,0.9066999987699091,0.9005833311627308,3,2
A110,A,42,42,2,"1,1,4",50,finetune,0.15200001001358032,1.0,0.1680000126361847,-0.01600000262260437,1.0,1.0,0.9066999987699091,0.9005833311627308,3,2
A110,A,42,42,3,"1,2,2",50,finetune,0.15200001001358032,1.0,0.12800000607967377,0.024000003933906555,1.0,1.0,0.9066999987699091,0.9005833311627308,3,3
A110,A,42,42,4,"1,2,3",50,finetune,0.19200000166893005,1.0,0.24800001084804535,-0.056000009179115295,1.0,1.0,0.9066999987699091,0.9005833311627308,3,3
A110,A,42,42,5,"1,2,4",50,finetune,0.18400001525878906,1.0,0.17600001394748688,0.008000001311302185,1.0,1.0,0.9066999987699091,0.9005833311627308,3,3
A110,A,42,42,6,"1,3,1",50,finetune,0.6640000343322754,1.0,1.0,-0.3359999656677246,1.0,1.0,0.9066999987699091,0.9005833311627308,3,3
A110,A,42,42,7,"1,3,2",50,finetune,0.1600000113248825,1.0,0.23200000822544098,-0.07199999690055847,1.0,1.0,0.9066999987699091,0.9005833311627308,3,3
A110,A,42,42,8,"1,3,4",50,finetune,0.40800002217292786,1.0,0.35200002789497375,0.0559999942779541,1.0,1.0,0.9066999987699091,0.9005833311627308,3,3
A110,A,42,42,9,"1,4,1",50,finetune,0.20000000298023224,1.0,0.18400001525878906,0.015999987721443176,1.0,1.0,0.9066999987699091,0.9005833311627308,3,3
A110,A,42,101,0,"0,1,1",10,probe,0.20800000429153442,1.0,0.17600001394748688,0.031999990344047546,1.0,1.0,0.9094333321166536,0.9031666646090647,3,2
A110,A,42,101,1,"1,1,3",10,probe,0.18400001525878906,1.0,0.12000000476837158,0.06400001049041748,1.0,1.0,0.9094333321166536,0.9031666646090647,3,2
A110,A,42,101,2,"1,1,4",10,probe,0.23200000822544098,1.0,0.12000000476837158,0.1120000034570694,1.0,1.0,0.9094333321166536,0.9031666646090647,3,2
A110,A,42,101,3,"1,2,2",10,probe,0.1120000034570694,1.0,0.17600001394748688,-0.06400001049041748,1.0,1.0,0.9094333321166536,0.9031666646090647,3,3
A110,A,42,101,4,"1,2,3",10,probe,0.1680000126361847,1.0,0.18400001525878906,-0.01600000262260437,1.0,1.0,0.9094333321166536,0.9031666646090647,3,3
A110,A,42,101,5,"1,2,4",10,probe,0.1680000126361847,1.0,0.1600000113248825,0.008000001311302185,1.0,1.0,0.9094333321166536,0.9031666646090647,3,3
A110,A,42,101,6,"1,3,1",10,probe,0.1680000126361847,1.0,0.6480000019073486,-0.47999998927116394,1.0,1.0,0.9094333321166536,0.9031666646090647,3,3
A110,A,42,101,7,"1,3,2",10,probe,0.23200000822544098,1.0,0.20000000298023224,0.03200000524520874,1.0,1.0,0.9094333321166536,0.9031666646090647,3,3
A110,A,42,101,8,"1,3,4",10,probe,0.24800001084804535,1.0,0.17600001394748688,0.07199999690055847,1.0,1.0,0.9094333321166536,0.9031666646090647,3,3
A110,A,42,101,9,"1,4,1",10,probe,0.2880000174045563,1.0,0.20000000298023224,0.08800001442432404,1.0,1.0,0.9094333321166536,0.9031666646090647,3,3
A110,A,42,101,0,"0,1,1",10,finetune,0.19200000166893005,1.0,0.19200000166893005,0.0,1.0,1.0,0.9094333321166536,0.9031666646090647,3,2
A110,A,42,101,1,"1,1,3",10,finetune,0.1600000113248825,1.0,0.17600001394748688,-0.01600000262260437,1.0,1.0,0.9094333321166536,0.9031666646090647,3,2
A110,A,42,101,2,"1,1,4",10,finetune,0.15200001001358032,1.0,0.1120000034570694,0.040000006556510925,1.0,1.0,0.9094333321166536,0.9031666646090647,3,2
A110,A,42,101,3,"1,2,2",10,finetune,0.1600000113248825,1.0,0.1680000126361847,-0.008000001311302185,1.0,1.0,0.9094333321166536,0.9031666646090647,3,3
A110,A,42,101,4,"1,2,3",10,finetune,0.1680000126361847,1.0,0.18400001525878906,-0.01600000262260437,1.0,1.0,0.9094333321166536,0.9031666646090647,3,3
A110,A,42,101,5,"1,2,4",10,finetune,0.18400001525878906,1.0,0.14400000870227814,0.040000006556510925,1.0,1.0,0.9094333321166536,0.9031666646090647,3,3
A110,A,42,101,6,"1,3,1",10,finetune,0.3920000195503235,1.0,0.7440000176429749,-0.35199999809265137,1.0,1.0,0.9094333321166536,0.9031666646090647,3,3
A110,A,42,101,7,"1,3,2",10,finetune,0.23200000822544098,1.0,0.19200000166893005,0.040000006556510925,1.0,1.0,0.9094333321166536,0.9031666646090647,3,3
A110,A,42,101,8,"1,3,4",10,finetune,0.2240000069141388,1.0,0.2240000069141388,0.0,1.0,1.0,0.9094333321166536,0.9031666646090647,3,3
A110,A,42,101,9,"1,4,1",10,finetune,0.23200000822544098,1.0,0.19200000166893005,0.040000006556510925,1.0,1.0,0.9094333321166536,0.9031666646090647,3,3
A110,A,42,101,0,"0,1,1",25,probe,0.15200001001358032,1.0,0.24800001084804535,-0.09600000083446503,1.0,1.0,0.9094333321166536,0.9031666646090647,3,2
A110,A,42,101,1,"1,1,3",25,probe,0.18400001525878906,1.0,0.09600000083446503,0.08800001442432404,1.0,1.0,0.9094333321166536,0.9031666646090647,3,2
A110,A,42,101,2,"1,1,4",25,probe,0.2240000069141388,1.0,0.1600000113248825,0.06399999558925629,1.0,1.0,0.9094333321166536,0.9031666646090647,3,2
A110,A,42,101,3,"1,2,2",25,probe,0.1600000113248825,1.0,0.1680000126361847,-0.008000001311302185,1.0,1.0,0.9094333321166536,0.9031666646090647,3,3
A110,A,42,101,4,"1,2,3",25,probe,0.1600000113248825,1.0,0.17600001394748688,-0.01600000262260437,1.0,1.0,0.9094333321166536,0.9031666646090647,3,3
A110,A,42,101,5,"1,2,4",25,probe,0.19200000166893005,1.0,0.13600000739097595,0.0559999942779541,1.0,1.0,0.9094333321166536,0.9031666646090647,3,3
A110,A,42,101,6,"1,3,1",25,probe,0.2160000056028366,1.0,0.8560000658035278,-0.6400000602006912,1.0,1.0,0.9094333321166536,0.9031666646090647,3,3
A110,A,42,101,7,"1,3,2",25,probe,0.17600001394748688,1.0,0.15200001001358032,0.024000003933906555,1.0,1.0,0.9094333321166536,0.9031666646090647,3,3
A110,A,42,101,8,"1,3,4",25,probe,0.2720000147819519,1.0,0.23200000822544098,0.040000006556510925,1.0,1.0,0.9094333321166536,0.9031666646090647,3,3
A110,A,42,101,9,"1,4,1",25,probe,0.2160000056028366,1.0,0.20000000298023224,0.01600000262260437,1.0,1.0,0.9094333321166536,0.9031666646090647,3,3
A110,A,42,101,0,"0,1,1",25,finetune,0.17600001394748688,1.0,0.20800000429153442,-0.031999990344047546,1.0,1.0,0.9094333321166536,0.9031666646090647,3,2
A110,A,42,101,1,"1,1,3",25,finetune,0.09600000083446503,1.0,0.10400000214576721,-0.008000001311302185,1.0,1.0,0.9094333321166536,0.9031666646090647,3,2
A110,A,42,101,2,"1,1,4",25,finetune,0.1600000113248825,1.0,0.13600000739097595,0.024000003933906555,1.0,1.0,0.9094333321166536,0.9031666646090647,3,2
A110,A,42,101,3,"1,2,2",25,finetune,0.14400000870227814,1.0,0.14400000870227814,0.0,1.0,1.0,0.9094333321166536,0.9031666646090647,3,3
A110,A,42,101,4,"1,2,3",25,finetune,0.20000000298023224,1.0,0.17600001394748688,0.02399998903274536,1.0,1.0,0.9094333321166536,0.9031666646090647,3,3
A110,A,42,101,5,"1,2,4",25,finetune,0.18400001525878906,1.0,0.14400000870227814,0.040000006556510925,1.0,1.0,0.9094333321166536,0.9031666646090647,3,3
A110,A,42,101,6,"1,3,1",25,finetune,0.5200000405311584,1.0,0.9440000653266907,-0.4240000247955322,1.0,1.0,0.9094333321166536,0.9031666646090647,3,3
A110,A,42,101,7,"1,3,2",25,finetune,0.12000000476837158,1.0,0.1600000113248825,-0.040000006556510925,1.0,1.0,0.9094333321166536,0.9031666646090647,3,3
A110,A,42,101,8,"1,3,4",25,finetune,0.3360000252723694,1.0,0.20800000429153442,0.12800002098083496,1.0,1.0,0.9094333321166536,0.9031666646090647,3,3
A110,A,42,101,9,"1,4,1",25,finetune,0.23200000822544098,1.0,0.18400001525878906,0.047999992966651917,1.0,1.0,0.9094333321166536,0.9031666646090647,3,3
A110,A,42,101,0,"0,1,1",50,probe,0.17600001394748688,1.0,0.14400000870227814,0.03200000524520874,1.0,1.0,0.9094333321166536,0.9031666646090647,3,2
A110,A,42,101,1,"1,1,3",50,probe,0.18400001525878906,1.0,0.15200001001358032,0.03200000524520874,1.0,1.0,0.9094333321166536,0.9031666646090647,3,2
A110,A,42,101,2,"1,1,4",50,probe,0.20000000298023224,1.0,0.1680000126361847,0.031999990344047546,1.0,1.0,0.9094333321166536,0.9031666646090647,3,2
A110,A,42,101,3,"1,2,2",50,probe,0.19200000166893005,1.0,0.19200000166893005,0.0,1.0,1.0,0.9094333321166536,0.9031666646090647,3,3
A110,A,42,101,4,"1,2,3",50,probe,0.18400001525878906,1.0,0.2639999985694885,-0.07999998331069946,1.0,1.0,0.9094333321166536,0.9031666646090647,3,3
A110,A,42,101,5,"1,2,4",50,probe,0.17600001394748688,1.0,0.18400001525878906,-0.008000001311302185,1.0,1.0,0.9094333321166536,0.9031666646090647,3,3
A110,A,42,101,6,"1,3,1",50,probe,0.25600001215934753,1.0,1.0,-0.7439999878406525,1.0,1.0,0.9094333321166536,0.9031666646090647,3,3
A110,A,42,101,7,"1,3,2",50,probe,0.25600001215934753,1.0,0.20800000429153442,0.04800000786781311,1.0,1.0,0.9094333321166536,0.9031666646090647,3,3
A110,A,42,101,8,"1,3,4",50,probe,0.20000000298023224,1.0,0.320000022649765,-0.12000001966953278,1.0,1.0,0.9094333321166536,0.9031666646090647,3,3
A110,A,42,101,9,"1,4,1",50,probe,0.14400000870227814,1.0,0.20000000298023224,-0.0559999942779541,1.0,1.0,0.9094333321166536,0.9031666646090647,3,3
A110,A,42,101,0,"0,1,1",50,finetune,0.18400001525878906,1.0,0.13600000739097595,0.04800000786781311,1.0,1.0,0.9094333321166536,0.9031666646090647,3,2
A110,A,42,101,1,"1,1,3",50,finetune,0.13600000739097595,1.0,0.14400000870227814,-0.008000001311302185,1.0,1.0,0.9094333321166536,0.9031666646090647,3,2
A110,A,42,101,2,"1,1,4",50,finetune,0.10400000214576721,1.0,0.18400001525878906,-0.08000001311302185,1.0,1.0,0.9094333321166536,0.9031666646090647,3,2
A110,A,42,101,3,"1,2,2",50,finetune,0.09600000083446503,1.0,0.14400000870227814,-0.04800000786781311,1.0,1.0,0.9094333321166536,0.9031666646090647,3,3
A110,A,42,101,4,"1,2,3",50,finetune,0.19200000166893005,1.0,0.24000000953674316,-0.04800000786781311,1.0,1.0,0.9094333321166536,0.9031666646090647,3,3
A110,A,42,101,5,"1,2,4",50,finetune,0.19200000166893005,1.0,0.18400001525878906,0.007999986410140991,1.0,1.0,0.9094333321166536,0.9031666646090647,3,3
A110,A,42,101,6,"1,3,1",50,finetune,0.6640000343322754,1.0,1.0,-0.3359999656677246,1.0,1.0,0.9094333321166536,0.9031666646090647,3,3
A110,A,42,101,7,"1,3,2",50,finetune,0.20000000298023224,1.0,0.20800000429153442,-0.008000001311302185,1.0,1.0,0.9094333321166536,0.9031666646090647,3,3
A110,A,42,101,8,"1,3,4",50,finetune,0.4240000247955322,1.0,0.3920000195503235,0.03200000524520874,1.0,1.0,0.9094333321166536,0.9031666646090647,3,3
A110,A,42,101,9,"1,4,1",50,finetune,0.20000000298023224,1.0,0.20000000298023224,0.0,1.0,1.0,0.9094333321166536,0.9031666646090647,3,3
A110,A,101,42,0,"0,1,1",10,probe,0.20000000298023224,1.0,0.20000000298023224,0.0,1.0,1.0,0.8515666633223494,0.8149333282684286,3,2
A110,A,101,42,1,"1,1,3",10,probe,0.2240000069141388,1.0,0.24000000953674316,-0.01600000262260437,1.0,1.0,0.8515666633223494,0.8149333282684286,3,2
A110,A,101,42,2,"1,1,4",10,probe,0.20800000429153442,1.0,0.2240000069141388,-0.01600000262260437,1.0,1.0,0.8515666633223494,0.8149333282684286,3,2
A110,A,101,42,3,"1,2,2",10,probe,0.10400000214576721,1.0,0.19200000166893005,-0.08799999952316284,1.0,1.0,0.8515666633223494,0.8149333282684286,3,3
A110,A,101,42,4,"1,2,3",10,probe,0.19200000166893005,1.0,0.1680000126361847,0.02399998903274536,1.0,1.0,0.8515666633223494,0.8149333282684286,3,3
A110,A,101,42,5,"1,2,4",10,probe,0.2160000056028366,1.0,0.2240000069141388,-0.008000001311302185,1.0,1.0,0.8515666633223494,0.8149333282684286,3,3
A110,A,101,42,6,"1,3,1",10,probe,0.20800000429153442,1.0,0.20000000298023224,0.008000001311302185,1.0,1.0,0.8515666633223494,0.8149333282684286,3,3
A110,A,101,42,7,"1,3,2",10,probe,0.19200000166893005,1.0,0.7520000338554382,-0.5600000321865082,1.0,1.0,0.8515666633223494,0.8149333282684286,3,3
A110,A,101,42,8,"1,3,4",10,probe,0.14400000870227814,1.0,0.1680000126361847,-0.024000003933906555,1.0,1.0,0.8515666633223494,0.8149333282684286,3,3
A110,A,101,42,9,"1,4,1",10,probe,0.13600000739097595,1.0,0.1680000126361847,-0.03200000524520874,1.0,1.0,0.8515666633223494,0.8149333282684286,3,3
A110,A,101,42,0,"0,1,1",10,finetune,0.12000000476837158,1.0,0.17600001394748688,-0.056000009179115295,1.0,1.0,0.8515666633223494,0.8149333282684286,3,2
A110,A,101,42,1,"1,1,3",10,finetune,0.19200000166893005,1.0,0.23200000822544098,-0.040000006556510925,1.0,1.0,0.8515666633223494,0.8149333282684286,3,2
A110,A,101,42,2,"1,1,4",10,finetune,0.2240000069141388,1.0,0.23200000822544098,-0.008000001311302185,1.0,1.0,0.8515666633223494,0.8149333282684286,3,2
A110,A,101,42,3,"1,2,2",10,finetune,0.12800000607967377,1.0,0.17600001394748688,-0.04800000786781311,1.0,1.0,0.8515666633223494,0.8149333282684286,3,3
A110,A,101,42,4,"1,2,3",10,finetune,0.1680000126361847,1.0,0.19200000166893005,-0.02399998903274536,1.0,1.0,0.8515666633223494,0.8149333282684286,3,3
A110,A,101,42,5,"1,2,4",10,finetune,0.1680000126361847,1.0,0.2240000069141388,-0.0559999942779541,1.0,1.0,0.8515666633223494,0.8149333282684286,3,3
A110,A,101,42,6,"1,3,1",10,finetune,0.2639999985694885,1.0,0.20000000298023224,0.06399999558925629,1.0,1.0,0.8515666633223494,0.8149333282684286,3,3
A110,A,101,42,7,"1,3,2",10,finetune,0.35200002789497375,1.0,0.8160000443458557,-0.46400001645088196,1.0,1.0,0.8515666633223494,0.8149333282684286,3,3
A110,A,101,42,8,"1,3,4",10,finetune,0.15200001001358032,1.0,0.13600000739097595,0.01600000262260437,1.0,1.0,0.8515666633223494,0.8149333282684286,3,3
A110,A,101,42,9,"1,4,1",10,finetune,0.12800000607967377,1.0,0.1600000113248825,-0.03200000524520874,1.0,1.0,0.8515666633223494,0.8149333282684286,3,3
A110,A,101,42,0,"0,1,1",25,probe,0.20800000429153442,1.0,0.19200000166893005,0.01600000262260437,1.0,1.0,0.8515666633223494,0.8149333282684286,3,2
A110,A,101,42,1,"1,1,3",25,probe,0.2160000056028366,1.0,0.25600001215934753,-0.040000006556510925,1.0,1.0,0.8515666633223494,0.8149333282684286,3,2
A110,A,101,42,2,"1,1,4",25,probe,0.1600000113248825,1.0,0.20800000429153442,-0.047999992966651917,1.0,1.0,0.8515666633223494,0.8149333282684286,3,2
A110,A,101,42,3,"1,2,2",25,probe,0.17600001394748688,1.0,0.1680000126361847,0.008000001311302185,1.0,1.0,0.8515666633223494,0.8149333282684286,3,3
A110,A,101,42,4,"1,2,3",25,probe,0.20000000298023224,1.0,0.18400001525878906,0.015999987721443176,1.0,1.0,0.8515666633223494,0.8149333282684286,3,3
A110,A,101,42,5,"1,2,4",25,probe,0.19200000166893005,1.0,0.20000000298023224,-0.008000001311302185,1.0,1.0,0.8515666633223494,0.8149333282684286,3,3
A110,A,101,42,6,"1,3,1",25,probe,0.2639999985694885,1.0,0.2240000069141388,0.03999999165534973,1.0,1.0,0.8515666633223494,0.8149333282684286,3,3
A110,A,101,42,7,"1,3,2",25,probe,0.13600000739097595,1.0,0.9280000329017639,-0.792000025510788,1.0,1.0,0.8515666633223494,0.8149333282684286,3,3
A110,A,101,42,8,"1,3,4",25,probe,0.1680000126361847,1.0,0.17600001394748688,-0.008000001311302185,1.0,1.0,0.8515666633223494,0.8149333282684286,3,3
A110,A,101,42,9,"1,4,1",25,probe,0.1680000126361847,1.0,0.13600000739097595,0.03200000524520874,1.0,1.0,0.8515666633223494,0.8149333282684286,3,3
A110,A,101,42,0,"0,1,1",25,finetune,0.1600000113248825,1.0,0.17600001394748688,-0.01600000262260437,1.0,1.0,0.8515666633223494,0.8149333282684286,3,2
A110,A,101,42,1,"1,1,3",25,finetune,0.20000000298023224,1.0,0.23200000822544098,-0.03200000524520874,1.0,1.0,0.8515666633223494,0.8149333282684286,3,2
A110,A,101,42,2,"1,1,4",25,finetune,0.17600001394748688,1.0,0.20000000298023224,-0.02399998903274536,1.0,1.0,0.8515666633223494,0.8149333282684286,3,2
A110,A,101,42,3,"1,2,2",25,finetune,0.1680000126361847,1.0,0.1600000113248825,0.008000001311302185,1.0,1.0,0.8515666633223494,0.8149333282684286,3,3
A110,A,101,42,4,"1,2,3",25,finetune,0.1680000126361847,1.0,0.17600001394748688,-0.008000001311302185,1.0,1.0,0.8515666633223494,0.8149333282684286,3,3
A110,A,101,42,5,"1,2,4",25,finetune,0.18400001525878906,1.0,0.23200000822544098,-0.047999992966651917,1.0,1.0,0.8515666633223494,0.8149333282684286,3,3
A110,A,101,42,6,"1,3,1",25,finetune,0.24000000953674316,1.0,0.20800000429153442,0.03200000524520874,1.0,1.0,0.8515666633223494,0.8149333282684286,3,3
A110,A,101,42,7,"1,3,2",25,finetune,0.4000000059604645,1.0,0.984000027179718,-0.5840000212192535,1.0,1.0,0.8515666633223494,0.8149333282684286,3,3
A110,A,101,42,8,"1,3,4",25,finetune,0.14400000870227814,1.0,0.1600000113248825,-0.01600000262260437,1.0,1.0,0.8515666633223494,0.8149333282684286,3,3
A110,A,101,42,9,"1,4,1",25,finetune,0.1600000113248825,1.0,0.13600000739097595,0.024000003933906555,1.0,1.0,0.8515666633223494,0.8149333282684286,3,3
A110,A,101,42,0,"0,1,1",50,probe,0.2240000069141388,1.0,0.20800000429153442,0.01600000262260437,1.0,1.0,0.8515666633223494,0.8149333282684286,3,2
A110,A,101,42,1,"1,1,3",50,probe,0.19200000166893005,1.0,0.23200000822544098,-0.040000006556510925,1.0,1.0,0.8515666633223494,0.8149333282684286,3,2
A110,A,101,42,2,"1,1,4",50,probe,0.17600001394748688,1.0,0.1120000034570694,0.06400001049041748,1.0,1.0,0.8515666633223494,0.8149333282684286,3,2
A110,A,101,42,3,"1,2,2",50,probe,0.12800000607967377,1.0,0.10400000214576721,0.024000003933906555,1.0,1.0,0.8515666633223494,0.8149333282684286,3,3
A110,A,101,42,4,"1,2,3",50,probe,0.14400000870227814,1.0,0.1600000113248825,-0.01600000262260437,1.0,1.0,0.8515666633223494,0.8149333282684286,3,3
A110,A,101,42,5,"1,2,4",50,probe,0.1680000126361847,1.0,0.1600000113248825,0.008000001311302185,1.0,1.0,0.8515666633223494,0.8149333282684286,3,3
A110,A,101,42,6,"1,3,1",50,probe,0.2160000056028366,1.0,0.17600001394748688,0.03999999165534973,1.0,1.0,0.8515666633223494,0.8149333282684286,3,3
A110,A,101,42,7,"1,3,2",50,probe,0.17600001394748688,1.0,1.0,-0.8239999860525131,1.0,1.0,0.8515666633223494,0.8149333282684286,3,3
A110,A,101,42,8,"1,3,4",50,probe,0.12000000476837158,1.0,0.1600000113248825,-0.040000006556510925,1.0,1.0,0.8515666633223494,0.8149333282684286,3,3
A110,A,101,42,9,"1,4,1",50,probe,0.1680000126361847,1.0,0.14400000870227814,0.024000003933906555,1.0,1.0,0.8515666633223494,0.8149333282684286,3,3
A110,A,101,42,0,"0,1,1",50,finetune,0.18400001525878906,1.0,0.1680000126361847,0.01600000262260437,1.0,1.0,0.8515666633223494,0.8149333282684286,3,2
A110,A,101,42,1,"1,1,3",50,finetune,0.19200000166893005,1.0,0.23200000822544098,-0.040000006556510925,1.0,1.0,0.8515666633223494,0.8149333282684286,3,2
A110,A,101,42,2,"1,1,4",50,finetune,0.12800000607967377,1.0,0.12000000476837158,0.008000001311302185,1.0,1.0,0.8515666633223494,0.8149333282684286,3,2
A110,A,101,42,3,"1,2,2",50,finetune,0.1120000034570694,1.0,0.10400000214576721,0.008000001311302185,1.0,1.0,0.8515666633223494,0.8149333282684286,3,3
A110,A,101,42,4,"1,2,3",50,finetune,0.17600001394748688,1.0,0.20800000429153442,-0.031999990344047546,1.0,1.0,0.8515666633223494,0.8149333282684286,3,3
A110,A,101,42,5,"1,2,4",50,finetune,0.1600000113248825,1.0,0.17600001394748688,-0.01600000262260437,1.0,1.0,0.8515666633223494,0.8149333282684286,3,3
A110,A,101,42,6,"1,3,1",50,finetune,0.24800001084804535,1.0,0.15200001001358032,0.09600000083446503,1.0,1.0,0.8515666633223494,0.8149333282684286,3,3
A110,A,101,42,7,"1,3,2",50,finetune,0.5200000405311584,1.0,1.0,-0.47999995946884155,1.0,1.0,0.8515666633223494,0.8149333282684286,3,3
A110,A,101,42,8,"1,3,4",50,finetune,0.15200001001358032,1.0,0.1600000113248825,-0.008000001311302185,1.0,1.0,0.8515666633223494,0.8149333282684286,3,3
A110,A,101,42,9,"1,4,1",50,finetune,0.12000000476837158,1.0,0.15200001001358032,-0.03200000524520874,1.0,1.0,0.8515666633223494,0.8149333282684286,3,3
A110,A,101,101,0,"0,1,1",10,probe,0.24800001084804535,1.0,0.14400000870227814,0.10400000214576721,1.0,1.0,0.8324666625509659,0.8192666623120507,3,2
A110,A,101,101,1,"1,1,3",10,probe,0.23200000822544098,1.0,0.2720000147819519,-0.040000006556510925,1.0,1.0,0.8324666625509659,0.8192666623120507,3,2
A110,A,101,101,2,"1,1,4",10,probe,0.1680000126361847,1.0,0.19200000166893005,-0.02399998903274536,1.0,1.0,0.8324666625509659,0.8192666623120507,3,2
A110,A,101,101,3,"1,2,2",10,probe,0.15200001001358032,1.0,0.19200000166893005,-0.03999999165534973,1.0,1.0,0.8324666625509659,0.8192666623120507,3,3
A110,A,101,101,4,"1,2,3",10,probe,0.1680000126361847,1.0,0.17600001394748688,-0.008000001311302185,1.0,1.0,0.8324666625509659,0.8192666623120507,3,3
A110,A,101,101,5,"1,2,4",10,probe,0.19200000166893005,1.0,0.25600001215934753,-0.06400001049041748,1.0,1.0,0.8324666625509659,0.8192666623120507,3,3
A110,A,101,101,6,"1,3,1",10,probe,0.20800000429153442,1.0,0.2240000069141388,-0.01600000262260437,1.0,1.0,0.8324666625509659,0.8192666623120507,3,3
A110,A,101,101,7,"1,3,2",10,probe,0.2240000069141388,1.0,0.8400000333786011,-0.6160000264644623,1.0,1.0,0.8324666625509659,0.8192666623120507,3,3
A110,A,101,101,8,"1,3,4",10,probe,0.15200001001358032,1.0,0.15200001001358032,0.0,1.0,1.0,0.8324666625509659,0.8192666623120507,3,3
A110,A,101,101,9,"1,4,1",10,probe,0.20800000429153442,1.0,0.18400001525878906,0.02399998903274536,1.0,1.0,0.8324666625509659,0.8192666623120507,3,3
A110,A,101,101,0,"0,1,1",10,finetune,0.20800000429153442,1.0,0.20800000429153442,0.0,1.0,1.0,0.8324666625509659,0.8192666623120507,3,2
A110,A,101,101,1,"1,1,3",10,finetune,0.23200000822544098,1.0,0.2240000069141388,0.008000001311302185,1.0,1.0,0.8324666625509659,0.8192666623120507,3,2
A110,A,101,101,2,"1,1,4",10,finetune,0.20000000298023224,1.0,0.2160000056028366,-0.01600000262260437,1.0,1.0,0.8324666625509659,0.8192666623120507,3,2
A110,A,101,101,3,"1,2,2",10,finetune,0.12800000607967377,1.0,0.18400001525878906,-0.056000009179115295,1.0,1.0,0.8324666625509659,0.8192666623120507,3,3
A110,A,101,101,4,"1,2,3",10,finetune,0.20800000429153442,1.0,0.14400000870227814,0.06399999558925629,1.0,1.0,0.8324666625509659,0.8192666623120507,3,3
A110,A,101,101,5,"1,2,4",10,finetune,0.14400000870227814,1.0,0.24800001084804535,-0.10400000214576721,1.0,1.0,0.8324666625509659,0.8192666623120507,3,3
A110,A,101,101,6,"1,3,1",10,finetune,0.20800000429153442,1.0,0.2160000056028366,-0.008000001311302185,1.0,1.0,0.8324666625509659,0.8192666623120507,3,3
A110,A,101,101,7,"1,3,2",10,finetune,0.2800000011920929,1.0,0.8240000605583191,-0.5440000593662262,1.0,1.0,0.8324666625509659,0.8192666623120507,3,3
A110,A,101,101,8,"1,3,4",10,finetune,0.13600000739097595,1.0,0.15200001001358032,-0.01600000262260437,1.0,1.0,0.8324666625509659,0.8192666623120507,3,3
A110,A,101,101,9,"1,4,1",10,finetune,0.15200001001358032,1.0,0.1600000113248825,-0.008000001311302185,1.0,1.0,0.8324666625509659,0.8192666623120507,3,3
A110,A,101,101,0,"0,1,1",25,probe,0.24800001084804535,1.0,0.1600000113248825,0.08799999952316284,1.0,1.0,0.8324666625509659,0.8192666623120507,3,2
A110,A,101,101,1,"1,1,3",25,probe,0.2240000069141388,1.0,0.24800001084804535,-0.024000003933906555,1.0,1.0,0.8324666625509659,0.8192666623120507,3,2
A110,A,101,101,2,"1,1,4",25,probe,0.15200001001358032,1.0,0.20800000429153442,-0.0559999942779541,1.0,1.0,0.8324666625509659,0.8192666623120507,3,2
A110,A,101,101,3,"1,2,2",25,probe,0.1680000126361847,1.0,0.15200001001358032,0.01600000262260437,1.0,1.0,0.8324666625509659,0.8192666623120507,3,3
A110,A,101,101,4,"1,2,3",25,probe,0.15200001001358032,1.0,0.20000000298023224,-0.047999992966651917,1.0,1.0,0.8324666625509659,0.8192666623120507,3,3
A110,A,101,101,5,"1,2,4",25,probe,0.1600000113248825,1.0,0.2240000069141388,-0.06399999558925629,1.0,1.0,0.8324666625509659,0.8192666623120507,3,3
A110,A,101,101,6,"1,3,1",25,probe,0.17600001394748688,1.0,0.2240000069141388,-0.047999992966651917,1.0,1.0,0.8324666625509659,0.8192666623120507,3,3
A110,A,101,101,7,"1,3,2",25,probe,0.2160000056028366,1.0,0.9600000381469727,-0.744000032544136,1.0,1.0,0.8324666625509659,0.8192666623120507,3,3
A110,A,101,101,8,"1,3,4",25,probe,0.14400000870227814,1.0,0.17600001394748688,-0.03200000524520874,1.0,1.0,0.8324666625509659,0.8192666623120507,3,3
A110,A,101,101,9,"1,4,1",25,probe,0.20000000298023224,1.0,0.14400000870227814,0.0559999942779541,1.0,1.0,0.8324666625509659,0.8192666623120507,3,3
A110,A,101,101,0,"0,1,1",25,finetune,0.2160000056028366,1.0,0.18400001525878906,0.031999990344047546,1.0,1.0,0.8324666625509659,0.8192666623120507,3,2
A110,A,101,101,1,"1,1,3",25,finetune,0.23200000822544098,1.0,0.23200000822544098,0.0,1.0,1.0,0.8324666625509659,0.8192666623120507,3,2
A110,A,101,101,2,"1,1,4",25,finetune,0.14400000870227814,1.0,0.2160000056028366,-0.07199999690055847,1.0,1.0,0.8324666625509659,0.8192666623120507,3,2
A110,A,101,101,3,"1,2,2",25,finetune,0.20800000429153442,1.0,0.17600001394748688,0.031999990344047546,1.0,1.0,0.8324666625509659,0.8192666623120507,3,3
A110,A,101,101,4,"1,2,3",25,finetune,0.1680000126361847,1.0,0.20000000298023224,-0.031999990344047546,1.0,1.0,0.8324666625509659,0.8192666623120507,3,3
A110,A,101,101,5,"1,2,4",25,finetune,0.12800000607967377,1.0,0.25600001215934753,-0.12800000607967377,1.0,1.0,0.8324666625509659,0.8192666623120507,3,3
A110,A,101,101,6,"1,3,1",25,finetune,0.2160000056028366,1.0,0.20800000429153442,0.008000001311302185,1.0,1.0,0.8324666625509659,0.8192666623120507,3,3
A110,A,101,101,7,"1,3,2",25,finetune,0.3440000116825104,1.0,0.984000027179718,-0.6400000154972076,1.0,1.0,0.8324666625509659,0.8192666623120507,3,3
A110,A,101,101,8,"1,3,4",25,finetune,0.12000000476837158,1.0,0.14400000870227814,-0.024000003933906555,1.0,1.0,0.8324666625509659,0.8192666623120507,3,3
A110,A,101,101,9,"1,4,1",25,finetune,0.1680000126361847,1.0,0.12800000607967377,0.040000006556510925,1.0,1.0,0.8324666625509659,0.8192666623120507,3,3
A110,A,101,101,0,"0,1,1",50,probe,0.15200001001358032,1.0,0.1680000126361847,-0.01600000262260437,1.0,1.0,0.8324666625509659,0.8192666623120507,3,2
A110,A,101,101,1,"1,1,3",50,probe,0.1680000126361847,1.0,0.20800000429153442,-0.03999999165534973,1.0,1.0,0.8324666625509659,0.8192666623120507,3,2
A110,A,101,101,2,"1,1,4",50,probe,0.1680000126361847,1.0,0.19200000166893005,-0.02399998903274536,1.0,1.0,0.8324666625509659,0.8192666623120507,3,2
A110,A,101,101,3,"1,2,2",50,probe,0.12800000607967377,1.0,0.14400000870227814,-0.01600000262260437,1.0,1.0,0.8324666625509659,0.8192666623120507,3,3
A110,A,101,101,4,"1,2,3",50,probe,0.18400001525878906,1.0,0.19200000166893005,-0.007999986410140991,1.0,1.0,0.8324666625509659,0.8192666623120507,3,3
A110,A,101,101,5,"1,2,4",50,probe,0.1120000034570694,1.0,0.17600001394748688,-0.06400001049041748,1.0,1.0,0.8324666625509659,0.8192666623120507,3,3
A110,A,101,101,6,"1,3,1",50,probe,0.2160000056028366,1.0,0.15200001001358032,0.06399999558925629,1.0,1.0,0.8324666625509659,0.8192666623120507,3,3
A110,A,101,101,7,"1,3,2",50,probe,0.25600001215934753,1.0,0.9920000433921814,-0.7360000312328339,1.0,1.0,0.8324666625509659,0.8192666623120507,3,3
A110,A,101,101,8,"1,3,4",50,probe,0.20800000429153442,1.0,0.17600001394748688,0.031999990344047546,1.0,1.0,0.8324666625509659,0.8192666623120507,3,3
A110,A,101,101,9,"1,4,1",50,probe,0.12800000607967377,1.0,0.1680000126361847,-0.040000006556510925,1.0,1.0,0.8324666625509659,0.8192666623120507,3,3
A110,A,101,101,0,"0,1,1",50,finetune,0.15200001001358032,1.0,0.17600001394748688,-0.024000003933906555,1.0,1.0,0.8324666625509659,0.8192666623120507,3,2
A110,A,101,101,1,"1,1,3",50,finetune,0.18400001525878906,1.0,0.20000000298023224,-0.015999987721443176,1.0,1.0,0.8324666625509659,0.8192666623120507,3,2
A110,A,101,101,2,"1,1,4",50,finetune,0.13600000739097595,1.0,0.15200001001358032,-0.01600000262260437,1.0,1.0,0.8324666625509659,0.8192666623120507,3,2
A110,A,101,101,3,"1,2,2",50,finetune,0.15200001001358032,1.0,0.08800000697374344,0.06400000303983688,1.0,1.0,0.8324666625509659,0.8192666623120507,3,3
A110,A,101,101,4,"1,2,3",50,finetune,0.15200001001358032,1.0,0.20800000429153442,-0.0559999942779541,1.0,1.0,0.8324666625509659,0.8192666623120507,3,3
A110,A,101,101,5,"1,2,4",50,finetune,0.09600000083446503,1.0,0.20800000429153442,-0.1120000034570694,1.0,1.0,0.8324666625509659,0.8192666623120507,3,3
A110,A,101,101,6,"1,3,1",50,finetune,0.20000000298023224,1.0,0.12000000476837158,0.07999999821186066,1.0,1.0,0.8324666625509659,0.8192666623120507,3,3
A110,A,101,101,7,"1,3,2",50,finetune,0.5600000023841858,1.0,1.0,-0.4399999976158142,1.0,1.0,0.8324666625509659,0.8192666623120507,3,3
A110,A,101,101,8,"1,3,4",50,finetune,0.17600001394748688,1.0,0.1680000126361847,0.008000001311302185,1.0,1.0,0.8324666625509659,0.8192666623120507,3,3
A110,A,101,101,9,"1,4,1",50,finetune,0.10400000214576721,1.0,0.1600000113248825,-0.056000009179115295,1.0,1.0,0.8324666625509659,0.8192666623120507,3,3
B111,B,17,42,0,"0,1,1",10,probe,0.35200002789497375,1.0,0.12000000476837158,0.23200002312660217,1.0,1.0,0.9391166656278074,0.882183332151423,4,2
B111,B,17,42,1,"1,1,3",10,probe,0.23200000822544098,1.0,0.2160000056028366,0.01600000262260437,1.0,1.0,0.9391166656278074,0.882183332151423,4,2
B111,B,17,42,2,"1,1,4",10,probe,0.29600000381469727,1.0,0.64000004529953,-0.34400004148483276,1.0,1.0,0.9391166656278074,0.882183332151423,4,2
B111,B,17,42,3,"1,2,2",10,probe,0.25600001215934753,1.0,0.24000000953674316,0.01600000262260437,1.0,1.0,0.9391166656278074,0.882183332151423,4,2
B111,B,17,42,4,"1,2,3",10,probe,0.1600000113248825,1.0,0.24800001084804535,-0.08799999952316284,1.0,1.0,0.9391166656278074,0.882183332151423,4,3
B111,B,17,42,5,"1,2,4",10,probe,0.17600001394748688,1.0,0.1680000126361847,0.008000001311302185,1.0,1.0,0.9391166656278074,0.882183332151423,4,3
B111,B,17,42,6,"1,3,1",10,probe,0.2240000069141388,1.0,0.13600000739097595,0.08799999952316284,1.0,1.0,0.9391166656278074,0.882183332151423,4,2
B111,B,17,42,7,"1,3,2",10,probe,0.1600000113248825,1.0,0.1680000126361847,-0.008000001311302185,1.0,1.0,0.9391166656278074,0.882183332151423,4,3
B111,B,17,42,8,"1,3,4",10,probe,0.2160000056028366,1.0,0.25600001215934753,-0.040000006556510925,1.0,1.0,0.9391166656278074,0.882183332151423,4,3
B111,B,17,42,9,"1,4,1",10,probe,0.2639999985694885,1.0,0.20800000429153442,0.0559999942779541,1.0,1.0,0.9391166656278074,0.882183332151423,4,2
B111,B,17,42,0,"0,1,1",10,finetune,0.2800000011920929,1.0,0.12800000607967377,0.15199999511241913,1.0,1.0,0.9391166656278074,0.882183332151423,4,2
B111,B,17,42,1,"1,1,3",10,finetune,0.25600001215934753,1.0,0.2160000056028366,0.040000006556510925,1.0,1.0,0.9391166656278074,0.882183332151423,4,2
B111,B,17,42,2,"1,1,4",10,finetune,0.527999997138977,1.0,0.7200000286102295,-0.19200003147125244,1.0,1.0,0.9391166656278074,0.882183332151423,4,2
B111,B,17,42,3,"1,2,2",10,finetune,0.18400001525878906,1.0,0.24000000953674316,-0.0559999942779541,1.0,1.0,0.9391166656278074,0.882183332151423,4,2
B111,B,17,42,4,"1,2,3",10,finetune,0.20000000298023224,1.0,0.2160000056028366,-0.01600000262260437,1.0,1.0,0.9391166656278074,0.882183332151423,4,3
B111,B,17,42,5,"1,2,4",10,finetune,0.14400000870227814,1.0,0.13600000739097595,0.008000001311302185,1.0,1.0,0.9391166656278074,0.882183332151423,4,3
B111,B,17,42,6,"1,3,1",10,finetune,0.20000000298023224,1.0,0.13600000739097595,0.06399999558925629,1.0,1.0,0.9391166656278074,0.882183332151423,4,2
B111,B,17,42,7,"1,3,2",10,finetune,0.1600000113248825,1.0,0.15200001001358032,0.008000001311302185,1.0,1.0,0.9391166656278074,0.882183332151423,4,3
B111,B,17,42,8,"1,3,4",10,finetune,0.15200001001358032,1.0,0.17600001394748688,-0.024000003933906555,1.0,1.0,0.9391166656278074,0.882183332151423,4,3
B111,B,17,42,9,"1,4,1",10,finetune,0.2240000069141388,1.0,0.18400001525878906,0.03999999165534973,1.0,1.0,0.9391166656278074,0.882183332151423,4,2
B111,B,17,42,0,"0,1,1",25,probe,0.31200000643730164,1.0,0.20000000298023224,0.1120000034570694,1.0,1.0,0.9391166656278074,0.882183332151423,4,2
B111,B,17,42,1,"1,1,3",25,probe,0.328000009059906,1.0,0.12800000607967377,0.20000000298023224,1.0,1.0,0.9391166656278074,0.882183332151423,4,2
B111,B,17,42,2,"1,1,4",25,probe,0.40800002217292786,1.0,0.9280000329017639,-0.5200000107288361,1.0,1.0,0.9391166656278074,0.882183332151423,4,2
B111,B,17,42,3,"1,2,2",25,probe,0.36000001430511475,1.0,0.29600000381469727,0.06400001049041748,1.0,1.0,0.9391166656278074,0.882183332151423,4,2
B111,B,17,42,4,"1,2,3",25,probe,0.2639999985694885,1.0,0.2639999985694885,0.0,1.0,1.0,0.9391166656278074,0.882183332151423,4,3
B111,B,17,42,5,"1,2,4",25,probe,0.24000000953674316,1.0,0.13600000739097595,0.10400000214576721,1.0,1.0,0.9391166656278074,0.882183332151423,4,3
B111,B,17,42,6,"1,3,1",25,probe,0.24000000953674316,1.0,0.15200001001358032,0.08799999952316284,1.0,1.0,0.9391166656278074,0.882183332151423,4,2
B111,B,17,42,7,"1,3,2",25,probe,0.1600000113248825,1.0,0.17600001394748688,-0.01600000262260437,1.0,1.0,0.9391166656278074,0.882183332151423,4,3
B111,B,17,42,8,"1,3,4",25,probe,0.24800001084804535,1.0,0.1600000113248825,0.08799999952316284,1.0,1.0,0.9391166656278074,0.882183332151423,4,3
B111,B,17,42,9,"1,4,1",25,probe,0.3440000116825104,1.0,0.24000000953674316,0.10400000214576721,1.0,1.0,0.9391166656278074,0.882183332151423,4,2
B111,B,17,42,0,"0,1,1",25,finetune,0.24000000953674316,1.0,0.17600001394748688,0.06399999558925629,1.0,1.0,0.9391166656278074,0.882183332151423,4,2
B111,B,17,42,1,"1,1,3",25,finetune,0.2800000011920929,1.0,0.1600000113248825,0.11999998986721039,1.0,1.0,0.9391166656278074,0.882183332151423,4,2
B111,B,17,42,2,"1,1,4",25,finetune,0.6160000562667847,1.0,0.9920000433921814,-0.37599998712539673,1.0,1.0,0.9391166656278074,0.882183332151423,4,2
B111,B,17,42,3,"1,2,2",25,finetune,0.23200000822544098,1.0,0.2800000011920929,-0.047999992966651917,1.0,1.0,0.9391166656278074,0.882183332151423,4,2
B111,B,17,42,4,"1,2,3",25,finetune,0.17600001394748688,1.0,0.23200000822544098,-0.0559999942779541,1.0,1.0,0.9391166656278074,0.882183332151423,4,3
B111,B,17,42,5,"1,2,4",25,finetune,0.17600001394748688,1.0,0.1680000126361847,0.008000001311302185,1.0,1.0,0.9391166656278074,0.882183332151423,4,3
B111,B,17,42,6,"1,3,1",25,finetune,0.18400001525878906,1.0,0.13600000739097595,0.04800000786781311,1.0,1.0,0.9391166656278074,0.882183332151423,4,2
B111,B,17,42,7,"1,3,2",25,finetune,0.18400001525878906,1.0,0.20800000429153442,-0.02399998903274536,1.0,1.0,0.9391166656278074,0.882183332151423,4,3
B111,B,17,42,8,"1,3,4",25,finetune,0.12800000607967377,1.0,0.12800000607967377,0.0,1.0,1.0,0.9391166656278074,0.882183332151423,4,3
B111,B,17,42,9,"1,4,1",25,finetune,0.23200000822544098,1.0,0.25600001215934753,-0.024000003933906555,1.0,1.0,0.9391166656278074,0.882183332151423,4,2
B111,B,17,42,0,"0,1,1",50,probe,0.3360000252723694,1.0,0.1680000126361847,0.1680000126361847,1.0,1.0,0.9391166656278074,0.882183332151423,4,2
B111,B,17,42,1,"1,1,3",50,probe,0.4480000138282776,1.0,0.20800000429153442,0.24000000953674316,1.0,1.0,0.9391166656278074,0.882183332151423,4,2
B111,B,17,42,2,"1,1,4",50,probe,0.5440000295639038,1.0,0.984000027179718,-0.4399999976158142,1.0,1.0,0.9391166656278074,0.882183332151423,4,2
B111,B,17,42,3,"1,2,2",50,probe,0.5200000405311584,1.0,0.30400002002716064,0.2160000205039978,1.0,1.0,0.9391166656278074,0.882183332151423,4,2
B111,B,17,42,4,"1,2,3",50,probe,0.29600000381469727,1.0,0.2800000011920929,0.01600000262260437,1.0,1.0,0.9391166656278074,0.882183332151423,4,3
B111,B,17,42,5,"1,2,4",50,probe,0.328000009059906,1.0,0.1600000113248825,0.1679999977350235,1.0,1.0,0.9391166656278074,0.882183332151423,4,3
B111,B,17,42,6,"1,3,1",50,probe,0.29600000381469727,1.0,0.13600000739097595,0.1599999964237213,1.0,1.0,0.9391166656278074,0.882183332151423,4,2
B111,B,17,42,7,"1,3,2",50,probe,0.3360000252723694,1.0,0.14400000870227814,0.19200001657009125,1.0,1.0,0.9391166656278074,0.882183332151423,4,3
B111,B,17,42,8,"1,3,4",50,probe,0.2800000011920929,1.0,0.18400001525878906,0.09599998593330383,1.0,1.0,0.9391166656278074,0.882183332151423,4,3
B111,B,17,42,9,"1,4,1",50,probe,0.4000000059604645,1.0,0.23200000822544098,0.1679999977350235,1.0,1.0,0.9391166656278074,0.882183332151423,4,2
B111,B,17,42,0,"0,1,1",50,finetune,0.17600001394748688,1.0,0.12000000476837158,0.056000009179115295,1.0,1.0,0.9391166656278074,0.882183332151423,4,2
B111,B,17,42,1,"1,1,3",50,finetune,0.25600001215934753,1.0,0.2160000056028366,0.040000006556510925,1.0,1.0,0.9391166656278074,0.882183332151423,4,2
B111,B,17,42,2,"1,1,4",50,finetune,0.7760000228881836,1.0,1.0,-0.2239999771118164,1.0,1.0,0.9391166656278074,0.882183332151423,4,2
B111,B,17,42,3,"1,2,2",50,finetune,0.2880000174045563,1.0,0.2800000011920929,0.008000016212463379,1.0,1.0,0.9391166656278074,0.882183332151423,4,2
B111,B,17,42,4,"1,2,3",50,finetune,0.17600001394748688,1.0,0.23200000822544098,-0.0559999942779541,1.0,1.0,0.9391166656278074,0.882183332151423,4,3
B111,B,17,42,5,"1,2,4",50,finetune,0.20000000298023224,1.0,0.18400001525878906,0.015999987721443176,1.0,1.0,0.9391166656278074,0.882183332151423,4,3
B111,B,17,42,6,"1,3,1",50,finetune,0.13600000739097595,1.0,0.12800000607967377,0.008000001311302185,1.0,1.0,0.9391166656278074,0.882183332151423,4,2
B111,B,17,42,7,"1,3,2",50,finetune,0.15200001001358032,1.0,0.1680000126361847,-0.01600000262260437,1.0,1.0,0.9391166656278074,0.882183332151423,4,3
B111,B,17,42,8,"1,3,4",50,finetune,0.13600000739097595,1.0,0.15200001001358032,-0.01600000262260437,1.0,1.0,0.9391166656278074,0.882183332151423,4,3
B111,B,17,42,9,"1,4,1",50,finetune,0.23200000822544098,1.0,0.19200000166893005,0.040000006556510925,1.0,1.0,0.9391166656278074,0.882183332151423,4,2
B111,B,17,101,0,"0,1,1",10,probe,0.2720000147819519,1.0,0.1680000126361847,0.10400000214576721,1.0,1.0,0.9398833326995373,0.8909499980509281,4,2
B111,B,17,101,1,"1,1,3",10,probe,0.20800000429153442,1.0,0.2160000056028366,-0.008000001311302185,1.0,1.0,0.9398833326995373,0.8909499980509281,4,2
B111,B,17,101,2,"1,1,4",10,probe,0.2639999985694885,1.0,0.7120000123977661,-0.4480000138282776,1.0,1.0,0.9398833326995373,0.8909499980509281,4,2
B111,B,17,101,3,"1,2,2",10,probe,0.25600001215934753,1.0,0.19200000166893005,0.06400001049041748,1.0,1.0,0.9398833326995373,0.8909499980509281,4,2
B111,B,17,101,4,"1,2,3",10,probe,0.2160000056028366,1.0,0.20800000429153442,0.008000001311302185,1.0,1.0,0.9398833326995373,0.8909499980509281,4,3
B111,B,17,101,5,"1,2,4",10,probe,0.12000000476837158,1.0,0.15200001001358032,-0.03200000524520874,1.0,1.0,0.9398833326995373,0.8909499980509281,4,3
B111,B,17,101,6,"1,3,1",10,probe,0.2240000069141388,1.0,0.14400000870227814,0.07999999821186066,1.0,1.0,0.9398833326995373,0.8909499980509281,4,2
B111,B,17,101,7,"1,3,2",10,probe,0.1120000034570694,1.0,0.1600000113248825,-0.04800000786781311,1.0,1.0,0.9398833326995373,0.8909499980509281,4,3
B111,B,17,101,8,"1,3,4",10,probe,0.1600000113248825,1.0,0.24800001084804535,-0.08799999952316284,1.0,1.0,0.9398833326995373,0.8909499980509281,4,3
B111,B,17,101,9,"1,4,1",10,probe,0.2800000011920929,1.0,0.14400000870227814,0.13599999248981476,1.0,1.0,0.9398833326995373,0.8909499980509281,4,2
B111,B,17,101,0,"0,1,1",10,finetune,0.19200000166893005,1.0,0.1680000126361847,0.02399998903274536,1.0,1.0,0.9398833326995373,0.8909499980509281,4,2
B111,B,17,101,1,"1,1,3",10,finetune,0.2240000069141388,1.0,0.23200000822544098,-0.008000001311302185,1.0,1.0,0.9398833326995373,0.8909499980509281,4,2
B111,B,17,101,2,"1,1,4",10,finetune,0.5120000243186951,1.0,0.7760000228881836,-0.2639999985694885,1.0,1.0,0.9398833326995373,0.8909499980509281,4,2
B111,B,17,101,3,"1,2,2",10,finetune,0.19200000166893005,1.0,0.25600001215934753,-0.06400001049041748,1.0,1.0,0.9398833326995373,0.8909499980509281,4,2
B111,B,17,101,4,"1,2,3",10,finetune,0.2639999985694885,1.0,0.24800001084804535,0.015999987721443176,1.0,1.0,0.9398833326995373,0.8909499980509281,4,3
B111,B,17,101,5,"1,2,4",10,finetune,0.15200001001358032,1.0,0.1600000113248825,-0.008000001311302185,1.0,1.0,0.9398833326995373,0.8909499980509281,4,3
B111,B,17,101,6,"1,3,1",10,finetune,0.20000000298023224,1.0,0.1680000126361847,0.031999990344047546,1.0,1.0,0.9398833326995373,0.8909499980509281,4,2
B111,B,17,101,7,"1,3,2",10,finetune,0.18400001525878906,1.0,0.15200001001358032,0.03200000524520874,1.0,1.0,0.9398833326995373,0.8909499980509281,4,3
B111,B,17,101,8,"1,3,4",10,finetune,0.15200001001358032,1.0,0.20800000429153442,-0.0559999942779541,1.0,1.0,0.9398833326995373,0.8909499980509281,4,3
B111,B,17,101,9,"1,4,1",10,finetune,0.18400001525878906,1.0,0.15200001001358032,0.03200000524520874,1.0,1.0,0.9398833326995373,0.8909499980509281,4,2
B111,B,17,101,0,"0,1,1",25,probe,0.2880000174045563,1.0,0.13600000739097595,0.15200001001358032,1.0,1.0,0.9398833326995373,0.8909499980509281,4,2
B111,B,17,101,1,"1,1,3",25,probe,0.36000001430511475,1.0,0.20800000429153442,0.15200001001358032,1.0,1.0,0.9398833326995373,0.8909499980509281,4,2
B111,B,17,101,2,"1,1,4",25,probe,0.41600000858306885,1.0,0.968000054359436,-0.5520000457763672,1.0,1.0,0.9398833326995373,0.8909499980509281,4,2
B111,B,17,101,3,"1,2,2",25,probe,0.2800000011920929,1.0,0.320000022649765,-0.04000002145767212,1.0,1.0,0.9398833326995373,0.8909499980509281,4,2
B111,B,17,101,4,"1,2,3",25,probe,0.23200000822544098,1.0,0.2639999985694885,-0.031999990344047546,1.0,1.0,0.9398833326995373,0.8909499980509281,4,3
B111,B,17,101,5,"1,2,4",25,probe,0.20800000429153442,1.0,0.18400001525878906,0.02399998903274536,1.0,1.0,0.9398833326995373,0.8909499980509281,4,3
B111,B,17,101,6,"1,3,1",25,probe,0.18400001525878906,1.0,0.1680000126361847,0.01600000262260437,1.0,1.0,0.9398833326995373,0.8909499980509281,4,2
B111,B,17,101,7,"1,3,2",25,probe,0.2720000147819519,1.0,0.2160000056028366,0.056000009179115295,1.0,1.0,0.9398833326995373,0.8909499980509281,4,3
B111,B,17,101,8,"1,3,4",25,probe,0.24000000953674316,1.0,0.12800000607967377,0.1120000034570694,1.0,1.0,0.9398833326995373,0.8909499980509281,4,3
B111,B,17,101,9,"1,4,1",25,probe,0.35200002789497375,1.0,0.23200000822544098,0.12000001966953278,1.0,1.0,0.9398833326995373,0.8909499980509281,4,2
B111,B,17,101,0,"0,1,1",25,finetune,0.20800000429153442,1.0,0.18400001525878906,0.02399998903274536,1.0,1.0,0.9398833326995373,0.8909499980509281,4,2
B111,B,17,101,1,"1,1,3",25,finetune,0.2240000069141388,1.0,0.20000000298023224,0.024000003933906555,1.0,1.0,0.9398833326995373,0.8909499980509281,4,2
B111,B,17,101,2,"1,1,4",25,finetune,0.64000004529953,1.0,0.9920000433921814,-0.35199999809265137,1.0,1.0,0.9398833326995373,0.8909499980509281,4,2
B111,B,17,101,3,"1,2,2",25,finetune,0.24800001084804535,1.0,0.320000022649765,-0.07200001180171967,1.0,1.0,0.9398833326995373,0.8909499980509281,4,2
B111,B,17,101,4,"1,2,3",25,finetune,0.2800000011920929,1.0,0.25600001215934753,0.02399998903274536,1.0,1.0,0.9398833326995373,0.8909499980509281,4,3
B111,B,17,101,5,"1,2,4",25,finetune,0.1600000113248825,1.0,0.18400001525878906,-0.024000003933906555,1.0,1.0,0.9398833326995373,0.8909499980509281,4,3
B111,B,17,101,6,"1,3,1",25,finetune,0.13600000739097595,1.0,0.12800000607967377,0.008000001311302185,1.0,1.0,0.9398833326995373,0.8909499980509281,4,2
B111,B,17,101,7,"1,3,2",25,finetune,0.20800000429153442,1.0,0.1680000126361847,0.03999999165534973,1.0,1.0,0.9398833326995373,0.8909499980509281,4,3
B111,B,17,101,8,"1,3,4",25,finetune,0.14400000870227814,1.0,0.13600000739097595,0.008000001311302185,1.0,1.0,0.9398833326995373,0.8909499980509281,4,3
B111,B,17,101,9,"1,4,1",25,finetune,0.29600000381469727,1.0,0.2160000056028366,0.07999999821186066,1.0,1.0,0.9398833326995373,0.8909499980509281,4,2
B111,B,17,101,0,"0,1,1",50,probe,0.3680000305175781,1.0,0.13600000739097595,0.23200002312660217,1.0,1.0,0.9398833326995373,0.8909499980509281,4,2
B111,B,17,101,1,"1,1,3",50,probe,0.35200002789497375,1.0,0.20800000429153442,0.14400002360343933,1.0,1.0,0.9398833326995373,0.8909499980509281,4,2
B111,B,17,101,2,"1,1,4",50,probe,0.5120000243186951,1.0,0.968000054359436,-0.45600003004074097,1.0,1.0,0.9398833326995373,0.8909499980509281,4,2
B111,B,17,101,3,"1,2,2",50,probe,0.47200003266334534,1.0,0.29600000381469727,0.17600002884864807,1.0,1.0,0.9398833326995373,0.8909499980509281,4,2
B111,B,17,101,4,"1,2,3",50,probe,0.2880000174045563,1.0,0.24800001084804535,0.040000006556510925,1.0,1.0,0.9398833326995373,0.8909499980509281,4,3
B111,B,17,101,5,"1,2,4",50,probe,0.320000022649765,1.0,0.1680000126361847,0.15200001001358032,1.0,1.0,0.9398833326995373,0.8909499980509281,4,3
B111,B,17,101,6,"1,3,1",50,probe,0.2720000147819519,1.0,0.13600000739097595,0.13600000739097595,1.0,1.0,0.9398833326995373,0.8909499980509281,4,2
B111,B,17,101,7,"1,3,2",50,probe,0.30400002002716064,1.0,0.1600000113248825,0.14400000870227814,1.0,1.0,0.9398833326995373,0.8909499980509281,4,3
B111,B,17,101,8,"1,3,4",50,probe,0.328000009059906,1.0,0.15200001001358032,0.17599999904632568,1.0,1.0,0.9398833326995373,0.8909499980509281,4,3
B111,B,17,101,9,"1,4,1",50,probe,0.3680000305175781,1.0,0.17600001394748688,0.19200001657009125,1.0,1.0,0.9398833326995373,0.8909499980509281,4,2
B111,B,17,101,0,"0,1,1",50,finetune,0.20000000298023224,1.0,0.12800000607967377,0.07199999690055847,1.0,1.0,0.9398833326995373,0.8909499980509281,4,2
B111,B,17,101,1,"1,1,3",50,finetune,0.23200000822544098,1.0,0.2160000056028366,0.01600000262260437,1.0,1.0,0.9398833326995373,0.8909499980509281,4,2
B111,B,17,101,2,"1,1,4",50,finetune,0.7920000553131104,1.0,1.0,-0.20799994468688965,1.0,1.0,0.9398833326995373,0.8909499980509281,4,2
B111,B,17,101,3,"1,2,2",50,finetune,0.31200000643730164,1.0,0.2720000147819519,0.03999999165534973,1.0,1.0,0.9398833326995373,0.8909499980509281,4,2
B111,B,17,101,4,"1,2,3",50,finetune,0.24800001084804535,1.0,0.24000000953674316,0.008000001311302185,1.0,1.0,0.9398833326995373,0.8909499980509281,4,3
B111,B,17,101,5,"1,2,4",50,finetune,0.15200001001358032,1.0,0.12000000476837158,0.03200000524520874,1.0,1.0,0.9398833326995373,0.8909499980509281,4,3
B111,B,17,101,6,"1,3,1",50,finetune,0.14400000870227814,1.0,0.1120000034570694,0.03200000524520874,1.0,1.0,0.9398833326995373,0.8909499980509281,4,2
B111,B,17,101,7,"1,3,2",50,finetune,0.13600000739097595,1.0,0.15200001001358032,-0.01600000262260437,1.0,1.0,0.9398833326995373,0.8909499980509281,4,3
B111,B,17,101,8,"1,3,4",50,finetune,0.1120000034570694,1.0,0.14400000870227814,-0.03200000524520874,1.0,1.0,0.9398833326995373,0.8909499980509281,4,3
B111,B,17,101,9,"1,4,1",50,finetune,0.25600001215934753,1.0,0.18400001525878906,0.07199999690055847,1.0,1.0,0.9398833326995373,0.8909499980509281,4,2
B111,B,42,42,0,"0,1,1",10,probe,0.20000000298023224,1.0,0.1600000113248825,0.03999999165534973,1.0,1.0,0.9069833328636984,0.9023333312943578,4,2
B111,B,42,42,1,"1,1,3",10,probe,0.1680000126361847,1.0,0.1680000126361847,0.0,1.0,1.0,0.9069833328636984,0.9023333312943578,4,2
B111,B,42,42,2,"1,1,4",10,probe,0.18400001525878906,1.0,0.15200001001358032,0.03200000524520874,1.0,1.0,0.9069833328636984,0.9023333312943578,4,2
B111,B,42,42,3,"1,2,2",10,probe,0.23200000822544098,1.0,0.14400000870227814,0.08799999952316284,1.0,1.0,0.9069833328636984,0.9023333312943578,4,2
B111,B,42,42,4,"1,2,3",10,probe,0.15200001001358032,1.0,0.14400000870227814,0.008000001311302185,1.0,1.0,0.9069833328636984,0.9023333312943578,4,3
B111,B,42,42,5,"1,2,4",10,probe,0.1680000126361847,1.0,0.15200001001358032,0.01600000262260437,1.0,1.0,0.9069833328636984,0.9023333312943578,4,3
B111,B,42,42,6,"1,3,1",10,probe,0.20800000429153442,1.0,0.6880000233650208,-0.48000001907348633,1.0,1.0,0.9069833328636984,0.9023333312943578,4,2
B111,B,42,42,7,"1,3,2",10,probe,0.19200000166893005,1.0,0.1600000113248825,0.031999990344047546,1.0,1.0,0.9069833328636984,0.9023333312943578,4,3
B111,B,42,42,8,"1,3,4",10,probe,0.25600001215934753,1.0,0.20000000298023224,0.056000009179115295,1.0,1.0,0.9069833328636984,0.9023333312943578,4,3
B111,B,42,42,9,"1,4,1",10,probe,0.20800000429153442,1.0,0.20000000298023224,0.008000001311302185,1.0,1.0,0.9069833328636984,0.9023333312943578,4,2
B111,B,42,42,0,"0,1,1",10,finetune,0.17600001394748688,1.0,0.17600001394748688,0.0,1.0,1.0,0.9069833328636984,0.9023333312943578,4,2
B111,B,42,42,1,"1,1,3",10,finetune,0.1680000126361847,1.0,0.1600000113248825,0.008000001311302185,1.0,1.0,0.9069833328636984,0.9023333312943578,4,2
B111,B,42,42,2,"1,1,4",10,finetune,0.19200000166893005,1.0,0.1120000034570694,0.07999999821186066,1.0,1.0,0.9069833328636984,0.9023333312943578,4,2
B111,B,42,42,3,"1,2,2",10,finetune,0.20800000429153442,1.0,0.18400001525878906,0.02399998903274536,1.0,1.0,0.9069833328636984,0.9023333312943578,4,2
B111,B,42,42,4,"1,2,3",10,finetune,0.12000000476837158,1.0,0.14400000870227814,-0.024000003933906555,1.0,1.0,0.9069833328636984,0.9023333312943578,4,3
B111,B,42,42,5,"1,2,4",10,finetune,0.14400000870227814,1.0,0.17600001394748688,-0.03200000524520874,1.0,1.0,0.9069833328636984,0.9023333312943578,4,3
B111,B,42,42,6,"1,3,1",10,finetune,0.35200002789497375,1.0,0.7280000448226929,-0.3760000169277191,1.0,1.0,0.9069833328636984,0.9023333312943578,4,2
B111,B,42,42,7,"1,3,2",10,finetune,0.17600001394748688,1.0,0.20800000429153442,-0.031999990344047546,1.0,1.0,0.9069833328636984,0.9023333312943578,4,3
B111,B,42,42,8,"1,3,4",10,finetune,0.2800000011920929,1.0,0.2160000056028366,0.06399999558925629,1.0,1.0,0.9069833328636984,0.9023333312943578,4,3
B111,B,42,42,9,"1,4,1",10,finetune,0.23200000822544098,1.0,0.20000000298023224,0.03200000524520874,1.0,1.0,0.9069833328636984,0.9023333312943578,4,2
B111,B,42,42,0,"0,1,1",25,probe,0.2240000069141388,1.0,0.19200000166893005,0.03200000524520874,1.0,1.0,0.9069833328636984,0.9023333312943578,4,2
B111,B,42,42,1,"1,1,3",25,probe,0.23200000822544098,1.0,0.10400000214576721,0.12800000607967377,1.0,1.0,0.9069833328636984,0.9023333312943578,4,2
B111,B,42,42,2,"1,1,4",25,probe,0.20000000298023224,1.0,0.1680000126361847,0.031999990344047546,1.0,1.0,0.9069833328636984,0.9023333312943578,4,2
B111,B,42,42,3,"1,2,2",25,probe,0.18400001525878906,1.0,0.12000000476837158,0.06400001049041748,1.0,1.0,0.9069833328636984,0.9023333312943578,4,2
B111,B,42,42,4,"1,2,3",25,probe,0.13600000739097595,1.0,0.1680000126361847,-0.03200000524520874,1.0,1.0,0.9069833328636984,0.9023333312943578,4,3
B111,B,42,42,5,"1,2,4",25,probe,0.1680000126361847,1.0,0.15200001001358032,0.01600000262260437,1.0,1.0,0.9069833328636984,0.9023333312943578,4,3
B111,B,42,42,6,"1,3,1",25,probe,0.2720000147819519,1.0,0.9520000219345093,-0.6800000071525574,1.0,1.0,0.9069833328636984,0.9023333312943578,4,2
B111,B,42,42,7,"1,3,2",25,probe,0.1600000113248825,1.0,0.18400001525878906,-0.024000003933906555,1.0,1.0,0.9069833328636984,0.9023333312943578,4,3
B111,B,42,42,8,"1,3,4",25,probe,0.2720000147819519,1.0,0.2160000056028366,0.056000009179115295,1.0,1.0,0.9069833328636984,0.9023333312943578,4,3
B111,B,42,42,9,"1,4,1",25,probe,0.19200000166893005,1.0,0.14400000870227814,0.047999992966651917,1.0,1.0,0.9069833328636984,0.9023333312943578,4,2
B111,B,42,42,0,"0,1,1",25,finetune,0.1680000126361847,1.0,0.24000000953674316,-0.07199999690055847,1.0,1.0,0.9069833328636984,0.9023333312943578,4,2
B111,B,42,42,1,"1,1,3",25,finetune,0.14400000870227814,1.0,0.10400000214576721,0.040000006556510925,1.0,1.0,0.9069833328636984,0.9023333312943578,4,2
B111,B,42,42,2,"1,1,4",25,finetune,0.18400001525878906,1.0,0.15200001001358032,0.03200000524520874,1.0,1.0,0.9069833328636984,0.9023333312943578,4,2
B111,B,42,42,3,"1,2,2",25,finetune,0.18400001525878906,1.0,0.12000000476837158,0.06400001049041748,1.0,1.0,0.9069833328636984,0.9023333312943578,4,2
B111,B,42,42,4,"1,2,3",25,finetune,0.12000000476837158,1.0,0.1680000126361847,-0.04800000786781311,1.0,1.0,0.9069833328636984,0.9023333312943578,4,3
B111,B,42,42,5,"1,2,4",25,finetune,0.20000000298023224,1.0,0.13600000739097595,0.06399999558925629,1.0,1.0,0.9069833328636984,0.9023333312943578,4,3
B111,B,42,42,6,"1,3,1",25,finetune,0.4480000138282776,1.0,0.984000027179718,-0.5360000133514404,1.0,1.0,0.9069833328636984,0.9023333312943578,4,2
B111,B,42,42,7,"1,3,2",25,finetune,0.1600000113248825,1.0,0.19200000166893005,-0.031999990344047546,1.0,1.0,0.9069833328636984,0.9023333312943578,4,3
B111,B,42,42,8,"1,3,4",25,finetune,0.3440000116825104,1.0,0.2240000069141388,0.12000000476837158,1.0,1.0,0.9069833328636984,0.9023333312943578,4,3
B111,B,42,42,9,"1,4,1",25,finetune,0.18400001525878906,1.0,0.15200001001358032,0.03200000524520874,1.0,1.0,0.9069833328636984,0.9023333312943578,4,2
B111,B,42,42,0,"0,1,1",50,probe,0.1680000126361847,1.0,0.18400001525878906,-0.01600000262260437,1.0,1.0,0.9069833328636984,0.9023333312943578,4,2
B111,B,42,42,1,"1,1,3",50,probe,0.2720000147819519,1.0,0.15200001001358032,0.12000000476837158,1.0,1.0,0.9069833328636984,0.9023333312943578,4,2
B111,B,42,42,2,"1,1,4",50,probe,0.13600000739097595,1.0,0.1600000113248825,-0.024000003933906555,1.0,1.0,0.9069833328636984,0.9023333312943578,4,2
B111,B,42,42,3,"1,2,2",50,probe,0.17600001394748688,1.0,0.13600000739097595,0.040000006556510925,1.0,1.0,0.9069833328636984,0.9023333312943578,4,2
B111,B,42,42,4,"1,2,3",50,probe,0.12800000607967377,1.0,0.25600001215934753,-0.12800000607967377,1.0,1.0,0.9069833328636984,0.9023333312943578,4,3
B111,B,42,42,5,"1,2,4",50,probe,0.17600001394748688,1.0,0.2160000056028366,-0.03999999165534973,1.0,1.0,0.9069833328636984,0.9023333312943578,4,3
B111,B,42,42,6,"1,3,1",50,probe,0.3760000169277191,1.0,1.0,-0.6239999830722809,1.0,1.0,0.9069833328636984,0.9023333312943578,4,2
B111,B,42,42,7,"1,3,2",50,probe,0.08800000697374344,1.0,0.19200000166893005,-0.10399999469518661,1.0,1.0,0.9069833328636984,0.9023333312943578,4,3
B111,B,42,42,8,"1,3,4",50,probe,0.30400002002716064,1.0,0.31200000643730164,-0.007999986410140991,1.0,1.0,0.9069833328636984,0.9023333312943578,4,3
B111,B,42,42,9,"1,4,1",50,probe,0.2800000011920929,1.0,0.18400001525878906,0.09599998593330383,1.0,1.0,0.9069833328636984,0.9023333312943578,4,2
B111,B,42,42,0,"0,1,1",50,finetune,0.12000000476837158,1.0,0.15200001001358032,-0.03200000524520874,1.0,1.0,0.9069833328636984,0.9023333312943578,4,2
B111,B,42,42,1,"1,1,3",50,finetune,0.14400000870227814,1.0,0.1600000113248825,-0.01600000262260437,1.0,1.0,0.9069833328636984,0.9023333312943578,4,2
B111,B,42,42,2,"1,1,4",50,finetune,0.08800000697374344,1.0,0.1680000126361847,-0.08000000566244125,1.0,1.0,0.9069833328636984,0.9023333312943578,4,2
B111,B,42,42,3,"1,2,2",50,finetune,0.1600000113248825,1.0,0.12800000607967377,0.03200000524520874,1.0,1.0,0.9069833328636984,0.9023333312943578,4,2
B111,B,42,42,4,"1,2,3",50,finetune,0.1120000034570694,1.0,0.24800001084804535,-0.13600000739097595,1.0,1.0,0.9069833328636984,0.9023333312943578,4,3
B111,B,42,42,5,"1,2,4",50,finetune,0.15200001001358032,1.0,0.17600001394748688,-0.024000003933906555,1.0,1.0,0.9069833328636984,0.9023333312943578,4,3
B111,B,42,42,6,"1,3,1",50,finetune,0.7600000500679016,1.0,1.0,-0.2399999499320984,1.0,1.0,0.9069833328636984,0.9023333312943578,4,2
B111,B,42,42,7,"1,3,2",50,finetune,0.18400001525878906,1.0,0.23200000822544098,-0.047999992966651917,1.0,1.0,0.9069833328636984,0.9023333312943578,4,3
B111,B,42,42,8,"1,3,4",50,finetune,0.3360000252723694,1.0,0.35200002789497375,-0.01600000262260437,1.0,1.0,0.9069833328636984,0.9023333312943578,4,3
B111,B,42,42,9,"1,4,1",50,finetune,0.2240000069141388,1.0,0.18400001525878906,0.03999999165534973,1.0,1.0,0.9069833328636984,0.9023333312943578,4,2
B111,B,42,101,0,"0,1,1",10,probe,0.15200001001358032,1.0,0.17600001394748688,-0.024000003933906555,1.0,1.0,0.9109166661898295,0.9033666650454204,4,2
B111,B,42,101,1,"1,1,3",10,probe,0.18400001525878906,1.0,0.12000000476837158,0.06400001049041748,1.0,1.0,0.9109166661898295,0.9033666650454204,4,2
B111,B,42,101,2,"1,1,4",10,probe,0.2240000069141388,1.0,0.12000000476837158,0.10400000214576721,1.0,1.0,0.9109166661898295,0.9033666650454204,4,2
B111,B,42,101,3,"1,2,2",10,probe,0.18400001525878906,1.0,0.17600001394748688,0.008000001311302185,1.0,1.0,0.9109166661898295,0.9033666650454204,4,2
B111,B,42,101,4,"1,2,3",10,probe,0.1680000126361847,1.0,0.18400001525878906,-0.01600000262260437,1.0,1.0,0.9109166661898295,0.9033666650454204,4,3
B111,B,42,101,5,"1,2,4",10,probe,0.2240000069141388,1.0,0.1600000113248825,0.06399999558925629,1.0,1.0,0.9109166661898295,0.9033666650454204,4,3
B111,B,42,101,6,"1,3,1",10,probe,0.23200000822544098,1.0,0.6480000019073486,-0.41599999368190765,1.0,1.0,0.9109166661898295,0.9033666650454204,4,2
B111,B,42,101,7,"1,3,2",10,probe,0.14400000870227814,1.0,0.20000000298023224,-0.0559999942779541,1.0,1.0,0.9109166661898295,0.9033666650454204,4,3
B111,B,42,101,8,"1,3,4",10,probe,0.19200000166893005,1.0,0.17600001394748688,0.015999987721443176,1.0,1.0,0.9109166661898295,0.9033666650454204,4,3
B111,B,42,101,9,"1,4,1",10,probe,0.2240000069141388,1.0,0.20000000298023224,0.024000003933906555,1.0,1.0,0.9109166661898295,0.9033666650454204,4,2
B111,B,42,101,0,"0,1,1",10,finetune,0.1680000126361847,1.0,0.19200000166893005,-0.02399998903274536,1.0,1.0,0.9109166661898295,0.9033666650454204,4,2
B111,B,42,101,1,"1,1,3",10,finetune,0.13600000739097595,1.0,0.17600001394748688,-0.040000006556510925,1.0,1.0,0.9109166661898295,0.9033666650454204,4,2
B111,B,42,101,2,"1,1,4",10,finetune,0.18400001525878906,1.0,0.1120000034570694,0.07200001180171967,1.0,1.0,0.9109166661898295,0.9033666650454204,4,2
B111,B,42,101,3,"1,2,2",10,finetune,0.18400001525878906,1.0,0.1680000126361847,0.01600000262260437,1.0,1.0,0.9109166661898295,0.9033666650454204,4,2
B111,B,42,101,4,"1,2,3",10,finetune,0.19200000166893005,1.0,0.18400001525878906,0.007999986410140991,1.0,1.0,0.9109166661898295,0.9033666650454204,4,3
B111,B,42,101,5,"1,2,4",10,finetune,0.1600000113248825,1.0,0.14400000870227814,0.01600000262260437,1.0,1.0,0.9109166661898295,0.9033666650454204,4,3
B111,B,42,101,6,"1,3,1",10,finetune,0.328000009059906,1.0,0.7440000176429749,-0.41600000858306885,1.0,1.0,0.9109166661898295,0.9033666650454204,4,2
B111,B,42,101,7,"1,3,2",10,finetune,0.18400001525878906,1.0,0.19200000166893005,-0.007999986410140991,1.0,1.0,0.9109166661898295,0.9033666650454204,4,3
B111,B,42,101,8,"1,3,4",10,finetune,0.29600000381469727,1.0,0.2240000069141388,0.07199999690055847,1.0,1.0,0.9109166661898295,0.9033666650454204,4,3
B111,B,42,101,9,"1,4,1",10,finetune,0.20000000298023224,1.0,0.19200000166893005,0.008000001311302185,1.0,1.0,0.9109166661898295,0.9033666650454204,4,2
B111,B,42,101,0,"0,1,1",25,probe,0.19200000166893005,1.0,0.24800001084804535,-0.056000009179115295,1.0,1.0,0.9109166661898295,0.9033666650454204,4,2
B111,B,42,101,1,"1,1,3",25,probe,0.2160000056028366,1.0,0.09600000083446503,0.12000000476837158,1.0,1.0,0.9109166661898295,0.9033666650454204,4,2
B111,B,42,101,2,"1,1,4",25,probe,0.18400001525878906,1.0,0.1600000113248825,0.024000003933906555,1.0,1.0,0.9109166661898295,0.9033666650454204,4,2
B111,B,42,101,3,"1,2,2",25,probe,0.20000000298023224,1.0,0.1680000126361847,0.031999990344047546,1.0,1.0,0.9109166661898295,0.9033666650454204,4,2
B111,B,42,101,4,"1,2,3",25,probe,0.17600001394748688,1.0,0.17600001394748688,0.0,1.0,1.0,0.9109166661898295,0.9033666650454204,4,3
B111,B,42,101,5,"1,2,4",25,probe,0.20000000298023224,1.0,0.13600000739097595,0.06399999558925629,1.0,1.0,0.9109166661898295,0.9033666650454204,4,3
B111,B,42,101,6,"1,3,1",25,probe,0.2800000011920929,1.0,0.8560000658035278,-0.5760000646114349,1.0,1.0,0.9109166661898295,0.9033666650454204,4,2
B111,B,42,101,7,"1,3,2",25,probe,0.14400000870227814,1.0,0.15200001001358032,-0.008000001311302185,1.0,1.0,0.9109166661898295,0.9033666650454204,4,3
B111,B,42,101,8,"1,3,4",25,probe,0.23200000822544098,1.0,0.23200000822544098,0.0,1.0,1.0,0.9109166661898295,0.9033666650454204,4,3
B111,B,42,101,9,"1,4,1",25,probe,0.2240000069141388,1.0,0.20000000298023224,0.024000003933906555,1.0,1.0,0.9109166661898295,0.9033666650454204,4,2
B111,B,42,101,0,"0,1,1",25,finetune,0.1600000113248825,1.0,0.20800000429153442,-0.047999992966651917,1.0,1.0,0.9109166661898295,0.9033666650454204,4,2
B111,B,42,101,1,"1,1,3",25,finetune,0.12800000607967377,1.0,0.10400000214576721,0.024000003933906555,1.0,1.0,0.9109166661898295,0.9033666650454204,4,2
B111,B,42,101,2,"1,1,4",25,finetune,0.15200001001358032,1.0,0.13600000739097595,0.01600000262260437,1.0,1.0,0.9109166661898295,0.9033666650454204,4,2
B111,B,42,101,3,"1,2,2",25,finetune,0.1600000113248825,1.0,0.14400000870227814,0.01600000262260437,1.0,1.0,0.9109166661898295,0.9033666650454204,4,2
B111,B,42,101,4,"1,2,3",25,finetune,0.20800000429153442,1.0,0.17600001394748688,0.031999990344047546,1.0,1.0,0.9109166661898295,0.9033666650454204,4,3
B111,B,42,101,5,"1,2,4",25,finetune,0.17600001394748688,1.0,0.14400000870227814,0.03200000524520874,1.0,1.0,0.9109166661898295,0.9033666650454204,4,3
B111,B,42,101,6,"1,3,1",25,finetune,0.5040000081062317,1.0,0.9440000653266907,-0.440000057220459,1.0,1.0,0.9109166661898295,0.9033666650454204,4,2
B111,B,42,101,7,"1,3,2",25,finetune,0.1120000034570694,1.0,0.1600000113248825,-0.04800000786781311,1.0,1.0,0.9109166661898295,0.9033666650454204,4,3
B111,B,42,101,8,"1,3,4",25,finetune,0.320000022649765,1.0,0.20800000429153442,0.11200001835823059,1.0,1.0,0.9109166661898295,0.9033666650454204,4,3
B111,B,42,101,9,"1,4,1",25,finetune,0.20000000298023224,1.0,0.18400001525878906,0.015999987721443176,1.0,1.0,0.9109166661898295,0.9033666650454204,4,2
B111,B,42,101,0,"0,1,1",50,probe,0.20000000298023224,1.0,0.14400000870227814,0.0559999942779541,1.0,1.0,0.9109166661898295,0.9033666650454204,4,2
B111,B,42,101,1,"1,1,3",50,probe,0.1600000113248825,1.0,0.15200001001358032,0.008000001311302185,1.0,1.0,0.9109166661898295,0.9033666650454204,4,2
B111,B,42,101,2,"1,1,4",50,probe,0.12800000607967377,1.0,0.1680000126361847,-0.040000006556510925,1.0,1.0,0.9109166661898295,0.9033666650454204,4,2
B111,B,42,101,3,"1,2,2",50,probe,0.18400001525878906,1.0,0.19200000166893005,-0.007999986410140991,1.0,1.0,0.9109166661898295,0.9033666650454204,4,2
B111,B,42,101,4,"1,2,3",50,probe,0.1680000126361847,1.0,0.2639999985694885,-0.09599998593330383,1.0,1.0,0.9109166661898295,0.9033666650454204,4,3
B111,B,42,101,5,"1,2,4",50,probe,0.20000000298023224,1.0,0.18400001525878906,0.015999987721443176,1.0,1.0,0.9109166661898295,0.9033666650454204,4,3
B111,B,42,101,6,"1,3,1",50,probe,0.30400002002716064,1.0,1.0,-0.6959999799728394,1.0,1.0,0.9109166661898295,0.9033666650454204,4,2
B111,B,42,101,7,"1,3,2",50,probe,0.14400000870227814,1.0,0.20800000429153442,-0.06399999558925629,1.0,1.0,0.9109166661898295,0.9033666650454204,4,3
B111,B,42,101,8,"1,3,4",50,probe,0.15200001001358032,1.0,0.320000022649765,-0.1680000126361847,1.0,1.0,0.9109166661898295,0.9033666650454204,4,3
B111,B,42,101,9,"1,4,1",50,probe,0.23200000822544098,1.0,0.20000000298023224,0.03200000524520874,1.0,1.0,0.9109166661898295,0.9033666650454204,4,2
B111,B,42,101,0,"0,1,1",50,finetune,0.12000000476837158,1.0,0.13600000739097595,-0.01600000262260437,1.0,1.0,0.9109166661898295,0.9033666650454204,4,2
B111,B,42,101,1,"1,1,3",50,finetune,0.13600000739097595,1.0,0.14400000870227814,-0.008000001311302185,1.0,1.0,0.9109166661898295,0.9033666650454204,4,2
B111,B,42,101,2,"1,1,4",50,finetune,0.08800000697374344,1.0,0.18400001525878906,-0.09600000828504562,1.0,1.0,0.9109166661898295,0.9033666650454204,4,2
B111,B,42,101,3,"1,2,2",50,finetune,0.10400000214576721,1.0,0.14400000870227814,-0.040000006556510925,1.0,1.0,0.9109166661898295,0.9033666650454204,4,2
B111,B,42,101,4,"1,2,3",50,finetune,0.13600000739097595,1.0,0.24000000953674316,-0.10400000214576721,1.0,1.0,0.9109166661898295,0.9033666650454204,4,3
B111,B,42,101,5,"1,2,4",50,finetune,0.17600001394748688,1.0,0.18400001525878906,-0.008000001311302185,1.0,1.0,0.9109166661898295,0.9033666650454204,4,3
B111,B,42,101,6,"1,3,1",50,finetune,0.6080000400543213,1.0,1.0,-0.3919999599456787,1.0,1.0,0.9109166661898295,0.9033666650454204,4,2
B111,B,42,101,7,"1,3,2",50,finetune,0.12800000607967377,1.0,0.20800000429153442,-0.07999999821186066,1.0,1.0,0.9109166661898295,0.9033666650454204,4,3
B111,B,42,101,8,"1,3,4",50,finetune,0.3840000033378601,1.0,0.3920000195503235,-0.008000016212463379,1.0,1.0,0.9109166661898295,0.9033666650454204,4,3
B111,B,42,101,9,"1,4,1",50,finetune,0.2639999985694885,1.0,0.20000000298023224,0.06399999558925629,1.0,1.0,0.9109166661898295,0.9033666650454204,4,2
B111,B,101,42,0,"0,1,1",10,probe,0.2160000056028366,1.0,0.20000000298023224,0.01600000262260437,1.0,1.0,0.8733499978358547,0.8656999965508778,4,2
B111,B,101,42,1,"1,1,3",10,probe,0.20800000429153442,1.0,0.24000000953674316,-0.03200000524520874,1.0,1.0,0.8733499978358547,0.8656999965508778,4,2
B111,B,101,42,2,"1,1,4",10,probe,0.1600000113248825,1.0,0.2240000069141388,-0.06399999558925629,1.0,1.0,0.8733499978358547,0.8656999965508778,4,2
B111,B,101,42,3,"1,2,2",10,probe,0.2160000056028366,1.0,0.19200000166893005,0.024000003933906555,1.0,1.0,0.8733499978358547,0.8656999965508778,4,2
B111,B,101,42,4,"1,2,3",10,probe,0.18400001525878906,1.0,0.1680000126361847,0.01600000262260437,1.0,1.0,0.8733499978358547,0.8656999965508778,4,3
B111,B,101,42,5,"1,2,4",10,probe,0.25600001215934753,1.0,0.2240000069141388,0.03200000524520874,1.0,1.0,0.8733499978358547,0.8656999965508778,4,3
B111,B,101,42,6,"1,3,1",10,probe,0.15200001001358032,1.0,0.20000000298023224,-0.047999992966651917,1.0,1.0,0.8733499978358547,0.8656999965508778,4,2
B111,B,101,42,7,"1,3,2",10,probe,0.24000000953674316,1.0,0.7520000338554382,-0.5120000243186951,1.0,1.0,0.8733499978358547,0.8656999965508778,4,3
B111,B,101,42,8,"1,3,4",10,probe,0.14400000870227814,1.0,0.1680000126361847,-0.024000003933906555,1.0,1.0,0.8733499978358547,0.8656999965508778,4,3
B111,B,101,42,9,"1,4,1",10,probe,0.15200001001358032,1.0,0.1680000126361847,-0.01600000262260437,1.0,1.0,0.8733499978358547,0.8656999965508778,4,2
B111,B,101,42,0,"0,1,1",10,finetune,0.14400000870227814,1.0,0.17600001394748688,-0.03200000524520874,1.0,1.0,0.8733499978358547,0.8656999965508778,4,2
B111,B,101,42,1,"1,1,3",10,finetune,0.24000000953674316,1.0,0.23200000822544098,0.008000001311302185,1.0,1.0,0.8733499978358547,0.8656999965508778,4,2
B111,B,101,42,2,"1,1,4",10,finetune,0.20800000429153442,1.0,0.23200000822544098,-0.024000003933906555,1.0,1.0,0.8733499978358547,0.8656999965508778,4,2
B111,B,101,42,3,"1,2,2",10,finetune,0.1680000126361847,1.0,0.17600001394748688,-0.008000001311302185,1.0,1.0,0.8733499978358547,0.8656999965508778,4,2
B111,B,101,42,4,"1,2,3",10,finetune,0.18400001525878906,1.0,0.19200000166893005,-0.007999986410140991,1.0,1.0,0.8733499978358547,0.8656999965508778,4,3
B111,B,101,42,5,"1,2,4",10,finetune,0.24000000953674316,1.0,0.2240000069141388,0.01600000262260437,1.0,1.0,0.8733499978358547,0.8656999965508778,4,3
B111,B,101,42,6,"1,3,1",10,finetune,0.1680000126361847,1.0,0.20000000298023224,-0.031999990344047546,1.0,1.0,0.8733499978358547,0.8656999965508778,4,2
B111,B,101,42,7,"1,3,2",10,finetune,0.4240000247955322,1.0,0.8160000443458557,-0.3920000195503235,1.0,1.0,0.8733499978358547,0.8656999965508778,4,3
B111,B,101,42,8,"1,3,4",10,finetune,0.19200000166893005,1.0,0.13600000739097595,0.0559999942779541,1.0,1.0,0.8733499978358547,0.8656999965508778,4,3
B111,B,101,42,9,"1,4,1",10,finetune,0.12000000476837158,1.0,0.1600000113248825,-0.040000006556510925,1.0,1.0,0.8733499978358547,0.8656999965508778,4,2
B111,B,101,42,0,"0,1,1",25,probe,0.19200000166893005,1.0,0.19200000166893005,0.0,1.0,1.0,0.8733499978358547,0.8656999965508778,4,2
B111,B,101,42,1,"1,1,3",25,probe,0.18400001525878906,1.0,0.25600001215934753,-0.07199999690055847,1.0,1.0,0.8733499978358547,0.8656999965508778,4,2
B111,B,101,42,2,"1,1,4",25,probe,0.12800000607967377,1.0,0.20800000429153442,-0.07999999821186066,1.0,1.0,0.8733499978358547,0.8656999965508778,4,2
B111,B,101,42,3,"1,2,2",25,probe,0.20000000298023224,1.0,0.1680000126361847,0.031999990344047546,1.0,1.0,0.8733499978358547,0.8656999965508778,4,2
B111,B,101,42,4,"1,2,3",25,probe,0.1600000113248825,1.0,0.18400001525878906,-0.024000003933906555,1.0,1.0,0.8733499978358547,0.8656999965508778,4,3
B111,B,101,42,5,"1,2,4",25,probe,0.23200000822544098,1.0,0.20000000298023224,0.03200000524520874,1.0,1.0,0.8733499978358547,0.8656999965508778,4,3
B111,B,101,42,6,"1,3,1",25,probe,0.15200001001358032,1.0,0.2240000069141388,-0.07199999690055847,1.0,1.0,0.8733499978358547,0.8656999965508778,4,2
B111,B,101,42,7,"1,3,2",25,probe,0.2240000069141388,1.0,0.9280000329017639,-0.7040000259876251,1.0,1.0,0.8733499978358547,0.8656999965508778,4,3
B111,B,101,42,8,"1,3,4",25,probe,0.19200000166893005,1.0,0.17600001394748688,0.015999987721443176,1.0,1.0,0.8733499978358547,0.8656999965508778,4,3
B111,B,101,42,9,"1,4,1",25,probe,0.17600001394748688,1.0,0.13600000739097595,0.040000006556510925,1.0,1.0,0.8733499978358547,0.8656999965508778,4,2
B111,B,101,42,0,"0,1,1",25,finetune,0.18400001525878906,1.0,0.17600001394748688,0.008000001311302185,1.0,1.0,0.8733499978358547,0.8656999965508778,4,2
B111,B,101,42,1,"1,1,3",25,finetune,0.20800000429153442,1.0,0.23200000822544098,-0.024000003933906555,1.0,1.0,0.8733499978358547,0.8656999965508778,4,2
B111,B,101,42,2,"1,1,4",25,finetune,0.19200000166893005,1.0,0.20000000298023224,-0.008000001311302185,1.0,1.0,0.8733499978358547,0.8656999965508778,4,2
B111,B,101,42,3,"1,2,2",25,finetune,0.17600001394748688,1.0,0.1600000113248825,0.01600000262260437,1.0,1.0,0.8733499978358547,0.8656999965508778,4,2
B111,B,101,42,4,"1,2,3",25,finetune,0.14400000870227814,1.0,0.17600001394748688,-0.03200000524520874,1.0,1.0,0.8733499978358547,0.8656999965508778,4,3
B111,B,101,42,5,"1,2,4",25,finetune,0.2160000056028366,1.0,0.23200000822544098,-0.01600000262260437,1.0,1.0,0.8733499978358547,0.8656999965508778,4,3
B111,B,101,42,6,"1,3,1",25,finetune,0.2160000056028366,1.0,0.20800000429153442,0.008000001311302185,1.0,1.0,0.8733499978358547,0.8656999965508778,4,2
B111,B,101,42,7,"1,3,2",25,finetune,0.5680000185966492,1.0,0.984000027179718,-0.41600000858306885,1.0,1.0,0.8733499978358547,0.8656999965508778,4,3
B111,B,101,42,8,"1,3,4",25,finetune,0.20800000429153442,1.0,0.1600000113248825,0.047999992966651917,1.0,1.0,0.8733499978358547,0.8656999965508778,4,3
B111,B,101,42,9,"1,4,1",25,finetune,0.12000000476837158,1.0,0.13600000739097595,-0.01600000262260437,1.0,1.0,0.8733499978358547,0.8656999965508778,4,2
B111,B,101,42,0,"0,1,1",50,probe,0.12000000476837158,1.0,0.20800000429153442,-0.08799999952316284,1.0,1.0,0.8733499978358547,0.8656999965508778,4,2
B111,B,101,42,1,"1,1,3",50,probe,0.15200001001358032,1.0,0.23200000822544098,-0.07999999821186066,1.0,1.0,0.8733499978358547,0.8656999965508778,4,2
B111,B,101,42,2,"1,1,4",50,probe,0.1120000034570694,1.0,0.1120000034570694,0.0,1.0,1.0,0.8733499978358547,0.8656999965508778,4,2
B111,B,101,42,3,"1,2,2",50,probe,0.20800000429153442,1.0,0.10400000214576721,0.10400000214576721,1.0,1.0,0.8733499978358547,0.8656999965508778,4,2
B111,B,101,42,4,"1,2,3",50,probe,0.17600001394748688,1.0,0.1600000113248825,0.01600000262260437,1.0,1.0,0.8733499978358547,0.8656999965508778,4,3
B111,B,101,42,5,"1,2,4",50,probe,0.2720000147819519,1.0,0.1600000113248825,0.1120000034570694,1.0,1.0,0.8733499978358547,0.8656999965508778,4,3
B111,B,101,42,6,"1,3,1",50,probe,0.17600001394748688,1.0,0.17600001394748688,0.0,1.0,1.0,0.8733499978358547,0.8656999965508778,4,2
B111,B,101,42,7,"1,3,2",50,probe,0.328000009059906,1.0,1.0,-0.671999990940094,1.0,1.0,0.8733499978358547,0.8656999965508778,4,3
B111,B,101,42,8,"1,3,4",50,probe,0.15200001001358032,1.0,0.1600000113248825,-0.008000001311302185,1.0,1.0,0.8733499978358547,0.8656999965508778,4,3
B111,B,101,42,9,"1,4,1",50,probe,0.15200001001358032,1.0,0.14400000870227814,0.008000001311302185,1.0,1.0,0.8733499978358547,0.8656999965508778,4,2
B111,B,101,42,0,"0,1,1",50,finetune,0.13600000739097595,1.0,0.1680000126361847,-0.03200000524520874,1.0,1.0,0.8733499978358547,0.8656999965508778,4,2
B111,B,101,42,1,"1,1,3",50,finetune,0.18400001525878906,1.0,0.23200000822544098,-0.047999992966651917,1.0,1.0,0.8733499978358547,0.8656999965508778,4,2
B111,B,101,42,2,"1,1,4",50,finetune,0.14400000870227814,1.0,0.12000000476837158,0.024000003933906555,1.0,1.0,0.8733499978358547,0.8656999965508778,4,2
B111,B,101,42,3,"1,2,2",50,finetune,0.14400000870227814,1.0,0.10400000214576721,0.040000006556510925,1.0,1.0,0.8733499978358547,0.8656999965508778,4,2
B111,B,101,42,4,"1,2,3",50,finetune,0.1600000113248825,1.0,0.20800000429153442,-0.047999992966651917,1.0,1.0,0.8733499978358547,0.8656999965508778,4,3
B111,B,101,42,5,"1,2,4",50,finetune,0.2160000056028366,1.0,0.17600001394748688,0.03999999165534973,1.0,1.0,0.8733499978358547,0.8656999965508778,4,3
B111,B,101,42,6,"1,3,1",50,finetune,0.1680000126361847,1.0,0.15200001001358032,0.01600000262260437,1.0,1.0,0.8733499978358547,0.8656999965508778,4,2
B111,B,101,42,7,"1,3,2",50,finetune,0.800000011920929,1.0,1.0,-0.19999998807907104,1.0,1.0,0.8733499978358547,0.8656999965508778,4,3
B111,B,101,42,8,"1,3,4",50,finetune,0.18400001525878906,1.0,0.1600000113248825,0.024000003933906555,1.0,1.0,0.8733499978358547,0.8656999965508778,4,3
B111,B,101,42,9,"1,4,1",50,finetune,0.08000000566244125,1.0,0.15200001001358032,-0.07200000435113907,1.0,1.0,0.8733499978358547,0.8656999965508778,4,2
B111,B,101,101,0,"0,1,1",10,probe,0.20800000429153442,1.0,0.14400000870227814,0.06399999558925629,1.0,1.0,0.8812499983857075,0.872849996201694,4,2
B111,B,101,101,1,"1,1,3",10,probe,0.2160000056028366,1.0,0.2720000147819519,-0.056000009179115295,1.0,1.0,0.8812499983857075,0.872849996201694,4,2
B111,B,101,101,2,"1,1,4",10,probe,0.17600001394748688,1.0,0.19200000166893005,-0.015999987721443176,1.0,1.0,0.8812499983857075,0.872849996201694,4,2
B111,B,101,101,3,"1,2,2",10,probe,0.20800000429153442,1.0,0.19200000166893005,0.01600000262260437,1.0,1.0,0.8812499983857075,0.872849996201694,4,2
B111,B,101,101,4,"1,2,3",10,probe,0.20800000429153442,1.0,0.17600001394748688,0.031999990344047546,1.0,1.0,0.8812499983857075,0.872849996201694,4,3
B111,B,101,101,5,"1,2,4",10,probe,0.20000000298023224,1.0,0.25600001215934753,-0.056000009179115295,1.0,1.0,0.8812499983857075,0.872849996201694,4,3
B111,B,101,101,6,"1,3,1",10,probe,0.20000000298023224,1.0,0.2240000069141388,-0.024000003933906555,1.0,1.0,0.8812499983857075,0.872849996201694,4,2
B111,B,101,101,7,"1,3,2",10,probe,0.25600001215934753,1.0,0.8400000333786011,-0.5840000212192535,1.0,1.0,0.8812499983857075,0.872849996201694,4,3
B111,B,101,101,8,"1,3,4",10,probe,0.1600000113248825,1.0,0.15200001001358032,0.008000001311302185,1.0,1.0,0.8812499983857075,0.872849996201694,4,3
B111,B,101,101,9,"1,4,1",10,probe,0.18400001525878906,1.0,0.18400001525878906,0.0,1.0,1.0,0.8812499983857075,0.872849996201694,4,2
B111,B,101,101,0,"0,1,1",10,finetune,0.2160000056028366,1.0,0.20800000429153442,0.008000001311302185,1.0,1.0,0.8812499983857075,0.872849996201694,4,2
B111,B,101,101,1,"1,1,3",10,finetune,0.25600001215934753,1.0,0.2240000069141388,0.03200000524520874,1.0,1.0,0.8812499983857075,0.872849996201694,4,2
B111,B,101,101,2,"1,1,4",10,finetune,0.1600000113248825,1.0,0.2160000056028366,-0.0559999942779541,1.0,1.0,0.8812499983857075,0.872849996201694,4,2
B111,B,101,101,3,"1,2,2",10,finetune,0.1680000126361847,1.0,0.18400001525878906,-0.01600000262260437,1.0,1.0,0.8812499983857075,0.872849996201694,4,2
B111,B,101,101,4,"1,2,3",10,finetune,0.1600000113248825,1.0,0.14400000870227814,0.01600000262260437,1.0,1.0,0.8812499983857075,0.872849996201694,4,3
B111,B,101,101,5,"1,2,4",10,finetune,0.24000000953674316,1.0,0.24800001084804535,-0.008000001311302185,1.0,1.0,0.8812499983857075,0.872849996201694,4,3
B111,B,101,101,6,"1,3,1",10,finetune,0.20800000429153442,1.0,0.2160000056028366,-0.008000001311302185,1.0,1.0,0.8812499983857075,0.872849996201694,4,2
B111,B,101,101,7,"1,3,2",10,finetune,0.328000009059906,1.0,0.8240000605583191,-0.4960000514984131,1.0,1.0,0.8812499983857075,0.872849996201694,4,3
B111,B,101,101,8,"1,3,4",10,finetune,0.14400000870227814,1.0,0.15200001001358032,-0.008000001311302185,1.0,1.0,0.8812499983857075,0.872849996201694,4,3
B111,B,101,101,9,"1,4,1",10,finetune,0.1600000113248825,1.0,0.1600000113248825,0.0,1.0,1.0,0.8812499983857075,0.872849996201694,4,2
B111,B,101,101,0,"0,1,1",25,probe,0.1680000126361847,1.0,0.1600000113248825,0.008000001311302185,1.0,1.0,0.8812499983857075,0.872849996201694,4,2
B111,B,101,101,1,"1,1,3",25,probe,0.20000000298023224,1.0,0.24800001084804535,-0.04800000786781311,1.0,1.0,0.8812499983857075,0.872849996201694,4,2
B111,B,101,101,2,"1,1,4",25,probe,0.1680000126361847,1.0,0.20800000429153442,-0.03999999165534973,1.0,1.0,0.8812499983857075,0.872849996201694,4,2
B111,B,101,101,3,"1,2,2",25,probe,0.20000000298023224,1.0,0.15200001001358032,0.047999992966651917,1.0,1.0,0.8812499983857075,0.872849996201694,4,2
B111,B,101,101,4,"1,2,3",25,probe,0.1680000126361847,1.0,0.20000000298023224,-0.031999990344047546,1.0,1.0,0.8812499983857075,0.872849996201694,4,3
B111,B,101,101,5,"1,2,4",25,probe,0.19200000166893005,1.0,0.2240000069141388,-0.03200000524520874,1.0,1.0,0.8812499983857075,0.872849996201694,4,3
B111,B,101,101,6,"1,3,1",25,probe,0.1600000113248825,1.0,0.2240000069141388,-0.06399999558925629,1.0,1.0,0.8812499983857075,0.872849996201694,4,2
B111,B,101,101,7,"1,3,2",25,probe,0.24800001084804535,1.0,0.9600000381469727,-0.7120000272989273,1.0,1.0,0.8812499983857075,0.872849996201694,4,3
B111,B,101,101,8,"1,3,4",25,probe,0.15200001001358032,1.0,0.17600001394748688,-0.024000003933906555,1.0,1.0,0.8812499983857075,0.872849996201694,4,3
B111,B,101,101,9,"1,4,1",25,probe,0.19200000166893005,1.0,0.14400000870227814,0.047999992966651917,1.0,1.0,0.8812499983857075,0.872849996201694,4,2
B111,B,101,101,0,"0,1,1",25,finetune,0.1680000126361847,1.0,0.18400001525878906,-0.01600000262260437,1.0,1.0,0.8812499983857075,0.872849996201694,4,2
B111,B,101,101,1,"1,1,3",25,finetune,0.20000000298023224,1.0,0.23200000822544098,-0.03200000524520874,1.0,1.0,0.8812499983857075,0.872849996201694,4,2
B111,B,101,101,2,"1,1,4",25,finetune,0.1600000113248825,1.0,0.2160000056028366,-0.0559999942779541,1.0,1.0,0.8812499983857075,0.872849996201694,4,2
B111,B,101,101,3,"1,2,2",25,finetune,0.13600000739097595,1.0,0.17600001394748688,-0.040000006556510925,1.0,1.0,0.8812499983857075,0.872849996201694,4,2
B111,B,101,101,4,"1,2,3",25,finetune,0.15200001001358032,1.0,0.20000000298023224,-0.047999992966651917,1.0,1.0,0.8812499983857075,0.872849996201694,4,3
B111,B,101,101,5,"1,2,4",25,finetune,0.2240000069141388,1.0,0.25600001215934753,-0.03200000524520874,1.0,1.0,0.8812499983857075,0.872849996201694,4,3
B111,B,101,101,6,"1,3,1",25,finetune,0.17600001394748688,1.0,0.20800000429153442,-0.031999990344047546,1.0,1.0,0.8812499983857075,0.872849996201694,4,2
B111,B,101,101,7,"1,3,2",25,finetune,0.41600000858306885,1.0,0.984000027179718,-0.5680000185966492,1.0,1.0,0.8812499983857075,0.872849996201694,4,3
B111,B,101,101,8,"1,3,4",25,finetune,0.1600000113248825,1.0,0.14400000870227814,0.01600000262260437,1.0,1.0,0.8812499983857075,0.872849996201694,4,3
B111,B,101,101,9,"1,4,1",25,finetune,0.1600000113248825,1.0,0.12800000607967377,0.03200000524520874,1.0,1.0,0.8812499983857075,0.872849996201694,4,2
B111,B,101,101,0,"0,1,1",50,probe,0.1600000113248825,1.0,0.1680000126361847,-0.008000001311302185,1.0,1.0,0.8812499983857075,0.872849996201694,4,2
B111,B,101,101,1,"1,1,3",50,probe,0.2160000056028366,1.0,0.20800000429153442,0.008000001311302185,1.0,1.0,0.8812499983857075,0.872849996201694,4,2
B111,B,101,101,2,"1,1,4",50,probe,0.1680000126361847,1.0,0.19200000166893005,-0.02399998903274536,1.0,1.0,0.8812499983857075,0.872849996201694,4,2
B111,B,101,101,3,"1,2,2",50,probe,0.20000000298023224,1.0,0.14400000870227814,0.0559999942779541,1.0,1.0,0.8812499983857075,0.872849996201694,4,2
B111,B,101,101,4,"1,2,3",50,probe,0.20800000429153442,1.0,0.19200000166893005,0.01600000262260437,1.0,1.0,0.8812499983857075,0.872849996201694,4,3
B111,B,101,101,5,"1,2,4",50,probe,0.25600001215934753,1.0,0.17600001394748688,0.07999999821186066,1.0,1.0,0.8812499983857075,0.872849996201694,4,3
B111,B,101,101,6,"1,3,1",50,probe,0.1680000126361847,1.0,0.15200001001358032,0.01600000262260437,1.0,1.0,0.8812499983857075,0.872849996201694,4,2
B111,B,101,101,7,"1,3,2",50,probe,0.24800001084804535,1.0,0.9920000433921814,-0.744000032544136,1.0,1.0,0.8812499983857075,0.872849996201694,4,3
B111,B,101,101,8,"1,3,4",50,probe,0.1680000126361847,1.0,0.17600001394748688,-0.008000001311302185,1.0,1.0,0.8812499983857075,0.872849996201694,4,3
B111,B,101,101,9,"1,4,1",50,probe,0.1680000126361847,1.0,0.1680000126361847,0.0,1.0,1.0,0.8812499983857075,0.872849996201694,4,2
B111,B,101,101,0,"0,1,1",50,finetune,0.17600001394748688,1.0,0.17600001394748688,0.0,1.0,1.0,0.8812499983857075,0.872849996201694,4,2
B111,B,101,101,1,"1,1,3",50,finetune,0.20800000429153442,1.0,0.20000000298023224,0.008000001311302185,1.0,1.0,0.8812499983857075,0.872849996201694,4,2
B111,B,101,101,2,"1,1,4",50,finetune,0.13600000739097595,1.0,0.15200001001358032,-0.01600000262260437,1.0,1.0,0.8812499983857075,0.872849996201694,4,2
B111,B,101,101,3,"1,2,2",50,finetune,0.09600000083446503,1.0,0.08800000697374344,0.007999993860721588,1.0,1.0,0.8812499983857075,0.872849996201694,4,2
B111,B,101,101,4,"1,2,3",50,finetune,0.18400001525878906,1.0,0.20800000429153442,-0.02399998903274536,1.0,1.0,0.8812499983857075,0.872849996201694,4,3
B111,B,101,101,5,"1,2,4",50,finetune,0.23200000822544098,1.0,0.20800000429153442,0.024000003933906555,1.0,1.0,0.8812499983857075,0.872849996201694,4,3
B111,B,101,101,6,"1,3,1",50,finetune,0.17600001394748688,1.0,0.12000000476837158,0.056000009179115295,1.0,1.0,0.8812499983857075,0.872849996201694,4,2
B111,B,101,101,7,"1,3,2",50,finetune,0.656000018119812,1.0,1.0,-0.343999981880188,1.0,1.0,0.8812499983857075,0.872849996201694,4,3
B111,B,101,101,8,"1,3,4",50,finetune,0.14400000870227814,1.0,0.1680000126361847,-0.024000003933906555,1.0,1.0,0.8812499983857075,0.872849996201694,4,3
B111,B,101,101,9,"1,4,1",50,finetune,0.1600000113248825,1.0,0.1600000113248825,0.0,1.0,1.0,0.8812499983857075,0.872849996201694,4,2
A120,A,17,42,0,"0,1,1",10,probe,0.17600001394748688,1.0,0.12000000476837158,0.056000009179115295,1.0,1.0,0.8684333303632835,0.8141666638354461,3,2
A120,A,17,42,1,"1,1,3",10,probe,0.23200000822544098,1.0,0.2160000056028366,0.01600000262260437,1.0,1.0,0.8684333303632835,0.8141666638354461,3,3
A120,A,17,42,2,"1,1,4",10,probe,0.24800001084804535,1.0,0.64000004529953,-0.3920000344514847,1.0,1.0,0.8684333303632835,0.8141666638354461,3,3
A120,A,17,42,3,"1,2,2",10,probe,0.25600001215934753,1.0,0.24000000953674316,0.01600000262260437,1.0,1.0,0.8684333303632835,0.8141666638354461,3,2
A120,A,17,42,4,"1,2,3",10,probe,0.23200000822544098,1.0,0.24800001084804535,-0.01600000262260437,1.0,1.0,0.8684333303632835,0.8141666638354461,3,2
A120,A,17,42,5,"1,2,4",10,probe,0.20000000298023224,1.0,0.1680000126361847,0.031999990344047546,1.0,1.0,0.8684333303632835,0.8141666638354461,3,2
A120,A,17,42,6,"1,3,1",10,probe,0.15200001001358032,1.0,0.13600000739097595,0.01600000262260437,1.0,1.0,0.8684333303632835,0.8141666638354461,3,3
A120,A,17,42,7,"1,3,2",10,probe,0.09600000083446503,1.0,0.1680000126361847,-0.07200001180171967,1.0,1.0,0.8684333303632835,0.8141666638354461,3,3
A120,A,17,42,8,"1,3,4",10,probe,0.23200000822544098,1.0,0.25600001215934753,-0.024000003933906555,1.0,1.0,0.8684333303632835,0.8141666638354461,3,3
A120,A,17,42,9,"1,4,1",10,probe,0.2240000069141388,1.0,0.20800000429153442,0.01600000262260437,1.0,1.0,0.8684333303632835,0.8141666638354461,3,3
A120,A,17,42,0,"0,1,1",10,finetune,0.1600000113248825,1.0,0.12800000607967377,0.03200000524520874,1.0,1.0,0.8684333303632835,0.8141666638354461,3,2
A120,A,17,42,1,"1,1,3",10,finetune,0.19200000166893005,1.0,0.2160000056028366,-0.024000003933906555,1.0,1.0,0.8684333303632835,0.8141666638354461,3,3
A120,A,17,42,2,"1,1,4",10,finetune,0.40800002217292786,1.0,0.7200000286102295,-0.31200000643730164,1.0,1.0,0.8684333303632835,0.8141666638354461,3,3
A120,A,17,42,3,"1,2,2",10,finetune,0.20800000429153442,1.0,0.24000000953674316,-0.03200000524520874,1.0,1.0,0.8684333303632835,0.8141666638354461,3,2
A120,A,17,42,4,"1,2,3",10,finetune,0.2880000174045563,1.0,0.2160000056028366,0.07200001180171967,1.0,1.0,0.8684333303632835,0.8141666638354461,3,2
A120,A,17,42,5,"1,2,4",10,finetune,0.15200001001358032,1.0,0.13600000739097595,0.01600000262260437,1.0,1.0,0.8684333303632835,0.8141666638354461,3,2
A120,A,17,42,6,"1,3,1",10,finetune,0.1600000113248825,1.0,0.13600000739097595,0.024000003933906555,1.0,1.0,0.8684333303632835,0.8141666638354461,3,3
A120,A,17,42,7,"1,3,2",10,finetune,0.12800000607967377,1.0,0.15200001001358032,-0.024000003933906555,1.0,1.0,0.8684333303632835,0.8141666638354461,3,3
A120,A,17,42,8,"1,3,4",10,finetune,0.23200000822544098,1.0,0.17600001394748688,0.0559999942779541,1.0,1.0,0.8684333303632835,0.8141666638354461,3,3
A120,A,17,42,9,"1,4,1",10,finetune,0.20800000429153442,1.0,0.18400001525878906,0.02399998903274536,1.0,1.0,0.8684333303632835,0.8141666638354461,3,3
A120,A,17,42,0,"0,1,1",25,probe,0.1600000113248825,1.0,0.20000000298023224,-0.03999999165534973,1.0,1.0,0.8684333303632835,0.8141666638354461,3,2
A120,A,17,42,1,"1,1,3",25,probe,0.1600000113248825,1.0,0.12800000607967377,0.03200000524520874,1.0,1.0,0.8684333303632835,0.8141666638354461,3,3
A120,A,17,42,2,"1,1,4",25,probe,0.328000009059906,1.0,0.9280000329017639,-0.6000000238418579,1.0,1.0,0.8684333303632835,0.8141666638354461,3,3
A120,A,17,42,3,"1,2,2",25,probe,0.24000000953674316,1.0,0.29600000381469727,-0.0559999942779541,1.0,1.0,0.8684333303632835,0.8141666638354461,3,2
A120,A,17,42,4,"1,2,3",25,probe,0.12000000476837158,1.0,0.2639999985694885,-0.14399999380111694,1.0,1.0,0.8684333303632835,0.8141666638354461,3,2
A120,A,17,42,5,"1,2,4",25,probe,0.18400001525878906,1.0,0.13600000739097595,0.04800000786781311,1.0,1.0,0.8684333303632835,0.8141666638354461,3,2
A120,A,17,42,6,"1,3,1",25,probe,0.1600000113248825,1.0,0.15200001001358032,0.008000001311302185,1.0,1.0,0.8684333303632835,0.8141666638354461,3,3
A120,A,17,42,7,"1,3,2",25,probe,0.1120000034570694,1.0,0.17600001394748688,-0.06400001049041748,1.0,1.0,0.8684333303632835,0.8141666638354461,3,3
A120,A,17,42,8,"1,3,4",25,probe,0.20800000429153442,1.0,0.1600000113248825,0.047999992966651917,1.0,1.0,0.8684333303632835,0.8141666638354461,3,3
A120,A,17,42,9,"1,4,1",25,probe,0.23200000822544098,1.0,0.24000000953674316,-0.008000001311302185,1.0,1.0,0.8684333303632835,0.8141666638354461,3,3
A120,A,17,42,0,"0,1,1",25,finetune,0.12800000607967377,1.0,0.17600001394748688,-0.04800000786781311,1.0,1.0,0.8684333303632835,0.8141666638354461,3,2
A120,A,17,42,1,"1,1,3",25,finetune,0.20800000429153442,1.0,0.1600000113248825,0.047999992966651917,1.0,1.0,0.8684333303632835,0.8141666638354461,3,3
A120,A,17,42,2,"1,1,4",25,finetune,0.5520000457763672,1.0,0.9920000433921814,-0.4399999976158142,1.0,1.0,0.8684333303632835,0.8141666638354461,3,3
A120,A,17,42,3,"1,2,2",25,finetune,0.24000000953674316,1.0,0.2800000011920929,-0.03999999165534973,1.0,1.0,0.8684333303632835,0.8141666638354461,3,2
A120,A,17,42,4,"1,2,3",25,finetune,0.2720000147819519,1.0,0.23200000822544098,0.040000006556510925,1.0,1.0,0.8684333303632835,0.8141666638354461,3,2
A120,A,17,42,5,"1,2,4",25,finetune,0.1600000113248825,1.0,0.1680000126361847,-0.008000001311302185,1.0,1.0,0.8684333303632835,0.8141666638354461,3,2
A120,A,17,42,6,"1,3,1",25,finetune,0.1600000113248825,1.0,0.13600000739097595,0.024000003933906555,1.0,1.0,0.8684333303632835,0.8141666638354461,3,3
A120,A,17,42,7,"1,3,2",25,finetune,0.20800000429153442,1.0,0.20800000429153442,0.0,1.0,1.0,0.8684333303632835,0.8141666638354461,3,3
A120,A,17,42,8,"1,3,4",25,finetune,0.15200001001358032,1.0,0.12800000607967377,0.024000003933906555,1.0,1.0,0.8684333303632835,0.8141666638354461,3,3
A120,A,17,42,9,"1,4,1",25,finetune,0.2720000147819519,1.0,0.25600001215934753,0.01600000262260437,1.0,1.0,0.8684333303632835,0.8141666638354461,3,3
A120,A,17,42,0,"0,1,1",50,probe,0.2160000056028366,1.0,0.1680000126361847,0.047999992966651917,1.0,1.0,0.8684333303632835,0.8141666638354461,3,2
A120,A,17,42,1,"1,1,3",50,probe,0.1600000113248825,1.0,0.20800000429153442,-0.047999992966651917,1.0,1.0,0.8684333303632835,0.8141666638354461,3,3
A120,A,17,42,2,"1,1,4",50,probe,0.24800001084804535,1.0,0.984000027179718,-0.7360000163316727,1.0,1.0,0.8684333303632835,0.8141666638354461,3,3
A120,A,17,42,3,"1,2,2",50,probe,0.2160000056028366,1.0,0.30400002002716064,-0.08800001442432404,1.0,1.0,0.8684333303632835,0.8141666638354461,3,2
A120,A,17,42,4,"1,2,3",50,probe,0.24000000953674316,1.0,0.2800000011920929,-0.03999999165534973,1.0,1.0,0.8684333303632835,0.8141666638354461,3,2
A120,A,17,42,5,"1,2,4",50,probe,0.17600001394748688,1.0,0.1600000113248825,0.01600000262260437,1.0,1.0,0.8684333303632835,0.8141666638354461,3,2
A120,A,17,42,6,"1,3,1",50,probe,0.12800000607967377,1.0,0.13600000739097595,-0.008000001311302185,1.0,1.0,0.8684333303632835,0.8141666638354461,3,3
A120,A,17,42,7,"1,3,2",50,probe,0.18400001525878906,1.0,0.14400000870227814,0.040000006556510925,1.0,1.0,0.8684333303632835,0.8141666638354461,3,3
A120,A,17,42,8,"1,3,4",50,probe,0.1600000113248825,1.0,0.18400001525878906,-0.024000003933906555,1.0,1.0,0.8684333303632835,0.8141666638354461,3,3
A120,A,17,42,9,"1,4,1",50,probe,0.1600000113248825,1.0,0.23200000822544098,-0.07199999690055847,1.0,1.0,0.8684333303632835,0.8141666638354461,3,3
A120,A,17,42,0,"0,1,1",50,finetune,0.17600001394748688,1.0,0.12000000476837158,0.056000009179115295,1.0,1.0,0.8684333303632835,0.8141666638354461,3,2
A120,A,17,42,1,"1,1,3",50,finetune,0.1680000126361847,1.0,0.2160000056028366,-0.047999992966651917,1.0,1.0,0.8684333303632835,0.8141666638354461,3,3
A120,A,17,42,2,"1,1,4",50,finetune,0.6480000019073486,1.0,1.0,-0.35199999809265137,1.0,1.0,0.8684333303632835,0.8141666638354461,3,3
A120,A,17,42,3,"1,2,2",50,finetune,0.31200000643730164,1.0,0.2800000011920929,0.03200000524520874,1.0,1.0,0.8684333303632835,0.8141666638354461,3,2
A120,A,17,42,4,"1,2,3",50,finetune,0.2720000147819519,1.0,0.23200000822544098,0.040000006556510925,1.0,1.0,0.8684333303632835,0.8141666638354461,3,2
A120,A,17,42,5,"1,2,4",50,finetune,0.1680000126361847,1.0,0.18400001525878906,-0.01600000262260437,1.0,1.0,0.8684333303632835,0.8141666638354461,3,2
A120,A,17,42,6,"1,3,1",50,finetune,0.14400000870227814,1.0,0.12800000607967377,0.01600000262260437,1.0,1.0,0.8684333303632835,0.8141666638354461,3,3
A120,A,17,42,7,"1,3,2",50,finetune,0.20000000298023224,1.0,0.1680000126361847,0.031999990344047546,1.0,1.0,0.8684333303632835,0.8141666638354461,3,3
A120,A,17,42,8,"1,3,4",50,finetune,0.14400000870227814,1.0,0.15200001001358032,-0.008000001311302185,1.0,1.0,0.8684333303632835,0.8141666638354461,3,3
A120,A,17,42,9,"1,4,1",50,finetune,0.23200000822544098,1.0,0.19200000166893005,0.040000006556510925,1.0,1.0,0.8684333303632835,0.8141666638354461,3,3
A120,A,17,101,0,"0,1,1",10,probe,0.1680000126361847,1.0,0.1680000126361847,0.0,1.0,1.0,0.8665666645392776,0.808666663399587,3,2
A120,A,17,101,1,"1,1,3",10,probe,0.24000000953674316,1.0,0.2160000056028366,0.024000003933906555,1.0,1.0,0.8665666645392776,0.808666663399587,3,3
A120,A,17,101,2,"1,1,4",10,probe,0.2720000147819519,1.0,0.7120000123977661,-0.4399999976158142,1.0,1.0,0.8665666645392776,0.808666663399587,3,3
A120,A,17,101,3,"1,2,2",10,probe,0.20000000298023224,1.0,0.19200000166893005,0.008000001311302185,1.0,1.0,0.8665666645392776,0.808666663399587,3,2
A120,A,17,101,4,"1,2,3",10,probe,0.12000000476837158,1.0,0.20800000429153442,-0.08799999952316284,1.0,1.0,0.8665666645392776,0.808666663399587,3,2
A120,A,17,101,5,"1,2,4",10,probe,0.17600001394748688,1.0,0.15200001001358032,0.024000003933906555,1.0,1.0,0.8665666645392776,0.808666663399587,3,2
A120,A,17,101,6,"1,3,1",10,probe,0.20800000429153442,1.0,0.14400000870227814,0.06399999558925629,1.0,1.0,0.8665666645392776,0.808666663399587,3,3
A120,A,17,101,7,"1,3,2",10,probe,0.23200000822544098,1.0,0.1600000113248825,0.07199999690055847,1.0,1.0,0.8665666645392776,0.808666663399587,3,3
A120,A,17,101,8,"1,3,4",10,probe,0.20800000429153442,1.0,0.24800001084804535,-0.040000006556510925,1.0,1.0,0.8665666645392776,0.808666663399587,3,3
A120,A,17,101,9,"1,4,1",10,probe,0.17600001394748688,1.0,0.14400000870227814,0.03200000524520874,1.0,1.0,0.8665666645392776,0.808666663399587,3,3
A120,A,17,101,0,"0,1,1",10,finetune,0.20800000429153442,1.0,0.1680000126361847,0.03999999165534973,1.0,1.0,0.8665666645392776,0.808666663399587,3,2
A120,A,17,101,1,"1,1,3",10,finetune,0.2639999985694885,1.0,0.23200000822544098,0.031999990344047546,1.0,1.0,0.8665666645392776,0.808666663399587,3,3
A120,A,17,101,2,"1,1,4",10,finetune,0.3840000033378601,1.0,0.7760000228881836,-0.3920000195503235,1.0,1.0,0.8665666645392776,0.808666663399587,3,3
A120,A,17,101,3,"1,2,2",10,finetune,0.1600000113248825,1.0,0.25600001215934753,-0.09600000083446503,1.0,1.0,0.8665666645392776,0.808666663399587,3,2
A120,A,17,101,4,"1,2,3",10,finetune,0.1680000126361847,1.0,0.24800001084804535,-0.07999999821186066,1.0,1.0,0.8665666645392776,0.808666663399587,3,2
A120,A,17,101,5,"1,2,4",10,finetune,0.1680000126361847,1.0,0.1600000113248825,0.008000001311302185,1.0,1.0,0.8665666645392776,0.808666663399587,3,2
A120,A,17,101,6,"1,3,1",10,finetune,0.17600001394748688,1.0,0.1680000126361847,0.008000001311302185,1.0,1.0,0.8665666645392776,0.808666663399587,3,3
A120,A,17,101,7,"1,3,2",10,finetune,0.2240000069141388,1.0,0.15200001001358032,0.07199999690055847,1.0,1.0,0.8665666645392776,0.808666663399587,3,3
A120,A,17,101,8,"1,3,4",10,finetune,0.2240000069141388,1.0,0.20800000429153442,0.01600000262260437,1.0,1.0,0.8665666645392776,0.808666663399587,3,3
A120,A,17,101,9,"1,4,1",10,finetune,0.1680000126361847,1.0,0.15200001001358032,0.01600000262260437,1.0,1.0,0.8665666645392776,0.808666663399587,3,3
A120,A,17,101,0,"0,1,1",25,probe,0.13600000739097595,1.0,0.13600000739097595,0.0,1.0,1.0,0.8665666645392776,0.808666663399587,3,2
A120,A,17,101,1,"1,1,3",25,probe,0.12800000607967377,1.0,0.20800000429153442,-0.07999999821186066,1.0,1.0,0.8665666645392776,0.808666663399587,3,3
A120,A,17,101,2,"1,1,4",25,probe,0.24800001084804535,1.0,0.968000054359436,-0.7200000435113907,1.0,1.0,0.8665666645392776,0.808666663399587,3,3
A120,A,17,101,3,"1,2,2",25,probe,0.2160000056028366,1.0,0.320000022649765,-0.1040000170469284,1.0,1.0,0.8665666645392776,0.808666663399587,3,2
A120,A,17,101,4,"1,2,3",25,probe,0.1680000126361847,1.0,0.2639999985694885,-0.09599998593330383,1.0,1.0,0.8665666645392776,0.808666663399587,3,2
A120,A,17,101,5,"1,2,4",25,probe,0.20800000429153442,1.0,0.18400001525878906,0.02399998903274536,1.0,1.0,0.8665666645392776,0.808666663399587,3,2
A120,A,17,101,6,"1,3,1",25,probe,0.1600000113248825,1.0,0.1680000126361847,-0.008000001311302185,1.0,1.0,0.8665666645392776,0.808666663399587,3,3
A120,A,17,101,7,"1,3,2",25,probe,0.19200000166893005,1.0,0.2160000056028366,-0.024000003933906555,1.0,1.0,0.8665666645392776,0.808666663399587,3,3
A120,A,17,101,8,"1,3,4",25,probe,0.20800000429153442,1.0,0.12800000607967377,0.07999999821186066,1.0,1.0,0.8665666645392776,0.808666663399587,3,3
A120,A,17,101,9,"1,4,1",25,probe,0.19200000166893005,1.0,0.23200000822544098,-0.040000006556510925,1.0,1.0,0.8665666645392776,0.808666663399587,3,3
A120,A,17,101,0,"0,1,1",25,finetune,0.13600000739097595,1.0,0.18400001525878906,-0.04800000786781311,1.0,1.0,0.8665666645392776,0.808666663399587,3,2
A120,A,17,101,1,"1,1,3",25,finetune,0.24000000953674316,1.0,0.20000000298023224,0.040000006556510925,1.0,1.0,0.8665666645392776,0.808666663399587,3,3
A120,A,17,101,2,"1,1,4",25,finetune,0.4400000274181366,1.0,0.9920000433921814,-0.5520000159740448,1.0,1.0,0.8665666645392776,0.808666663399587,3,3
A120,A,17,101,3,"1,2,2",25,finetune,0.20800000429153442,1.0,0.320000022649765,-0.11200001835823059,1.0,1.0,0.8665666645392776,0.808666663399587,3,2
A120,A,17,101,4,"1,2,3",25,finetune,0.18400001525878906,1.0,0.25600001215934753,-0.07199999690055847,1.0,1.0,0.8665666645392776,0.808666663399587,3,2
A120,A,17,101,5,"1,2,4",25,finetune,0.24000000953674316,1.0,0.18400001525878906,0.0559999942779541,1.0,1.0,0.8665666645392776,0.808666663399587,3,2
A120,A,17,101,6,"1,3,1",25,finetune,0.15200001001358032,1.0,0.12800000607967377,0.024000003933906555,1.0,1.0,0.8665666645392776,0.808666663399587,3,3
A120,A,17,101,7,"1,3,2",25,finetune,0.20000000298023224,1.0,0.1680000126361847,0.031999990344047546,1.0,1.0,0.8665666645392776,0.808666663399587,3,3
A120,A,17,101,8,"1,3,4",25,finetune,0.20800000429153442,1.0,0.13600000739097595,0.07199999690055847,1.0,1.0,0.8665666645392776,0.808666663399587,3,3
A120,A,17,101,9,"1,4,1",25,finetune,0.20800000429153442,1.0,0.2160000056028366,-0.008000001311302185,1.0,1.0,0.8665666645392776,0.808666663399587,3,3
A120,A,17,101,0,"0,1,1",50,probe,0.12800000607967377,1.0,0.13600000739097595,-0.008000001311302185,1.0,1.0,0.8665666645392776,0.808666663399587,3,2
A120,A,17,101,1,"1,1,3",50,probe,0.19200000166893005,1.0,0.20800000429153442,-0.01600000262260437,1.0,1.0,0.8665666645392776,0.808666663399587,3,3
A120,A,17,101,2,"1,1,4",50,probe,0.2880000174045563,1.0,0.968000054359436,-0.6800000369548798,1.0,1.0,0.8665666645392776,0.808666663399587,3,3
A120,A,17,101,3,"1,2,2",50,probe,0.2800000011920929,1.0,0.29600000381469727,-0.01600000262260437,1.0,1.0,0.8665666645392776,0.808666663399587,3,2
A120,A,17,101,4,"1,2,3",50,probe,0.17600001394748688,1.0,0.24800001084804535,-0.07199999690055847,1.0,1.0,0.8665666645392776,0.808666663399587,3,2
A120,A,17,101,5,"1,2,4",50,probe,0.20000000298023224,1.0,0.1680000126361847,0.031999990344047546,1.0,1.0,0.8665666645392776,0.808666663399587,3,2
A120,A,17,101,6,"1,3,1",50,probe,0.14400000870227814,1.0,0.13600000739097595,0.008000001311302185,1.0,1.0,0.8665666645392776,0.808666663399587,3,3
A120,A,17,101,7,"1,3,2",50,probe,0.17600001394748688,1.0,0.1600000113248825,0.01600000262260437,1.0,1.0,0.8665666645392776,0.808666663399587,3,3
A120,A,17,101,8,"1,3,4",50,probe,0.15200001001358032,1.0,0.15200001001358032,0.0,1.0,1.0,0.8665666645392776,0.808666663399587,3,3
A120,A,17,101,9,"1,4,1",50,probe,0.12800000607967377,1.0,0.17600001394748688,-0.04800000786781311,1.0,1.0,0.8665666645392776,0.808666663399587,3,3
A120,A,17,101,0,"0,1,1",50,finetune,0.1680000126361847,1.0,0.12800000607967377,0.040000006556510925,1.0,1.0,0.8665666645392776,0.808666663399587,3,2
A120,A,17,101,1,"1,1,3",50,finetune,0.20800000429153442,1.0,0.2160000056028366,-0.008000001311302185,1.0,1.0,0.8665666645392776,0.808666663399587,3,3
A120,A,17,101,2,"1,1,4",50,finetune,0.5920000076293945,1.0,1.0,-0.40799999237060547,1.0,1.0,0.8665666645392776,0.808666663399587,3,3
A120,A,17,101,3,"1,2,2",50,finetune,0.25600001215934753,1.0,0.2720000147819519,-0.01600000262260437,1.0,1.0,0.8665666645392776,0.808666663399587,3,2
A120,A,17,101,4,"1,2,3",50,finetune,0.2160000056028366,1.0,0.24000000953674316,-0.024000003933906555,1.0,1.0,0.8665666645392776,0.808666663399587,3,2
A120,A,17,101,5,"1,2,4",50,finetune,0.1600000113248825,1.0,0.12000000476837158,0.040000006556510925,1.0,1.0,0.8665666645392776,0.808666663399587,3,2
A120,A,17,101,6,"1,3,1",50,finetune,0.14400000870227814,1.0,0.1120000034570694,0.03200000524520874,1.0,1.0,0.8665666645392776,0.808666663399587,3,3
A120,A,17,101,7,"1,3,2",50,finetune,0.2160000056028366,1.0,0.15200001001358032,0.06399999558925629,1.0,1.0,0.8665666645392776,0.808666663399587,3,3
A120,A,17,101,8,"1,3,4",50,finetune,0.13600000739097595,1.0,0.14400000870227814,-0.008000001311302185,1.0,1.0,0.8665666645392776,0.808666663399587,3,3
A120,A,17,101,9,"1,4,1",50,finetune,0.2720000147819519,1.0,0.18400001525878906,0.08799999952316284,1.0,1.0,0.8665666645392776,0.808666663399587,3,3
A120,A,42,42,0,"0,1,1",10,probe,0.14400000870227814,1.0,0.1600000113248825,-0.01600000262260437,1.0,1.0,0.8918666661096116,0.8581333292337755,3,2
A120,A,42,42,1,"1,1,3",10,probe,0.14400000870227814,1.0,0.1680000126361847,-0.024000003933906555,1.0,1.0,0.8918666661096116,0.8581333292337755,3,3
A120,A,42,42,2,"1,1,4",10,probe,0.2240000069141388,1.0,0.15200001001358032,0.07199999690055847,1.0,1.0,0.8918666661096116,0.8581333292337755,3,3
A120,A,42,42,3,"1,2,2",10,probe,0.20000000298023224,1.0,0.14400000870227814,0.0559999942779541,1.0,1.0,0.8918666661096116,0.8581333292337755,3,2
A120,A,42,42,4,"1,2,3",10,probe,0.1680000126361847,1.0,0.14400000870227814,0.024000003933906555,1.0,1.0,0.8918666661096116,0.8581333292337755,3,2
A120,A,42,42,5,"1,2,4",10,probe,0.18400001525878906,1.0,0.15200001001358032,0.03200000524520874,1.0,1.0,0.8918666661096116,0.8581333292337755,3,2
A120,A,42,42,6,"1,3,1",10,probe,0.19200000166893005,1.0,0.6880000233650208,-0.4960000216960907,1.0,1.0,0.8918666661096116,0.8581333292337755,3,3
A120,A,42,42,7,"1,3,2",10,probe,0.20000000298023224,1.0,0.1600000113248825,0.03999999165534973,1.0,1.0,0.8918666661096116,0.8581333292337755,3,3
A120,A,42,42,8,"1,3,4",10,probe,0.2160000056028366,1.0,0.20000000298023224,0.01600000262260437,1.0,1.0,0.8918666661096116,0.8581333292337755,3,3
A120,A,42,42,9,"1,4,1",10,probe,0.24000000953674316,1.0,0.20000000298023224,0.040000006556510925,1.0,1.0,0.8918666661096116,0.8581333292337755,3,3
A120,A,42,42,0,"0,1,1",10,finetune,0.15200001001358032,1.0,0.17600001394748688,-0.024000003933906555,1.0,1.0,0.8918666661096116,0.8581333292337755,3,2
A120,A,42,42,1,"1,1,3",10,finetune,0.1680000126361847,1.0,0.1600000113248825,0.008000001311302185,1.0,1.0,0.8918666661096116,0.8581333292337755,3,3
A120,A,42,42,2,"1,1,4",10,finetune,0.14400000870227814,1.0,0.1120000034570694,0.03200000524520874,1.0,1.0,0.8918666661096116,0.8581333292337755,3,3
A120,A,42,42,3,"1,2,2",10,finetune,0.20800000429153442,1.0,0.18400001525878906,0.02399998903274536,1.0,1.0,0.8918666661096116,0.8581333292337755,3,2
A120,A,42,42,4,"1,2,3",10,finetune,0.17600001394748688,1.0,0.14400000870227814,0.03200000524520874,1.0,1.0,0.8918666661096116,0.8581333292337755,3,2
A120,A,42,42,5,"1,2,4",10,finetune,0.17600001394748688,1.0,0.17600001394748688,0.0,1.0,1.0,0.8918666661096116,0.8581333292337755,3,2
A120,A,42,42,6,"1,3,1",10,finetune,0.328000009059906,1.0,0.7280000448226929,-0.40000003576278687,1.0,1.0,0.8918666661096116,0.8581333292337755,3,3
A120,A,42,42,7,"1,3,2",10,finetune,0.2240000069141388,1.0,0.20800000429153442,0.01600000262260437,1.0,1.0,0.8918666661096116,0.8581333292337755,3,3
A120,A,42,42,8,"1,3,4",10,finetune,0.2639999985694885,1.0,0.2160000056028366,0.047999992966651917,1.0,1.0,0.8918666661096116,0.8581333292337755,3,3
A120,A,42,42,9,"1,4,1",10,finetune,0.24800001084804535,1.0,0.20000000298023224,0.04800000786781311,1.0,1.0,0.8918666661096116,0.8581333292337755,3,3
A120,A,42,42,0,"0,1,1",25,probe,0.19200000166893005,1.0,0.19200000166893005,0.0,1.0,1.0,0.8918666661096116,0.8581333292337755,3,2
A120,A,42,42,1,"1,1,3",25,probe,0.20000000298023224,1.0,0.10400000214576721,0.09600000083446503,1.0,1.0,0.8918666661096116,0.8581333292337755,3,3
A120,A,42,42,2,"1,1,4",25,probe,0.17600001394748688,1.0,0.1680000126361847,0.008000001311302185,1.0,1.0,0.8918666661096116,0.8581333292337755,3,3
A120,A,42,42,3,"1,2,2",25,probe,0.1600000113248825,1.0,0.12000000476837158,0.040000006556510925,1.0,1.0,0.8918666661096116,0.8581333292337755,3,2
A120,A,42,42,4,"1,2,3",25,probe,0.1680000126361847,1.0,0.1680000126361847,0.0,1.0,1.0,0.8918666661096116,0.8581333292337755,3,2
A120,A,42,42,5,"1,2,4",25,probe,0.13600000739097595,1.0,0.15200001001358032,-0.01600000262260437,1.0,1.0,0.8918666661096116,0.8581333292337755,3,2
A120,A,42,42,6,"1,3,1",25,probe,0.24000000953674316,1.0,0.9520000219345093,-0.7120000123977661,1.0,1.0,0.8918666661096116,0.8581333292337755,3,3
A120,A,42,42,7,"1,3,2",25,probe,0.2240000069141388,1.0,0.18400001525878906,0.03999999165534973,1.0,1.0,0.8918666661096116,0.8581333292337755,3,3
A120,A,42,42,8,"1,3,4",25,probe,0.23200000822544098,1.0,0.2160000056028366,0.01600000262260437,1.0,1.0,0.8918666661096116,0.8581333292337755,3,3
A120,A,42,42,9,"1,4,1",25,probe,0.1680000126361847,1.0,0.14400000870227814,0.024000003933906555,1.0,1.0,0.8918666661096116,0.8581333292337755,3,3
A120,A,42,42,0,"0,1,1",25,finetune,0.17600001394748688,1.0,0.24000000953674316,-0.06399999558925629,1.0,1.0,0.8918666661096116,0.8581333292337755,3,2
A120,A,42,42,1,"1,1,3",25,finetune,0.1680000126361847,1.0,0.10400000214576721,0.06400001049041748,1.0,1.0,0.8918666661096116,0.8581333292337755,3,3
A120,A,42,42,2,"1,1,4",25,finetune,0.13600000739097595,1.0,0.15200001001358032,-0.01600000262260437,1.0,1.0,0.8918666661096116,0.8581333292337755,3,3
A120,A,42,42,3,"1,2,2",25,finetune,0.2240000069141388,1.0,0.12000000476837158,0.10400000214576721,1.0,1.0,0.8918666661096116,0.8581333292337755,3,2
A120,A,42,42,4,"1,2,3",25,finetune,0.15200001001358032,1.0,0.1680000126361847,-0.01600000262260437,1.0,1.0,0.8918666661096116,0.8581333292337755,3,2
A120,A,42,42,5,"1,2,4",25,finetune,0.1680000126361847,1.0,0.13600000739097595,0.03200000524520874,1.0,1.0,0.8918666661096116,0.8581333292337755,3,2
A120,A,42,42,6,"1,3,1",25,finetune,0.35200002789497375,1.0,0.984000027179718,-0.6319999992847443,1.0,1.0,0.8918666661096116,0.8581333292337755,3,3
A120,A,42,42,7,"1,3,2",25,finetune,0.15200001001358032,1.0,0.19200000166893005,-0.03999999165534973,1.0,1.0,0.8918666661096116,0.8581333292337755,3,3
A120,A,42,42,8,"1,3,4",25,finetune,0.35200002789497375,1.0,0.2240000069141388,0.12800002098083496,1.0,1.0,0.8918666661096116,0.8581333292337755,3,3
A120,A,42,42,9,"1,4,1",25,finetune,0.1680000126361847,1.0,0.15200001001358032,0.01600000262260437,1.0,1.0,0.8918666661096116,0.8581333292337755,3,3
A120,A,42,42,0,"0,1,1",50,probe,0.24000000953674316,1.0,0.18400001525878906,0.0559999942779541,1.0,1.0,0.8918666661096116,0.8581333292337755,3,2
A120,A,42,42,1,"1,1,3",50,probe,0.10400000214576721,1.0,0.15200001001358032,-0.04800000786781311,1.0,1.0,0.8918666661096116,0.8581333292337755,3,3
A120,A,42,42,2,"1,1,4",50,probe,0.19200000166893005,1.0,0.1600000113248825,0.031999990344047546,1.0,1.0,0.8918666661096116,0.8581333292337755,3,3
A120,A,42,42,3,"1,2,2",50,probe,0.18400001525878906,1.0,0.13600000739097595,0.04800000786781311,1.0,1.0,0.8918666661096116,0.8581333292337755,3,2
A120,A,42,42,4,"1,2,3",50,probe,0.20000000298023224,1.0,0.25600001215934753,-0.056000009179115295,1.0,1.0,0.8918666661096116,0.8581333292337755,3,2
A120,A,42,42,5,"1,2,4",50,probe,0.17600001394748688,1.0,0.2160000056028366,-0.03999999165534973,1.0,1.0,0.8918666661096116,0.8581333292337755,3,2
A120,A,42,42,6,"1,3,1",50,probe,0.20800000429153442,1.0,1.0,-0.7919999957084656,1.0,1.0,0.8918666661096116,0.8581333292337755,3,3
A120,A,42,42,7,"1,3,2",50,probe,0.18400001525878906,1.0,0.19200000166893005,-0.007999986410140991,1.0,1.0,0.8918666661096116,0.8581333292337755,3,3
A120,A,42,42,8,"1,3,4",50,probe,0.2160000056028366,1.0,0.31200000643730164,-0.09600000083446503,1.0,1.0,0.8918666661096116,0.8581333292337755,3,3
A120,A,42,42,9,"1,4,1",50,probe,0.20800000429153442,1.0,0.18400001525878906,0.02399998903274536,1.0,1.0,0.8918666661096116,0.8581333292337755,3,3
A120,A,42,42,0,"0,1,1",50,finetune,0.1600000113248825,1.0,0.15200001001358032,0.008000001311302185,1.0,1.0,0.8918666661096116,0.8581333292337755,3,2
A120,A,42,42,1,"1,1,3",50,finetune,0.1680000126361847,1.0,0.1600000113248825,0.008000001311302185,1.0,1.0,0.8918666661096116,0.8581333292337755,3,3
A120,A,42,42,2,"1,1,4",50,finetune,0.12000000476837158,1.0,0.1680000126361847,-0.04800000786781311,1.0,1.0,0.8918666661096116,0.8581333292337755,3,3
A120,A,42,42,3,"1,2,2",50,finetune,0.15200001001358032,1.0,0.12800000607967377,0.024000003933906555,1.0,1.0,0.8918666661096116,0.8581333292337755,3,2
A120,A,42,42,4,"1,2,3",50,finetune,0.1680000126361847,1.0,0.24800001084804535,-0.07999999821186066,1.0,1.0,0.8918666661096116,0.8581333292337755,3,2
A120,A,42,42,5,"1,2,4",50,finetune,0.17600001394748688,1.0,0.17600001394748688,0.0,1.0,1.0,0.8918666661096116,0.8581333292337755,3,2
A120,A,42,42,6,"1,3,1",50,finetune,0.4880000352859497,1.0,1.0,-0.5119999647140503,1.0,1.0,0.8918666661096116,0.8581333292337755,3,3
A120,A,42,42,7,"1,3,2",50,finetune,0.1600000113248825,1.0,0.23200000822544098,-0.07199999690055847,1.0,1.0,0.8918666661096116,0.8581333292337755,3,3
A120,A,42,42,8,"1,3,4",50,finetune,0.4240000247955322,1.0,0.35200002789497375,0.07199999690055847,1.0,1.0,0.8918666661096116,0.8581333292337755,3,3
A120,A,42,42,9,"1,4,1",50,finetune,0.20000000298023224,1.0,0.18400001525878906,0.015999987721443176,1.0,1.0,0.8918666661096116,0.8581333292337755,3,3
A120,A,42,101,0,"0,1,1",10,probe,0.2240000069141388,1.0,0.17600001394748688,0.047999992966651917,1.0,1.0,0.9008333327559134,0.8540833295943837,3,2
A120,A,42,101,1,"1,1,3",10,probe,0.1600000113248825,1.0,0.12000000476837158,0.040000006556510925,1.0,1.0,0.9008333327559134,0.8540833295943837,3,3
A120,A,42,101,2,"1,1,4",10,probe,0.20000000298023224,1.0,0.12000000476837158,0.07999999821186066,1.0,1.0,0.9008333327559134,0.8540833295943837,3,3
A120,A,42,101,3,"1,2,2",10,probe,0.18400001525878906,1.0,0.17600001394748688,0.008000001311302185,1.0,1.0,0.9008333327559134,0.8540833295943837,3,2
A120,A,42,101,4,"1,2,3",10,probe,0.2160000056028366,1.0,0.18400001525878906,0.031999990344047546,1.0,1.0,0.9008333327559134,0.8540833295943837,3,2
A120,A,42,101,5,"1,2,4",10,probe,0.2160000056028366,1.0,0.1600000113248825,0.0559999942779541,1.0,1.0,0.9008333327559134,0.8540833295943837,3,2
A120,A,42,101,6,"1,3,1",10,probe,0.19200000166893005,1.0,0.6480000019073486,-0.4560000002384186,1.0,1.0,0.9008333327559134,0.8540833295943837,3,3
A120,A,42,101,7,"1,3,2",10,probe,0.20000000298023224,1.0,0.20000000298023224,0.0,1.0,1.0,0.9008333327559134,0.8540833295943837,3,3
A120,A,42,101,8,"1,3,4",10,probe,0.19200000166893005,1.0,0.17600001394748688,0.015999987721443176,1.0,1.0,0.9008333327559134,0.8540833295943837,3,3
A120,A,42,101,9,"1,4,1",10,probe,0.18400001525878906,1.0,0.20000000298023224,-0.015999987721443176,1.0,1.0,0.9008333327559134,0.8540833295943837,3,3
A120,A,42,101,0,"0,1,1",10,finetune,0.24000000953674316,1.0,0.19200000166893005,0.04800000786781311,1.0,1.0,0.9008333327559134,0.8540833295943837,3,2
A120,A,42,101,1,"1,1,3",10,finetune,0.1680000126361847,1.0,0.17600001394748688,-0.008000001311302185,1.0,1.0,0.9008333327559134,0.8540833295943837,3,3
A120,A,42,101,2,"1,1,4",10,finetune,0.20000000298023224,1.0,0.1120000034570694,0.08799999952316284,1.0,1.0,0.9008333327559134,0.8540833295943837,3,3
A120,A,42,101,3,"1,2,2",10,finetune,0.19200000166893005,1.0,0.1680000126361847,0.02399998903274536,1.0,1.0,0.9008333327559134,0.8540833295943837,3,2
A120,A,42,101,4,"1,2,3",10,finetune,0.18400001525878906,1.0,0.18400001525878906,0.0,1.0,1.0,0.9008333327559134,0.8540833295943837,3,2
A120,A,42,101,5,"1,2,4",10,finetune,0.2160000056028366,1.0,0.14400000870227814,0.07199999690055847,1.0,1.0,0.9008333327559134,0.8540833295943837,3,2
A120,A,42,101,6,"1,3,1",10,finetune,0.3440000116825104,1.0,0.7440000176429749,-0.4000000059604645,1.0,1.0,0.9008333327559134,0.8540833295943837,3,3
A120,A,42,101,7,"1,3,2",10,finetune,0.20000000298023224,1.0,0.19200000166893005,0.008000001311302185,1.0,1.0,0.9008333327559134,0.8540833295943837,3,3
A120,A,42,101,8,"1,3,4",10,finetune,0.2720000147819519,1.0,0.2240000069141388,0.04800000786781311,1.0,1.0,0.9008333327559134,0.8540833295943837,3,3
A120,A,42,101,9,"1,4,1",10,finetune,0.19200000166893005,1.0,0.19200000166893005,0.0,1.0,1.0,0.9008333327559134,0.8540833295943837,3,3
A120,A,42,101,0,"0,1,1",25,probe,0.18400001525878906,1.0,0.24800001084804535,-0.06399999558925629,1.0,1.0,0.9008333327559134,0.8540833295943837,3,2
A120,A,42,101,1,"1,1,3",25,probe,0.2160000056028366,1.0,0.09600000083446503,0.12000000476837158,1.0,1.0,0.9008333327559134,0.8540833295943837,3,3
A120,A,42,101,2,"1,1,4",25,probe,0.15200001001358032,1.0,0.1600000113248825,-0.008000001311302185,1.0,1.0,0.9008333327559134,0.8540833295943837,3,3
A120,A,42,101,3,"1,2,2",25,probe,0.18400001525878906,1.0,0.1680000126361847,0.01600000262260437,1.0,1.0,0.9008333327559134,0.8540833295943837,3,2
A120,A,42,101,4,"1,2,3",25,probe,0.1600000113248825,1.0,0.17600001394748688,-0.01600000262260437,1.0,1.0,0.9008333327559134,0.8540833295943837,3,2
A120,A,42,101,5,"1,2,4",25,probe,0.18400001525878906,1.0,0.13600000739097595,0.04800000786781311,1.0,1.0,0.9008333327559134,0.8540833295943837,3,2
A120,A,42,101,6,"1,3,1",25,probe,0.2240000069141388,1.0,0.8560000658035278,-0.632000058889389,1.0,1.0,0.9008333327559134,0.8540833295943837,3,3
A120,A,42,101,7,"1,3,2",25,probe,0.18400001525878906,1.0,0.15200001001358032,0.03200000524520874,1.0,1.0,0.9008333327559134,0.8540833295943837,3,3
A120,A,42,101,8,"1,3,4",25,probe,0.2240000069141388,1.0,0.23200000822544098,-0.008000001311302185,1.0,1.0,0.9008333327559134,0.8540833295943837,3,3
A120,A,42,101,9,"1,4,1",25,probe,0.19200000166893005,1.0,0.20000000298023224,-0.008000001311302185,1.0,1.0,0.9008333327559134,0.8540833295943837,3,3
A120,A,42,101,0,"0,1,1",25,finetune,0.18400001525878906,1.0,0.20800000429153442,-0.02399998903274536,1.0,1.0,0.9008333327559134,0.8540833295943837,3,2
A120,A,42,101,1,"1,1,3",25,finetune,0.14400000870227814,1.0,0.10400000214576721,0.040000006556510925,1.0,1.0,0.9008333327559134,0.8540833295943837,3,3
A120,A,42,101,2,"1,1,4",25,finetune,0.14400000870227814,1.0,0.13600000739097595,0.008000001311302185,1.0,1.0,0.9008333327559134,0.8540833295943837,3,3
A120,A,42,101,3,"1,2,2",25,finetune,0.1120000034570694,1.0,0.14400000870227814,-0.03200000524520874,1.0,1.0,0.9008333327559134,0.8540833295943837,3,2
A120,A,42,101,4,"1,2,3",25,finetune,0.18400001525878906,1.0,0.17600001394748688,0.008000001311302185,1.0,1.0,0.9008333327559134,0.8540833295943837,3,2
A120,A,42,101,5,"1,2,4",25,finetune,0.17600001394748688,1.0,0.14400000870227814,0.03200000524520874,1.0,1.0,0.9008333327559134,0.8540833295943837,3,2
A120,A,42,101,6,"1,3,1",25,finetune,0.40800002217292786,1.0,0.9440000653266907,-0.5360000431537628,1.0,1.0,0.9008333327559134,0.8540833295943837,3,3
A120,A,42,101,7,"1,3,2",25,finetune,0.15200001001358032,1.0,0.1600000113248825,-0.008000001311302185,1.0,1.0,0.9008333327559134,0.8540833295943837,3,3
A120,A,42,101,8,"1,3,4",25,finetune,0.35200002789497375,1.0,0.20800000429153442,0.14400002360343933,1.0,1.0,0.9008333327559134,0.8540833295943837,3,3
A120,A,42,101,9,"1,4,1",25,finetune,0.18400001525878906,1.0,0.18400001525878906,0.0,1.0,1.0,0.9008333327559134,0.8540833295943837,3,3
A120,A,42,101,0,"0,1,1",50,probe,0.17600001394748688,1.0,0.14400000870227814,0.03200000524520874,1.0,1.0,0.9008333327559134,0.8540833295943837,3,2
A120,A,42,101,1,"1,1,3",50,probe,0.20000000298023224,1.0,0.15200001001358032,0.047999992966651917,1.0,1.0,0.9008333327559134,0.8540833295943837,3,3
A120,A,42,101,2,"1,1,4",50,probe,0.1120000034570694,1.0,0.1680000126361847,-0.056000009179115295,1.0,1.0,0.9008333327559134,0.8540833295943837,3,3
A120,A,42,101,3,"1,2,2",50,probe,0.19200000166893005,1.0,0.19200000166893005,0.0,1.0,1.0,0.9008333327559134,0.8540833295943837,3,2
A120,A,42,101,4,"1,2,3",50,probe,0.17600001394748688,1.0,0.2639999985694885,-0.08799998462200165,1.0,1.0,0.9008333327559134,0.8540833295943837,3,2
A120,A,42,101,5,"1,2,4",50,probe,0.12000000476837158,1.0,0.18400001525878906,-0.06400001049041748,1.0,1.0,0.9008333327559134,0.8540833295943837,3,2
A120,A,42,101,6,"1,3,1",50,probe,0.2160000056028366,1.0,1.0,-0.7839999943971634,1.0,1.0,0.9008333327559134,0.8540833295943837,3,3
A120,A,42,101,7,"1,3,2",50,probe,0.1600000113248825,1.0,0.20800000429153442,-0.047999992966651917,1.0,1.0,0.9008333327559134,0.8540833295943837,3,3
A120,A,42,101,8,"1,3,4",50,probe,0.18400001525878906,1.0,0.320000022649765,-0.13600000739097595,1.0,1.0,0.9008333327559134,0.8540833295943837,3,3
A120,A,42,101,9,"1,4,1",50,probe,0.17600001394748688,1.0,0.20000000298023224,-0.02399998903274536,1.0,1.0,0.9008333327559134,0.8540833295943837,3,3
A120,A,42,101,0,"0,1,1",50,finetune,0.15200001001358032,1.0,0.13600000739097595,0.01600000262260437,1.0,1.0,0.9008333327559134,0.8540833295943837,3,2
A120,A,42,101,1,"1,1,3",50,finetune,0.13600000739097595,1.0,0.14400000870227814,-0.008000001311302185,1.0,1.0,0.9008333327559134,0.8540833295943837,3,3
A120,A,42,101,2,"1,1,4",50,finetune,0.13600000739097595,1.0,0.18400001525878906,-0.04800000786781311,1.0,1.0,0.9008333327559134,0.8540833295943837,3,3
A120,A,42,101,3,"1,2,2",50,finetune,0.10400000214576721,1.0,0.14400000870227814,-0.040000006556510925,1.0,1.0,0.9008333327559134,0.8540833295943837,3,2
A120,A,42,101,4,"1,2,3",50,finetune,0.18400001525878906,1.0,0.24000000953674316,-0.0559999942779541,1.0,1.0,0.9008333327559134,0.8540833295943837,3,2
A120,A,42,101,5,"1,2,4",50,finetune,0.17600001394748688,1.0,0.18400001525878906,-0.008000001311302185,1.0,1.0,0.9008333327559134,0.8540833295943837,3,2
A120,A,42,101,6,"1,3,1",50,finetune,0.64000004529953,1.0,1.0,-0.35999995470046997,1.0,1.0,0.9008333327559134,0.8540833295943837,3,3
A120,A,42,101,7,"1,3,2",50,finetune,0.13600000739097595,1.0,0.20800000429153442,-0.07199999690055847,1.0,1.0,0.9008333327559134,0.8540833295943837,3,3
A120,A,42,101,8,"1,3,4",50,finetune,0.36000001430511475,1.0,0.3920000195503235,-0.03200000524520874,1.0,1.0,0.9008333327559134,0.8540833295943837,3,3
A120,A,42,101,9,"1,4,1",50,finetune,0.18400001525878906,1.0,0.20000000298023224,-0.015999987721443176,1.0,1.0,0.9008333327559134,0.8540833295943837,3,3
A120,A,101,42,0,"0,1,1",10,probe,0.2240000069141388,1.0,0.20000000298023224,0.024000003933906555,1.0,1.0,0.8769333317565421,0.8662499971687793,3,2
A120,A,101,42,1,"1,1,3",10,probe,0.2160000056028366,1.0,0.24000000953674316,-0.024000003933906555,1.0,1.0,0.8769333317565421,0.8662499971687793,3,3
A120,A,101,42,2,"1,1,4",10,probe,0.19200000166893005,1.0,0.2240000069141388,-0.03200000524520874,1.0,1.0,0.8769333317565421,0.8662499971687793,3,3
A120,A,101,42,3,"1,2,2",10,probe,0.2240000069141388,1.0,0.19200000166893005,0.03200000524520874,1.0,1.0,0.8769333317565421,0.8662499971687793,3,2
A120,A,101,42,4,"1,2,3",10,probe,0.20800000429153442,1.0,0.1680000126361847,0.03999999165534973,1.0,1.0,0.8769333317565421,0.8662499971687793,3,2
A120,A,101,42,5,"1,2,4",10,probe,0.2160000056028366,1.0,0.2240000069141388,-0.008000001311302185,1.0,1.0,0.8769333317565421,0.8662499971687793,3,2
A120,A,101,42,6,"1,3,1",10,probe,0.24000000953674316,1.0,0.20000000298023224,0.040000006556510925,1.0,1.0,0.8769333317565421,0.8662499971687793,3,3
A120,A,101,42,7,"1,3,2",10,probe,0.19200000166893005,1.0,0.7520000338554382,-0.5600000321865082,1.0,1.0,0.8769333317565421,0.8662499971687793,3,3
A120,A,101,42,8,"1,3,4",10,probe,0.23200000822544098,1.0,0.1680000126361847,0.06399999558925629,1.0,1.0,0.8769333317565421,0.8662499971687793,3,3
A120,A,101,42,9,"1,4,1",10,probe,0.17600001394748688,1.0,0.1680000126361847,0.008000001311302185,1.0,1.0,0.8769333317565421,0.8662499971687793,3,3
A120,A,101,42,0,"0,1,1",10,finetune,0.2160000056028366,1.0,0.17600001394748688,0.03999999165534973,1.0,1.0,0.8769333317565421,0.8662499971687793,3,2
A120,A,101,42,1,"1,1,3",10,finetune,0.1680000126361847,1.0,0.23200000822544098,-0.06399999558925629,1.0,1.0,0.8769333317565421,0.8662499971687793,3,3
A120,A,101,42,2,"1,1,4",10,finetune,0.2720000147819519,1.0,0.23200000822544098,0.040000006556510925,1.0,1.0,0.8769333317565421,0.8662499971687793,3,3
A120,A,101,42,3,"1,2,2",10,finetune,0.24000000953674316,1.0,0.17600001394748688,0.06399999558925629,1.0,1.0,0.8769333317565421,0.8662499971687793,3,2
A120,A,101,42,4,"1,2,3",10,finetune,0.19200000166893005,1.0,0.19200000166893005,0.0,1.0,1.0,0.8769333317565421,0.8662499971687793,3,2
A120,A,101,42,5,"1,2,4",10,finetune,0.20000000298023224,1.0,0.2240000069141388,-0.024000003933906555,1.0,1.0,0.8769333317565421,0.8662499971687793,3,2
A120,A,101,42,6,"1,3,1",10,finetune,0.2240000069141388,1.0,0.20000000298023224,0.024000003933906555,1.0,1.0,0.8769333317565421,0.8662499971687793,3,3
A120,A,101,42,7,"1,3,2",10,finetune,0.3360000252723694,1.0,0.8160000443458557,-0.48000001907348633,1.0,1.0,0.8769333317565421,0.8662499971687793,3,3
A120,A,101,42,8,"1,3,4",10,finetune,0.18400001525878906,1.0,0.13600000739097595,0.04800000786781311,1.0,1.0,0.8769333317565421,0.8662499971687793,3,3
A120,A,101,42,9,"1,4,1",10,finetune,0.15200001001358032,1.0,0.1600000113248825,-0.008000001311302185,1.0,1.0,0.8769333317565421,0.8662499971687793,3,3
A120,A,101,42,0,"0,1,1",25,probe,0.2240000069141388,1.0,0.19200000166893005,0.03200000524520874,1.0,1.0,0.8769333317565421,0.8662499971687793,3,2
A120,A,101,42,1,"1,1,3",25,probe,0.17600001394748688,1.0,0.25600001215934753,-0.07999999821186066,1.0,1.0,0.8769333317565421,0.8662499971687793,3,3
A120,A,101,42,2,"1,1,4",25,probe,0.17600001394748688,1.0,0.20800000429153442,-0.031999990344047546,1.0,1.0,0.8769333317565421,0.8662499971687793,3,3
A120,A,101,42,3,"1,2,2",25,probe,0.20000000298023224,1.0,0.1680000126361847,0.031999990344047546,1.0,1.0,0.8769333317565421,0.8662499971687793,3,2
A120,A,101,42,4,"1,2,3",25,probe,0.20800000429153442,1.0,0.18400001525878906,0.02399998903274536,1.0,1.0,0.8769333317565421,0.8662499971687793,3,2
A120,A,101,42,5,"1,2,4",25,probe,0.23200000822544098,1.0,0.20000000298023224,0.03200000524520874,1.0,1.0,0.8769333317565421,0.8662499971687793,3,2
A120,A,101,42,6,"1,3,1",25,probe,0.20000000298023224,1.0,0.2240000069141388,-0.024000003933906555,1.0,1.0,0.8769333317565421,0.8662499971687793,3,3
A120,A,101,42,7,"1,3,2",25,probe,0.2720000147819519,1.0,0.9280000329017639,-0.656000018119812,1.0,1.0,0.8769333317565421,0.8662499971687793,3,3
A120,A,101,42,8,"1,3,4",25,probe,0.25600001215934753,1.0,0.17600001394748688,0.07999999821186066,1.0,1.0,0.8769333317565421,0.8662499971687793,3,3
A120,A,101,42,9,"1,4,1",25,probe,0.13600000739097595,1.0,0.13600000739097595,0.0,1.0,1.0,0.8769333317565421,0.8662499971687793,3,3
A120,A,101,42,0,"0,1,1",25,finetune,0.17600001394748688,1.0,0.17600001394748688,0.0,1.0,1.0,0.8769333317565421,0.8662499971687793,3,2
A120,A,101,42,1,"1,1,3",25,finetune,0.17600001394748688,1.0,0.23200000822544098,-0.0559999942779541,1.0,1.0,0.8769333317565421,0.8662499971687793,3,3
A120,A,101,42,2,"1,1,4",25,finetune,0.18400001525878906,1.0,0.20000000298023224,-0.015999987721443176,1.0,1.0,0.8769333317565421,0.8662499971687793,3,3
A120,A,101,42,3,"1,2,2",25,finetune,0.19200000166893005,1.0,0.1600000113248825,0.031999990344047546,1.0,1.0,0.8769333317565421,0.8662499971687793,3,2
A120,A,101,42,4,"1,2,3",25,finetune,0.12800000607967377,1.0,0.17600001394748688,-0.04800000786781311,1.0,1.0,0.8769333317565421,0.8662499971687793,3,2
A120,A,101,42,5,"1,2,4",25,finetune,0.18400001525878906,1.0,0.23200000822544098,-0.047999992966651917,1.0,1.0,0.8769333317565421,0.8662499971687793,3,2
A120,A,101,42,6,"1,3,1",25,finetune,0.18400001525878906,1.0,0.20800000429153442,-0.02399998903274536,1.0,1.0,0.8769333317565421,0.8662499971687793,3,3
A120,A,101,42,7,"1,3,2",25,finetune,0.46400001645088196,1.0,0.984000027179718,-0.5200000107288361,1.0,1.0,0.8769333317565421,0.8662499971687793,3,3
A120,A,101,42,8,"1,3,4",25,finetune,0.14400000870227814,1.0,0.1600000113248825,-0.01600000262260437,1.0,1.0,0.8769333317565421,0.8662499971687793,3,3
A120,A,101,42,9,"1,4,1",25,finetune,0.15200001001358032,1.0,0.13600000739097595,0.01600000262260437,1.0,1.0,0.8769333317565421,0.8662499971687793,3,3
A120,A,101,42,0,"0,1,1",50,probe,0.19200000166893005,1.0,0.20800000429153442,-0.01600000262260437,1.0,1.0,0.8769333317565421,0.8662499971687793,3,2
A120,A,101,42,1,"1,1,3",50,probe,0.2160000056028366,1.0,0.23200000822544098,-0.01600000262260437,1.0,1.0,0.8769333317565421,0.8662499971687793,3,3
A120,A,101,42,2,"1,1,4",50,probe,0.19200000166893005,1.0,0.1120000034570694,0.07999999821186066,1.0,1.0,0.8769333317565421,0.8662499971687793,3,3
A120,A,101,42,3,"1,2,2",50,probe,0.2240000069141388,1.0,0.10400000214576721,0.12000000476837158,1.0,1.0,0.8769333317565421,0.8662499971687793,3,2
A120,A,101,42,4,"1,2,3",50,probe,0.1600000113248825,1.0,0.1600000113248825,0.0,1.0,1.0,0.8769333317565421,0.8662499971687793,3,2
A120,A,101,42,5,"1,2,4",50,probe,0.20000000298023224,1.0,0.1600000113248825,0.03999999165534973,1.0,1.0,0.8769333317565421,0.8662499971687793,3,2
A120,A,101,42,6,"1,3,1",50,probe,0.19200000166893005,1.0,0.17600001394748688,0.015999987721443176,1.0,1.0,0.8769333317565421,0.8662499971687793,3,3
A120,A,101,42,7,"1,3,2",50,probe,0.2240000069141388,1.0,1.0,-0.7759999930858612,1.0,1.0,0.8769333317565421,0.8662499971687793,3,3
A120,A,101,42,8,"1,3,4",50,probe,0.20800000429153442,1.0,0.1600000113248825,0.047999992966651917,1.0,1.0,0.8769333317565421,0.8662499971687793,3,3
A120,A,101,42,9,"1,4,1",50,probe,0.1680000126361847,1.0,0.14400000870227814,0.024000003933906555,1.0,1.0,0.8769333317565421,0.8662499971687793,3,3
A120,A,101,42,0,"0,1,1",50,finetune,0.13600000739097595,1.0,0.1680000126361847,-0.03200000524520874,1.0,1.0,0.8769333317565421,0.8662499971687793,3,2
A120,A,101,42,1,"1,1,3",50,finetune,0.24800001084804535,1.0,0.23200000822544098,0.01600000262260437,1.0,1.0,0.8769333317565421,0.8662499971687793,3,3
A120,A,101,42,2,"1,1,4",50,finetune,0.1600000113248825,1.0,0.12000000476837158,0.040000006556510925,1.0,1.0,0.8769333317565421,0.8662499971687793,3,3
A120,A,101,42,3,"1,2,2",50,finetune,0.10400000214576721,1.0,0.10400000214576721,0.0,1.0,1.0,0.8769333317565421,0.8662499971687793,3,2
A120,A,101,42,4,"1,2,3",50,finetune,0.2240000069141388,1.0,0.20800000429153442,0.01600000262260437,1.0,1.0,0.8769333317565421,0.8662499971687793,3,2
A120,A,101,42,5,"1,2,4",50,finetune,0.15200001001358032,1.0,0.17600001394748688,-0.024000003933906555,1.0,1.0,0.8769333317565421,0.8662499971687793,3,2
A120,A,101,42,6,"1,3,1",50,finetune,0.15200001001358032,1.0,0.15200001001358032,0.0,1.0,1.0,0.8769333317565421,0.8662499971687793,3,3
A120,A,101,42,7,"1,3,2",50,finetune,0.6720000505447388,1.0,1.0,-0.32799994945526123,1.0,1.0,0.8769333317565421,0.8662499971687793,3,3
A120,A,101,42,8,"1,3,4",50,finetune,0.17600001394748688,1.0,0.1600000113248825,0.01600000262260437,1.0,1.0,0.8769333317565421,0.8662499971687793,3,3
A120,A,101,42,9,"1,4,1",50,finetune,0.1120000034570694,1.0,0.15200001001358032,-0.040000006556510925,1.0,1.0,0.8769333317565421,0.8662499971687793,3,3
A120,A,101,101,0,"0,1,1",10,probe,0.2160000056028366,1.0,0.14400000870227814,0.07199999690055847,1.0,1.0,0.8801666640986999,0.8731499958472948,3,2
A120,A,101,101,1,"1,1,3",10,probe,0.25600001215934753,1.0,0.2720000147819519,-0.01600000262260437,1.0,1.0,0.8801666640986999,0.8731499958472948,3,3
A120,A,101,101,2,"1,1,4",10,probe,0.1600000113248825,1.0,0.19200000166893005,-0.031999990344047546,1.0,1.0,0.8801666640986999,0.8731499958472948,3,3
A120,A,101,101,3,"1,2,2",10,probe,0.12800000607967377,1.0,0.19200000166893005,-0.06399999558925629,1.0,1.0,0.8801666640986999,0.8731499958472948,3,2
A120,A,101,101,4,"1,2,3",10,probe,0.17600001394748688,1.0,0.17600001394748688,0.0,1.0,1.0,0.8801666640986999,0.8731499958472948,3,2
A120,A,101,101,5,"1,2,4",10,probe,0.18400001525878906,1.0,0.25600001215934753,-0.07199999690055847,1.0,1.0,0.8801666640986999,0.8731499958472948,3,2
A120,A,101,101,6,"1,3,1",10,probe,0.18400001525878906,1.0,0.2240000069141388,-0.03999999165534973,1.0,1.0,0.8801666640986999,0.8731499958472948,3,3
A120,A,101,101,7,"1,3,2",10,probe,0.2160000056028366,1.0,0.8400000333786011,-0.6240000277757645,1.0,1.0,0.8801666640986999,0.8731499958472948,3,3
A120,A,101,101,8,"1,3,4",10,probe,0.1600000113248825,1.0,0.15200001001358032,0.008000001311302185,1.0,1.0,0.8801666640986999,0.8731499958472948,3,3
A120,A,101,101,9,"1,4,1",10,probe,0.23200000822544098,1.0,0.18400001525878906,0.047999992966651917,1.0,1.0,0.8801666640986999,0.8731499958472948,3,3
A120,A,101,101,0,"0,1,1",10,finetune,0.17600001394748688,1.0,0.20800000429153442,-0.031999990344047546,1.0,1.0,0.8801666640986999,0.8731499958472948,3,2
A120,A,101,101,1,"1,1,3",10,finetune,0.25600001215934753,1.0,0.2240000069141388,0.03200000524520874,1.0,1.0,0.8801666640986999,0.8731499958472948,3,3
A120,A,101,101,2,"1,1,4",10,finetune,0.20800000429153442,1.0,0.2160000056028366,-0.008000001311302185,1.0,1.0,0.8801666640986999,0.8731499958472948,3,3
A120,A,101,101,3,"1,2,2",10,finetune,0.20800000429153442,1.0,0.18400001525878906,0.02399998903274536,1.0,1.0,0.8801666640986999,0.8731499958472948,3,2
A120,A,101,101,4,"1,2,3",10,finetune,0.1680000126361847,1.0,0.14400000870227814,0.024000003933906555,1.0,1.0,0.8801666640986999,0.8731499958472948,3,2
A120,A,101,101,5,"1,2,4",10,finetune,0.19200000166893005,1.0,0.24800001084804535,-0.056000009179115295,1.0,1.0,0.8801666640986999,0.8731499958472948,3,2
A120,A,101,101,6,"1,3,1",10,finetune,0.1600000113248825,1.0,0.2160000056028366,-0.0559999942779541,1.0,1.0,0.8801666640986999,0.8731499958472948,3,3
A120,A,101,101,7,"1,3,2",10,finetune,0.24800001084804535,1.0,0.8240000605583191,-0.5760000497102737,1.0,1.0,0.8801666640986999,0.8731499958472948,3,3
A120,A,101,101,8,"1,3,4",10,finetune,0.14400000870227814,1.0,0.15200001001358032,-0.008000001311302185,1.0,1.0,0.8801666640986999,0.8731499958472948,3,3
A120,A,101,101,9,"1,4,1",10,finetune,0.23200000822544098,1.0,0.1600000113248825,0.07199999690055847,1.0,1.0,0.8801666640986999,0.8731499958472948,3,3
A120,A,101,101,0,"0,1,1",25,probe,0.30400002002716064,1.0,0.1600000113248825,0.14400000870227814,1.0,1.0,0.8801666640986999,0.8731499958472948,3,2
A120,A,101,101,1,"1,1,3",25,probe,0.15200001001358032,1.0,0.24800001084804535,-0.09600000083446503,1.0,1.0,0.8801666640986999,0.8731499958472948,3,3
A120,A,101,101,2,"1,1,4",25,probe,0.20800000429153442,1.0,0.20800000429153442,0.0,1.0,1.0,0.8801666640986999,0.8731499958472948,3,3
A120,A,101,101,3,"1,2,2",25,probe,0.1680000126361847,1.0,0.15200001001358032,0.01600000262260437,1.0,1.0,0.8801666640986999,0.8731499958472948,3,2
A120,A,101,101,4,"1,2,3",25,probe,0.1680000126361847,1.0,0.20000000298023224,-0.031999990344047546,1.0,1.0,0.8801666640986999,0.8731499958472948,3,2
A120,A,101,101,5,"1,2,4",25,probe,0.2240000069141388,1.0,0.2240000069141388,0.0,1.0,1.0,0.8801666640986999,0.8731499958472948,3,2
A120,A,101,101,6,"1,3,1",25,probe,0.18400001525878906,1.0,0.2240000069141388,-0.03999999165534973,1.0,1.0,0.8801666640986999,0.8731499958472948,3,3
A120,A,101,101,7,"1,3,2",25,probe,0.2240000069141388,1.0,0.9600000381469727,-0.7360000312328339,1.0,1.0,0.8801666640986999,0.8731499958472948,3,3
A120,A,101,101,8,"1,3,4",25,probe,0.1680000126361847,1.0,0.17600001394748688,-0.008000001311302185,1.0,1.0,0.8801666640986999,0.8731499958472948,3,3
A120,A,101,101,9,"1,4,1",25,probe,0.20800000429153442,1.0,0.14400000870227814,0.06399999558925629,1.0,1.0,0.8801666640986999,0.8731499958472948,3,3
A120,A,101,101,0,"0,1,1",25,finetune,0.19200000166893005,1.0,0.18400001525878906,0.007999986410140991,1.0,1.0,0.8801666640986999,0.8731499958472948,3,2
A120,A,101,101,1,"1,1,3",25,finetune,0.19200000166893005,1.0,0.23200000822544098,-0.040000006556510925,1.0,1.0,0.8801666640986999,0.8731499958472948,3,3
A120,A,101,101,2,"1,1,4",25,finetune,0.2160000056028366,1.0,0.2160000056028366,0.0,1.0,1.0,0.8801666640986999,0.8731499958472948,3,3
A120,A,101,101,3,"1,2,2",25,finetune,0.17600001394748688,1.0,0.17600001394748688,0.0,1.0,1.0,0.8801666640986999,0.8731499958472948,3,2
A120,A,101,101,4,"1,2,3",25,finetune,0.15200001001358032,1.0,0.20000000298023224,-0.047999992966651917,1.0,1.0,0.8801666640986999,0.8731499958472948,3,2
A120,A,101,101,5,"1,2,4",25,finetune,0.17600001394748688,1.0,0.25600001215934753,-0.07999999821186066,1.0,1.0,0.8801666640986999,0.8731499958472948,3,2
A120,A,101,101,6,"1,3,1",25,finetune,0.19200000166893005,1.0,0.20800000429153442,-0.01600000262260437,1.0,1.0,0.8801666640986999,0.8731499958472948,3,3
A120,A,101,101,7,"1,3,2",25,finetune,0.3920000195503235,1.0,0.984000027179718,-0.5920000076293945,1.0,1.0,0.8801666640986999,0.8731499958472948,3,3
A120,A,101,101,8,"1,3,4",25,finetune,0.1680000126361847,1.0,0.14400000870227814,0.024000003933906555,1.0,1.0,0.8801666640986999,0.8731499958472948,3,3
A120,A,101,101,9,"1,4,1",25,finetune,0.20000000298023224,1.0,0.12800000607967377,0.07199999690055847,1.0,1.0,0.8801666640986999,0.8731499958472948,3,3
A120,A,101,101,0,"0,1,1",50,probe,0.24000000953674316,1.0,0.1680000126361847,0.07199999690055847,1.0,1.0,0.8801666640986999,0.8731499958472948,3,2
A120,A,101,101,1,"1,1,3",50,probe,0.24800001084804535,1.0,0.20800000429153442,0.040000006556510925,1.0,1.0,0.8801666640986999,0.8731499958472948,3,3
A120,A,101,101,2,"1,1,4",50,probe,0.17600001394748688,1.0,0.19200000166893005,-0.015999987721443176,1.0,1.0,0.8801666640986999,0.8731499958472948,3,3
A120,A,101,101,3,"1,2,2",50,probe,0.18400001525878906,1.0,0.14400000870227814,0.040000006556510925,1.0,1.0,0.8801666640986999,0.8731499958472948,3,2
A120,A,101,101,4,"1,2,3",50,probe,0.13600000739097595,1.0,0.19200000166893005,-0.0559999942779541,1.0,1.0,0.8801666640986999,0.8731499958472948,3,2
A120,A,101,101,5,"1,2,4",50,probe,0.12800000607967377,1.0,0.17600001394748688,-0.04800000786781311,1.0,1.0,0.8801666640986999,0.8731499958472948,3,2
A120,A,101,101,6,"1,3,1",50,probe,0.19200000166893005,1.0,0.15200001001358032,0.03999999165534973,1.0,1.0,0.8801666640986999,0.8731499958472948,3,3
A120,A,101,101,7,"1,3,2",50,probe,0.2639999985694885,1.0,0.9920000433921814,-0.7280000448226929,1.0,1.0,0.8801666640986999,0.8731499958472948,3,3
A120,A,101,101,8,"1,3,4",50,probe,0.15200001001358032,1.0,0.17600001394748688,-0.024000003933906555,1.0,1.0,0.8801666640986999,0.8731499958472948,3,3
A120,A,101,101,9,"1,4,1",50,probe,0.1120000034570694,1.0,0.1680000126361847,-0.056000009179115295,1.0,1.0,0.8801666640986999,0.8731499958472948,3,3
A120,A,101,101,0,"0,1,1",50,finetune,0.15200001001358032,1.0,0.17600001394748688,-0.024000003933906555,1.0,1.0,0.8801666640986999,0.8731499958472948,3,2
A120,A,101,101,1,"1,1,3",50,finetune,0.24800001084804535,1.0,0.20000000298023224,0.04800000786781311,1.0,1.0,0.8801666640986999,0.8731499958472948,3,3
A120,A,101,101,2,"1,1,4",50,finetune,0.19200000166893005,1.0,0.15200001001358032,0.03999999165534973,1.0,1.0,0.8801666640986999,0.8731499958472948,3,3
A120,A,101,101,3,"1,2,2",50,finetune,0.13600000739097595,1.0,0.08800000697374344,0.04800000041723251,1.0,1.0,0.8801666640986999,0.8731499958472948,3,2
A120,A,101,101,4,"1,2,3",50,finetune,0.1600000113248825,1.0,0.20800000429153442,-0.047999992966651917,1.0,1.0,0.8801666640986999,0.8731499958472948,3,2
A120,A,101,101,5,"1,2,4",50,finetune,0.08000000566244125,1.0,0.20800000429153442,-0.12799999862909317,1.0,1.0,0.8801666640986999,0.8731499958472948,3,2
A120,A,101,101,6,"1,3,1",50,finetune,0.1600000113248825,1.0,0.12000000476837158,0.040000006556510925,1.0,1.0,0.8801666640986999,0.8731499958472948,3,3
A120,A,101,101,7,"1,3,2",50,finetune,0.7120000123977661,1.0,1.0,-0.2879999876022339,1.0,1.0,0.8801666640986999,0.8731499958472948,3,3
A120,A,101,101,8,"1,3,4",50,finetune,0.2160000056028366,1.0,0.1680000126361847,0.047999992966651917,1.0,1.0,0.8801666640986999,0.8731499958472948,3,3
A120,A,101,101,9,"1,4,1",50,finetune,0.1120000034570694,1.0,0.1600000113248825,-0.04800000786781311,1.0,1.0,0.8801666640986999,0.8731499958472948,3,3
B112,B,17,42,0,"0,1,1",10,probe,0.19200000166893005,1.0,0.12000000476837158,0.07199999690055847,1.0,1.0,0.8895666636526585,0.8669166651864847,4,2
B112,B,17,42,1,"1,1,3",10,probe,0.15200001001358032,1.0,0.2160000056028366,-0.06399999558925629,1.0,1.0,0.8895666636526585,0.8669166651864847,4,2
B112,B,17,42,2,"1,1,4",10,probe,0.2880000174045563,1.0,0.64000004529953,-0.35200002789497375,1.0,1.0,0.8895666636526585,0.8669166651864847,4,2
B112,B,17,42,3,"1,2,2",10,probe,0.24800001084804535,1.0,0.24000000953674316,0.008000001311302185,1.0,1.0,0.8895666636526585,0.8669166651864847,4,2
B112,B,17,42,4,"1,2,3",10,probe,0.15200001001358032,1.0,0.24800001084804535,-0.09600000083446503,1.0,1.0,0.8895666636526585,0.8669166651864847,4,3
B112,B,17,42,5,"1,2,4",10,probe,0.19200000166893005,1.0,0.1680000126361847,0.02399998903274536,1.0,1.0,0.8895666636526585,0.8669166651864847,4,2
B112,B,17,42,6,"1,3,1",10,probe,0.2240000069141388,1.0,0.13600000739097595,0.08799999952316284,1.0,1.0,0.8895666636526585,0.8669166651864847,4,2
B112,B,17,42,7,"1,3,2",10,probe,0.2160000056028366,1.0,0.1680000126361847,0.047999992966651917,1.0,1.0,0.8895666636526585,0.8669166651864847,4,2
B112,B,17,42,8,"1,3,4",10,probe,0.12000000476837158,1.0,0.25600001215934753,-0.13600000739097595,1.0,1.0,0.8895666636526585,0.8669166651864847,4,3
B112,B,17,42,9,"1,4,1",10,probe,0.1600000113248825,1.0,0.20800000429153442,-0.047999992966651917,1.0,1.0,0.8895666636526585,0.8669166651864847,4,3
B112,B,17,42,0,"0,1,1",10,finetune,0.20000000298023224,1.0,0.12800000607967377,0.07199999690055847,1.0,1.0,0.8895666636526585,0.8669166651864847,4,2
B112,B,17,42,1,"1,1,3",10,finetune,0.17600001394748688,1.0,0.2160000056028366,-0.03999999165534973,1.0,1.0,0.8895666636526585,0.8669166651864847,4,2
B112,B,17,42,2,"1,1,4",10,finetune,0.5040000081062317,1.0,0.7200000286102295,-0.2160000205039978,1.0,1.0,0.8895666636526585,0.8669166651864847,4,2
B112,B,17,42,3,"1,2,2",10,finetune,0.24000000953674316,1.0,0.24000000953674316,0.0,1.0,1.0,0.8895666636526585,0.8669166651864847,4,2
B112,B,17,42,4,"1,2,3",10,finetune,0.17600001394748688,1.0,0.2160000056028366,-0.03999999165534973,1.0,1.0,0.8895666636526585,0.8669166651864847,4,3
B112,B,17,42,5,"1,2,4",10,finetune,0.1680000126361847,1.0,0.13600000739097595,0.03200000524520874,1.0,1.0,0.8895666636526585,0.8669166651864847,4,2
B112,B,17,42,6,"1,3,1",10,finetune,0.15200001001358032,1.0,0.13600000739097595,0.01600000262260437,1.0,1.0,0.8895666636526585,0.8669166651864847,4,2
B112,B,17,42,7,"1,3,2",10,finetune,0.20800000429153442,1.0,0.15200001001358032,0.0559999942779541,1.0,1.0,0.8895666636526585,0.8669166651864847,4,2
B112,B,17,42,8,"1,3,4",10,finetune,0.19200000166893005,1.0,0.17600001394748688,0.015999987721443176,1.0,1.0,0.8895666636526585,0.8669166651864847,4,3
B112,B,17,42,9,"1,4,1",10,finetune,0.17600001394748688,1.0,0.18400001525878906,-0.008000001311302185,1.0,1.0,0.8895666636526585,0.8669166651864847,4,3
B112,B,17,42,0,"0,1,1",25,probe,0.14400000870227814,1.0,0.20000000298023224,-0.0559999942779541,1.0,1.0,0.8895666636526585,0.8669166651864847,4,2
B112,B,17,42,1,"1,1,3",25,probe,0.2160000056028366,1.0,0.12800000607967377,0.08799999952316284,1.0,1.0,0.8895666636526585,0.8669166651864847,4,2
B112,B,17,42,2,"1,1,4",25,probe,0.3360000252723694,1.0,0.9280000329017639,-0.5920000076293945,1.0,1.0,0.8895666636526585,0.8669166651864847,4,2
B112,B,17,42,3,"1,2,2",25,probe,0.24800001084804535,1.0,0.29600000381469727,-0.047999992966651917,1.0,1.0,0.8895666636526585,0.8669166651864847,4,2
B112,B,17,42,4,"1,2,3",25,probe,0.18400001525878906,1.0,0.2639999985694885,-0.07999998331069946,1.0,1.0,0.8895666636526585,0.8669166651864847,4,3
B112,B,17,42,5,"1,2,4",25,probe,0.24000000953674316,1.0,0.13600000739097595,0.10400000214576721,1.0,1.0,0.8895666636526585,0.8669166651864847,4,2
B112,B,17,42,6,"1,3,1",25,probe,0.19200000166893005,1.0,0.15200001001358032,0.03999999165534973,1.0,1.0,0.8895666636526585,0.8669166651864847,4,2
B112,B,17,42,7,"1,3,2",25,probe,0.1680000126361847,1.0,0.17600001394748688,-0.008000001311302185,1.0,1.0,0.8895666636526585,0.8669166651864847,4,2
B112,B,17,42,8,"1,3,4",25,probe,0.20000000298023224,1.0,0.1600000113248825,0.03999999165534973,1.0,1.0,0.8895666636526585,0.8669166651864847,4,3
B112,B,17,42,9,"1,4,1",25,probe,0.1600000113248825,1.0,0.24000000953674316,-0.07999999821186066,1.0,1.0,0.8895666636526585,0.8669166651864847,4,3
B112,B,17,42,0,"0,1,1",25,finetune,0.1600000113248825,1.0,0.17600001394748688,-0.01600000262260437,1.0,1.0,0.8895666636526585,0.8669166651864847,4,2
B112,B,17,42,1,"1,1,3",25,finetune,0.1600000113248825,1.0,0.1600000113248825,0.0,1.0,1.0,0.8895666636526585,0.8669166651864847,4,2
B112,B,17,42,2,"1,1,4",25,finetune,0.5920000076293945,1.0,0.9920000433921814,-0.40000003576278687,1.0,1.0,0.8895666636526585,0.8669166651864847,4,2
B112,B,17,42,3,"1,2,2",25,finetune,0.2240000069141388,1.0,0.2800000011920929,-0.0559999942779541,1.0,1.0,0.8895666636526585,0.8669166651864847,4,2
B112,B,17,42,4,"1,2,3",25,finetune,0.2240000069141388,1.0,0.23200000822544098,-0.008000001311302185,1.0,1.0,0.8895666636526585,0.8669166651864847,4,3
B112,B,17,42,5,"1,2,4",25,finetune,0.17600001394748688,1.0,0.1680000126361847,0.008000001311302185,1.0,1.0,0.8895666636526585,0.8669166651864847,4,2
B112,B,17,42,6,"1,3,1",25,finetune,0.13600000739097595,1.0,0.13600000739097595,0.0,1.0,1.0,0.8895666636526585,0.8669166651864847,4,2
B112,B,17,42,7,"1,3,2",25,finetune,0.20800000429153442,1.0,0.20800000429153442,0.0,1.0,1.0,0.8895666636526585,0.8669166651864847,4,2
B112,B,17,42,8,"1,3,4",25,finetune,0.18400001525878906,1.0,0.12800000607967377,0.056000009179115295,1.0,1.0,0.8895666636526585,0.8669166651864847,4,3
B112,B,17,42,9,"1,4,1",25,finetune,0.20000000298023224,1.0,0.25600001215934753,-0.056000009179115295,1.0,1.0,0.8895666636526585,0.8669166651864847,4,3
B112,B,17,42,0,"0,1,1",50,probe,0.20000000298023224,1.0,0.1680000126361847,0.031999990344047546,1.0,1.0,0.8895666636526585,0.8669166651864847,4,2
B112,B,17,42,1,"1,1,3",50,probe,0.24800001084804535,1.0,0.20800000429153442,0.040000006556510925,1.0,1.0,0.8895666636526585,0.8669166651864847,4,2
B112,B,17,42,2,"1,1,4",50,probe,0.3680000305175781,1.0,0.984000027179718,-0.6159999966621399,1.0,1.0,0.8895666636526585,0.8669166651864847,4,2
B112,B,17,42,3,"1,2,2",50,probe,0.320000022649765,1.0,0.30400002002716064,0.01600000262260437,1.0,1.0,0.8895666636526585,0.8669166651864847,4,2
B112,B,17,42,4,"1,2,3",50,probe,0.2160000056028366,1.0,0.2800000011920929,-0.06399999558925629,1.0,1.0,0.8895666636526585,0.8669166651864847,4,3
B112,B,17,42,5,"1,2,4",50,probe,0.17600001394748688,1.0,0.1600000113248825,0.01600000262260437,1.0,1.0,0.8895666636526585,0.8669166651864847,4,2
B112,B,17,42,6,"1,3,1",50,probe,0.19200000166893005,1.0,0.13600000739097595,0.0559999942779541,1.0,1.0,0.8895666636526585,0.8669166651864847,4,2
B112,B,17,42,7,"1,3,2",50,probe,0.23200000822544098,1.0,0.14400000870227814,0.08799999952316284,1.0,1.0,0.8895666636526585,0.8669166651864847,4,2
B112,B,17,42,8,"1,3,4",50,probe,0.13600000739097595,1.0,0.18400001525878906,-0.04800000786781311,1.0,1.0,0.8895666636526585,0.8669166651864847,4,3
B112,B,17,42,9,"1,4,1",50,probe,0.18400001525878906,1.0,0.23200000822544098,-0.047999992966651917,1.0,1.0,0.8895666636526585,0.8669166651864847,4,3
B112,B,17,42,0,"0,1,1",50,finetune,0.10400000214576721,1.0,0.12000000476837158,-0.01600000262260437,1.0,1.0,0.8895666636526585,0.8669166651864847,4,2
B112,B,17,42,1,"1,1,3",50,finetune,0.18400001525878906,1.0,0.2160000056028366,-0.031999990344047546,1.0,1.0,0.8895666636526585,0.8669166651864847,4,2
B112,B,17,42,2,"1,1,4",50,finetune,0.7040000557899475,1.0,1.0,-0.2959999442100525,1.0,1.0,0.8895666636526585,0.8669166651864847,4,2
B112,B,17,42,3,"1,2,2",50,finetune,0.2800000011920929,1.0,0.2800000011920929,0.0,1.0,1.0,0.8895666636526585,0.8669166651864847,4,2
B112,B,17,42,4,"1,2,3",50,finetune,0.15200001001358032,1.0,0.23200000822544098,-0.07999999821186066,1.0,1.0,0.8895666636526585,0.8669166651864847,4,3
B112,B,17,42,5,"1,2,4",50,finetune,0.1680000126361847,1.0,0.18400001525878906,-0.01600000262260437,1.0,1.0,0.8895666636526585,0.8669166651864847,4,2
B112,B,17,42,6,"1,3,1",50,finetune,0.12800000607967377,1.0,0.12800000607967377,0.0,1.0,1.0,0.8895666636526585,0.8669166651864847,4,2
B112,B,17,42,7,"1,3,2",50,finetune,0.24000000953674316,1.0,0.1680000126361847,0.07199999690055847,1.0,1.0,0.8895666636526585,0.8669166651864847,4,2
B112,B,17,42,8,"1,3,4",50,finetune,0.10400000214576721,1.0,0.15200001001358032,-0.04800000786781311,1.0,1.0,0.8895666636526585,0.8669166651864847,4,3
B112,B,17,42,9,"1,4,1",50,finetune,0.23200000822544098,1.0,0.19200000166893005,0.040000006556510925,1.0,1.0,0.8895666636526585,0.8669166651864847,4,3
B112,B,17,101,0,"0,1,1",10,probe,0.2160000056028366,1.0,0.1680000126361847,0.047999992966651917,1.0,1.0,0.8773166647491356,0.8758499979351958,4,2
B112,B,17,101,1,"1,1,3",10,probe,0.19200000166893005,1.0,0.2160000056028366,-0.024000003933906555,1.0,1.0,0.8773166647491356,0.8758499979351958,4,2
B112,B,17,101,2,"1,1,4",10,probe,0.24000000953674316,1.0,0.7120000123977661,-0.47200000286102295,1.0,1.0,0.8773166647491356,0.8758499979351958,4,2
B112,B,17,101,3,"1,2,2",10,probe,0.2160000056028366,1.0,0.19200000166893005,0.024000003933906555,1.0,1.0,0.8773166647491356,0.8758499979351958,4,2
B112,B,17,101,4,"1,2,3",10,probe,0.19200000166893005,1.0,0.20800000429153442,-0.01600000262260437,1.0,1.0,0.8773166647491356,0.8758499979351958,4,3
B112,B,17,101,5,"1,2,4",10,probe,0.12800000607967377,1.0,0.15200001001358032,-0.024000003933906555,1.0,1.0,0.8773166647491356,0.8758499979351958,4,2
B112,B,17,101,6,"1,3,1",10,probe,0.2240000069141388,1.0,0.14400000870227814,0.07999999821186066,1.0,1.0,0.8773166647491356,0.8758499979351958,4,2
B112,B,17,101,7,"1,3,2",10,probe,0.17600001394748688,1.0,0.1600000113248825,0.01600000262260437,1.0,1.0,0.8773166647491356,0.8758499979351958,4,2
B112,B,17,101,8,"1,3,4",10,probe,0.14400000870227814,1.0,0.24800001084804535,-0.10400000214576721,1.0,1.0,0.8773166647491356,0.8758499979351958,4,3
B112,B,17,101,9,"1,4,1",10,probe,0.2160000056028366,1.0,0.14400000870227814,0.07199999690055847,1.0,1.0,0.8773166647491356,0.8758499979351958,4,3
B112,B,17,101,0,"0,1,1",10,finetune,0.20000000298023224,1.0,0.1680000126361847,0.031999990344047546,1.0,1.0,0.8773166647491356,0.8758499979351958,4,2
B112,B,17,101,1,"1,1,3",10,finetune,0.20000000298023224,1.0,0.23200000822544098,-0.03200000524520874,1.0,1.0,0.8773166647491356,0.8758499979351958,4,2
B112,B,17,101,2,"1,1,4",10,finetune,0.46400001645088196,1.0,0.7760000228881836,-0.31200000643730164,1.0,1.0,0.8773166647491356,0.8758499979351958,4,2
B112,B,17,101,3,"1,2,2",10,finetune,0.23200000822544098,1.0,0.25600001215934753,-0.024000003933906555,1.0,1.0,0.8773166647491356,0.8758499979351958,4,2
B112,B,17,101,4,"1,2,3",10,finetune,0.19200000166893005,1.0,0.24800001084804535,-0.056000009179115295,1.0,1.0,0.8773166647491356,0.8758499979351958,4,3
B112,B,17,101,5,"1,2,4",10,finetune,0.14400000870227814,1.0,0.1600000113248825,-0.01600000262260437,1.0,1.0,0.8773166647491356,0.8758499979351958,4,2
B112,B,17,101,6,"1,3,1",10,finetune,0.20800000429153442,1.0,0.1680000126361847,0.03999999165534973,1.0,1.0,0.8773166647491356,0.8758499979351958,4,2
B112,B,17,101,7,"1,3,2",10,finetune,0.20000000298023224,1.0,0.15200001001358032,0.047999992966651917,1.0,1.0,0.8773166647491356,0.8758499979351958,4,2
B112,B,17,101,8,"1,3,4",10,finetune,0.1600000113248825,1.0,0.20800000429153442,-0.047999992966651917,1.0,1.0,0.8773166647491356,0.8758499979351958,4,3
B112,B,17,101,9,"1,4,1",10,finetune,0.25600001215934753,1.0,0.15200001001358032,0.10400000214576721,1.0,1.0,0.8773166647491356,0.8758499979351958,4,3
B112,B,17,101,0,"0,1,1",25,probe,0.2240000069141388,1.0,0.13600000739097595,0.08799999952316284,1.0,1.0,0.8773166647491356,0.8758499979351958,4,2
B112,B,17,101,1,"1,1,3",25,probe,0.20800000429153442,1.0,0.20800000429153442,0.0,1.0,1.0,0.8773166647491356,0.8758499979351958,4,2
B112,B,17,101,2,"1,1,4",25,probe,0.25600001215934753,1.0,0.968000054359436,-0.7120000422000885,1.0,1.0,0.8773166647491356,0.8758499979351958,4,2
B112,B,17,101,3,"1,2,2",25,probe,0.20800000429153442,1.0,0.320000022649765,-0.11200001835823059,1.0,1.0,0.8773166647491356,0.8758499979351958,4,2
B112,B,17,101,4,"1,2,3",25,probe,0.2160000056028366,1.0,0.2639999985694885,-0.047999992966651917,1.0,1.0,0.8773166647491356,0.8758499979351958,4,3
B112,B,17,101,5,"1,2,4",25,probe,0.18400001525878906,1.0,0.18400001525878906,0.0,1.0,1.0,0.8773166647491356,0.8758499979351958,4,2
B112,B,17,101,6,"1,3,1",25,probe,0.20000000298023224,1.0,0.1680000126361847,0.031999990344047546,1.0,1.0,0.8773166647491356,0.8758499979351958,4,2
B112,B,17,101,7,"1,3,2",25,probe,0.12800000607967377,1.0,0.2160000056028366,-0.08799999952316284,1.0,1.0,0.8773166647491356,0.8758499979351958,4,2
B112,B,17,101,8,"1,3,4",25,probe,0.1600000113248825,1.0,0.12800000607967377,0.03200000524520874,1.0,1.0,0.8773166647491356,0.8758499979351958,4,3
B112,B,17,101,9,"1,4,1",25,probe,0.1680000126361847,1.0,0.23200000822544098,-0.06399999558925629,1.0,1.0,0.8773166647491356,0.8758499979351958,4,3
B112,B,17,101,0,"0,1,1",25,finetune,0.20800000429153442,1.0,0.18400001525878906,0.02399998903274536,1.0,1.0,0.8773166647491356,0.8758499979351958,4,2
B112,B,17,101,1,"1,1,3",25,finetune,0.23200000822544098,1.0,0.20000000298023224,0.03200000524520874,1.0,1.0,0.8773166647491356,0.8758499979351958,4,2
B112,B,17,101,2,"1,1,4",25,finetune,0.5760000348091125,1.0,0.9920000433921814,-0.41600000858306885,1.0,1.0,0.8773166647491356,0.8758499979351958,4,2
B112,B,17,101,3,"1,2,2",25,finetune,0.2160000056028366,1.0,0.320000022649765,-0.1040000170469284,1.0,1.0,0.8773166647491356,0.8758499979351958,4,2
B112,B,17,101,4,"1,2,3",25,finetune,0.25600001215934753,1.0,0.25600001215934753,0.0,1.0,1.0,0.8773166647491356,0.8758499979351958,4,3
B112,B,17,101,5,"1,2,4",25,finetune,0.17600001394748688,1.0,0.18400001525878906,-0.008000001311302185,1.0,1.0,0.8773166647491356,0.8758499979351958,4,2
B112,B,17,101,6,"1,3,1",25,finetune,0.12000000476837158,1.0,0.12800000607967377,-0.008000001311302185,1.0,1.0,0.8773166647491356,0.8758499979351958,4,2
B112,B,17,101,7,"1,3,2",25,finetune,0.18400001525878906,1.0,0.1680000126361847,0.01600000262260437,1.0,1.0,0.8773166647491356,0.8758499979351958,4,2
B112,B,17,101,8,"1,3,4",25,finetune,0.1600000113248825,1.0,0.13600000739097595,0.024000003933906555,1.0,1.0,0.8773166647491356,0.8758499979351958,4,3
B112,B,17,101,9,"1,4,1",25,finetune,0.25600001215934753,1.0,0.2160000056028366,0.040000006556510925,1.0,1.0,0.8773166647491356,0.8758499979351958,4,3
B112,B,17,101,0,"0,1,1",50,probe,0.20800000429153442,1.0,0.13600000739097595,0.07199999690055847,1.0,1.0,0.8773166647491356,0.8758499979351958,4,2
B112,B,17,101,1,"1,1,3",50,probe,0.25600001215934753,1.0,0.20800000429153442,0.04800000786781311,1.0,1.0,0.8773166647491356,0.8758499979351958,4,2
B112,B,17,101,2,"1,1,4",50,probe,0.1680000126361847,1.0,0.968000054359436,-0.8000000417232513,1.0,1.0,0.8773166647491356,0.8758499979351958,4,2
B112,B,17,101,3,"1,2,2",50,probe,0.23200000822544098,1.0,0.29600000381469727,-0.06399999558925629,1.0,1.0,0.8773166647491356,0.8758499979351958,4,2
B112,B,17,101,4,"1,2,3",50,probe,0.20800000429153442,1.0,0.24800001084804535,-0.040000006556510925,1.0,1.0,0.8773166647491356,0.8758499979351958,4,3
B112,B,17,101,5,"1,2,4",50,probe,0.12800000607967377,1.0,0.1680000126361847,-0.040000006556510925,1.0,1.0,0.8773166647491356,0.8758499979351958,4,2
B112,B,17,101,6,"1,3,1",50,probe,0.08000000566244125,1.0,0.13600000739097595,-0.0560000017285347,1.0,1.0,0.8773166647491356,0.8758499979351958,4,2
B112,B,17,101,7,"1,3,2",50,probe,0.17600001394748688,1.0,0.1600000113248825,0.01600000262260437,1.0,1.0,0.8773166647491356,0.8758499979351958,4,2
B112,B,17,101,8,"1,3,4",50,probe,0.10400000214576721,1.0,0.15200001001358032,-0.04800000786781311,1.0,1.0,0.8773166647491356,0.8758499979351958,4,3
B112,B,17,101,9,"1,4,1",50,probe,0.20000000298023224,1.0,0.17600001394748688,0.02399998903274536,1.0,1.0,0.8773166647491356,0.8758499979351958,4,3
B112,B,17,101,0,"0,1,1",50,finetune,0.1680000126361847,1.0,0.12800000607967377,0.040000006556510925,1.0,1.0,0.8773166647491356,0.8758499979351958,4,2
B112,B,17,101,1,"1,1,3",50,finetune,0.2720000147819519,1.0,0.2160000056028366,0.056000009179115295,1.0,1.0,0.8773166647491356,0.8758499979351958,4,2
B112,B,17,101,2,"1,1,4",50,finetune,0.7600000500679016,1.0,1.0,-0.2399999499320984,1.0,1.0,0.8773166647491356,0.8758499979351958,4,2
B112,B,17,101,3,"1,2,2",50,finetune,0.20800000429153442,1.0,0.2720000147819519,-0.06400001049041748,1.0,1.0,0.8773166647491356,0.8758499979351958,4,2
B112,B,17,101,4,"1,2,3",50,finetune,0.24000000953674316,1.0,0.24000000953674316,0.0,1.0,1.0,0.8773166647491356,0.8758499979351958,4,3
B112,B,17,101,5,"1,2,4",50,finetune,0.12800000607967377,1.0,0.12000000476837158,0.008000001311302185,1.0,1.0,0.8773166647491356,0.8758499979351958,4,2
B112,B,17,101,6,"1,3,1",50,finetune,0.08000000566244125,1.0,0.1120000034570694,-0.03199999779462814,1.0,1.0,0.8773166647491356,0.8758499979351958,4,2
B112,B,17,101,7,"1,3,2",50,finetune,0.2160000056028366,1.0,0.15200001001358032,0.06399999558925629,1.0,1.0,0.8773166647491356,0.8758499979351958,4,2
B112,B,17,101,8,"1,3,4",50,finetune,0.12800000607967377,1.0,0.14400000870227814,-0.01600000262260437,1.0,1.0,0.8773166647491356,0.8758499979351958,4,3
B112,B,17,101,9,"1,4,1",50,finetune,0.2240000069141388,1.0,0.18400001525878906,0.03999999165534973,1.0,1.0,0.8773166647491356,0.8758499979351958,4,3
B112,B,42,42,0,"0,1,1",10,probe,0.18400001525878906,1.0,0.1600000113248825,0.024000003933906555,1.0,1.0,0.8997999988496304,0.8639499940909445,4,2
B112,B,42,42,1,"1,1,3",10,probe,0.18400001525878906,1.0,0.1680000126361847,0.01600000262260437,1.0,1.0,0.8997999988496304,0.8639499940909445,4,2
B112,B,42,42,2,"1,1,4",10,probe,0.24000000953674316,1.0,0.15200001001358032,0.08799999952316284,1.0,1.0,0.8997999988496304,0.8639499940909445,4,2
B112,B,42,42,3,"1,2,2",10,probe,0.17600001394748688,1.0,0.14400000870227814,0.03200000524520874,1.0,1.0,0.8997999988496304,0.8639499940909445,4,2
B112,B,42,42,4,"1,2,3",10,probe,0.15200001001358032,1.0,0.14400000870227814,0.008000001311302185,1.0,1.0,0.8997999988496304,0.8639499940909445,4,3
B112,B,42,42,5,"1,2,4",10,probe,0.1680000126361847,1.0,0.15200001001358032,0.01600000262260437,1.0,1.0,0.8997999988496304,0.8639499940909445,4,2
B112,B,42,42,6,"1,3,1",10,probe,0.25600001215934753,1.0,0.6880000233650208,-0.4320000112056732,1.0,1.0,0.8997999988496304,0.8639499940909445,4,2
B112,B,42,42,7,"1,3,2",10,probe,0.2240000069141388,1.0,0.1600000113248825,0.06399999558925629,1.0,1.0,0.8997999988496304,0.8639499940909445,4,2
B112,B,42,42,8,"1,3,4",10,probe,0.2240000069141388,1.0,0.20000000298023224,0.024000003933906555,1.0,1.0,0.8997999988496304,0.8639499940909445,4,3
B112,B,42,42,9,"1,4,1",10,probe,0.2240000069141388,1.0,0.20000000298023224,0.024000003933906555,1.0,1.0,0.8997999988496304,0.8639499940909445,4,3
B112,B,42,42,0,"0,1,1",10,finetune,0.13600000739097595,1.0,0.17600001394748688,-0.040000006556510925,1.0,1.0,0.8997999988496304,0.8639499940909445,4,2
B112,B,42,42,1,"1,1,3",10,finetune,0.17600001394748688,1.0,0.1600000113248825,0.01600000262260437,1.0,1.0,0.8997999988496304,0.8639499940909445,4,2
B112,B,42,42,2,"1,1,4",10,finetune,0.14400000870227814,1.0,0.1120000034570694,0.03200000524520874,1.0,1.0,0.8997999988496304,0.8639499940909445,4,2
B112,B,42,42,3,"1,2,2",10,finetune,0.1600000113248825,1.0,0.18400001525878906,-0.024000003933906555,1.0,1.0,0.8997999988496304,0.8639499940909445,4,2
B112,B,42,42,4,"1,2,3",10,finetune,0.12000000476837158,1.0,0.14400000870227814,-0.024000003933906555,1.0,1.0,0.8997999988496304,0.8639499940909445,4,3
B112,B,42,42,5,"1,2,4",10,finetune,0.10400000214576721,1.0,0.17600001394748688,-0.07200001180171967,1.0,1.0,0.8997999988496304,0.8639499940909445,4,2
B112,B,42,42,6,"1,3,1",10,finetune,0.3920000195503235,1.0,0.7280000448226929,-0.3360000252723694,1.0,1.0,0.8997999988496304,0.8639499940909445,4,2
B112,B,42,42,7,"1,3,2",10,finetune,0.2240000069141388,1.0,0.20800000429153442,0.01600000262260437,1.0,1.0,0.8997999988496304,0.8639499940909445,4,2
B112,B,42,42,8,"1,3,4",10,finetune,0.2639999985694885,1.0,0.2160000056028366,0.047999992966651917,1.0,1.0,0.8997999988496304,0.8639499940909445,4,3
B112,B,42,42,9,"1,4,1",10,finetune,0.2240000069141388,1.0,0.20000000298023224,0.024000003933906555,1.0,1.0,0.8997999988496304,0.8639499940909445,4,3
B112,B,42,42,0,"0,1,1",25,probe,0.2160000056028366,1.0,0.19200000166893005,0.024000003933906555,1.0,1.0,0.8997999988496304,0.8639499940909445,4,2
B112,B,42,42,1,"1,1,3",25,probe,0.18400001525878906,1.0,0.10400000214576721,0.08000001311302185,1.0,1.0,0.8997999988496304,0.8639499940909445,4,2
B112,B,42,42,2,"1,1,4",25,probe,0.17600001394748688,1.0,0.1680000126361847,0.008000001311302185,1.0,1.0,0.8997999988496304,0.8639499940909445,4,2
B112,B,42,42,3,"1,2,2",25,probe,0.12000000476837158,1.0,0.12000000476837158,0.0,1.0,1.0,0.8997999988496304,0.8639499940909445,4,2
B112,B,42,42,4,"1,2,3",25,probe,0.1600000113248825,1.0,0.1680000126361847,-0.008000001311302185,1.0,1.0,0.8997999988496304,0.8639499940909445,4,3
B112,B,42,42,5,"1,2,4",25,probe,0.19200000166893005,1.0,0.15200001001358032,0.03999999165534973,1.0,1.0,0.8997999988496304,0.8639499940909445,4,2
B112,B,42,42,6,"1,3,1",25,probe,0.29600000381469727,1.0,0.9520000219345093,-0.656000018119812,1.0,1.0,0.8997999988496304,0.8639499940909445,4,2
B112,B,42,42,7,"1,3,2",25,probe,0.2160000056028366,1.0,0.18400001525878906,0.031999990344047546,1.0,1.0,0.8997999988496304,0.8639499940909445,4,2
B112,B,42,42,8,"1,3,4",25,probe,0.2800000011920929,1.0,0.2160000056028366,0.06399999558925629,1.0,1.0,0.8997999988496304,0.8639499940909445,4,3
B112,B,42,42,9,"1,4,1",25,probe,0.13600000739097595,1.0,0.14400000870227814,-0.008000001311302185,1.0,1.0,0.8997999988496304,0.8639499940909445,4,3
B112,B,42,42,0,"0,1,1",25,finetune,0.12800000607967377,1.0,0.24000000953674316,-0.1120000034570694,1.0,1.0,0.8997999988496304,0.8639499940909445,4,2
B112,B,42,42,1,"1,1,3",25,finetune,0.17600001394748688,1.0,0.10400000214576721,0.07200001180171967,1.0,1.0,0.8997999988496304,0.8639499940909445,4,2
B112,B,42,42,2,"1,1,4",25,finetune,0.08800000697374344,1.0,0.15200001001358032,-0.06400000303983688,1.0,1.0,0.8997999988496304,0.8639499940909445,4,2
B112,B,42,42,3,"1,2,2",25,finetune,0.12800000607967377,1.0,0.12000000476837158,0.008000001311302185,1.0,1.0,0.8997999988496304,0.8639499940909445,4,2
B112,B,42,42,4,"1,2,3",25,finetune,0.13600000739097595,1.0,0.1680000126361847,-0.03200000524520874,1.0,1.0,0.8997999988496304,0.8639499940909445,4,3
B112,B,42,42,5,"1,2,4",25,finetune,0.17600001394748688,1.0,0.13600000739097595,0.040000006556510925,1.0,1.0,0.8997999988496304,0.8639499940909445,4,2
B112,B,42,42,6,"1,3,1",25,finetune,0.4960000216960907,1.0,0.984000027179718,-0.4880000054836273,1.0,1.0,0.8997999988496304,0.8639499940909445,4,2
B112,B,42,42,7,"1,3,2",25,finetune,0.17600001394748688,1.0,0.19200000166893005,-0.015999987721443176,1.0,1.0,0.8997999988496304,0.8639499940909445,4,2
B112,B,42,42,8,"1,3,4",25,finetune,0.2720000147819519,1.0,0.2240000069141388,0.04800000786781311,1.0,1.0,0.8997999988496304,0.8639499940909445,4,3
B112,B,42,42,9,"1,4,1",25,finetune,0.12800000607967377,1.0,0.15200001001358032,-0.024000003933906555,1.0,1.0,0.8997999988496304,0.8639499940909445,4,3
B112,B,42,42,0,"0,1,1",50,probe,0.17600001394748688,1.0,0.18400001525878906,-0.008000001311302185,1.0,1.0,0.8997999988496304,0.8639499940909445,4,2
B112,B,42,42,1,"1,1,3",50,probe,0.14400000870227814,1.0,0.15200001001358032,-0.008000001311302185,1.0,1.0,0.8997999988496304,0.8639499940909445,4,2
B112,B,42,42,2,"1,1,4",50,probe,0.1680000126361847,1.0,0.1600000113248825,0.008000001311302185,1.0,1.0,0.8997999988496304,0.8639499940909445,4,2
B112,B,42,42,3,"1,2,2",50,probe,0.13600000739097595,1.0,0.13600000739097595,0.0,1.0,1.0,0.8997999988496304,0.8639499940909445,4,2
B112,B,42,42,4,"1,2,3",50,probe,0.1680000126361847,1.0,0.25600001215934753,-0.08799999952316284,1.0,1.0,0.8997999988496304,0.8639499940909445,4,3
B112,B,42,42,5,"1,2,4",50,probe,0.1600000113248825,1.0,0.2160000056028366,-0.0559999942779541,1.0,1.0,0.8997999988496304,0.8639499940909445,4,2
B112,B,42,42,6,"1,3,1",50,probe,0.3760000169277191,1.0,1.0,-0.6239999830722809,1.0,1.0,0.8997999988496304,0.8639499940909445,4,2
B112,B,42,42,7,"1,3,2",50,probe,0.13600000739097595,1.0,0.19200000166893005,-0.0559999942779541,1.0,1.0,0.8997999988496304,0.8639499940909445,4,2
B112,B,42,42,8,"1,3,4",50,probe,0.17600001394748688,1.0,0.31200000643730164,-0.13599999248981476,1.0,1.0,0.8997999988496304,0.8639499940909445,4,3
B112,B,42,42,9,"1,4,1",50,probe,0.18400001525878906,1.0,0.18400001525878906,0.0,1.0,1.0,0.8997999988496304,0.8639499940909445,4,3
B112,B,42,42,0,"0,1,1",50,finetune,0.13600000739097595,1.0,0.15200001001358032,-0.01600000262260437,1.0,1.0,0.8997999988496304,0.8639499940909445,4,2
B112,B,42,42,1,"1,1,3",50,finetune,0.12800000607967377,1.0,0.1600000113248825,-0.03200000524520874,1.0,1.0,0.8997999988496304,0.8639499940909445,4,2
B112,B,42,42,2,"1,1,4",50,finetune,0.1120000034570694,1.0,0.1680000126361847,-0.056000009179115295,1.0,1.0,0.8997999988496304,0.8639499940909445,4,2
B112,B,42,42,3,"1,2,2",50,finetune,0.12000000476837158,1.0,0.12800000607967377,-0.008000001311302185,1.0,1.0,0.8997999988496304,0.8639499940909445,4,2
B112,B,42,42,4,"1,2,3",50,finetune,0.17600001394748688,1.0,0.24800001084804535,-0.07199999690055847,1.0,1.0,0.8997999988496304,0.8639499940909445,4,3
B112,B,42,42,5,"1,2,4",50,finetune,0.12800000607967377,1.0,0.17600001394748688,-0.04800000786781311,1.0,1.0,0.8997999988496304,0.8639499940909445,4,2
B112,B,42,42,6,"1,3,1",50,finetune,0.7440000176429749,1.0,1.0,-0.25599998235702515,1.0,1.0,0.8997999988496304,0.8639499940909445,4,2
B112,B,42,42,7,"1,3,2",50,finetune,0.20000000298023224,1.0,0.23200000822544098,-0.03200000524520874,1.0,1.0,0.8997999988496304,0.8639499940909445,4,2
B112,B,42,42,8,"1,3,4",50,finetune,0.3360000252723694,1.0,0.35200002789497375,-0.01600000262260437,1.0,1.0,0.8997999988496304,0.8639499940909445,4,3
B112,B,42,42,9,"1,4,1",50,finetune,0.19200000166893005,1.0,0.18400001525878906,0.007999986410140991,1.0,1.0,0.8997999988496304,0.8639499940909445,4,3
B112,B,42,101,0,"0,1,1",10,probe,0.1600000113248825,1.0,0.17600001394748688,-0.01600000262260437,1.0,1.0,0.9036499985183278,0.866016664231817,4,2
B112,B,42,101,1,"1,1,3",10,probe,0.24000000953674316,1.0,0.12000000476837158,0.12000000476837158,1.0,1.0,0.9036499985183278,0.866016664231817,4,2
B112,B,42,101,2,"1,1,4",10,probe,0.2240000069141388,1.0,0.12000000476837158,0.10400000214576721,1.0,1.0,0.9036499985183278,0.866016664231817,4,2
B112,B,42,101,3,"1,2,2",10,probe,0.17600001394748688,1.0,0.17600001394748688,0.0,1.0,1.0,0.9036499985183278,0.866016664231817,4,2
B112,B,42,101,4,"1,2,3",10,probe,0.14400000870227814,1.0,0.18400001525878906,-0.040000006556510925,1.0,1.0,0.9036499985183278,0.866016664231817,4,3
B112,B,42,101,5,"1,2,4",10,probe,0.2160000056028366,1.0,0.1600000113248825,0.0559999942779541,1.0,1.0,0.9036499985183278,0.866016664231817,4,2
B112,B,42,101,6,"1,3,1",10,probe,0.20800000429153442,1.0,0.6480000019073486,-0.4399999976158142,1.0,1.0,0.9036499985183278,0.866016664231817,4,2
B112,B,42,101,7,"1,3,2",10,probe,0.24000000953674316,1.0,0.20000000298023224,0.040000006556510925,1.0,1.0,0.9036499985183278,0.866016664231817,4,2
B112,B,42,101,8,"1,3,4",10,probe,0.17600001394748688,1.0,0.17600001394748688,0.0,1.0,1.0,0.9036499985183278,0.866016664231817,4,3
B112,B,42,101,9,"1,4,1",10,probe,0.15200001001358032,1.0,0.20000000298023224,-0.047999992966651917,1.0,1.0,0.9036499985183278,0.866016664231817,4,3
B112,B,42,101,0,"0,1,1",10,finetune,0.20000000298023224,1.0,0.19200000166893005,0.008000001311302185,1.0,1.0,0.9036499985183278,0.866016664231817,4,2
B112,B,42,101,1,"1,1,3",10,finetune,0.19200000166893005,1.0,0.17600001394748688,0.015999987721443176,1.0,1.0,0.9036499985183278,0.866016664231817,4,2
B112,B,42,101,2,"1,1,4",10,finetune,0.18400001525878906,1.0,0.1120000034570694,0.07200001180171967,1.0,1.0,0.9036499985183278,0.866016664231817,4,2
B112,B,42,101,3,"1,2,2",10,finetune,0.1680000126361847,1.0,0.1680000126361847,0.0,1.0,1.0,0.9036499985183278,0.866016664231817,4,2
B112,B,42,101,4,"1,2,3",10,finetune,0.14400000870227814,1.0,0.18400001525878906,-0.040000006556510925,1.0,1.0,0.9036499985183278,0.866016664231817,4,3
B112,B,42,101,5,"1,2,4",10,finetune,0.20000000298023224,1.0,0.14400000870227814,0.0559999942779541,1.0,1.0,0.9036499985183278,0.866016664231817,4,2
B112,B,42,101,6,"1,3,1",10,finetune,0.3360000252723694,1.0,0.7440000176429749,-0.40799999237060547,1.0,1.0,0.9036499985183278,0.866016664231817,4,2
B112,B,42,101,7,"1,3,2",10,finetune,0.2240000069141388,1.0,0.19200000166893005,0.03200000524520874,1.0,1.0,0.9036499985183278,0.866016664231817,4,2
B112,B,42,101,8,"1,3,4",10,finetune,0.25600001215934753,1.0,0.2240000069141388,0.03200000524520874,1.0,1.0,0.9036499985183278,0.866016664231817,4,3
B112,B,42,101,9,"1,4,1",10,finetune,0.18400001525878906,1.0,0.19200000166893005,-0.007999986410140991,1.0,1.0,0.9036499985183278,0.866016664231817,4,3
B112,B,42,101,0,"0,1,1",25,probe,0.1680000126361847,1.0,0.24800001084804535,-0.07999999821186066,1.0,1.0,0.9036499985183278,0.866016664231817,4,2
B112,B,42,101,1,"1,1,3",25,probe,0.19200000166893005,1.0,0.09600000083446503,0.09600000083446503,1.0,1.0,0.9036499985183278,0.866016664231817,4,2
B112,B,42,101,2,"1,1,4",25,probe,0.14400000870227814,1.0,0.1600000113248825,-0.01600000262260437,1.0,1.0,0.9036499985183278,0.866016664231817,4,2
B112,B,42,101,3,"1,2,2",25,probe,0.12800000607967377,1.0,0.1680000126361847,-0.040000006556510925,1.0,1.0,0.9036499985183278,0.866016664231817,4,2
B112,B,42,101,4,"1,2,3",25,probe,0.13600000739097595,1.0,0.17600001394748688,-0.040000006556510925,1.0,1.0,0.9036499985183278,0.866016664231817,4,3
B112,B,42,101,5,"1,2,4",25,probe,0.2160000056028366,1.0,0.13600000739097595,0.07999999821186066,1.0,1.0,0.9036499985183278,0.866016664231817,4,2
B112,B,42,101,6,"1,3,1",25,probe,0.25600001215934753,1.0,0.8560000658035278,-0.6000000536441803,1.0,1.0,0.9036499985183278,0.866016664231817,4,2
B112,B,42,101,7,"1,3,2",25,probe,0.20000000298023224,1.0,0.15200001001358032,0.047999992966651917,1.0,1.0,0.9036499985183278,0.866016664231817,4,2
B112,B,42,101,8,"1,3,4",25,probe,0.24800001084804535,1.0,0.23200000822544098,0.01600000262260437,1.0,1.0,0.9036499985183278,0.866016664231817,4,3
B112,B,42,101,9,"1,4,1",25,probe,0.15200001001358032,1.0,0.20000000298023224,-0.047999992966651917,1.0,1.0,0.9036499985183278,0.866016664231817,4,3
B112,B,42,101,0,"0,1,1",25,finetune,0.18400001525878906,1.0,0.20800000429153442,-0.02399998903274536,1.0,1.0,0.9036499985183278,0.866016664231817,4,2
B112,B,42,101,1,"1,1,3",25,finetune,0.15200001001358032,1.0,0.10400000214576721,0.04800000786781311,1.0,1.0,0.9036499985183278,0.866016664231817,4,2
B112,B,42,101,2,"1,1,4",25,finetune,0.15200001001358032,1.0,0.13600000739097595,0.01600000262260437,1.0,1.0,0.9036499985183278,0.866016664231817,4,2
B112,B,42,101,3,"1,2,2",25,finetune,0.12000000476837158,1.0,0.14400000870227814,-0.024000003933906555,1.0,1.0,0.9036499985183278,0.866016664231817,4,2
B112,B,42,101,4,"1,2,3",25,finetune,0.12800000607967377,1.0,0.17600001394748688,-0.04800000786781311,1.0,1.0,0.9036499985183278,0.866016664231817,4,3
B112,B,42,101,5,"1,2,4",25,finetune,0.19200000166893005,1.0,0.14400000870227814,0.047999992966651917,1.0,1.0,0.9036499985183278,0.866016664231817,4,2
B112,B,42,101,6,"1,3,1",25,finetune,0.40800002217292786,1.0,0.9440000653266907,-0.5360000431537628,1.0,1.0,0.9036499985183278,0.866016664231817,4,2
B112,B,42,101,7,"1,3,2",25,finetune,0.17600001394748688,1.0,0.1600000113248825,0.01600000262260437,1.0,1.0,0.9036499985183278,0.866016664231817,4,2
B112,B,42,101,8,"1,3,4",25,finetune,0.30400002002716064,1.0,0.20800000429153442,0.09600001573562622,1.0,1.0,0.9036499985183278,0.866016664231817,4,3
B112,B,42,101,9,"1,4,1",25,finetune,0.2160000056028366,1.0,0.18400001525878906,0.031999990344047546,1.0,1.0,0.9036499985183278,0.866016664231817,4,3
B112,B,42,101,0,"0,1,1",50,probe,0.24800001084804535,1.0,0.14400000870227814,0.10400000214576721,1.0,1.0,0.9036499985183278,0.866016664231817,4,2
B112,B,42,101,1,"1,1,3",50,probe,0.23200000822544098,1.0,0.15200001001358032,0.07999999821186066,1.0,1.0,0.9036499985183278,0.866016664231817,4,2
B112,B,42,101,2,"1,1,4",50,probe,0.24800001084804535,1.0,0.1680000126361847,0.07999999821186066,1.0,1.0,0.9036499985183278,0.866016664231817,4,2
B112,B,42,101,3,"1,2,2",50,probe,0.12800000607967377,1.0,0.19200000166893005,-0.06399999558925629,1.0,1.0,0.9036499985183278,0.866016664231817,4,2
B112,B,42,101,4,"1,2,3",50,probe,0.14400000870227814,1.0,0.2639999985694885,-0.11999998986721039,1.0,1.0,0.9036499985183278,0.866016664231817,4,3
B112,B,42,101,5,"1,2,4",50,probe,0.19200000166893005,1.0,0.18400001525878906,0.007999986410140991,1.0,1.0,0.9036499985183278,0.866016664231817,4,2
B112,B,42,101,6,"1,3,1",50,probe,0.24000000953674316,1.0,1.0,-0.7599999904632568,1.0,1.0,0.9036499985183278,0.866016664231817,4,2
B112,B,42,101,7,"1,3,2",50,probe,0.1680000126361847,1.0,0.20800000429153442,-0.03999999165534973,1.0,1.0,0.9036499985183278,0.866016664231817,4,2
B112,B,42,101,8,"1,3,4",50,probe,0.2240000069141388,1.0,0.320000022649765,-0.09600001573562622,1.0,1.0,0.9036499985183278,0.866016664231817,4,3
B112,B,42,101,9,"1,4,1",50,probe,0.18400001525878906,1.0,0.20000000298023224,-0.015999987721443176,1.0,1.0,0.9036499985183278,0.866016664231817,4,3
B112,B,42,101,0,"0,1,1",50,finetune,0.15200001001358032,1.0,0.13600000739097595,0.01600000262260437,1.0,1.0,0.9036499985183278,0.866016664231817,4,2
B112,B,42,101,1,"1,1,3",50,finetune,0.17600001394748688,1.0,0.14400000870227814,0.03200000524520874,1.0,1.0,0.9036499985183278,0.866016664231817,4,2
B112,B,42,101,2,"1,1,4",50,finetune,0.14400000870227814,1.0,0.18400001525878906,-0.040000006556510925,1.0,1.0,0.9036499985183278,0.866016664231817,4,2
B112,B,42,101,3,"1,2,2",50,finetune,0.10400000214576721,1.0,0.14400000870227814,-0.040000006556510925,1.0,1.0,0.9036499985183278,0.866016664231817,4,2
B112,B,42,101,4,"1,2,3",50,finetune,0.15200001001358032,1.0,0.24000000953674316,-0.08799999952316284,1.0,1.0,0.9036499985183278,0.866016664231817,4,3
B112,B,42,101,5,"1,2,4",50,finetune,0.1600000113248825,1.0,0.18400001525878906,-0.024000003933906555,1.0,1.0,0.9036499985183278,0.866016664231817,4,2
B112,B,42,101,6,"1,3,1",50,finetune,0.64000004529953,1.0,1.0,-0.35999995470046997,1.0,1.0,0.9036499985183278,0.866016664231817,4,2
B112,B,42,101,7,"1,3,2",50,finetune,0.14400000870227814,1.0,0.20800000429153442,-0.06399999558925629,1.0,1.0,0.9036499985183278,0.866016664231817,4,2
B112,B,42,101,8,"1,3,4",50,finetune,0.3840000033378601,1.0,0.3920000195503235,-0.008000016212463379,1.0,1.0,0.9036499985183278,0.866016664231817,4,3
B112,B,42,101,9,"1,4,1",50,finetune,0.19200000166893005,1.0,0.20000000298023224,-0.008000001311302185,1.0,1.0,0.9036499985183278,0.866016664231817,4,3
B112,B,101,42,0,"0,1,1",10,probe,0.2160000056028366,1.0,0.20000000298023224,0.01600000262260437,1.0,1.0,0.8686833316460252,0.8137666626522938,4,2
B112,B,101,42,1,"1,1,3",10,probe,0.17600001394748688,1.0,0.24000000953674316,-0.06399999558925629,1.0,1.0,0.8686833316460252,0.8137666626522938,4,2
B112,B,101,42,2,"1,1,4",10,probe,0.2160000056028366,1.0,0.2240000069141388,-0.008000001311302185,1.0,1.0,0.8686833316460252,0.8137666626522938,4,2
B112,B,101,42,3,"1,2,2",10,probe,0.2160000056028366,1.0,0.19200000166893005,0.024000003933906555,1.0,1.0,0.8686833316460252,0.8137666626522938,4,2
B112,B,101,42,4,"1,2,3",10,probe,0.13600000739097595,1.0,0.1680000126361847,-0.03200000524520874,1.0,1.0,0.8686833316460252,0.8137666626522938,4,3
B112,B,101,42,5,"1,2,4",10,probe,0.15200001001358032,1.0,0.2240000069141388,-0.07199999690055847,1.0,1.0,0.8686833316460252,0.8137666626522938,4,2
B112,B,101,42,6,"1,3,1",10,probe,0.20800000429153442,1.0,0.20000000298023224,0.008000001311302185,1.0,1.0,0.8686833316460252,0.8137666626522938,4,2
B112,B,101,42,7,"1,3,2",10,probe,0.2240000069141388,1.0,0.7520000338554382,-0.5280000269412994,1.0,1.0,0.8686833316460252,0.8137666626522938,4,2
B112,B,101,42,8,"1,3,4",10,probe,0.1600000113248825,1.0,0.1680000126361847,-0.008000001311302185,1.0,1.0,0.8686833316460252,0.8137666626522938,4,3
B112,B,101,42,9,"1,4,1",10,probe,0.17600001394748688,1.0,0.1680000126361847,0.008000001311302185,1.0,1.0,0.8686833316460252,0.8137666626522938,4,3
B112,B,101,42,0,"0,1,1",10,finetune,0.17600001394748688,1.0,0.17600001394748688,0.0,1.0,1.0,0.8686833316460252,0.8137666626522938,4,2
B112,B,101,42,1,"1,1,3",10,finetune,0.14400000870227814,1.0,0.23200000822544098,-0.08799999952316284,1.0,1.0,0.8686833316460252,0.8137666626522938,4,2
B112,B,101,42,2,"1,1,4",10,finetune,0.20800000429153442,1.0,0.23200000822544098,-0.024000003933906555,1.0,1.0,0.8686833316460252,0.8137666626522938,4,2
B112,B,101,42,3,"1,2,2",10,finetune,0.18400001525878906,1.0,0.17600001394748688,0.008000001311302185,1.0,1.0,0.8686833316460252,0.8137666626522938,4,2
B112,B,101,42,4,"1,2,3",10,finetune,0.19200000166893005,1.0,0.19200000166893005,0.0,1.0,1.0,0.8686833316460252,0.8137666626522938,4,3
B112,B,101,42,5,"1,2,4",10,finetune,0.1600000113248825,1.0,0.2240000069141388,-0.06399999558925629,1.0,1.0,0.8686833316460252,0.8137666626522938,4,2
B112,B,101,42,6,"1,3,1",10,finetune,0.19200000166893005,1.0,0.20000000298023224,-0.008000001311302185,1.0,1.0,0.8686833316460252,0.8137666626522938,4,2
B112,B,101,42,7,"1,3,2",10,finetune,0.2639999985694885,1.0,0.8160000443458557,-0.5520000457763672,1.0,1.0,0.8686833316460252,0.8137666626522938,4,2
B112,B,101,42,8,"1,3,4",10,finetune,0.17600001394748688,1.0,0.13600000739097595,0.040000006556510925,1.0,1.0,0.8686833316460252,0.8137666626522938,4,3
B112,B,101,42,9,"1,4,1",10,finetune,0.12800000607967377,1.0,0.1600000113248825,-0.03200000524520874,1.0,1.0,0.8686833316460252,0.8137666626522938,4,3
B112,B,101,42,0,"0,1,1",25,probe,0.2160000056028366,1.0,0.19200000166893005,0.024000003933906555,1.0,1.0,0.8686833316460252,0.8137666626522938,4,2
B112,B,101,42,1,"1,1,3",25,probe,0.14400000870227814,1.0,0.25600001215934753,-0.1120000034570694,1.0,1.0,0.8686833316460252,0.8137666626522938,4,2
B112,B,101,42,2,"1,1,4",25,probe,0.18400001525878906,1.0,0.20800000429153442,-0.02399998903274536,1.0,1.0,0.8686833316460252,0.8137666626522938,4,2
B112,B,101,42,3,"1,2,2",25,probe,0.20800000429153442,1.0,0.1680000126361847,0.03999999165534973,1.0,1.0,0.8686833316460252,0.8137666626522938,4,2
B112,B,101,42,4,"1,2,3",25,probe,0.14400000870227814,1.0,0.18400001525878906,-0.040000006556510925,1.0,1.0,0.8686833316460252,0.8137666626522938,4,3
B112,B,101,42,5,"1,2,4",25,probe,0.15200001001358032,1.0,0.20000000298023224,-0.047999992966651917,1.0,1.0,0.8686833316460252,0.8137666626522938,4,2
B112,B,101,42,6,"1,3,1",25,probe,0.17600001394748688,1.0,0.2240000069141388,-0.047999992966651917,1.0,1.0,0.8686833316460252,0.8137666626522938,4,2
B112,B,101,42,7,"1,3,2",25,probe,0.25600001215934753,1.0,0.9280000329017639,-0.6720000207424164,1.0,1.0,0.8686833316460252,0.8137666626522938,4,2
B112,B,101,42,8,"1,3,4",25,probe,0.2160000056028366,1.0,0.17600001394748688,0.03999999165534973,1.0,1.0,0.8686833316460252,0.8137666626522938,4,3
B112,B,101,42,9,"1,4,1",25,probe,0.13600000739097595,1.0,0.13600000739097595,0.0,1.0,1.0,0.8686833316460252,0.8137666626522938,4,3
B112,B,101,42,0,"0,1,1",25,finetune,0.18400001525878906,1.0,0.17600001394748688,0.008000001311302185,1.0,1.0,0.8686833316460252,0.8137666626522938,4,2
B112,B,101,42,1,"1,1,3",25,finetune,0.18400001525878906,1.0,0.23200000822544098,-0.047999992966651917,1.0,1.0,0.8686833316460252,0.8137666626522938,4,2
B112,B,101,42,2,"1,1,4",25,finetune,0.20800000429153442,1.0,0.20000000298023224,0.008000001311302185,1.0,1.0,0.8686833316460252,0.8137666626522938,4,2
B112,B,101,42,3,"1,2,2",25,finetune,0.20800000429153442,1.0,0.1600000113248825,0.047999992966651917,1.0,1.0,0.8686833316460252,0.8137666626522938,4,2
B112,B,101,42,4,"1,2,3",25,finetune,0.20000000298023224,1.0,0.17600001394748688,0.02399998903274536,1.0,1.0,0.8686833316460252,0.8137666626522938,4,3
B112,B,101,42,5,"1,2,4",25,finetune,0.17600001394748688,1.0,0.23200000822544098,-0.0559999942779541,1.0,1.0,0.8686833316460252,0.8137666626522938,4,2
B112,B,101,42,6,"1,3,1",25,finetune,0.20800000429153442,1.0,0.20800000429153442,0.0,1.0,1.0,0.8686833316460252,0.8137666626522938,4,2
B112,B,101,42,7,"1,3,2",25,finetune,0.3840000033378601,1.0,0.984000027179718,-0.6000000238418579,1.0,1.0,0.8686833316460252,0.8137666626522938,4,2
B112,B,101,42,8,"1,3,4",25,finetune,0.18400001525878906,1.0,0.1600000113248825,0.024000003933906555,1.0,1.0,0.8686833316460252,0.8137666626522938,4,3
B112,B,101,42,9,"1,4,1",25,finetune,0.17600001394748688,1.0,0.13600000739097595,0.040000006556510925,1.0,1.0,0.8686833316460252,0.8137666626522938,4,3
B112,B,101,42,0,"0,1,1",50,probe,0.19200000166893005,1.0,0.20800000429153442,-0.01600000262260437,1.0,1.0,0.8686833316460252,0.8137666626522938,4,2
B112,B,101,42,1,"1,1,3",50,probe,0.13600000739097595,1.0,0.23200000822544098,-0.09600000083446503,1.0,1.0,0.8686833316460252,0.8137666626522938,4,2
B112,B,101,42,2,"1,1,4",50,probe,0.20000000298023224,1.0,0.1120000034570694,0.08799999952316284,1.0,1.0,0.8686833316460252,0.8137666626522938,4,2
B112,B,101,42,3,"1,2,2",50,probe,0.20000000298023224,1.0,0.10400000214576721,0.09600000083446503,1.0,1.0,0.8686833316460252,0.8137666626522938,4,2
B112,B,101,42,4,"1,2,3",50,probe,0.1680000126361847,1.0,0.1600000113248825,0.008000001311302185,1.0,1.0,0.8686833316460252,0.8137666626522938,4,3
B112,B,101,42,5,"1,2,4",50,probe,0.20800000429153442,1.0,0.1600000113248825,0.047999992966651917,1.0,1.0,0.8686833316460252,0.8137666626522938,4,2
B112,B,101,42,6,"1,3,1",50,probe,0.18400001525878906,1.0,0.17600001394748688,0.008000001311302185,1.0,1.0,0.8686833316460252,0.8137666626522938,4,2
B112,B,101,42,7,"1,3,2",50,probe,0.2240000069141388,1.0,1.0,-0.7759999930858612,1.0,1.0,0.8686833316460252,0.8137666626522938,4,2
B112,B,101,42,8,"1,3,4",50,probe,0.20000000298023224,1.0,0.1600000113248825,0.03999999165534973,1.0,1.0,0.8686833316460252,0.8137666626522938,4,3
B112,B,101,42,9,"1,4,1",50,probe,0.1680000126361847,1.0,0.14400000870227814,0.024000003933906555,1.0,1.0,0.8686833316460252,0.8137666626522938,4,3
B112,B,101,42,0,"0,1,1",50,finetune,0.1600000113248825,1.0,0.1680000126361847,-0.008000001311302185,1.0,1.0,0.8686833316460252,0.8137666626522938,4,2
B112,B,101,42,1,"1,1,3",50,finetune,0.15200001001358032,1.0,0.23200000822544098,-0.07999999821186066,1.0,1.0,0.8686833316460252,0.8137666626522938,4,2
B112,B,101,42,2,"1,1,4",50,finetune,0.14400000870227814,1.0,0.12000000476837158,0.024000003933906555,1.0,1.0,0.8686833316460252,0.8137666626522938,4,2
B112,B,101,42,3,"1,2,2",50,finetune,0.10400000214576721,1.0,0.10400000214576721,0.0,1.0,1.0,0.8686833316460252,0.8137666626522938,4,2
B112,B,101,42,4,"1,2,3",50,finetune,0.14400000870227814,1.0,0.20800000429153442,-0.06399999558925629,1.0,1.0,0.8686833316460252,0.8137666626522938,4,3
B112,B,101,42,5,"1,2,4",50,finetune,0.15200001001358032,1.0,0.17600001394748688,-0.024000003933906555,1.0,1.0,0.8686833316460252,0.8137666626522938,4,2
B112,B,101,42,6,"1,3,1",50,finetune,0.20800000429153442,1.0,0.15200001001358032,0.0559999942779541,1.0,1.0,0.8686833316460252,0.8137666626522938,4,2
B112,B,101,42,7,"1,3,2",50,finetune,0.6320000290870667,1.0,1.0,-0.36799997091293335,1.0,1.0,0.8686833316460252,0.8137666626522938,4,2
B112,B,101,42,8,"1,3,4",50,finetune,0.1680000126361847,1.0,0.1600000113248825,0.008000001311302185,1.0,1.0,0.8686833316460252,0.8137666626522938,4,3
B112,B,101,42,9,"1,4,1",50,finetune,0.08800000697374344,1.0,0.15200001001358032,-0.06400000303983688,1.0,1.0,0.8686833316460252,0.8137666626522938,4,3
B112,B,101,101,0,"0,1,1",10,probe,0.2160000056028366,1.0,0.14400000870227814,0.07199999690055847,1.0,1.0,0.8592333314009011,0.8277666592039168,4,2
B112,B,101,101,1,"1,1,3",10,probe,0.12000000476837158,1.0,0.2720000147819519,-0.15200001001358032,1.0,1.0,0.8592333314009011,0.8277666592039168,4,2
B112,B,101,101,2,"1,1,4",10,probe,0.17600001394748688,1.0,0.19200000166893005,-0.015999987721443176,1.0,1.0,0.8592333314009011,0.8277666592039168,4,2
B112,B,101,101,3,"1,2,2",10,probe,0.18400001525878906,1.0,0.19200000166893005,-0.007999986410140991,1.0,1.0,0.8592333314009011,0.8277666592039168,4,2
B112,B,101,101,4,"1,2,3",10,probe,0.1680000126361847,1.0,0.17600001394748688,-0.008000001311302185,1.0,1.0,0.8592333314009011,0.8277666592039168,4,3
B112,B,101,101,5,"1,2,4",10,probe,0.13600000739097595,1.0,0.25600001215934753,-0.12000000476837158,1.0,1.0,0.8592333314009011,0.8277666592039168,4,2
B112,B,101,101,6,"1,3,1",10,probe,0.19200000166893005,1.0,0.2240000069141388,-0.03200000524520874,1.0,1.0,0.8592333314009011,0.8277666592039168,4,2
B112,B,101,101,7,"1,3,2",10,probe,0.2240000069141388,1.0,0.8400000333786011,-0.6160000264644623,1.0,1.0,0.8592333314009011,0.8277666592039168,4,2
B112,B,101,101,8,"1,3,4",10,probe,0.12800000607967377,1.0,0.15200001001358032,-0.024000003933906555,1.0,1.0,0.8592333314009011,0.8277666592039168,4,3
B112,B,101,101,9,"1,4,1",10,probe,0.18400001525878906,1.0,0.18400001525878906,0.0,1.0,1.0,0.8592333314009011,0.8277666592039168,4,3
B112,B,101,101,0,"0,1,1",10,finetune,0.20000000298023224,1.0,0.20800000429153442,-0.008000001311302185,1.0,1.0,0.8592333314009011,0.8277666592039168,4,2
B112,B,101,101,1,"1,1,3",10,finetune,0.2160000056028366,1.0,0.2240000069141388,-0.008000001311302185,1.0,1.0,0.8592333314009011,0.8277666592039168,4,2
B112,B,101,101,2,"1,1,4",10,finetune,0.2240000069141388,1.0,0.2160000056028366,0.008000001311302185,1.0,1.0,0.8592333314009011,0.8277666592039168,4,2
B112,B,101,101,3,"1,2,2",10,finetune,0.18400001525878906,1.0,0.18400001525878906,0.0,1.0,1.0,0.8592333314009011,0.8277666592039168,4,2
B112,B,101,101,4,"1,2,3",10,finetune,0.1680000126361847,1.0,0.14400000870227814,0.024000003933906555,1.0,1.0,0.8592333314009011,0.8277666592039168,4,3
B112,B,101,101,5,"1,2,4",10,finetune,0.15200001001358032,1.0,0.24800001084804535,-0.09600000083446503,1.0,1.0,0.8592333314009011,0.8277666592039168,4,2
B112,B,101,101,6,"1,3,1",10,finetune,0.20000000298023224,1.0,0.2160000056028366,-0.01600000262260437,1.0,1.0,0.8592333314009011,0.8277666592039168,4,2
B112,B,101,101,7,"1,3,2",10,finetune,0.29600000381469727,1.0,0.8240000605583191,-0.5280000567436218,1.0,1.0,0.8592333314009011,0.8277666592039168,4,2
B112,B,101,101,8,"1,3,4",10,finetune,0.20800000429153442,1.0,0.15200001001358032,0.0559999942779541,1.0,1.0,0.8592333314009011,0.8277666592039168,4,3
B112,B,101,101,9,"1,4,1",10,finetune,0.17600001394748688,1.0,0.1600000113248825,0.01600000262260437,1.0,1.0,0.8592333314009011,0.8277666592039168,4,3
B112,B,101,101,0,"0,1,1",25,probe,0.20800000429153442,1.0,0.1600000113248825,0.047999992966651917,1.0,1.0,0.8592333314009011,0.8277666592039168,4,2
B112,B,101,101,1,"1,1,3",25,probe,0.23200000822544098,1.0,0.24800001084804535,-0.01600000262260437,1.0,1.0,0.8592333314009011,0.8277666592039168,4,2
B112,B,101,101,2,"1,1,4",25,probe,0.18400001525878906,1.0,0.20800000429153442,-0.02399998903274536,1.0,1.0,0.8592333314009011,0.8277666592039168,4,2
B112,B,101,101,3,"1,2,2",25,probe,0.18400001525878906,1.0,0.15200001001358032,0.03200000524520874,1.0,1.0,0.8592333314009011,0.8277666592039168,4,2
B112,B,101,101,4,"1,2,3",25,probe,0.18400001525878906,1.0,0.20000000298023224,-0.015999987721443176,1.0,1.0,0.8592333314009011,0.8277666592039168,4,3
B112,B,101,101,5,"1,2,4",25,probe,0.13600000739097595,1.0,0.2240000069141388,-0.08799999952316284,1.0,1.0,0.8592333314009011,0.8277666592039168,4,2
B112,B,101,101,6,"1,3,1",25,probe,0.20000000298023224,1.0,0.2240000069141388,-0.024000003933906555,1.0,1.0,0.8592333314009011,0.8277666592039168,4,2
B112,B,101,101,7,"1,3,2",25,probe,0.2800000011920929,1.0,0.9600000381469727,-0.6800000369548798,1.0,1.0,0.8592333314009011,0.8277666592039168,4,2
B112,B,101,101,8,"1,3,4",25,probe,0.20800000429153442,1.0,0.17600001394748688,0.031999990344047546,1.0,1.0,0.8592333314009011,0.8277666592039168,4,3
B112,B,101,101,9,"1,4,1",25,probe,0.14400000870227814,1.0,0.14400000870227814,0.0,1.0,1.0,0.8592333314009011,0.8277666592039168,4,3
B112,B,101,101,0,"0,1,1",25,finetune,0.17600001394748688,1.0,0.18400001525878906,-0.008000001311302185,1.0,1.0,0.8592333314009011,0.8277666592039168,4,2
B112,B,101,101,1,"1,1,3",25,finetune,0.2160000056028366,1.0,0.23200000822544098,-0.01600000262260437,1.0,1.0,0.8592333314009011,0.8277666592039168,4,2
B112,B,101,101,2,"1,1,4",25,finetune,0.20800000429153442,1.0,0.2160000056028366,-0.008000001311302185,1.0,1.0,0.8592333314009011,0.8277666592039168,4,2
B112,B,101,101,3,"1,2,2",25,finetune,0.1600000113248825,1.0,0.17600001394748688,-0.01600000262260437,1.0,1.0,0.8592333314009011,0.8277666592039168,4,2
B112,B,101,101,4,"1,2,3",25,finetune,0.15200001001358032,1.0,0.20000000298023224,-0.047999992966651917,1.0,1.0,0.8592333314009011,0.8277666592039168,4,3
B112,B,101,101,5,"1,2,4",25,finetune,0.20000000298023224,1.0,0.25600001215934753,-0.056000009179115295,1.0,1.0,0.8592333314009011,0.8277666592039168,4,2
B112,B,101,101,6,"1,3,1",25,finetune,0.1680000126361847,1.0,0.20800000429153442,-0.03999999165534973,1.0,1.0,0.8592333314009011,0.8277666592039168,4,2
B112,B,101,101,7,"1,3,2",25,finetune,0.3760000169277191,1.0,0.984000027179718,-0.6080000102519989,1.0,1.0,0.8592333314009011,0.8277666592039168,4,2
B112,B,101,101,8,"1,3,4",25,finetune,0.18400001525878906,1.0,0.14400000870227814,0.040000006556510925,1.0,1.0,0.8592333314009011,0.8277666592039168,4,3
B112,B,101,101,9,"1,4,1",25,finetune,0.13600000739097595,1.0,0.12800000607967377,0.008000001311302185,1.0,1.0,0.8592333314009011,0.8277666592039168,4,3
B112,B,101,101,0,"0,1,1",50,probe,0.1600000113248825,1.0,0.1680000126361847,-0.008000001311302185,1.0,1.0,0.8592333314009011,0.8277666592039168,4,2
B112,B,101,101,1,"1,1,3",50,probe,0.15200001001358032,1.0,0.20800000429153442,-0.0559999942779541,1.0,1.0,0.8592333314009011,0.8277666592039168,4,2
B112,B,101,101,2,"1,1,4",50,probe,0.19200000166893005,1.0,0.19200000166893005,0.0,1.0,1.0,0.8592333314009011,0.8277666592039168,4,2
B112,B,101,101,3,"1,2,2",50,probe,0.1600000113248825,1.0,0.14400000870227814,0.01600000262260437,1.0,1.0,0.8592333314009011,0.8277666592039168,4,2
B112,B,101,101,4,"1,2,3",50,probe,0.12800000607967377,1.0,0.19200000166893005,-0.06399999558925629,1.0,1.0,0.8592333314009011,0.8277666592039168,4,3
B112,B,101,101,5,"1,2,4",50,probe,0.20000000298023224,1.0,0.17600001394748688,0.02399998903274536,1.0,1.0,0.8592333314009011,0.8277666592039168,4,2
B112,B,101,101,6,"1,3,1",50,probe,0.20800000429153442,1.0,0.15200001001358032,0.0559999942779541,1.0,1.0,0.8592333314009011,0.8277666592039168,4,2
B112,B,101,101,7,"1,3,2",50,probe,0.2800000011920929,1.0,0.9920000433921814,-0.7120000422000885,1.0,1.0,0.8592333314009011,0.8277666592039168,4,2
B112,B,101,101,8,"1,3,4",50,probe,0.18400001525878906,1.0,0.17600001394748688,0.008000001311302185,1.0,1.0,0.8592333314009011,0.8277666592039168,4,3
B112,B,101,101,9,"1,4,1",50,probe,0.19200000166893005,1.0,0.1680000126361847,0.02399998903274536,1.0,1.0,0.8592333314009011,0.8277666592039168,4,3
B112,B,101,101,0,"0,1,1",50,finetune,0.15200001001358032,1.0,0.17600001394748688,-0.024000003933906555,1.0,1.0,0.8592333314009011,0.8277666592039168,4,2
B112,B,101,101,1,"1,1,3",50,finetune,0.17600001394748688,1.0,0.20000000298023224,-0.02399998903274536,1.0,1.0,0.8592333314009011,0.8277666592039168,4,2
B112,B,101,101,2,"1,1,4",50,finetune,0.1600000113248825,1.0,0.15200001001358032,0.008000001311302185,1.0,1.0,0.8592333314009011,0.8277666592039168,4,2
B112,B,101,101,3,"1,2,2",50,finetune,0.13600000739097595,1.0,0.08800000697374344,0.04800000041723251,1.0,1.0,0.8592333314009011,0.8277666592039168,4,2
B112,B,101,101,4,"1,2,3",50,finetune,0.18400001525878906,1.0,0.20800000429153442,-0.02399998903274536,1.0,1.0,0.8592333314009011,0.8277666592039168,4,3
B112,B,101,101,5,"1,2,4",50,finetune,0.09600000083446503,1.0,0.20800000429153442,-0.1120000034570694,1.0,1.0,0.8592333314009011,0.8277666592039168,4,2
B112,B,101,101,6,"1,3,1",50,finetune,0.19200000166893005,1.0,0.12000000476837158,0.07199999690055847,1.0,1.0,0.8592333314009011,0.8277666592039168,4,2
B112,B,101,101,7,"1,3,2",50,finetune,0.4960000216960907,1.0,1.0,-0.5039999783039093,1.0,1.0,0.8592333314009011,0.8277666592039168,4,2
B112,B,101,101,8,"1,3,4",50,finetune,0.2240000069141388,1.0,0.1680000126361847,0.0559999942779541,1.0,1.0,0.8592333314009011,0.8277666592039168,4,3
B112,B,101,101,9,"1,4,1",50,finetune,0.1600000113248825,1.0,0.1600000113248825,0.0,1.0,1.0,0.8592333314009011,0.8277666592039168,4,3
A210,A,17,42,0,"0,1,1",10,probe,0.2240000069141388,1.0,0.12000000476837158,0.10400000214576721,1.0,1.0,0.9045499990073343,0.8670333319654068,3,2
A210,A,17,42,1,"1,1,3",10,probe,0.2160000056028366,1.0,0.2160000056028366,0.0,1.0,1.0,0.9045499990073343,0.8670333319654068,3,3
A210,A,17,42,2,"1,1,4",10,probe,0.18400001525878906,1.0,0.64000004529953,-0.45600003004074097,1.0,1.0,0.9045499990073343,0.8670333319654068,3,3
A210,A,17,42,3,"1,2,2",10,probe,0.18400001525878906,1.0,0.24000000953674316,-0.0559999942779541,1.0,1.0,0.9045499990073343,0.8670333319654068,3,3
A210,A,17,42,4,"1,2,3",10,probe,0.19200000166893005,1.0,0.24800001084804535,-0.056000009179115295,1.0,1.0,0.9045499990073343,0.8670333319654068,3,3
A210,A,17,42,5,"1,2,4",10,probe,0.24800001084804535,1.0,0.1680000126361847,0.07999999821186066,1.0,1.0,0.9045499990073343,0.8670333319654068,3,3
A210,A,17,42,6,"1,3,1",10,probe,0.24800001084804535,1.0,0.13600000739097595,0.1120000034570694,1.0,1.0,0.9045499990073343,0.8670333319654068,3,2
A210,A,17,42,7,"1,3,2",10,probe,0.18400001525878906,1.0,0.1680000126361847,0.01600000262260437,1.0,1.0,0.9045499990073343,0.8670333319654068,3,2
A210,A,17,42,8,"1,3,4",10,probe,0.1600000113248825,1.0,0.25600001215934753,-0.09600000083446503,1.0,1.0,0.9045499990073343,0.8670333319654068,3,2
A210,A,17,42,9,"1,4,1",10,probe,0.15200001001358032,1.0,0.20800000429153442,-0.0559999942779541,1.0,1.0,0.9045499990073343,0.8670333319654068,3,3
A210,A,17,42,0,"0,1,1",10,finetune,0.20000000298023224,1.0,0.12800000607967377,0.07199999690055847,1.0,1.0,0.9045499990073343,0.8670333319654068,3,2
A210,A,17,42,1,"1,1,3",10,finetune,0.24000000953674316,1.0,0.2160000056028366,0.024000003933906555,1.0,1.0,0.9045499990073343,0.8670333319654068,3,3
A210,A,17,42,2,"1,1,4",10,finetune,0.41600000858306885,1.0,0.7200000286102295,-0.30400002002716064,1.0,1.0,0.9045499990073343,0.8670333319654068,3,3
A210,A,17,42,3,"1,2,2",10,finetune,0.20000000298023224,1.0,0.24000000953674316,-0.040000006556510925,1.0,1.0,0.9045499990073343,0.8670333319654068,3,3
A210,A,17,42,4,"1,2,3",10,finetune,0.23200000822544098,1.0,0.2160000056028366,0.01600000262260437,1.0,1.0,0.9045499990073343,0.8670333319654068,3,3
A210,A,17,42,5,"1,2,4",10,finetune,0.20000000298023224,1.0,0.13600000739097595,0.06399999558925629,1.0,1.0,0.9045499990073343,0.8670333319654068,3,3
A210,A,17,42,6,"1,3,1",10,finetune,0.1680000126361847,1.0,0.13600000739097595,0.03200000524520874,1.0,1.0,0.9045499990073343,0.8670333319654068,3,2
A210,A,17,42,7,"1,3,2",10,finetune,0.1680000126361847,1.0,0.15200001001358032,0.01600000262260437,1.0,1.0,0.9045499990073343,0.8670333319654068,3,2
A210,A,17,42,8,"1,3,4",10,finetune,0.18400001525878906,1.0,0.17600001394748688,0.008000001311302185,1.0,1.0,0.9045499990073343,0.8670333319654068,3,2
A210,A,17,42,9,"1,4,1",10,finetune,0.1680000126361847,1.0,0.18400001525878906,-0.01600000262260437,1.0,1.0,0.9045499990073343,0.8670333319654068,3,3
A210,A,17,42,0,"0,1,1",25,probe,0.19200000166893005,1.0,0.20000000298023224,-0.008000001311302185,1.0,1.0,0.9045499990073343,0.8670333319654068,3,2
A210,A,17,42,1,"1,1,3",25,probe,0.2240000069141388,1.0,0.12800000607967377,0.09600000083446503,1.0,1.0,0.9045499990073343,0.8670333319654068,3,3
A210,A,17,42,2,"1,1,4",25,probe,0.24000000953674316,1.0,0.9280000329017639,-0.6880000233650208,1.0,1.0,0.9045499990073343,0.8670333319654068,3,3
A210,A,17,42,3,"1,2,2",25,probe,0.24800001084804535,1.0,0.29600000381469727,-0.047999992966651917,1.0,1.0,0.9045499990073343,0.8670333319654068,3,3
A210,A,17,42,4,"1,2,3",25,probe,0.2160000056028366,1.0,0.2639999985694885,-0.047999992966651917,1.0,1.0,0.9045499990073343,0.8670333319654068,3,3
A210,A,17,42,5,"1,2,4",25,probe,0.19200000166893005,1.0,0.13600000739097595,0.0559999942779541,1.0,1.0,0.9045499990073343,0.8670333319654068,3,3
A210,A,17,42,6,"1,3,1",25,probe,0.23200000822544098,1.0,0.15200001001358032,0.07999999821186066,1.0,1.0,0.9045499990073343,0.8670333319654068,3,2
A210,A,17,42,7,"1,3,2",25,probe,0.1680000126361847,1.0,0.17600001394748688,-0.008000001311302185,1.0,1.0,0.9045499990073343,0.8670333319654068,3,2
A210,A,17,42,8,"1,3,4",25,probe,0.1600000113248825,1.0,0.1600000113248825,0.0,1.0,1.0,0.9045499990073343,0.8670333319654068,3,2
A210,A,17,42,9,"1,4,1",25,probe,0.20000000298023224,1.0,0.24000000953674316,-0.040000006556510925,1.0,1.0,0.9045499990073343,0.8670333319654068,3,3
A210,A,17,42,0,"0,1,1",25,finetune,0.20000000298023224,1.0,0.17600001394748688,0.02399998903274536,1.0,1.0,0.9045499990073343,0.8670333319654068,3,2
A210,A,17,42,1,"1,1,3",25,finetune,0.2160000056028366,1.0,0.1600000113248825,0.0559999942779541,1.0,1.0,0.9045499990073343,0.8670333319654068,3,3
A210,A,17,42,2,"1,1,4",25,finetune,0.5840000510215759,1.0,0.9920000433921814,-0.40799999237060547,1.0,1.0,0.9045499990073343,0.8670333319654068,3,3
A210,A,17,42,3,"1,2,2",25,finetune,0.2800000011920929,1.0,0.2800000011920929,0.0,1.0,1.0,0.9045499990073343,0.8670333319654068,3,3
A210,A,17,42,4,"1,2,3",25,finetune,0.2240000069141388,1.0,0.23200000822544098,-0.008000001311302185,1.0,1.0,0.9045499990073343,0.8670333319654068,3,3
A210,A,17,42,5,"1,2,4",25,finetune,0.1680000126361847,1.0,0.1680000126361847,0.0,1.0,1.0,0.9045499990073343,0.8670333319654068,3,3
A210,A,17,42,6,"1,3,1",25,finetune,0.08000000566244125,1.0,0.13600000739097595,-0.0560000017285347,1.0,1.0,0.9045499990073343,0.8670333319654068,3,2
A210,A,17,42,7,"1,3,2",25,finetune,0.18400001525878906,1.0,0.20800000429153442,-0.02399998903274536,1.0,1.0,0.9045499990073343,0.8670333319654068,3,2
A210,A,17,42,8,"1,3,4",25,finetune,0.17600001394748688,1.0,0.12800000607967377,0.04800000786781311,1.0,1.0,0.9045499990073343,0.8670333319654068,3,2
A210,A,17,42,9,"1,4,1",25,finetune,0.2240000069141388,1.0,0.25600001215934753,-0.03200000524520874,1.0,1.0,0.9045499990073343,0.8670333319654068,3,3
A210,A,17,42,0,"0,1,1",50,probe,0.20800000429153442,1.0,0.1680000126361847,0.03999999165534973,1.0,1.0,0.9045499990073343,0.8670333319654068,3,2
A210,A,17,42,1,"1,1,3",50,probe,0.1600000113248825,1.0,0.20800000429153442,-0.047999992966651917,1.0,1.0,0.9045499990073343,0.8670333319654068,3,3
A210,A,17,42,2,"1,1,4",50,probe,0.29600000381469727,1.0,0.984000027179718,-0.6880000233650208,1.0,1.0,0.9045499990073343,0.8670333319654068,3,3
A210,A,17,42,3,"1,2,2",50,probe,0.2240000069141388,1.0,0.30400002002716064,-0.08000001311302185,1.0,1.0,0.9045499990073343,0.8670333319654068,3,3
A210,A,17,42,4,"1,2,3",50,probe,0.2160000056028366,1.0,0.2800000011920929,-0.06399999558925629,1.0,1.0,0.9045499990073343,0.8670333319654068,3,3
A210,A,17,42,5,"1,2,4",50,probe,0.1600000113248825,1.0,0.1600000113248825,0.0,1.0,1.0,0.9045499990073343,0.8670333319654068,3,3
A210,A,17,42,6,"1,3,1",50,probe,0.20000000298023224,1.0,0.13600000739097595,0.06399999558925629,1.0,1.0,0.9045499990073343,0.8670333319654068,3,2
A210,A,17,42,7,"1,3,2",50,probe,0.17600001394748688,1.0,0.14400000870227814,0.03200000524520874,1.0,1.0,0.9045499990073343,0.8670333319654068,3,2
A210,A,17,42,8,"1,3,4",50,probe,0.19200000166893005,1.0,0.18400001525878906,0.007999986410140991,1.0,1.0,0.9045499990073343,0.8670333319654068,3,2
A210,A,17,42,9,"1,4,1",50,probe,0.1680000126361847,1.0,0.23200000822544098,-0.06399999558925629,1.0,1.0,0.9045499990073343,0.8670333319654068,3,3
A210,A,17,42,0,"0,1,1",50,finetune,0.19200000166893005,1.0,0.12000000476837158,0.07199999690055847,1.0,1.0,0.9045499990073343,0.8670333319654068,3,2
A210,A,17,42,1,"1,1,3",50,finetune,0.2160000056028366,1.0,0.2160000056028366,0.0,1.0,1.0,0.9045499990073343,0.8670333319654068,3,3
A210,A,17,42,2,"1,1,4",50,finetune,0.7760000228881836,1.0,1.0,-0.2239999771118164,1.0,1.0,0.9045499990073343,0.8670333319654068,3,3
A210,A,17,42,3,"1,2,2",50,finetune,0.31200000643730164,1.0,0.2800000011920929,0.03200000524520874,1.0,1.0,0.9045499990073343,0.8670333319654068,3,3
A210,A,17,42,4,"1,2,3",50,finetune,0.1600000113248825,1.0,0.23200000822544098,-0.07199999690055847,1.0,1.0,0.9045499990073343,0.8670333319654068,3,3
A210,A,17,42,5,"1,2,4",50,finetune,0.1600000113248825,1.0,0.18400001525878906,-0.024000003933906555,1.0,1.0,0.9045499990073343,0.8670333319654068,3,3
A210,A,17,42,6,"1,3,1",50,finetune,0.09600000083446503,1.0,0.12800000607967377,-0.03200000524520874,1.0,1.0,0.9045499990073343,0.8670333319654068,3,2
A210,A,17,42,7,"1,3,2",50,finetune,0.13600000739097595,1.0,0.1680000126361847,-0.03200000524520874,1.0,1.0,0.9045499990073343,0.8670333319654068,3,2
A210,A,17,42,8,"1,3,4",50,finetune,0.12800000607967377,1.0,0.15200001001358032,-0.024000003933906555,1.0,1.0,0.9045499990073343,0.8670333319654068,3,2
A210,A,17,42,9,"1,4,1",50,finetune,0.20000000298023224,1.0,0.19200000166893005,0.008000001311302185,1.0,1.0,0.9045499990073343,0.8670333319654068,3,3
A210,A,17,101,0,"0,1,1",10,probe,0.20800000429153442,1.0,0.1680000126361847,0.03999999165534973,1.0,1.0,0.900949997206529,0.8746666633524001,3,2
A210,A,17,101,1,"1,1,3",10,probe,0.2160000056028366,1.0,0.2160000056028366,0.0,1.0,1.0,0.900949997206529,0.8746666633524001,3,3
A210,A,17,101,2,"1,1,4",10,probe,0.20000000298023224,1.0,0.7120000123977661,-0.5120000094175339,1.0,1.0,0.900949997206529,0.8746666633524001,3,3
A210,A,17,101,3,"1,2,2",10,probe,0.2160000056028366,1.0,0.19200000166893005,0.024000003933906555,1.0,1.0,0.900949997206529,0.8746666633524001,3,3
A210,A,17,101,4,"1,2,3",10,probe,0.13600000739097595,1.0,0.20800000429153442,-0.07199999690055847,1.0,1.0,0.900949997206529,0.8746666633524001,3,3
A210,A,17,101,5,"1,2,4",10,probe,0.10400000214576721,1.0,0.15200001001358032,-0.04800000786781311,1.0,1.0,0.900949997206529,0.8746666633524001,3,3
A210,A,17,101,6,"1,3,1",10,probe,0.1600000113248825,1.0,0.14400000870227814,0.01600000262260437,1.0,1.0,0.900949997206529,0.8746666633524001,3,2
A210,A,17,101,7,"1,3,2",10,probe,0.15200001001358032,1.0,0.1600000113248825,-0.008000001311302185,1.0,1.0,0.900949997206529,0.8746666633524001,3,2
A210,A,17,101,8,"1,3,4",10,probe,0.19200000166893005,1.0,0.24800001084804535,-0.056000009179115295,1.0,1.0,0.900949997206529,0.8746666633524001,3,2
A210,A,17,101,9,"1,4,1",10,probe,0.20000000298023224,1.0,0.14400000870227814,0.0559999942779541,1.0,1.0,0.900949997206529,0.8746666633524001,3,3
A210,A,17,101,0,"0,1,1",10,finetune,0.20000000298023224,1.0,0.1680000126361847,0.031999990344047546,1.0,1.0,0.900949997206529,0.8746666633524001,3,2
A210,A,17,101,1,"1,1,3",10,finetune,0.20000000298023224,1.0,0.23200000822544098,-0.03200000524520874,1.0,1.0,0.900949997206529,0.8746666633524001,3,3
A210,A,17,101,2,"1,1,4",10,finetune,0.41600000858306885,1.0,0.7760000228881836,-0.36000001430511475,1.0,1.0,0.900949997206529,0.8746666633524001,3,3
A210,A,17,101,3,"1,2,2",10,finetune,0.24000000953674316,1.0,0.25600001215934753,-0.01600000262260437,1.0,1.0,0.900949997206529,0.8746666633524001,3,3
A210,A,17,101,4,"1,2,3",10,finetune,0.17600001394748688,1.0,0.24800001084804535,-0.07199999690055847,1.0,1.0,0.900949997206529,0.8746666633524001,3,3
A210,A,17,101,5,"1,2,4",10,finetune,0.14400000870227814,1.0,0.1600000113248825,-0.01600000262260437,1.0,1.0,0.900949997206529,0.8746666633524001,3,3
A210,A,17,101,6,"1,3,1",10,finetune,0.12000000476837158,1.0,0.1680000126361847,-0.04800000786781311,1.0,1.0,0.900949997206529,0.8746666633524001,3,2
A210,A,17,101,7,"1,3,2",10,finetune,0.1600000113248825,1.0,0.15200001001358032,0.008000001311302185,1.0,1.0,0.900949997206529,0.8746666633524001,3,2
A210,A,17,101,8,"1,3,4",10,finetune,0.15200001001358032,1.0,0.20800000429153442,-0.0559999942779541,1.0,1.0,0.900949997206529,0.8746666633524001,3,2
A210,A,17,101,9,"1,4,1",10,finetune,0.18400001525878906,1.0,0.15200001001358032,0.03200000524520874,1.0,1.0,0.900949997206529,0.8746666633524001,3,3
A210,A,17,101,0,"0,1,1",25,probe,0.13600000739097595,1.0,0.13600000739097595,0.0,1.0,1.0,0.900949997206529,0.8746666633524001,3,2
A210,A,17,101,1,"1,1,3",25,probe,0.2160000056028366,1.0,0.20800000429153442,0.008000001311302185,1.0,1.0,0.900949997206529,0.8746666633524001,3,3
A210,A,17,101,2,"1,1,4",25,probe,0.20000000298023224,1.0,0.968000054359436,-0.7680000513792038,1.0,1.0,0.900949997206529,0.8746666633524001,3,3
A210,A,17,101,3,"1,2,2",25,probe,0.25600001215934753,1.0,0.320000022649765,-0.06400001049041748,1.0,1.0,0.900949997206529,0.8746666633524001,3,3
A210,A,17,101,4,"1,2,3",25,probe,0.14400000870227814,1.0,0.2639999985694885,-0.11999998986721039,1.0,1.0,0.900949997206529,0.8746666633524001,3,3
A210,A,17,101,5,"1,2,4",25,probe,0.15200001001358032,1.0,0.18400001525878906,-0.03200000524520874,1.0,1.0,0.900949997206529,0.8746666633524001,3,3
A210,A,17,101,6,"1,3,1",25,probe,0.2160000056028366,1.0,0.1680000126361847,0.047999992966651917,1.0,1.0,0.900949997206529,0.8746666633524001,3,2
A210,A,17,101,7,"1,3,2",25,probe,0.20000000298023224,1.0,0.2160000056028366,-0.01600000262260437,1.0,1.0,0.900949997206529,0.8746666633524001,3,2
A210,A,17,101,8,"1,3,4",25,probe,0.2160000056028366,1.0,0.12800000607967377,0.08799999952316284,1.0,1.0,0.900949997206529,0.8746666633524001,3,2
A210,A,17,101,9,"1,4,1",25,probe,0.23200000822544098,1.0,0.23200000822544098,0.0,1.0,1.0,0.900949997206529,0.8746666633524001,3,3
A210,A,17,101,0,"0,1,1",25,finetune,0.10400000214576721,1.0,0.18400001525878906,-0.08000001311302185,1.0,1.0,0.900949997206529,0.8746666633524001,3,2
A210,A,17,101,1,"1,1,3",25,finetune,0.18400001525878906,1.0,0.20000000298023224,-0.015999987721443176,1.0,1.0,0.900949997206529,0.8746666633524001,3,3
A210,A,17,101,2,"1,1,4",25,finetune,0.5840000510215759,1.0,0.9920000433921814,-0.40799999237060547,1.0,1.0,0.900949997206529,0.8746666633524001,3,3
A210,A,17,101,3,"1,2,2",25,finetune,0.25600001215934753,1.0,0.320000022649765,-0.06400001049041748,1.0,1.0,0.900949997206529,0.8746666633524001,3,3
A210,A,17,101,4,"1,2,3",25,finetune,0.2720000147819519,1.0,0.25600001215934753,0.01600000262260437,1.0,1.0,0.900949997206529,0.8746666633524001,3,3
A210,A,17,101,5,"1,2,4",25,finetune,0.1600000113248825,1.0,0.18400001525878906,-0.024000003933906555,1.0,1.0,0.900949997206529,0.8746666633524001,3,3
A210,A,17,101,6,"1,3,1",25,finetune,0.10400000214576721,1.0,0.12800000607967377,-0.024000003933906555,1.0,1.0,0.900949997206529,0.8746666633524001,3,2
A210,A,17,101,7,"1,3,2",25,finetune,0.2240000069141388,1.0,0.1680000126361847,0.0559999942779541,1.0,1.0,0.900949997206529,0.8746666633524001,3,2
A210,A,17,101,8,"1,3,4",25,finetune,0.17600001394748688,1.0,0.13600000739097595,0.040000006556510925,1.0,1.0,0.900949997206529,0.8746666633524001,3,2
A210,A,17,101,9,"1,4,1",25,finetune,0.24800001084804535,1.0,0.2160000056028366,0.03200000524520874,1.0,1.0,0.900949997206529,0.8746666633524001,3,3
A210,A,17,101,0,"0,1,1",50,probe,0.13600000739097595,1.0,0.13600000739097595,0.0,1.0,1.0,0.900949997206529,0.8746666633524001,3,2
A210,A,17,101,1,"1,1,3",50,probe,0.14400000870227814,1.0,0.20800000429153442,-0.06399999558925629,1.0,1.0,0.900949997206529,0.8746666633524001,3,3
A210,A,17,101,2,"1,1,4",50,probe,0.23200000822544098,1.0,0.968000054359436,-0.7360000461339951,1.0,1.0,0.900949997206529,0.8746666633524001,3,3
A210,A,17,101,3,"1,2,2",50,probe,0.24800001084804535,1.0,0.29600000381469727,-0.047999992966651917,1.0,1.0,0.900949997206529,0.8746666633524001,3,3
A210,A,17,101,4,"1,2,3",50,probe,0.2240000069141388,1.0,0.24800001084804535,-0.024000003933906555,1.0,1.0,0.900949997206529,0.8746666633524001,3,3
A210,A,17,101,5,"1,2,4",50,probe,0.18400001525878906,1.0,0.1680000126361847,0.01600000262260437,1.0,1.0,0.900949997206529,0.8746666633524001,3,3
A210,A,17,101,6,"1,3,1",50,probe,0.12800000607967377,1.0,0.13600000739097595,-0.008000001311302185,1.0,1.0,0.900949997206529,0.8746666633524001,3,2
A210,A,17,101,7,"1,3,2",50,probe,0.2160000056028366,1.0,0.1600000113248825,0.0559999942779541,1.0,1.0,0.900949997206529,0.8746666633524001,3,2
A210,A,17,101,8,"1,3,4",50,probe,0.14400000870227814,1.0,0.15200001001358032,-0.008000001311302185,1.0,1.0,0.900949997206529,0.8746666633524001,3,2
A210,A,17,101,9,"1,4,1",50,probe,0.24000000953674316,1.0,0.17600001394748688,0.06399999558925629,1.0,1.0,0.900949997206529,0.8746666633524001,3,3
A210,A,17,101,0,"0,1,1",50,finetune,0.08800000697374344,1.0,0.12800000607967377,-0.03999999910593033,1.0,1.0,0.900949997206529,0.8746666633524001,3,2
A210,A,17,101,1,"1,1,3",50,finetune,0.20000000298023224,1.0,0.2160000056028366,-0.01600000262260437,1.0,1.0,0.900949997206529,0.8746666633524001,3,3
A210,A,17,101,2,"1,1,4",50,finetune,0.6720000505447388,1.0,1.0,-0.32799994945526123,1.0,1.0,0.900949997206529,0.8746666633524001,3,3
A210,A,17,101,3,"1,2,2",50,finetune,0.35200002789497375,1.0,0.2720000147819519,0.08000001311302185,1.0,1.0,0.900949997206529,0.8746666633524001,3,3
A210,A,17,101,4,"1,2,3",50,finetune,0.23200000822544098,1.0,0.24000000953674316,-0.008000001311302185,1.0,1.0,0.900949997206529,0.8746666633524001,3,3
A210,A,17,101,5,"1,2,4",50,finetune,0.12000000476837158,1.0,0.12000000476837158,0.0,1.0,1.0,0.900949997206529,0.8746666633524001,3,3
A210,A,17,101,6,"1,3,1",50,finetune,0.10400000214576721,1.0,0.1120000034570694,-0.008000001311302185,1.0,1.0,0.900949997206529,0.8746666633524001,3,2
A210,A,17,101,7,"1,3,2",50,finetune,0.24000000953674316,1.0,0.15200001001358032,0.08799999952316284,1.0,1.0,0.900949997206529,0.8746666633524001,3,2
A210,A,17,101,8,"1,3,4",50,finetune,0.15200001001358032,1.0,0.14400000870227814,0.008000001311302185,1.0,1.0,0.900949997206529,0.8746666633524001,3,2
A210,A,17,101,9,"1,4,1",50,finetune,0.29600000381469727,1.0,0.18400001525878906,0.1119999885559082,1.0,1.0,0.900949997206529,0.8746666633524001,3,3
A210,A,42,42,0,"0,1,1",10,probe,0.1600000113248825,1.0,0.1600000113248825,0.0,1.0,1.0,0.9075833323101202,0.9013166641816497,3,2
A210,A,42,42,1,"1,1,3",10,probe,0.1120000034570694,1.0,0.1680000126361847,-0.056000009179115295,1.0,1.0,0.9075833323101202,0.9013166641816497,3,3
A210,A,42,42,2,"1,1,4",10,probe,0.1680000126361847,1.0,0.15200001001358032,0.01600000262260437,1.0,1.0,0.9075833323101202,0.9013166641816497,3,3
A210,A,42,42,3,"1,2,2",10,probe,0.20000000298023224,1.0,0.14400000870227814,0.0559999942779541,1.0,1.0,0.9075833323101202,0.9013166641816497,3,3
A210,A,42,42,4,"1,2,3",10,probe,0.1120000034570694,1.0,0.14400000870227814,-0.03200000524520874,1.0,1.0,0.9075833323101202,0.9013166641816497,3,3
A210,A,42,42,5,"1,2,4",10,probe,0.17600001394748688,1.0,0.15200001001358032,0.024000003933906555,1.0,1.0,0.9075833323101202,0.9013166641816497,3,3
A210,A,42,42,6,"1,3,1",10,probe,0.2720000147819519,1.0,0.6880000233650208,-0.41600000858306885,1.0,1.0,0.9075833323101202,0.9013166641816497,3,2
A210,A,42,42,7,"1,3,2",10,probe,0.20800000429153442,1.0,0.1600000113248825,0.047999992966651917,1.0,1.0,0.9075833323101202,0.9013166641816497,3,2
A210,A,42,42,8,"1,3,4",10,probe,0.2720000147819519,1.0,0.20000000298023224,0.07200001180171967,1.0,1.0,0.9075833323101202,0.9013166641816497,3,2
A210,A,42,42,9,"1,4,1",10,probe,0.15200001001358032,1.0,0.20000000298023224,-0.047999992966651917,1.0,1.0,0.9075833323101202,0.9013166641816497,3,3
A210,A,42,42,0,"0,1,1",10,finetune,0.18400001525878906,1.0,0.17600001394748688,0.008000001311302185,1.0,1.0,0.9075833323101202,0.9013166641816497,3,2
A210,A,42,42,1,"1,1,3",10,finetune,0.09600000083446503,1.0,0.1600000113248825,-0.06400001049041748,1.0,1.0,0.9075833323101202,0.9013166641816497,3,3
A210,A,42,42,2,"1,1,4",10,finetune,0.15200001001358032,1.0,0.1120000034570694,0.040000006556510925,1.0,1.0,0.9075833323101202,0.9013166641816497,3,3
A210,A,42,42,3,"1,2,2",10,finetune,0.14400000870227814,1.0,0.18400001525878906,-0.040000006556510925,1.0,1.0,0.9075833323101202,0.9013166641816497,3,3
A210,A,42,42,4,"1,2,3",10,finetune,0.1120000034570694,1.0,0.14400000870227814,-0.03200000524520874,1.0,1.0,0.9075833323101202,0.9013166641816497,3,3
A210,A,42,42,5,"1,2,4",10,finetune,0.20000000298023224,1.0,0.17600001394748688,0.02399998903274536,1.0,1.0,0.9075833323101202,0.9013166641816497,3,3
A210,A,42,42,6,"1,3,1",10,finetune,0.47200003266334534,1.0,0.7280000448226929,-0.25600001215934753,1.0,1.0,0.9075833323101202,0.9013166641816497,3,2
A210,A,42,42,7,"1,3,2",10,finetune,0.17600001394748688,1.0,0.20800000429153442,-0.031999990344047546,1.0,1.0,0.9075833323101202,0.9013166641816497,3,2
A210,A,42,42,8,"1,3,4",10,finetune,0.328000009059906,1.0,0.2160000056028366,0.1120000034570694,1.0,1.0,0.9075833323101202,0.9013166641816497,3,2
A210,A,42,42,9,"1,4,1",10,finetune,0.18400001525878906,1.0,0.20000000298023224,-0.015999987721443176,1.0,1.0,0.9075833323101202,0.9013166641816497,3,3
A210,A,42,42,0,"0,1,1",25,probe,0.19200000166893005,1.0,0.19200000166893005,0.0,1.0,1.0,0.9075833323101202,0.9013166641816497,3,2
A210,A,42,42,1,"1,1,3",25,probe,0.1600000113248825,1.0,0.10400000214576721,0.056000009179115295,1.0,1.0,0.9075833323101202,0.9013166641816497,3,3
A210,A,42,42,2,"1,1,4",25,probe,0.18400001525878906,1.0,0.1680000126361847,0.01600000262260437,1.0,1.0,0.9075833323101202,0.9013166641816497,3,3
A210,A,42,42,3,"1,2,2",25,probe,0.18400001525878906,1.0,0.12000000476837158,0.06400001049041748,1.0,1.0,0.9075833323101202,0.9013166641816497,3,3
A210,A,42,42,4,"1,2,3",25,probe,0.20000000298023224,1.0,0.1680000126361847,0.031999990344047546,1.0,1.0,0.9075833323101202,0.9013166641816497,3,3
A210,A,42,42,5,"1,2,4",25,probe,0.18400001525878906,1.0,0.15200001001358032,0.03200000524520874,1.0,1.0,0.9075833323101202,0.9013166641816497,3,3
A210,A,42,42,6,"1,3,1",25,probe,0.3440000116825104,1.0,0.9520000219345093,-0.6080000102519989,1.0,1.0,0.9075833323101202,0.9013166641816497,3,2
A210,A,42,42,7,"1,3,2",25,probe,0.2160000056028366,1.0,0.18400001525878906,0.031999990344047546,1.0,1.0,0.9075833323101202,0.9013166641816497,3,2
A210,A,42,42,8,"1,3,4",25,probe,0.328000009059906,1.0,0.2160000056028366,0.1120000034570694,1.0,1.0,0.9075833323101202,0.9013166641816497,3,2
A210,A,42,42,9,"1,4,1",25,probe,0.1600000113248825,1.0,0.14400000870227814,0.01600000262260437,1.0,1.0,0.9075833323101202,0.9013166641816497,3,3
A210,A,42,42,0,"0,1,1",25,finetune,0.14400000870227814,1.0,0.24000000953674316,-0.09600000083446503,1.0,1.0,0.9075833323101202,0.9013166641816497,3,2
A210,A,42,42,1,"1,1,3",25,finetune,0.14400000870227814,1.0,0.10400000214576721,0.040000006556510925,1.0,1.0,0.9075833323101202,0.9013166641816497,3,3
A210,A,42,42,2,"1,1,4",25,finetune,0.12800000607967377,1.0,0.15200001001358032,-0.024000003933906555,1.0,1.0,0.9075833323101202,0.9013166641816497,3,3
A210,A,42,42,3,"1,2,2",25,finetune,0.1680000126361847,1.0,0.12000000476837158,0.04800000786781311,1.0,1.0,0.9075833323101202,0.9013166641816497,3,3
A210,A,42,42,4,"1,2,3",25,finetune,0.13600000739097595,1.0,0.1680000126361847,-0.03200000524520874,1.0,1.0,0.9075833323101202,0.9013166641816497,3,3
A210,A,42,42,5,"1,2,4",25,finetune,0.18400001525878906,1.0,0.13600000739097595,0.04800000786781311,1.0,1.0,0.9075833323101202,0.9013166641816497,3,3
A210,A,42,42,6,"1,3,1",25,finetune,0.47200003266334534,1.0,0.984000027179718,-0.5119999945163727,1.0,1.0,0.9075833323101202,0.9013166641816497,3,2
A210,A,42,42,7,"1,3,2",25,finetune,0.1680000126361847,1.0,0.19200000166893005,-0.02399998903274536,1.0,1.0,0.9075833323101202,0.9013166641816497,3,2
A210,A,42,42,8,"1,3,4",25,finetune,0.46400001645088196,1.0,0.2240000069141388,0.24000000953674316,1.0,1.0,0.9075833323101202,0.9013166641816497,3,2
A210,A,42,42,9,"1,4,1",25,finetune,0.1680000126361847,1.0,0.15200001001358032,0.01600000262260437,1.0,1.0,0.9075833323101202,0.9013166641816497,3,3
A210,A,42,42,0,"0,1,1",50,probe,0.19200000166893005,1.0,0.18400001525878906,0.007999986410140991,1.0,1.0,0.9075833323101202,0.9013166641816497,3,2
A210,A,42,42,1,"1,1,3",50,probe,0.17600001394748688,1.0,0.15200001001358032,0.024000003933906555,1.0,1.0,0.9075833323101202,0.9013166641816497,3,3
A210,A,42,42,2,"1,1,4",50,probe,0.13600000739097595,1.0,0.1600000113248825,-0.024000003933906555,1.0,1.0,0.9075833323101202,0.9013166641816497,3,3
A210,A,42,42,3,"1,2,2",50,probe,0.20000000298023224,1.0,0.13600000739097595,0.06399999558925629,1.0,1.0,0.9075833323101202,0.9013166641816497,3,3
A210,A,42,42,4,"1,2,3",50,probe,0.14400000870227814,1.0,0.25600001215934753,-0.1120000034570694,1.0,1.0,0.9075833323101202,0.9013166641816497,3,3
A210,A,42,42,5,"1,2,4",50,probe,0.17600001394748688,1.0,0.2160000056028366,-0.03999999165534973,1.0,1.0,0.9075833323101202,0.9013166641816497,3,3
A210,A,42,42,6,"1,3,1",50,probe,0.3840000033378601,1.0,1.0,-0.6159999966621399,1.0,1.0,0.9075833323101202,0.9013166641816497,3,2
A210,A,42,42,7,"1,3,2",50,probe,0.20800000429153442,1.0,0.19200000166893005,0.01600000262260437,1.0,1.0,0.9075833323101202,0.9013166641816497,3,2
A210,A,42,42,8,"1,3,4",50,probe,0.4320000112056732,1.0,0.31200000643730164,0.12000000476837158,1.0,1.0,0.9075833323101202,0.9013166641816497,3,2
A210,A,42,42,9,"1,4,1",50,probe,0.1600000113248825,1.0,0.18400001525878906,-0.024000003933906555,1.0,1.0,0.9075833323101202,0.9013166641816497,3,3
A210,A,42,42,0,"0,1,1",50,finetune,0.12800000607967377,1.0,0.15200001001358032,-0.024000003933906555,1.0,1.0,0.9075833323101202,0.9013166641816497,3,2
A210,A,42,42,1,"1,1,3",50,finetune,0.15200001001358032,1.0,0.1600000113248825,-0.008000001311302185,1.0,1.0,0.9075833323101202,0.9013166641816497,3,3
A210,A,42,42,2,"1,1,4",50,finetune,0.14400000870227814,1.0,0.1680000126361847,-0.024000003933906555,1.0,1.0,0.9075833323101202,0.9013166641816497,3,3
A210,A,42,42,3,"1,2,2",50,finetune,0.12800000607967377,1.0,0.12800000607967377,0.0,1.0,1.0,0.9075833323101202,0.9013166641816497,3,3
A210,A,42,42,4,"1,2,3",50,finetune,0.1600000113248825,1.0,0.24800001084804535,-0.08799999952316284,1.0,1.0,0.9075833323101202,0.9013166641816497,3,3
A210,A,42,42,5,"1,2,4",50,finetune,0.1680000126361847,1.0,0.17600001394748688,-0.008000001311302185,1.0,1.0,0.9075833323101202,0.9013166641816497,3,3
A210,A,42,42,6,"1,3,1",50,finetune,0.8080000281333923,1.0,1.0,-0.19199997186660767,1.0,1.0,0.9075833323101202,0.9013166641816497,3,2
A210,A,42,42,7,"1,3,2",50,finetune,0.19200000166893005,1.0,0.23200000822544098,-0.040000006556510925,1.0,1.0,0.9075833323101202,0.9013166641816497,3,2
A210,A,42,42,8,"1,3,4",50,finetune,0.5120000243186951,1.0,0.35200002789497375,0.1599999964237213,1.0,1.0,0.9075833323101202,0.9013166641816497,3,2
A210,A,42,42,9,"1,4,1",50,finetune,0.15200001001358032,1.0,0.18400001525878906,-0.03200000524520874,1.0,1.0,0.9075833323101202,0.9013166641816497,3,3
A210,A,42,101,0,"0,1,1",10,probe,0.17600001394748688,1.0,0.17600001394748688,0.0,1.0,1.0,0.9118333328515291,0.8979333308525383,3,2
A210,A,42,101,1,"1,1,3",10,probe,0.18400001525878906,1.0,0.12000000476837158,0.06400001049041748,1.0,1.0,0.9118333328515291,0.8979333308525383,3,3
A210,A,42,101,2,"1,1,4",10,probe,0.2160000056028366,1.0,0.12000000476837158,0.09600000083446503,1.0,1.0,0.9118333328515291,0.8979333308525383,3,3
A210,A,42,101,3,"1,2,2",10,probe,0.20000000298023224,1.0,0.17600001394748688,0.02399998903274536,1.0,1.0,0.9118333328515291,0.8979333308525383,3,3
A210,A,42,101,4,"1,2,3",10,probe,0.1680000126361847,1.0,0.18400001525878906,-0.01600000262260437,1.0,1.0,0.9118333328515291,0.8979333308525383,3,3
A210,A,42,101,5,"1,2,4",10,probe,0.20800000429153442,1.0,0.1600000113248825,0.047999992966651917,1.0,1.0,0.9118333328515291,0.8979333308525383,3,3
A210,A,42,101,6,"1,3,1",10,probe,0.2800000011920929,1.0,0.6480000019073486,-0.36800000071525574,1.0,1.0,0.9118333328515291,0.8979333308525383,3,2
A210,A,42,101,7,"1,3,2",10,probe,0.2160000056028366,1.0,0.20000000298023224,0.01600000262260437,1.0,1.0,0.9118333328515291,0.8979333308525383,3,2
A210,A,42,101,8,"1,3,4",10,probe,0.23200000822544098,1.0,0.17600001394748688,0.0559999942779541,1.0,1.0,0.9118333328515291,0.8979333308525383,3,2
A210,A,42,101,9,"1,4,1",10,probe,0.19200000166893005,1.0,0.20000000298023224,-0.008000001311302185,1.0,1.0,0.9118333328515291,0.8979333308525383,3,3
A210,A,42,101,0,"0,1,1",10,finetune,0.17600001394748688,1.0,0.19200000166893005,-0.015999987721443176,1.0,1.0,0.9118333328515291,0.8979333308525383,3,2
A210,A,42,101,1,"1,1,3",10,finetune,0.10400000214576721,1.0,0.17600001394748688,-0.07200001180171967,1.0,1.0,0.9118333328515291,0.8979333308525383,3,3
A210,A,42,101,2,"1,1,4",10,finetune,0.15200001001358032,1.0,0.1120000034570694,0.040000006556510925,1.0,1.0,0.9118333328515291,0.8979333308525383,3,3
A210,A,42,101,3,"1,2,2",10,finetune,0.2160000056028366,1.0,0.1680000126361847,0.047999992966651917,1.0,1.0,0.9118333328515291,0.8979333308525383,3,3
A210,A,42,101,4,"1,2,3",10,finetune,0.20800000429153442,1.0,0.18400001525878906,0.02399998903274536,1.0,1.0,0.9118333328515291,0.8979333308525383,3,3
A210,A,42,101,5,"1,2,4",10,finetune,0.18400001525878906,1.0,0.14400000870227814,0.040000006556510925,1.0,1.0,0.9118333328515291,0.8979333308525383,3,3
A210,A,42,101,6,"1,3,1",10,finetune,0.4240000247955322,1.0,0.7440000176429749,-0.3199999928474426,1.0,1.0,0.9118333328515291,0.8979333308525383,3,2
A210,A,42,101,7,"1,3,2",10,finetune,0.20800000429153442,1.0,0.19200000166893005,0.01600000262260437,1.0,1.0,0.9118333328515291,0.8979333308525383,3,2
A210,A,42,101,8,"1,3,4",10,finetune,0.24800001084804535,1.0,0.2240000069141388,0.024000003933906555,1.0,1.0,0.9118333328515291,0.8979333308525383,3,2
A210,A,42,101,9,"1,4,1",10,finetune,0.20800000429153442,1.0,0.19200000166893005,0.01600000262260437,1.0,1.0,0.9118333328515291,0.8979333308525383,3,3
A210,A,42,101,0,"0,1,1",25,probe,0.2240000069141388,1.0,0.24800001084804535,-0.024000003933906555,1.0,1.0,0.9118333328515291,0.8979333308525383,3,2
A210,A,42,101,1,"1,1,3",25,probe,0.15200001001358032,1.0,0.09600000083446503,0.056000009179115295,1.0,1.0,0.9118333328515291,0.8979333308525383,3,3
A210,A,42,101,2,"1,1,4",25,probe,0.23200000822544098,1.0,0.1600000113248825,0.07199999690055847,1.0,1.0,0.9118333328515291,0.8979333308525383,3,3
A210,A,42,101,3,"1,2,2",25,probe,0.15200001001358032,1.0,0.1680000126361847,-0.01600000262260437,1.0,1.0,0.9118333328515291,0.8979333308525383,3,3
A210,A,42,101,4,"1,2,3",25,probe,0.15200001001358032,1.0,0.17600001394748688,-0.024000003933906555,1.0,1.0,0.9118333328515291,0.8979333308525383,3,3
A210,A,42,101,5,"1,2,4",25,probe,0.1680000126361847,1.0,0.13600000739097595,0.03200000524520874,1.0,1.0,0.9118333328515291,0.8979333308525383,3,3
A210,A,42,101,6,"1,3,1",25,probe,0.31200000643730164,1.0,0.8560000658035278,-0.5440000593662262,1.0,1.0,0.9118333328515291,0.8979333308525383,3,2
A210,A,42,101,7,"1,3,2",25,probe,0.1600000113248825,1.0,0.15200001001358032,0.008000001311302185,1.0,1.0,0.9118333328515291,0.8979333308525383,3,2
A210,A,42,101,8,"1,3,4",25,probe,0.2880000174045563,1.0,0.23200000822544098,0.056000009179115295,1.0,1.0,0.9118333328515291,0.8979333308525383,3,2
A210,A,42,101,9,"1,4,1",25,probe,0.1600000113248825,1.0,0.20000000298023224,-0.03999999165534973,1.0,1.0,0.9118333328515291,0.8979333308525383,3,3
A210,A,42,101,0,"0,1,1",25,finetune,0.17600001394748688,1.0,0.20800000429153442,-0.031999990344047546,1.0,1.0,0.9118333328515291,0.8979333308525383,3,2
A210,A,42,101,1,"1,1,3",25,finetune,0.14400000870227814,1.0,0.10400000214576721,0.040000006556510925,1.0,1.0,0.9118333328515291,0.8979333308525383,3,3
A210,A,42,101,2,"1,1,4",25,finetune,0.1680000126361847,1.0,0.13600000739097595,0.03200000524520874,1.0,1.0,0.9118333328515291,0.8979333308525383,3,3
A210,A,42,101,3,"1,2,2",25,finetune,0.1120000034570694,1.0,0.14400000870227814,-0.03200000524520874,1.0,1.0,0.9118333328515291,0.8979333308525383,3,3
A210,A,42,101,4,"1,2,3",25,finetune,0.14400000870227814,1.0,0.17600001394748688,-0.03200000524520874,1.0,1.0,0.9118333328515291,0.8979333308525383,3,3
A210,A,42,101,5,"1,2,4",25,finetune,0.14400000870227814,1.0,0.14400000870227814,0.0,1.0,1.0,0.9118333328515291,0.8979333308525383,3,3
A210,A,42,101,6,"1,3,1",25,finetune,0.5840000510215759,1.0,0.9440000653266907,-0.36000001430511475,1.0,1.0,0.9118333328515291,0.8979333308525383,3,2
A210,A,42,101,7,"1,3,2",25,finetune,0.23200000822544098,1.0,0.1600000113248825,0.07199999690055847,1.0,1.0,0.9118333328515291,0.8979333308525383,3,2
A210,A,42,101,8,"1,3,4",25,finetune,0.40800002217292786,1.0,0.20800000429153442,0.20000001788139343,1.0,1.0,0.9118333328515291,0.8979333308525383,3,2
A210,A,42,101,9,"1,4,1",25,finetune,0.20800000429153442,1.0,0.18400001525878906,0.02399998903274536,1.0,1.0,0.9118333328515291,0.8979333308525383,3,3
A210,A,42,101,0,"0,1,1",50,probe,0.20800000429153442,1.0,0.14400000870227814,0.06399999558925629,1.0,1.0,0.9118333328515291,0.8979333308525383,3,2
A210,A,42,101,1,"1,1,3",50,probe,0.2160000056028366,1.0,0.15200001001358032,0.06399999558925629,1.0,1.0,0.9118333328515291,0.8979333308525383,3,3
A210,A,42,101,2,"1,1,4",50,probe,0.13600000739097595,1.0,0.1680000126361847,-0.03200000524520874,1.0,1.0,0.9118333328515291,0.8979333308525383,3,3
A210,A,42,101,3,"1,2,2",50,probe,0.17600001394748688,1.0,0.19200000166893005,-0.015999987721443176,1.0,1.0,0.9118333328515291,0.8979333308525383,3,3
A210,A,42,101,4,"1,2,3",50,probe,0.15200001001358032,1.0,0.2639999985694885,-0.1119999885559082,1.0,1.0,0.9118333328515291,0.8979333308525383,3,3
A210,A,42,101,5,"1,2,4",50,probe,0.20800000429153442,1.0,0.18400001525878906,0.02399998903274536,1.0,1.0,0.9118333328515291,0.8979333308525383,3,3
A210,A,42,101,6,"1,3,1",50,probe,0.4480000138282776,1.0,1.0,-0.5519999861717224,1.0,1.0,0.9118333328515291,0.8979333308525383,3,2
A210,A,42,101,7,"1,3,2",50,probe,0.19200000166893005,1.0,0.20800000429153442,-0.01600000262260437,1.0,1.0,0.9118333328515291,0.8979333308525383,3,2
A210,A,42,101,8,"1,3,4",50,probe,0.31200000643730164,1.0,0.320000022649765,-0.008000016212463379,1.0,1.0,0.9118333328515291,0.8979333308525383,3,2
A210,A,42,101,9,"1,4,1",50,probe,0.15200001001358032,1.0,0.20000000298023224,-0.047999992966651917,1.0,1.0,0.9118333328515291,0.8979333308525383,3,3
A210,A,42,101,0,"0,1,1",50,finetune,0.17600001394748688,1.0,0.13600000739097595,0.040000006556510925,1.0,1.0,0.9118333328515291,0.8979333308525383,3,2
A210,A,42,101,1,"1,1,3",50,finetune,0.1680000126361847,1.0,0.14400000870227814,0.024000003933906555,1.0,1.0,0.9118333328515291,0.8979333308525383,3,3
A210,A,42,101,2,"1,1,4",50,finetune,0.10400000214576721,1.0,0.18400001525878906,-0.08000001311302185,1.0,1.0,0.9118333328515291,0.8979333308525383,3,3
A210,A,42,101,3,"1,2,2",50,finetune,0.1120000034570694,1.0,0.14400000870227814,-0.03200000524520874,1.0,1.0,0.9118333328515291,0.8979333308525383,3,3
A210,A,42,101,4,"1,2,3",50,finetune,0.1600000113248825,1.0,0.24000000953674316,-0.07999999821186066,1.0,1.0,0.9118333328515291,0.8979333308525383,3,3
A210,A,42,101,5,"1,2,4",50,finetune,0.12800000607967377,1.0,0.18400001525878906,-0.056000009179115295,1.0,1.0,0.9118333328515291,0.8979333308525383,3,3
A210,A,42,101,6,"1,3,1",50,finetune,0.7440000176429749,1.0,1.0,-0.25599998235702515,1.0,1.0,0.9118333328515291,0.8979333308525383,3,2
A210,A,42,101,7,"1,3,2",50,finetune,0.20000000298023224,1.0,0.20800000429153442,-0.008000001311302185,1.0,1.0,0.9118333328515291,0.8979333308525383,3,2
A210,A,42,101,8,"1,3,4",50,finetune,0.5200000405311584,1.0,0.3920000195503235,0.12800002098083496,1.0,1.0,0.9118333328515291,0.8979333308525383,3,2
A210,A,42,101,9,"1,4,1",50,finetune,0.2240000069141388,1.0,0.20000000298023224,0.024000003933906555,1.0,1.0,0.9118333328515291,0.8979333308525383,3,3
A210,A,101,42,0,"0,1,1",10,probe,0.18400001525878906,1.0,0.20000000298023224,-0.015999987721443176,1.0,1.0,0.8935833303257823,0.8665999971951047,3,2
A210,A,101,42,1,"1,1,3",10,probe,0.2160000056028366,1.0,0.24000000953674316,-0.024000003933906555,1.0,1.0,0.8935833303257823,0.8665999971951047,3,3
A210,A,101,42,2,"1,1,4",10,probe,0.23200000822544098,1.0,0.2240000069141388,0.008000001311302185,1.0,1.0,0.8935833303257823,0.8665999971951047,3,3
A210,A,101,42,3,"1,2,2",10,probe,0.1600000113248825,1.0,0.19200000166893005,-0.031999990344047546,1.0,1.0,0.8935833303257823,0.8665999971951047,3,3
A210,A,101,42,4,"1,2,3",10,probe,0.18400001525878906,1.0,0.1680000126361847,0.01600000262260437,1.0,1.0,0.8935833303257823,0.8665999971951047,3,3
A210,A,101,42,5,"1,2,4",10,probe,0.23200000822544098,1.0,0.2240000069141388,0.008000001311302185,1.0,1.0,0.8935833303257823,0.8665999971951047,3,3
A210,A,101,42,6,"1,3,1",10,probe,0.24800001084804535,1.0,0.20000000298023224,0.04800000786781311,1.0,1.0,0.8935833303257823,0.8665999971951047,3,2
A210,A,101,42,7,"1,3,2",10,probe,0.31200000643730164,1.0,0.7520000338554382,-0.4400000274181366,1.0,1.0,0.8935833303257823,0.8665999971951047,3,2
A210,A,101,42,8,"1,3,4",10,probe,0.25600001215934753,1.0,0.1680000126361847,0.08799999952316284,1.0,1.0,0.8935833303257823,0.8665999971951047,3,2
A210,A,101,42,9,"1,4,1",10,probe,0.1600000113248825,1.0,0.1680000126361847,-0.008000001311302185,1.0,1.0,0.8935833303257823,0.8665999971951047,3,3
A210,A,101,42,0,"0,1,1",10,finetune,0.1680000126361847,1.0,0.17600001394748688,-0.008000001311302185,1.0,1.0,0.8935833303257823,0.8665999971951047,3,2
A210,A,101,42,1,"1,1,3",10,finetune,0.15200001001358032,1.0,0.23200000822544098,-0.07999999821186066,1.0,1.0,0.8935833303257823,0.8665999971951047,3,3
A210,A,101,42,2,"1,1,4",10,finetune,0.1680000126361847,1.0,0.23200000822544098,-0.06399999558925629,1.0,1.0,0.8935833303257823,0.8665999971951047,3,3
A210,A,101,42,3,"1,2,2",10,finetune,0.18400001525878906,1.0,0.17600001394748688,0.008000001311302185,1.0,1.0,0.8935833303257823,0.8665999971951047,3,3
A210,A,101,42,4,"1,2,3",10,finetune,0.18400001525878906,1.0,0.19200000166893005,-0.007999986410140991,1.0,1.0,0.8935833303257823,0.8665999971951047,3,3
A210,A,101,42,5,"1,2,4",10,finetune,0.2160000056028366,1.0,0.2240000069141388,-0.008000001311302185,1.0,1.0,0.8935833303257823,0.8665999971951047,3,3
A210,A,101,42,6,"1,3,1",10,finetune,0.2240000069141388,1.0,0.20000000298023224,0.024000003933906555,1.0,1.0,0.8935833303257823,0.8665999971951047,3,2
A210,A,101,42,7,"1,3,2",10,finetune,0.4240000247955322,1.0,0.8160000443458557,-0.3920000195503235,1.0,1.0,0.8935833303257823,0.8665999971951047,3,2
A210,A,101,42,8,"1,3,4",10,finetune,0.1600000113248825,1.0,0.13600000739097595,0.024000003933906555,1.0,1.0,0.8935833303257823,0.8665999971951047,3,2
A210,A,101,42,9,"1,4,1",10,finetune,0.1600000113248825,1.0,0.1600000113248825,0.0,1.0,1.0,0.8935833303257823,0.8665999971951047,3,3
A210,A,101,42,0,"0,1,1",25,probe,0.18400001525878906,1.0,0.19200000166893005,-0.007999986410140991,1.0,1.0,0.8935833303257823,0.8665999971951047,3,2
A210,A,101,42,1,"1,1,3",25,probe,0.2160000056028366,1.0,0.25600001215934753,-0.040000006556510925,1.0,1.0,0.8935833303257823,0.8665999971951047,3,3
A210,A,101,42,2,"1,1,4",25,probe,0.19200000166893005,1.0,0.20800000429153442,-0.01600000262260437,1.0,1.0,0.8935833303257823,0.8665999971951047,3,3
A210,A,101,42,3,"1,2,2",25,probe,0.20000000298023224,1.0,0.1680000126361847,0.031999990344047546,1.0,1.0,0.8935833303257823,0.8665999971951047,3,3
A210,A,101,42,4,"1,2,3",25,probe,0.18400001525878906,1.0,0.18400001525878906,0.0,1.0,1.0,0.8935833303257823,0.8665999971951047,3,3
A210,A,101,42,5,"1,2,4",25,probe,0.18400001525878906,1.0,0.20000000298023224,-0.015999987721443176,1.0,1.0,0.8935833303257823,0.8665999971951047,3,3
A210,A,101,42,6,"1,3,1",25,probe,0.19200000166893005,1.0,0.2240000069141388,-0.03200000524520874,1.0,1.0,0.8935833303257823,0.8665999971951047,3,2
A210,A,101,42,7,"1,3,2",25,probe,0.2880000174045563,1.0,0.9280000329017639,-0.6400000154972076,1.0,1.0,0.8935833303257823,0.8665999971951047,3,2
A210,A,101,42,8,"1,3,4",25,probe,0.3760000169277191,1.0,0.17600001394748688,0.20000000298023224,1.0,1.0,0.8935833303257823,0.8665999971951047,3,2
A210,A,101,42,9,"1,4,1",25,probe,0.13600000739097595,1.0,0.13600000739097595,0.0,1.0,1.0,0.8935833303257823,0.8665999971951047,3,3
A210,A,101,42,0,"0,1,1",25,finetune,0.19200000166893005,1.0,0.17600001394748688,0.015999987721443176,1.0,1.0,0.8935833303257823,0.8665999971951047,3,2
A210,A,101,42,1,"1,1,3",25,finetune,0.1600000113248825,1.0,0.23200000822544098,-0.07199999690055847,1.0,1.0,0.8935833303257823,0.8665999971951047,3,3
A210,A,101,42,2,"1,1,4",25,finetune,0.1680000126361847,1.0,0.20000000298023224,-0.031999990344047546,1.0,1.0,0.8935833303257823,0.8665999971951047,3,3
A210,A,101,42,3,"1,2,2",25,finetune,0.19200000166893005,1.0,0.1600000113248825,0.031999990344047546,1.0,1.0,0.8935833303257823,0.8665999971951047,3,3
A210,A,101,42,4,"1,2,3",25,finetune,0.12000000476837158,1.0,0.17600001394748688,-0.056000009179115295,1.0,1.0,0.8935833303257823,0.8665999971951047,3,3
A210,A,101,42,5,"1,2,4",25,finetune,0.2160000056028366,1.0,0.23200000822544098,-0.01600000262260437,1.0,1.0,0.8935833303257823,0.8665999971951047,3,3
A210,A,101,42,6,"1,3,1",25,finetune,0.24000000953674316,1.0,0.20800000429153442,0.03200000524520874,1.0,1.0,0.8935833303257823,0.8665999971951047,3,2
A210,A,101,42,7,"1,3,2",25,finetune,0.527999997138977,1.0,0.984000027179718,-0.45600003004074097,1.0,1.0,0.8935833303257823,0.8665999971951047,3,2
A210,A,101,42,8,"1,3,4",25,finetune,0.24000000953674316,1.0,0.1600000113248825,0.07999999821186066,1.0,1.0,0.8935833303257823,0.8665999971951047,3,2
A210,A,101,42,9,"1,4,1",25,finetune,0.12000000476837158,1.0,0.13600000739097595,-0.01600000262260437,1.0,1.0,0.8935833303257823,0.8665999971951047,3,3
A210,A,101,42,0,"0,1,1",50,probe,0.12800000607967377,1.0,0.20800000429153442,-0.07999999821186066,1.0,1.0,0.8935833303257823,0.8665999971951047,3,2
A210,A,101,42,1,"1,1,3",50,probe,0.20800000429153442,1.0,0.23200000822544098,-0.024000003933906555,1.0,1.0,0.8935833303257823,0.8665999971951047,3,3
A210,A,101,42,2,"1,1,4",50,probe,0.23200000822544098,1.0,0.1120000034570694,0.12000000476837158,1.0,1.0,0.8935833303257823,0.8665999971951047,3,3
A210,A,101,42,3,"1,2,2",50,probe,0.17600001394748688,1.0,0.10400000214576721,0.07200001180171967,1.0,1.0,0.8935833303257823,0.8665999971951047,3,3
A210,A,101,42,4,"1,2,3",50,probe,0.1680000126361847,1.0,0.1600000113248825,0.008000001311302185,1.0,1.0,0.8935833303257823,0.8665999971951047,3,3
A210,A,101,42,5,"1,2,4",50,probe,0.19200000166893005,1.0,0.1600000113248825,0.031999990344047546,1.0,1.0,0.8935833303257823,0.8665999971951047,3,3
A210,A,101,42,6,"1,3,1",50,probe,0.320000022649765,1.0,0.17600001394748688,0.14400000870227814,1.0,1.0,0.8935833303257823,0.8665999971951047,3,2
A210,A,101,42,7,"1,3,2",50,probe,0.3360000252723694,1.0,1.0,-0.6639999747276306,1.0,1.0,0.8935833303257823,0.8665999971951047,3,2
A210,A,101,42,8,"1,3,4",50,probe,0.41600000858306885,1.0,0.1600000113248825,0.25599999725818634,1.0,1.0,0.8935833303257823,0.8665999971951047,3,2
A210,A,101,42,9,"1,4,1",50,probe,0.20800000429153442,1.0,0.14400000870227814,0.06399999558925629,1.0,1.0,0.8935833303257823,0.8665999971951047,3,3
A210,A,101,42,0,"0,1,1",50,finetune,0.12000000476837158,1.0,0.1680000126361847,-0.04800000786781311,1.0,1.0,0.8935833303257823,0.8665999971951047,3,2
A210,A,101,42,1,"1,1,3",50,finetune,0.12800000607967377,1.0,0.23200000822544098,-0.10400000214576721,1.0,1.0,0.8935833303257823,0.8665999971951047,3,3
A210,A,101,42,2,"1,1,4",50,finetune,0.13600000739097595,1.0,0.12000000476837158,0.01600000262260437,1.0,1.0,0.8935833303257823,0.8665999971951047,3,3
A210,A,101,42,3,"1,2,2",50,finetune,0.12800000607967377,1.0,0.10400000214576721,0.024000003933906555,1.0,1.0,0.8935833303257823,0.8665999971951047,3,3
A210,A,101,42,4,"1,2,3",50,finetune,0.17600001394748688,1.0,0.20800000429153442,-0.031999990344047546,1.0,1.0,0.8935833303257823,0.8665999971951047,3,3
A210,A,101,42,5,"1,2,4",50,finetune,0.12800000607967377,1.0,0.17600001394748688,-0.04800000786781311,1.0,1.0,0.8935833303257823,0.8665999971951047,3,3
A210,A,101,42,6,"1,3,1",50,finetune,0.24000000953674316,1.0,0.15200001001358032,0.08799999952316284,1.0,1.0,0.8935833303257823,0.8665999971951047,3,2
A210,A,101,42,7,"1,3,2",50,finetune,0.7760000228881836,1.0,1.0,-0.2239999771118164,1.0,1.0,0.8935833303257823,0.8665999971951047,3,2
A210,A,101,42,8,"1,3,4",50,finetune,0.24000000953674316,1.0,0.1600000113248825,0.07999999821186066,1.0,1.0,0.8935833303257823,0.8665999971951047,3,2
A210,A,101,42,9,"1,4,1",50,finetune,0.09600000083446503,1.0,0.15200001001358032,-0.056000009179115295,1.0,1.0,0.8935833303257823,0.8665999971951047,3,3
A210,A,101,101,0,"0,1,1",10,probe,0.20000000298023224,1.0,0.14400000870227814,0.0559999942779541,1.0,1.0,0.9036999971916279,0.8740499966467421,3,2
A210,A,101,101,1,"1,1,3",10,probe,0.15200001001358032,1.0,0.2720000147819519,-0.12000000476837158,1.0,1.0,0.9036999971916279,0.8740499966467421,3,3
A210,A,101,101,2,"1,1,4",10,probe,0.20800000429153442,1.0,0.19200000166893005,0.01600000262260437,1.0,1.0,0.9036999971916279,0.8740499966467421,3,3
A210,A,101,101,3,"1,2,2",10,probe,0.1600000113248825,1.0,0.19200000166893005,-0.031999990344047546,1.0,1.0,0.9036999971916279,0.8740499966467421,3,3
A210,A,101,101,4,"1,2,3",10,probe,0.14400000870227814,1.0,0.17600001394748688,-0.03200000524520874,1.0,1.0,0.9036999971916279,0.8740499966467421,3,3
A210,A,101,101,5,"1,2,4",10,probe,0.1680000126361847,1.0,0.25600001215934753,-0.08799999952316284,1.0,1.0,0.9036999971916279,0.8740499966467421,3,3
A210,A,101,101,6,"1,3,1",10,probe,0.2240000069141388,1.0,0.2240000069141388,0.0,1.0,1.0,0.9036999971916279,0.8740499966467421,3,2
A210,A,101,101,7,"1,3,2",10,probe,0.320000022649765,1.0,0.8400000333786011,-0.5200000107288361,1.0,1.0,0.9036999971916279,0.8740499966467421,3,2
A210,A,101,101,8,"1,3,4",10,probe,0.2800000011920929,1.0,0.15200001001358032,0.12799999117851257,1.0,1.0,0.9036999971916279,0.8740499966467421,3,2
A210,A,101,101,9,"1,4,1",10,probe,0.23200000822544098,1.0,0.18400001525878906,0.047999992966651917,1.0,1.0,0.9036999971916279,0.8740499966467421,3,3
A210,A,101,101,0,"0,1,1",10,finetune,0.1680000126361847,1.0,0.20800000429153442,-0.03999999165534973,1.0,1.0,0.9036999971916279,0.8740499966467421,3,2
A210,A,101,101,1,"1,1,3",10,finetune,0.18400001525878906,1.0,0.2240000069141388,-0.03999999165534973,1.0,1.0,0.9036999971916279,0.8740499966467421,3,3
A210,A,101,101,2,"1,1,4",10,finetune,0.24800001084804535,1.0,0.2160000056028366,0.03200000524520874,1.0,1.0,0.9036999971916279,0.8740499966467421,3,3
A210,A,101,101,3,"1,2,2",10,finetune,0.12800000607967377,1.0,0.18400001525878906,-0.056000009179115295,1.0,1.0,0.9036999971916279,0.8740499966467421,3,3
A210,A,101,101,4,"1,2,3",10,finetune,0.19200000166893005,1.0,0.14400000870227814,0.047999992966651917,1.0,1.0,0.9036999971916279,0.8740499966467421,3,3
A210,A,101,101,5,"1,2,4",10,finetune,0.17600001394748688,1.0,0.24800001084804535,-0.07199999690055847,1.0,1.0,0.9036999971916279,0.8740499966467421,3,3
A210,A,101,101,6,"1,3,1",10,finetune,0.25600001215934753,1.0,0.2160000056028366,0.040000006556510925,1.0,1.0,0.9036999971916279,0.8740499966467421,3,2
A210,A,101,101,7,"1,3,2",10,finetune,0.31200000643730164,1.0,0.8240000605583191,-0.5120000541210175,1.0,1.0,0.9036999971916279,0.8740499966467421,3,2
A210,A,101,101,8,"1,3,4",10,finetune,0.23200000822544098,1.0,0.15200001001358032,0.07999999821186066,1.0,1.0,0.9036999971916279,0.8740499966467421,3,2
A210,A,101,101,9,"1,4,1",10,finetune,0.19200000166893005,1.0,0.1600000113248825,0.031999990344047546,1.0,1.0,0.9036999971916279,0.8740499966467421,3,3
A210,A,101,101,0,"0,1,1",25,probe,0.17600001394748688,1.0,0.1600000113248825,0.01600000262260437,1.0,1.0,0.9036999971916279,0.8740499966467421,3,2
A210,A,101,101,1,"1,1,3",25,probe,0.1680000126361847,1.0,0.24800001084804535,-0.07999999821186066,1.0,1.0,0.9036999971916279,0.8740499966467421,3,3
A210,A,101,101,2,"1,1,4",25,probe,0.23200000822544098,1.0,0.20800000429153442,0.024000003933906555,1.0,1.0,0.9036999971916279,0.8740499966467421,3,3
A210,A,101,101,3,"1,2,2",25,probe,0.15200001001358032,1.0,0.15200001001358032,0.0,1.0,1.0,0.9036999971916279,0.8740499966467421,3,3
A210,A,101,101,4,"1,2,3",25,probe,0.20800000429153442,1.0,0.20000000298023224,0.008000001311302185,1.0,1.0,0.9036999971916279,0.8740499966467421,3,3
A210,A,101,101,5,"1,2,4",25,probe,0.12800000607967377,1.0,0.2240000069141388,-0.09600000083446503,1.0,1.0,0.9036999971916279,0.8740499966467421,3,3
A210,A,101,101,6,"1,3,1",25,probe,0.2160000056028366,1.0,0.2240000069141388,-0.008000001311302185,1.0,1.0,0.9036999971916279,0.8740499966467421,3,2
A210,A,101,101,7,"1,3,2",25,probe,0.24800001084804535,1.0,0.9600000381469727,-0.7120000272989273,1.0,1.0,0.9036999971916279,0.8740499966467421,3,2
A210,A,101,101,8,"1,3,4",25,probe,0.35200002789497375,1.0,0.17600001394748688,0.17600001394748688,1.0,1.0,0.9036999971916279,0.8740499966467421,3,2
A210,A,101,101,9,"1,4,1",25,probe,0.24800001084804535,1.0,0.14400000870227814,0.10400000214576721,1.0,1.0,0.9036999971916279,0.8740499966467421,3,3
A210,A,101,101,0,"0,1,1",25,finetune,0.18400001525878906,1.0,0.18400001525878906,0.0,1.0,1.0,0.9036999971916279,0.8740499966467421,3,2
A210,A,101,101,1,"1,1,3",25,finetune,0.1680000126361847,1.0,0.23200000822544098,-0.06399999558925629,1.0,1.0,0.9036999971916279,0.8740499966467421,3,3
A210,A,101,101,2,"1,1,4",25,finetune,0.20000000298023224,1.0,0.2160000056028366,-0.01600000262260437,1.0,1.0,0.9036999971916279,0.8740499966467421,3,3
A210,A,101,101,3,"1,2,2",25,finetune,0.12000000476837158,1.0,0.17600001394748688,-0.056000009179115295,1.0,1.0,0.9036999971916279,0.8740499966467421,3,3
A210,A,101,101,4,"1,2,3",25,finetune,0.12800000607967377,1.0,0.20000000298023224,-0.07199999690055847,1.0,1.0,0.9036999971916279,0.8740499966467421,3,3
A210,A,101,101,5,"1,2,4",25,finetune,0.15200001001358032,1.0,0.25600001215934753,-0.10400000214576721,1.0,1.0,0.9036999971916279,0.8740499966467421,3,3
A210,A,101,101,6,"1,3,1",25,finetune,0.25600001215934753,1.0,0.20800000429153442,0.04800000786781311,1.0,1.0,0.9036999971916279,0.8740499966467421,3,2
A210,A,101,101,7,"1,3,2",25,finetune,0.4320000112056732,1.0,0.984000027179718,-0.5520000159740448,1.0,1.0,0.9036999971916279,0.8740499966467421,3,2
A210,A,101,101,8,"1,3,4",25,finetune,0.2160000056028366,1.0,0.14400000870227814,0.07199999690055847,1.0,1.0,0.9036999971916279,0.8740499966467421,3,2
A210,A,101,101,9,"1,4,1",25,finetune,0.19200000166893005,1.0,0.12800000607967377,0.06399999558925629,1.0,1.0,0.9036999971916279,0.8740499966467421,3,3
A210,A,101,101,0,"0,1,1",50,probe,0.1120000034570694,1.0,0.1680000126361847,-0.056000009179115295,1.0,1.0,0.9036999971916279,0.8740499966467421,3,2
A210,A,101,101,1,"1,1,3",50,probe,0.14400000870227814,1.0,0.20800000429153442,-0.06399999558925629,1.0,1.0,0.9036999971916279,0.8740499966467421,3,3
A210,A,101,101,2,"1,1,4",50,probe,0.19200000166893005,1.0,0.19200000166893005,0.0,1.0,1.0,0.9036999971916279,0.8740499966467421,3,3
A210,A,101,101,3,"1,2,2",50,probe,0.1680000126361847,1.0,0.14400000870227814,0.024000003933906555,1.0,1.0,0.9036999971916279,0.8740499966467421,3,3
A210,A,101,101,4,"1,2,3",50,probe,0.2160000056028366,1.0,0.19200000166893005,0.024000003933906555,1.0,1.0,0.9036999971916279,0.8740499966467421,3,3
A210,A,101,101,5,"1,2,4",50,probe,0.15200001001358032,1.0,0.17600001394748688,-0.024000003933906555,1.0,1.0,0.9036999971916279,0.8740499966467421,3,3
A210,A,101,101,6,"1,3,1",50,probe,0.2160000056028366,1.0,0.15200001001358032,0.06399999558925629,1.0,1.0,0.9036999971916279,0.8740499966467421,3,2
A210,A,101,101,7,"1,3,2",50,probe,0.3360000252723694,1.0,0.9920000433921814,-0.656000018119812,1.0,1.0,0.9036999971916279,0.8740499966467421,3,2
A210,A,101,101,8,"1,3,4",50,probe,0.3760000169277191,1.0,0.17600001394748688,0.20000000298023224,1.0,1.0,0.9036999971916279,0.8740499966467421,3,2
A210,A,101,101,9,"1,4,1",50,probe,0.2160000056028366,1.0,0.1680000126361847,0.047999992966651917,1.0,1.0,0.9036999971916279,0.8740499966467421,3,3
A210,A,101,101,0,"0,1,1",50,finetune,0.12800000607967377,1.0,0.17600001394748688,-0.04800000786781311,1.0,1.0,0.9036999971916279,0.8740499966467421,3,2
A210,A,101,101,1,"1,1,3",50,finetune,0.13600000739097595,1.0,0.20000000298023224,-0.06399999558925629,1.0,1.0,0.9036999971916279,0.8740499966467421,3,3
A210,A,101,101,2,"1,1,4",50,finetune,0.15200001001358032,1.0,0.15200001001358032,0.0,1.0,1.0,0.9036999971916279,0.8740499966467421,3,3
A210,A,101,101,3,"1,2,2",50,finetune,0.08800000697374344,1.0,0.08800000697374344,0.0,1.0,1.0,0.9036999971916279,0.8740499966467421,3,3
A210,A,101,101,4,"1,2,3",50,finetune,0.12800000607967377,1.0,0.20800000429153442,-0.07999999821186066,1.0,1.0,0.9036999971916279,0.8740499966467421,3,3
A210,A,101,101,5,"1,2,4",50,finetune,0.12800000607967377,1.0,0.20800000429153442,-0.07999999821186066,1.0,1.0,0.9036999971916279,0.8740499966467421,3,3
A210,A,101,101,6,"1,3,1",50,finetune,0.2880000174045563,1.0,0.12000000476837158,0.1680000126361847,1.0,1.0,0.9036999971916279,0.8740499966467421,3,2
A210,A,101,101,7,"1,3,2",50,finetune,0.6880000233650208,1.0,1.0,-0.31199997663497925,1.0,1.0,0.9036999971916279,0.8740499966467421,3,2
A210,A,101,101,8,"1,3,4",50,finetune,0.2880000174045563,1.0,0.1680000126361847,0.12000000476837158,1.0,1.0,0.9036999971916279,0.8740499966467421,3,2
A210,A,101,101,9,"1,4,1",50,finetune,0.14400000870227814,1.0,0.1600000113248825,-0.01600000262260437,1.0,1.0,0.9036999971916279,0.8740499966467421,3,3
B121,B,17,42,0,"0,1,1",10,probe,0.2639999985694885,1.0,0.12000000476837158,0.14399999380111694,1.0,1.0,0.8609166648238897,0.8067666629018884,4,2
B121,B,17,42,1,"1,1,3",10,probe,0.1600000113248825,1.0,0.2160000056028366,-0.0559999942779541,1.0,1.0,0.8609166648238897,0.8067666629018884,4,2
B121,B,17,42,2,"1,1,4",10,probe,0.19200000166893005,1.0,0.64000004529953,-0.4480000436306,1.0,1.0,0.8609166648238897,0.8067666629018884,4,3
B121,B,17,42,3,"1,2,2",10,probe,0.29600000381469727,1.0,0.24000000953674316,0.0559999942779541,1.0,1.0,0.8609166648238897,0.8067666629018884,4,2
B121,B,17,42,4,"1,2,3",10,probe,0.2639999985694885,1.0,0.24800001084804535,0.015999987721443176,1.0,1.0,0.8609166648238897,0.8067666629018884,4,2
B121,B,17,42,5,"1,2,4",10,probe,0.17600001394748688,1.0,0.1680000126361847,0.008000001311302185,1.0,1.0,0.8609166648238897,0.8067666629018884,4,2
B121,B,17,42,6,"1,3,1",10,probe,0.1680000126361847,1.0,0.13600000739097595,0.03200000524520874,1.0,1.0,0.8609166648238897,0.8067666629018884,4,2
B121,B,17,42,7,"1,3,2",10,probe,0.19200000166893005,1.0,0.1680000126361847,0.02399998903274536,1.0,1.0,0.8609166648238897,0.8067666629018884,4,3
B121,B,17,42,8,"1,3,4",10,probe,0.14400000870227814,1.0,0.25600001215934753,-0.1120000034570694,1.0,1.0,0.8609166648238897,0.8067666629018884,4,2
B121,B,17,42,9,"1,4,1",10,probe,0.19200000166893005,1.0,0.20800000429153442,-0.01600000262260437,1.0,1.0,0.8609166648238897,0.8067666629018884,4,2
B121,B,17,42,0,"0,1,1",10,finetune,0.1600000113248825,1.0,0.12800000607967377,0.03200000524520874,1.0,1.0,0.8609166648238897,0.8067666629018884,4,2
B121,B,17,42,1,"1,1,3",10,finetune,0.1600000113248825,1.0,0.2160000056028366,-0.0559999942779541,1.0,1.0,0.8609166648238897,0.8067666629018884,4,2
B121,B,17,42,2,"1,1,4",10,finetune,0.35200002789497375,1.0,0.7200000286102295,-0.36800000071525574,1.0,1.0,0.8609166648238897,0.8067666629018884,4,3
B121,B,17,42,3,"1,2,2",10,finetune,0.19200000166893005,1.0,0.24000000953674316,-0.04800000786781311,1.0,1.0,0.8609166648238897,0.8067666629018884,4,2
B121,B,17,42,4,"1,2,3",10,finetune,0.24000000953674316,1.0,0.2160000056028366,0.024000003933906555,1.0,1.0,0.8609166648238897,0.8067666629018884,4,2
B121,B,17,42,5,"1,2,4",10,finetune,0.20800000429153442,1.0,0.13600000739097595,0.07199999690055847,1.0,1.0,0.8609166648238897,0.8067666629018884,4,2
B121,B,17,42,6,"1,3,1",10,finetune,0.20000000298023224,1.0,0.13600000739097595,0.06399999558925629,1.0,1.0,0.8609166648238897,0.8067666629018884,4,2
B121,B,17,42,7,"1,3,2",10,finetune,0.1680000126361847,1.0,0.15200001001358032,0.01600000262260437,1.0,1.0,0.8609166648238897,0.8067666629018884,4,3
B121,B,17,42,8,"1,3,4",10,finetune,0.18400001525878906,1.0,0.17600001394748688,0.008000001311302185,1.0,1.0,0.8609166648238897,0.8067666629018884,4,2
B121,B,17,42,9,"1,4,1",10,finetune,0.2240000069141388,1.0,0.18400001525878906,0.03999999165534973,1.0,1.0,0.8609166648238897,0.8067666629018884,4,2
B121,B,17,42,0,"0,1,1",25,probe,0.24000000953674316,1.0,0.20000000298023224,0.040000006556510925,1.0,1.0,0.8609166648238897,0.8067666629018884,4,2
B121,B,17,42,1,"1,1,3",25,probe,0.19200000166893005,1.0,0.12800000607967377,0.06399999558925629,1.0,1.0,0.8609166648238897,0.8067666629018884,4,2
B121,B,17,42,2,"1,1,4",25,probe,0.2639999985694885,1.0,0.9280000329017639,-0.6640000343322754,1.0,1.0,0.8609166648238897,0.8067666629018884,4,3
B121,B,17,42,3,"1,2,2",25,probe,0.2240000069141388,1.0,0.29600000381469727,-0.07199999690055847,1.0,1.0,0.8609166648238897,0.8067666629018884,4,2
B121,B,17,42,4,"1,2,3",25,probe,0.08800000697374344,1.0,0.2639999985694885,-0.1759999915957451,1.0,1.0,0.8609166648238897,0.8067666629018884,4,2
B121,B,17,42,5,"1,2,4",25,probe,0.2720000147819519,1.0,0.13600000739097595,0.13600000739097595,1.0,1.0,0.8609166648238897,0.8067666629018884,4,2
B121,B,17,42,6,"1,3,1",25,probe,0.17600001394748688,1.0,0.15200001001358032,0.024000003933906555,1.0,1.0,0.8609166648238897,0.8067666629018884,4,2
B121,B,17,42,7,"1,3,2",25,probe,0.18400001525878906,1.0,0.17600001394748688,0.008000001311302185,1.0,1.0,0.8609166648238897,0.8067666629018884,4,3
B121,B,17,42,8,"1,3,4",25,probe,0.17600001394748688,1.0,0.1600000113248825,0.01600000262260437,1.0,1.0,0.8609166648238897,0.8067666629018884,4,2
B121,B,17,42,9,"1,4,1",25,probe,0.20800000429153442,1.0,0.24000000953674316,-0.03200000524520874,1.0,1.0,0.8609166648238897,0.8067666629018884,4,2
B121,B,17,42,0,"0,1,1",25,finetune,0.10400000214576721,1.0,0.17600001394748688,-0.07200001180171967,1.0,1.0,0.8609166648238897,0.8067666629018884,4,2
B121,B,17,42,1,"1,1,3",25,finetune,0.17600001394748688,1.0,0.1600000113248825,0.01600000262260437,1.0,1.0,0.8609166648238897,0.8067666629018884,4,2
B121,B,17,42,2,"1,1,4",25,finetune,0.4320000112056732,1.0,0.9920000433921814,-0.5600000321865082,1.0,1.0,0.8609166648238897,0.8067666629018884,4,3
B121,B,17,42,3,"1,2,2",25,finetune,0.2240000069141388,1.0,0.2800000011920929,-0.0559999942779541,1.0,1.0,0.8609166648238897,0.8067666629018884,4,2
B121,B,17,42,4,"1,2,3",25,finetune,0.2240000069141388,1.0,0.23200000822544098,-0.008000001311302185,1.0,1.0,0.8609166648238897,0.8067666629018884,4,2
B121,B,17,42,5,"1,2,4",25,finetune,0.20000000298023224,1.0,0.1680000126361847,0.031999990344047546,1.0,1.0,0.8609166648238897,0.8067666629018884,4,2
B121,B,17,42,6,"1,3,1",25,finetune,0.10400000214576721,1.0,0.13600000739097595,-0.03200000524520874,1.0,1.0,0.8609166648238897,0.8067666629018884,4,2
B121,B,17,42,7,"1,3,2",25,finetune,0.2240000069141388,1.0,0.20800000429153442,0.01600000262260437,1.0,1.0,0.8609166648238897,0.8067666629018884,4,3
B121,B,17,42,8,"1,3,4",25,finetune,0.15200001001358032,1.0,0.12800000607967377,0.024000003933906555,1.0,1.0,0.8609166648238897,0.8067666629018884,4,2
B121,B,17,42,9,"1,4,1",25,finetune,0.2160000056028366,1.0,0.25600001215934753,-0.040000006556510925,1.0,1.0,0.8609166648238897,0.8067666629018884,4,2
B121,B,17,42,0,"0,1,1",50,probe,0.20800000429153442,1.0,0.1680000126361847,0.03999999165534973,1.0,1.0,0.8609166648238897,0.8067666629018884,4,2
B121,B,17,42,1,"1,1,3",50,probe,0.19200000166893005,1.0,0.20800000429153442,-0.01600000262260437,1.0,1.0,0.8609166648238897,0.8067666629018884,4,2
B121,B,17,42,2,"1,1,4",50,probe,0.2160000056028366,1.0,0.984000027179718,-0.7680000215768814,1.0,1.0,0.8609166648238897,0.8067666629018884,4,3
B121,B,17,42,3,"1,2,2",50,probe,0.23200000822544098,1.0,0.30400002002716064,-0.07200001180171967,1.0,1.0,0.8609166648238897,0.8067666629018884,4,2
B121,B,17,42,4,"1,2,3",50,probe,0.15200001001358032,1.0,0.2800000011920929,-0.12799999117851257,1.0,1.0,0.8609166648238897,0.8067666629018884,4,2
B121,B,17,42,5,"1,2,4",50,probe,0.18400001525878906,1.0,0.1600000113248825,0.024000003933906555,1.0,1.0,0.8609166648238897,0.8067666629018884,4,2
B121,B,17,42,6,"1,3,1",50,probe,0.12000000476837158,1.0,0.13600000739097595,-0.01600000262260437,1.0,1.0,0.8609166648238897,0.8067666629018884,4,2
B121,B,17,42,7,"1,3,2",50,probe,0.20000000298023224,1.0,0.14400000870227814,0.0559999942779541,1.0,1.0,0.8609166648238897,0.8067666629018884,4,3
B121,B,17,42,8,"1,3,4",50,probe,0.18400001525878906,1.0,0.18400001525878906,0.0,1.0,1.0,0.8609166648238897,0.8067666629018884,4,2
B121,B,17,42,9,"1,4,1",50,probe,0.20800000429153442,1.0,0.23200000822544098,-0.024000003933906555,1.0,1.0,0.8609166648238897,0.8067666629018884,4,2
B121,B,17,42,0,"0,1,1",50,finetune,0.2240000069141388,1.0,0.12000000476837158,0.10400000214576721,1.0,1.0,0.8609166648238897,0.8067666629018884,4,2
B121,B,17,42,1,"1,1,3",50,finetune,0.20800000429153442,1.0,0.2160000056028366,-0.008000001311302185,1.0,1.0,0.8609166648238897,0.8067666629018884,4,2
B121,B,17,42,2,"1,1,4",50,finetune,0.5760000348091125,1.0,1.0,-0.42399996519088745,1.0,1.0,0.8609166648238897,0.8067666629018884,4,3
B121,B,17,42,3,"1,2,2",50,finetune,0.23200000822544098,1.0,0.2800000011920929,-0.047999992966651917,1.0,1.0,0.8609166648238897,0.8067666629018884,4,2
B121,B,17,42,4,"1,2,3",50,finetune,0.2240000069141388,1.0,0.23200000822544098,-0.008000001311302185,1.0,1.0,0.8609166648238897,0.8067666629018884,4,2
B121,B,17,42,5,"1,2,4",50,finetune,0.1680000126361847,1.0,0.18400001525878906,-0.01600000262260437,1.0,1.0,0.8609166648238897,0.8067666629018884,4,2
B121,B,17,42,6,"1,3,1",50,finetune,0.08800000697374344,1.0,0.12800000607967377,-0.03999999910593033,1.0,1.0,0.8609166648238897,0.8067666629018884,4,2
B121,B,17,42,7,"1,3,2",50,finetune,0.24000000953674316,1.0,0.1680000126361847,0.07199999690055847,1.0,1.0,0.8609166648238897,0.8067666629018884,4,3
B121,B,17,42,8,"1,3,4",50,finetune,0.08000000566244125,1.0,0.15200001001358032,-0.07200000435113907,1.0,1.0,0.8609166648238897,0.8067666629018884,4,2
B121,B,17,42,9,"1,4,1",50,finetune,0.25600001215934753,1.0,0.19200000166893005,0.06400001049041748,1.0,1.0,0.8609166648238897,0.8067666629018884,4,2
B121,B,17,101,0,"0,1,1",10,probe,0.18400001525878906,1.0,0.1680000126361847,0.01600000262260437,1.0,1.0,0.8579999970582625,0.8344166634293894,4,2
B121,B,17,101,1,"1,1,3",10,probe,0.24000000953674316,1.0,0.2160000056028366,0.024000003933906555,1.0,1.0,0.8579999970582625,0.8344166634293894,4,2
B121,B,17,101,2,"1,1,4",10,probe,0.20000000298023224,1.0,0.7120000123977661,-0.5120000094175339,1.0,1.0,0.8579999970582625,0.8344166634293894,4,3
B121,B,17,101,3,"1,2,2",10,probe,0.17600001394748688,1.0,0.19200000166893005,-0.015999987721443176,1.0,1.0,0.8579999970582625,0.8344166634293894,4,2
B121,B,17,101,4,"1,2,3",10,probe,0.20000000298023224,1.0,0.20800000429153442,-0.008000001311302185,1.0,1.0,0.8579999970582625,0.8344166634293894,4,2
B121,B,17,101,5,"1,2,4",10,probe,0.1680000126361847,1.0,0.15200001001358032,0.01600000262260437,1.0,1.0,0.8579999970582625,0.8344166634293894,4,2
B121,B,17,101,6,"1,3,1",10,probe,0.2240000069141388,1.0,0.14400000870227814,0.07999999821186066,1.0,1.0,0.8579999970582625,0.8344166634293894,4,2
B121,B,17,101,7,"1,3,2",10,probe,0.1680000126361847,1.0,0.1600000113248825,0.008000001311302185,1.0,1.0,0.8579999970582625,0.8344166634293894,4,3
B121,B,17,101,8,"1,3,4",10,probe,0.19200000166893005,1.0,0.24800001084804535,-0.056000009179115295,1.0,1.0,0.8579999970582625,0.8344166634293894,4,2
B121,B,17,101,9,"1,4,1",10,probe,0.19200000166893005,1.0,0.14400000870227814,0.047999992966651917,1.0,1.0,0.8579999970582625,0.8344166634293894,4,2
B121,B,17,101,0,"0,1,1",10,finetune,0.20800000429153442,1.0,0.1680000126361847,0.03999999165534973,1.0,1.0,0.8579999970582625,0.8344166634293894,4,2
B121,B,17,101,1,"1,1,3",10,finetune,0.20000000298023224,1.0,0.23200000822544098,-0.03200000524520874,1.0,1.0,0.8579999970582625,0.8344166634293894,4,2
B121,B,17,101,2,"1,1,4",10,finetune,0.4400000274181366,1.0,0.7760000228881836,-0.335999995470047,1.0,1.0,0.8579999970582625,0.8344166634293894,4,3
B121,B,17,101,3,"1,2,2",10,finetune,0.2160000056028366,1.0,0.25600001215934753,-0.040000006556510925,1.0,1.0,0.8579999970582625,0.8344166634293894,4,2
B121,B,17,101,4,"1,2,3",10,finetune,0.19200000166893005,1.0,0.24800001084804535,-0.056000009179115295,1.0,1.0,0.8579999970582625,0.8344166634293894,4,2
B121,B,17,101,5,"1,2,4",10,finetune,0.13600000739097595,1.0,0.1600000113248825,-0.024000003933906555,1.0,1.0,0.8579999970582625,0.8344166634293894,4,2
B121,B,17,101,6,"1,3,1",10,finetune,0.17600001394748688,1.0,0.1680000126361847,0.008000001311302185,1.0,1.0,0.8579999970582625,0.8344166634293894,4,2
B121,B,17,101,7,"1,3,2",10,finetune,0.1680000126361847,1.0,0.15200001001358032,0.01600000262260437,1.0,1.0,0.8579999970582625,0.8344166634293894,4,3
B121,B,17,101,8,"1,3,4",10,finetune,0.2160000056028366,1.0,0.20800000429153442,0.008000001311302185,1.0,1.0,0.8579999970582625,0.8344166634293894,4,2
B121,B,17,101,9,"1,4,1",10,finetune,0.2160000056028366,1.0,0.15200001001358032,0.06399999558925629,1.0,1.0,0.8579999970582625,0.8344166634293894,4,2
B121,B,17,101,0,"0,1,1",25,probe,0.20000000298023224,1.0,0.13600000739097595,0.06399999558925629,1.0,1.0,0.8579999970582625,0.8344166634293894,4,2
B121,B,17,101,1,"1,1,3",25,probe,0.15200001001358032,1.0,0.20800000429153442,-0.0559999942779541,1.0,1.0,0.8579999970582625,0.8344166634293894,4,2
B121,B,17,101,2,"1,1,4",25,probe,0.23200000822544098,1.0,0.968000054359436,-0.7360000461339951,1.0,1.0,0.8579999970582625,0.8344166634293894,4,3
B121,B,17,101,3,"1,2,2",25,probe,0.20000000298023224,1.0,0.320000022649765,-0.12000001966953278,1.0,1.0,0.8579999970582625,0.8344166634293894,4,2
B121,B,17,101,4,"1,2,3",25,probe,0.24000000953674316,1.0,0.2639999985694885,-0.02399998903274536,1.0,1.0,0.8579999970582625,0.8344166634293894,4,2
B121,B,17,101,5,"1,2,4",25,probe,0.20000000298023224,1.0,0.18400001525878906,0.015999987721443176,1.0,1.0,0.8579999970582625,0.8344166634293894,4,2
B121,B,17,101,6,"1,3,1",25,probe,0.2160000056028366,1.0,0.1680000126361847,0.047999992966651917,1.0,1.0,0.8579999970582625,0.8344166634293894,4,2
B121,B,17,101,7,"1,3,2",25,probe,0.14400000870227814,1.0,0.2160000056028366,-0.07199999690055847,1.0,1.0,0.8579999970582625,0.8344166634293894,4,3
B121,B,17,101,8,"1,3,4",25,probe,0.18400001525878906,1.0,0.12800000607967377,0.056000009179115295,1.0,1.0,0.8579999970582625,0.8344166634293894,4,2
B121,B,17,101,9,"1,4,1",25,probe,0.25600001215934753,1.0,0.23200000822544098,0.024000003933906555,1.0,1.0,0.8579999970582625,0.8344166634293894,4,2
B121,B,17,101,0,"0,1,1",25,finetune,0.08800000697374344,1.0,0.18400001525878906,-0.09600000828504562,1.0,1.0,0.8579999970582625,0.8344166634293894,4,2
B121,B,17,101,1,"1,1,3",25,finetune,0.18400001525878906,1.0,0.20000000298023224,-0.015999987721443176,1.0,1.0,0.8579999970582625,0.8344166634293894,4,2
B121,B,17,101,2,"1,1,4",25,finetune,0.5440000295639038,1.0,0.9920000433921814,-0.4480000138282776,1.0,1.0,0.8579999970582625,0.8344166634293894,4,3
B121,B,17,101,3,"1,2,2",25,finetune,0.2160000056028366,1.0,0.320000022649765,-0.1040000170469284,1.0,1.0,0.8579999970582625,0.8344166634293894,4,2
B121,B,17,101,4,"1,2,3",25,finetune,0.24000000953674316,1.0,0.25600001215934753,-0.01600000262260437,1.0,1.0,0.8579999970582625,0.8344166634293894,4,2
B121,B,17,101,5,"1,2,4",25,finetune,0.14400000870227814,1.0,0.18400001525878906,-0.040000006556510925,1.0,1.0,0.8579999970582625,0.8344166634293894,4,2
B121,B,17,101,6,"1,3,1",25,finetune,0.12000000476837158,1.0,0.12800000607967377,-0.008000001311302185,1.0,1.0,0.8579999970582625,0.8344166634293894,4,2
B121,B,17,101,7,"1,3,2",25,finetune,0.15200001001358032,1.0,0.1680000126361847,-0.01600000262260437,1.0,1.0,0.8579999970582625,0.8344166634293894,4,3
B121,B,17,101,8,"1,3,4",25,finetune,0.20800000429153442,1.0,0.13600000739097595,0.07199999690055847,1.0,1.0,0.8579999970582625,0.8344166634293894,4,2
B121,B,17,101,9,"1,4,1",25,finetune,0.2639999985694885,1.0,0.2160000056028366,0.047999992966651917,1.0,1.0,0.8579999970582625,0.8344166634293894,4,2
B121,B,17,101,0,"0,1,1",50,probe,0.20000000298023224,1.0,0.13600000739097595,0.06399999558925629,1.0,1.0,0.8579999970582625,0.8344166634293894,4,2
B121,B,17,101,1,"1,1,3",50,probe,0.18400001525878906,1.0,0.20800000429153442,-0.02399998903274536,1.0,1.0,0.8579999970582625,0.8344166634293894,4,2
B121,B,17,101,2,"1,1,4",50,probe,0.2240000069141388,1.0,0.968000054359436,-0.7440000474452972,1.0,1.0,0.8579999970582625,0.8344166634293894,4,3
B121,B,17,101,3,"1,2,2",50,probe,0.20800000429153442,1.0,0.29600000381469727,-0.08799999952316284,1.0,1.0,0.8579999970582625,0.8344166634293894,4,2
B121,B,17,101,4,"1,2,3",50,probe,0.2240000069141388,1.0,0.24800001084804535,-0.024000003933906555,1.0,1.0,0.8579999970582625,0.8344166634293894,4,2
B121,B,17,101,5,"1,2,4",50,probe,0.20000000298023224,1.0,0.1680000126361847,0.031999990344047546,1.0,1.0,0.8579999970582625,0.8344166634293894,4,2
B121,B,17,101,6,"1,3,1",50,probe,0.20000000298023224,1.0,0.13600000739097595,0.06399999558925629,1.0,1.0,0.8579999970582625,0.8344166634293894,4,2
B121,B,17,101,7,"1,3,2",50,probe,0.1680000126361847,1.0,0.1600000113248825,0.008000001311302185,1.0,1.0,0.8579999970582625,0.8344166634293894,4,3
B121,B,17,101,8,"1,3,4",50,probe,0.2240000069141388,1.0,0.15200001001358032,0.07199999690055847,1.0,1.0,0.8579999970582625,0.8344166634293894,4,2
B121,B,17,101,9,"1,4,1",50,probe,0.20800000429153442,1.0,0.17600001394748688,0.031999990344047546,1.0,1.0,0.8579999970582625,0.8344166634293894,4,2
B121,B,17,101,0,"0,1,1",50,finetune,0.1680000126361847,1.0,0.12800000607967377,0.040000006556510925,1.0,1.0,0.8579999970582625,0.8344166634293894,4,2
B121,B,17,101,1,"1,1,3",50,finetune,0.19200000166893005,1.0,0.2160000056028366,-0.024000003933906555,1.0,1.0,0.8579999970582625,0.8344166634293894,4,2
B121,B,17,101,2,"1,1,4",50,finetune,0.6800000071525574,1.0,1.0,-0.3199999928474426,1.0,1.0,0.8579999970582625,0.8344166634293894,4,3
B121,B,17,101,3,"1,2,2",50,finetune,0.2240000069141388,1.0,0.2720000147819519,-0.04800000786781311,1.0,1.0,0.8579999970582625,0.8344166634293894,4,2
B121,B,17,101,4,"1,2,3",50,finetune,0.2160000056028366,1.0,0.24000000953674316,-0.024000003933906555,1.0,1.0,0.8579999970582625,0.8344166634293894,4,2
B121,B,17,101,5,"1,2,4",50,finetune,0.1600000113248825,1.0,0.12000000476837158,0.040000006556510925,1.0,1.0,0.8579999970582625,0.8344166634293894,4,2
B121,B,17,101,6,"1,3,1",50,finetune,0.1120000034570694,1.0,0.1120000034570694,0.0,1.0,1.0,0.8579999970582625,0.8344166634293894,4,2
B121,B,17,101,7,"1,3,2",50,finetune,0.17600001394748688,1.0,0.15200001001358032,0.024000003933906555,1.0,1.0,0.8579999970582625,0.8344166634293894,4,3
B121,B,17,101,8,"1,3,4",50,finetune,0.18400001525878906,1.0,0.14400000870227814,0.040000006556510925,1.0,1.0,0.8579999970582625,0.8344166634293894,4,2
B121,B,17,101,9,"1,4,1",50,finetune,0.2240000069141388,1.0,0.18400001525878906,0.03999999165534973,1.0,1.0,0.8579999970582625,0.8344166634293894,4,2
B121,B,42,42,0,"0,1,1",10,probe,0.17600001394748688,1.0,0.1600000113248825,0.01600000262260437,1.0,1.0,0.9389666660378376,0.9169499979664882,4,2
B121,B,42,42,1,"1,1,3",10,probe,0.15200001001358032,1.0,0.1680000126361847,-0.01600000262260437,1.0,1.0,0.9389666660378376,0.9169499979664882,4,2
B121,B,42,42,2,"1,1,4",10,probe,0.1680000126361847,1.0,0.15200001001358032,0.01600000262260437,1.0,1.0,0.9389666660378376,0.9169499979664882,4,3
B121,B,42,42,3,"1,2,2",10,probe,0.20800000429153442,1.0,0.14400000870227814,0.06399999558925629,1.0,1.0,0.9389666660378376,0.9169499979664882,4,2
B121,B,42,42,4,"1,2,3",10,probe,0.13600000739097595,1.0,0.14400000870227814,-0.008000001311302185,1.0,1.0,0.9389666660378376,0.9169499979664882,4,2
B121,B,42,42,5,"1,2,4",10,probe,0.18400001525878906,1.0,0.15200001001358032,0.03200000524520874,1.0,1.0,0.9389666660378376,0.9169499979664882,4,2
B121,B,42,42,6,"1,3,1",10,probe,0.2800000011920929,1.0,0.6880000233650208,-0.40800002217292786,1.0,1.0,0.9389666660378376,0.9169499979664882,4,2
B121,B,42,42,7,"1,3,2",10,probe,0.14400000870227814,1.0,0.1600000113248825,-0.01600000262260437,1.0,1.0,0.9389666660378376,0.9169499979664882,4,3
B121,B,42,42,8,"1,3,4",10,probe,0.24800001084804535,1.0,0.20000000298023224,0.04800000786781311,1.0,1.0,0.9389666660378376,0.9169499979664882,4,2
B121,B,42,42,9,"1,4,1",10,probe,0.2160000056028366,1.0,0.20000000298023224,0.01600000262260437,1.0,1.0,0.9389666660378376,0.9169499979664882,4,2
B121,B,42,42,0,"0,1,1",10,finetune,0.17600001394748688,1.0,0.17600001394748688,0.0,1.0,1.0,0.9389666660378376,0.9169499979664882,4,2
B121,B,42,42,1,"1,1,3",10,finetune,0.12000000476837158,1.0,0.1600000113248825,-0.040000006556510925,1.0,1.0,0.9389666660378376,0.9169499979664882,4,2
B121,B,42,42,2,"1,1,4",10,finetune,0.23200000822544098,1.0,0.1120000034570694,0.12000000476837158,1.0,1.0,0.9389666660378376,0.9169499979664882,4,3
B121,B,42,42,3,"1,2,2",10,finetune,0.20800000429153442,1.0,0.18400001525878906,0.02399998903274536,1.0,1.0,0.9389666660378376,0.9169499979664882,4,2
B121,B,42,42,4,"1,2,3",10,finetune,0.14400000870227814,1.0,0.14400000870227814,0.0,1.0,1.0,0.9389666660378376,0.9169499979664882,4,2
B121,B,42,42,5,"1,2,4",10,finetune,0.23200000822544098,1.0,0.17600001394748688,0.0559999942779541,1.0,1.0,0.9389666660378376,0.9169499979664882,4,2
B121,B,42,42,6,"1,3,1",10,finetune,0.40800002217292786,1.0,0.7280000448226929,-0.320000022649765,1.0,1.0,0.9389666660378376,0.9169499979664882,4,2
B121,B,42,42,7,"1,3,2",10,finetune,0.1680000126361847,1.0,0.20800000429153442,-0.03999999165534973,1.0,1.0,0.9389666660378376,0.9169499979664882,4,3
B121,B,42,42,8,"1,3,4",10,finetune,0.40800002217292786,1.0,0.2160000056028366,0.19200001657009125,1.0,1.0,0.9389666660378376,0.9169499979664882,4,2
B121,B,42,42,9,"1,4,1",10,finetune,0.2720000147819519,1.0,0.20000000298023224,0.07200001180171967,1.0,1.0,0.9389666660378376,0.9169499979664882,4,2
B121,B,42,42,0,"0,1,1",25,probe,0.17600001394748688,1.0,0.19200000166893005,-0.015999987721443176,1.0,1.0,0.9389666660378376,0.9169499979664882,4,2
B121,B,42,42,1,"1,1,3",25,probe,0.30400002002716064,1.0,0.10400000214576721,0.20000001788139343,1.0,1.0,0.9389666660378376,0.9169499979664882,4,2
B121,B,42,42,2,"1,1,4",25,probe,0.23200000822544098,1.0,0.1680000126361847,0.06399999558925629,1.0,1.0,0.9389666660378376,0.9169499979664882,4,3
B121,B,42,42,3,"1,2,2",25,probe,0.2639999985694885,1.0,0.12000000476837158,0.14399999380111694,1.0,1.0,0.9389666660378376,0.9169499979664882,4,2
B121,B,42,42,4,"1,2,3",25,probe,0.1680000126361847,1.0,0.1680000126361847,0.0,1.0,1.0,0.9389666660378376,0.9169499979664882,4,2
B121,B,42,42,5,"1,2,4",25,probe,0.18400001525878906,1.0,0.15200001001358032,0.03200000524520874,1.0,1.0,0.9389666660378376,0.9169499979664882,4,2
B121,B,42,42,6,"1,3,1",25,probe,0.48000001907348633,1.0,0.9520000219345093,-0.47200000286102295,1.0,1.0,0.9389666660378376,0.9169499979664882,4,2
B121,B,42,42,7,"1,3,2",25,probe,0.1680000126361847,1.0,0.18400001525878906,-0.01600000262260437,1.0,1.0,0.9389666660378376,0.9169499979664882,4,3
B121,B,42,42,8,"1,3,4",25,probe,0.3760000169277191,1.0,0.2160000056028366,0.1600000113248825,1.0,1.0,0.9389666660378376,0.9169499979664882,4,2
B121,B,42,42,9,"1,4,1",25,probe,0.2880000174045563,1.0,0.14400000870227814,0.14400000870227814,1.0,1.0,0.9389666660378376,0.9169499979664882,4,2
B121,B,42,42,0,"0,1,1",25,finetune,0.20000000298023224,1.0,0.24000000953674316,-0.040000006556510925,1.0,1.0,0.9389666660378376,0.9169499979664882,4,2
B121,B,42,42,1,"1,1,3",25,finetune,0.20800000429153442,1.0,0.10400000214576721,0.10400000214576721,1.0,1.0,0.9389666660378376,0.9169499979664882,4,2
B121,B,42,42,2,"1,1,4",25,finetune,0.15200001001358032,1.0,0.15200001001358032,0.0,1.0,1.0,0.9389666660378376,0.9169499979664882,4,3
B121,B,42,42,3,"1,2,2",25,finetune,0.17600001394748688,1.0,0.12000000476837158,0.056000009179115295,1.0,1.0,0.9389666660378376,0.9169499979664882,4,2
B121,B,42,42,4,"1,2,3",25,finetune,0.12800000607967377,1.0,0.1680000126361847,-0.040000006556510925,1.0,1.0,0.9389666660378376,0.9169499979664882,4,2
B121,B,42,42,5,"1,2,4",25,finetune,0.17600001394748688,1.0,0.13600000739097595,0.040000006556510925,1.0,1.0,0.9389666660378376,0.9169499979664882,4,2
B121,B,42,42,6,"1,3,1",25,finetune,0.6000000238418579,1.0,0.984000027179718,-0.3840000033378601,1.0,1.0,0.9389666660378376,0.9169499979664882,4,2
B121,B,42,42,7,"1,3,2",25,finetune,0.20800000429153442,1.0,0.19200000166893005,0.01600000262260437,1.0,1.0,0.9389666660378376,0.9169499979664882,4,3
B121,B,42,42,8,"1,3,4",25,finetune,0.4400000274181366,1.0,0.2240000069141388,0.2160000205039978,1.0,1.0,0.9389666660378376,0.9169499979664882,4,2
B121,B,42,42,9,"1,4,1",25,finetune,0.24000000953674316,1.0,0.15200001001358032,0.08799999952316284,1.0,1.0,0.9389666660378376,0.9169499979664882,4,2
B121,B,42,42,0,"0,1,1",50,probe,0.29600000381469727,1.0,0.18400001525878906,0.1119999885559082,1.0,1.0,0.9389666660378376,0.9169499979664882,4,2
B121,B,42,42,1,"1,1,3",50,probe,0.46400001645088196,1.0,0.15200001001358032,0.31200000643730164,1.0,1.0,0.9389666660378376,0.9169499979664882,4,2
B121,B,42,42,2,"1,1,4",50,probe,0.2639999985694885,1.0,0.1600000113248825,0.10399998724460602,1.0,1.0,0.9389666660378376,0.9169499979664882,4,3
B121,B,42,42,3,"1,2,2",50,probe,0.30400002002716064,1.0,0.13600000739097595,0.1680000126361847,1.0,1.0,0.9389666660378376,0.9169499979664882,4,2
B121,B,42,42,4,"1,2,3",50,probe,0.24800001084804535,1.0,0.25600001215934753,-0.008000001311302185,1.0,1.0,0.9389666660378376,0.9169499979664882,4,2
B121,B,42,42,5,"1,2,4",50,probe,0.2720000147819519,1.0,0.2160000056028366,0.056000009179115295,1.0,1.0,0.9389666660378376,0.9169499979664882,4,2
B121,B,42,42,6,"1,3,1",50,probe,0.5760000348091125,1.0,1.0,-0.42399996519088745,1.0,1.0,0.9389666660378376,0.9169499979664882,4,2
B121,B,42,42,7,"1,3,2",50,probe,0.2160000056028366,1.0,0.19200000166893005,0.024000003933906555,1.0,1.0,0.9389666660378376,0.9169499979664882,4,3
B121,B,42,42,8,"1,3,4",50,probe,0.5600000023841858,1.0,0.31200000643730164,0.24799999594688416,1.0,1.0,0.9389666660378376,0.9169499979664882,4,2
B121,B,42,42,9,"1,4,1",50,probe,0.36000001430511475,1.0,0.18400001525878906,0.17599999904632568,1.0,1.0,0.9389666660378376,0.9169499979664882,4,2
B121,B,42,42,0,"0,1,1",50,finetune,0.12800000607967377,1.0,0.15200001001358032,-0.024000003933906555,1.0,1.0,0.9389666660378376,0.9169499979664882,4,2
B121,B,42,42,1,"1,1,3",50,finetune,0.18400001525878906,1.0,0.1600000113248825,0.024000003933906555,1.0,1.0,0.9389666660378376,0.9169499979664882,4,2
B121,B,42,42,2,"1,1,4",50,finetune,0.10400000214576721,1.0,0.1680000126361847,-0.06400001049041748,1.0,1.0,0.9389666660378376,0.9169499979664882,4,3
B121,B,42,42,3,"1,2,2",50,finetune,0.14400000870227814,1.0,0.12800000607967377,0.01600000262260437,1.0,1.0,0.9389666660378376,0.9169499979664882,4,2
B121,B,42,42,4,"1,2,3",50,finetune,0.17600001394748688,1.0,0.24800001084804535,-0.07199999690055847,1.0,1.0,0.9389666660378376,0.9169499979664882,4,2
B121,B,42,42,5,"1,2,4",50,finetune,0.15200001001358032,1.0,0.17600001394748688,-0.024000003933906555,1.0,1.0,0.9389666660378376,0.9169499979664882,4,2
B121,B,42,42,6,"1,3,1",50,finetune,0.8800000548362732,1.0,1.0,-0.1199999451637268,1.0,1.0,0.9389666660378376,0.9169499979664882,4,2
B121,B,42,42,7,"1,3,2",50,finetune,0.20000000298023224,1.0,0.23200000822544098,-0.03200000524520874,1.0,1.0,0.9389666660378376,0.9169499979664882,4,3
B121,B,42,42,8,"1,3,4",50,finetune,0.5600000023841858,1.0,0.35200002789497375,0.20799997448921204,1.0,1.0,0.9389666660378376,0.9169499979664882,4,2
B121,B,42,42,9,"1,4,1",50,finetune,0.30400002002716064,1.0,0.18400001525878906,0.12000000476837158,1.0,1.0,0.9389666660378376,0.9169499979664882,4,2
B121,B,42,101,0,"0,1,1",10,probe,0.17600001394748688,1.0,0.17600001394748688,0.0,1.0,1.0,0.8919499979044,0.9187666648067534,4,2
B121,B,42,101,1,"1,1,3",10,probe,0.15200001001358032,1.0,0.12000000476837158,0.03200000524520874,1.0,1.0,0.8919499979044,0.9187666648067534,4,2
B121,B,42,101,2,"1,1,4",10,probe,0.1680000126361847,1.0,0.12000000476837158,0.04800000786781311,1.0,1.0,0.8919499979044,0.9187666648067534,4,3
B121,B,42,101,3,"1,2,2",10,probe,0.17600001394748688,1.0,0.17600001394748688,0.0,1.0,1.0,0.8919499979044,0.9187666648067534,4,2
B121,B,42,101,4,"1,2,3",10,probe,0.13600000739097595,1.0,0.18400001525878906,-0.04800000786781311,1.0,1.0,0.8919499979044,0.9187666648067534,4,2
B121,B,42,101,5,"1,2,4",10,probe,0.2160000056028366,1.0,0.1600000113248825,0.0559999942779541,1.0,1.0,0.8919499979044,0.9187666648067534,4,2
B121,B,42,101,6,"1,3,1",10,probe,0.40800002217292786,1.0,0.6480000019073486,-0.23999997973442078,1.0,1.0,0.8919499979044,0.9187666648067534,4,2
B121,B,42,101,7,"1,3,2",10,probe,0.2240000069141388,1.0,0.20000000298023224,0.024000003933906555,1.0,1.0,0.8919499979044,0.9187666648067534,4,3
B121,B,42,101,8,"1,3,4",10,probe,0.2800000011920929,1.0,0.17600001394748688,0.10399998724460602,1.0,1.0,0.8919499979044,0.9187666648067534,4,2
B121,B,42,101,9,"1,4,1",10,probe,0.2240000069141388,1.0,0.20000000298023224,0.024000003933906555,1.0,1.0,0.8919499979044,0.9187666648067534,4,2
B121,B,42,101,0,"0,1,1",10,finetune,0.17600001394748688,1.0,0.19200000166893005,-0.015999987721443176,1.0,1.0,0.8919499979044,0.9187666648067534,4,2
B121,B,42,101,1,"1,1,3",10,finetune,0.18400001525878906,1.0,0.17600001394748688,0.008000001311302185,1.0,1.0,0.8919499979044,0.9187666648067534,4,2
B121,B,42,101,2,"1,1,4",10,finetune,0.12800000607967377,1.0,0.1120000034570694,0.01600000262260437,1.0,1.0,0.8919499979044,0.9187666648067534,4,3
B121,B,42,101,3,"1,2,2",10,finetune,0.17600001394748688,1.0,0.1680000126361847,0.008000001311302185,1.0,1.0,0.8919499979044,0.9187666648067534,4,2
B121,B,42,101,4,"1,2,3",10,finetune,0.13600000739097595,1.0,0.18400001525878906,-0.04800000786781311,1.0,1.0,0.8919499979044,0.9187666648067534,4,2
B121,B,42,101,5,"1,2,4",10,finetune,0.2240000069141388,1.0,0.14400000870227814,0.07999999821186066,1.0,1.0,0.8919499979044,0.9187666648067534,4,2
B121,B,42,101,6,"1,3,1",10,finetune,0.5040000081062317,1.0,0.7440000176429749,-0.24000000953674316,1.0,1.0,0.8919499979044,0.9187666648067534,4,2
B121,B,42,101,7,"1,3,2",10,finetune,0.19200000166893005,1.0,0.19200000166893005,0.0,1.0,1.0,0.8919499979044,0.9187666648067534,4,3
B121,B,42,101,8,"1,3,4",10,finetune,0.2639999985694885,1.0,0.2240000069141388,0.03999999165534973,1.0,1.0,0.8919499979044,0.9187666648067534,4,2
B121,B,42,101,9,"1,4,1",10,finetune,0.24000000953674316,1.0,0.19200000166893005,0.04800000786781311,1.0,1.0,0.8919499979044,0.9187666648067534,4,2
B121,B,42,101,0,"0,1,1",25,probe,0.18400001525878906,1.0,0.24800001084804535,-0.06399999558925629,1.0,1.0,0.8919499979044,0.9187666648067534,4,2
B121,B,42,101,1,"1,1,3",25,probe,0.1680000126361847,1.0,0.09600000083446503,0.07200001180171967,1.0,1.0,0.8919499979044,0.9187666648067534,4,2
B121,B,42,101,2,"1,1,4",25,probe,0.12800000607967377,1.0,0.1600000113248825,-0.03200000524520874,1.0,1.0,0.8919499979044,0.9187666648067534,4,3
B121,B,42,101,3,"1,2,2",25,probe,0.20000000298023224,1.0,0.1680000126361847,0.031999990344047546,1.0,1.0,0.8919499979044,0.9187666648067534,4,2
B121,B,42,101,4,"1,2,3",25,probe,0.12800000607967377,1.0,0.17600001394748688,-0.04800000786781311,1.0,1.0,0.8919499979044,0.9187666648067534,4,2
B121,B,42,101,5,"1,2,4",25,probe,0.24000000953674316,1.0,0.13600000739097595,0.10400000214576721,1.0,1.0,0.8919499979044,0.9187666648067534,4,2
B121,B,42,101,6,"1,3,1",25,probe,0.47200003266334534,1.0,0.8560000658035278,-0.3840000331401825,1.0,1.0,0.8919499979044,0.9187666648067534,4,2
B121,B,42,101,7,"1,3,2",25,probe,0.18400001525878906,1.0,0.15200001001358032,0.03200000524520874,1.0,1.0,0.8919499979044,0.9187666648067534,4,3
B121,B,42,101,8,"1,3,4",25,probe,0.2800000011920929,1.0,0.23200000822544098,0.047999992966651917,1.0,1.0,0.8919499979044,0.9187666648067534,4,2
B121,B,42,101,9,"1,4,1",25,probe,0.2720000147819519,1.0,0.20000000298023224,0.07200001180171967,1.0,1.0,0.8919499979044,0.9187666648067534,4,2
B121,B,42,101,0,"0,1,1",25,finetune,0.18400001525878906,1.0,0.20800000429153442,-0.02399998903274536,1.0,1.0,0.8919499979044,0.9187666648067534,4,2
B121,B,42,101,1,"1,1,3",25,finetune,0.17600001394748688,1.0,0.10400000214576721,0.07200001180171967,1.0,1.0,0.8919499979044,0.9187666648067534,4,2
B121,B,42,101,2,"1,1,4",25,finetune,0.12800000607967377,1.0,0.13600000739097595,-0.008000001311302185,1.0,1.0,0.8919499979044,0.9187666648067534,4,3
B121,B,42,101,3,"1,2,2",25,finetune,0.12800000607967377,1.0,0.14400000870227814,-0.01600000262260437,1.0,1.0,0.8919499979044,0.9187666648067534,4,2
B121,B,42,101,4,"1,2,3",25,finetune,0.12000000476837158,1.0,0.17600001394748688,-0.056000009179115295,1.0,1.0,0.8919499979044,0.9187666648067534,4,2
B121,B,42,101,5,"1,2,4",25,finetune,0.18400001525878906,1.0,0.14400000870227814,0.040000006556510925,1.0,1.0,0.8919499979044,0.9187666648067534,4,2
B121,B,42,101,6,"1,3,1",25,finetune,0.6240000128746033,1.0,0.9440000653266907,-0.3200000524520874,1.0,1.0,0.8919499979044,0.9187666648067534,4,2
B121,B,42,101,7,"1,3,2",25,finetune,0.1600000113248825,1.0,0.1600000113248825,0.0,1.0,1.0,0.8919499979044,0.9187666648067534,4,3
B121,B,42,101,8,"1,3,4",25,finetune,0.31200000643730164,1.0,0.20800000429153442,0.10400000214576721,1.0,1.0,0.8919499979044,0.9187666648067534,4,2
B121,B,42,101,9,"1,4,1",25,finetune,0.2240000069141388,1.0,0.18400001525878906,0.03999999165534973,1.0,1.0,0.8919499979044,0.9187666648067534,4,2
B121,B,42,101,0,"0,1,1",50,probe,0.20000000298023224,1.0,0.14400000870227814,0.0559999942779541,1.0,1.0,0.8919499979044,0.9187666648067534,4,2
B121,B,42,101,1,"1,1,3",50,probe,0.2800000011920929,1.0,0.15200001001358032,0.12799999117851257,1.0,1.0,0.8919499979044,0.9187666648067534,4,2
B121,B,42,101,2,"1,1,4",50,probe,0.19200000166893005,1.0,0.1680000126361847,0.02399998903274536,1.0,1.0,0.8919499979044,0.9187666648067534,4,3
B121,B,42,101,3,"1,2,2",50,probe,0.15200001001358032,1.0,0.19200000166893005,-0.03999999165534973,1.0,1.0,0.8919499979044,0.9187666648067534,4,2
B121,B,42,101,4,"1,2,3",50,probe,0.14400000870227814,1.0,0.2639999985694885,-0.11999998986721039,1.0,1.0,0.8919499979044,0.9187666648067534,4,2
B121,B,42,101,5,"1,2,4",50,probe,0.2639999985694885,1.0,0.18400001525878906,0.07999998331069946,1.0,1.0,0.8919499979044,0.9187666648067534,4,2
B121,B,42,101,6,"1,3,1",50,probe,0.5760000348091125,1.0,1.0,-0.42399996519088745,1.0,1.0,0.8919499979044,0.9187666648067534,4,2
B121,B,42,101,7,"1,3,2",50,probe,0.19200000166893005,1.0,0.20800000429153442,-0.01600000262260437,1.0,1.0,0.8919499979044,0.9187666648067534,4,3
B121,B,42,101,8,"1,3,4",50,probe,0.3360000252723694,1.0,0.320000022649765,0.01600000262260437,1.0,1.0,0.8919499979044,0.9187666648067534,4,2
B121,B,42,101,9,"1,4,1",50,probe,0.2880000174045563,1.0,0.20000000298023224,0.08800001442432404,1.0,1.0,0.8919499979044,0.9187666648067534,4,2
B121,B,42,101,0,"0,1,1",50,finetune,0.14400000870227814,1.0,0.13600000739097595,0.008000001311302185,1.0,1.0,0.8919499979044,0.9187666648067534,4,2
B121,B,42,101,1,"1,1,3",50,finetune,0.20800000429153442,1.0,0.14400000870227814,0.06399999558925629,1.0,1.0,0.8919499979044,0.9187666648067534,4,2
B121,B,42,101,2,"1,1,4",50,finetune,0.15200001001358032,1.0,0.18400001525878906,-0.03200000524520874,1.0,1.0,0.8919499979044,0.9187666648067534,4,3
B121,B,42,101,3,"1,2,2",50,finetune,0.08800000697374344,1.0,0.14400000870227814,-0.0560000017285347,1.0,1.0,0.8919499979044,0.9187666648067534,4,2
B121,B,42,101,4,"1,2,3",50,finetune,0.1120000034570694,1.0,0.24000000953674316,-0.12800000607967377,1.0,1.0,0.8919499979044,0.9187666648067534,4,2
B121,B,42,101,5,"1,2,4",50,finetune,0.17600001394748688,1.0,0.18400001525878906,-0.008000001311302185,1.0,1.0,0.8919499979044,0.9187666648067534,4,2
B121,B,42,101,6,"1,3,1",50,finetune,0.8320000171661377,1.0,1.0,-0.1679999828338623,1.0,1.0,0.8919499979044,0.9187666648067534,4,2
B121,B,42,101,7,"1,3,2",50,finetune,0.15200001001358032,1.0,0.20800000429153442,-0.0559999942779541,1.0,1.0,0.8919499979044,0.9187666648067534,4,3
B121,B,42,101,8,"1,3,4",50,finetune,0.41600000858306885,1.0,0.3920000195503235,0.02399998903274536,1.0,1.0,0.8919499979044,0.9187666648067534,4,2
B121,B,42,101,9,"1,4,1",50,finetune,0.29600000381469727,1.0,0.20000000298023224,0.09600000083446503,1.0,1.0,0.8919499979044,0.9187666648067534,4,2
B121,B,101,42,0,"0,1,1",10,probe,0.18400001525878906,1.0,0.20000000298023224,-0.015999987721443176,1.0,1.0,0.8468499965965748,0.8002999923191964,4,2
B121,B,101,42,1,"1,1,3",10,probe,0.20000000298023224,1.0,0.24000000953674316,-0.040000006556510925,1.0,1.0,0.8468499965965748,0.8002999923191964,4,2
B121,B,101,42,2,"1,1,4",10,probe,0.18400001525878906,1.0,0.2240000069141388,-0.03999999165534973,1.0,1.0,0.8468499965965748,0.8002999923191964,4,3
B121,B,101,42,3,"1,2,2",10,probe,0.18400001525878906,1.0,0.19200000166893005,-0.007999986410140991,1.0,1.0,0.8468499965965748,0.8002999923191964,4,2
B121,B,101,42,4,"1,2,3",10,probe,0.20000000298023224,1.0,0.1680000126361847,0.031999990344047546,1.0,1.0,0.8468499965965748,0.8002999923191964,4,2
B121,B,101,42,5,"1,2,4",10,probe,0.2160000056028366,1.0,0.2240000069141388,-0.008000001311302185,1.0,1.0,0.8468499965965748,0.8002999923191964,4,2
B121,B,101,42,6,"1,3,1",10,probe,0.20800000429153442,1.0,0.20000000298023224,0.008000001311302185,1.0,1.0,0.8468499965965748,0.8002999923191964,4,2
B121,B,101,42,7,"1,3,2",10,probe,0.20000000298023224,1.0,0.7520000338554382,-0.552000030875206,1.0,1.0,0.8468499965965748,0.8002999923191964,4,3
B121,B,101,42,8,"1,3,4",10,probe,0.17600001394748688,1.0,0.1680000126361847,0.008000001311302185,1.0,1.0,0.8468499965965748,0.8002999923191964,4,2
B121,B,101,42,9,"1,4,1",10,probe,0.20000000298023224,1.0,0.1680000126361847,0.031999990344047546,1.0,1.0,0.8468499965965748,0.8002999923191964,4,2
B121,B,101,42,0,"0,1,1",10,finetune,0.17600001394748688,1.0,0.17600001394748688,0.0,1.0,1.0,0.8468499965965748,0.8002999923191964,4,2
B121,B,101,42,1,"1,1,3",10,finetune,0.19200000166893005,1.0,0.23200000822544098,-0.040000006556510925,1.0,1.0,0.8468499965965748,0.8002999923191964,4,2
B121,B,101,42,2,"1,1,4",10,finetune,0.17600001394748688,1.0,0.23200000822544098,-0.0559999942779541,1.0,1.0,0.8468499965965748,0.8002999923191964,4,3
B121,B,101,42,3,"1,2,2",10,finetune,0.24000000953674316,1.0,0.17600001394748688,0.06399999558925629,1.0,1.0,0.8468499965965748,0.8002999923191964,4,2
B121,B,101,42,4,"1,2,3",10,finetune,0.19200000166893005,1.0,0.19200000166893005,0.0,1.0,1.0,0.8468499965965748,0.8002999923191964,4,2
B121,B,101,42,5,"1,2,4",10,finetune,0.20000000298023224,1.0,0.2240000069141388,-0.024000003933906555,1.0,1.0,0.8468499965965748,0.8002999923191964,4,2
B121,B,101,42,6,"1,3,1",10,finetune,0.20000000298023224,1.0,0.20000000298023224,0.0,1.0,1.0,0.8468499965965748,0.8002999923191964,4,2
B121,B,101,42,7,"1,3,2",10,finetune,0.328000009059906,1.0,0.8160000443458557,-0.4880000352859497,1.0,1.0,0.8468499965965748,0.8002999923191964,4,3
B121,B,101,42,8,"1,3,4",10,finetune,0.2240000069141388,1.0,0.13600000739097595,0.08799999952316284,1.0,1.0,0.8468499965965748,0.8002999923191964,4,2
B121,B,101,42,9,"1,4,1",10,finetune,0.14400000870227814,1.0,0.1600000113248825,-0.01600000262260437,1.0,1.0,0.8468499965965748,0.8002999923191964,4,2
B121,B,101,42,0,"0,1,1",25,probe,0.1600000113248825,1.0,0.19200000166893005,-0.031999990344047546,1.0,1.0,0.8468499965965748,0.8002999923191964,4,2
B121,B,101,42,1,"1,1,3",25,probe,0.1600000113248825,1.0,0.25600001215934753,-0.09600000083446503,1.0,1.0,0.8468499965965748,0.8002999923191964,4,2
B121,B,101,42,2,"1,1,4",25,probe,0.20800000429153442,1.0,0.20800000429153442,0.0,1.0,1.0,0.8468499965965748,0.8002999923191964,4,3
B121,B,101,42,3,"1,2,2",25,probe,0.24800001084804535,1.0,0.1680000126361847,0.07999999821186066,1.0,1.0,0.8468499965965748,0.8002999923191964,4,2
B121,B,101,42,4,"1,2,3",25,probe,0.1600000113248825,1.0,0.18400001525878906,-0.024000003933906555,1.0,1.0,0.8468499965965748,0.8002999923191964,4,2
B121,B,101,42,5,"1,2,4",25,probe,0.17600001394748688,1.0,0.20000000298023224,-0.02399998903274536,1.0,1.0,0.8468499965965748,0.8002999923191964,4,2
B121,B,101,42,6,"1,3,1",25,probe,0.19200000166893005,1.0,0.2240000069141388,-0.03200000524520874,1.0,1.0,0.8468499965965748,0.8002999923191964,4,2
B121,B,101,42,7,"1,3,2",25,probe,0.20000000298023224,1.0,0.9280000329017639,-0.7280000299215317,1.0,1.0,0.8468499965965748,0.8002999923191964,4,3
B121,B,101,42,8,"1,3,4",25,probe,0.20000000298023224,1.0,0.17600001394748688,0.02399998903274536,1.0,1.0,0.8468499965965748,0.8002999923191964,4,2
B121,B,101,42,9,"1,4,1",25,probe,0.18400001525878906,1.0,0.13600000739097595,0.04800000786781311,1.0,1.0,0.8468499965965748,0.8002999923191964,4,2
B121,B,101,42,0,"0,1,1",25,finetune,0.15200001001358032,1.0,0.17600001394748688,-0.024000003933906555,1.0,1.0,0.8468499965965748,0.8002999923191964,4,2
B121,B,101,42,1,"1,1,3",25,finetune,0.18400001525878906,1.0,0.23200000822544098,-0.047999992966651917,1.0,1.0,0.8468499965965748,0.8002999923191964,4,2
B121,B,101,42,2,"1,1,4",25,finetune,0.19200000166893005,1.0,0.20000000298023224,-0.008000001311302185,1.0,1.0,0.8468499965965748,0.8002999923191964,4,3
B121,B,101,42,3,"1,2,2",25,finetune,0.1680000126361847,1.0,0.1600000113248825,0.008000001311302185,1.0,1.0,0.8468499965965748,0.8002999923191964,4,2
B121,B,101,42,4,"1,2,3",25,finetune,0.18400001525878906,1.0,0.17600001394748688,0.008000001311302185,1.0,1.0,0.8468499965965748,0.8002999923191964,4,2
B121,B,101,42,5,"1,2,4",25,finetune,0.20800000429153442,1.0,0.23200000822544098,-0.024000003933906555,1.0,1.0,0.8468499965965748,0.8002999923191964,4,2
B121,B,101,42,6,"1,3,1",25,finetune,0.20000000298023224,1.0,0.20800000429153442,-0.008000001311302185,1.0,1.0,0.8468499965965748,0.8002999923191964,4,2
B121,B,101,42,7,"1,3,2",25,finetune,0.40800002217292786,1.0,0.984000027179718,-0.5760000050067902,1.0,1.0,0.8468499965965748,0.8002999923191964,4,3
B121,B,101,42,8,"1,3,4",25,finetune,0.12800000607967377,1.0,0.1600000113248825,-0.03200000524520874,1.0,1.0,0.8468499965965748,0.8002999923191964,4,2
B121,B,101,42,9,"1,4,1",25,finetune,0.1600000113248825,1.0,0.13600000739097595,0.024000003933906555,1.0,1.0,0.8468499965965748,0.8002999923191964,4,2
B121,B,101,42,0,"0,1,1",50,probe,0.17600001394748688,1.0,0.20800000429153442,-0.031999990344047546,1.0,1.0,0.8468499965965748,0.8002999923191964,4,2
B121,B,101,42,1,"1,1,3",50,probe,0.20000000298023224,1.0,0.23200000822544098,-0.03200000524520874,1.0,1.0,0.8468499965965748,0.8002999923191964,4,2
B121,B,101,42,2,"1,1,4",50,probe,0.1680000126361847,1.0,0.1120000034570694,0.056000009179115295,1.0,1.0,0.8468499965965748,0.8002999923191964,4,3
B121,B,101,42,3,"1,2,2",50,probe,0.1680000126361847,1.0,0.10400000214576721,0.06400001049041748,1.0,1.0,0.8468499965965748,0.8002999923191964,4,2
B121,B,101,42,4,"1,2,3",50,probe,0.20800000429153442,1.0,0.1600000113248825,0.047999992966651917,1.0,1.0,0.8468499965965748,0.8002999923191964,4,2
B121,B,101,42,5,"1,2,4",50,probe,0.2160000056028366,1.0,0.1600000113248825,0.0559999942779541,1.0,1.0,0.8468499965965748,0.8002999923191964,4,2
B121,B,101,42,6,"1,3,1",50,probe,0.24800001084804535,1.0,0.17600001394748688,0.07199999690055847,1.0,1.0,0.8468499965965748,0.8002999923191964,4,2
B121,B,101,42,7,"1,3,2",50,probe,0.2160000056028366,1.0,1.0,-0.7839999943971634,1.0,1.0,0.8468499965965748,0.8002999923191964,4,3
B121,B,101,42,8,"1,3,4",50,probe,0.15200001001358032,1.0,0.1600000113248825,-0.008000001311302185,1.0,1.0,0.8468499965965748,0.8002999923191964,4,2
B121,B,101,42,9,"1,4,1",50,probe,0.2240000069141388,1.0,0.14400000870227814,0.07999999821186066,1.0,1.0,0.8468499965965748,0.8002999923191964,4,2
B121,B,101,42,0,"0,1,1",50,finetune,0.12800000607967377,1.0,0.1680000126361847,-0.040000006556510925,1.0,1.0,0.8468499965965748,0.8002999923191964,4,2
B121,B,101,42,1,"1,1,3",50,finetune,0.2240000069141388,1.0,0.23200000822544098,-0.008000001311302185,1.0,1.0,0.8468499965965748,0.8002999923191964,4,2
B121,B,101,42,2,"1,1,4",50,finetune,0.12800000607967377,1.0,0.12000000476837158,0.008000001311302185,1.0,1.0,0.8468499965965748,0.8002999923191964,4,3
B121,B,101,42,3,"1,2,2",50,finetune,0.1680000126361847,1.0,0.10400000214576721,0.06400001049041748,1.0,1.0,0.8468499965965748,0.8002999923191964,4,2
B121,B,101,42,4,"1,2,3",50,finetune,0.20000000298023224,1.0,0.20800000429153442,-0.008000001311302185,1.0,1.0,0.8468499965965748,0.8002999923191964,4,2
B121,B,101,42,5,"1,2,4",50,finetune,0.20000000298023224,1.0,0.17600001394748688,0.02399998903274536,1.0,1.0,0.8468499965965748,0.8002999923191964,4,2
B121,B,101,42,6,"1,3,1",50,finetune,0.19200000166893005,1.0,0.15200001001358032,0.03999999165534973,1.0,1.0,0.8468499965965748,0.8002999923191964,4,2
B121,B,101,42,7,"1,3,2",50,finetune,0.5120000243186951,1.0,1.0,-0.48799997568130493,1.0,1.0,0.8468499965965748,0.8002999923191964,4,3
B121,B,101,42,8,"1,3,4",50,finetune,0.1600000113248825,1.0,0.1600000113248825,0.0,1.0,1.0,0.8468499965965748,0.8002999923191964,4,2
B121,B,101,42,9,"1,4,1",50,finetune,0.14400000870227814,1.0,0.15200001001358032,-0.008000001311302185,1.0,1.0,0.8468499965965748,0.8002999923191964,4,2
B121,B,101,101,0,"0,1,1",10,probe,0.18400001525878906,1.0,0.14400000870227814,0.040000006556510925,1.0,1.0,0.8416999992914498,0.8373499936424196,4,2
B121,B,101,101,1,"1,1,3",10,probe,0.18400001525878906,1.0,0.2720000147819519,-0.08799999952316284,1.0,1.0,0.8416999992914498,0.8373499936424196,4,2
B121,B,101,101,2,"1,1,4",10,probe,0.2240000069141388,1.0,0.19200000166893005,0.03200000524520874,1.0,1.0,0.8416999992914498,0.8373499936424196,4,3
B121,B,101,101,3,"1,2,2",10,probe,0.18400001525878906,1.0,0.19200000166893005,-0.007999986410140991,1.0,1.0,0.8416999992914498,0.8373499936424196,4,2
B121,B,101,101,4,"1,2,3",10,probe,0.18400001525878906,1.0,0.17600001394748688,0.008000001311302185,1.0,1.0,0.8416999992914498,0.8373499936424196,4,2
B121,B,101,101,5,"1,2,4",10,probe,0.1600000113248825,1.0,0.25600001215934753,-0.09600000083446503,1.0,1.0,0.8416999992914498,0.8373499936424196,4,2
B121,B,101,101,6,"1,3,1",10,probe,0.1680000126361847,1.0,0.2240000069141388,-0.0559999942779541,1.0,1.0,0.8416999992914498,0.8373499936424196,4,2
B121,B,101,101,7,"1,3,2",10,probe,0.24000000953674316,1.0,0.8400000333786011,-0.6000000238418579,1.0,1.0,0.8416999992914498,0.8373499936424196,4,3
B121,B,101,101,8,"1,3,4",10,probe,0.12000000476837158,1.0,0.15200001001358032,-0.03200000524520874,1.0,1.0,0.8416999992914498,0.8373499936424196,4,2
B121,B,101,101,9,"1,4,1",10,probe,0.17600001394748688,1.0,0.18400001525878906,-0.008000001311302185,1.0,1.0,0.8416999992914498,0.8373499936424196,4,2
B121,B,101,101,0,"0,1,1",10,finetune,0.1600000113248825,1.0,0.20800000429153442,-0.047999992966651917,1.0,1.0,0.8416999992914498,0.8373499936424196,4,2
B121,B,101,101,1,"1,1,3",10,finetune,0.20000000298023224,1.0,0.2240000069141388,-0.024000003933906555,1.0,1.0,0.8416999992914498,0.8373499936424196,4,2
B121,B,101,101,2,"1,1,4",10,finetune,0.2240000069141388,1.0,0.2160000056028366,0.008000001311302185,1.0,1.0,0.8416999992914498,0.8373499936424196,4,3
B121,B,101,101,3,"1,2,2",10,finetune,0.19200000166893005,1.0,0.18400001525878906,0.007999986410140991,1.0,1.0,0.8416999992914498,0.8373499936424196,4,2
B121,B,101,101,4,"1,2,3",10,finetune,0.2240000069141388,1.0,0.14400000870227814,0.07999999821186066,1.0,1.0,0.8416999992914498,0.8373499936424196,4,2
B121,B,101,101,5,"1,2,4",10,finetune,0.1680000126361847,1.0,0.24800001084804535,-0.07999999821186066,1.0,1.0,0.8416999992914498,0.8373499936424196,4,2
B121,B,101,101,6,"1,3,1",10,finetune,0.24800001084804535,1.0,0.2160000056028366,0.03200000524520874,1.0,1.0,0.8416999992914498,0.8373499936424196,4,2
B121,B,101,101,7,"1,3,2",10,finetune,0.2800000011920929,1.0,0.8240000605583191,-0.5440000593662262,1.0,1.0,0.8416999992914498,0.8373499936424196,4,3
B121,B,101,101,8,"1,3,4",10,finetune,0.13600000739097595,1.0,0.15200001001358032,-0.01600000262260437,1.0,1.0,0.8416999992914498,0.8373499936424196,4,2
B121,B,101,101,9,"1,4,1",10,finetune,0.14400000870227814,1.0,0.1600000113248825,-0.01600000262260437,1.0,1.0,0.8416999992914498,0.8373499936424196,4,2
B121,B,101,101,0,"0,1,1",25,probe,0.20000000298023224,1.0,0.1600000113248825,0.03999999165534973,1.0,1.0,0.8416999992914498,0.8373499936424196,4,2
B121,B,101,101,1,"1,1,3",25,probe,0.13600000739097595,1.0,0.24800001084804535,-0.1120000034570694,1.0,1.0,0.8416999992914498,0.8373499936424196,4,2
B121,B,101,101,2,"1,1,4",25,probe,0.13600000739097595,1.0,0.20800000429153442,-0.07199999690055847,1.0,1.0,0.8416999992914498,0.8373499936424196,4,3
B121,B,101,101,3,"1,2,2",25,probe,0.19200000166893005,1.0,0.15200001001358032,0.03999999165534973,1.0,1.0,0.8416999992914498,0.8373499936424196,4,2
B121,B,101,101,4,"1,2,3",25,probe,0.17600001394748688,1.0,0.20000000298023224,-0.02399998903274536,1.0,1.0,0.8416999992914498,0.8373499936424196,4,2
B121,B,101,101,5,"1,2,4",25,probe,0.19200000166893005,1.0,0.2240000069141388,-0.03200000524520874,1.0,1.0,0.8416999992914498,0.8373499936424196,4,2
B121,B,101,101,6,"1,3,1",25,probe,0.20800000429153442,1.0,0.2240000069141388,-0.01600000262260437,1.0,1.0,0.8416999992914498,0.8373499936424196,4,2
B121,B,101,101,7,"1,3,2",25,probe,0.2240000069141388,1.0,0.9600000381469727,-0.7360000312328339,1.0,1.0,0.8416999992914498,0.8373499936424196,4,3
B121,B,101,101,8,"1,3,4",25,probe,0.15200001001358032,1.0,0.17600001394748688,-0.024000003933906555,1.0,1.0,0.8416999992914498,0.8373499936424196,4,2
B121,B,101,101,9,"1,4,1",25,probe,0.12000000476837158,1.0,0.14400000870227814,-0.024000003933906555,1.0,1.0,0.8416999992914498,0.8373499936424196,4,2
B121,B,101,101,0,"0,1,1",25,finetune,0.1600000113248825,1.0,0.18400001525878906,-0.024000003933906555,1.0,1.0,0.8416999992914498,0.8373499936424196,4,2
B121,B,101,101,1,"1,1,3",25,finetune,0.19200000166893005,1.0,0.23200000822544098,-0.040000006556510925,1.0,1.0,0.8416999992914498,0.8373499936424196,4,2
B121,B,101,101,2,"1,1,4",25,finetune,0.10400000214576721,1.0,0.2160000056028366,-0.1120000034570694,1.0,1.0,0.8416999992914498,0.8373499936424196,4,3
B121,B,101,101,3,"1,2,2",25,finetune,0.14400000870227814,1.0,0.17600001394748688,-0.03200000524520874,1.0,1.0,0.8416999992914498,0.8373499936424196,4,2
B121,B,101,101,4,"1,2,3",25,finetune,0.18400001525878906,1.0,0.20000000298023224,-0.015999987721443176,1.0,1.0,0.8416999992914498,0.8373499936424196,4,2
B121,B,101,101,5,"1,2,4",25,finetune,0.1600000113248825,1.0,0.25600001215934753,-0.09600000083446503,1.0,1.0,0.8416999992914498,0.8373499936424196,4,2
B121,B,101,101,6,"1,3,1",25,finetune,0.17600001394748688,1.0,0.20800000429153442,-0.031999990344047546,1.0,1.0,0.8416999992914498,0.8373499936424196,4,2
B121,B,101,101,7,"1,3,2",25,finetune,0.3440000116825104,1.0,0.984000027179718,-0.6400000154972076,1.0,1.0,0.8416999992914498,0.8373499936424196,4,3
B121,B,101,101,8,"1,3,4",25,finetune,0.15200001001358032,1.0,0.14400000870227814,0.008000001311302185,1.0,1.0,0.8416999992914498,0.8373499936424196,4,2
B121,B,101,101,9,"1,4,1",25,finetune,0.15200001001358032,1.0,0.12800000607967377,0.024000003933906555,1.0,1.0,0.8416999992914498,0.8373499936424196,4,2
B121,B,101,101,0,"0,1,1",50,probe,0.10400000214576721,1.0,0.1680000126361847,-0.06400001049041748,1.0,1.0,0.8416999992914498,0.8373499936424196,4,2
B121,B,101,101,1,"1,1,3",50,probe,0.18400001525878906,1.0,0.20800000429153442,-0.02399998903274536,1.0,1.0,0.8416999992914498,0.8373499936424196,4,2
B121,B,101,101,2,"1,1,4",50,probe,0.1680000126361847,1.0,0.19200000166893005,-0.02399998903274536,1.0,1.0,0.8416999992914498,0.8373499936424196,4,3
B121,B,101,101,3,"1,2,2",50,probe,0.13600000739097595,1.0,0.14400000870227814,-0.008000001311302185,1.0,1.0,0.8416999992914498,0.8373499936424196,4,2
B121,B,101,101,4,"1,2,3",50,probe,0.12800000607967377,1.0,0.19200000166893005,-0.06399999558925629,1.0,1.0,0.8416999992914498,0.8373499936424196,4,2
B121,B,101,101,5,"1,2,4",50,probe,0.2160000056028366,1.0,0.17600001394748688,0.03999999165534973,1.0,1.0,0.8416999992914498,0.8373499936424196,4,2
B121,B,101,101,6,"1,3,1",50,probe,0.1680000126361847,1.0,0.15200001001358032,0.01600000262260437,1.0,1.0,0.8416999992914498,0.8373499936424196,4,2
B121,B,101,101,7,"1,3,2",50,probe,0.19200000166893005,1.0,0.9920000433921814,-0.8000000417232513,1.0,1.0,0.8416999992914498,0.8373499936424196,4,3
B121,B,101,101,8,"1,3,4",50,probe,0.1680000126361847,1.0,0.17600001394748688,-0.008000001311302185,1.0,1.0,0.8416999992914498,0.8373499936424196,4,2
B121,B,101,101,9,"1,4,1",50,probe,0.2160000056028366,1.0,0.1680000126361847,0.047999992966651917,1.0,1.0,0.8416999992914498,0.8373499936424196,4,2
B121,B,101,101,0,"0,1,1",50,finetune,0.10400000214576721,1.0,0.17600001394748688,-0.07200001180171967,1.0,1.0,0.8416999992914498,0.8373499936424196,4,2
B121,B,101,101,1,"1,1,3",50,finetune,0.15200001001358032,1.0,0.20000000298023224,-0.047999992966651917,1.0,1.0,0.8416999992914498,0.8373499936424196,4,2
B121,B,101,101,2,"1,1,4",50,finetune,0.1120000034570694,1.0,0.15200001001358032,-0.040000006556510925,1.0,1.0,0.8416999992914498,0.8373499936424196,4,3
B121,B,101,101,3,"1,2,2",50,finetune,0.14400000870227814,1.0,0.08800000697374344,0.0560000017285347,1.0,1.0,0.8416999992914498,0.8373499936424196,4,2
B121,B,101,101,4,"1,2,3",50,finetune,0.15200001001358032,1.0,0.20800000429153442,-0.0559999942779541,1.0,1.0,0.8416999992914498,0.8373499936424196,4,2
B121,B,101,101,5,"1,2,4",50,finetune,0.14400000870227814,1.0,0.20800000429153442,-0.06399999558925629,1.0,1.0,0.8416999992914498,0.8373499936424196,4,2
B121,B,101,101,6,"1,3,1",50,finetune,0.18400001525878906,1.0,0.12000000476837158,0.06400001049041748,1.0,1.0,0.8416999992914498,0.8373499936424196,4,2
B121,B,101,101,7,"1,3,2",50,finetune,0.527999997138977,1.0,1.0,-0.47200000286102295,1.0,1.0,0.8416999992914498,0.8373499936424196,4,3
B121,B,101,101,8,"1,3,4",50,finetune,0.1680000126361847,1.0,0.1680000126361847,0.0,1.0,1.0,0.8416999992914498,0.8373499936424196,4,2
B121,B,101,101,9,"1,4,1",50,finetune,0.1120000034570694,1.0,0.1600000113248825,-0.04800000786781311,1.0,1.0,0.8416999992914498,0.8373499936424196,4,2
A140,A,17,42,0,"0,1,1",10,probe,0.25600001215934753,1.0,0.12000000476837158,0.13600000739097595,1.0,1.0,0.8833833311994871,0.8155833280955752,3,2
A140,A,17,42,1,"1,1,3",10,probe,0.18400001525878906,1.0,0.2160000056028366,-0.031999990344047546,1.0,1.0,0.8833833311994871,0.8155833280955752,3,3
A140,A,17,42,2,"1,1,4",10,probe,0.2160000056028366,1.0,0.64000004529953,-0.4240000396966934,1.0,1.0,0.8833833311994871,0.8155833280955752,3,3
A140,A,17,42,3,"1,2,2",10,probe,0.15200001001358032,1.0,0.24000000953674316,-0.08799999952316284,1.0,1.0,0.8833833311994871,0.8155833280955752,3,3
A140,A,17,42,4,"1,2,3",10,probe,0.18400001525878906,1.0,0.24800001084804535,-0.06399999558925629,1.0,1.0,0.8833833311994871,0.8155833280955752,3,3
A140,A,17,42,5,"1,2,4",10,probe,0.1600000113248825,1.0,0.1680000126361847,-0.008000001311302185,1.0,1.0,0.8833833311994871,0.8155833280955752,3,3
A140,A,17,42,6,"1,3,1",10,probe,0.2160000056028366,1.0,0.13600000739097595,0.07999999821186066,1.0,1.0,0.8833833311994871,0.8155833280955752,3,3
A140,A,17,42,7,"1,3,2",10,probe,0.24800001084804535,1.0,0.1680000126361847,0.07999999821186066,1.0,1.0,0.8833833311994871,0.8155833280955752,3,3
A140,A,17,42,8,"1,3,4",10,probe,0.10400000214576721,1.0,0.25600001215934753,-0.15200001001358032,1.0,1.0,0.8833833311994871,0.8155833280955752,3,3
A140,A,17,42,9,"1,4,1",10,probe,0.2720000147819519,1.0,0.20800000429153442,0.06400001049041748,1.0,1.0,0.8833833311994871,0.8155833280955752,3,2
A140,A,17,42,0,"0,1,1",10,finetune,0.19200000166893005,1.0,0.12800000607967377,0.06399999558925629,1.0,1.0,0.8833833311994871,0.8155833280955752,3,2
A140,A,17,42,1,"1,1,3",10,finetune,0.18400001525878906,1.0,0.2160000056028366,-0.031999990344047546,1.0,1.0,0.8833833311994871,0.8155833280955752,3,3
A140,A,17,42,2,"1,1,4",10,finetune,0.35200002789497375,1.0,0.7200000286102295,-0.36800000071525574,1.0,1.0,0.8833833311994871,0.8155833280955752,3,3
A140,A,17,42,3,"1,2,2",10,finetune,0.20000000298023224,1.0,0.24000000953674316,-0.040000006556510925,1.0,1.0,0.8833833311994871,0.8155833280955752,3,3
A140,A,17,42,4,"1,2,3",10,finetune,0.2240000069141388,1.0,0.2160000056028366,0.008000001311302185,1.0,1.0,0.8833833311994871,0.8155833280955752,3,3
A140,A,17,42,5,"1,2,4",10,finetune,0.17600001394748688,1.0,0.13600000739097595,0.040000006556510925,1.0,1.0,0.8833833311994871,0.8155833280955752,3,3
A140,A,17,42,6,"1,3,1",10,finetune,0.20000000298023224,1.0,0.13600000739097595,0.06399999558925629,1.0,1.0,0.8833833311994871,0.8155833280955752,3,3
A140,A,17,42,7,"1,3,2",10,finetune,0.17600001394748688,1.0,0.15200001001358032,0.024000003933906555,1.0,1.0,0.8833833311994871,0.8155833280955752,3,3
A140,A,17,42,8,"1,3,4",10,finetune,0.17600001394748688,1.0,0.17600001394748688,0.0,1.0,1.0,0.8833833311994871,0.8155833280955752,3,3
A140,A,17,42,9,"1,4,1",10,finetune,0.20000000298023224,1.0,0.18400001525878906,0.015999987721443176,1.0,1.0,0.8833833311994871,0.8155833280955752,3,2
A140,A,17,42,0,"0,1,1",25,probe,0.2240000069141388,1.0,0.20000000298023224,0.024000003933906555,1.0,1.0,0.8833833311994871,0.8155833280955752,3,2
A140,A,17,42,1,"1,1,3",25,probe,0.24800001084804535,1.0,0.12800000607967377,0.12000000476837158,1.0,1.0,0.8833833311994871,0.8155833280955752,3,3
A140,A,17,42,2,"1,1,4",25,probe,0.23200000822544098,1.0,0.9280000329017639,-0.6960000246763229,1.0,1.0,0.8833833311994871,0.8155833280955752,3,3
A140,A,17,42,3,"1,2,2",25,probe,0.18400001525878906,1.0,0.29600000381469727,-0.1119999885559082,1.0,1.0,0.8833833311994871,0.8155833280955752,3,3
A140,A,17,42,4,"1,2,3",25,probe,0.20000000298023224,1.0,0.2639999985694885,-0.06399999558925629,1.0,1.0,0.8833833311994871,0.8155833280955752,3,3
A140,A,17,42,5,"1,2,4",25,probe,0.18400001525878906,1.0,0.13600000739097595,0.04800000786781311,1.0,1.0,0.8833833311994871,0.8155833280955752,3,3
A140,A,17,42,6,"1,3,1",25,probe,0.20800000429153442,1.0,0.15200001001358032,0.0559999942779541,1.0,1.0,0.8833833311994871,0.8155833280955752,3,3
A140,A,17,42,7,"1,3,2",25,probe,0.18400001525878906,1.0,0.17600001394748688,0.008000001311302185,1.0,1.0,0.8833833311994871,0.8155833280955752,3,3
A140,A,17,42,8,"1,3,4",25,probe,0.1600000113248825,1.0,0.1600000113248825,0.0,1.0,1.0,0.8833833311994871,0.8155833280955752,3,3
A140,A,17,42,9,"1,4,1",25,probe,0.24000000953674316,1.0,0.24000000953674316,0.0,1.0,1.0,0.8833833311994871,0.8155833280955752,3,2
A140,A,17,42,0,"0,1,1",25,finetune,0.1680000126361847,1.0,0.17600001394748688,-0.008000001311302185,1.0,1.0,0.8833833311994871,0.8155833280955752,3,2
A140,A,17,42,1,"1,1,3",25,finetune,0.2800000011920929,1.0,0.1600000113248825,0.11999998986721039,1.0,1.0,0.8833833311994871,0.8155833280955752,3,3
A140,A,17,42,2,"1,1,4",25,finetune,0.45600003004074097,1.0,0.9920000433921814,-0.5360000133514404,1.0,1.0,0.8833833311994871,0.8155833280955752,3,3
A140,A,17,42,3,"1,2,2",25,finetune,0.20000000298023224,1.0,0.2800000011920929,-0.07999999821186066,1.0,1.0,0.8833833311994871,0.8155833280955752,3,3
A140,A,17,42,4,"1,2,3",25,finetune,0.24800001084804535,1.0,0.23200000822544098,0.01600000262260437,1.0,1.0,0.8833833311994871,0.8155833280955752,3,3
A140,A,17,42,5,"1,2,4",25,finetune,0.1600000113248825,1.0,0.1680000126361847,-0.008000001311302185,1.0,1.0,0.8833833311994871,0.8155833280955752,3,3
A140,A,17,42,6,"1,3,1",25,finetune,0.15200001001358032,1.0,0.13600000739097595,0.01600000262260437,1.0,1.0,0.8833833311994871,0.8155833280955752,3,3
A140,A,17,42,7,"1,3,2",25,finetune,0.24800001084804535,1.0,0.20800000429153442,0.040000006556510925,1.0,1.0,0.8833833311994871,0.8155833280955752,3,3
A140,A,17,42,8,"1,3,4",25,finetune,0.12000000476837158,1.0,0.12800000607967377,-0.008000001311302185,1.0,1.0,0.8833833311994871,0.8155833280955752,3,3
A140,A,17,42,9,"1,4,1",25,finetune,0.2880000174045563,1.0,0.25600001215934753,0.03200000524520874,1.0,1.0,0.8833833311994871,0.8155833280955752,3,2
A140,A,17,42,0,"0,1,1",50,probe,0.15200001001358032,1.0,0.1680000126361847,-0.01600000262260437,1.0,1.0,0.8833833311994871,0.8155833280955752,3,2
A140,A,17,42,1,"1,1,3",50,probe,0.18400001525878906,1.0,0.20800000429153442,-0.02399998903274536,1.0,1.0,0.8833833311994871,0.8155833280955752,3,3
A140,A,17,42,2,"1,1,4",50,probe,0.2880000174045563,1.0,0.984000027179718,-0.6960000097751617,1.0,1.0,0.8833833311994871,0.8155833280955752,3,3
A140,A,17,42,3,"1,2,2",50,probe,0.20000000298023224,1.0,0.30400002002716064,-0.1040000170469284,1.0,1.0,0.8833833311994871,0.8155833280955752,3,3
A140,A,17,42,4,"1,2,3",50,probe,0.2240000069141388,1.0,0.2800000011920929,-0.0559999942779541,1.0,1.0,0.8833833311994871,0.8155833280955752,3,3
A140,A,17,42,5,"1,2,4",50,probe,0.12000000476837158,1.0,0.1600000113248825,-0.040000006556510925,1.0,1.0,0.8833833311994871,0.8155833280955752,3,3
A140,A,17,42,6,"1,3,1",50,probe,0.18400001525878906,1.0,0.13600000739097595,0.04800000786781311,1.0,1.0,0.8833833311994871,0.8155833280955752,3,3
A140,A,17,42,7,"1,3,2",50,probe,0.1680000126361847,1.0,0.14400000870227814,0.024000003933906555,1.0,1.0,0.8833833311994871,0.8155833280955752,3,3
A140,A,17,42,8,"1,3,4",50,probe,0.1600000113248825,1.0,0.18400001525878906,-0.024000003933906555,1.0,1.0,0.8833833311994871,0.8155833280955752,3,3
A140,A,17,42,9,"1,4,1",50,probe,0.24000000953674316,1.0,0.23200000822544098,0.008000001311302185,1.0,1.0,0.8833833311994871,0.8155833280955752,3,2
A140,A,17,42,0,"0,1,1",50,finetune,0.19200000166893005,1.0,0.12000000476837158,0.07199999690055847,1.0,1.0,0.8833833311994871,0.8155833280955752,3,2
A140,A,17,42,1,"1,1,3",50,finetune,0.20800000429153442,1.0,0.2160000056028366,-0.008000001311302185,1.0,1.0,0.8833833311994871,0.8155833280955752,3,3
A140,A,17,42,2,"1,1,4",50,finetune,0.6800000071525574,1.0,1.0,-0.3199999928474426,1.0,1.0,0.8833833311994871,0.8155833280955752,3,3
A140,A,17,42,3,"1,2,2",50,finetune,0.2160000056028366,1.0,0.2800000011920929,-0.06399999558925629,1.0,1.0,0.8833833311994871,0.8155833280955752,3,3
A140,A,17,42,4,"1,2,3",50,finetune,0.2160000056028366,1.0,0.23200000822544098,-0.01600000262260437,1.0,1.0,0.8833833311994871,0.8155833280955752,3,3
A140,A,17,42,5,"1,2,4",50,finetune,0.1600000113248825,1.0,0.18400001525878906,-0.024000003933906555,1.0,1.0,0.8833833311994871,0.8155833280955752,3,3
A140,A,17,42,6,"1,3,1",50,finetune,0.18400001525878906,1.0,0.12800000607967377,0.056000009179115295,1.0,1.0,0.8833833311994871,0.8155833280955752,3,3
A140,A,17,42,7,"1,3,2",50,finetune,0.19200000166893005,1.0,0.1680000126361847,0.02399998903274536,1.0,1.0,0.8833833311994871,0.8155833280955752,3,3
A140,A,17,42,8,"1,3,4",50,finetune,0.15200001001358032,1.0,0.15200001001358032,0.0,1.0,1.0,0.8833833311994871,0.8155833280955752,3,3
A140,A,17,42,9,"1,4,1",50,finetune,0.25600001215934753,1.0,0.19200000166893005,0.06400001049041748,1.0,1.0,0.8833833311994871,0.8155833280955752,3,2
A140,A,17,101,0,"0,1,1",10,probe,0.18400001525878906,1.0,0.1680000126361847,0.01600000262260437,1.0,1.0,0.8606999983700613,0.8211999960864583,3,2
A140,A,17,101,1,"1,1,3",10,probe,0.1680000126361847,1.0,0.2160000056028366,-0.047999992966651917,1.0,1.0,0.8606999983700613,0.8211999960864583,3,3
A140,A,17,101,2,"1,1,4",10,probe,0.18400001525878906,1.0,0.7120000123977661,-0.527999997138977,1.0,1.0,0.8606999983700613,0.8211999960864583,3,3
A140,A,17,101,3,"1,2,2",10,probe,0.17600001394748688,1.0,0.19200000166893005,-0.015999987721443176,1.0,1.0,0.8606999983700613,0.8211999960864583,3,3
A140,A,17,101,4,"1,2,3",10,probe,0.18400001525878906,1.0,0.20800000429153442,-0.02399998903274536,1.0,1.0,0.8606999983700613,0.8211999960864583,3,3
A140,A,17,101,5,"1,2,4",10,probe,0.18400001525878906,1.0,0.15200001001358032,0.03200000524520874,1.0,1.0,0.8606999983700613,0.8211999960864583,3,3
A140,A,17,101,6,"1,3,1",10,probe,0.17600001394748688,1.0,0.14400000870227814,0.03200000524520874,1.0,1.0,0.8606999983700613,0.8211999960864583,3,3
A140,A,17,101,7,"1,3,2",10,probe,0.17600001394748688,1.0,0.1600000113248825,0.01600000262260437,1.0,1.0,0.8606999983700613,0.8211999960864583,3,3
A140,A,17,101,8,"1,3,4",10,probe,0.1680000126361847,1.0,0.24800001084804535,-0.07999999821186066,1.0,1.0,0.8606999983700613,0.8211999960864583,3,3
A140,A,17,101,9,"1,4,1",10,probe,0.13600000739097595,1.0,0.14400000870227814,-0.008000001311302185,1.0,1.0,0.8606999983700613,0.8211999960864583,3,2
A140,A,17,101,0,"0,1,1",10,finetune,0.23200000822544098,1.0,0.1680000126361847,0.06399999558925629,1.0,1.0,0.8606999983700613,0.8211999960864583,3,2
A140,A,17,101,1,"1,1,3",10,finetune,0.12800000607967377,1.0,0.23200000822544098,-0.10400000214576721,1.0,1.0,0.8606999983700613,0.8211999960864583,3,3
A140,A,17,101,2,"1,1,4",10,finetune,0.35200002789497375,1.0,0.7760000228881836,-0.42399999499320984,1.0,1.0,0.8606999983700613,0.8211999960864583,3,3
A140,A,17,101,3,"1,2,2",10,finetune,0.15200001001358032,1.0,0.25600001215934753,-0.10400000214576721,1.0,1.0,0.8606999983700613,0.8211999960864583,3,3
A140,A,17,101,4,"1,2,3",10,finetune,0.2240000069141388,1.0,0.24800001084804535,-0.024000003933906555,1.0,1.0,0.8606999983700613,0.8211999960864583,3,3
A140,A,17,101,5,"1,2,4",10,finetune,0.15200001001358032,1.0,0.1600000113248825,-0.008000001311302185,1.0,1.0,0.8606999983700613,0.8211999960864583,3,3
A140,A,17,101,6,"1,3,1",10,finetune,0.1600000113248825,1.0,0.1680000126361847,-0.008000001311302185,1.0,1.0,0.8606999983700613,0.8211999960864583,3,3
A140,A,17,101,7,"1,3,2",10,finetune,0.17600001394748688,1.0,0.15200001001358032,0.024000003933906555,1.0,1.0,0.8606999983700613,0.8211999960864583,3,3
A140,A,17,101,8,"1,3,4",10,finetune,0.2160000056028366,1.0,0.20800000429153442,0.008000001311302185,1.0,1.0,0.8606999983700613,0.8211999960864583,3,3
A140,A,17,101,9,"1,4,1",10,finetune,0.14400000870227814,1.0,0.15200001001358032,-0.008000001311302185,1.0,1.0,0.8606999983700613,0.8211999960864583,3,2
A140,A,17,101,0,"0,1,1",25,probe,0.12800000607967377,1.0,0.13600000739097595,-0.008000001311302185,1.0,1.0,0.8606999983700613,0.8211999960864583,3,2
A140,A,17,101,1,"1,1,3",25,probe,0.14400000870227814,1.0,0.20800000429153442,-0.06399999558925629,1.0,1.0,0.8606999983700613,0.8211999960864583,3,3
A140,A,17,101,2,"1,1,4",25,probe,0.2160000056028366,1.0,0.968000054359436,-0.7520000487565994,1.0,1.0,0.8606999983700613,0.8211999960864583,3,3
A140,A,17,101,3,"1,2,2",25,probe,0.2240000069141388,1.0,0.320000022649765,-0.09600001573562622,1.0,1.0,0.8606999983700613,0.8211999960864583,3,3
A140,A,17,101,4,"1,2,3",25,probe,0.19200000166893005,1.0,0.2639999985694885,-0.07199999690055847,1.0,1.0,0.8606999983700613,0.8211999960864583,3,3
A140,A,17,101,5,"1,2,4",25,probe,0.1680000126361847,1.0,0.18400001525878906,-0.01600000262260437,1.0,1.0,0.8606999983700613,0.8211999960864583,3,3
A140,A,17,101,6,"1,3,1",25,probe,0.1680000126361847,1.0,0.1680000126361847,0.0,1.0,1.0,0.8606999983700613,0.8211999960864583,3,3
A140,A,17,101,7,"1,3,2",25,probe,0.2160000056028366,1.0,0.2160000056028366,0.0,1.0,1.0,0.8606999983700613,0.8211999960864583,3,3
A140,A,17,101,8,"1,3,4",25,probe,0.14400000870227814,1.0,0.12800000607967377,0.01600000262260437,1.0,1.0,0.8606999983700613,0.8211999960864583,3,3
A140,A,17,101,9,"1,4,1",25,probe,0.20800000429153442,1.0,0.23200000822544098,-0.024000003933906555,1.0,1.0,0.8606999983700613,0.8211999960864583,3,2
A140,A,17,101,0,"0,1,1",25,finetune,0.13600000739097595,1.0,0.18400001525878906,-0.04800000786781311,1.0,1.0,0.8606999983700613,0.8211999960864583,3,2
A140,A,17,101,1,"1,1,3",25,finetune,0.18400001525878906,1.0,0.20000000298023224,-0.015999987721443176,1.0,1.0,0.8606999983700613,0.8211999960864583,3,3
A140,A,17,101,2,"1,1,4",25,finetune,0.4240000247955322,1.0,0.9920000433921814,-0.5680000185966492,1.0,1.0,0.8606999983700613,0.8211999960864583,3,3
A140,A,17,101,3,"1,2,2",25,finetune,0.12800000607967377,1.0,0.320000022649765,-0.19200001657009125,1.0,1.0,0.8606999983700613,0.8211999960864583,3,3
A140,A,17,101,4,"1,2,3",25,finetune,0.17600001394748688,1.0,0.25600001215934753,-0.07999999821186066,1.0,1.0,0.8606999983700613,0.8211999960864583,3,3
A140,A,17,101,5,"1,2,4",25,finetune,0.13600000739097595,1.0,0.18400001525878906,-0.04800000786781311,1.0,1.0,0.8606999983700613,0.8211999960864583,3,3
A140,A,17,101,6,"1,3,1",25,finetune,0.12000000476837158,1.0,0.12800000607967377,-0.008000001311302185,1.0,1.0,0.8606999983700613,0.8211999960864583,3,3
A140,A,17,101,7,"1,3,2",25,finetune,0.2240000069141388,1.0,0.1680000126361847,0.0559999942779541,1.0,1.0,0.8606999983700613,0.8211999960864583,3,3
A140,A,17,101,8,"1,3,4",25,finetune,0.14400000870227814,1.0,0.13600000739097595,0.008000001311302185,1.0,1.0,0.8606999983700613,0.8211999960864583,3,3
A140,A,17,101,9,"1,4,1",25,finetune,0.2240000069141388,1.0,0.2160000056028366,0.008000001311302185,1.0,1.0,0.8606999983700613,0.8211999960864583,3,2
A140,A,17,101,0,"0,1,1",50,probe,0.18400001525878906,1.0,0.13600000739097595,0.04800000786781311,1.0,1.0,0.8606999983700613,0.8211999960864583,3,2
A140,A,17,101,1,"1,1,3",50,probe,0.1680000126361847,1.0,0.20800000429153442,-0.03999999165534973,1.0,1.0,0.8606999983700613,0.8211999960864583,3,3
A140,A,17,101,2,"1,1,4",50,probe,0.20800000429153442,1.0,0.968000054359436,-0.7600000500679016,1.0,1.0,0.8606999983700613,0.8211999960864583,3,3
A140,A,17,101,3,"1,2,2",50,probe,0.17600001394748688,1.0,0.29600000381469727,-0.11999998986721039,1.0,1.0,0.8606999983700613,0.8211999960864583,3,3
A140,A,17,101,4,"1,2,3",50,probe,0.20000000298023224,1.0,0.24800001084804535,-0.04800000786781311,1.0,1.0,0.8606999983700613,0.8211999960864583,3,3
A140,A,17,101,5,"1,2,4",50,probe,0.18400001525878906,1.0,0.1680000126361847,0.01600000262260437,1.0,1.0,0.8606999983700613,0.8211999960864583,3,3
A140,A,17,101,6,"1,3,1",50,probe,0.2240000069141388,1.0,0.13600000739097595,0.08799999952316284,1.0,1.0,0.8606999983700613,0.8211999960864583,3,3
A140,A,17,101,7,"1,3,2",50,probe,0.2160000056028366,1.0,0.1600000113248825,0.0559999942779541,1.0,1.0,0.8606999983700613,0.8211999960864583,3,3
A140,A,17,101,8,"1,3,4",50,probe,0.13600000739097595,1.0,0.15200001001358032,-0.01600000262260437,1.0,1.0,0.8606999983700613,0.8211999960864583,3,3
A140,A,17,101,9,"1,4,1",50,probe,0.1600000113248825,1.0,0.17600001394748688,-0.01600000262260437,1.0,1.0,0.8606999983700613,0.8211999960864583,3,2
A140,A,17,101,0,"0,1,1",50,finetune,0.1600000113248825,1.0,0.12800000607967377,0.03200000524520874,1.0,1.0,0.8606999983700613,0.8211999960864583,3,2
A140,A,17,101,1,"1,1,3",50,finetune,0.20000000298023224,1.0,0.2160000056028366,-0.01600000262260437,1.0,1.0,0.8606999983700613,0.8211999960864583,3,3
A140,A,17,101,2,"1,1,4",50,finetune,0.5440000295639038,1.0,1.0,-0.4559999704360962,1.0,1.0,0.8606999983700613,0.8211999960864583,3,3
A140,A,17,101,3,"1,2,2",50,finetune,0.20000000298023224,1.0,0.2720000147819519,-0.07200001180171967,1.0,1.0,0.8606999983700613,0.8211999960864583,3,3
A140,A,17,101,4,"1,2,3",50,finetune,0.17600001394748688,1.0,0.24000000953674316,-0.06399999558925629,1.0,1.0,0.8606999983700613,0.8211999960864583,3,3
A140,A,17,101,5,"1,2,4",50,finetune,0.19200000166893005,1.0,0.12000000476837158,0.07199999690055847,1.0,1.0,0.8606999983700613,0.8211999960864583,3,3
A140,A,17,101,6,"1,3,1",50,finetune,0.10400000214576721,1.0,0.1120000034570694,-0.008000001311302185,1.0,1.0,0.8606999983700613,0.8211999960864583,3,3
A140,A,17,101,7,"1,3,2",50,finetune,0.23200000822544098,1.0,0.15200001001358032,0.07999999821186066,1.0,1.0,0.8606999983700613,0.8211999960864583,3,3
A140,A,17,101,8,"1,3,4",50,finetune,0.12800000607967377,1.0,0.14400000870227814,-0.01600000262260437,1.0,1.0,0.8606999983700613,0.8211999960864583,3,3
A140,A,17,101,9,"1,4,1",50,finetune,0.20000000298023224,1.0,0.18400001525878906,0.015999987721443176,1.0,1.0,0.8606999983700613,0.8211999960864583,3,2
A140,A,42,42,0,"0,1,1",10,probe,0.15200001001358032,1.0,0.1600000113248825,-0.008000001311302185,1.0,1.0,0.8914333332019547,0.8481666616474589,3,2
A140,A,42,42,1,"1,1,3",10,probe,0.18400001525878906,1.0,0.1680000126361847,0.01600000262260437,1.0,1.0,0.8914333332019547,0.8481666616474589,3,3
A140,A,42,42,2,"1,1,4",10,probe,0.20800000429153442,1.0,0.15200001001358032,0.0559999942779541,1.0,1.0,0.8914333332019547,0.8481666616474589,3,3
A140,A,42,42,3,"1,2,2",10,probe,0.14400000870227814,1.0,0.14400000870227814,0.0,1.0,1.0,0.8914333332019547,0.8481666616474589,3,3
A140,A,42,42,4,"1,2,3",10,probe,0.17600001394748688,1.0,0.14400000870227814,0.03200000524520874,1.0,1.0,0.8914333332019547,0.8481666616474589,3,3
A140,A,42,42,5,"1,2,4",10,probe,0.1680000126361847,1.0,0.15200001001358032,0.01600000262260437,1.0,1.0,0.8914333332019547,0.8481666616474589,3,3
A140,A,42,42,6,"1,3,1",10,probe,0.17600001394748688,1.0,0.6880000233650208,-0.5120000094175339,1.0,1.0,0.8914333332019547,0.8481666616474589,3,3
A140,A,42,42,7,"1,3,2",10,probe,0.20800000429153442,1.0,0.1600000113248825,0.047999992966651917,1.0,1.0,0.8914333332019547,0.8481666616474589,3,3
A140,A,42,42,8,"1,3,4",10,probe,0.20000000298023224,1.0,0.20000000298023224,0.0,1.0,1.0,0.8914333332019547,0.8481666616474589,3,3
A140,A,42,42,9,"1,4,1",10,probe,0.20000000298023224,1.0,0.20000000298023224,0.0,1.0,1.0,0.8914333332019547,0.8481666616474589,3,2
A140,A,42,42,0,"0,1,1",10,finetune,0.1680000126361847,1.0,0.17600001394748688,-0.008000001311302185,1.0,1.0,0.8914333332019547,0.8481666616474589,3,2
A140,A,42,42,1,"1,1,3",10,finetune,0.17600001394748688,1.0,0.1600000113248825,0.01600000262260437,1.0,1.0,0.8914333332019547,0.8481666616474589,3,3
A140,A,42,42,2,"1,1,4",10,finetune,0.19200000166893005,1.0,0.1120000034570694,0.07999999821186066,1.0,1.0,0.8914333332019547,0.8481666616474589,3,3
A140,A,42,42,3,"1,2,2",10,finetune,0.20000000298023224,1.0,0.18400001525878906,0.015999987721443176,1.0,1.0,0.8914333332019547,0.8481666616474589,3,3
A140,A,42,42,4,"1,2,3",10,finetune,0.18400001525878906,1.0,0.14400000870227814,0.040000006556510925,1.0,1.0,0.8914333332019547,0.8481666616474589,3,3
A140,A,42,42,5,"1,2,4",10,finetune,0.20000000298023224,1.0,0.17600001394748688,0.02399998903274536,1.0,1.0,0.8914333332019547,0.8481666616474589,3,3
A140,A,42,42,6,"1,3,1",10,finetune,0.328000009059906,1.0,0.7280000448226929,-0.40000003576278687,1.0,1.0,0.8914333332019547,0.8481666616474589,3,3
A140,A,42,42,7,"1,3,2",10,finetune,0.18400001525878906,1.0,0.20800000429153442,-0.02399998903274536,1.0,1.0,0.8914333332019547,0.8481666616474589,3,3
A140,A,42,42,8,"1,3,4",10,finetune,0.2240000069141388,1.0,0.2160000056028366,0.008000001311302185,1.0,1.0,0.8914333332019547,0.8481666616474589,3,3
A140,A,42,42,9,"1,4,1",10,finetune,0.20800000429153442,1.0,0.20000000298023224,0.008000001311302185,1.0,1.0,0.8914333332019547,0.8481666616474589,3,2
A140,A,42,42,0,"0,1,1",25,probe,0.13600000739097595,1.0,0.19200000166893005,-0.0559999942779541,1.0,1.0,0.8914333332019547,0.8481666616474589,3,2
A140,A,42,42,1,"1,1,3",25,probe,0.2240000069141388,1.0,0.10400000214576721,0.12000000476837158,1.0,1.0,0.8914333332019547,0.8481666616474589,3,3
A140,A,42,42,2,"1,1,4",25,probe,0.20000000298023224,1.0,0.1680000126361847,0.031999990344047546,1.0,1.0,0.8914333332019547,0.8481666616474589,3,3
A140,A,42,42,3,"1,2,2",25,probe,0.20800000429153442,1.0,0.12000000476837158,0.08799999952316284,1.0,1.0,0.8914333332019547,0.8481666616474589,3,3
A140,A,42,42,4,"1,2,3",25,probe,0.24000000953674316,1.0,0.1680000126361847,0.07199999690055847,1.0,1.0,0.8914333332019547,0.8481666616474589,3,3
A140,A,42,42,5,"1,2,4",25,probe,0.1600000113248825,1.0,0.15200001001358032,0.008000001311302185,1.0,1.0,0.8914333332019547,0.8481666616474589,3,3
A140,A,42,42,6,"1,3,1",25,probe,0.2240000069141388,1.0,0.9520000219345093,-0.7280000150203705,1.0,1.0,0.8914333332019547,0.8481666616474589,3,3
A140,A,42,42,7,"1,3,2",25,probe,0.2639999985694885,1.0,0.18400001525878906,0.07999998331069946,1.0,1.0,0.8914333332019547,0.8481666616474589,3,3
A140,A,42,42,8,"1,3,4",25,probe,0.2160000056028366,1.0,0.2160000056028366,0.0,1.0,1.0,0.8914333332019547,0.8481666616474589,3,3
A140,A,42,42,9,"1,4,1",25,probe,0.1680000126361847,1.0,0.14400000870227814,0.024000003933906555,1.0,1.0,0.8914333332019547,0.8481666616474589,3,2
A140,A,42,42,0,"0,1,1",25,finetune,0.08800000697374344,1.0,0.24000000953674316,-0.15200000256299973,1.0,1.0,0.8914333332019547,0.8481666616474589,3,2
A140,A,42,42,1,"1,1,3",25,finetune,0.14400000870227814,1.0,0.10400000214576721,0.040000006556510925,1.0,1.0,0.8914333332019547,0.8481666616474589,3,3
A140,A,42,42,2,"1,1,4",25,finetune,0.1600000113248825,1.0,0.15200001001358032,0.008000001311302185,1.0,1.0,0.8914333332019547,0.8481666616474589,3,3
A140,A,42,42,3,"1,2,2",25,finetune,0.19200000166893005,1.0,0.12000000476837158,0.07199999690055847,1.0,1.0,0.8914333332019547,0.8481666616474589,3,3
A140,A,42,42,4,"1,2,3",25,finetune,0.17600001394748688,1.0,0.1680000126361847,0.008000001311302185,1.0,1.0,0.8914333332019547,0.8481666616474589,3,3
A140,A,42,42,5,"1,2,4",25,finetune,0.14400000870227814,1.0,0.13600000739097595,0.008000001311302185,1.0,1.0,0.8914333332019547,0.8481666616474589,3,3
A140,A,42,42,6,"1,3,1",25,finetune,0.3680000305175781,1.0,0.984000027179718,-0.6159999966621399,1.0,1.0,0.8914333332019547,0.8481666616474589,3,3
A140,A,42,42,7,"1,3,2",25,finetune,0.20800000429153442,1.0,0.19200000166893005,0.01600000262260437,1.0,1.0,0.8914333332019547,0.8481666616474589,3,3
A140,A,42,42,8,"1,3,4",25,finetune,0.320000022649765,1.0,0.2240000069141388,0.09600001573562622,1.0,1.0,0.8914333332019547,0.8481666616474589,3,3
A140,A,42,42,9,"1,4,1",25,finetune,0.2240000069141388,1.0,0.15200001001358032,0.07199999690055847,1.0,1.0,0.8914333332019547,0.8481666616474589,3,2
A140,A,42,42,0,"0,1,1",50,probe,0.12000000476837158,1.0,0.18400001525878906,-0.06400001049041748,1.0,1.0,0.8914333332019547,0.8481666616474589,3,2
A140,A,42,42,1,"1,1,3",50,probe,0.20000000298023224,1.0,0.15200001001358032,0.047999992966651917,1.0,1.0,0.8914333332019547,0.8481666616474589,3,3
A140,A,42,42,2,"1,1,4",50,probe,0.18400001525878906,1.0,0.1600000113248825,0.024000003933906555,1.0,1.0,0.8914333332019547,0.8481666616474589,3,3
A140,A,42,42,3,"1,2,2",50,probe,0.1600000113248825,1.0,0.13600000739097595,0.024000003933906555,1.0,1.0,0.8914333332019547,0.8481666616474589,3,3
A140,A,42,42,4,"1,2,3",50,probe,0.17600001394748688,1.0,0.25600001215934753,-0.07999999821186066,1.0,1.0,0.8914333332019547,0.8481666616474589,3,3
A140,A,42,42,5,"1,2,4",50,probe,0.18400001525878906,1.0,0.2160000056028366,-0.031999990344047546,1.0,1.0,0.8914333332019547,0.8481666616474589,3,3
A140,A,42,42,6,"1,3,1",50,probe,0.20800000429153442,1.0,1.0,-0.7919999957084656,1.0,1.0,0.8914333332019547,0.8481666616474589,3,3
A140,A,42,42,7,"1,3,2",50,probe,0.23200000822544098,1.0,0.19200000166893005,0.040000006556510925,1.0,1.0,0.8914333332019547,0.8481666616474589,3,3
A140,A,42,42,8,"1,3,4",50,probe,0.23200000822544098,1.0,0.31200000643730164,-0.07999999821186066,1.0,1.0,0.8914333332019547,0.8481666616474589,3,3
A140,A,42,42,9,"1,4,1",50,probe,0.18400001525878906,1.0,0.18400001525878906,0.0,1.0,1.0,0.8914333332019547,0.8481666616474589,3,2
A140,A,42,42,0,"0,1,1",50,finetune,0.1120000034570694,1.0,0.15200001001358032,-0.040000006556510925,1.0,1.0,0.8914333332019547,0.8481666616474589,3,2
A140,A,42,42,1,"1,1,3",50,finetune,0.14400000870227814,1.0,0.1600000113248825,-0.01600000262260437,1.0,1.0,0.8914333332019547,0.8481666616474589,3,3
A140,A,42,42,2,"1,1,4",50,finetune,0.14400000870227814,1.0,0.1680000126361847,-0.024000003933906555,1.0,1.0,0.8914333332019547,0.8481666616474589,3,3
A140,A,42,42,3,"1,2,2",50,finetune,0.1120000034570694,1.0,0.12800000607967377,-0.01600000262260437,1.0,1.0,0.8914333332019547,0.8481666616474589,3,3
A140,A,42,42,4,"1,2,3",50,finetune,0.18400001525878906,1.0,0.24800001084804535,-0.06399999558925629,1.0,1.0,0.8914333332019547,0.8481666616474589,3,3
A140,A,42,42,5,"1,2,4",50,finetune,0.15200001001358032,1.0,0.17600001394748688,-0.024000003933906555,1.0,1.0,0.8914333332019547,0.8481666616474589,3,3
A140,A,42,42,6,"1,3,1",50,finetune,0.4240000247955322,1.0,1.0,-0.5759999752044678,1.0,1.0,0.8914333332019547,0.8481666616474589,3,3
A140,A,42,42,7,"1,3,2",50,finetune,0.20800000429153442,1.0,0.23200000822544098,-0.024000003933906555,1.0,1.0,0.8914333332019547,0.8481666616474589,3,3
A140,A,42,42,8,"1,3,4",50,finetune,0.3360000252723694,1.0,0.35200002789497375,-0.01600000262260437,1.0,1.0,0.8914333332019547,0.8481666616474589,3,3
A140,A,42,42,9,"1,4,1",50,finetune,0.19200000166893005,1.0,0.18400001525878906,0.007999986410140991,1.0,1.0,0.8914333332019547,0.8481666616474589,3,2
A140,A,42,101,0,"0,1,1",10,probe,0.1600000113248825,1.0,0.17600001394748688,-0.01600000262260437,1.0,1.0,0.8945833321971198,0.843833330553025,3,2
A140,A,42,101,1,"1,1,3",10,probe,0.20000000298023224,1.0,0.12000000476837158,0.07999999821186066,1.0,1.0,0.8945833321971198,0.843833330553025,3,3
A140,A,42,101,2,"1,1,4",10,probe,0.20800000429153442,1.0,0.12000000476837158,0.08799999952316284,1.0,1.0,0.8945833321971198,0.843833330553025,3,3
A140,A,42,101,3,"1,2,2",10,probe,0.15200001001358032,1.0,0.17600001394748688,-0.024000003933906555,1.0,1.0,0.8945833321971198,0.843833330553025,3,3
A140,A,42,101,4,"1,2,3",10,probe,0.2160000056028366,1.0,0.18400001525878906,0.031999990344047546,1.0,1.0,0.8945833321971198,0.843833330553025,3,3
A140,A,42,101,5,"1,2,4",10,probe,0.18400001525878906,1.0,0.1600000113248825,0.024000003933906555,1.0,1.0,0.8945833321971198,0.843833330553025,3,3
A140,A,42,101,6,"1,3,1",10,probe,0.24000000953674316,1.0,0.6480000019073486,-0.40799999237060547,1.0,1.0,0.8945833321971198,0.843833330553025,3,3
A140,A,42,101,7,"1,3,2",10,probe,0.1680000126361847,1.0,0.20000000298023224,-0.031999990344047546,1.0,1.0,0.8945833321971198,0.843833330553025,3,3
A140,A,42,101,8,"1,3,4",10,probe,0.23200000822544098,1.0,0.17600001394748688,0.0559999942779541,1.0,1.0,0.8945833321971198,0.843833330553025,3,3
A140,A,42,101,9,"1,4,1",10,probe,0.20800000429153442,1.0,0.20000000298023224,0.008000001311302185,1.0,1.0,0.8945833321971198,0.843833330553025,3,2
A140,A,42,101,0,"0,1,1",10,finetune,0.18400001525878906,1.0,0.19200000166893005,-0.007999986410140991,1.0,1.0,0.8945833321971198,0.843833330553025,3,2
A140,A,42,101,1,"1,1,3",10,finetune,0.18400001525878906,1.0,0.17600001394748688,0.008000001311302185,1.0,1.0,0.8945833321971198,0.843833330553025,3,3
A140,A,42,101,2,"1,1,4",10,finetune,0.17600001394748688,1.0,0.1120000034570694,0.06400001049041748,1.0,1.0,0.8945833321971198,0.843833330553025,3,3
A140,A,42,101,3,"1,2,2",10,finetune,0.1600000113248825,1.0,0.1680000126361847,-0.008000001311302185,1.0,1.0,0.8945833321971198,0.843833330553025,3,3
A140,A,42,101,4,"1,2,3",10,finetune,0.17600001394748688,1.0,0.18400001525878906,-0.008000001311302185,1.0,1.0,0.8945833321971198,0.843833330553025,3,3
A140,A,42,101,5,"1,2,4",10,finetune,0.17600001394748688,1.0,0.14400000870227814,0.03200000524520874,1.0,1.0,0.8945833321971198,0.843833330553025,3,3
A140,A,42,101,6,"1,3,1",10,finetune,0.30400002002716064,1.0,0.7440000176429749,-0.4399999976158142,1.0,1.0,0.8945833321971198,0.843833330553025,3,3
A140,A,42,101,7,"1,3,2",10,finetune,0.19200000166893005,1.0,0.19200000166893005,0.0,1.0,1.0,0.8945833321971198,0.843833330553025,3,3
A140,A,42,101,8,"1,3,4",10,finetune,0.2720000147819519,1.0,0.2240000069141388,0.04800000786781311,1.0,1.0,0.8945833321971198,0.843833330553025,3,3
A140,A,42,101,9,"1,4,1",10,finetune,0.24800001084804535,1.0,0.19200000166893005,0.056000009179115295,1.0,1.0,0.8945833321971198,0.843833330553025,3,2
A140,A,42,101,0,"0,1,1",25,probe,0.19200000166893005,1.0,0.24800001084804535,-0.056000009179115295,1.0,1.0,0.8945833321971198,0.843833330553025,3,2
A140,A,42,101,1,"1,1,3",25,probe,0.17600001394748688,1.0,0.09600000083446503,0.08000001311302185,1.0,1.0,0.8945833321971198,0.843833330553025,3,3
A140,A,42,101,2,"1,1,4",25,probe,0.1600000113248825,1.0,0.1600000113248825,0.0,1.0,1.0,0.8945833321971198,0.843833330553025,3,3
A140,A,42,101,3,"1,2,2",25,probe,0.17600001394748688,1.0,0.1680000126361847,0.008000001311302185,1.0,1.0,0.8945833321971198,0.843833330553025,3,3
A140,A,42,101,4,"1,2,3",25,probe,0.20800000429153442,1.0,0.17600001394748688,0.031999990344047546,1.0,1.0,0.8945833321971198,0.843833330553025,3,3
A140,A,42,101,5,"1,2,4",25,probe,0.25600001215934753,1.0,0.13600000739097595,0.12000000476837158,1.0,1.0,0.8945833321971198,0.843833330553025,3,3
A140,A,42,101,6,"1,3,1",25,probe,0.2880000174045563,1.0,0.8560000658035278,-0.5680000483989716,1.0,1.0,0.8945833321971198,0.843833330553025,3,3
A140,A,42,101,7,"1,3,2",25,probe,0.19200000166893005,1.0,0.15200001001358032,0.03999999165534973,1.0,1.0,0.8945833321971198,0.843833330553025,3,3
A140,A,42,101,8,"1,3,4",25,probe,0.25600001215934753,1.0,0.23200000822544098,0.024000003933906555,1.0,1.0,0.8945833321971198,0.843833330553025,3,3
A140,A,42,101,9,"1,4,1",25,probe,0.18400001525878906,1.0,0.20000000298023224,-0.015999987721443176,1.0,1.0,0.8945833321971198,0.843833330553025,3,2
A140,A,42,101,0,"0,1,1",25,finetune,0.14400000870227814,1.0,0.20800000429153442,-0.06399999558925629,1.0,1.0,0.8945833321971198,0.843833330553025,3,2
A140,A,42,101,1,"1,1,3",25,finetune,0.20000000298023224,1.0,0.10400000214576721,0.09600000083446503,1.0,1.0,0.8945833321971198,0.843833330553025,3,3
A140,A,42,101,2,"1,1,4",25,finetune,0.14400000870227814,1.0,0.13600000739097595,0.008000001311302185,1.0,1.0,0.8945833321971198,0.843833330553025,3,3
A140,A,42,101,3,"1,2,2",25,finetune,0.18400001525878906,1.0,0.14400000870227814,0.040000006556510925,1.0,1.0,0.8945833321971198,0.843833330553025,3,3
A140,A,42,101,4,"1,2,3",25,finetune,0.12800000607967377,1.0,0.17600001394748688,-0.04800000786781311,1.0,1.0,0.8945833321971198,0.843833330553025,3,3
A140,A,42,101,5,"1,2,4",25,finetune,0.24000000953674316,1.0,0.14400000870227814,0.09600000083446503,1.0,1.0,0.8945833321971198,0.843833330553025,3,3
A140,A,42,101,6,"1,3,1",25,finetune,0.3760000169277191,1.0,0.9440000653266907,-0.5680000483989716,1.0,1.0,0.8945833321971198,0.843833330553025,3,3
A140,A,42,101,7,"1,3,2",25,finetune,0.13600000739097595,1.0,0.1600000113248825,-0.024000003933906555,1.0,1.0,0.8945833321971198,0.843833330553025,3,3
A140,A,42,101,8,"1,3,4",25,finetune,0.36000001430511475,1.0,0.20800000429153442,0.15200001001358032,1.0,1.0,0.8945833321971198,0.843833330553025,3,3
A140,A,42,101,9,"1,4,1",25,finetune,0.17600001394748688,1.0,0.18400001525878906,-0.008000001311302185,1.0,1.0,0.8945833321971198,0.843833330553025,3,2
A140,A,42,101,0,"0,1,1",50,probe,0.17600001394748688,1.0,0.14400000870227814,0.03200000524520874,1.0,1.0,0.8945833321971198,0.843833330553025,3,2
A140,A,42,101,1,"1,1,3",50,probe,0.1680000126361847,1.0,0.15200001001358032,0.01600000262260437,1.0,1.0,0.8945833321971198,0.843833330553025,3,3
A140,A,42,101,2,"1,1,4",50,probe,0.12000000476837158,1.0,0.1680000126361847,-0.04800000786781311,1.0,1.0,0.8945833321971198,0.843833330553025,3,3
A140,A,42,101,3,"1,2,2",50,probe,0.12000000476837158,1.0,0.19200000166893005,-0.07199999690055847,1.0,1.0,0.8945833321971198,0.843833330553025,3,3
A140,A,42,101,4,"1,2,3",50,probe,0.18400001525878906,1.0,0.2639999985694885,-0.07999998331069946,1.0,1.0,0.8945833321971198,0.843833330553025,3,3
A140,A,42,101,5,"1,2,4",50,probe,0.19200000166893005,1.0,0.18400001525878906,0.007999986410140991,1.0,1.0,0.8945833321971198,0.843833330553025,3,3
A140,A,42,101,6,"1,3,1",50,probe,0.23200000822544098,1.0,1.0,-0.767999991774559,1.0,1.0,0.8945833321971198,0.843833330553025,3,3
A140,A,42,101,7,"1,3,2",50,probe,0.14400000870227814,1.0,0.20800000429153442,-0.06399999558925629,1.0,1.0,0.8945833321971198,0.843833330553025,3,3
A140,A,42,101,8,"1,3,4",50,probe,0.3360000252723694,1.0,0.320000022649765,0.01600000262260437,1.0,1.0,0.8945833321971198,0.843833330553025,3,3
A140,A,42,101,9,"1,4,1",50,probe,0.15200001001358032,1.0,0.20000000298023224,-0.047999992966651917,1.0,1.0,0.8945833321971198,0.843833330553025,3,2
A140,A,42,101,0,"0,1,1",50,finetune,0.08800000697374344,1.0,0.13600000739097595,-0.04800000041723251,1.0,1.0,0.8945833321971198,0.843833330553025,3,2
A140,A,42,101,1,"1,1,3",50,finetune,0.20800000429153442,1.0,0.14400000870227814,0.06399999558925629,1.0,1.0,0.8945833321971198,0.843833330553025,3,3
A140,A,42,101,2,"1,1,4",50,finetune,0.12000000476837158,1.0,0.18400001525878906,-0.06400001049041748,1.0,1.0,0.8945833321971198,0.843833330553025,3,3
A140,A,42,101,3,"1,2,2",50,finetune,0.09600000083446503,1.0,0.14400000870227814,-0.04800000786781311,1.0,1.0,0.8945833321971198,0.843833330553025,3,3
A140,A,42,101,4,"1,2,3",50,finetune,0.1680000126361847,1.0,0.24000000953674316,-0.07199999690055847,1.0,1.0,0.8945833321971198,0.843833330553025,3,3
A140,A,42,101,5,"1,2,4",50,finetune,0.18400001525878906,1.0,0.18400001525878906,0.0,1.0,1.0,0.8945833321971198,0.843833330553025,3,3
A140,A,42,101,6,"1,3,1",50,finetune,0.5520000457763672,1.0,1.0,-0.4479999542236328,1.0,1.0,0.8945833321971198,0.843833330553025,3,3
A140,A,42,101,7,"1,3,2",50,finetune,0.13600000739097595,1.0,0.20800000429153442,-0.07199999690055847,1.0,1.0,0.8945833321971198,0.843833330553025,3,3
A140,A,42,101,8,"1,3,4",50,finetune,0.3760000169277191,1.0,0.3920000195503235,-0.01600000262260437,1.0,1.0,0.8945833321971198,0.843833330553025,3,3
A140,A,42,101,9,"1,4,1",50,finetune,0.19200000166893005,1.0,0.20000000298023224,-0.008000001311302185,1.0,1.0,0.8945833321971198,0.843833330553025,3,2
A140,A,101,42,0,"0,1,1",10,probe,0.2240000069141388,1.0,0.20000000298023224,0.024000003933906555,1.0,1.0,0.8813333320431411,0.8634999974941213,3,2
A140,A,101,42,1,"1,1,3",10,probe,0.17600001394748688,1.0,0.24000000953674316,-0.06399999558925629,1.0,1.0,0.8813333320431411,0.8634999974941213,3,3
A140,A,101,42,2,"1,1,4",10,probe,0.20000000298023224,1.0,0.2240000069141388,-0.024000003933906555,1.0,1.0,0.8813333320431411,0.8634999974941213,3,3
A140,A,101,42,3,"1,2,2",10,probe,0.20800000429153442,1.0,0.19200000166893005,0.01600000262260437,1.0,1.0,0.8813333320431411,0.8634999974941213,3,3
A140,A,101,42,4,"1,2,3",10,probe,0.20000000298023224,1.0,0.1680000126361847,0.031999990344047546,1.0,1.0,0.8813333320431411,0.8634999974941213,3,3
A140,A,101,42,5,"1,2,4",10,probe,0.17600001394748688,1.0,0.2240000069141388,-0.047999992966651917,1.0,1.0,0.8813333320431411,0.8634999974941213,3,3
A140,A,101,42,6,"1,3,1",10,probe,0.25600001215934753,1.0,0.20000000298023224,0.056000009179115295,1.0,1.0,0.8813333320431411,0.8634999974941213,3,3
A140,A,101,42,7,"1,3,2",10,probe,0.2639999985694885,1.0,0.7520000338554382,-0.4880000352859497,1.0,1.0,0.8813333320431411,0.8634999974941213,3,3
A140,A,101,42,8,"1,3,4",10,probe,0.20000000298023224,1.0,0.1680000126361847,0.031999990344047546,1.0,1.0,0.8813333320431411,0.8634999974941213,3,3
A140,A,101,42,9,"1,4,1",10,probe,0.17600001394748688,1.0,0.1680000126361847,0.008000001311302185,1.0,1.0,0.8813333320431411,0.8634999974941213,3,2
A140,A,101,42,0,"0,1,1",10,finetune,0.20000000298023224,1.0,0.17600001394748688,0.02399998903274536,1.0,1.0,0.8813333320431411,0.8634999974941213,3,2
A140,A,101,42,1,"1,1,3",10,finetune,0.24000000953674316,1.0,0.23200000822544098,0.008000001311302185,1.0,1.0,0.8813333320431411,0.8634999974941213,3,3
A140,A,101,42,2,"1,1,4",10,finetune,0.23200000822544098,1.0,0.23200000822544098,0.0,1.0,1.0,0.8813333320431411,0.8634999974941213,3,3
A140,A,101,42,3,"1,2,2",10,finetune,0.1680000126361847,1.0,0.17600001394748688,-0.008000001311302185,1.0,1.0,0.8813333320431411,0.8634999974941213,3,3
A140,A,101,42,4,"1,2,3",10,finetune,0.18400001525878906,1.0,0.19200000166893005,-0.007999986410140991,1.0,1.0,0.8813333320431411,0.8634999974941213,3,3
A140,A,101,42,5,"1,2,4",10,finetune,0.19200000166893005,1.0,0.2240000069141388,-0.03200000524520874,1.0,1.0,0.8813333320431411,0.8634999974941213,3,3
A140,A,101,42,6,"1,3,1",10,finetune,0.2800000011920929,1.0,0.20000000298023224,0.07999999821186066,1.0,1.0,0.8813333320431411,0.8634999974941213,3,3
A140,A,101,42,7,"1,3,2",10,finetune,0.41600000858306885,1.0,0.8160000443458557,-0.40000003576278687,1.0,1.0,0.8813333320431411,0.8634999974941213,3,3
A140,A,101,42,8,"1,3,4",10,finetune,0.19200000166893005,1.0,0.13600000739097595,0.0559999942779541,1.0,1.0,0.8813333320431411,0.8634999974941213,3,3
A140,A,101,42,9,"1,4,1",10,finetune,0.13600000739097595,1.0,0.1600000113248825,-0.024000003933906555,1.0,1.0,0.8813333320431411,0.8634999974941213,3,2
A140,A,101,42,0,"0,1,1",25,probe,0.19200000166893005,1.0,0.19200000166893005,0.0,1.0,1.0,0.8813333320431411,0.8634999974941213,3,2
A140,A,101,42,1,"1,1,3",25,probe,0.2639999985694885,1.0,0.25600001215934753,0.007999986410140991,1.0,1.0,0.8813333320431411,0.8634999974941213,3,3
A140,A,101,42,2,"1,1,4",25,probe,0.1600000113248825,1.0,0.20800000429153442,-0.047999992966651917,1.0,1.0,0.8813333320431411,0.8634999974941213,3,3
A140,A,101,42,3,"1,2,2",25,probe,0.17600001394748688,1.0,0.1680000126361847,0.008000001311302185,1.0,1.0,0.8813333320431411,0.8634999974941213,3,3
A140,A,101,42,4,"1,2,3",25,probe,0.17600001394748688,1.0,0.18400001525878906,-0.008000001311302185,1.0,1.0,0.8813333320431411,0.8634999974941213,3,3
A140,A,101,42,5,"1,2,4",25,probe,0.18400001525878906,1.0,0.20000000298023224,-0.015999987721443176,1.0,1.0,0.8813333320431411,0.8634999974941213,3,3
A140,A,101,42,6,"1,3,1",25,probe,0.2160000056028366,1.0,0.2240000069141388,-0.008000001311302185,1.0,1.0,0.8813333320431411,0.8634999974941213,3,3
A140,A,101,42,7,"1,3,2",25,probe,0.24000000953674316,1.0,0.9280000329017639,-0.6880000233650208,1.0,1.0,0.8813333320431411,0.8634999974941213,3,3
A140,A,101,42,8,"1,3,4",25,probe,0.18400001525878906,1.0,0.17600001394748688,0.008000001311302185,1.0,1.0,0.8813333320431411,0.8634999974941213,3,3
A140,A,101,42,9,"1,4,1",25,probe,0.20000000298023224,1.0,0.13600000739097595,0.06399999558925629,1.0,1.0,0.8813333320431411,0.8634999974941213,3,2
A140,A,101,42,0,"0,1,1",25,finetune,0.15200001001358032,1.0,0.17600001394748688,-0.024000003933906555,1.0,1.0,0.8813333320431411,0.8634999974941213,3,2
A140,A,101,42,1,"1,1,3",25,finetune,0.24000000953674316,1.0,0.23200000822544098,0.008000001311302185,1.0,1.0,0.8813333320431411,0.8634999974941213,3,3
A140,A,101,42,2,"1,1,4",25,finetune,0.1680000126361847,1.0,0.20000000298023224,-0.031999990344047546,1.0,1.0,0.8813333320431411,0.8634999974941213,3,3
A140,A,101,42,3,"1,2,2",25,finetune,0.18400001525878906,1.0,0.1600000113248825,0.024000003933906555,1.0,1.0,0.8813333320431411,0.8634999974941213,3,3
A140,A,101,42,4,"1,2,3",25,finetune,0.1600000113248825,1.0,0.17600001394748688,-0.01600000262260437,1.0,1.0,0.8813333320431411,0.8634999974941213,3,3
A140,A,101,42,5,"1,2,4",25,finetune,0.23200000822544098,1.0,0.23200000822544098,0.0,1.0,1.0,0.8813333320431411,0.8634999974941213,3,3
A140,A,101,42,6,"1,3,1",25,finetune,0.2160000056028366,1.0,0.20800000429153442,0.008000001311302185,1.0,1.0,0.8813333320431411,0.8634999974941213,3,3
A140,A,101,42,7,"1,3,2",25,finetune,0.5360000133514404,1.0,0.984000027179718,-0.4480000138282776,1.0,1.0,0.8813333320431411,0.8634999974941213,3,3
A140,A,101,42,8,"1,3,4",25,finetune,0.24000000953674316,1.0,0.1600000113248825,0.07999999821186066,1.0,1.0,0.8813333320431411,0.8634999974941213,3,3
A140,A,101,42,9,"1,4,1",25,finetune,0.08800000697374344,1.0,0.13600000739097595,-0.04800000041723251,1.0,1.0,0.8813333320431411,0.8634999974941213,3,2
A140,A,101,42,0,"0,1,1",50,probe,0.20000000298023224,1.0,0.20800000429153442,-0.008000001311302185,1.0,1.0,0.8813333320431411,0.8634999974941213,3,2
A140,A,101,42,1,"1,1,3",50,probe,0.20000000298023224,1.0,0.23200000822544098,-0.03200000524520874,1.0,1.0,0.8813333320431411,0.8634999974941213,3,3
A140,A,101,42,2,"1,1,4",50,probe,0.2160000056028366,1.0,0.1120000034570694,0.10400000214576721,1.0,1.0,0.8813333320431411,0.8634999974941213,3,3
A140,A,101,42,3,"1,2,2",50,probe,0.24000000953674316,1.0,0.10400000214576721,0.13600000739097595,1.0,1.0,0.8813333320431411,0.8634999974941213,3,3
A140,A,101,42,4,"1,2,3",50,probe,0.1680000126361847,1.0,0.1600000113248825,0.008000001311302185,1.0,1.0,0.8813333320431411,0.8634999974941213,3,3
A140,A,101,42,5,"1,2,4",50,probe,0.20800000429153442,1.0,0.1600000113248825,0.047999992966651917,1.0,1.0,0.8813333320431411,0.8634999974941213,3,3
A140,A,101,42,6,"1,3,1",50,probe,0.15200001001358032,1.0,0.17600001394748688,-0.024000003933906555,1.0,1.0,0.8813333320431411,0.8634999974941213,3,3
A140,A,101,42,7,"1,3,2",50,probe,0.2720000147819519,1.0,1.0,-0.7279999852180481,1.0,1.0,0.8813333320431411,0.8634999974941213,3,3
A140,A,101,42,8,"1,3,4",50,probe,0.18400001525878906,1.0,0.1600000113248825,0.024000003933906555,1.0,1.0,0.8813333320431411,0.8634999974941213,3,3
A140,A,101,42,9,"1,4,1",50,probe,0.19200000166893005,1.0,0.14400000870227814,0.047999992966651917,1.0,1.0,0.8813333320431411,0.8634999974941213,3,2
A140,A,101,42,0,"0,1,1",50,finetune,0.20000000298023224,1.0,0.1680000126361847,0.031999990344047546,1.0,1.0,0.8813333320431411,0.8634999974941213,3,2
A140,A,101,42,1,"1,1,3",50,finetune,0.20000000298023224,1.0,0.23200000822544098,-0.03200000524520874,1.0,1.0,0.8813333320431411,0.8634999974941213,3,3
A140,A,101,42,2,"1,1,4",50,finetune,0.14400000870227814,1.0,0.12000000476837158,0.024000003933906555,1.0,1.0,0.8813333320431411,0.8634999974941213,3,3
A140,A,101,42,3,"1,2,2",50,finetune,0.14400000870227814,1.0,0.10400000214576721,0.040000006556510925,1.0,1.0,0.8813333320431411,0.8634999974941213,3,3
A140,A,101,42,4,"1,2,3",50,finetune,0.1600000113248825,1.0,0.20800000429153442,-0.047999992966651917,1.0,1.0,0.8813333320431411,0.8634999974941213,3,3
A140,A,101,42,5,"1,2,4",50,finetune,0.20000000298023224,1.0,0.17600001394748688,0.02399998903274536,1.0,1.0,0.8813333320431411,0.8634999974941213,3,3
A140,A,101,42,6,"1,3,1",50,finetune,0.15200001001358032,1.0,0.15200001001358032,0.0,1.0,1.0,0.8813333320431411,0.8634999974941213,3,3
A140,A,101,42,7,"1,3,2",50,finetune,0.6960000395774841,1.0,1.0,-0.30399996042251587,1.0,1.0,0.8813333320431411,0.8634999974941213,3,3
A140,A,101,42,8,"1,3,4",50,finetune,0.15200001001358032,1.0,0.1600000113248825,-0.008000001311302185,1.0,1.0,0.8813333320431411,0.8634999974941213,3,3
A140,A,101,42,9,"1,4,1",50,finetune,0.09600000083446503,1.0,0.15200001001358032,-0.056000009179115295,1.0,1.0,0.8813333320431411,0.8634999974941213,3,2
A140,A,101,101,0,"0,1,1",10,probe,0.20000000298023224,1.0,0.14400000870227814,0.0559999942779541,1.0,1.0,0.8866166649386287,0.8739333301782608,3,2
A140,A,101,101,1,"1,1,3",10,probe,0.1680000126361847,1.0,0.2720000147819519,-0.10400000214576721,1.0,1.0,0.8866166649386287,0.8739333301782608,3,3
A140,A,101,101,2,"1,1,4",10,probe,0.17600001394748688,1.0,0.19200000166893005,-0.015999987721443176,1.0,1.0,0.8866166649386287,0.8739333301782608,3,3
A140,A,101,101,3,"1,2,2",10,probe,0.15200001001358032,1.0,0.19200000166893005,-0.03999999165534973,1.0,1.0,0.8866166649386287,0.8739333301782608,3,3
A140,A,101,101,4,"1,2,3",10,probe,0.20800000429153442,1.0,0.17600001394748688,0.031999990344047546,1.0,1.0,0.8866166649386287,0.8739333301782608,3,3
A140,A,101,101,5,"1,2,4",10,probe,0.19200000166893005,1.0,0.25600001215934753,-0.06400001049041748,1.0,1.0,0.8866166649386287,0.8739333301782608,3,3
A140,A,101,101,6,"1,3,1",10,probe,0.17600001394748688,1.0,0.2240000069141388,-0.047999992966651917,1.0,1.0,0.8866166649386287,0.8739333301782608,3,3
A140,A,101,101,7,"1,3,2",10,probe,0.24800001084804535,1.0,0.8400000333786011,-0.5920000225305557,1.0,1.0,0.8866166649386287,0.8739333301782608,3,3
A140,A,101,101,8,"1,3,4",10,probe,0.23200000822544098,1.0,0.15200001001358032,0.07999999821186066,1.0,1.0,0.8866166649386287,0.8739333301782608,3,3
A140,A,101,101,9,"1,4,1",10,probe,0.1680000126361847,1.0,0.18400001525878906,-0.01600000262260437,1.0,1.0,0.8866166649386287,0.8739333301782608,3,2
A140,A,101,101,0,"0,1,1",10,finetune,0.14400000870227814,1.0,0.20800000429153442,-0.06399999558925629,1.0,1.0,0.8866166649386287,0.8739333301782608,3,2
A140,A,101,101,1,"1,1,3",10,finetune,0.2240000069141388,1.0,0.2240000069141388,0.0,1.0,1.0,0.8866166649386287,0.8739333301782608,3,3
A140,A,101,101,2,"1,1,4",10,finetune,0.2160000056028366,1.0,0.2160000056028366,0.0,1.0,1.0,0.8866166649386287,0.8739333301782608,3,3
A140,A,101,101,3,"1,2,2",10,finetune,0.10400000214576721,1.0,0.18400001525878906,-0.08000001311302185,1.0,1.0,0.8866166649386287,0.8739333301782608,3,3
A140,A,101,101,4,"1,2,3",10,finetune,0.20000000298023224,1.0,0.14400000870227814,0.0559999942779541,1.0,1.0,0.8866166649386287,0.8739333301782608,3,3
A140,A,101,101,5,"1,2,4",10,finetune,0.14400000870227814,1.0,0.24800001084804535,-0.10400000214576721,1.0,1.0,0.8866166649386287,0.8739333301782608,3,3
A140,A,101,101,6,"1,3,1",10,finetune,0.1680000126361847,1.0,0.2160000056028366,-0.047999992966651917,1.0,1.0,0.8866166649386287,0.8739333301782608,3,3
A140,A,101,101,7,"1,3,2",10,finetune,0.2720000147819519,1.0,0.8240000605583191,-0.5520000457763672,1.0,1.0,0.8866166649386287,0.8739333301782608,3,3
A140,A,101,101,8,"1,3,4",10,finetune,0.15200001001358032,1.0,0.15200001001358032,0.0,1.0,1.0,0.8866166649386287,0.8739333301782608,3,3
A140,A,101,101,9,"1,4,1",10,finetune,0.12000000476837158,1.0,0.1600000113248825,-0.040000006556510925,1.0,1.0,0.8866166649386287,0.8739333301782608,3,2
A140,A,101,101,0,"0,1,1",25,probe,0.24000000953674316,1.0,0.1600000113248825,0.07999999821186066,1.0,1.0,0.8866166649386287,0.8739333301782608,3,2
A140,A,101,101,1,"1,1,3",25,probe,0.17600001394748688,1.0,0.24800001084804535,-0.07199999690055847,1.0,1.0,0.8866166649386287,0.8739333301782608,3,3
A140,A,101,101,2,"1,1,4",25,probe,0.17600001394748688,1.0,0.20800000429153442,-0.031999990344047546,1.0,1.0,0.8866166649386287,0.8739333301782608,3,3
A140,A,101,101,3,"1,2,2",25,probe,0.1680000126361847,1.0,0.15200001001358032,0.01600000262260437,1.0,1.0,0.8866166649386287,0.8739333301782608,3,3
A140,A,101,101,4,"1,2,3",25,probe,0.19200000166893005,1.0,0.20000000298023224,-0.008000001311302185,1.0,1.0,0.8866166649386287,0.8739333301782608,3,3
A140,A,101,101,5,"1,2,4",25,probe,0.15200001001358032,1.0,0.2240000069141388,-0.07199999690055847,1.0,1.0,0.8866166649386287,0.8739333301782608,3,3
A140,A,101,101,6,"1,3,1",25,probe,0.20000000298023224,1.0,0.2240000069141388,-0.024000003933906555,1.0,1.0,0.8866166649386287,0.8739333301782608,3,3
A140,A,101,101,7,"1,3,2",25,probe,0.25600001215934753,1.0,0.9600000381469727,-0.7040000259876251,1.0,1.0,0.8866166649386287,0.8739333301782608,3,3
A140,A,101,101,8,"1,3,4",25,probe,0.20000000298023224,1.0,0.17600001394748688,0.02399998903274536,1.0,1.0,0.8866166649386287,0.8739333301782608,3,3
A140,A,101,101,9,"1,4,1",25,probe,0.19200000166893005,1.0,0.14400000870227814,0.047999992966651917,1.0,1.0,0.8866166649386287,0.8739333301782608,3,2
A140,A,101,101,0,"0,1,1",25,finetune,0.23200000822544098,1.0,0.18400001525878906,0.047999992966651917,1.0,1.0,0.8866166649386287,0.8739333301782608,3,2
A140,A,101,101,1,"1,1,3",25,finetune,0.17600001394748688,1.0,0.23200000822544098,-0.0559999942779541,1.0,1.0,0.8866166649386287,0.8739333301782608,3,3
A140,A,101,101,2,"1,1,4",25,finetune,0.1600000113248825,1.0,0.2160000056028366,-0.0559999942779541,1.0,1.0,0.8866166649386287,0.8739333301782608,3,3
A140,A,101,101,3,"1,2,2",25,finetune,0.14400000870227814,1.0,0.17600001394748688,-0.03200000524520874,1.0,1.0,0.8866166649386287,0.8739333301782608,3,3
A140,A,101,101,4,"1,2,3",25,finetune,0.1680000126361847,1.0,0.20000000298023224,-0.031999990344047546,1.0,1.0,0.8866166649386287,0.8739333301782608,3,3
A140,A,101,101,5,"1,2,4",25,finetune,0.14400000870227814,1.0,0.25600001215934753,-0.1120000034570694,1.0,1.0,0.8866166649386287,0.8739333301782608,3,3
A140,A,101,101,6,"1,3,1",25,finetune,0.20800000429153442,1.0,0.20800000429153442,0.0,1.0,1.0,0.8866166649386287,0.8739333301782608,3,3
A140,A,101,101,7,"1,3,2",25,finetune,0.3440000116825104,1.0,0.984000027179718,-0.6400000154972076,1.0,1.0,0.8866166649386287,0.8739333301782608,3,3
A140,A,101,101,8,"1,3,4",25,finetune,0.12800000607967377,1.0,0.14400000870227814,-0.01600000262260437,1.0,1.0,0.8866166649386287,0.8739333301782608,3,3
A140,A,101,101,9,"1,4,1",25,finetune,0.14400000870227814,1.0,0.12800000607967377,0.01600000262260437,1.0,1.0,0.8866166649386287,0.8739333301782608,3,2
A140,A,101,101,0,"0,1,1",50,probe,0.1680000126361847,1.0,0.1680000126361847,0.0,1.0,1.0,0.8866166649386287,0.8739333301782608,3,2
A140,A,101,101,1,"1,1,3",50,probe,0.19200000166893005,1.0,0.20800000429153442,-0.01600000262260437,1.0,1.0,0.8866166649386287,0.8739333301782608,3,3
A140,A,101,101,2,"1,1,4",50,probe,0.1600000113248825,1.0,0.19200000166893005,-0.031999990344047546,1.0,1.0,0.8866166649386287,0.8739333301782608,3,3
A140,A,101,101,3,"1,2,2",50,probe,0.18400001525878906,1.0,0.14400000870227814,0.040000006556510925,1.0,1.0,0.8866166649386287,0.8739333301782608,3,3
A140,A,101,101,4,"1,2,3",50,probe,0.23200000822544098,1.0,0.19200000166893005,0.040000006556510925,1.0,1.0,0.8866166649386287,0.8739333301782608,3,3
A140,A,101,101,5,"1,2,4",50,probe,0.17600001394748688,1.0,0.17600001394748688,0.0,1.0,1.0,0.8866166649386287,0.8739333301782608,3,3
A140,A,101,101,6,"1,3,1",50,probe,0.19200000166893005,1.0,0.15200001001358032,0.03999999165534973,1.0,1.0,0.8866166649386287,0.8739333301782608,3,3
A140,A,101,101,7,"1,3,2",50,probe,0.25600001215934753,1.0,0.9920000433921814,-0.7360000312328339,1.0,1.0,0.8866166649386287,0.8739333301782608,3,3
A140,A,101,101,8,"1,3,4",50,probe,0.20000000298023224,1.0,0.17600001394748688,0.02399998903274536,1.0,1.0,0.8866166649386287,0.8739333301782608,3,3
A140,A,101,101,9,"1,4,1",50,probe,0.20000000298023224,1.0,0.1680000126361847,0.031999990344047546,1.0,1.0,0.8866166649386287,0.8739333301782608,3,2
A140,A,101,101,0,"0,1,1",50,finetune,0.1680000126361847,1.0,0.17600001394748688,-0.008000001311302185,1.0,1.0,0.8866166649386287,0.8739333301782608,3,2
A140,A,101,101,1,"1,1,3",50,finetune,0.1600000113248825,1.0,0.20000000298023224,-0.03999999165534973,1.0,1.0,0.8866166649386287,0.8739333301782608,3,3
A140,A,101,101,2,"1,1,4",50,finetune,0.17600001394748688,1.0,0.15200001001358032,0.024000003933906555,1.0,1.0,0.8866166649386287,0.8739333301782608,3,3
A140,A,101,101,3,"1,2,2",50,finetune,0.09600000083446503,1.0,0.08800000697374344,0.007999993860721588,1.0,1.0,0.8866166649386287,0.8739333301782608,3,3
A140,A,101,101,4,"1,2,3",50,finetune,0.1120000034570694,1.0,0.20800000429153442,-0.09600000083446503,1.0,1.0,0.8866166649386287,0.8739333301782608,3,3
A140,A,101,101,5,"1,2,4",50,finetune,0.17600001394748688,1.0,0.20800000429153442,-0.031999990344047546,1.0,1.0,0.8866166649386287,0.8739333301782608,3,3
A140,A,101,101,6,"1,3,1",50,finetune,0.15200001001358032,1.0,0.12000000476837158,0.03200000524520874,1.0,1.0,0.8866166649386287,0.8739333301782608,3,3
A140,A,101,101,7,"1,3,2",50,finetune,0.5200000405311584,1.0,1.0,-0.47999995946884155,1.0,1.0,0.8866166649386287,0.8739333301782608,3,3
A140,A,101,101,8,"1,3,4",50,finetune,0.20000000298023224,1.0,0.1680000126361847,0.031999990344047546,1.0,1.0,0.8866166649386287,0.8739333301782608,3,3
A140,A,101,101,9,"1,4,1",50,finetune,0.1120000034570694,1.0,0.1600000113248825,-0.04800000786781311,1.0,1.0,0.8866166649386287,0.8739333301782608,3,2
B211,B,17,42,0,"0,1,1",10,probe,0.2800000011920929,1.0,0.12000000476837158,0.1599999964237213,1.0,1.0,0.8729833310159544,0.8652666645745437,4,2
B211,B,17,42,1,"1,1,3",10,probe,0.17600001394748688,1.0,0.2160000056028366,-0.03999999165534973,1.0,1.0,0.8729833310159544,0.8652666645745437,4,2
B211,B,17,42,2,"1,1,4",10,probe,0.1600000113248825,1.0,0.64000004529953,-0.4800000339746475,1.0,1.0,0.8729833310159544,0.8652666645745437,4,3
B211,B,17,42,3,"1,2,2",10,probe,0.18400001525878906,1.0,0.24000000953674316,-0.0559999942779541,1.0,1.0,0.8729833310159544,0.8652666645745437,4,2
B211,B,17,42,4,"1,2,3",10,probe,0.18400001525878906,1.0,0.24800001084804535,-0.06399999558925629,1.0,1.0,0.8729833310159544,0.8652666645745437,4,2
B211,B,17,42,5,"1,2,4",10,probe,0.1600000113248825,1.0,0.1680000126361847,-0.008000001311302185,1.0,1.0,0.8729833310159544,0.8652666645745437,4,3
B211,B,17,42,6,"1,3,1",10,probe,0.18400001525878906,1.0,0.13600000739097595,0.04800000786781311,1.0,1.0,0.8729833310159544,0.8652666645745437,4,2
B211,B,17,42,7,"1,3,2",10,probe,0.1680000126361847,1.0,0.1680000126361847,0.0,1.0,1.0,0.8729833310159544,0.8652666645745437,4,2
B211,B,17,42,8,"1,3,4",10,probe,0.18400001525878906,1.0,0.25600001215934753,-0.07199999690055847,1.0,1.0,0.8729833310159544,0.8652666645745437,4,2
B211,B,17,42,9,"1,4,1",10,probe,0.2160000056028366,1.0,0.20800000429153442,0.008000001311302185,1.0,1.0,0.8729833310159544,0.8652666645745437,4,3
B211,B,17,42,0,"0,1,1",10,finetune,0.19200000166893005,1.0,0.12800000607967377,0.06399999558925629,1.0,1.0,0.8729833310159544,0.8652666645745437,4,2
B211,B,17,42,1,"1,1,3",10,finetune,0.18400001525878906,1.0,0.2160000056028366,-0.031999990344047546,1.0,1.0,0.8729833310159544,0.8652666645745437,4,2
B211,B,17,42,2,"1,1,4",10,finetune,0.35200002789497375,1.0,0.7200000286102295,-0.36800000071525574,1.0,1.0,0.8729833310159544,0.8652666645745437,4,3
B211,B,17,42,3,"1,2,2",10,finetune,0.18400001525878906,1.0,0.24000000953674316,-0.0559999942779541,1.0,1.0,0.8729833310159544,0.8652666645745437,4,2
B211,B,17,42,4,"1,2,3",10,finetune,0.24000000953674316,1.0,0.2160000056028366,0.024000003933906555,1.0,1.0,0.8729833310159544,0.8652666645745437,4,2
B211,B,17,42,5,"1,2,4",10,finetune,0.1120000034570694,1.0,0.13600000739097595,-0.024000003933906555,1.0,1.0,0.8729833310159544,0.8652666645745437,4,3
B211,B,17,42,6,"1,3,1",10,finetune,0.17600001394748688,1.0,0.13600000739097595,0.040000006556510925,1.0,1.0,0.8729833310159544,0.8652666645745437,4,2
B211,B,17,42,7,"1,3,2",10,finetune,0.20000000298023224,1.0,0.15200001001358032,0.047999992966651917,1.0,1.0,0.8729833310159544,0.8652666645745437,4,2
B211,B,17,42,8,"1,3,4",10,finetune,0.20000000298023224,1.0,0.17600001394748688,0.02399998903274536,1.0,1.0,0.8729833310159544,0.8652666645745437,4,2
B211,B,17,42,9,"1,4,1",10,finetune,0.19200000166893005,1.0,0.18400001525878906,0.007999986410140991,1.0,1.0,0.8729833310159544,0.8652666645745437,4,3
B211,B,17,42,0,"0,1,1",25,probe,0.23200000822544098,1.0,0.20000000298023224,0.03200000524520874,1.0,1.0,0.8729833310159544,0.8652666645745437,4,2
B211,B,17,42,1,"1,1,3",25,probe,0.17600001394748688,1.0,0.12800000607967377,0.04800000786781311,1.0,1.0,0.8729833310159544,0.8652666645745437,4,2
B211,B,17,42,2,"1,1,4",25,probe,0.24000000953674316,1.0,0.9280000329017639,-0.6880000233650208,1.0,1.0,0.8729833310159544,0.8652666645745437,4,3
B211,B,17,42,3,"1,2,2",25,probe,0.20000000298023224,1.0,0.29600000381469727,-0.09600000083446503,1.0,1.0,0.8729833310159544,0.8652666645745437,4,2
B211,B,17,42,4,"1,2,3",25,probe,0.17600001394748688,1.0,0.2639999985694885,-0.08799998462200165,1.0,1.0,0.8729833310159544,0.8652666645745437,4,2
B211,B,17,42,5,"1,2,4",25,probe,0.14400000870227814,1.0,0.13600000739097595,0.008000001311302185,1.0,1.0,0.8729833310159544,0.8652666645745437,4,3
B211,B,17,42,6,"1,3,1",25,probe,0.15200001001358032,1.0,0.15200001001358032,0.0,1.0,1.0,0.8729833310159544,0.8652666645745437,4,2
B211,B,17,42,7,"1,3,2",25,probe,0.18400001525878906,1.0,0.17600001394748688,0.008000001311302185,1.0,1.0,0.8729833310159544,0.8652666645745437,4,2
B211,B,17,42,8,"1,3,4",25,probe,0.1680000126361847,1.0,0.1600000113248825,0.008000001311302185,1.0,1.0,0.8729833310159544,0.8652666645745437,4,2
B211,B,17,42,9,"1,4,1",25,probe,0.2160000056028366,1.0,0.24000000953674316,-0.024000003933906555,1.0,1.0,0.8729833310159544,0.8652666645745437,4,3
B211,B,17,42,0,"0,1,1",25,finetune,0.1600000113248825,1.0,0.17600001394748688,-0.01600000262260437,1.0,1.0,0.8729833310159544,0.8652666645745437,4,2
B211,B,17,42,1,"1,1,3",25,finetune,0.2160000056028366,1.0,0.1600000113248825,0.0559999942779541,1.0,1.0,0.8729833310159544,0.8652666645745437,4,2
B211,B,17,42,2,"1,1,4",25,finetune,0.3920000195503235,1.0,0.9920000433921814,-0.6000000238418579,1.0,1.0,0.8729833310159544,0.8652666645745437,4,3
B211,B,17,42,3,"1,2,2",25,finetune,0.24000000953674316,1.0,0.2800000011920929,-0.03999999165534973,1.0,1.0,0.8729833310159544,0.8652666645745437,4,2
B211,B,17,42,4,"1,2,3",25,finetune,0.2160000056028366,1.0,0.23200000822544098,-0.01600000262260437,1.0,1.0,0.8729833310159544,0.8652666645745437,4,2
B211,B,17,42,5,"1,2,4",25,finetune,0.15200001001358032,1.0,0.1680000126361847,-0.01600000262260437,1.0,1.0,0.8729833310159544,0.8652666645745437,4,3
B211,B,17,42,6,"1,3,1",25,finetune,0.19200000166893005,1.0,0.13600000739097595,0.0559999942779541,1.0,1.0,0.8729833310159544,0.8652666645745437,4,2
B211,B,17,42,7,"1,3,2",25,finetune,0.20000000298023224,1.0,0.20800000429153442,-0.008000001311302185,1.0,1.0,0.8729833310159544,0.8652666645745437,4,2
B211,B,17,42,8,"1,3,4",25,finetune,0.13600000739097595,1.0,0.12800000607967377,0.008000001311302185,1.0,1.0,0.8729833310159544,0.8652666645745437,4,2
B211,B,17,42,9,"1,4,1",25,finetune,0.23200000822544098,1.0,0.25600001215934753,-0.024000003933906555,1.0,1.0,0.8729833310159544,0.8652666645745437,4,3
B211,B,17,42,0,"0,1,1",50,probe,0.2240000069141388,1.0,0.1680000126361847,0.0559999942779541,1.0,1.0,0.8729833310159544,0.8652666645745437,4,2
B211,B,17,42,1,"1,1,3",50,probe,0.1680000126361847,1.0,0.20800000429153442,-0.03999999165534973,1.0,1.0,0.8729833310159544,0.8652666645745437,4,2
B211,B,17,42,2,"1,1,4",50,probe,0.25600001215934753,1.0,0.984000027179718,-0.7280000150203705,1.0,1.0,0.8729833310159544,0.8652666645745437,4,3
B211,B,17,42,3,"1,2,2",50,probe,0.2720000147819519,1.0,0.30400002002716064,-0.03200000524520874,1.0,1.0,0.8729833310159544,0.8652666645745437,4,2
B211,B,17,42,4,"1,2,3",50,probe,0.20800000429153442,1.0,0.2800000011920929,-0.07199999690055847,1.0,1.0,0.8729833310159544,0.8652666645745437,4,2
B211,B,17,42,5,"1,2,4",50,probe,0.15200001001358032,1.0,0.1600000113248825,-0.008000001311302185,1.0,1.0,0.8729833310159544,0.8652666645745437,4,3
B211,B,17,42,6,"1,3,1",50,probe,0.1680000126361847,1.0,0.13600000739097595,0.03200000524520874,1.0,1.0,0.8729833310159544,0.8652666645745437,4,2
B211,B,17,42,7,"1,3,2",50,probe,0.1600000113248825,1.0,0.14400000870227814,0.01600000262260437,1.0,1.0,0.8729833310159544,0.8652666645745437,4,2
B211,B,17,42,8,"1,3,4",50,probe,0.13600000739097595,1.0,0.18400001525878906,-0.04800000786781311,1.0,1.0,0.8729833310159544,0.8652666645745437,4,2
B211,B,17,42,9,"1,4,1",50,probe,0.1680000126361847,1.0,0.23200000822544098,-0.06399999558925629,1.0,1.0,0.8729833310159544,0.8652666645745437,4,3
B211,B,17,42,0,"0,1,1",50,finetune,0.23200000822544098,1.0,0.12000000476837158,0.1120000034570694,1.0,1.0,0.8729833310159544,0.8652666645745437,4,2
B211,B,17,42,1,"1,1,3",50,finetune,0.20800000429153442,1.0,0.2160000056028366,-0.008000001311302185,1.0,1.0,0.8729833310159544,0.8652666645745437,4,2
B211,B,17,42,2,"1,1,4",50,finetune,0.5440000295639038,1.0,1.0,-0.4559999704360962,1.0,1.0,0.8729833310159544,0.8652666645745437,4,3
B211,B,17,42,3,"1,2,2",50,finetune,0.2639999985694885,1.0,0.2800000011920929,-0.01600000262260437,1.0,1.0,0.8729833310159544,0.8652666645745437,4,2
B211,B,17,42,4,"1,2,3",50,finetune,0.24800001084804535,1.0,0.23200000822544098,0.01600000262260437,1.0,1.0,0.8729833310159544,0.8652666645745437,4,2
B211,B,17,42,5,"1,2,4",50,finetune,0.14400000870227814,1.0,0.18400001525878906,-0.040000006556510925,1.0,1.0,0.8729833310159544,0.8652666645745437,4,3
B211,B,17,42,6,"1,3,1",50,finetune,0.1680000126361847,1.0,0.12800000607967377,0.040000006556510925,1.0,1.0,0.8729833310159544,0.8652666645745437,4,2
B211,B,17,42,7,"1,3,2",50,finetune,0.29600000381469727,1.0,0.1680000126361847,0.12799999117851257,1.0,1.0,0.8729833310159544,0.8652666645745437,4,2
B211,B,17,42,8,"1,3,4",50,finetune,0.13600000739097595,1.0,0.15200001001358032,-0.01600000262260437,1.0,1.0,0.8729833310159544,0.8652666645745437,4,2
B211,B,17,42,9,"1,4,1",50,finetune,0.23200000822544098,1.0,0.19200000166893005,0.040000006556510925,1.0,1.0,0.8729833310159544,0.8652666645745437,4,3
B211,B,17,101,0,"0,1,1",10,probe,0.2880000174045563,1.0,0.1680000126361847,0.12000000476837158,1.0,1.0,0.8777166643800834,0.8781166640110314,4,2
B211,B,17,101,1,"1,1,3",10,probe,0.20800000429153442,1.0,0.2160000056028366,-0.008000001311302185,1.0,1.0,0.8777166643800834,0.8781166640110314,4,2
B211,B,17,101,2,"1,1,4",10,probe,0.19200000166893005,1.0,0.7120000123977661,-0.5200000107288361,1.0,1.0,0.8777166643800834,0.8781166640110314,4,3
B211,B,17,101,3,"1,2,2",10,probe,0.2160000056028366,1.0,0.19200000166893005,0.024000003933906555,1.0,1.0,0.8777166643800834,0.8781166640110314,4,2
B211,B,17,101,4,"1,2,3",10,probe,0.1680000126361847,1.0,0.20800000429153442,-0.03999999165534973,1.0,1.0,0.8777166643800834,0.8781166640110314,4,2
B211,B,17,101,5,"1,2,4",10,probe,0.1600000113248825,1.0,0.15200001001358032,0.008000001311302185,1.0,1.0,0.8777166643800834,0.8781166640110314,4,3
B211,B,17,101,6,"1,3,1",10,probe,0.20800000429153442,1.0,0.14400000870227814,0.06399999558925629,1.0,1.0,0.8777166643800834,0.8781166640110314,4,2
B211,B,17,101,7,"1,3,2",10,probe,0.2160000056028366,1.0,0.1600000113248825,0.0559999942779541,1.0,1.0,0.8777166643800834,0.8781166640110314,4,2
B211,B,17,101,8,"1,3,4",10,probe,0.2160000056028366,1.0,0.24800001084804535,-0.03200000524520874,1.0,1.0,0.8777166643800834,0.8781166640110314,4,2
B211,B,17,101,9,"1,4,1",10,probe,0.15200001001358032,1.0,0.14400000870227814,0.008000001311302185,1.0,1.0,0.8777166643800834,0.8781166640110314,4,3
B211,B,17,101,0,"0,1,1",10,finetune,0.20000000298023224,1.0,0.1680000126361847,0.031999990344047546,1.0,1.0,0.8777166643800834,0.8781166640110314,4,2
B211,B,17,101,1,"1,1,3",10,finetune,0.20000000298023224,1.0,0.23200000822544098,-0.03200000524520874,1.0,1.0,0.8777166643800834,0.8781166640110314,4,2
B211,B,17,101,2,"1,1,4",10,finetune,0.2639999985694885,1.0,0.7760000228881836,-0.5120000243186951,1.0,1.0,0.8777166643800834,0.8781166640110314,4,3
B211,B,17,101,3,"1,2,2",10,finetune,0.1680000126361847,1.0,0.25600001215934753,-0.08799999952316284,1.0,1.0,0.8777166643800834,0.8781166640110314,4,2
B211,B,17,101,4,"1,2,3",10,finetune,0.20800000429153442,1.0,0.24800001084804535,-0.040000006556510925,1.0,1.0,0.8777166643800834,0.8781166640110314,4,2
B211,B,17,101,5,"1,2,4",10,finetune,0.15200001001358032,1.0,0.1600000113248825,-0.008000001311302185,1.0,1.0,0.8777166643800834,0.8781166640110314,4,3
B211,B,17,101,6,"1,3,1",10,finetune,0.20000000298023224,1.0,0.1680000126361847,0.031999990344047546,1.0,1.0,0.8777166643800834,0.8781166640110314,4,2
B211,B,17,101,7,"1,3,2",10,finetune,0.17600001394748688,1.0,0.15200001001358032,0.024000003933906555,1.0,1.0,0.8777166643800834,0.8781166640110314,4,2
B211,B,17,101,8,"1,3,4",10,finetune,0.1600000113248825,1.0,0.20800000429153442,-0.047999992966651917,1.0,1.0,0.8777166643800834,0.8781166640110314,4,2
B211,B,17,101,9,"1,4,1",10,finetune,0.1680000126361847,1.0,0.15200001001358032,0.01600000262260437,1.0,1.0,0.8777166643800834,0.8781166640110314,4,3
B211,B,17,101,0,"0,1,1",25,probe,0.2639999985694885,1.0,0.13600000739097595,0.12799999117851257,1.0,1.0,0.8777166643800834,0.8781166640110314,4,2
B211,B,17,101,1,"1,1,3",25,probe,0.2160000056028366,1.0,0.20800000429153442,0.008000001311302185,1.0,1.0,0.8777166643800834,0.8781166640110314,4,2
B211,B,17,101,2,"1,1,4",25,probe,0.2800000011920929,1.0,0.968000054359436,-0.6880000531673431,1.0,1.0,0.8777166643800834,0.8781166640110314,4,3
B211,B,17,101,3,"1,2,2",25,probe,0.24800001084804535,1.0,0.320000022649765,-0.07200001180171967,1.0,1.0,0.8777166643800834,0.8781166640110314,4,2
B211,B,17,101,4,"1,2,3",25,probe,0.19200000166893005,1.0,0.2639999985694885,-0.07199999690055847,1.0,1.0,0.8777166643800834,0.8781166640110314,4,2
B211,B,17,101,5,"1,2,4",25,probe,0.20000000298023224,1.0,0.18400001525878906,0.015999987721443176,1.0,1.0,0.8777166643800834,0.8781166640110314,4,3
B211,B,17,101,6,"1,3,1",25,probe,0.15200001001358032,1.0,0.1680000126361847,-0.01600000262260437,1.0,1.0,0.8777166643800834,0.8781166640110314,4,2
B211,B,17,101,7,"1,3,2",25,probe,0.20000000298023224,1.0,0.2160000056028366,-0.01600000262260437,1.0,1.0,0.8777166643800834,0.8781166640110314,4,2
B211,B,17,101,8,"1,3,4",25,probe,0.12800000607967377,1.0,0.12800000607967377,0.0,1.0,1.0,0.8777166643800834,0.8781166640110314,4,2
B211,B,17,101,9,"1,4,1",25,probe,0.19200000166893005,1.0,0.23200000822544098,-0.040000006556510925,1.0,1.0,0.8777166643800834,0.8781166640110314,4,3
B211,B,17,101,0,"0,1,1",25,finetune,0.17600001394748688,1.0,0.18400001525878906,-0.008000001311302185,1.0,1.0,0.8777166643800834,0.8781166640110314,4,2
B211,B,17,101,1,"1,1,3",25,finetune,0.2160000056028366,1.0,0.20000000298023224,0.01600000262260437,1.0,1.0,0.8777166643800834,0.8781166640110314,4,2
B211,B,17,101,2,"1,1,4",25,finetune,0.3840000033378601,1.0,0.9920000433921814,-0.6080000400543213,1.0,1.0,0.8777166643800834,0.8781166640110314,4,3
B211,B,17,101,3,"1,2,2",25,finetune,0.1680000126361847,1.0,0.320000022649765,-0.15200001001358032,1.0,1.0,0.8777166643800834,0.8781166640110314,4,2
B211,B,17,101,4,"1,2,3",25,finetune,0.17600001394748688,1.0,0.25600001215934753,-0.07999999821186066,1.0,1.0,0.8777166643800834,0.8781166640110314,4,2
B211,B,17,101,5,"1,2,4",25,finetune,0.12800000607967377,1.0,0.18400001525878906,-0.056000009179115295,1.0,1.0,0.8777166643800834,0.8781166640110314,4,3
B211,B,17,101,6,"1,3,1",25,finetune,0.12800000607967377,1.0,0.12800000607967377,0.0,1.0,1.0,0.8777166643800834,0.8781166640110314,4,2
B211,B,17,101,7,"1,3,2",25,finetune,0.18400001525878906,1.0,0.1680000126361847,0.01600000262260437,1.0,1.0,0.8777166643800834,0.8781166640110314,4,2
B211,B,17,101,8,"1,3,4",25,finetune,0.17600001394748688,1.0,0.13600000739097595,0.040000006556510925,1.0,1.0,0.8777166643800834,0.8781166640110314,4,2
B211,B,17,101,9,"1,4,1",25,finetune,0.2160000056028366,1.0,0.2160000056028366,0.0,1.0,1.0,0.8777166643800834,0.8781166640110314,4,3
B211,B,17,101,0,"0,1,1",50,probe,0.2639999985694885,1.0,0.13600000739097595,0.12799999117851257,1.0,1.0,0.8777166643800834,0.8781166640110314,4,2
B211,B,17,101,1,"1,1,3",50,probe,0.19200000166893005,1.0,0.20800000429153442,-0.01600000262260437,1.0,1.0,0.8777166643800834,0.8781166640110314,4,2
B211,B,17,101,2,"1,1,4",50,probe,0.2720000147819519,1.0,0.968000054359436,-0.6960000395774841,1.0,1.0,0.8777166643800834,0.8781166640110314,4,3
B211,B,17,101,3,"1,2,2",50,probe,0.2880000174045563,1.0,0.29600000381469727,-0.007999986410140991,1.0,1.0,0.8777166643800834,0.8781166640110314,4,2
B211,B,17,101,4,"1,2,3",50,probe,0.2160000056028366,1.0,0.24800001084804535,-0.03200000524520874,1.0,1.0,0.8777166643800834,0.8781166640110314,4,2
B211,B,17,101,5,"1,2,4",50,probe,0.20800000429153442,1.0,0.1680000126361847,0.03999999165534973,1.0,1.0,0.8777166643800834,0.8781166640110314,4,3
B211,B,17,101,6,"1,3,1",50,probe,0.14400000870227814,1.0,0.13600000739097595,0.008000001311302185,1.0,1.0,0.8777166643800834,0.8781166640110314,4,2
B211,B,17,101,7,"1,3,2",50,probe,0.2240000069141388,1.0,0.1600000113248825,0.06399999558925629,1.0,1.0,0.8777166643800834,0.8781166640110314,4,2
B211,B,17,101,8,"1,3,4",50,probe,0.1680000126361847,1.0,0.15200001001358032,0.01600000262260437,1.0,1.0,0.8777166643800834,0.8781166640110314,4,2
B211,B,17,101,9,"1,4,1",50,probe,0.2160000056028366,1.0,0.17600001394748688,0.03999999165534973,1.0,1.0,0.8777166643800834,0.8781166640110314,4,3
B211,B,17,101,0,"0,1,1",50,finetune,0.24800001084804535,1.0,0.12800000607967377,0.12000000476837158,1.0,1.0,0.8777166643800834,0.8781166640110314,4,2
B211,B,17,101,1,"1,1,3",50,finetune,0.1600000113248825,1.0,0.2160000056028366,-0.0559999942779541,1.0,1.0,0.8777166643800834,0.8781166640110314,4,2
B211,B,17,101,2,"1,1,4",50,finetune,0.6160000562667847,1.0,1.0,-0.38399994373321533,1.0,1.0,0.8777166643800834,0.8781166640110314,4,3
B211,B,17,101,3,"1,2,2",50,finetune,0.328000009059906,1.0,0.2720000147819519,0.0559999942779541,1.0,1.0,0.8777166643800834,0.8781166640110314,4,2
B211,B,17,101,4,"1,2,3",50,finetune,0.20800000429153442,1.0,0.24000000953674316,-0.03200000524520874,1.0,1.0,0.8777166643800834,0.8781166640110314,4,2
B211,B,17,101,5,"1,2,4",50,finetune,0.15200001001358032,1.0,0.12000000476837158,0.03200000524520874,1.0,1.0,0.8777166643800834,0.8781166640110314,4,3
B211,B,17,101,6,"1,3,1",50,finetune,0.08800000697374344,1.0,0.1120000034570694,-0.023999996483325958,1.0,1.0,0.8777166643800834,0.8781166640110314,4,2
B211,B,17,101,7,"1,3,2",50,finetune,0.1680000126361847,1.0,0.15200001001358032,0.01600000262260437,1.0,1.0,0.8777166643800834,0.8781166640110314,4,2
B211,B,17,101,8,"1,3,4",50,finetune,0.13600000739097595,1.0,0.14400000870227814,-0.008000001311302185,1.0,1.0,0.8777166643800834,0.8781166640110314,4,2
B211,B,17,101,9,"1,4,1",50,finetune,0.2240000069141388,1.0,0.18400001525878906,0.03999999165534973,1.0,1.0,0.8777166643800834,0.8781166640110314,4,3
B211,B,42,42,0,"0,1,1",10,probe,0.12800000607967377,1.0,0.1600000113248825,-0.03200000524520874,1.0,1.0,0.9064499990393718,0.9015666643778483,4,2
B211,B,42,42,1,"1,1,3",10,probe,0.12800000607967377,1.0,0.1680000126361847,-0.040000006556510925,1.0,1.0,0.9064499990393718,0.9015666643778483,4,2
B211,B,42,42,2,"1,1,4",10,probe,0.20000000298023224,1.0,0.15200001001358032,0.047999992966651917,1.0,1.0,0.9064499990393718,0.9015666643778483,4,3
B211,B,42,42,3,"1,2,2",10,probe,0.2240000069141388,1.0,0.14400000870227814,0.07999999821186066,1.0,1.0,0.9064499990393718,0.9015666643778483,4,2
B211,B,42,42,4,"1,2,3",10,probe,0.1600000113248825,1.0,0.14400000870227814,0.01600000262260437,1.0,1.0,0.9064499990393718,0.9015666643778483,4,2
B211,B,42,42,5,"1,2,4",10,probe,0.20000000298023224,1.0,0.15200001001358032,0.047999992966651917,1.0,1.0,0.9064499990393718,0.9015666643778483,4,3
B211,B,42,42,6,"1,3,1",10,probe,0.24000000953674316,1.0,0.6880000233650208,-0.4480000138282776,1.0,1.0,0.9064499990393718,0.9015666643778483,4,2
B211,B,42,42,7,"1,3,2",10,probe,0.20800000429153442,1.0,0.1600000113248825,0.047999992966651917,1.0,1.0,0.9064499990393718,0.9015666643778483,4,2
B211,B,42,42,8,"1,3,4",10,probe,0.2240000069141388,1.0,0.20000000298023224,0.024000003933906555,1.0,1.0,0.9064499990393718,0.9015666643778483,4,2
B211,B,42,42,9,"1,4,1",10,probe,0.1680000126361847,1.0,0.20000000298023224,-0.031999990344047546,1.0,1.0,0.9064499990393718,0.9015666643778483,4,3
B211,B,42,42,0,"0,1,1",10,finetune,0.14400000870227814,1.0,0.17600001394748688,-0.03200000524520874,1.0,1.0,0.9064499990393718,0.9015666643778483,4,2
B211,B,42,42,1,"1,1,3",10,finetune,0.14400000870227814,1.0,0.1600000113248825,-0.01600000262260437,1.0,1.0,0.9064499990393718,0.9015666643778483,4,2
B211,B,42,42,2,"1,1,4",10,finetune,0.17600001394748688,1.0,0.1120000034570694,0.06400001049041748,1.0,1.0,0.9064499990393718,0.9015666643778483,4,3
B211,B,42,42,3,"1,2,2",10,finetune,0.12000000476837158,1.0,0.18400001525878906,-0.06400001049041748,1.0,1.0,0.9064499990393718,0.9015666643778483,4,2
B211,B,42,42,4,"1,2,3",10,finetune,0.18400001525878906,1.0,0.14400000870227814,0.040000006556510925,1.0,1.0,0.9064499990393718,0.9015666643778483,4,2
B211,B,42,42,5,"1,2,4",10,finetune,0.15200001001358032,1.0,0.17600001394748688,-0.024000003933906555,1.0,1.0,0.9064499990393718,0.9015666643778483,4,3
B211,B,42,42,6,"1,3,1",10,finetune,0.3360000252723694,1.0,0.7280000448226929,-0.3920000195503235,1.0,1.0,0.9064499990393718,0.9015666643778483,4,2
B211,B,42,42,7,"1,3,2",10,finetune,0.20800000429153442,1.0,0.20800000429153442,0.0,1.0,1.0,0.9064499990393718,0.9015666643778483,4,2
B211,B,42,42,8,"1,3,4",10,finetune,0.29600000381469727,1.0,0.2160000056028366,0.07999999821186066,1.0,1.0,0.9064499990393718,0.9015666643778483,4,2
B211,B,42,42,9,"1,4,1",10,finetune,0.23200000822544098,1.0,0.20000000298023224,0.03200000524520874,1.0,1.0,0.9064499990393718,0.9015666643778483,4,3
B211,B,42,42,0,"0,1,1",25,probe,0.1680000126361847,1.0,0.19200000166893005,-0.02399998903274536,1.0,1.0,0.9064499990393718,0.9015666643778483,4,2
B211,B,42,42,1,"1,1,3",25,probe,0.1600000113248825,1.0,0.10400000214576721,0.056000009179115295,1.0,1.0,0.9064499990393718,0.9015666643778483,4,2
B211,B,42,42,2,"1,1,4",25,probe,0.18400001525878906,1.0,0.1680000126361847,0.01600000262260437,1.0,1.0,0.9064499990393718,0.9015666643778483,4,3
B211,B,42,42,3,"1,2,2",25,probe,0.17600001394748688,1.0,0.12000000476837158,0.056000009179115295,1.0,1.0,0.9064499990393718,0.9015666643778483,4,2
B211,B,42,42,4,"1,2,3",25,probe,0.17600001394748688,1.0,0.1680000126361847,0.008000001311302185,1.0,1.0,0.9064499990393718,0.9015666643778483,4,2
B211,B,42,42,5,"1,2,4",25,probe,0.19200000166893005,1.0,0.15200001001358032,0.03999999165534973,1.0,1.0,0.9064499990393718,0.9015666643778483,4,3
B211,B,42,42,6,"1,3,1",25,probe,0.31200000643730164,1.0,0.9520000219345093,-0.6400000154972076,1.0,1.0,0.9064499990393718,0.9015666643778483,4,2
B211,B,42,42,7,"1,3,2",25,probe,0.2639999985694885,1.0,0.18400001525878906,0.07999998331069946,1.0,1.0,0.9064499990393718,0.9015666643778483,4,2
B211,B,42,42,8,"1,3,4",25,probe,0.25600001215934753,1.0,0.2160000056028366,0.040000006556510925,1.0,1.0,0.9064499990393718,0.9015666643778483,4,2
B211,B,42,42,9,"1,4,1",25,probe,0.10400000214576721,1.0,0.14400000870227814,-0.040000006556510925,1.0,1.0,0.9064499990393718,0.9015666643778483,4,3
B211,B,42,42,0,"0,1,1",25,finetune,0.15200001001358032,1.0,0.24000000953674316,-0.08799999952316284,1.0,1.0,0.9064499990393718,0.9015666643778483,4,2
B211,B,42,42,1,"1,1,3",25,finetune,0.17600001394748688,1.0,0.10400000214576721,0.07200001180171967,1.0,1.0,0.9064499990393718,0.9015666643778483,4,2
B211,B,42,42,2,"1,1,4",25,finetune,0.12000000476837158,1.0,0.15200001001358032,-0.03200000524520874,1.0,1.0,0.9064499990393718,0.9015666643778483,4,3
B211,B,42,42,3,"1,2,2",25,finetune,0.20800000429153442,1.0,0.12000000476837158,0.08799999952316284,1.0,1.0,0.9064499990393718,0.9015666643778483,4,2
B211,B,42,42,4,"1,2,3",25,finetune,0.1680000126361847,1.0,0.1680000126361847,0.0,1.0,1.0,0.9064499990393718,0.9015666643778483,4,2
B211,B,42,42,5,"1,2,4",25,finetune,0.19200000166893005,1.0,0.13600000739097595,0.0559999942779541,1.0,1.0,0.9064499990393718,0.9015666643778483,4,3
B211,B,42,42,6,"1,3,1",25,finetune,0.5120000243186951,1.0,0.984000027179718,-0.47200000286102295,1.0,1.0,0.9064499990393718,0.9015666643778483,4,2
B211,B,42,42,7,"1,3,2",25,finetune,0.2240000069141388,1.0,0.19200000166893005,0.03200000524520874,1.0,1.0,0.9064499990393718,0.9015666643778483,4,2
B211,B,42,42,8,"1,3,4",25,finetune,0.3760000169277191,1.0,0.2240000069141388,0.15200001001358032,1.0,1.0,0.9064499990393718,0.9015666643778483,4,2
B211,B,42,42,9,"1,4,1",25,finetune,0.20000000298023224,1.0,0.15200001001358032,0.047999992966651917,1.0,1.0,0.9064499990393718,0.9015666643778483,4,3
B211,B,42,42,0,"0,1,1",50,probe,0.17600001394748688,1.0,0.18400001525878906,-0.008000001311302185,1.0,1.0,0.9064499990393718,0.9015666643778483,4,2
B211,B,42,42,1,"1,1,3",50,probe,0.24000000953674316,1.0,0.15200001001358032,0.08799999952316284,1.0,1.0,0.9064499990393718,0.9015666643778483,4,2
B211,B,42,42,2,"1,1,4",50,probe,0.14400000870227814,1.0,0.1600000113248825,-0.01600000262260437,1.0,1.0,0.9064499990393718,0.9015666643778483,4,3
B211,B,42,42,3,"1,2,2",50,probe,0.20000000298023224,1.0,0.13600000739097595,0.06399999558925629,1.0,1.0,0.9064499990393718,0.9015666643778483,4,2
B211,B,42,42,4,"1,2,3",50,probe,0.17600001394748688,1.0,0.25600001215934753,-0.07999999821186066,1.0,1.0,0.9064499990393718,0.9015666643778483,4,2
B211,B,42,42,5,"1,2,4",50,probe,0.12000000476837158,1.0,0.2160000056028366,-0.09600000083446503,1.0,1.0,0.9064499990393718,0.9015666643778483,4,3
B211,B,42,42,6,"1,3,1",50,probe,0.3360000252723694,1.0,1.0,-0.6639999747276306,1.0,1.0,0.9064499990393718,0.9015666643778483,4,2
B211,B,42,42,7,"1,3,2",50,probe,0.24800001084804535,1.0,0.19200000166893005,0.056000009179115295,1.0,1.0,0.9064499990393718,0.9015666643778483,4,2
B211,B,42,42,8,"1,3,4",50,probe,0.2639999985694885,1.0,0.31200000643730164,-0.04800000786781311,1.0,1.0,0.9064499990393718,0.9015666643778483,4,2
B211,B,42,42,9,"1,4,1",50,probe,0.18400001525878906,1.0,0.18400001525878906,0.0,1.0,1.0,0.9064499990393718,0.9015666643778483,4,3
B211,B,42,42,0,"0,1,1",50,finetune,0.09600000083446503,1.0,0.15200001001358032,-0.056000009179115295,1.0,1.0,0.9064499990393718,0.9015666643778483,4,2
B211,B,42,42,1,"1,1,3",50,finetune,0.13600000739097595,1.0,0.1600000113248825,-0.024000003933906555,1.0,1.0,0.9064499990393718,0.9015666643778483,4,2
B211,B,42,42,2,"1,1,4",50,finetune,0.12800000607967377,1.0,0.1680000126361847,-0.040000006556510925,1.0,1.0,0.9064499990393718,0.9015666643778483,4,3
B211,B,42,42,3,"1,2,2",50,finetune,0.13600000739097595,1.0,0.12800000607967377,0.008000001311302185,1.0,1.0,0.9064499990393718,0.9015666643778483,4,2
B211,B,42,42,4,"1,2,3",50,finetune,0.15200001001358032,1.0,0.24800001084804535,-0.09600000083446503,1.0,1.0,0.9064499990393718,0.9015666643778483,4,2
B211,B,42,42,5,"1,2,4",50,finetune,0.13600000739097595,1.0,0.17600001394748688,-0.040000006556510925,1.0,1.0,0.9064499990393718,0.9015666643778483,4,3
B211,B,42,42,6,"1,3,1",50,finetune,0.6800000071525574,1.0,1.0,-0.3199999928474426,1.0,1.0,0.9064499990393718,0.9015666643778483,4,2
B211,B,42,42,7,"1,3,2",50,finetune,0.2160000056028366,1.0,0.23200000822544098,-0.01600000262260437,1.0,1.0,0.9064499990393718,0.9015666643778483,4,2
B211,B,42,42,8,"1,3,4",50,finetune,0.527999997138977,1.0,0.35200002789497375,0.1759999692440033,1.0,1.0,0.9064499990393718,0.9015666643778483,4,2
B211,B,42,42,9,"1,4,1",50,finetune,0.20000000298023224,1.0,0.18400001525878906,0.015999987721443176,1.0,1.0,0.9064499990393718,0.9015666643778483,4,3
B211,B,42,101,0,"0,1,1",10,probe,0.18400001525878906,1.0,0.17600001394748688,0.008000001311302185,1.0,1.0,0.9094833329630395,0.9034499983924131,4,2
B211,B,42,101,1,"1,1,3",10,probe,0.12800000607967377,1.0,0.12000000476837158,0.008000001311302185,1.0,1.0,0.9094833329630395,0.9034499983924131,4,2
B211,B,42,101,2,"1,1,4",10,probe,0.1600000113248825,1.0,0.12000000476837158,0.040000006556510925,1.0,1.0,0.9094833329630395,0.9034499983924131,4,3
B211,B,42,101,3,"1,2,2",10,probe,0.1600000113248825,1.0,0.17600001394748688,-0.01600000262260437,1.0,1.0,0.9094833329630395,0.9034499983924131,4,2
B211,B,42,101,4,"1,2,3",10,probe,0.18400001525878906,1.0,0.18400001525878906,0.0,1.0,1.0,0.9094833329630395,0.9034499983924131,4,2
B211,B,42,101,5,"1,2,4",10,probe,0.18400001525878906,1.0,0.1600000113248825,0.024000003933906555,1.0,1.0,0.9094833329630395,0.9034499983924131,4,3
B211,B,42,101,6,"1,3,1",10,probe,0.18400001525878906,1.0,0.6480000019073486,-0.46399998664855957,1.0,1.0,0.9094833329630395,0.9034499983924131,4,2
B211,B,42,101,7,"1,3,2",10,probe,0.2160000056028366,1.0,0.20000000298023224,0.01600000262260437,1.0,1.0,0.9094833329630395,0.9034499983924131,4,2
B211,B,42,101,8,"1,3,4",10,probe,0.25600001215934753,1.0,0.17600001394748688,0.07999999821186066,1.0,1.0,0.9094833329630395,0.9034499983924131,4,2
B211,B,42,101,9,"1,4,1",10,probe,0.18400001525878906,1.0,0.20000000298023224,-0.015999987721443176,1.0,1.0,0.9094833329630395,0.9034499983924131,4,3
B211,B,42,101,0,"0,1,1",10,finetune,0.20000000298023224,1.0,0.19200000166893005,0.008000001311302185,1.0,1.0,0.9094833329630395,0.9034499983924131,4,2
B211,B,42,101,1,"1,1,3",10,finetune,0.20000000298023224,1.0,0.17600001394748688,0.02399998903274536,1.0,1.0,0.9094833329630395,0.9034499983924131,4,2
B211,B,42,101,2,"1,1,4",10,finetune,0.13600000739097595,1.0,0.1120000034570694,0.024000003933906555,1.0,1.0,0.9094833329630395,0.9034499983924131,4,3
B211,B,42,101,3,"1,2,2",10,finetune,0.17600001394748688,1.0,0.1680000126361847,0.008000001311302185,1.0,1.0,0.9094833329630395,0.9034499983924131,4,2
B211,B,42,101,4,"1,2,3",10,finetune,0.1680000126361847,1.0,0.18400001525878906,-0.01600000262260437,1.0,1.0,0.9094833329630395,0.9034499983924131,4,2
B211,B,42,101,5,"1,2,4",10,finetune,0.1680000126361847,1.0,0.14400000870227814,0.024000003933906555,1.0,1.0,0.9094833329630395,0.9034499983924131,4,3
B211,B,42,101,6,"1,3,1",10,finetune,0.3760000169277191,1.0,0.7440000176429749,-0.36800000071525574,1.0,1.0,0.9094833329630395,0.9034499983924131,4,2
B211,B,42,101,7,"1,3,2",10,finetune,0.12000000476837158,1.0,0.19200000166893005,-0.07199999690055847,1.0,1.0,0.9094833329630395,0.9034499983924131,4,2
B211,B,42,101,8,"1,3,4",10,finetune,0.30400002002716064,1.0,0.2240000069141388,0.08000001311302185,1.0,1.0,0.9094833329630395,0.9034499983924131,4,2
B211,B,42,101,9,"1,4,1",10,finetune,0.24000000953674316,1.0,0.19200000166893005,0.04800000786781311,1.0,1.0,0.9094833329630395,0.9034499983924131,4,3
B211,B,42,101,0,"0,1,1",25,probe,0.20000000298023224,1.0,0.24800001084804535,-0.04800000786781311,1.0,1.0,0.9094833329630395,0.9034499983924131,4,2
B211,B,42,101,1,"1,1,3",25,probe,0.20800000429153442,1.0,0.09600000083446503,0.1120000034570694,1.0,1.0,0.9094833329630395,0.9034499983924131,4,2
B211,B,42,101,2,"1,1,4",25,probe,0.12000000476837158,1.0,0.1600000113248825,-0.040000006556510925,1.0,1.0,0.9094833329630395,0.9034499983924131,4,3
B211,B,42,101,3,"1,2,2",25,probe,0.14400000870227814,1.0,0.1680000126361847,-0.024000003933906555,1.0,1.0,0.9094833329630395,0.9034499983924131,4,2
B211,B,42,101,4,"1,2,3",25,probe,0.17600001394748688,1.0,0.17600001394748688,0.0,1.0,1.0,0.9094833329630395,0.9034499983924131,4,2
B211,B,42,101,5,"1,2,4",25,probe,0.19200000166893005,1.0,0.13600000739097595,0.0559999942779541,1.0,1.0,0.9094833329630395,0.9034499983924131,4,3
B211,B,42,101,6,"1,3,1",25,probe,0.2720000147819519,1.0,0.8560000658035278,-0.5840000510215759,1.0,1.0,0.9094833329630395,0.9034499983924131,4,2
B211,B,42,101,7,"1,3,2",25,probe,0.18400001525878906,1.0,0.15200001001358032,0.03200000524520874,1.0,1.0,0.9094833329630395,0.9034499983924131,4,2
B211,B,42,101,8,"1,3,4",25,probe,0.320000022649765,1.0,0.23200000822544098,0.08800001442432404,1.0,1.0,0.9094833329630395,0.9034499983924131,4,2
B211,B,42,101,9,"1,4,1",25,probe,0.19200000166893005,1.0,0.20000000298023224,-0.008000001311302185,1.0,1.0,0.9094833329630395,0.9034499983924131,4,3
B211,B,42,101,0,"0,1,1",25,finetune,0.20800000429153442,1.0,0.20800000429153442,0.0,1.0,1.0,0.9094833329630395,0.9034499983924131,4,2
B211,B,42,101,1,"1,1,3",25,finetune,0.20800000429153442,1.0,0.10400000214576721,0.10400000214576721,1.0,1.0,0.9094833329630395,0.9034499983924131,4,2
B211,B,42,101,2,"1,1,4",25,finetune,0.1120000034570694,1.0,0.13600000739097595,-0.024000003933906555,1.0,1.0,0.9094833329630395,0.9034499983924131,4,3
B211,B,42,101,3,"1,2,2",25,finetune,0.1600000113248825,1.0,0.14400000870227814,0.01600000262260437,1.0,1.0,0.9094833329630395,0.9034499983924131,4,2
B211,B,42,101,4,"1,2,3",25,finetune,0.17600001394748688,1.0,0.17600001394748688,0.0,1.0,1.0,0.9094833329630395,0.9034499983924131,4,2
B211,B,42,101,5,"1,2,4",25,finetune,0.15200001001358032,1.0,0.14400000870227814,0.008000001311302185,1.0,1.0,0.9094833329630395,0.9034499983924131,4,3
B211,B,42,101,6,"1,3,1",25,finetune,0.4320000112056732,1.0,0.9440000653266907,-0.5120000541210175,1.0,1.0,0.9094833329630395,0.9034499983924131,4,2
B211,B,42,101,7,"1,3,2",25,finetune,0.20000000298023224,1.0,0.1600000113248825,0.03999999165534973,1.0,1.0,0.9094833329630395,0.9034499983924131,4,2
B211,B,42,101,8,"1,3,4",25,finetune,0.3920000195503235,1.0,0.20800000429153442,0.18400001525878906,1.0,1.0,0.9094833329630395,0.9034499983924131,4,2
B211,B,42,101,9,"1,4,1",25,finetune,0.1680000126361847,1.0,0.18400001525878906,-0.01600000262260437,1.0,1.0,0.9094833329630395,0.9034499983924131,4,3
B211,B,42,101,0,"0,1,1",50,probe,0.24800001084804535,1.0,0.14400000870227814,0.10400000214576721,1.0,1.0,0.9094833329630395,0.9034499983924131,4,2
B211,B,42,101,1,"1,1,3",50,probe,0.14400000870227814,1.0,0.15200001001358032,-0.008000001311302185,1.0,1.0,0.9094833329630395,0.9034499983924131,4,2
B211,B,42,101,2,"1,1,4",50,probe,0.12800000607967377,1.0,0.1680000126361847,-0.040000006556510925,1.0,1.0,0.9094833329630395,0.9034499983924131,4,3
B211,B,42,101,3,"1,2,2",50,probe,0.15200001001358032,1.0,0.19200000166893005,-0.03999999165534973,1.0,1.0,0.9094833329630395,0.9034499983924131,4,2
B211,B,42,101,4,"1,2,3",50,probe,0.13600000739097595,1.0,0.2639999985694885,-0.12799999117851257,1.0,1.0,0.9094833329630395,0.9034499983924131,4,2
B211,B,42,101,5,"1,2,4",50,probe,0.15200001001358032,1.0,0.18400001525878906,-0.03200000524520874,1.0,1.0,0.9094833329630395,0.9034499983924131,4,3
B211,B,42,101,6,"1,3,1",50,probe,0.31200000643730164,1.0,1.0,-0.6879999935626984,1.0,1.0,0.9094833329630395,0.9034499983924131,4,2
B211,B,42,101,7,"1,3,2",50,probe,0.24000000953674316,1.0,0.20800000429153442,0.03200000524520874,1.0,1.0,0.9094833329630395,0.9034499983924131,4,2
B211,B,42,101,8,"1,3,4",50,probe,0.24800001084804535,1.0,0.320000022649765,-0.07200001180171967,1.0,1.0,0.9094833329630395,0.9034499983924131,4,2
B211,B,42,101,9,"1,4,1",50,probe,0.17600001394748688,1.0,0.20000000298023224,-0.02399998903274536,1.0,1.0,0.9094833329630395,0.9034499983924131,4,3
B211,B,42,101,0,"0,1,1",50,finetune,0.12000000476837158,1.0,0.13600000739097595,-0.01600000262260437,1.0,1.0,0.9094833329630395,0.9034499983924131,4,2
B211,B,42,101,1,"1,1,3",50,finetune,0.1600000113248825,1.0,0.14400000870227814,0.01600000262260437,1.0,1.0,0.9094833329630395,0.9034499983924131,4,2
B211,B,42,101,2,"1,1,4",50,finetune,0.10400000214576721,1.0,0.18400001525878906,-0.08000001311302185,1.0,1.0,0.9094833329630395,0.9034499983924131,4,3
B211,B,42,101,3,"1,2,2",50,finetune,0.08000000566244125,1.0,0.14400000870227814,-0.06400000303983688,1.0,1.0,0.9094833329630395,0.9034499983924131,4,2
B211,B,42,101,4,"1,2,3",50,finetune,0.14400000870227814,1.0,0.24000000953674316,-0.09600000083446503,1.0,1.0,0.9094833329630395,0.9034499983924131,4,2
B211,B,42,101,5,"1,2,4",50,finetune,0.18400001525878906,1.0,0.18400001525878906,0.0,1.0,1.0,0.9094833329630395,0.9034499983924131,4,3
B211,B,42,101,6,"1,3,1",50,finetune,0.6960000395774841,1.0,1.0,-0.30399996042251587,1.0,1.0,0.9094833329630395,0.9034499983924131,4,2
B211,B,42,101,7,"1,3,2",50,finetune,0.24800001084804535,1.0,0.20800000429153442,0.040000006556510925,1.0,1.0,0.9094833329630395,0.9034499983924131,4,2
B211,B,42,101,8,"1,3,4",50,finetune,0.47200003266334534,1.0,0.3920000195503235,0.08000001311302185,1.0,1.0,0.9094833329630395,0.9034499983924131,4,2
B211,B,42,101,9,"1,4,1",50,finetune,0.1600000113248825,1.0,0.20000000298023224,-0.03999999165534973,1.0,1.0,0.9094833329630395,0.9034499983924131,4,3
B211,B,101,42,0,"0,1,1",10,probe,0.1600000113248825,1.0,0.20000000298023224,-0.03999999165534973,1.0,1.0,0.9092833325266838,0.8664333309667805,4,2
B211,B,101,42,1,"1,1,3",10,probe,0.20800000429153442,1.0,0.24000000953674316,-0.03200000524520874,1.0,1.0,0.9092833325266838,0.8664333309667805,4,2
B211,B,101,42,2,"1,1,4",10,probe,0.19200000166893005,1.0,0.2240000069141388,-0.03200000524520874,1.0,1.0,0.9092833325266838,0.8664333309667805,4,3
B211,B,101,42,3,"1,2,2",10,probe,0.2240000069141388,1.0,0.19200000166893005,0.03200000524520874,1.0,1.0,0.9092833325266838,0.8664333309667805,4,2
B211,B,101,42,4,"1,2,3",10,probe,0.1680000126361847,1.0,0.1680000126361847,0.0,1.0,1.0,0.9092833325266838,0.8664333309667805,4,2
B211,B,101,42,5,"1,2,4",10,probe,0.20000000298023224,1.0,0.2240000069141388,-0.024000003933906555,1.0,1.0,0.9092833325266838,0.8664333309667805,4,3
B211,B,101,42,6,"1,3,1",10,probe,0.23200000822544098,1.0,0.20000000298023224,0.03200000524520874,1.0,1.0,0.9092833325266838,0.8664333309667805,4,2
B211,B,101,42,7,"1,3,2",10,probe,0.23200000822544098,1.0,0.7520000338554382,-0.5200000256299973,1.0,1.0,0.9092833325266838,0.8664333309667805,4,2
B211,B,101,42,8,"1,3,4",10,probe,0.2800000011920929,1.0,0.1680000126361847,0.1119999885559082,1.0,1.0,0.9092833325266838,0.8664333309667805,4,2
B211,B,101,42,9,"1,4,1",10,probe,0.17600001394748688,1.0,0.1680000126361847,0.008000001311302185,1.0,1.0,0.9092833325266838,0.8664333309667805,4,3
B211,B,101,42,0,"0,1,1",10,finetune,0.23200000822544098,1.0,0.17600001394748688,0.0559999942779541,1.0,1.0,0.9092833325266838,0.8664333309667805,4,2
B211,B,101,42,1,"1,1,3",10,finetune,0.18400001525878906,1.0,0.23200000822544098,-0.047999992966651917,1.0,1.0,0.9092833325266838,0.8664333309667805,4,2
B211,B,101,42,2,"1,1,4",10,finetune,0.20800000429153442,1.0,0.23200000822544098,-0.024000003933906555,1.0,1.0,0.9092833325266838,0.8664333309667805,4,3
B211,B,101,42,3,"1,2,2",10,finetune,0.2240000069141388,1.0,0.17600001394748688,0.047999992966651917,1.0,1.0,0.9092833325266838,0.8664333309667805,4,2
B211,B,101,42,4,"1,2,3",10,finetune,0.18400001525878906,1.0,0.19200000166893005,-0.007999986410140991,1.0,1.0,0.9092833325266838,0.8664333309667805,4,2
B211,B,101,42,5,"1,2,4",10,finetune,0.23200000822544098,1.0,0.2240000069141388,0.008000001311302185,1.0,1.0,0.9092833325266838,0.8664333309667805,4,3
B211,B,101,42,6,"1,3,1",10,finetune,0.24800001084804535,1.0,0.20000000298023224,0.04800000786781311,1.0,1.0,0.9092833325266838,0.8664333309667805,4,2
B211,B,101,42,7,"1,3,2",10,finetune,0.3680000305175781,1.0,0.8160000443458557,-0.4480000138282776,1.0,1.0,0.9092833325266838,0.8664333309667805,4,2
B211,B,101,42,8,"1,3,4",10,finetune,0.24800001084804535,1.0,0.13600000739097595,0.1120000034570694,1.0,1.0,0.9092833325266838,0.8664333309667805,4,2
B211,B,101,42,9,"1,4,1",10,finetune,0.13600000739097595,1.0,0.1600000113248825,-0.024000003933906555,1.0,1.0,0.9092833325266838,0.8664333309667805,4,3
B211,B,101,42,0,"0,1,1",25,probe,0.1680000126361847,1.0,0.19200000166893005,-0.02399998903274536,1.0,1.0,0.9092833325266838,0.8664333309667805,4,2
B211,B,101,42,1,"1,1,3",25,probe,0.19200000166893005,1.0,0.25600001215934753,-0.06400001049041748,1.0,1.0,0.9092833325266838,0.8664333309667805,4,2
B211,B,101,42,2,"1,1,4",25,probe,0.23200000822544098,1.0,0.20800000429153442,0.024000003933906555,1.0,1.0,0.9092833325266838,0.8664333309667805,4,3
B211,B,101,42,3,"1,2,2",25,probe,0.15200001001358032,1.0,0.1680000126361847,-0.01600000262260437,1.0,1.0,0.9092833325266838,0.8664333309667805,4,2
B211,B,101,42,4,"1,2,3",25,probe,0.19200000166893005,1.0,0.18400001525878906,0.007999986410140991,1.0,1.0,0.9092833325266838,0.8664333309667805,4,2
B211,B,101,42,5,"1,2,4",25,probe,0.24800001084804535,1.0,0.20000000298023224,0.04800000786781311,1.0,1.0,0.9092833325266838,0.8664333309667805,4,3
B211,B,101,42,6,"1,3,1",25,probe,0.3680000305175781,1.0,0.2240000069141388,0.14400002360343933,1.0,1.0,0.9092833325266838,0.8664333309667805,4,2
B211,B,101,42,7,"1,3,2",25,probe,0.2880000174045563,1.0,0.9280000329017639,-0.6400000154972076,1.0,1.0,0.9092833325266838,0.8664333309667805,4,2
B211,B,101,42,8,"1,3,4",25,probe,0.24000000953674316,1.0,0.17600001394748688,0.06399999558925629,1.0,1.0,0.9092833325266838,0.8664333309667805,4,2
B211,B,101,42,9,"1,4,1",25,probe,0.23200000822544098,1.0,0.13600000739097595,0.09600000083446503,1.0,1.0,0.9092833325266838,0.8664333309667805,4,3
B211,B,101,42,0,"0,1,1",25,finetune,0.1680000126361847,1.0,0.17600001394748688,-0.008000001311302185,1.0,1.0,0.9092833325266838,0.8664333309667805,4,2
B211,B,101,42,1,"1,1,3",25,finetune,0.2160000056028366,1.0,0.23200000822544098,-0.01600000262260437,1.0,1.0,0.9092833325266838,0.8664333309667805,4,2
B211,B,101,42,2,"1,1,4",25,finetune,0.2240000069141388,1.0,0.20000000298023224,0.024000003933906555,1.0,1.0,0.9092833325266838,0.8664333309667805,4,3
B211,B,101,42,3,"1,2,2",25,finetune,0.1680000126361847,1.0,0.1600000113248825,0.008000001311302185,1.0,1.0,0.9092833325266838,0.8664333309667805,4,2
B211,B,101,42,4,"1,2,3",25,finetune,0.12800000607967377,1.0,0.17600001394748688,-0.04800000786781311,1.0,1.0,0.9092833325266838,0.8664333309667805,4,2
B211,B,101,42,5,"1,2,4",25,finetune,0.20800000429153442,1.0,0.23200000822544098,-0.024000003933906555,1.0,1.0,0.9092833325266838,0.8664333309667805,4,3
B211,B,101,42,6,"1,3,1",25,finetune,0.31200000643730164,1.0,0.20800000429153442,0.10400000214576721,1.0,1.0,0.9092833325266838,0.8664333309667805,4,2
B211,B,101,42,7,"1,3,2",25,finetune,0.4240000247955322,1.0,0.984000027179718,-0.5600000023841858,1.0,1.0,0.9092833325266838,0.8664333309667805,4,2
B211,B,101,42,8,"1,3,4",25,finetune,0.20800000429153442,1.0,0.1600000113248825,0.047999992966651917,1.0,1.0,0.9092833325266838,0.8664333309667805,4,2
B211,B,101,42,9,"1,4,1",25,finetune,0.15200001001358032,1.0,0.13600000739097595,0.01600000262260437,1.0,1.0,0.9092833325266838,0.8664333309667805,4,3
B211,B,101,42,0,"0,1,1",50,probe,0.19200000166893005,1.0,0.20800000429153442,-0.01600000262260437,1.0,1.0,0.9092833325266838,0.8664333309667805,4,2
B211,B,101,42,1,"1,1,3",50,probe,0.17600001394748688,1.0,0.23200000822544098,-0.0559999942779541,1.0,1.0,0.9092833325266838,0.8664333309667805,4,2
B211,B,101,42,2,"1,1,4",50,probe,0.1680000126361847,1.0,0.1120000034570694,0.056000009179115295,1.0,1.0,0.9092833325266838,0.8664333309667805,4,3
B211,B,101,42,3,"1,2,2",50,probe,0.20800000429153442,1.0,0.10400000214576721,0.10400000214576721,1.0,1.0,0.9092833325266838,0.8664333309667805,4,2
B211,B,101,42,4,"1,2,3",50,probe,0.19200000166893005,1.0,0.1600000113248825,0.031999990344047546,1.0,1.0,0.9092833325266838,0.8664333309667805,4,2
B211,B,101,42,5,"1,2,4",50,probe,0.2240000069141388,1.0,0.1600000113248825,0.06399999558925629,1.0,1.0,0.9092833325266838,0.8664333309667805,4,3
B211,B,101,42,6,"1,3,1",50,probe,0.4240000247955322,1.0,0.17600001394748688,0.24800001084804535,1.0,1.0,0.9092833325266838,0.8664333309667805,4,2
B211,B,101,42,7,"1,3,2",50,probe,0.35200002789497375,1.0,1.0,-0.6479999721050262,1.0,1.0,0.9092833325266838,0.8664333309667805,4,2
B211,B,101,42,8,"1,3,4",50,probe,0.20800000429153442,1.0,0.1600000113248825,0.047999992966651917,1.0,1.0,0.9092833325266838,0.8664333309667805,4,2
B211,B,101,42,9,"1,4,1",50,probe,0.1680000126361847,1.0,0.14400000870227814,0.024000003933906555,1.0,1.0,0.9092833325266838,0.8664333309667805,4,3
B211,B,101,42,0,"0,1,1",50,finetune,0.14400000870227814,1.0,0.1680000126361847,-0.024000003933906555,1.0,1.0,0.9092833325266838,0.8664333309667805,4,2
B211,B,101,42,1,"1,1,3",50,finetune,0.20000000298023224,1.0,0.23200000822544098,-0.03200000524520874,1.0,1.0,0.9092833325266838,0.8664333309667805,4,2
B211,B,101,42,2,"1,1,4",50,finetune,0.15200001001358032,1.0,0.12000000476837158,0.03200000524520874,1.0,1.0,0.9092833325266838,0.8664333309667805,4,3
B211,B,101,42,3,"1,2,2",50,finetune,0.12800000607967377,1.0,0.10400000214576721,0.024000003933906555,1.0,1.0,0.9092833325266838,0.8664333309667805,4,2
B211,B,101,42,4,"1,2,3",50,finetune,0.14400000870227814,1.0,0.20800000429153442,-0.06399999558925629,1.0,1.0,0.9092833325266838,0.8664333309667805,4,2
B211,B,101,42,5,"1,2,4",50,finetune,0.19200000166893005,1.0,0.17600001394748688,0.015999987721443176,1.0,1.0,0.9092833325266838,0.8664333309667805,4,3
B211,B,101,42,6,"1,3,1",50,finetune,0.3440000116825104,1.0,0.15200001001358032,0.19200000166893005,1.0,1.0,0.9092833325266838,0.8664333309667805,4,2
B211,B,101,42,7,"1,3,2",50,finetune,0.6720000505447388,1.0,1.0,-0.32799994945526123,1.0,1.0,0.9092833325266838,0.8664333309667805,4,2
B211,B,101,42,8,"1,3,4",50,finetune,0.18400001525878906,1.0,0.1600000113248825,0.024000003933906555,1.0,1.0,0.9092833325266838,0.8664333309667805,4,2
B211,B,101,42,9,"1,4,1",50,finetune,0.1120000034570694,1.0,0.15200001001358032,-0.040000006556510925,1.0,1.0,0.9092833325266838,0.8664333309667805,4,3
B211,B,101,101,0,"0,1,1",10,probe,0.1680000126361847,1.0,0.14400000870227814,0.024000003933906555,1.0,1.0,0.9187166652021309,0.8748666636335354,4,2
B211,B,101,101,1,"1,1,3",10,probe,0.1680000126361847,1.0,0.2720000147819519,-0.10400000214576721,1.0,1.0,0.9187166652021309,0.8748666636335354,4,2
B211,B,101,101,2,"1,1,4",10,probe,0.20800000429153442,1.0,0.19200000166893005,0.01600000262260437,1.0,1.0,0.9187166652021309,0.8748666636335354,4,3
B211,B,101,101,3,"1,2,2",10,probe,0.19200000166893005,1.0,0.19200000166893005,0.0,1.0,1.0,0.9187166652021309,0.8748666636335354,4,2
B211,B,101,101,4,"1,2,3",10,probe,0.1680000126361847,1.0,0.17600001394748688,-0.008000001311302185,1.0,1.0,0.9187166652021309,0.8748666636335354,4,2
B211,B,101,101,5,"1,2,4",10,probe,0.1680000126361847,1.0,0.25600001215934753,-0.08799999952316284,1.0,1.0,0.9187166652021309,0.8748666636335354,4,3
B211,B,101,101,6,"1,3,1",10,probe,0.47200003266334534,1.0,0.2240000069141388,0.24800002574920654,1.0,1.0,0.9187166652021309,0.8748666636335354,4,2
B211,B,101,101,7,"1,3,2",10,probe,0.24000000953674316,1.0,0.8400000333786011,-0.6000000238418579,1.0,1.0,0.9187166652021309,0.8748666636335354,4,2
B211,B,101,101,8,"1,3,4",10,probe,0.24800001084804535,1.0,0.15200001001358032,0.09600000083446503,1.0,1.0,0.9187166652021309,0.8748666636335354,4,2
B211,B,101,101,9,"1,4,1",10,probe,0.1600000113248825,1.0,0.18400001525878906,-0.024000003933906555,1.0,1.0,0.9187166652021309,0.8748666636335354,4,3
B211,B,101,101,0,"0,1,1",10,finetune,0.2160000056028366,1.0,0.20800000429153442,0.008000001311302185,1.0,1.0,0.9187166652021309,0.8748666636335354,4,2
B211,B,101,101,1,"1,1,3",10,finetune,0.20800000429153442,1.0,0.2240000069141388,-0.01600000262260437,1.0,1.0,0.9187166652021309,0.8748666636335354,4,2
B211,B,101,101,2,"1,1,4",10,finetune,0.2240000069141388,1.0,0.2160000056028366,0.008000001311302185,1.0,1.0,0.9187166652021309,0.8748666636335354,4,3
B211,B,101,101,3,"1,2,2",10,finetune,0.2160000056028366,1.0,0.18400001525878906,0.031999990344047546,1.0,1.0,0.9187166652021309,0.8748666636335354,4,2
B211,B,101,101,4,"1,2,3",10,finetune,0.1680000126361847,1.0,0.14400000870227814,0.024000003933906555,1.0,1.0,0.9187166652021309,0.8748666636335354,4,2
B211,B,101,101,5,"1,2,4",10,finetune,0.1600000113248825,1.0,0.24800001084804535,-0.08799999952316284,1.0,1.0,0.9187166652021309,0.8748666636335354,4,3
B211,B,101,101,6,"1,3,1",10,finetune,0.4000000059604645,1.0,0.2160000056028366,0.18400000035762787,1.0,1.0,0.9187166652021309,0.8748666636335354,4,2
B211,B,101,101,7,"1,3,2",10,finetune,0.3360000252723694,1.0,0.8240000605583191,-0.4880000352859497,1.0,1.0,0.9187166652021309,0.8748666636335354,4,2
B211,B,101,101,8,"1,3,4",10,finetune,0.20000000298023224,1.0,0.15200001001358032,0.047999992966651917,1.0,1.0,0.9187166652021309,0.8748666636335354,4,2
B211,B,101,101,9,"1,4,1",10,finetune,0.17600001394748688,1.0,0.1600000113248825,0.01600000262260437,1.0,1.0,0.9187166652021309,0.8748666636335354,4,3
B211,B,101,101,0,"0,1,1",25,probe,0.2160000056028366,1.0,0.1600000113248825,0.0559999942779541,1.0,1.0,0.9187166652021309,0.8748666636335354,4,2
B211,B,101,101,1,"1,1,3",25,probe,0.24000000953674316,1.0,0.24800001084804535,-0.008000001311302185,1.0,1.0,0.9187166652021309,0.8748666636335354,4,2
B211,B,101,101,2,"1,1,4",25,probe,0.19200000166893005,1.0,0.20800000429153442,-0.01600000262260437,1.0,1.0,0.9187166652021309,0.8748666636335354,4,3
B211,B,101,101,3,"1,2,2",25,probe,0.20800000429153442,1.0,0.15200001001358032,0.0559999942779541,1.0,1.0,0.9187166652021309,0.8748666636335354,4,2
B211,B,101,101,4,"1,2,3",25,probe,0.17600001394748688,1.0,0.20000000298023224,-0.02399998903274536,1.0,1.0,0.9187166652021309,0.8748666636335354,4,2
B211,B,101,101,5,"1,2,4",25,probe,0.24000000953674316,1.0,0.2240000069141388,0.01600000262260437,1.0,1.0,0.9187166652021309,0.8748666636335354,4,3
B211,B,101,101,6,"1,3,1",25,probe,0.46400001645088196,1.0,0.2240000069141388,0.24000000953674316,1.0,1.0,0.9187166652021309,0.8748666636335354,4,2
B211,B,101,101,7,"1,3,2",25,probe,0.3680000305175781,1.0,0.9600000381469727,-0.5920000076293945,1.0,1.0,0.9187166652021309,0.8748666636335354,4,2
B211,B,101,101,8,"1,3,4",25,probe,0.2720000147819519,1.0,0.17600001394748688,0.09600000083446503,1.0,1.0,0.9187166652021309,0.8748666636335354,4,2
B211,B,101,101,9,"1,4,1",25,probe,0.2160000056028366,1.0,0.14400000870227814,0.07199999690055847,1.0,1.0,0.9187166652021309,0.8748666636335354,4,3
B211,B,101,101,0,"0,1,1",25,finetune,0.17600001394748688,1.0,0.18400001525878906,-0.008000001311302185,1.0,1.0,0.9187166652021309,0.8748666636335354,4,2
B211,B,101,101,1,"1,1,3",25,finetune,0.19200000166893005,1.0,0.23200000822544098,-0.040000006556510925,1.0,1.0,0.9187166652021309,0.8748666636335354,4,2
B211,B,101,101,2,"1,1,4",25,finetune,0.17600001394748688,1.0,0.2160000056028366,-0.03999999165534973,1.0,1.0,0.9187166652021309,0.8748666636335354,4,3
B211,B,101,101,3,"1,2,2",25,finetune,0.18400001525878906,1.0,0.17600001394748688,0.008000001311302185,1.0,1.0,0.9187166652021309,0.8748666636335354,4,2
B211,B,101,101,4,"1,2,3",25,finetune,0.15200001001358032,1.0,0.20000000298023224,-0.047999992966651917,1.0,1.0,0.9187166652021309,0.8748666636335354,4,2
B211,B,101,101,5,"1,2,4",25,finetune,0.19200000166893005,1.0,0.25600001215934753,-0.06400001049041748,1.0,1.0,0.9187166652021309,0.8748666636335354,4,3
B211,B,101,101,6,"1,3,1",25,finetune,0.4320000112056732,1.0,0.20800000429153442,0.2240000069141388,1.0,1.0,0.9187166652021309,0.8748666636335354,4,2
B211,B,101,101,7,"1,3,2",25,finetune,0.4240000247955322,1.0,0.984000027179718,-0.5600000023841858,1.0,1.0,0.9187166652021309,0.8748666636335354,4,2
B211,B,101,101,8,"1,3,4",25,finetune,0.20000000298023224,1.0,0.14400000870227814,0.0559999942779541,1.0,1.0,0.9187166652021309,0.8748666636335354,4,2
B211,B,101,101,9,"1,4,1",25,finetune,0.1600000113248825,1.0,0.12800000607967377,0.03200000524520874,1.0,1.0,0.9187166652021309,0.8748666636335354,4,3
B211,B,101,101,0,"0,1,1",50,probe,0.25600001215934753,1.0,0.1680000126361847,0.08799999952316284,1.0,1.0,0.9187166652021309,0.8748666636335354,4,2
B211,B,101,101,1,"1,1,3",50,probe,0.18400001525878906,1.0,0.20800000429153442,-0.02399998903274536,1.0,1.0,0.9187166652021309,0.8748666636335354,4,2
B211,B,101,101,2,"1,1,4",50,probe,0.1600000113248825,1.0,0.19200000166893005,-0.031999990344047546,1.0,1.0,0.9187166652021309,0.8748666636335354,4,3
B211,B,101,101,3,"1,2,2",50,probe,0.2160000056028366,1.0,0.14400000870227814,0.07199999690055847,1.0,1.0,0.9187166652021309,0.8748666636335354,4,2
B211,B,101,101,4,"1,2,3",50,probe,0.20800000429153442,1.0,0.19200000166893005,0.01600000262260437,1.0,1.0,0.9187166652021309,0.8748666636335354,4,2
B211,B,101,101,5,"1,2,4",50,probe,0.25600001215934753,1.0,0.17600001394748688,0.07999999821186066,1.0,1.0,0.9187166652021309,0.8748666636335354,4,3
B211,B,101,101,6,"1,3,1",50,probe,0.6080000400543213,1.0,0.15200001001358032,0.45600003004074097,1.0,1.0,0.9187166652021309,0.8748666636335354,4,2
B211,B,101,101,7,"1,3,2",50,probe,0.4000000059604645,1.0,0.9920000433921814,-0.5920000374317169,1.0,1.0,0.9187166652021309,0.8748666636335354,4,2
B211,B,101,101,8,"1,3,4",50,probe,0.2160000056028366,1.0,0.17600001394748688,0.03999999165534973,1.0,1.0,0.9187166652021309,0.8748666636335354,4,2
B211,B,101,101,9,"1,4,1",50,probe,0.2240000069141388,1.0,0.1680000126361847,0.0559999942779541,1.0,1.0,0.9187166652021309,0.8748666636335354,4,3
B211,B,101,101,0,"0,1,1",50,finetune,0.17600001394748688,1.0,0.17600001394748688,0.0,1.0,1.0,0.9187166652021309,0.8748666636335354,4,2
B211,B,101,101,1,"1,1,3",50,finetune,0.14400000870227814,1.0,0.20000000298023224,-0.0559999942779541,1.0,1.0,0.9187166652021309,0.8748666636335354,4,2
B211,B,101,101,2,"1,1,4",50,finetune,0.09600000083446503,1.0,0.15200001001358032,-0.056000009179115295,1.0,1.0,0.9187166652021309,0.8748666636335354,4,3
B211,B,101,101,3,"1,2,2",50,finetune,0.15200001001358032,1.0,0.08800000697374344,0.06400000303983688,1.0,1.0,0.9187166652021309,0.8748666636335354,4,2
B211,B,101,101,4,"1,2,3",50,finetune,0.15200001001358032,1.0,0.20800000429153442,-0.0559999942779541,1.0,1.0,0.9187166652021309,0.8748666636335354,4,2
B211,B,101,101,5,"1,2,4",50,finetune,0.12800000607967377,1.0,0.20800000429153442,-0.07999999821186066,1.0,1.0,0.9187166652021309,0.8748666636335354,4,3
B211,B,101,101,6,"1,3,1",50,finetune,0.4320000112056732,1.0,0.12000000476837158,0.31200000643730164,1.0,1.0,0.9187166652021309,0.8748666636335354,4,2
B211,B,101,101,7,"1,3,2",50,finetune,0.64000004529953,1.0,1.0,-0.35999995470046997,1.0,1.0,0.9187166652021309,0.8748666636335354,4,2
B211,B,101,101,8,"1,3,4",50,finetune,0.24000000953674316,1.0,0.1680000126361847,0.07199999690055847,1.0,1.0,0.9187166652021309,0.8748666636335354,4,2
B211,B,101,101,9,"1,4,1",50,finetune,0.15200001001358032,1.0,0.1600000113248825,-0.008000001311302185,1.0,1.0,0.9187166652021309,0.8748666636335354,4,3
