group,world_seed,model_seed,target_id,budget,target_composition_size,source_gate_passed,mode,accuracy,support_accuracy,tuple_seen_fraction,chosen_subset_size,prediction_outcome,source_final_accuracy,source_auc,source_physical_complexity,target_character_energy_fraction,oracle_subset_lookup_expected_accuracy
M2,101,17,0,25,2,True,linear,0.17600001394748688,1.0,,,0.0,1.0,0.9199599981307983,3.0,0.00030653175337434855,0.7324894089285108
M2,101,17,0,25,2,True,mlp,0.20800000429153442,1.0,,,0.031999990344047546,1.0,0.9199599981307983,3.0,0.00030653175337434855,0.7324894089285108
M2,101,17,0,25,2,True,categorical_subset,0.672,,0.608,2,0.672,1.0,0.9199599981307983,3.0,0.00030653175337434855,0.7324894089285108
M2,101,17,0,50,2,True,linear,0.12000000476837158,1.0,,,0.0,1.0,0.9199599981307983,3.0,0.00030653175337434855,0.9151339579808615
M2,101,17,0,50,2,True,mlp,0.13600000739097595,1.0,,,0.008000001311302185,1.0,0.9199599981307983,3.0,0.00030653175337434855,0.9151339579808615
M2,101,17,0,50,2,True,categorical_subset,0.92,,0.88,2,0.92,1.0,0.9199599981307983,3.0,0.00030653175337434855,0.9151339579808615
M2,101,17,1,25,3,True,linear,0.13600000739097595,1.0,,,-0.03200000524520874,1.0,0.9199599981307983,3.0,0.000508494636221779,0.32284075972383636
M2,101,17,1,25,3,True,mlp,0.1600000113248825,1.0,,,0.03200000524520874,1.0,0.9199599981307983,3.0,0.000508494636221779,0.32284075972383636
M2,101,17,1,25,3,True,categorical_subset,0.304,,0.12,3,0.304,1.0,0.9199599981307983,3.0,0.000508494636221779,0.32284075972383636
M2,101,17,1,50,3,True,linear,0.19200000166893005,1.0,,,0.0559999942779541,1.0,0.9199599981307983,3.0,0.000508494636221779,0.4309606682520273
M2,101,17,1,50,3,True,mlp,0.17600001394748688,1.0,,,0.040000006556510925,1.0,0.9199599981307983,3.0,0.000508494636221779,0.4309606682520273
M2,101,17,1,50,3,True,categorical_subset,0.408,,0.264,3,0.408,1.0,0.9199599981307983,3.0,0.000508494636221779,0.4309606682520273
M2,101,17,2,25,3,True,linear,0.13600000739097595,1.0,,,-0.03200000524520874,1.0,0.9199599981307983,3.0,0.0032477346442008016,0.32284075972383636
M2,101,17,2,25,3,True,mlp,0.17600001394748688,1.0,,,0.008000001311302185,1.0,0.9199599981307983,3.0,0.0032477346442008016,0.32284075972383636
M2,101,17,2,25,3,True,categorical_subset,0.32,,0.144,3,0.32,1.0,0.9199599981307983,3.0,0.0032477346442008016,0.32284075972383636
M2,101,17,2,50,3,True,linear,0.1600000113248825,1.0,,,0.024000003933906555,1.0,0.9199599981307983,3.0,0.0032477346442008016,0.4309606682520273
M2,101,17,2,50,3,True,mlp,0.20000000298023224,1.0,,,0.015999987721443176,1.0,0.9199599981307983,3.0,0.0032477346442008016,0.4309606682520273
M2,101,17,2,50,3,True,categorical_subset,0.44,,0.288,3,0.44,1.0,0.9199599981307983,3.0,0.0032477346442008016,0.4309606682520273
M2,101,17,3,25,2,True,linear,0.19200000166893005,1.0,,,0.007999986410140991,1.0,0.9199599981307983,3.0,0.002262385364521914,0.7324894089285108
M2,101,17,3,25,2,True,mlp,0.18400001525878906,1.0,,,0.008000001311302185,1.0,0.9199599981307983,3.0,0.002262385364521914,0.7324894089285108
M2,101,17,3,25,2,True,categorical_subset,0.76,,0.68,2,0.76,1.0,0.9199599981307983,3.0,0.002262385364521914,0.7324894089285108
M2,101,17,3,50,2,True,linear,0.18400001525878906,1.0,,,0.0,1.0,0.9199599981307983,3.0,0.002262385364521914,0.9151339579808615
M2,101,17,3,50,2,True,mlp,0.18400001525878906,1.0,,,-0.031999990344047546,1.0,0.9199599981307983,3.0,0.002262385364521914,0.9151339579808615
M2,101,17,3,50,2,True,categorical_subset,0.912,,0.872,2,0.912,1.0,0.9199599981307983,3.0,0.002262385364521914,0.9151339579808615
M2,101,17,4,25,3,True,linear,0.20000000298023224,1.0,,,0.02399998903274536,1.0,0.9199599981307983,3.0,0.00030257850589342043,0.32284075972383636
M2,101,17,4,25,3,True,mlp,0.20000000298023224,1.0,,,0.03999999165534973,1.0,0.9199599981307983,3.0,0.00030257850589342043,0.32284075972383636
M2,101,17,4,25,3,True,categorical_subset,0.384,,0.208,3,0.384,1.0,0.9199599981307983,3.0,0.00030257850589342043,0.32284075972383636
M2,101,17,4,50,3,True,linear,0.1600000113248825,1.0,,,0.008000001311302185,1.0,0.9199599981307983,3.0,0.00030257850589342043,0.4309606682520273
M2,101,17,4,50,3,True,mlp,0.18400001525878906,1.0,,,0.024000003933906555,1.0,0.9199599981307983,3.0,0.00030257850589342043,0.4309606682520273
M2,101,17,4,50,3,True,categorical_subset,0.52,,0.376,3,0.52,1.0,0.9199599981307983,3.0,0.00030257850589342043,0.4309606682520273
M2,101,17,5,25,3,True,linear,0.2160000056028366,1.0,,,0.0559999942779541,1.0,0.9199599981307983,3.0,0.004962292878768853,0.32284075972383636
M2,101,17,5,25,3,True,mlp,0.18400001525878906,1.0,,,0.0,1.0,0.9199599981307983,3.0,0.004962292878768853,0.32284075972383636
M2,101,17,5,25,3,True,categorical_subset,0.312,,0.128,3,0.312,1.0,0.9199599981307983,3.0,0.004962292878768853,0.32284075972383636
M2,101,17,5,50,3,True,linear,0.17600001394748688,1.0,,,0.01600000262260437,1.0,0.9199599981307983,3.0,0.004962292878768853,0.4309606682520273
M2,101,17,5,50,3,True,mlp,0.17600001394748688,1.0,,,0.024000003933906555,1.0,0.9199599981307983,3.0,0.004962292878768853,0.4309606682520273
M2,101,17,5,50,3,True,categorical_subset,0.464,,0.296,3,0.464,1.0,0.9199599981307983,3.0,0.004962292878768853,0.4309606682520273
M2,101,17,6,25,4,True,linear,0.15200001001358032,1.0,,,-0.008000001311302185,1.0,0.9199599981307983,3.0,0.0005618937749645224,0.2
M2,101,17,6,25,4,True,mlp,0.12800000607967377,1.0,,,-0.008000001311302185,1.0,0.9199599981307983,3.0,0.0005618937749645224,0.2
M2,101,17,6,25,4,True,categorical_subset,0.152,,0.128,3,0.152,1.0,0.9199599981307983,3.0,0.0005618937749645224,0.2
M2,101,17,6,50,4,True,linear,0.12800000607967377,1.0,,,0.01600000262260437,1.0,0.9199599981307983,3.0,0.0005618937749645224,0.2
M2,101,17,6,50,4,True,mlp,0.10400000214576721,1.0,,,0.008000001311302185,1.0,0.9199599981307983,3.0,0.0005618937749645224,0.2
M2,101,17,6,50,4,True,categorical_subset,0.2,,0.0,4,0.2,1.0,0.9199599981307983,3.0,0.0005618937749645224,0.2
M2,101,17,7,25,3,True,linear,0.18400001525878906,1.0,,,0.03200000524520874,1.0,0.9199599981307983,3.0,0.005729853090936239,0.32284075972383636
M2,101,17,7,25,3,True,mlp,0.15200001001358032,1.0,,,-0.008000001311302185,1.0,0.9199599981307983,3.0,0.005729853090936239,0.32284075972383636
M2,101,17,7,25,3,True,categorical_subset,0.344,,0.184,3,0.344,1.0,0.9199599981307983,3.0,0.005729853090936239,0.32284075972383636
M2,101,17,7,50,3,True,linear,0.2240000069141388,1.0,,,0.0559999942779541,1.0,0.9199599981307983,3.0,0.005729853090936239,0.4309606682520273
M2,101,17,7,50,3,True,mlp,0.15200001001358032,1.0,,,0.03200000524520874,1.0,0.9199599981307983,3.0,0.005729853090936239,0.4309606682520273
M2,101,17,7,50,3,True,categorical_subset,0.464,,0.328,3,0.464,1.0,0.9199599981307983,3.0,0.005729853090936239,0.4309606682520273
P,101,101,0,25,2,True,linear,0.12800000607967377,1.0,,,-0.01600000262260437,1.0,0.9215199992060661,3.25,0.0013609177254169818,0.7324894089285108
P,101,101,0,25,2,True,mlp,0.13600000739097595,1.0,,,0.01600000262260437,1.0,0.9215199992060661,3.25,0.0013609177254169818,0.7324894089285108
P,101,101,0,25,2,True,categorical_subset,0.672,,0.608,2,0.672,1.0,0.9215199992060661,3.25,0.0013609177254169818,0.7324894089285108
P,101,101,0,50,2,True,linear,0.13600000739097595,1.0,,,0.03200000524520874,1.0,0.9215199992060661,3.25,0.0013609177254169818,0.9151339579808615
P,101,101,0,50,2,True,mlp,0.13600000739097595,1.0,,,0.040000006556510925,1.0,0.9215199992060661,3.25,0.0013609177254169818,0.9151339579808615
P,101,101,0,50,2,True,categorical_subset,0.92,,0.88,2,0.92,1.0,0.9215199992060661,3.25,0.0013609177254169818,0.9151339579808615
P,101,101,1,25,2,True,linear,0.20000000298023224,1.0,,,0.03999999165534973,1.0,0.9215199992060661,3.25,0.0012217430978897275,0.7324894089285108
P,101,101,1,25,2,True,mlp,0.24800001084804535,1.0,,,0.12000000476837158,1.0,0.9215199992060661,3.25,0.0012217430978897275,0.7324894089285108
P,101,101,1,25,2,True,categorical_subset,0.712,,0.64,2,0.712,1.0,0.9215199992060661,3.25,0.0012217430978897275,0.7324894089285108
P,101,101,1,50,2,True,linear,0.20000000298023224,1.0,,,0.047999992966651917,1.0,0.9215199992060661,3.25,0.0012217430978897275,0.9151339579808615
P,101,101,1,50,2,True,mlp,0.2160000056028366,1.0,,,0.12000000476837158,1.0,0.9215199992060661,3.25,0.0012217430978897275,0.9151339579808615
P,101,101,1,50,2,True,categorical_subset,0.936,,0.864,2,0.936,1.0,0.9215199992060661,3.25,0.0012217430978897275,0.9151339579808615
P,101,101,2,25,3,True,linear,0.23200000822544098,1.0,,,0.03200000524520874,1.0,0.9215199992060661,3.25,0.0029808235599072578,0.32284075972383636
P,101,101,2,25,3,True,mlp,0.19200000166893005,1.0,,,0.031999990344047546,1.0,0.9215199992060661,3.25,0.0029808235599072578,0.32284075972383636
P,101,101,2,25,3,True,categorical_subset,0.32,,0.144,3,0.32,1.0,0.9215199992060661,3.25,0.0029808235599072578,0.32284075972383636
P,101,101,2,50,3,True,linear,0.15200001001358032,1.0,,,-0.03200000524520874,1.0,0.9215199992060661,3.25,0.0029808235599072578,0.4309606682520273
P,101,101,2,50,3,True,mlp,0.1680000126361847,1.0,,,-0.008000001311302185,1.0,0.9215199992060661,3.25,0.0029808235599072578,0.4309606682520273
P,101,101,2,50,3,True,categorical_subset,0.44,,0.288,3,0.44,1.0,0.9215199992060661,3.25,0.0029808235599072578,0.4309606682520273
P,101,101,3,25,3,True,linear,0.17600001394748688,1.0,,,0.01600000262260437,1.0,0.9215199992060661,3.25,0.00627431287688745,0.32284075972383636
P,101,101,3,25,3,True,mlp,0.19200000166893005,1.0,,,0.0559999942779541,1.0,0.9215199992060661,3.25,0.00627431287688745,0.32284075972383636
P,101,101,3,25,3,True,categorical_subset,0.288,,0.088,3,0.288,1.0,0.9215199992060661,3.25,0.00627431287688745,0.32284075972383636
P,101,101,3,50,3,True,linear,0.18400001525878906,1.0,,,-0.015999987721443176,1.0,0.9215199992060661,3.25,0.00627431287688745,0.4309606682520273
P,101,101,3,50,3,True,mlp,0.20000000298023224,1.0,,,-0.01600000262260437,1.0,0.9215199992060661,3.25,0.00627431287688745,0.4309606682520273
P,101,101,3,50,3,True,categorical_subset,0.392,,0.224,3,0.392,1.0,0.9215199992060661,3.25,0.00627431287688745,0.4309606682520273
P,101,101,4,25,3,True,linear,0.23200000822544098,1.0,,,0.07199999690055847,1.0,0.9215199992060661,3.25,0.0010224955485915567,0.32284075972383636
P,101,101,4,25,3,True,mlp,0.15200001001358032,1.0,,,0.0,1.0,0.9215199992060661,3.25,0.0010224955485915567,0.32284075972383636
P,101,101,4,25,3,True,categorical_subset,0.384,,0.208,3,0.384,1.0,0.9215199992060661,3.25,0.0010224955485915567,0.32284075972383636
P,101,101,4,50,3,True,linear,0.1680000126361847,1.0,,,0.04800000786781311,1.0,0.9215199992060661,3.25,0.0010224955485915567,0.4309606682520273
P,101,101,4,50,3,True,mlp,0.23200000822544098,1.0,,,0.08799999952316284,1.0,0.9215199992060661,3.25,0.0010224955485915567,0.4309606682520273
P,101,101,4,50,3,True,categorical_subset,0.52,,0.376,3,0.52,1.0,0.9215199992060661,3.25,0.0010224955485915567,0.4309606682520273
P,101,101,5,25,3,True,linear,0.2639999985694885,1.0,,,0.09599998593330383,1.0,0.9215199992060661,3.25,0.0036271458639430256,0.32284075972383636
P,101,101,5,25,3,True,mlp,0.2240000069141388,1.0,,,0.06399999558925629,1.0,0.9215199992060661,3.25,0.0036271458639430256,0.32284075972383636
P,101,101,5,25,3,True,categorical_subset,0.312,,0.128,3,0.312,1.0,0.9215199992060661,3.25,0.0036271458639430256,0.32284075972383636
P,101,101,5,50,3,True,linear,0.2240000069141388,1.0,,,0.0559999942779541,1.0,0.9215199992060661,3.25,0.0036271458639430256,0.4309606682520273
P,101,101,5,50,3,True,mlp,0.2160000056028366,1.0,,,0.03999999165534973,1.0,0.9215199992060661,3.25,0.0036271458639430256,0.4309606682520273
P,101,101,5,50,3,True,categorical_subset,0.464,,0.296,3,0.464,1.0,0.9215199992060661,3.25,0.0036271458639430256,0.4309606682520273
P,101,101,6,25,4,True,linear,0.12800000607967377,1.0,,,-0.024000003933906555,1.0,0.9215199992060661,3.25,0.001315471027563896,0.2
P,101,101,6,25,4,True,mlp,0.15200001001358032,1.0,,,0.03200000524520874,1.0,0.9215199992060661,3.25,0.001315471027563896,0.2
P,101,101,6,25,4,True,categorical_subset,0.152,,0.128,3,0.152,1.0,0.9215199992060661,3.25,0.001315471027563896,0.2
P,101,101,6,50,4,True,linear,0.17600001394748688,1.0,,,0.04800000786781311,1.0,0.9215199992060661,3.25,0.001315471027563896,0.2
P,101,101,6,50,4,True,mlp,0.08000000566244125,1.0,,,-0.008000001311302185,1.0,0.9215199992060661,3.25,0.001315471027563896,0.2
P,101,101,6,50,4,True,categorical_subset,0.2,,0.0,4,0.2,1.0,0.9215199992060661,3.25,0.001315471027563896,0.2
P,101,101,7,25,4,True,linear,0.19200000166893005,1.0,,,0.007999986410140991,1.0,0.9215199992060661,3.25,0.007989595072971145,0.2
P,101,101,7,25,4,True,mlp,0.20800000429153442,1.0,,,0.07999999821186066,1.0,0.9215199992060661,3.25,0.007989595072971145,0.2
P,101,101,7,25,4,True,categorical_subset,0.16,,0.208,3,0.16,1.0,0.9215199992060661,3.25,0.007989595072971145,0.2
P,101,101,7,50,4,True,linear,0.2880000174045563,1.0,,,0.17600001394748688,1.0,0.9215199992060661,3.25,0.007989595072971145,0.2
P,101,101,7,50,4,True,mlp,0.23200000822544098,1.0,,,0.09600000083446503,1.0,0.9215199992060661,3.25,0.007989595072971145,0.2
P,101,101,7,50,4,True,categorical_subset,0.2,,0.0,4,0.2,1.0,0.9215199992060661,3.25,0.007989595072971145,0.2
M1,42,17,0,25,2,True,linear,0.18400001525878906,1.0,,,0.008000001311302185,1.0,0.9205999985337258,3.0,0.0023950869535939133,0.7324894089285108
M1,42,17,0,25,2,True,mlp,0.2160000056028366,1.0,,,0.0559999942779541,1.0,0.9205999985337258,3.0,0.0023950869535939133,0.7324894089285108
M1,42,17,0,25,2,True,categorical_subset,0.696,,0.6,2,0.696,1.0,0.9205999985337258,3.0,0.0023950869535939133,0.7324894089285108
M1,42,17,0,50,2,True,linear,0.15200001001358032,1.0,,,-0.01600000262260437,1.0,0.9205999985337258,3.0,0.0023950869535939133,0.9151339579808615
M1,42,17,0,50,2,True,mlp,0.23200000822544098,1.0,,,0.08799999952316284,1.0,0.9205999985337258,3.0,0.0023950869535939133,0.9151339579808615
M1,42,17,0,50,2,True,categorical_subset,0.872,,0.872,2,0.872,1.0,0.9205999985337258,3.0,0.0023950869535939133,0.9151339579808615
M1,42,17,1,25,3,True,linear,0.14400000870227814,1.0,,,-0.01600000262260437,1.0,0.9205999985337258,3.0,0.0033159346239881042,0.32284075972383636
M1,42,17,1,25,3,True,mlp,0.1680000126361847,1.0,,,-0.03999999165534973,1.0,0.9205999985337258,3.0,0.0033159346239881042,0.32284075972383636
M1,42,17,1,25,3,True,categorical_subset,0.312,,0.152,3,0.312,1.0,0.9205999985337258,3.0,0.0033159346239881042,0.32284075972383636
M1,42,17,1,50,3,True,linear,0.19200000166893005,1.0,,,-0.06400001049041748,1.0,0.9205999985337258,3.0,0.0033159346239881042,0.4309606682520273
M1,42,17,1,50,3,True,mlp,0.19200000166893005,1.0,,,-0.06400001049041748,1.0,0.9205999985337258,3.0,0.0033159346239881042,0.4309606682520273
M1,42,17,1,50,3,True,categorical_subset,0.44,,0.312,3,0.44,1.0,0.9205999985337258,3.0,0.0033159346239881042,0.4309606682520273
M1,42,17,2,25,2,True,linear,0.19200000166893005,1.0,,,-0.01600000262260437,1.0,0.9205999985337258,3.0,0.0010367989771485333,0.7324894089285108
M1,42,17,2,25,2,True,mlp,0.19200000166893005,1.0,,,0.015999987721443176,1.0,0.9205999985337258,3.0,0.0010367989771485333,0.7324894089285108
M1,42,17,2,25,2,True,categorical_subset,0.84,,0.736,2,0.84,1.0,0.9205999985337258,3.0,0.0010367989771485333,0.7324894089285108
M1,42,17,2,50,2,True,linear,0.18400001525878906,1.0,,,0.03200000524520874,1.0,0.9205999985337258,3.0,0.0010367989771485333,0.9151339579808615
M1,42,17,2,50,2,True,mlp,0.25600001215934753,1.0,,,0.12800000607967377,1.0,0.9205999985337258,3.0,0.0010367989771485333,0.9151339579808615
M1,42,17,2,50,2,True,categorical_subset,0.952,,0.952,2,0.952,1.0,0.9205999985337258,3.0,0.0010367989771485333,0.9151339579808615
M1,42,17,3,25,3,True,linear,0.1600000113248825,1.0,,,0.04800000786781311,1.0,0.9205999985337258,3.0,0.0013799289196340014,0.32284075972383636
M1,42,17,3,25,3,True,mlp,0.18400001525878906,1.0,,,0.056000009179115295,1.0,0.9205999985337258,3.0,0.0013799289196340014,0.32284075972383636
M1,42,17,3,25,3,True,categorical_subset,0.288,,0.136,3,0.288,1.0,0.9205999985337258,3.0,0.0013799289196340014,0.32284075972383636
M1,42,17,3,50,3,True,linear,0.12800000607967377,1.0,,,-0.04800000786781311,1.0,0.9205999985337258,3.0,0.0013799289196340014,0.4309606682520273
M1,42,17,3,50,3,True,mlp,0.14400000870227814,1.0,,,0.03200000524520874,1.0,0.9205999985337258,3.0,0.0013799289196340014,0.4309606682520273
M1,42,17,3,50,3,True,categorical_subset,0.376,,0.24,3,0.376,1.0,0.9205999985337258,3.0,0.0013799289196340014,0.4309606682520273
M1,42,17,4,25,3,True,linear,0.1680000126361847,1.0,,,-0.07199999690055847,1.0,0.9205999985337258,3.0,0.0028201774461957614,0.32284075972383636
M1,42,17,4,25,3,True,mlp,0.12800000607967377,1.0,,,-0.23200000822544098,1.0,0.9205999985337258,3.0,0.0028201774461957614,0.32284075972383636
M1,42,17,4,25,3,True,categorical_subset,0.304,,0.128,3,0.304,1.0,0.9205999985337258,3.0,0.0028201774461957614,0.32284075972383636
M1,42,17,4,50,3,True,linear,0.20000000298023224,1.0,,,-0.09600000083446503,1.0,0.9205999985337258,3.0,0.0028201774461957614,0.4309606682520273
M1,42,17,4,50,3,True,mlp,0.19200000166893005,1.0,,,-0.30400002002716064,1.0,0.9205999985337258,3.0,0.0028201774461957614,0.4309606682520273
M1,42,17,4,50,3,True,categorical_subset,0.368,,0.216,3,0.368,1.0,0.9205999985337258,3.0,0.0028201774461957614,0.4309606682520273
M1,42,17,5,25,3,True,linear,0.17600001394748688,1.0,,,0.0,1.0,0.9205999985337258,3.0,0.0024951822902881853,0.32284075972383636
M1,42,17,5,25,3,True,mlp,0.15200001001358032,1.0,,,0.008000001311302185,1.0,0.9205999985337258,3.0,0.0024951822902881853,0.32284075972383636
M1,42,17,5,25,3,True,categorical_subset,0.304,,0.192,3,0.304,1.0,0.9205999985337258,3.0,0.0024951822902881853,0.32284075972383636
M1,42,17,5,50,3,True,linear,0.23200000822544098,1.0,,,0.07199999690055847,1.0,0.9205999985337258,3.0,0.0024951822902881853,0.4309606682520273
M1,42,17,5,50,3,True,mlp,0.19200000166893005,1.0,,,0.07199999690055847,1.0,0.9205999985337258,3.0,0.0024951822902881853,0.4309606682520273
M1,42,17,5,50,3,True,categorical_subset,0.416,,0.312,3,0.416,1.0,0.9205999985337258,3.0,0.0024951822902881853,0.4309606682520273
M1,42,17,6,25,3,True,linear,0.25600001215934753,1.0,,,0.040000006556510925,1.0,0.9205999985337258,3.0,0.0029228787772876052,0.32284075972383636
M1,42,17,6,25,3,True,mlp,0.2240000069141388,1.0,,,0.047999992966651917,1.0,0.9205999985337258,3.0,0.0029228787772876052,0.32284075972383636
M1,42,17,6,25,3,True,categorical_subset,0.384,,0.224,3,0.384,1.0,0.9205999985337258,3.0,0.0029228787772876052,0.32284075972383636
M1,42,17,6,50,3,True,linear,0.17600001394748688,1.0,,,-0.031999990344047546,1.0,0.9205999985337258,3.0,0.0029228787772876052,0.4309606682520273
M1,42,17,6,50,3,True,mlp,0.18400001525878906,1.0,,,-0.015999987721443176,1.0,0.9205999985337258,3.0,0.0029228787772876052,0.4309606682520273
M1,42,17,6,50,3,True,categorical_subset,0.496,,0.384,3,0.496,1.0,0.9205999985337258,3.0,0.0029228787772876052,0.4309606682520273
M1,42,17,7,25,4,True,linear,0.19200000166893005,1.0,,,-0.07199999690055847,1.0,0.9205999985337258,3.0,0.0016026792490563134,0.2
M1,42,17,7,25,4,True,mlp,0.17600001394748688,1.0,,,-0.10399998724460602,1.0,0.9205999985337258,3.0,0.0016026792490563134,0.2
M1,42,17,7,25,4,True,categorical_subset,0.2,,0.0,4,0.2,1.0,0.9205999985337258,3.0,0.0016026792490563134,0.2
M1,42,17,7,50,4,True,linear,0.2160000056028366,1.0,,,0.01600000262260437,1.0,0.9205999985337258,3.0,0.0016026792490563134,0.2
M1,42,17,7,50,4,True,mlp,0.19200000166893005,1.0,,,0.015999987721443176,1.0,0.9205999985337258,3.0,0.0016026792490563134,0.2
M1,42,17,7,50,4,True,categorical_subset,0.2,,0.0,4,0.2,1.0,0.9205999985337258,3.0,0.0016026792490563134,0.2
M2,101,42,0,25,2,True,linear,0.17600001394748688,1.0,,,-0.02399998903274536,1.0,0.9200000002980232,3.0,0.0006713982495095202,0.7324894089285108
M2,101,42,0,25,2,True,mlp,0.14400000870227814,1.0,,,0.01600000262260437,1.0,0.9200000002980232,3.0,0.0006713982495095202,0.7324894089285108
M2,101,42,0,25,2,True,categorical_subset,0.672,,0.608,2,0.672,1.0,0.9200000002980232,3.0,0.0006713982495095202,0.7324894089285108
M2,101,42,0,50,2,True,linear,0.17600001394748688,1.0,,,-0.015999987721443176,1.0,0.9200000002980232,3.0,0.0006713982495095202,0.9151339579808615
M2,101,42,0,50,2,True,mlp,0.15200001001358032,1.0,,,0.04800000786781311,1.0,0.9200000002980232,3.0,0.0006713982495095202,0.9151339579808615
M2,101,42,0,50,2,True,categorical_subset,0.92,,0.88,2,0.92,1.0,0.9200000002980232,3.0,0.0006713982495095202,0.9151339579808615
M2,101,42,1,25,3,True,linear,0.19200000166893005,1.0,,,0.047999992966651917,1.0,0.9200000002980232,3.0,0.0005508144584028427,0.32284075972383636
M2,101,42,1,25,3,True,mlp,0.18400001525878906,1.0,,,0.040000006556510925,1.0,0.9200000002980232,3.0,0.0005508144584028427,0.32284075972383636
M2,101,42,1,25,3,True,categorical_subset,0.304,,0.12,3,0.304,1.0,0.9200000002980232,3.0,0.0005508144584028427,0.32284075972383636
M2,101,42,1,50,3,True,linear,0.1680000126361847,1.0,,,0.04800000786781311,1.0,0.9200000002980232,3.0,0.0005508144584028427,0.4309606682520273
M2,101,42,1,50,3,True,mlp,0.19200000166893005,1.0,,,0.0559999942779541,1.0,0.9200000002980232,3.0,0.0005508144584028427,0.4309606682520273
M2,101,42,1,50,3,True,categorical_subset,0.408,,0.264,3,0.408,1.0,0.9200000002980232,3.0,0.0005508144584028427,0.4309606682520273
M2,101,42,2,25,3,True,linear,0.2160000056028366,1.0,,,0.031999990344047546,1.0,0.9200000002980232,3.0,0.00310430731144167,0.32284075972383636
M2,101,42,2,25,3,True,mlp,0.2160000056028366,1.0,,,0.07999999821186066,1.0,0.9200000002980232,3.0,0.00310430731144167,0.32284075972383636
M2,101,42,2,25,3,True,categorical_subset,0.32,,0.144,3,0.32,1.0,0.9200000002980232,3.0,0.00310430731144167,0.32284075972383636
M2,101,42,2,50,3,True,linear,0.2160000056028366,1.0,,,0.024000003933906555,1.0,0.9200000002980232,3.0,0.00310430731144167,0.4309606682520273
M2,101,42,2,50,3,True,mlp,0.2160000056028366,1.0,,,0.08799999952316284,1.0,0.9200000002980232,3.0,0.00310430731144167,0.4309606682520273
M2,101,42,2,50,3,True,categorical_subset,0.44,,0.288,3,0.44,1.0,0.9200000002980232,3.0,0.00310430731144167,0.4309606682520273
M2,101,42,3,25,2,True,linear,0.18400001525878906,1.0,,,0.01600000262260437,1.0,0.9200000002980232,3.0,0.0025258795771833224,0.7324894089285108
M2,101,42,3,25,2,True,mlp,0.12800000607967377,1.0,,,-0.07199999690055847,1.0,0.9200000002980232,3.0,0.0025258795771833224,0.7324894089285108
M2,101,42,3,25,2,True,categorical_subset,0.76,,0.68,2,0.76,1.0,0.9200000002980232,3.0,0.0025258795771833224,0.7324894089285108
M2,101,42,3,50,2,True,linear,0.14400000870227814,1.0,,,-0.07199999690055847,1.0,0.9200000002980232,3.0,0.0025258795771833224,0.9151339579808615
M2,101,42,3,50,2,True,mlp,0.2160000056028366,1.0,,,0.024000003933906555,1.0,0.9200000002980232,3.0,0.0025258795771833224,0.9151339579808615
M2,101,42,3,50,2,True,categorical_subset,0.912,,0.872,2,0.912,1.0,0.9200000002980232,3.0,0.0025258795771833224,0.9151339579808615
M2,101,42,4,25,3,True,linear,0.15200001001358032,1.0,,,0.008000001311302185,1.0,0.9200000002980232,3.0,0.00029762666697029946,0.32284075972383636
M2,101,42,4,25,3,True,mlp,0.19200000166893005,1.0,,,0.0559999942779541,1.0,0.9200000002980232,3.0,0.00029762666697029946,0.32284075972383636
M2,101,42,4,25,3,True,categorical_subset,0.384,,0.208,3,0.384,1.0,0.9200000002980232,3.0,0.00029762666697029946,0.32284075972383636
M2,101,42,4,50,3,True,linear,0.20800000429153442,1.0,,,0.10400000214576721,1.0,0.9200000002980232,3.0,0.00029762666697029946,0.4309606682520273
M2,101,42,4,50,3,True,mlp,0.1680000126361847,1.0,,,0.040000006556510925,1.0,0.9200000002980232,3.0,0.00029762666697029946,0.4309606682520273
M2,101,42,4,50,3,True,categorical_subset,0.52,,0.376,3,0.52,1.0,0.9200000002980232,3.0,0.00029762666697029946,0.4309606682520273
M2,101,42,5,25,3,True,linear,0.1600000113248825,1.0,,,-0.01600000262260437,1.0,0.9200000002980232,3.0,0.003415726049949546,0.32284075972383636
M2,101,42,5,25,3,True,mlp,0.13600000739097595,1.0,,,-0.024000003933906555,1.0,0.9200000002980232,3.0,0.003415726049949546,0.32284075972383636
M2,101,42,5,25,3,True,categorical_subset,0.312,,0.128,3,0.312,1.0,0.9200000002980232,3.0,0.003415726049949546,0.32284075972383636
M2,101,42,5,50,3,True,linear,0.1600000113248825,1.0,,,-0.008000001311302185,1.0,0.9200000002980232,3.0,0.003415726049949546,0.4309606682520273
M2,101,42,5,50,3,True,mlp,0.17600001394748688,1.0,,,0.040000006556510925,1.0,0.9200000002980232,3.0,0.003415726049949546,0.4309606682520273
M2,101,42,5,50,3,True,categorical_subset,0.464,,0.296,3,0.464,1.0,0.9200000002980232,3.0,0.003415726049949546,0.4309606682520273
M2,101,42,6,25,4,True,linear,0.14400000870227814,1.0,,,-0.03200000524520874,1.0,0.9200000002980232,3.0,0.0004865164614776726,0.2
M2,101,42,6,25,4,True,mlp,0.15200001001358032,1.0,,,-0.024000003933906555,1.0,0.9200000002980232,3.0,0.0004865164614776726,0.2
M2,101,42,6,25,4,True,categorical_subset,0.152,,0.128,3,0.152,1.0,0.9200000002980232,3.0,0.0004865164614776726,0.2
M2,101,42,6,50,4,True,linear,0.13600000739097595,1.0,,,0.008000001311302185,1.0,0.9200000002980232,3.0,0.0004865164614776726,0.2
M2,101,42,6,50,4,True,mlp,0.1600000113248825,1.0,,,0.040000006556510925,1.0,0.9200000002980232,3.0,0.0004865164614776726,0.2
M2,101,42,6,50,4,True,categorical_subset,0.2,,0.0,4,0.2,1.0,0.9200000002980232,3.0,0.0004865164614776726,0.2
M2,101,42,7,25,3,True,linear,0.20800000429153442,1.0,,,0.008000001311302185,1.0,0.9200000002980232,3.0,0.004836181771788054,0.32284075972383636
M2,101,42,7,25,3,True,mlp,0.20000000298023224,1.0,,,0.031999990344047546,1.0,0.9200000002980232,3.0,0.004836181771788054,0.32284075972383636
M2,101,42,7,25,3,True,categorical_subset,0.344,,0.184,3,0.344,1.0,0.9200000002980232,3.0,0.004836181771788054,0.32284075972383636
M2,101,42,7,50,3,True,linear,0.20800000429153442,1.0,,,0.008000001311302185,1.0,0.9200000002980232,3.0,0.004836181771788054,0.4309606682520273
M2,101,42,7,50,3,True,mlp,0.25600001215934753,1.0,,,0.10400000214576721,1.0,0.9200000002980232,3.0,0.004836181771788054,0.4309606682520273
M2,101,42,7,50,3,True,categorical_subset,0.464,,0.328,3,0.464,1.0,0.9200000002980232,3.0,0.004836181771788054,0.4309606682520273
M1,101,17,0,25,2,True,linear,0.1680000126361847,1.0,,,-0.008000001311302185,1.0,0.9199999988079071,3.0,0.0002991965012399197,0.7324894089285108
M1,101,17,0,25,2,True,mlp,0.18400001525878906,1.0,,,0.008000001311302185,1.0,0.9199999988079071,3.0,0.0002991965012399197,0.7324894089285108
M1,101,17,0,25,2,True,categorical_subset,0.672,,0.608,2,0.672,1.0,0.9199999988079071,3.0,0.0002991965012399197,0.7324894089285108
M1,101,17,0,50,2,True,linear,0.17600001394748688,1.0,,,0.056000009179115295,1.0,0.9199999988079071,3.0,0.0002991965012399197,0.9151339579808615
M1,101,17,0,50,2,True,mlp,0.19200000166893005,1.0,,,0.06399999558925629,1.0,0.9199999988079071,3.0,0.0002991965012399197,0.9151339579808615
M1,101,17,0,50,2,True,categorical_subset,0.92,,0.88,2,0.92,1.0,0.9199999988079071,3.0,0.0002991965012399197,0.9151339579808615
M1,101,17,1,25,3,True,linear,0.20800000429153442,1.0,,,0.03999999165534973,1.0,0.9199999988079071,3.0,0.00041326059903282685,0.32284075972383636
M1,101,17,1,25,3,True,mlp,0.14400000870227814,1.0,,,0.01600000262260437,1.0,0.9199999988079071,3.0,0.00041326059903282685,0.32284075972383636
M1,101,17,1,25,3,True,categorical_subset,0.304,,0.12,3,0.304,1.0,0.9199999988079071,3.0,0.00041326059903282685,0.32284075972383636
M1,101,17,1,50,3,True,linear,0.2240000069141388,1.0,,,0.08799999952316284,1.0,0.9199999988079071,3.0,0.00041326059903282685,0.4309606682520273
M1,101,17,1,50,3,True,mlp,0.19200000166893005,1.0,,,0.0559999942779541,1.0,0.9199999988079071,3.0,0.00041326059903282685,0.4309606682520273
M1,101,17,1,50,3,True,categorical_subset,0.408,,0.264,3,0.408,1.0,0.9199999988079071,3.0,0.00041326059903282685,0.4309606682520273
M1,101,17,2,25,2,True,linear,0.1600000113248825,1.0,,,-0.008000001311302185,1.0,0.9199999988079071,3.0,0.0014506864604125558,0.7324894089285108
M1,101,17,2,25,2,True,mlp,0.19200000166893005,1.0,,,0.02399998903274536,1.0,0.9199999988079071,3.0,0.0014506864604125558,0.7324894089285108
M1,101,17,2,25,2,True,categorical_subset,0.712,,0.648,2,0.712,1.0,0.9199999988079071,3.0,0.0014506864604125558,0.7324894089285108
M1,101,17,2,50,2,True,linear,0.17600001394748688,1.0,,,0.040000006556510925,1.0,0.9199999988079071,3.0,0.0014506864604125558,0.9151339579808615
M1,101,17,2,50,2,True,mlp,0.17600001394748688,1.0,,,-0.008000001311302185,1.0,0.9199999988079071,3.0,0.0014506864604125558,0.9151339579808615
M1,101,17,2,50,2,True,categorical_subset,0.952,,0.888,2,0.952,1.0,0.9199999988079071,3.0,0.0014506864604125558,0.9151339579808615
M1,101,17,3,25,3,True,linear,0.20000000298023224,1.0,,,0.015999987721443176,1.0,0.9199999988079071,3.0,0.001871699359971076,0.32284075972383636
M1,101,17,3,25,3,True,mlp,0.20000000298023224,1.0,,,0.02399998903274536,1.0,0.9199999988079071,3.0,0.001871699359971076,0.32284075972383636
M1,101,17,3,25,3,True,categorical_subset,0.288,,0.088,3,0.288,1.0,0.9199999988079071,3.0,0.001871699359971076,0.32284075972383636
M1,101,17,3,50,3,True,linear,0.19200000166893005,1.0,,,0.007999986410140991,1.0,0.9199999988079071,3.0,0.001871699359971076,0.4309606682520273
M1,101,17,3,50,3,True,mlp,0.2160000056028366,1.0,,,0.0,1.0,0.9199999988079071,3.0,0.001871699359971076,0.4309606682520273
M1,101,17,3,50,3,True,categorical_subset,0.392,,0.224,3,0.392,1.0,0.9199999988079071,3.0,0.001871699359971076,0.4309606682520273
M1,101,17,4,25,3,True,linear,0.15200001001358032,1.0,,,-0.024000003933906555,1.0,0.9199999988079071,3.0,0.0002889342393354685,0.32284075972383636
M1,101,17,4,25,3,True,mlp,0.18400001525878906,1.0,,,0.024000003933906555,1.0,0.9199999988079071,3.0,0.0002889342393354685,0.32284075972383636
M1,101,17,4,25,3,True,categorical_subset,0.384,,0.208,3,0.384,1.0,0.9199999988079071,3.0,0.0002889342393354685,0.32284075972383636
M1,101,17,4,50,3,True,linear,0.20000000298023224,1.0,,,0.047999992966651917,1.0,0.9199999988079071,3.0,0.0002889342393354685,0.4309606682520273
M1,101,17,4,50,3,True,mlp,0.19200000166893005,1.0,,,0.031999990344047546,1.0,0.9199999988079071,3.0,0.0002889342393354685,0.4309606682520273
M1,101,17,4,50,3,True,categorical_subset,0.52,,0.376,3,0.52,1.0,0.9199999988079071,3.0,0.0002889342393354685,0.4309606682520273
M1,101,17,5,25,3,True,linear,0.20800000429153442,1.0,,,0.047999992966651917,1.0,0.9199999988079071,3.0,0.0036145838060959792,0.32284075972383636
M1,101,17,5,25,3,True,mlp,0.1680000126361847,1.0,,,-0.01600000262260437,1.0,0.9199999988079071,3.0,0.0036145838060959792,0.32284075972383636
M1,101,17,5,25,3,True,categorical_subset,0.312,,0.128,3,0.312,1.0,0.9199999988079071,3.0,0.0036145838060959792,0.32284075972383636
M1,101,17,5,50,3,True,linear,0.18400001525878906,1.0,,,0.024000003933906555,1.0,0.9199999988079071,3.0,0.0036145838060959792,0.4309606682520273
M1,101,17,5,50,3,True,mlp,0.19200000166893005,1.0,,,0.03999999165534973,1.0,0.9199999988079071,3.0,0.0036145838060959792,0.4309606682520273
M1,101,17,5,50,3,True,categorical_subset,0.464,,0.296,3,0.464,1.0,0.9199999988079071,3.0,0.0036145838060959792,0.4309606682520273
M1,101,17,6,25,3,True,linear,0.13600000739097595,1.0,,,-0.024000003933906555,1.0,0.9199999988079071,3.0,0.0005583460922262422,0.32284075972383636
M1,101,17,6,25,3,True,mlp,0.14400000870227814,1.0,,,0.008000001311302185,1.0,0.9199999988079071,3.0,0.0005583460922262422,0.32284075972383636
M1,101,17,6,25,3,True,categorical_subset,0.28,,0.128,3,0.28,1.0,0.9199999988079071,3.0,0.0005583460922262422,0.32284075972383636
M1,101,17,6,50,3,True,linear,0.10400000214576721,1.0,,,-0.008000001311302185,1.0,0.9199999988079071,3.0,0.0005583460922262422,0.4309606682520273
M1,101,17,6,50,3,True,mlp,0.12000000476837158,1.0,,,0.024000003933906555,1.0,0.9199999988079071,3.0,0.0005583460922262422,0.4309606682520273
M1,101,17,6,50,3,True,categorical_subset,0.4,,0.288,3,0.4,1.0,0.9199999988079071,3.0,0.0005583460922262422,0.4309606682520273
M1,101,17,7,25,4,True,linear,0.2240000069141388,1.0,,,0.07199999690055847,1.0,0.9199999988079071,3.0,0.005877708581410282,0.2
M1,101,17,7,25,4,True,mlp,0.2160000056028366,1.0,,,0.0559999942779541,1.0,0.9199999988079071,3.0,0.005877708581410282,0.2
M1,101,17,7,25,4,True,categorical_subset,0.16,,0.208,3,0.16,1.0,0.9199999988079071,3.0,0.005877708581410282,0.2
M1,101,17,7,50,4,True,linear,0.12000000476837158,1.0,,,-0.04800000786781311,1.0,0.9199999988079071,3.0,0.005877708581410282,0.2
M1,101,17,7,50,4,True,mlp,0.12800000607967377,1.0,,,0.008000001311302185,1.0,0.9199999988079071,3.0,0.005877708581410282,0.2
M1,101,17,7,50,4,True,categorical_subset,0.2,,0.0,4,0.2,1.0,0.9199999988079071,3.0,0.005877708581410282,0.2
M3,101,101,0,25,2,True,linear,0.15200001001358032,1.0,,,0.008000001311302185,1.0,0.9213599994778633,3.25,0.0005690311328481287,0.7324894089285108
M3,101,101,0,25,2,True,mlp,0.20800000429153442,1.0,,,0.08799999952316284,1.0,0.9213599994778633,3.25,0.0005690311328481287,0.7324894089285108
M3,101,101,0,25,2,True,categorical_subset,0.672,,0.608,2,0.672,1.0,0.9213599994778633,3.25,0.0005690311328481287,0.7324894089285108
M3,101,101,0,50,2,True,linear,0.1600000113248825,1.0,,,0.056000009179115295,1.0,0.9213599994778633,3.25,0.0005690311328481287,0.9151339579808615
M3,101,101,0,50,2,True,mlp,0.17600001394748688,1.0,,,0.08000001311302185,1.0,0.9213599994778633,3.25,0.0005690311328481287,0.9151339579808615
M3,101,101,0,50,2,True,categorical_subset,0.92,,0.88,2,0.92,1.0,0.9213599994778633,3.25,0.0005690311328481287,0.9151339579808615
M3,101,101,1,25,3,True,linear,0.19200000166893005,1.0,,,0.031999990344047546,1.0,0.9213599994778633,3.25,0.0004836664259275943,0.32284075972383636
M3,101,101,1,25,3,True,mlp,0.20800000429153442,1.0,,,0.07999999821186066,1.0,0.9213599994778633,3.25,0.0004836664259275943,0.32284075972383636
M3,101,101,1,25,3,True,categorical_subset,0.304,,0.12,3,0.304,1.0,0.9213599994778633,3.25,0.0004836664259275943,0.32284075972383636
M3,101,101,1,50,3,True,linear,0.18400001525878906,1.0,,,0.03200000524520874,1.0,0.9213599994778633,3.25,0.0004836664259275943,0.4309606682520273
M3,101,101,1,50,3,True,mlp,0.18400001525878906,1.0,,,0.08800001442432404,1.0,0.9213599994778633,3.25,0.0004836664259275943,0.4309606682520273
M3,101,101,1,50,3,True,categorical_subset,0.408,,0.264,3,0.408,1.0,0.9213599994778633,3.25,0.0004836664259275943,0.4309606682520273
M3,101,101,2,25,3,True,linear,0.20000000298023224,1.0,,,0.0,1.0,0.9213599994778633,3.25,0.0014380518292377922,0.32284075972383636
M3,101,101,2,25,3,True,mlp,0.17600001394748688,1.0,,,0.01600000262260437,1.0,0.9213599994778633,3.25,0.0014380518292377922,0.32284075972383636
M3,101,101,2,25,3,True,categorical_subset,0.32,,0.144,3,0.32,1.0,0.9213599994778633,3.25,0.0014380518292377922,0.32284075972383636
M3,101,101,2,50,3,True,linear,0.10400000214576721,1.0,,,-0.08000001311302185,1.0,0.9213599994778633,3.25,0.0014380518292377922,0.4309606682520273
M3,101,101,2,50,3,True,mlp,0.12000000476837158,1.0,,,-0.056000009179115295,1.0,0.9213599994778633,3.25,0.0014380518292377922,0.4309606682520273
M3,101,101,2,50,3,True,categorical_subset,0.44,,0.288,3,0.44,1.0,0.9213599994778633,3.25,0.0014380518292377922,0.4309606682520273
M3,101,101,3,25,3,True,linear,0.18400001525878906,1.0,,,0.024000003933906555,1.0,0.9213599994778633,3.25,0.002045676323940698,0.32284075972383636
M3,101,101,3,25,3,True,mlp,0.18400001525878906,1.0,,,0.04800000786781311,1.0,0.9213599994778633,3.25,0.002045676323940698,0.32284075972383636
M3,101,101,3,25,3,True,categorical_subset,0.288,,0.088,3,0.288,1.0,0.9213599994778633,3.25,0.002045676323940698,0.32284075972383636
M3,101,101,3,50,3,True,linear,0.14400000870227814,1.0,,,-0.0559999942779541,1.0,0.9213599994778633,3.25,0.002045676323940698,0.4309606682520273
M3,101,101,3,50,3,True,mlp,0.15200001001358032,1.0,,,-0.06399999558925629,1.0,0.9213599994778633,3.25,0.002045676323940698,0.4309606682520273
M3,101,101,3,50,3,True,categorical_subset,0.392,,0.224,3,0.392,1.0,0.9213599994778633,3.25,0.002045676323940698,0.4309606682520273
M3,101,101,4,25,2,True,linear,0.1680000126361847,1.0,,,0.008000001311302185,1.0,0.9213599994778633,3.25,0.0003892236453340488,0.7324894089285108
M3,101,101,4,25,2,True,mlp,0.17600001394748688,1.0,,,0.024000003933906555,1.0,0.9213599994778633,3.25,0.0003892236453340488,0.7324894089285108
M3,101,101,4,25,2,True,categorical_subset,0.712,,0.68,2,0.712,1.0,0.9213599994778633,3.25,0.0003892236453340488,0.7324894089285108
M3,101,101,4,50,2,True,linear,0.20800000429153442,1.0,,,0.08799999952316284,1.0,0.9213599994778633,3.25,0.0003892236453340488,0.9151339579808615
M3,101,101,4,50,2,True,mlp,0.20000000298023224,1.0,,,0.0559999942779541,1.0,0.9213599994778633,3.25,0.0003892236453340488,0.9151339579808615
M3,101,101,4,50,2,True,categorical_subset,0.952,,0.952,2,0.952,1.0,0.9213599994778633,3.25,0.0003892236453340488,0.9151339579808615
M3,101,101,5,25,3,True,linear,0.24000000953674316,1.0,,,0.07199999690055847,1.0,0.9213599994778633,3.25,0.0023234052251579645,0.32284075972383636
M3,101,101,5,25,3,True,mlp,0.2160000056028366,1.0,,,0.0559999942779541,1.0,0.9213599994778633,3.25,0.0023234052251579645,0.32284075972383636
M3,101,101,5,25,3,True,categorical_subset,0.312,,0.128,3,0.312,1.0,0.9213599994778633,3.25,0.0023234052251579645,0.32284075972383636
M3,101,101,5,50,3,True,linear,0.1600000113248825,1.0,,,-0.008000001311302185,1.0,0.9213599994778633,3.25,0.0023234052251579645,0.4309606682520273
M3,101,101,5,50,3,True,mlp,0.17600001394748688,1.0,,,0.0,1.0,0.9213599994778633,3.25,0.0023234052251579645,0.4309606682520273
M3,101,101,5,50,3,True,categorical_subset,0.464,,0.296,3,0.464,1.0,0.9213599994778633,3.25,0.0023234052251579645,0.4309606682520273
M3,101,101,6,25,4,True,linear,0.17600001394748688,1.0,,,0.024000003933906555,1.0,0.9213599994778633,3.25,0.0007234130927524906,0.2
M3,101,101,6,25,4,True,mlp,0.20000000298023224,1.0,,,0.07999999821186066,1.0,0.9213599994778633,3.25,0.0007234130927524906,0.2
M3,101,101,6,25,4,True,categorical_subset,0.152,,0.128,3,0.152,1.0,0.9213599994778633,3.25,0.0007234130927524906,0.2
M3,101,101,6,50,4,True,linear,0.13600000739097595,1.0,,,0.008000001311302185,1.0,0.9213599994778633,3.25,0.0007234130927524906,0.2
M3,101,101,6,50,4,True,mlp,0.13600000739097595,1.0,,,0.04800000041723251,1.0,0.9213599994778633,3.25,0.0007234130927524906,0.2
M3,101,101,6,50,4,True,categorical_subset,0.2,,0.0,4,0.2,1.0,0.9213599994778633,3.25,0.0007234130927524906,0.2
M3,101,101,7,25,4,True,linear,0.14400000870227814,1.0,,,-0.040000006556510925,1.0,0.9213599994778633,3.25,0.0054072945801714855,0.2
M3,101,101,7,25,4,True,mlp,0.18400001525878906,1.0,,,0.056000009179115295,1.0,0.9213599994778633,3.25,0.0054072945801714855,0.2
M3,101,101,7,25,4,True,categorical_subset,0.16,,0.208,3,0.16,1.0,0.9213599994778633,3.25,0.0054072945801714855,0.2
M3,101,101,7,50,4,True,linear,0.15200001001358032,1.0,,,0.040000006556510925,1.0,0.9213599994778633,3.25,0.0054072945801714855,0.2
M3,101,101,7,50,4,True,mlp,0.17600001394748688,1.0,,,0.040000006556510925,1.0,0.9213599994778633,3.25,0.0054072945801714855,0.2
M3,101,101,7,50,4,True,categorical_subset,0.2,,0.0,4,0.2,1.0,0.9213599994778633,3.25,0.0054072945801714855,0.2
M2,17,17,0,25,2,True,linear,0.20000000298023224,1.0,,,0.008000001311302185,1.0,0.9194399982690811,3.0,0.006525793841262763,0.7324894089285108
M2,17,17,0,25,2,True,mlp,0.2160000056028366,1.0,,,0.01600000262260437,1.0,0.9194399982690811,3.0,0.006525793841262763,0.7324894089285108
M2,17,17,0,25,2,True,categorical_subset,0.768,,0.656,2,0.768,1.0,0.9194399982690811,3.0,0.006525793841262763,0.7324894089285108
M2,17,17,0,50,2,True,linear,0.20000000298023224,1.0,,,0.0559999942779541,1.0,0.9194399982690811,3.0,0.006525793841262763,0.9151339579808615
M2,17,17,0,50,2,True,mlp,0.2800000011920929,1.0,,,0.11999998986721039,1.0,0.9194399982690811,3.0,0.006525793841262763,0.9151339579808615
M2,17,17,0,50,2,True,categorical_subset,0.976,,0.92,2,0.976,1.0,0.9194399982690811,3.0,0.006525793841262763,0.9151339579808615
M2,17,17,1,25,3,True,linear,0.1680000126361847,1.0,,,-0.008000001311302185,1.0,0.9194399982690811,3.0,0.001776744999670165,0.32284075972383636
M2,17,17,1,25,3,True,mlp,0.18400001525878906,1.0,,,0.024000003933906555,1.0,0.9194399982690811,3.0,0.001776744999670165,0.32284075972383636
M2,17,17,1,25,3,True,categorical_subset,0.328,,0.168,3,0.328,1.0,0.9194399982690811,3.0,0.001776744999670165,0.32284075972383636
M2,17,17,1,50,3,True,linear,0.15200001001358032,1.0,,,-0.03999999165534973,1.0,0.9194399982690811,3.0,0.001776744999670165,0.4309606682520273
M2,17,17,1,50,3,True,mlp,0.17600001394748688,1.0,,,-0.015999987721443176,1.0,0.9194399982690811,3.0,0.001776744999670165,0.4309606682520273
M2,17,17,1,50,3,True,categorical_subset,0.408,,0.256,3,0.408,1.0,0.9194399982690811,3.0,0.001776744999670165,0.4309606682520273
M2,17,17,2,25,3,True,linear,0.1600000113248825,1.0,,,0.0,1.0,0.9194399982690811,3.0,0.0018256387994283712,0.32284075972383636
M2,17,17,2,25,3,True,mlp,0.2160000056028366,1.0,,,0.07199999690055847,1.0,0.9194399982690811,3.0,0.0018256387994283712,0.32284075972383636
M2,17,17,2,25,3,True,categorical_subset,0.312,,0.136,3,0.312,1.0,0.9194399982690811,3.0,0.0018256387994283712,0.32284075972383636
M2,17,17,2,50,3,True,linear,0.19200000166893005,1.0,,,0.03999999165534973,1.0,0.9194399982690811,3.0,0.0018256387994283712,0.4309606682520273
M2,17,17,2,50,3,True,mlp,0.17600001394748688,1.0,,,0.03200000524520874,1.0,0.9194399982690811,3.0,0.0018256387994283712,0.4309606682520273
M2,17,17,2,50,3,True,categorical_subset,0.44,,0.304,3,0.44,1.0,0.9194399982690811,3.0,0.0018256387994283712,0.4309606682520273
M2,17,17,3,25,2,True,linear,0.1680000126361847,1.0,,,-0.01600000262260437,1.0,0.9194399982690811,3.0,0.0010549010065626033,0.7324894089285108
M2,17,17,3,25,2,True,mlp,0.19200000166893005,1.0,,,0.031999990344047546,1.0,0.9194399982690811,3.0,0.0010549010065626033,0.7324894089285108
M2,17,17,3,25,2,True,categorical_subset,0.792,,0.752,2,0.792,1.0,0.9194399982690811,3.0,0.0010549010065626033,0.7324894089285108
M2,17,17,3,50,2,True,linear,0.18400001525878906,1.0,,,0.04800000786781311,1.0,0.9194399982690811,3.0,0.0010549010065626033,0.9151339579808615
M2,17,17,3,50,2,True,mlp,0.20000000298023224,1.0,,,0.0559999942779541,1.0,0.9194399982690811,3.0,0.0010549010065626033,0.9151339579808615
M2,17,17,3,50,2,True,categorical_subset,1.0,,1.0,2,1.0,1.0,0.9194399982690811,3.0,0.0010549010065626033,0.9151339579808615
M2,17,17,4,25,3,True,linear,0.19200000166893005,1.0,,,-0.040000006556510925,1.0,0.9194399982690811,3.0,0.015372063327546924,0.32284075972383636
M2,17,17,4,25,3,True,mlp,0.15200001001358032,1.0,,,-0.18400001525878906,1.0,0.9194399982690811,3.0,0.015372063327546924,0.32284075972383636
M2,17,17,4,25,3,True,categorical_subset,0.304,,0.104,3,0.304,1.0,0.9194399982690811,3.0,0.015372063327546924,0.32284075972383636
M2,17,17,4,50,3,True,linear,0.20000000298023224,1.0,,,-0.040000006556510925,1.0,0.9194399982690811,3.0,0.015372063327546924,0.4309606682520273
M2,17,17,4,50,3,True,mlp,0.24000000953674316,1.0,,,-0.13600000739097595,1.0,0.9194399982690811,3.0,0.015372063327546924,0.4309606682520273
M2,17,17,4,50,3,True,categorical_subset,0.4,,0.232,3,0.4,1.0,0.9194399982690811,3.0,0.015372063327546924,0.4309606682520273
M2,17,17,5,25,3,True,linear,0.1680000126361847,1.0,,,0.0,1.0,0.9194399982690811,3.0,0.0009063962586574107,0.32284075972383636
M2,17,17,5,25,3,True,mlp,0.1600000113248825,1.0,,,0.008000001311302185,1.0,0.9194399982690811,3.0,0.0009063962586574107,0.32284075972383636
M2,17,17,5,25,3,True,categorical_subset,0.296,,0.152,3,0.296,1.0,0.9194399982690811,3.0,0.0009063962586574107,0.32284075972383636
M2,17,17,5,50,3,True,linear,0.15200001001358032,1.0,,,-0.01600000262260437,1.0,0.9194399982690811,3.0,0.0009063962586574107,0.4309606682520273
M2,17,17,5,50,3,True,mlp,0.1120000034570694,1.0,,,-0.040000006556510925,1.0,0.9194399982690811,3.0,0.0009063962586574107,0.4309606682520273
M2,17,17,5,50,3,True,categorical_subset,0.432,,0.296,3,0.432,1.0,0.9194399982690811,3.0,0.0009063962586574107,0.4309606682520273
M2,17,17,6,25,4,True,linear,0.13600000739097595,1.0,,,-0.01600000262260437,1.0,0.9194399982690811,3.0,0.0024180495848605994,0.2
M2,17,17,6,25,4,True,mlp,0.12000000476837158,1.0,,,-0.040000006556510925,1.0,0.9194399982690811,3.0,0.0024180495848605994,0.2
M2,17,17,6,25,4,True,categorical_subset,0.2,,0.0,4,0.2,1.0,0.9194399982690811,3.0,0.0024180495848605994,0.2
M2,17,17,6,50,4,True,linear,0.1680000126361847,1.0,,,0.03200000524520874,1.0,0.9194399982690811,3.0,0.0024180495848605994,0.2
M2,17,17,6,50,4,True,mlp,0.18400001525878906,1.0,,,0.07200001180171967,1.0,0.9194399982690811,3.0,0.0024180495848605994,0.2
M2,17,17,6,50,4,True,categorical_subset,0.2,,0.0,4,0.2,1.0,0.9194399982690811,3.0,0.0024180495848605994,0.2
M2,17,17,7,25,3,True,linear,0.1600000113248825,1.0,,,-0.0559999942779541,1.0,0.9194399982690811,3.0,0.0007474934504484881,0.32284075972383636
M2,17,17,7,25,3,True,mlp,0.1600000113248825,1.0,,,0.008000001311302185,1.0,0.9194399982690811,3.0,0.0007474934504484881,0.32284075972383636
M2,17,17,7,25,3,True,categorical_subset,0.28,,0.096,3,0.28,1.0,0.9194399982690811,3.0,0.0007474934504484881,0.32284075972383636
M2,17,17,7,50,3,True,linear,0.13600000739097595,1.0,,,-0.07999999821186066,1.0,0.9194399982690811,3.0,0.0007474934504484881,0.4309606682520273
M2,17,17,7,50,3,True,mlp,0.14400000870227814,1.0,,,-0.03200000524520874,1.0,0.9194399982690811,3.0,0.0007474934504484881,0.4309606682520273
M2,17,17,7,50,3,True,categorical_subset,0.368,,0.192,3,0.368,1.0,0.9194399982690811,3.0,0.0007474934504484881,0.4309606682520273
M1,17,17,0,25,2,True,linear,0.20800000429153442,1.0,,,0.01600000262260437,1.0,0.9194799989461899,3.0,0.007537524491937621,0.7324894089285108
M1,17,17,0,25,2,True,mlp,0.2160000056028366,1.0,,,0.01600000262260437,1.0,0.9194799989461899,3.0,0.007537524491937621,0.7324894089285108
M1,17,17,0,25,2,True,categorical_subset,0.768,,0.656,2,0.768,1.0,0.9194799989461899,3.0,0.007537524491937621,0.7324894089285108
M1,17,17,0,50,2,True,linear,0.2720000147819519,1.0,,,0.12800000607967377,1.0,0.9194799989461899,3.0,0.007537524491937621,0.9151339579808615
M1,17,17,0,50,2,True,mlp,0.2720000147819519,1.0,,,0.1120000034570694,1.0,0.9194799989461899,3.0,0.007537524491937621,0.9151339579808615
M1,17,17,0,50,2,True,categorical_subset,0.976,,0.92,2,0.976,1.0,0.9194799989461899,3.0,0.007537524491937621,0.9151339579808615
M1,17,17,1,25,3,True,linear,0.1680000126361847,1.0,,,-0.008000001311302185,1.0,0.9194799989461899,3.0,0.0013825642831891347,0.32284075972383636
M1,17,17,1,25,3,True,mlp,0.1600000113248825,1.0,,,0.0,1.0,0.9194799989461899,3.0,0.0013825642831891347,0.32284075972383636
M1,17,17,1,25,3,True,categorical_subset,0.328,,0.168,3,0.328,1.0,0.9194799989461899,3.0,0.0013825642831891347,0.32284075972383636
M1,17,17,1,50,3,True,linear,0.19200000166893005,1.0,,,0.0,1.0,0.9194799989461899,3.0,0.0013825642831891347,0.4309606682520273
M1,17,17,1,50,3,True,mlp,0.19200000166893005,1.0,,,0.0,1.0,0.9194799989461899,3.0,0.0013825642831891347,0.4309606682520273
M1,17,17,1,50,3,True,categorical_subset,0.408,,0.256,3,0.408,1.0,0.9194799989461899,3.0,0.0013825642831891347,0.4309606682520273
M1,17,17,2,25,2,True,linear,0.17600001394748688,1.0,,,0.01600000262260437,1.0,0.9194799989461899,3.0,0.007180063341213188,0.7324894089285108
M1,17,17,2,25,2,True,mlp,0.25600001215934753,1.0,,,0.1120000034570694,1.0,0.9194799989461899,3.0,0.007180063341213188,0.7324894089285108
M1,17,17,2,25,2,True,categorical_subset,0.696,,0.6,2,0.696,1.0,0.9194799989461899,3.0,0.007180063341213188,0.7324894089285108
M1,17,17,2,50,2,True,linear,0.2160000056028366,1.0,,,0.06399999558925629,1.0,0.9194799989461899,3.0,0.007180063341213188,0.9151339579808615
M1,17,17,2,50,2,True,mlp,0.2800000011920929,1.0,,,0.13599999248981476,1.0,0.9194799989461899,3.0,0.007180063341213188,0.9151339579808615
M1,17,17,2,50,2,True,categorical_subset,1.0,,0.936,2,1.0,1.0,0.9194799989461899,3.0,0.007180063341213188,0.9151339579808615
M1,17,17,3,25,3,True,linear,0.08800000697374344,1.0,,,-0.09600000828504562,1.0,0.9194799989461899,3.0,0.0007403557015897252,0.32284075972383636
M1,17,17,3,25,3,True,mlp,0.14400000870227814,1.0,,,-0.01600000262260437,1.0,0.9194799989461899,3.0,0.0007403557015897252,0.32284075972383636
M1,17,17,3,25,3,True,categorical_subset,0.312,,0.16,3,0.312,1.0,0.9194799989461899,3.0,0.0007403557015897252,0.32284075972383636
M1,17,17,3,50,3,True,linear,0.17600001394748688,1.0,,,0.040000006556510925,1.0,0.9194799989461899,3.0,0.0007403557015897252,0.4309606682520273
M1,17,17,3,50,3,True,mlp,0.14400000870227814,1.0,,,0.0,1.0,0.9194799989461899,3.0,0.0007403557015897252,0.4309606682520273
M1,17,17,3,50,3,True,categorical_subset,0.392,,0.248,3,0.392,1.0,0.9194799989461899,3.0,0.0007403557015897252,0.4309606682520273
M1,17,17,4,25,3,True,linear,0.1120000034570694,1.0,,,-0.12000000476837158,1.0,0.9194799989461899,3.0,0.012066555900264276,0.32284075972383636
M1,17,17,4,25,3,True,mlp,0.14400000870227814,1.0,,,-0.19200001657009125,1.0,0.9194799989461899,3.0,0.012066555900264276,0.32284075972383636
M1,17,17,4,25,3,True,categorical_subset,0.304,,0.104,3,0.304,1.0,0.9194799989461899,3.0,0.012066555900264276,0.32284075972383636
M1,17,17,4,50,3,True,linear,0.17600001394748688,1.0,,,-0.06399999558925629,1.0,0.9194799989461899,3.0,0.012066555900264276,0.4309606682520273
M1,17,17,4,50,3,True,mlp,0.1680000126361847,1.0,,,-0.20800000429153442,1.0,0.9194799989461899,3.0,0.012066555900264276,0.4309606682520273
M1,17,17,4,50,3,True,categorical_subset,0.4,,0.232,3,0.4,1.0,0.9194799989461899,3.0,0.012066555900264276,0.4309606682520273
M1,17,17,5,25,3,True,linear,0.18400001525878906,1.0,,,0.01600000262260437,1.0,0.9194799989461899,3.0,0.0010866133285088596,0.32284075972383636
M1,17,17,5,25,3,True,mlp,0.24800001084804535,1.0,,,0.09600000083446503,1.0,0.9194799989461899,3.0,0.0010866133285088596,0.32284075972383636
M1,17,17,5,25,3,True,categorical_subset,0.296,,0.152,3,0.296,1.0,0.9194799989461899,3.0,0.0010866133285088596,0.32284075972383636
M1,17,17,5,50,3,True,linear,0.17600001394748688,1.0,,,0.008000001311302185,1.0,0.9194799989461899,3.0,0.0010866133285088596,0.4309606682520273
M1,17,17,5,50,3,True,mlp,0.20000000298023224,1.0,,,0.047999992966651917,1.0,0.9194799989461899,3.0,0.0010866133285088596,0.4309606682520273
M1,17,17,5,50,3,True,categorical_subset,0.432,,0.296,3,0.432,1.0,0.9194799989461899,3.0,0.0010866133285088596,0.4309606682520273
M1,17,17,6,25,3,True,linear,0.19200000166893005,1.0,,,0.03999999165534973,1.0,0.9194799989461899,3.0,0.003978886947583976,0.32284075972383636
M1,17,17,6,25,3,True,mlp,0.1600000113248825,1.0,,,0.0,1.0,0.9194799989461899,3.0,0.003978886947583976,0.32284075972383636
M1,17,17,6,25,3,True,categorical_subset,0.288,,0.12,3,0.288,1.0,0.9194799989461899,3.0,0.003978886947583976,0.32284075972383636
M1,17,17,6,50,3,True,linear,0.15200001001358032,1.0,,,0.01600000262260437,1.0,0.9194799989461899,3.0,0.003978886947583976,0.4309606682520273
M1,17,17,6,50,3,True,mlp,0.1680000126361847,1.0,,,0.056000009179115295,1.0,0.9194799989461899,3.0,0.003978886947583976,0.4309606682520273
M1,17,17,6,50,3,True,categorical_subset,0.408,,0.248,3,0.408,1.0,0.9194799989461899,3.0,0.003978886947583976,0.4309606682520273
M1,17,17,7,25,4,True,linear,0.1680000126361847,1.0,,,-0.047999992966651917,1.0,0.9194799989461899,3.0,0.001448269181719291,0.2
M1,17,17,7,25,4,True,mlp,0.20000000298023224,1.0,,,0.047999992966651917,1.0,0.9194799989461899,3.0,0.001448269181719291,0.2
M1,17,17,7,25,4,True,categorical_subset,0.184,,0.112,3,0.184,1.0,0.9194799989461899,3.0,0.001448269181719291,0.2
M1,17,17,7,50,4,True,linear,0.20800000429153442,1.0,,,-0.008000001311302185,1.0,0.9194799989461899,3.0,0.001448269181719291,0.2
M1,17,17,7,50,4,True,mlp,0.23200000822544098,1.0,,,0.0559999942779541,1.0,0.9194799989461899,3.0,0.001448269181719291,0.2
M1,17,17,7,50,4,True,categorical_subset,0.2,,0.0,4,0.2,1.0,0.9194799989461899,3.0,0.001448269181719291,0.2
P,42,42,0,25,2,True,linear,0.18400001525878906,1.0,,,0.04800000786781311,1.0,0.9201199993491173,3.25,0.003046351293907053,0.7324894089285108
P,42,42,0,25,2,True,mlp,0.1680000126361847,1.0,,,0.0,1.0,0.9201199993491173,3.25,0.003046351293907053,0.7324894089285108
P,42,42,0,25,2,True,categorical_subset,0.696,,0.6,2,0.696,1.0,0.9201199993491173,3.25,0.003046351293907053,0.7324894089285108
P,42,42,0,50,2,True,linear,0.13600000739097595,1.0,,,-0.07999999821186066,1.0,0.9201199993491173,3.25,0.003046351293907053,0.9151339579808615
P,42,42,0,50,2,True,mlp,0.17600001394748688,1.0,,,-0.015999987721443176,1.0,0.9201199993491173,3.25,0.003046351293907053,0.9151339579808615
P,42,42,0,50,2,True,categorical_subset,0.872,,0.872,2,0.872,1.0,0.9201199993491173,3.25,0.003046351293907053,0.9151339579808615
P,42,42,1,25,2,True,linear,0.20800000429153442,1.0,,,0.008000001311302185,1.0,0.9201199993491173,3.25,0.0032558190697351344,0.7324894089285108
P,42,42,1,25,2,True,mlp,0.20000000298023224,1.0,,,0.015999987721443176,1.0,0.9201199993491173,3.25,0.0032558190697351344,0.7324894089285108
P,42,42,1,25,2,True,categorical_subset,0.752,,0.656,2,0.752,1.0,0.9201199993491173,3.25,0.0032558190697351344,0.7324894089285108
P,42,42,1,50,2,True,linear,0.18400001525878906,1.0,,,-0.015999987721443176,1.0,0.9201199993491173,3.25,0.0032558190697351344,0.9151339579808615
P,42,42,1,50,2,True,mlp,0.1600000113248825,1.0,,,-0.12800000607967377,1.0,0.9201199993491173,3.25,0.0032558190697351344,0.9151339579808615
P,42,42,1,50,2,True,categorical_subset,0.8,,0.704,2,0.8,1.0,0.9201199993491173,3.25,0.0032558190697351344,0.9151339579808615
P,42,42,2,25,3,True,linear,0.12000000476837158,1.0,,,-0.09600000083446503,1.0,0.9201199993491173,3.25,0.0012884648899913922,0.32284075972383636
P,42,42,2,25,3,True,mlp,0.20800000429153442,1.0,,,0.031999990344047546,1.0,0.9201199993491173,3.25,0.0012884648899913922,0.32284075972383636
P,42,42,2,25,3,True,categorical_subset,0.328,,0.168,3,0.328,1.0,0.9201199993491173,3.25,0.0012884648899913922,0.32284075972383636
P,42,42,2,50,3,True,linear,0.12000000476837158,1.0,,,-0.07199999690055847,1.0,0.9201199993491173,3.25,0.0012884648899913922,0.4309606682520273
P,42,42,2,50,3,True,mlp,0.14400000870227814,1.0,,,-0.07199999690055847,1.0,0.9201199993491173,3.25,0.0012884648899913922,0.4309606682520273
P,42,42,2,50,3,True,categorical_subset,0.472,,0.344,3,0.472,1.0,0.9201199993491173,3.25,0.0012884648899913922,0.4309606682520273
P,42,42,3,25,3,True,linear,0.23200000822544098,1.0,,,0.07999999821186066,1.0,0.9201199993491173,3.25,0.0013022785790774106,0.32284075972383636
P,42,42,3,25,3,True,mlp,0.18400001525878906,1.0,,,0.06400001049041748,1.0,0.9201199993491173,3.25,0.0013022785790774106,0.32284075972383636
P,42,42,3,25,3,True,categorical_subset,0.288,,0.136,3,0.288,1.0,0.9201199993491173,3.25,0.0013022785790774106,0.32284075972383636
P,42,42,3,50,3,True,linear,0.1600000113248825,1.0,,,0.024000003933906555,1.0,0.9201199993491173,3.25,0.0013022785790774106,0.4309606682520273
P,42,42,3,50,3,True,mlp,0.19200000166893005,1.0,,,0.10399999469518661,1.0,0.9201199993491173,3.25,0.0013022785790774106,0.4309606682520273
P,42,42,3,50,3,True,categorical_subset,0.376,,0.24,3,0.376,1.0,0.9201199993491173,3.25,0.0013022785790774106,0.4309606682520273
P,42,42,4,25,3,True,linear,0.1680000126361847,1.0,,,-0.0559999942779541,1.0,0.9201199993491173,3.25,0.005103332349075491,0.32284075972383636
P,42,42,4,25,3,True,mlp,0.19200000166893005,1.0,,,-0.09600001573562622,1.0,0.9201199993491173,3.25,0.005103332349075491,0.32284075972383636
P,42,42,4,25,3,True,categorical_subset,0.304,,0.128,3,0.304,1.0,0.9201199993491173,3.25,0.005103332349075491,0.32284075972383636
P,42,42,4,50,3,True,linear,0.1600000113248825,1.0,,,-0.13599999248981476,1.0,0.9201199993491173,3.25,0.005103332349075491,0.4309606682520273
P,42,42,4,50,3,True,mlp,0.13600000739097595,1.0,,,-0.31200000643730164,1.0,0.9201199993491173,3.25,0.005103332349075491,0.4309606682520273
P,42,42,4,50,3,True,categorical_subset,0.368,,0.216,3,0.368,1.0,0.9201199993491173,3.25,0.005103332349075491,0.4309606682520273
P,42,42,5,25,3,True,linear,0.2160000056028366,1.0,,,0.03999999165534973,1.0,0.9201199993491173,3.25,0.004296160300466502,0.32284075972383636
P,42,42,5,25,3,True,mlp,0.19200000166893005,1.0,,,0.07199999690055847,1.0,0.9201199993491173,3.25,0.004296160300466502,0.32284075972383636
P,42,42,5,25,3,True,categorical_subset,0.304,,0.192,3,0.304,1.0,0.9201199993491173,3.25,0.004296160300466502,0.32284075972383636
P,42,42,5,50,3,True,linear,0.17600001394748688,1.0,,,-0.008000001311302185,1.0,0.9201199993491173,3.25,0.004296160300466502,0.4309606682520273
P,42,42,5,50,3,True,mlp,0.13600000739097595,1.0,,,0.0,1.0,0.9201199993491173,3.25,0.004296160300466502,0.4309606682520273
P,42,42,5,50,3,True,categorical_subset,0.416,,0.312,3,0.416,1.0,0.9201199993491173,3.25,0.004296160300466502,0.4309606682520273
P,42,42,6,25,4,True,linear,0.19200000166893005,1.0,,,0.031999990344047546,1.0,0.9201199993491173,3.25,0.003999532648704373,0.2
P,42,42,6,25,4,True,mlp,0.19200000166893005,1.0,,,0.02399998903274536,1.0,0.9201199993491173,3.25,0.003999532648704373,0.2
P,42,42,6,25,4,True,categorical_subset,0.2,,0.0,4,0.2,1.0,0.9201199993491173,3.25,0.003999532648704373,0.2
P,42,42,6,50,4,True,linear,0.17600001394748688,1.0,,,0.01600000262260437,1.0,0.9201199993491173,3.25,0.003999532648704373,0.2
P,42,42,6,50,4,True,mlp,0.20800000429153442,1.0,,,-0.024000003933906555,1.0,0.9201199993491173,3.25,0.003999532648704373,0.2
P,42,42,6,50,4,True,categorical_subset,0.2,,0.0,4,0.2,1.0,0.9201199993491173,3.25,0.003999532648704373,0.2
P,42,42,7,25,4,True,linear,0.19200000166893005,1.0,,,-0.008000001311302185,1.0,0.9201199993491173,3.25,0.0023542200416773536,0.2
P,42,42,7,25,4,True,mlp,0.15200001001358032,1.0,,,-0.07199999690055847,1.0,0.9201199993491173,3.25,0.0023542200416773536,0.2
P,42,42,7,25,4,True,categorical_subset,0.2,,0.0,4,0.2,1.0,0.9201199993491173,3.25,0.0023542200416773536,0.2
P,42,42,7,50,4,True,linear,0.1600000113248825,1.0,,,-0.024000003933906555,1.0,0.9201199993491173,3.25,0.0023542200416773536,0.2
P,42,42,7,50,4,True,mlp,0.13600000739097595,1.0,,,-0.07199999690055847,1.0,0.9201199993491173,3.25,0.0023542200416773536,0.2
P,42,42,7,50,4,True,categorical_subset,0.2,,0.0,4,0.2,1.0,0.9201199993491173,3.25,0.0023542200416773536,0.2
P,101,17,0,25,2,True,linear,0.20000000298023224,1.0,,,0.02399998903274536,1.0,0.9200799986720085,3.25,0.0005728324470682775,0.7324894089285108
P,101,17,0,25,2,True,mlp,0.2160000056028366,1.0,,,0.03999999165534973,1.0,0.9200799986720085,3.25,0.0005728324470682775,0.7324894089285108
P,101,17,0,25,2,True,categorical_subset,0.672,,0.608,2,0.672,1.0,0.9200799986720085,3.25,0.0005728324470682775,0.7324894089285108
P,101,17,0,50,2,True,linear,0.20800000429153442,1.0,,,0.08799999952316284,1.0,0.9200799986720085,3.25,0.0005728324470682775,0.9151339579808615
P,101,17,0,50,2,True,mlp,0.20000000298023224,1.0,,,0.07199999690055847,1.0,0.9200799986720085,3.25,0.0005728324470682775,0.9151339579808615
P,101,17,0,50,2,True,categorical_subset,0.92,,0.88,2,0.92,1.0,0.9200799986720085,3.25,0.0005728324470682775,0.9151339579808615
P,101,17,1,25,2,True,linear,0.15200001001358032,1.0,,,-0.01600000262260437,1.0,0.9200799986720085,3.25,0.0007240922559028888,0.7324894089285108
P,101,17,1,25,2,True,mlp,0.19200000166893005,1.0,,,0.06399999558925629,1.0,0.9200799986720085,3.25,0.0007240922559028888,0.7324894089285108
P,101,17,1,25,2,True,categorical_subset,0.712,,0.64,2,0.712,1.0,0.9200799986720085,3.25,0.0007240922559028888,0.7324894089285108
P,101,17,1,50,2,True,linear,0.2240000069141388,1.0,,,0.08799999952316284,1.0,0.9200799986720085,3.25,0.0007240922559028888,0.9151339579808615
P,101,17,1,50,2,True,mlp,0.20800000429153442,1.0,,,0.07199999690055847,1.0,0.9200799986720085,3.25,0.0007240922559028888,0.9151339579808615
P,101,17,1,50,2,True,categorical_subset,0.936,,0.864,2,0.936,1.0,0.9200799986720085,3.25,0.0007240922559028888,0.9151339579808615
P,101,17,2,25,3,True,linear,0.17600001394748688,1.0,,,0.008000001311302185,1.0,0.9200799986720085,3.25,0.002094151780872954,0.32284075972383636
P,101,17,2,25,3,True,mlp,0.13600000739097595,1.0,,,-0.03200000524520874,1.0,0.9200799986720085,3.25,0.002094151780872954,0.32284075972383636
P,101,17,2,25,3,True,categorical_subset,0.32,,0.144,3,0.32,1.0,0.9200799986720085,3.25,0.002094151780872954,0.32284075972383636
P,101,17,2,50,3,True,linear,0.15200001001358032,1.0,,,0.01600000262260437,1.0,0.9200799986720085,3.25,0.002094151780872954,0.4309606682520273
P,101,17,2,50,3,True,mlp,0.12800000607967377,1.0,,,-0.056000009179115295,1.0,0.9200799986720085,3.25,0.002094151780872954,0.4309606682520273
P,101,17,2,50,3,True,categorical_subset,0.44,,0.288,3,0.44,1.0,0.9200799986720085,3.25,0.002094151780872954,0.4309606682520273
P,101,17,3,25,3,True,linear,0.2240000069141388,1.0,,,0.03999999165534973,1.0,0.9200799986720085,3.25,0.002805784933211067,0.32284075972383636
P,101,17,3,25,3,True,mlp,0.18400001525878906,1.0,,,0.008000001311302185,1.0,0.9200799986720085,3.25,0.002805784933211067,0.32284075972383636
P,101,17,3,25,3,True,categorical_subset,0.288,,0.088,3,0.288,1.0,0.9200799986720085,3.25,0.002805784933211067,0.32284075972383636
P,101,17,3,50,3,True,linear,0.19200000166893005,1.0,,,0.007999986410140991,1.0,0.9200799986720085,3.25,0.002805784933211067,0.4309606682520273
P,101,17,3,50,3,True,mlp,0.14400000870227814,1.0,,,-0.07199999690055847,1.0,0.9200799986720085,3.25,0.002805784933211067,0.4309606682520273
P,101,17,3,50,3,True,categorical_subset,0.392,,0.224,3,0.392,1.0,0.9200799986720085,3.25,0.002805784933211067,0.4309606682520273
P,101,17,4,25,3,True,linear,0.1680000126361847,1.0,,,-0.008000001311302185,1.0,0.9200799986720085,3.25,0.0005343577809229784,0.32284075972383636
P,101,17,4,25,3,True,mlp,0.1680000126361847,1.0,,,0.008000001311302185,1.0,0.9200799986720085,3.25,0.0005343577809229784,0.32284075972383636
P,101,17,4,25,3,True,categorical_subset,0.384,,0.208,3,0.384,1.0,0.9200799986720085,3.25,0.0005343577809229784,0.32284075972383636
P,101,17,4,50,3,True,linear,0.1600000113248825,1.0,,,0.008000001311302185,1.0,0.9200799986720085,3.25,0.0005343577809229784,0.4309606682520273
P,101,17,4,50,3,True,mlp,0.1680000126361847,1.0,,,0.008000001311302185,1.0,0.9200799986720085,3.25,0.0005343577809229784,0.4309606682520273
P,101,17,4,50,3,True,categorical_subset,0.52,,0.376,3,0.52,1.0,0.9200799986720085,3.25,0.0005343577809229784,0.4309606682520273
P,101,17,5,25,3,True,linear,0.17600001394748688,1.0,,,0.01600000262260437,1.0,0.9200799986720085,3.25,0.0048927662663970735,0.32284075972383636
P,101,17,5,25,3,True,mlp,0.2160000056028366,1.0,,,0.031999990344047546,1.0,0.9200799986720085,3.25,0.0048927662663970735,0.32284075972383636
P,101,17,5,25,3,True,categorical_subset,0.312,,0.128,3,0.312,1.0,0.9200799986720085,3.25,0.0048927662663970735,0.32284075972383636
P,101,17,5,50,3,True,linear,0.1680000126361847,1.0,,,0.008000001311302185,1.0,0.9200799986720085,3.25,0.0048927662663970735,0.4309606682520273
P,101,17,5,50,3,True,mlp,0.1680000126361847,1.0,,,0.01600000262260437,1.0,0.9200799986720085,3.25,0.0048927662663970735,0.4309606682520273
P,101,17,5,50,3,True,categorical_subset,0.464,,0.296,3,0.464,1.0,0.9200799986720085,3.25,0.0048927662663970735,0.4309606682520273
P,101,17,6,25,4,True,linear,0.17600001394748688,1.0,,,0.01600000262260437,1.0,0.9200799986720085,3.25,0.0006576654199514055,0.2
P,101,17,6,25,4,True,mlp,0.20000000298023224,1.0,,,0.06399999558925629,1.0,0.9200799986720085,3.25,0.0006576654199514055,0.2
P,101,17,6,25,4,True,categorical_subset,0.152,,0.128,3,0.152,1.0,0.9200799986720085,3.25,0.0006576654199514055,0.2
P,101,17,6,50,4,True,linear,0.14400000870227814,1.0,,,0.03200000524520874,1.0,0.9200799986720085,3.25,0.0006576654199514055,0.2
P,101,17,6,50,4,True,mlp,0.12800000607967377,1.0,,,0.03200000524520874,1.0,0.9200799986720085,3.25,0.0006576654199514055,0.2
P,101,17,6,50,4,True,categorical_subset,0.2,,0.0,4,0.2,1.0,0.9200799986720085,3.25,0.0006576654199514055,0.2
P,101,17,7,25,4,True,linear,0.2240000069141388,1.0,,,0.07199999690055847,1.0,0.9200799986720085,3.25,0.006602192560908311,0.2
P,101,17,7,25,4,True,mlp,0.24000000953674316,1.0,,,0.07999999821186066,1.0,0.9200799986720085,3.25,0.006602192560908311,0.2
P,101,17,7,25,4,True,categorical_subset,0.16,,0.208,3,0.16,1.0,0.9200799986720085,3.25,0.006602192560908311,0.2
P,101,17,7,50,4,True,linear,0.2160000056028366,1.0,,,0.047999992966651917,1.0,0.9200799986720085,3.25,0.006602192560908311,0.2
P,101,17,7,50,4,True,mlp,0.23200000822544098,1.0,,,0.1120000034570694,1.0,0.9200799986720085,3.25,0.006602192560908311,0.2
P,101,17,7,50,4,True,categorical_subset,0.2,,0.0,4,0.2,1.0,0.9200799986720085,3.25,0.006602192560908311,0.2
M4,17,42,0,25,2,True,linear,0.23200000822544098,1.0,,,0.07999999821186066,1.0,0.9208000004291534,3.25,0.011962096340143986,0.7324894089285108
M4,17,42,0,25,2,True,mlp,0.25600001215934753,1.0,,,0.07199999690055847,1.0,0.9208000004291534,3.25,0.011962096340143986,0.7324894089285108
M4,17,42,0,25,2,True,categorical_subset,0.768,,0.656,2,0.768,1.0,0.9208000004291534,3.25,0.011962096340143986,0.7324894089285108
M4,17,42,0,50,2,True,linear,0.3360000252723694,1.0,,,0.19200001657009125,1.0,0.9208000004291534,3.25,0.011962096340143986,0.9151339579808615
M4,17,42,0,50,2,True,mlp,0.2800000011920929,1.0,,,0.10399998724460602,1.0,0.9208000004291534,3.25,0.011962096340143986,0.9151339579808615
M4,17,42,0,50,2,True,categorical_subset,0.976,,0.92,2,0.976,1.0,0.9208000004291534,3.25,0.011962096340143986,0.9151339579808615
M4,17,42,1,25,3,True,linear,0.1680000126361847,1.0,,,0.024000003933906555,1.0,0.9208000004291534,3.25,0.0010710248017816312,0.32284075972383636
M4,17,42,1,25,3,True,mlp,0.17600001394748688,1.0,,,0.008000001311302185,1.0,0.9208000004291534,3.25,0.0010710248017816312,0.32284075972383636
M4,17,42,1,25,3,True,categorical_subset,0.328,,0.168,3,0.328,1.0,0.9208000004291534,3.25,0.0010710248017816312,0.32284075972383636
M4,17,42,1,50,3,True,linear,0.18400001525878906,1.0,,,0.024000003933906555,1.0,0.9208000004291534,3.25,0.0010710248017816312,0.4309606682520273
M4,17,42,1,50,3,True,mlp,0.19200000166893005,1.0,,,0.06399999558925629,1.0,0.9208000004291534,3.25,0.0010710248017816312,0.4309606682520273
M4,17,42,1,50,3,True,categorical_subset,0.408,,0.256,3,0.408,1.0,0.9208000004291534,3.25,0.0010710248017816312,0.4309606682520273
M4,17,42,2,25,3,True,linear,0.14400000870227814,1.0,,,-0.0559999942779541,1.0,0.9208000004291534,3.25,0.0031594284246125896,0.32284075972383636
M4,17,42,2,25,3,True,mlp,0.15200001001358032,1.0,,,-0.008000001311302185,1.0,0.9208000004291534,3.25,0.0031594284246125896,0.32284075972383636
M4,17,42,2,25,3,True,categorical_subset,0.312,,0.136,3,0.312,1.0,0.9208000004291534,3.25,0.0031594284246125896,0.32284075972383636
M4,17,42,2,50,3,True,linear,0.18400001525878906,1.0,,,0.024000003933906555,1.0,0.9208000004291534,3.25,0.0031594284246125896,0.4309606682520273
M4,17,42,2,50,3,True,mlp,0.1600000113248825,1.0,,,0.0,1.0,0.9208000004291534,3.25,0.0031594284246125896,0.4309606682520273
M4,17,42,2,50,3,True,categorical_subset,0.44,,0.304,3,0.44,1.0,0.9208000004291534,3.25,0.0031594284246125896,0.4309606682520273
M4,17,42,3,25,3,True,linear,0.24800001084804535,1.0,,,0.04800000786781311,1.0,0.9208000004291534,3.25,0.0007196519742360058,0.32284075972383636
M4,17,42,3,25,3,True,mlp,0.19200000166893005,1.0,,,-0.01600000262260437,1.0,0.9208000004291534,3.25,0.0007196519742360058,0.32284075972383636
M4,17,42,3,25,3,True,categorical_subset,0.312,,0.16,3,0.312,1.0,0.9208000004291534,3.25,0.0007196519742360058,0.32284075972383636
M4,17,42,3,50,3,True,linear,0.17600001394748688,1.0,,,0.01600000262260437,1.0,0.9208000004291534,3.25,0.0007196519742360058,0.4309606682520273
M4,17,42,3,50,3,True,mlp,0.17600001394748688,1.0,,,0.0,1.0,0.9208000004291534,3.25,0.0007196519742360058,0.4309606682520273
M4,17,42,3,50,3,True,categorical_subset,0.392,,0.248,3,0.392,1.0,0.9208000004291534,3.25,0.0007196519742360058,0.4309606682520273
M4,17,42,4,25,3,True,linear,0.20800000429153442,1.0,,,-0.01600000262260437,1.0,0.9208000004291534,3.25,0.01052602398249013,0.32284075972383636
M4,17,42,4,25,3,True,mlp,0.15200001001358032,1.0,,,-0.12000000476837158,1.0,0.9208000004291534,3.25,0.01052602398249013,0.32284075972383636
M4,17,42,4,25,3,True,categorical_subset,0.304,,0.104,3,0.304,1.0,0.9208000004291534,3.25,0.01052602398249013,0.32284075972383636
M4,17,42,4,50,3,True,linear,0.19200000166893005,1.0,,,-0.008000001311302185,1.0,0.9208000004291534,3.25,0.01052602398249013,0.4309606682520273
M4,17,42,4,50,3,True,mlp,0.1680000126361847,1.0,,,-0.12000000476837158,1.0,0.9208000004291534,3.25,0.01052602398249013,0.4309606682520273
M4,17,42,4,50,3,True,categorical_subset,0.4,,0.232,3,0.4,1.0,0.9208000004291534,3.25,0.01052602398249013,0.4309606682520273
M4,17,42,5,25,2,True,linear,0.2240000069141388,1.0,,,0.03999999165534973,1.0,0.9208000004291534,3.25,0.0014125066287016732,0.7324894089285108
M4,17,42,5,25,2,True,mlp,0.2160000056028366,1.0,,,0.031999990344047546,1.0,0.9208000004291534,3.25,0.0014125066287016732,0.7324894089285108
M4,17,42,5,25,2,True,categorical_subset,0.784,,0.712,2,0.784,1.0,0.9208000004291534,3.25,0.0014125066287016732,0.7324894089285108
M4,17,42,5,50,2,True,linear,0.23200000822544098,1.0,,,0.040000006556510925,1.0,0.9208000004291534,3.25,0.0014125066287016732,0.9151339579808615
M4,17,42,5,50,2,True,mlp,0.20800000429153442,1.0,,,0.031999990344047546,1.0,0.9208000004291534,3.25,0.0014125066287016732,0.9151339579808615
M4,17,42,5,50,2,True,categorical_subset,0.952,,0.952,2,0.952,1.0,0.9208000004291534,3.25,0.0014125066287016732,0.9151339579808615
M4,17,42,6,25,4,True,linear,0.19200000166893005,1.0,,,0.06399999558925629,1.0,0.9208000004291534,3.25,0.003478548043117721,0.2
M4,17,42,6,25,4,True,mlp,0.20800000429153442,1.0,,,0.03999999165534973,1.0,0.9208000004291534,3.25,0.003478548043117721,0.2
M4,17,42,6,25,4,True,categorical_subset,0.2,,0.0,4,0.2,1.0,0.9208000004291534,3.25,0.003478548043117721,0.2
M4,17,42,6,50,4,True,linear,0.20800000429153442,1.0,,,0.06399999558925629,1.0,0.9208000004291534,3.25,0.003478548043117721,0.2
M4,17,42,6,50,4,True,mlp,0.20800000429153442,1.0,,,0.03999999165534973,1.0,0.9208000004291534,3.25,0.003478548043117721,0.2
M4,17,42,6,50,4,True,categorical_subset,0.2,,0.0,4,0.2,1.0,0.9208000004291534,3.25,0.003478548043117721,0.2
M4,17,42,7,25,4,True,linear,0.15200001001358032,1.0,,,-0.03999999165534973,1.0,0.9208000004291534,3.25,0.000631205356368851,0.2
M4,17,42,7,25,4,True,mlp,0.17600001394748688,1.0,,,0.03200000524520874,1.0,0.9208000004291534,3.25,0.000631205356368851,0.2
M4,17,42,7,25,4,True,categorical_subset,0.2,,0.0,4,0.2,1.0,0.9208000004291534,3.25,0.000631205356368851,0.2
M4,17,42,7,50,4,True,linear,0.12800000607967377,1.0,,,0.01600000262260437,1.0,0.9208000004291534,3.25,0.000631205356368851,0.2
M4,17,42,7,50,4,True,mlp,0.15200001001358032,1.0,,,0.040000006556510925,1.0,0.9208000004291534,3.25,0.000631205356368851,0.2
M4,17,42,7,50,4,True,categorical_subset,0.2,,0.0,4,0.2,1.0,0.9208000004291534,3.25,0.000631205356368851,0.2
M4,17,17,0,25,2,True,linear,0.2639999985694885,1.0,,,0.07199999690055847,1.0,0.9192399993538857,3.25,0.004901670023537332,0.7324894089285108
M4,17,17,0,25,2,True,mlp,0.2880000174045563,1.0,,,0.08800001442432404,1.0,0.9192399993538857,3.25,0.004901670023537332,0.7324894089285108
M4,17,17,0,25,2,True,categorical_subset,0.768,,0.656,2,0.768,1.0,0.9192399993538857,3.25,0.004901670023537332,0.7324894089285108
M4,17,17,0,50,2,True,linear,0.24800001084804535,1.0,,,0.10400000214576721,1.0,0.9192399993538857,3.25,0.004901670023537332,0.9151339579808615
M4,17,17,0,50,2,True,mlp,0.30400002002716064,1.0,,,0.14400000870227814,1.0,0.9192399993538857,3.25,0.004901670023537332,0.9151339579808615
M4,17,17,0,50,2,True,categorical_subset,0.976,,0.92,2,0.976,1.0,0.9192399993538857,3.25,0.004901670023537332,0.9151339579808615
M4,17,17,1,25,3,True,linear,0.23200000822544098,1.0,,,0.0559999942779541,1.0,0.9192399993538857,3.25,0.00041560013937012115,0.32284075972383636
M4,17,17,1,25,3,True,mlp,0.20800000429153442,1.0,,,0.047999992966651917,1.0,0.9192399993538857,3.25,0.00041560013937012115,0.32284075972383636
M4,17,17,1,25,3,True,categorical_subset,0.328,,0.168,3,0.328,1.0,0.9192399993538857,3.25,0.00041560013937012115,0.32284075972383636
M4,17,17,1,50,3,True,linear,0.25600001215934753,1.0,,,0.06400001049041748,1.0,0.9192399993538857,3.25,0.00041560013937012115,0.4309606682520273
M4,17,17,1,50,3,True,mlp,0.2240000069141388,1.0,,,0.03200000524520874,1.0,0.9192399993538857,3.25,0.00041560013937012115,0.4309606682520273
M4,17,17,1,50,3,True,categorical_subset,0.408,,0.256,3,0.408,1.0,0.9192399993538857,3.25,0.00041560013937012115,0.4309606682520273
M4,17,17,2,25,3,True,linear,0.15200001001358032,1.0,,,-0.008000001311302185,1.0,0.9192399993538857,3.25,0.001173561364290748,0.32284075972383636
M4,17,17,2,25,3,True,mlp,0.1600000113248825,1.0,,,0.01600000262260437,1.0,0.9192399993538857,3.25,0.001173561364290748,0.32284075972383636
M4,17,17,2,25,3,True,categorical_subset,0.312,,0.136,3,0.312,1.0,0.9192399993538857,3.25,0.001173561364290748,0.32284075972383636
M4,17,17,2,50,3,True,linear,0.14400000870227814,1.0,,,-0.008000001311302185,1.0,0.9192399993538857,3.25,0.001173561364290748,0.4309606682520273
M4,17,17,2,50,3,True,mlp,0.09600000083446503,1.0,,,-0.04800000786781311,1.0,0.9192399993538857,3.25,0.001173561364290748,0.4309606682520273
M4,17,17,2,50,3,True,categorical_subset,0.44,,0.304,3,0.44,1.0,0.9192399993538857,3.25,0.001173561364290748,0.4309606682520273
M4,17,17,3,25,3,True,linear,0.2240000069141388,1.0,,,0.03999999165534973,1.0,0.9192399993538857,3.25,0.000348187356551638,0.32284075972383636
M4,17,17,3,25,3,True,mlp,0.20800000429153442,1.0,,,0.047999992966651917,1.0,0.9192399993538857,3.25,0.000348187356551638,0.32284075972383636
M4,17,17,3,25,3,True,categorical_subset,0.312,,0.16,3,0.312,1.0,0.9192399993538857,3.25,0.000348187356551638,0.32284075972383636
M4,17,17,3,50,3,True,linear,0.1680000126361847,1.0,,,0.03200000524520874,1.0,0.9192399993538857,3.25,0.000348187356551638,0.4309606682520273
M4,17,17,3,50,3,True,mlp,0.15200001001358032,1.0,,,0.008000001311302185,1.0,0.9192399993538857,3.25,0.000348187356551638,0.4309606682520273
M4,17,17,3,50,3,True,categorical_subset,0.392,,0.248,3,0.392,1.0,0.9192399993538857,3.25,0.000348187356551638,0.4309606682520273
M4,17,17,4,25,3,True,linear,0.17600001394748688,1.0,,,-0.0559999942779541,1.0,0.9192399993538857,3.25,0.006658264132601622,0.32284075972383636
M4,17,17,4,25,3,True,mlp,0.1680000126361847,1.0,,,-0.1680000126361847,1.0,0.9192399993538857,3.25,0.006658264132601622,0.32284075972383636
M4,17,17,4,25,3,True,categorical_subset,0.304,,0.104,3,0.304,1.0,0.9192399993538857,3.25,0.006658264132601622,0.32284075972383636
M4,17,17,4,50,3,True,linear,0.2240000069141388,1.0,,,-0.01600000262260437,1.0,0.9192399993538857,3.25,0.006658264132601622,0.4309606682520273
M4,17,17,4,50,3,True,mlp,0.19200000166893005,1.0,,,-0.18400001525878906,1.0,0.9192399993538857,3.25,0.006658264132601622,0.4309606682520273
M4,17,17,4,50,3,True,categorical_subset,0.4,,0.232,3,0.4,1.0,0.9192399993538857,3.25,0.006658264132601622,0.4309606682520273
M4,17,17,5,25,2,True,linear,0.23200000822544098,1.0,,,0.06399999558925629,1.0,0.9192399993538857,3.25,0.002565487659060296,0.7324894089285108
M4,17,17,5,25,2,True,mlp,0.23200000822544098,1.0,,,0.07999999821186066,1.0,0.9192399993538857,3.25,0.002565487659060296,0.7324894089285108
M4,17,17,5,25,2,True,categorical_subset,0.784,,0.712,2,0.784,1.0,0.9192399993538857,3.25,0.002565487659060296,0.7324894089285108
M4,17,17,5,50,2,True,linear,0.24000000953674316,1.0,,,0.07199999690055847,1.0,0.9192399993538857,3.25,0.002565487659060296,0.9151339579808615
M4,17,17,5,50,2,True,mlp,0.2800000011920929,1.0,,,0.12799999117851257,1.0,0.9192399993538857,3.25,0.002565487659060296,0.9151339579808615
M4,17,17,5,50,2,True,categorical_subset,0.952,,0.952,2,0.952,1.0,0.9192399993538857,3.25,0.002565487659060296,0.9151339579808615
M4,17,17,6,25,4,True,linear,0.19200000166893005,1.0,,,0.03999999165534973,1.0,0.9192399993538857,3.25,0.0014121798092621702,0.2
M4,17,17,6,25,4,True,mlp,0.12000000476837158,1.0,,,-0.040000006556510925,1.0,0.9192399993538857,3.25,0.0014121798092621702,0.2
M4,17,17,6,25,4,True,categorical_subset,0.2,,0.0,4,0.2,1.0,0.9192399993538857,3.25,0.0014121798092621702,0.2
M4,17,17,6,50,4,True,linear,0.18400001525878906,1.0,,,0.04800000786781311,1.0,0.9192399993538857,3.25,0.0014121798092621702,0.2
M4,17,17,6,50,4,True,mlp,0.23200000822544098,1.0,,,0.12000000476837158,1.0,0.9192399993538857,3.25,0.0014121798092621702,0.2
M4,17,17,6,50,4,True,categorical_subset,0.2,,0.0,4,0.2,1.0,0.9192399993538857,3.25,0.0014121798092621702,0.2
M4,17,17,7,25,4,True,linear,0.1680000126361847,1.0,,,-0.047999992966651917,1.0,0.9192399993538857,3.25,0.0003782863257847713,0.2
M4,17,17,7,25,4,True,mlp,0.17600001394748688,1.0,,,0.024000003933906555,1.0,0.9192399993538857,3.25,0.0003782863257847713,0.2
M4,17,17,7,25,4,True,categorical_subset,0.2,,0.0,4,0.2,1.0,0.9192399993538857,3.25,0.0003782863257847713,0.2
M4,17,17,7,50,4,True,linear,0.15200001001358032,1.0,,,-0.06399999558925629,1.0,0.9192399993538857,3.25,0.0003782863257847713,0.2
M4,17,17,7,50,4,True,mlp,0.14400000870227814,1.0,,,-0.03200000524520874,1.0,0.9192399993538857,3.25,0.0003782863257847713,0.2
M4,17,17,7,50,4,True,categorical_subset,0.2,,0.0,4,0.2,1.0,0.9192399993538857,3.25,0.0003782863257847713,0.2
M1,42,42,0,25,2,True,linear,0.19200000166893005,1.0,,,0.0559999942779541,1.0,0.9201999992132187,3.0,0.0024315270814027614,0.7324894089285108
M1,42,42,0,25,2,True,mlp,0.25600001215934753,1.0,,,0.08799999952316284,1.0,0.9201999992132187,3.0,0.0024315270814027614,0.7324894089285108
M1,42,42,0,25,2,True,categorical_subset,0.696,,0.6,2,0.696,1.0,0.9201999992132187,3.0,0.0024315270814027614,0.7324894089285108
M1,42,42,0,50,2,True,linear,0.24000000953674316,1.0,,,0.024000003933906555,1.0,0.9201999992132187,3.0,0.0024315270814027614,0.9151339579808615
M1,42,42,0,50,2,True,mlp,0.2160000056028366,1.0,,,0.024000003933906555,1.0,0.9201999992132187,3.0,0.0024315270814027614,0.9151339579808615
M1,42,42,0,50,2,True,categorical_subset,0.872,,0.872,2,0.872,1.0,0.9201999992132187,3.0,0.0024315270814027614,0.9151339579808615
M1,42,42,1,25,3,True,linear,0.2240000069141388,1.0,,,0.024000003933906555,1.0,0.9201999992132187,3.0,0.0037151850153975866,0.32284075972383636
M1,42,42,1,25,3,True,mlp,0.19200000166893005,1.0,,,0.007999986410140991,1.0,0.9201999992132187,3.0,0.0037151850153975866,0.32284075972383636
M1,42,42,1,25,3,True,categorical_subset,0.312,,0.152,3,0.312,1.0,0.9201999992132187,3.0,0.0037151850153975866,0.32284075972383636
M1,42,42,1,50,3,True,linear,0.19200000166893005,1.0,,,-0.008000001311302185,1.0,0.9201999992132187,3.0,0.0037151850153975866,0.4309606682520273
M1,42,42,1,50,3,True,mlp,0.19200000166893005,1.0,,,-0.09600001573562622,1.0,0.9201999992132187,3.0,0.0037151850153975866,0.4309606682520273
M1,42,42,1,50,3,True,categorical_subset,0.44,,0.312,3,0.44,1.0,0.9201999992132187,3.0,0.0037151850153975866,0.4309606682520273
M1,42,42,2,25,2,True,linear,0.19200000166893005,1.0,,,-0.024000003933906555,1.0,0.9201999992132187,3.0,0.0010418488525743262,0.7324894089285108
M1,42,42,2,25,2,True,mlp,0.20000000298023224,1.0,,,0.02399998903274536,1.0,0.9201999992132187,3.0,0.0010418488525743262,0.7324894089285108
M1,42,42,2,25,2,True,categorical_subset,0.84,,0.736,2,0.84,1.0,0.9201999992132187,3.0,0.0010418488525743262,0.7324894089285108
M1,42,42,2,50,2,True,linear,0.1680000126361847,1.0,,,-0.02399998903274536,1.0,0.9201999992132187,3.0,0.0010418488525743262,0.9151339579808615
M1,42,42,2,50,2,True,mlp,0.1600000113248825,1.0,,,-0.0559999942779541,1.0,0.9201999992132187,3.0,0.0010418488525743262,0.9151339579808615
M1,42,42,2,50,2,True,categorical_subset,0.952,,0.952,2,0.952,1.0,0.9201999992132187,3.0,0.0010418488525743262,0.9151339579808615
M1,42,42,3,25,3,True,linear,0.09600000083446503,1.0,,,-0.056000009179115295,1.0,0.9201999992132187,3.0,0.0009439192062702926,0.32284075972383636
M1,42,42,3,25,3,True,mlp,0.13600000739097595,1.0,,,0.01600000262260437,1.0,0.9201999992132187,3.0,0.0009439192062702926,0.32284075972383636
M1,42,42,3,25,3,True,categorical_subset,0.288,,0.136,3,0.288,1.0,0.9201999992132187,3.0,0.0009439192062702926,0.32284075972383636
M1,42,42,3,50,3,True,linear,0.17600001394748688,1.0,,,0.040000006556510925,1.0,0.9201999992132187,3.0,0.0009439192062702926,0.4309606682520273
M1,42,42,3,50,3,True,mlp,0.12000000476837158,1.0,,,0.03199999779462814,1.0,0.9201999992132187,3.0,0.0009439192062702926,0.4309606682520273
M1,42,42,3,50,3,True,categorical_subset,0.376,,0.24,3,0.376,1.0,0.9201999992132187,3.0,0.0009439192062702926,0.4309606682520273
M1,42,42,4,25,3,True,linear,0.18400001525878906,1.0,,,-0.03999999165534973,1.0,0.9201999992132187,3.0,0.0032371873071851427,0.32284075972383636
M1,42,42,4,25,3,True,mlp,0.13600000739097595,1.0,,,-0.15200001001358032,1.0,0.9201999992132187,3.0,0.0032371873071851427,0.32284075972383636
M1,42,42,4,25,3,True,categorical_subset,0.304,,0.128,3,0.304,1.0,0.9201999992132187,3.0,0.0032371873071851427,0.32284075972383636
M1,42,42,4,50,3,True,linear,0.19200000166893005,1.0,,,-0.10400000214576721,1.0,0.9201999992132187,3.0,0.0032371873071851427,0.4309606682520273
M1,42,42,4,50,3,True,mlp,0.20000000298023224,1.0,,,-0.24800001084804535,1.0,0.9201999992132187,3.0,0.0032371873071851427,0.4309606682520273
M1,42,42,4,50,3,True,categorical_subset,0.368,,0.216,3,0.368,1.0,0.9201999992132187,3.0,0.0032371873071851427,0.4309606682520273
M1,42,42,5,25,3,True,linear,0.13600000739097595,1.0,,,-0.040000006556510925,1.0,0.9201999992132187,3.0,0.003275321086543967,0.32284075972383636
M1,42,42,5,25,3,True,mlp,0.17600001394748688,1.0,,,0.056000009179115295,1.0,0.9201999992132187,3.0,0.003275321086543967,0.32284075972383636
M1,42,42,5,25,3,True,categorical_subset,0.304,,0.192,3,0.304,1.0,0.9201999992132187,3.0,0.003275321086543967,0.32284075972383636
M1,42,42,5,50,3,True,linear,0.13600000739097595,1.0,,,-0.04800000786781311,1.0,0.9201999992132187,3.0,0.003275321086543967,0.4309606682520273
M1,42,42,5,50,3,True,mlp,0.14400000870227814,1.0,,,0.008000001311302185,1.0,0.9201999992132187,3.0,0.003275321086543967,0.4309606682520273
M1,42,42,5,50,3,True,categorical_subset,0.416,,0.312,3,0.416,1.0,0.9201999992132187,3.0,0.003275321086543967,0.4309606682520273
M1,42,42,6,25,3,True,linear,0.1680000126361847,1.0,,,0.008000001311302185,1.0,0.9201999992132187,3.0,0.004062144327810318,0.32284075972383636
M1,42,42,6,25,3,True,mlp,0.17600001394748688,1.0,,,0.008000001311302185,1.0,0.9201999992132187,3.0,0.004062144327810318,0.32284075972383636
M1,42,42,6,25,3,True,categorical_subset,0.384,,0.224,3,0.384,1.0,0.9201999992132187,3.0,0.004062144327810318,0.32284075972383636
M1,42,42,6,50,3,True,linear,0.18400001525878906,1.0,,,0.024000003933906555,1.0,0.9201999992132187,3.0,0.004062144327810318,0.4309606682520273
M1,42,42,6,50,3,True,mlp,0.12800000607967377,1.0,,,-0.10400000214576721,1.0,0.9201999992132187,3.0,0.004062144327810318,0.4309606682520273
M1,42,42,6,50,3,True,categorical_subset,0.496,,0.384,3,0.496,1.0,0.9201999992132187,3.0,0.004062144327810318,0.4309606682520273
M1,42,42,7,25,4,True,linear,0.1680000126361847,1.0,,,-0.031999990344047546,1.0,0.9201999992132187,3.0,0.0019768168072239133,0.2
M1,42,42,7,25,4,True,mlp,0.15200001001358032,1.0,,,-0.07199999690055847,1.0,0.9201999992132187,3.0,0.0019768168072239133,0.2
M1,42,42,7,25,4,True,categorical_subset,0.2,,0.0,4,0.2,1.0,0.9201999992132187,3.0,0.0019768168072239133,0.2
M1,42,42,7,50,4,True,linear,0.17600001394748688,1.0,,,-0.008000001311302185,1.0,0.9201999992132187,3.0,0.0019768168072239133,0.2
M1,42,42,7,50,4,True,mlp,0.18400001525878906,1.0,,,-0.02399998903274536,1.0,0.9201999992132187,3.0,0.0019768168072239133,0.2
M1,42,42,7,50,4,True,categorical_subset,0.2,,0.0,4,0.2,1.0,0.9201999992132187,3.0,0.0019768168072239133,0.2
M3,101,42,0,25,2,True,linear,0.14400000870227814,1.0,,,-0.0559999942779541,1.0,0.919879999756813,3.25,0.0006562171871555507,0.7324894089285108
M3,101,42,0,25,2,True,mlp,0.15200001001358032,1.0,,,0.024000003933906555,1.0,0.919879999756813,3.25,0.0006562171871555507,0.7324894089285108
M3,101,42,0,25,2,True,categorical_subset,0.672,,0.608,2,0.672,1.0,0.919879999756813,3.25,0.0006562171871555507,0.7324894089285108
M3,101,42,0,50,2,True,linear,0.17600001394748688,1.0,,,-0.015999987721443176,1.0,0.919879999756813,3.25,0.0006562171871555507,0.9151339579808615
M3,101,42,0,50,2,True,mlp,0.15200001001358032,1.0,,,0.04800000786781311,1.0,0.919879999756813,3.25,0.0006562171871555507,0.9151339579808615
M3,101,42,0,50,2,True,categorical_subset,0.92,,0.88,2,0.92,1.0,0.919879999756813,3.25,0.0006562171871555507,0.9151339579808615
M3,101,42,1,25,3,True,linear,0.1680000126361847,1.0,,,0.024000003933906555,1.0,0.919879999756813,3.25,0.0006288938056149042,0.32284075972383636
M3,101,42,1,25,3,True,mlp,0.15200001001358032,1.0,,,0.008000001311302185,1.0,0.919879999756813,3.25,0.0006288938056149042,0.32284075972383636
M3,101,42,1,25,3,True,categorical_subset,0.304,,0.12,3,0.304,1.0,0.919879999756813,3.25,0.0006288938056149042,0.32284075972383636
M3,101,42,1,50,3,True,linear,0.12000000476837158,1.0,,,0.0,1.0,0.919879999756813,3.25,0.0006288938056149042,0.4309606682520273
M3,101,42,1,50,3,True,mlp,0.13600000739097595,1.0,,,0.0,1.0,0.919879999756813,3.25,0.0006288938056149042,0.4309606682520273
M3,101,42,1,50,3,True,categorical_subset,0.408,,0.264,3,0.408,1.0,0.919879999756813,3.25,0.0006288938056149042,0.4309606682520273
M3,101,42,2,25,3,True,linear,0.1680000126361847,1.0,,,-0.01600000262260437,1.0,0.919879999756813,3.25,0.0013118713902825234,0.32284075972383636
M3,101,42,2,25,3,True,mlp,0.20800000429153442,1.0,,,0.07199999690055847,1.0,0.919879999756813,3.25,0.0013118713902825234,0.32284075972383636
M3,101,42,2,25,3,True,categorical_subset,0.32,,0.144,3,0.32,1.0,0.919879999756813,3.25,0.0013118713902825234,0.32284075972383636
M3,101,42,2,50,3,True,linear,0.2240000069141388,1.0,,,0.03200000524520874,1.0,0.919879999756813,3.25,0.0013118713902825234,0.4309606682520273
M3,101,42,2,50,3,True,mlp,0.15200001001358032,1.0,,,0.024000003933906555,1.0,0.919879999756813,3.25,0.0013118713902825234,0.4309606682520273
M3,101,42,2,50,3,True,categorical_subset,0.44,,0.288,3,0.44,1.0,0.919879999756813,3.25,0.0013118713902825234,0.4309606682520273
M3,101,42,3,25,3,True,linear,0.18400001525878906,1.0,,,0.01600000262260437,1.0,0.919879999756813,3.25,0.0028030283835580034,0.32284075972383636
M3,101,42,3,25,3,True,mlp,0.1680000126361847,1.0,,,-0.031999990344047546,1.0,0.919879999756813,3.25,0.0028030283835580034,0.32284075972383636
M3,101,42,3,25,3,True,categorical_subset,0.288,,0.088,3,0.288,1.0,0.919879999756813,3.25,0.0028030283835580034,0.32284075972383636
M3,101,42,3,50,3,True,linear,0.20800000429153442,1.0,,,-0.008000001311302185,1.0,0.919879999756813,3.25,0.0028030283835580034,0.4309606682520273
M3,101,42,3,50,3,True,mlp,0.19200000166893005,1.0,,,0.0,1.0,0.919879999756813,3.25,0.0028030283835580034,0.4309606682520273
M3,101,42,3,50,3,True,categorical_subset,0.392,,0.224,3,0.392,1.0,0.919879999756813,3.25,0.0028030283835580034,0.4309606682520273
M3,101,42,4,25,2,True,linear,0.20800000429153442,1.0,,,0.06399999558925629,1.0,0.919879999756813,3.25,0.0003737434995538661,0.7324894089285108
M3,101,42,4,25,2,True,mlp,0.14400000870227814,1.0,,,0.008000001311302185,1.0,0.919879999756813,3.25,0.0003737434995538661,0.7324894089285108
M3,101,42,4,25,2,True,categorical_subset,0.712,,0.68,2,0.712,1.0,0.919879999756813,3.25,0.0003737434995538661,0.7324894089285108
M3,101,42,4,50,2,True,linear,0.15200001001358032,1.0,,,0.04800000786781311,1.0,0.919879999756813,3.25,0.0003737434995538661,0.9151339579808615
M3,101,42,4,50,2,True,mlp,0.15200001001358032,1.0,,,0.024000003933906555,1.0,0.919879999756813,3.25,0.0003737434995538661,0.9151339579808615
M3,101,42,4,50,2,True,categorical_subset,0.952,,0.952,2,0.952,1.0,0.919879999756813,3.25,0.0003737434995538661,0.9151339579808615
M3,101,42,5,25,3,True,linear,0.15200001001358032,1.0,,,-0.024000003933906555,1.0,0.919879999756813,3.25,0.0014367141551991994,0.32284075972383636
M3,101,42,5,25,3,True,mlp,0.18400001525878906,1.0,,,0.024000003933906555,1.0,0.919879999756813,3.25,0.0014367141551991994,0.32284075972383636
M3,101,42,5,25,3,True,categorical_subset,0.312,,0.128,3,0.312,1.0,0.919879999756813,3.25,0.0014367141551991994,0.32284075972383636
M3,101,42,5,50,3,True,linear,0.17600001394748688,1.0,,,0.008000001311302185,1.0,0.919879999756813,3.25,0.0014367141551991994,0.4309606682520273
M3,101,42,5,50,3,True,mlp,0.12800000607967377,1.0,,,-0.008000001311302185,1.0,0.919879999756813,3.25,0.0014367141551991994,0.4309606682520273
M3,101,42,5,50,3,True,categorical_subset,0.464,,0.296,3,0.464,1.0,0.919879999756813,3.25,0.0014367141551991994,0.4309606682520273
M3,101,42,6,25,4,True,linear,0.1680000126361847,1.0,,,-0.008000001311302185,1.0,0.919879999756813,3.25,0.0005356229432405982,0.2
M3,101,42,6,25,4,True,mlp,0.1680000126361847,1.0,,,-0.008000001311302185,1.0,0.919879999756813,3.25,0.0005356229432405982,0.2
M3,101,42,6,25,4,True,categorical_subset,0.152,,0.128,3,0.152,1.0,0.919879999756813,3.25,0.0005356229432405982,0.2
M3,101,42,6,50,4,True,linear,0.1680000126361847,1.0,,,0.040000006556510925,1.0,0.919879999756813,3.25,0.0005356229432405982,0.2
M3,101,42,6,50,4,True,mlp,0.12000000476837158,1.0,,,0.0,1.0,0.919879999756813,3.25,0.0005356229432405982,0.2
M3,101,42,6,50,4,True,categorical_subset,0.2,,0.0,4,0.2,1.0,0.919879999756813,3.25,0.0005356229432405982,0.2
M3,101,42,7,25,4,True,linear,0.18400001525878906,1.0,,,-0.015999987721443176,1.0,0.919879999756813,3.25,0.005231985403275479,0.2
M3,101,42,7,25,4,True,mlp,0.20000000298023224,1.0,,,0.031999990344047546,1.0,0.919879999756813,3.25,0.005231985403275479,0.2
M3,101,42,7,25,4,True,categorical_subset,0.16,,0.208,3,0.16,1.0,0.919879999756813,3.25,0.005231985403275479,0.2
M3,101,42,7,50,4,True,linear,0.2160000056028366,1.0,,,0.01600000262260437,1.0,0.919879999756813,3.25,0.005231985403275479,0.2
M3,101,42,7,50,4,True,mlp,0.2639999985694885,1.0,,,0.1119999885559082,1.0,0.919879999756813,3.25,0.005231985403275479,0.2
M3,101,42,7,50,4,True,categorical_subset,0.2,,0.0,4,0.2,1.0,0.919879999756813,3.25,0.005231985403275479,0.2
P,42,101,0,25,2,True,linear,0.14400000870227814,1.0,,,-0.03200000524520874,1.0,0.9201999992132187,3.25,0.0026278091673969982,0.7324894089285108
P,42,101,0,25,2,True,mlp,0.18400001525878906,1.0,,,0.024000003933906555,1.0,0.9201999992132187,3.25,0.0026278091673969982,0.7324894089285108
P,42,101,0,25,2,True,categorical_subset,0.696,,0.6,2,0.696,1.0,0.9201999992132187,3.25,0.0026278091673969982,0.7324894089285108
P,42,101,0,50,2,True,linear,0.1600000113248825,1.0,,,-0.024000003933906555,1.0,0.9201999992132187,3.25,0.0026278091673969982,0.9151339579808615
P,42,101,0,50,2,True,mlp,0.17600001394748688,1.0,,,-0.02399998903274536,1.0,0.9201999992132187,3.25,0.0026278091673969982,0.9151339579808615
P,42,101,0,50,2,True,categorical_subset,0.872,,0.872,2,0.872,1.0,0.9201999992132187,3.25,0.0026278091673969982,0.9151339579808615
P,42,101,1,25,2,True,linear,0.20000000298023224,1.0,,,0.02399998903274536,1.0,0.9201999992132187,3.25,0.00233278691849242,0.7324894089285108
P,42,101,1,25,2,True,mlp,0.18400001525878906,1.0,,,0.008000001311302185,1.0,0.9201999992132187,3.25,0.00233278691849242,0.7324894089285108
P,42,101,1,25,2,True,categorical_subset,0.752,,0.656,2,0.752,1.0,0.9201999992132187,3.25,0.00233278691849242,0.7324894089285108
P,42,101,1,50,2,True,linear,0.18400001525878906,1.0,,,-0.06399999558925629,1.0,0.9201999992132187,3.25,0.00233278691849242,0.9151339579808615
P,42,101,1,50,2,True,mlp,0.19200000166893005,1.0,,,-0.024000003933906555,1.0,0.9201999992132187,3.25,0.00233278691849242,0.9151339579808615
P,42,101,1,50,2,True,categorical_subset,0.8,,0.704,2,0.8,1.0,0.9201999992132187,3.25,0.00233278691849242,0.9151339579808615
P,42,101,2,25,3,True,linear,0.12800000607967377,1.0,,,-0.07199999690055847,1.0,0.9201999992132187,3.25,0.0009266829892986789,0.32284075972383636
P,42,101,2,25,3,True,mlp,0.13600000739097595,1.0,,,-0.06399999558925629,1.0,0.9201999992132187,3.25,0.0009266829892986789,0.32284075972383636
P,42,101,2,25,3,True,categorical_subset,0.328,,0.168,3,0.328,1.0,0.9201999992132187,3.25,0.0009266829892986789,0.32284075972383636
P,42,101,2,50,3,True,linear,0.15200001001358032,1.0,,,-0.01600000262260437,1.0,0.9201999992132187,3.25,0.0009266829892986789,0.4309606682520273
P,42,101,2,50,3,True,mlp,0.1680000126361847,1.0,,,0.01600000262260437,1.0,0.9201999992132187,3.25,0.0009266829892986789,0.4309606682520273
P,42,101,2,50,3,True,categorical_subset,0.472,,0.344,3,0.472,1.0,0.9201999992132187,3.25,0.0009266829892986789,0.4309606682520273
P,42,101,3,25,3,True,linear,0.13600000739097595,1.0,,,0.024000003933906555,1.0,0.9201999992132187,3.25,0.0013400279785073987,0.32284075972383636
P,42,101,3,25,3,True,mlp,0.08800000697374344,1.0,,,-0.0560000017285347,1.0,0.9201999992132187,3.25,0.0013400279785073987,0.32284075972383636
P,42,101,3,25,3,True,categorical_subset,0.288,,0.136,3,0.288,1.0,0.9201999992132187,3.25,0.0013400279785073987,0.32284075972383636
P,42,101,3,50,3,True,linear,0.13600000739097595,1.0,,,0.01600000262260437,1.0,0.9201999992132187,3.25,0.0013400279785073987,0.4309606682520273
P,42,101,3,50,3,True,mlp,0.1120000034570694,1.0,,,-0.01600000262260437,1.0,0.9201999992132187,3.25,0.0013400279785073987,0.4309606682520273
P,42,101,3,50,3,True,categorical_subset,0.376,,0.24,3,0.376,1.0,0.9201999992132187,3.25,0.0013400279785073987,0.4309606682520273
P,42,101,4,25,3,True,linear,0.17600001394748688,1.0,,,0.0,1.0,0.9201999992132187,3.25,0.004264354153551489,0.32284075972383636
P,42,101,4,25,3,True,mlp,0.17600001394748688,1.0,,,-0.0559999942779541,1.0,0.9201999992132187,3.25,0.004264354153551489,0.32284075972383636
P,42,101,4,25,3,True,categorical_subset,0.304,,0.128,3,0.304,1.0,0.9201999992132187,3.25,0.004264354153551489,0.32284075972383636
P,42,101,4,50,3,True,linear,0.1680000126361847,1.0,,,-0.06399999558925629,1.0,0.9201999992132187,3.25,0.004264354153551489,0.4309606682520273
P,42,101,4,50,3,True,mlp,0.20000000298023224,1.0,,,-0.18400000035762787,1.0,0.9201999992132187,3.25,0.004264354153551489,0.4309606682520273
P,42,101,4,50,3,True,categorical_subset,0.368,,0.216,3,0.368,1.0,0.9201999992132187,3.25,0.004264354153551489,0.4309606682520273
P,42,101,5,25,3,True,linear,0.20000000298023224,1.0,,,0.0,1.0,0.9201999992132187,3.25,0.003141709508327143,0.32284075972383636
P,42,101,5,25,3,True,mlp,0.1680000126361847,1.0,,,-0.0559999942779541,1.0,0.9201999992132187,3.25,0.003141709508327143,0.32284075972383636
P,42,101,5,25,3,True,categorical_subset,0.304,,0.192,3,0.304,1.0,0.9201999992132187,3.25,0.003141709508327143,0.32284075972383636
P,42,101,5,50,3,True,linear,0.14400000870227814,1.0,,,-0.040000006556510925,1.0,0.9201999992132187,3.25,0.003141709508327143,0.4309606682520273
P,42,101,5,50,3,True,mlp,0.13600000739097595,1.0,,,-0.040000006556510925,1.0,0.9201999992132187,3.25,0.003141709508327143,0.4309606682520273
P,42,101,5,50,3,True,categorical_subset,0.416,,0.312,3,0.416,1.0,0.9201999992132187,3.25,0.003141709508327143,0.4309606682520273
P,42,101,6,25,4,True,linear,0.17600001394748688,1.0,,,0.0,1.0,0.9201999992132187,3.25,0.0036104408459127256,0.2
P,42,101,6,25,4,True,mlp,0.19200000166893005,1.0,,,0.015999987721443176,1.0,0.9201999992132187,3.25,0.0036104408459127256,0.2
P,42,101,6,25,4,True,categorical_subset,0.2,,0.0,4,0.2,1.0,0.9201999992132187,3.25,0.0036104408459127256,0.2
P,42,101,6,50,4,True,linear,0.1680000126361847,1.0,,,-0.0559999942779541,1.0,0.9201999992132187,3.25,0.0036104408459127256,0.2
P,42,101,6,50,4,True,mlp,0.15200001001358032,1.0,,,-0.06399999558925629,1.0,0.9201999992132187,3.25,0.0036104408459127256,0.2
P,42,101,6,50,4,True,categorical_subset,0.2,,0.0,4,0.2,1.0,0.9201999992132187,3.25,0.0036104408459127256,0.2
P,42,101,7,25,4,True,linear,0.1680000126361847,1.0,,,-0.03999999165534973,1.0,0.9201999992132187,3.25,0.0017087744670103966,0.2
P,42,101,7,25,4,True,mlp,0.15200001001358032,1.0,,,-0.047999992966651917,1.0,0.9201999992132187,3.25,0.0017087744670103966,0.2
P,42,101,7,25,4,True,categorical_subset,0.2,,0.0,4,0.2,1.0,0.9201999992132187,3.25,0.0017087744670103966,0.2
P,42,101,7,50,4,True,linear,0.19200000166893005,1.0,,,-0.01600000262260437,1.0,0.9201999992132187,3.25,0.0017087744670103966,0.2
P,42,101,7,50,4,True,mlp,0.13600000739097595,1.0,,,-0.07999999821186066,1.0,0.9201999992132187,3.25,0.0017087744670103966,0.2
P,42,101,7,50,4,True,categorical_subset,0.2,,0.0,4,0.2,1.0,0.9201999992132187,3.25,0.0017087744670103966,0.2
M4,42,17,0,25,2,True,linear,0.24000000953674316,1.0,,,0.06399999558925629,1.0,0.9203999996185303,3.25,0.003959152499847858,0.7324894089285108
M4,42,17,0,25,2,True,mlp,0.20800000429153442,1.0,,,0.047999992966651917,1.0,0.9203999996185303,3.25,0.003959152499847858,0.7324894089285108
M4,42,17,0,25,2,True,categorical_subset,0.696,,0.6,2,0.696,1.0,0.9203999996185303,3.25,0.003959152499847858,0.7324894089285108
M4,42,17,0,50,2,True,linear,0.20000000298023224,1.0,,,0.031999990344047546,1.0,0.9203999996185303,3.25,0.003959152499847858,0.9151339579808615
M4,42,17,0,50,2,True,mlp,0.24800001084804535,1.0,,,0.10400000214576721,1.0,0.9203999996185303,3.25,0.003959152499847858,0.9151339579808615
M4,42,17,0,50,2,True,categorical_subset,0.872,,0.872,2,0.872,1.0,0.9203999996185303,3.25,0.003959152499847858,0.9151339579808615
M4,42,17,1,25,3,True,linear,0.2160000056028366,1.0,,,0.0559999942779541,1.0,0.9203999996185303,3.25,0.0026580041925657527,0.32284075972383636
M4,42,17,1,25,3,True,mlp,0.14400000870227814,1.0,,,-0.06399999558925629,1.0,0.9203999996185303,3.25,0.0026580041925657527,0.32284075972383636
M4,42,17,1,25,3,True,categorical_subset,0.312,,0.152,3,0.312,1.0,0.9203999996185303,3.25,0.0026580041925657527,0.32284075972383636
M4,42,17,1,50,3,True,linear,0.1680000126361847,1.0,,,-0.08799999952316284,1.0,0.9203999996185303,3.25,0.0026580041925657527,0.4309606682520273
M4,42,17,1,50,3,True,mlp,0.12000000476837158,1.0,,,-0.13600000739097595,1.0,0.9203999996185303,3.25,0.0026580041925657527,0.4309606682520273
M4,42,17,1,50,3,True,categorical_subset,0.44,,0.312,3,0.44,1.0,0.9203999996185303,3.25,0.0026580041925657527,0.4309606682520273
M4,42,17,2,25,3,True,linear,0.2160000056028366,1.0,,,0.008000001311302185,1.0,0.9203999996185303,3.25,0.001415252405313049,0.32284075972383636
M4,42,17,2,25,3,True,mlp,0.19200000166893005,1.0,,,0.015999987721443176,1.0,0.9203999996185303,3.25,0.001415252405313049,0.32284075972383636
M4,42,17,2,25,3,True,categorical_subset,0.328,,0.168,3,0.328,1.0,0.9203999996185303,3.25,0.001415252405313049,0.32284075972383636
M4,42,17,2,50,3,True,linear,0.19200000166893005,1.0,,,0.03999999165534973,1.0,0.9203999996185303,3.25,0.001415252405313049,0.4309606682520273
M4,42,17,2,50,3,True,mlp,0.1680000126361847,1.0,,,0.040000006556510925,1.0,0.9203999996185303,3.25,0.001415252405313049,0.4309606682520273
M4,42,17,2,50,3,True,categorical_subset,0.472,,0.344,3,0.472,1.0,0.9203999996185303,3.25,0.001415252405313049,0.4309606682520273
M4,42,17,3,25,3,True,linear,0.17600001394748688,1.0,,,0.06400001049041748,1.0,0.9203999996185303,3.25,0.002493137850591641,0.32284075972383636
M4,42,17,3,25,3,True,mlp,0.19200000166893005,1.0,,,0.06399999558925629,1.0,0.9203999996185303,3.25,0.002493137850591641,0.32284075972383636
M4,42,17,3,25,3,True,categorical_subset,0.288,,0.136,3,0.288,1.0,0.9203999996185303,3.25,0.002493137850591641,0.32284075972383636
M4,42,17,3,50,3,True,linear,0.2880000174045563,1.0,,,0.1120000034570694,1.0,0.9203999996185303,3.25,0.002493137850591641,0.4309606682520273
M4,42,17,3,50,3,True,mlp,0.25600001215934753,1.0,,,0.14400000870227814,1.0,0.9203999996185303,3.25,0.002493137850591641,0.4309606682520273
M4,42,17,3,50,3,True,categorical_subset,0.376,,0.24,3,0.376,1.0,0.9203999996185303,3.25,0.002493137850591641,0.4309606682520273
M4,42,17,4,25,3,True,linear,0.23200000822544098,1.0,,,-0.008000001311302185,1.0,0.9203999996185303,3.25,0.005811528151850737,0.32284075972383636
M4,42,17,4,25,3,True,mlp,0.2160000056028366,1.0,,,-0.14400000870227814,1.0,0.9203999996185303,3.25,0.005811528151850737,0.32284075972383636
M4,42,17,4,25,3,True,categorical_subset,0.304,,0.128,3,0.304,1.0,0.9203999996185303,3.25,0.005811528151850737,0.32284075972383636
M4,42,17,4,50,3,True,linear,0.20000000298023224,1.0,,,-0.09600000083446503,1.0,0.9203999996185303,3.25,0.005811528151850737,0.4309606682520273
M4,42,17,4,50,3,True,mlp,0.19200000166893005,1.0,,,-0.30400002002716064,1.0,0.9203999996185303,3.25,0.005811528151850737,0.4309606682520273
M4,42,17,4,50,3,True,categorical_subset,0.368,,0.216,3,0.368,1.0,0.9203999996185303,3.25,0.005811528151850737,0.4309606682520273
M4,42,17,5,25,2,True,linear,0.1680000126361847,1.0,,,-0.008000001311302185,1.0,0.9203999996185303,3.25,0.0059380360840879925,0.7324894089285108
M4,42,17,5,25,2,True,mlp,0.23200000822544098,1.0,,,0.08799999952316284,1.0,0.9203999996185303,3.25,0.0059380360840879925,0.7324894089285108
M4,42,17,5,25,2,True,categorical_subset,0.712,,0.68,2,0.712,1.0,0.9203999996185303,3.25,0.0059380360840879925,0.7324894089285108
M4,42,17,5,50,2,True,linear,0.14400000870227814,1.0,,,-0.01600000262260437,1.0,0.9203999996185303,3.25,0.0059380360840879925,0.9151339579808615
M4,42,17,5,50,2,True,mlp,0.23200000822544098,1.0,,,0.1120000034570694,1.0,0.9203999996185303,3.25,0.0059380360840879925,0.9151339579808615
M4,42,17,5,50,2,True,categorical_subset,0.872,,0.84,2,0.872,1.0,0.9203999996185303,3.25,0.0059380360840879925,0.9151339579808615
M4,42,17,6,25,4,True,linear,0.12000000476837158,1.0,,,-0.09600000083446503,1.0,0.9203999996185303,3.25,0.004392479881247459,0.2
M4,42,17,6,25,4,True,mlp,0.2160000056028366,1.0,,,0.03999999165534973,1.0,0.9203999996185303,3.25,0.004392479881247459,0.2
M4,42,17,6,25,4,True,categorical_subset,0.2,,0.0,4,0.2,1.0,0.9203999996185303,3.25,0.004392479881247459,0.2
M4,42,17,6,50,4,True,linear,0.18400001525878906,1.0,,,-0.02399998903274536,1.0,0.9203999996185303,3.25,0.004392479881247459,0.2
M4,42,17,6,50,4,True,mlp,0.19200000166893005,1.0,,,-0.008000001311302185,1.0,0.9203999996185303,3.25,0.004392479881247459,0.2
M4,42,17,6,50,4,True,categorical_subset,0.2,,0.0,4,0.2,1.0,0.9203999996185303,3.25,0.004392479881247459,0.2
M4,42,17,7,25,4,True,linear,0.20800000429153442,1.0,,,-0.0559999942779541,1.0,0.9203999996185303,3.25,0.0038250425536063143,0.2
M4,42,17,7,25,4,True,mlp,0.15200001001358032,1.0,,,-0.12799999117851257,1.0,0.9203999996185303,3.25,0.0038250425536063143,0.2
M4,42,17,7,25,4,True,categorical_subset,0.2,,0.0,4,0.2,1.0,0.9203999996185303,3.25,0.0038250425536063143,0.2
M4,42,17,7,50,4,True,linear,0.15200001001358032,1.0,,,-0.047999992966651917,1.0,0.9203999996185303,3.25,0.0038250425536063143,0.2
M4,42,17,7,50,4,True,mlp,0.14400000870227814,1.0,,,-0.03200000524520874,1.0,0.9203999996185303,3.25,0.0038250425536063143,0.2
M4,42,17,7,50,4,True,categorical_subset,0.2,,0.0,4,0.2,1.0,0.9203999996185303,3.25,0.0038250425536063143,0.2
M1,17,101,0,25,2,True,linear,0.24000000953674316,1.0,,,0.07199999690055847,1.0,0.9196399986743927,3.0,0.008194067049652936,0.7324894089285108
M1,17,101,0,25,2,True,mlp,0.20800000429153442,1.0,,,0.031999990344047546,1.0,0.9196399986743927,3.0,0.008194067049652936,0.7324894089285108
M1,17,101,0,25,2,True,categorical_subset,0.768,,0.656,2,0.768,1.0,0.9196399986743927,3.0,0.008194067049652936,0.7324894089285108
M1,17,101,0,50,2,True,linear,0.2639999985694885,1.0,,,0.12799999117851257,1.0,0.9196399986743927,3.0,0.008194067049652936,0.9151339579808615
M1,17,101,0,50,2,True,mlp,0.25600001215934753,1.0,,,0.056000009179115295,1.0,0.9196399986743927,3.0,0.008194067049652936,0.9151339579808615
M1,17,101,0,50,2,True,categorical_subset,0.976,,0.92,2,0.976,1.0,0.9196399986743927,3.0,0.008194067049652936,0.9151339579808615
M1,17,101,1,25,3,True,linear,0.18400001525878906,1.0,,,0.040000006556510925,1.0,0.9196399986743927,3.0,0.0011058635989441743,0.32284075972383636
M1,17,101,1,25,3,True,mlp,0.23200000822544098,1.0,,,0.1120000034570694,1.0,0.9196399986743927,3.0,0.0011058635989441743,0.32284075972383636
M1,17,101,1,25,3,True,categorical_subset,0.328,,0.168,3,0.328,1.0,0.9196399986743927,3.0,0.0011058635989441743,0.32284075972383636
M1,17,101,1,50,3,True,linear,0.1680000126361847,1.0,,,-0.008000001311302185,1.0,0.9196399986743927,3.0,0.0011058635989441743,0.4309606682520273
M1,17,101,1,50,3,True,mlp,0.14400000870227814,1.0,,,-0.024000003933906555,1.0,0.9196399986743927,3.0,0.0011058635989441743,0.4309606682520273
M1,17,101,1,50,3,True,categorical_subset,0.408,,0.256,3,0.408,1.0,0.9196399986743927,3.0,0.0011058635989441743,0.4309606682520273
M1,17,101,2,25,2,True,linear,0.20000000298023224,1.0,,,0.02399998903274536,1.0,0.9196399986743927,3.0,0.007805666928250634,0.7324894089285108
M1,17,101,2,25,2,True,mlp,0.2800000011920929,1.0,,,0.1119999885559082,1.0,0.9196399986743927,3.0,0.007805666928250634,0.7324894089285108
M1,17,101,2,25,2,True,categorical_subset,0.696,,0.6,2,0.696,1.0,0.9196399986743927,3.0,0.007805666928250634,0.7324894089285108
M1,17,101,2,50,2,True,linear,0.20000000298023224,1.0,,,0.008000001311302185,1.0,0.9196399986743927,3.0,0.007805666928250634,0.9151339579808615
M1,17,101,2,50,2,True,mlp,0.20800000429153442,1.0,,,0.0559999942779541,1.0,0.9196399986743927,3.0,0.007805666928250634,0.9151339579808615
M1,17,101,2,50,2,True,categorical_subset,1.0,,0.936,2,1.0,1.0,0.9196399986743927,3.0,0.007805666928250634,0.9151339579808615
M1,17,101,3,25,3,True,linear,0.24000000953674316,1.0,,,0.03200000524520874,1.0,0.9196399986743927,3.0,0.0008516424101753763,0.32284075972383636
M1,17,101,3,25,3,True,mlp,0.19200000166893005,1.0,,,0.0,1.0,0.9196399986743927,3.0,0.0008516424101753763,0.32284075972383636
M1,17,101,3,25,3,True,categorical_subset,0.312,,0.16,3,0.312,1.0,0.9196399986743927,3.0,0.0008516424101753763,0.32284075972383636
M1,17,101,3,50,3,True,linear,0.1680000126361847,1.0,,,0.01600000262260437,1.0,0.9196399986743927,3.0,0.0008516424101753763,0.4309606682520273
M1,17,101,3,50,3,True,mlp,0.1680000126361847,1.0,,,-0.01600000262260437,1.0,0.9196399986743927,3.0,0.0008516424101753763,0.4309606682520273
M1,17,101,3,50,3,True,categorical_subset,0.392,,0.248,3,0.392,1.0,0.9196399986743927,3.0,0.0008516424101753763,0.4309606682520273
M1,17,101,4,25,3,True,linear,0.13600000739097595,1.0,,,-0.0559999942779541,1.0,0.9196399986743927,3.0,0.00878934155112071,0.32284075972383636
M1,17,101,4,25,3,True,mlp,0.09600000083446503,1.0,,,-0.18400000035762787,1.0,0.9196399986743927,3.0,0.00878934155112071,0.32284075972383636
M1,17,101,4,25,3,True,categorical_subset,0.304,,0.104,3,0.304,1.0,0.9196399986743927,3.0,0.00878934155112071,0.32284075972383636
M1,17,101,4,50,3,True,linear,0.13600000739097595,1.0,,,-0.12000000476837158,1.0,0.9196399986743927,3.0,0.00878934155112071,0.4309606682520273
M1,17,101,4,50,3,True,mlp,0.1600000113248825,1.0,,,-0.17600001394748688,1.0,0.9196399986743927,3.0,0.00878934155112071,0.4309606682520273
M1,17,101,4,50,3,True,categorical_subset,0.4,,0.232,3,0.4,1.0,0.9196399986743927,3.0,0.00878934155112071,0.4309606682520273
M1,17,101,5,25,3,True,linear,0.1680000126361847,1.0,,,0.0,1.0,0.9196399986743927,3.0,0.0017433379331841747,0.32284075972383636
M1,17,101,5,25,3,True,mlp,0.20000000298023224,1.0,,,0.03999999165534973,1.0,0.9196399986743927,3.0,0.0017433379331841747,0.32284075972383636
M1,17,101,5,25,3,True,categorical_subset,0.296,,0.152,3,0.296,1.0,0.9196399986743927,3.0,0.0017433379331841747,0.32284075972383636
M1,17,101,5,50,3,True,linear,0.1600000113248825,1.0,,,-0.01600000262260437,1.0,0.9196399986743927,3.0,0.0017433379331841747,0.4309606682520273
M1,17,101,5,50,3,True,mlp,0.1600000113248825,1.0,,,0.024000003933906555,1.0,0.9196399986743927,3.0,0.0017433379331841747,0.4309606682520273
M1,17,101,5,50,3,True,categorical_subset,0.432,,0.296,3,0.432,1.0,0.9196399986743927,3.0,0.0017433379331841747,0.4309606682520273
M1,17,101,6,25,3,True,linear,0.17600001394748688,1.0,,,0.008000001311302185,1.0,0.9196399986743927,3.0,0.004186030253224413,0.32284075972383636
M1,17,101,6,25,3,True,mlp,0.15200001001358032,1.0,,,0.008000001311302185,1.0,0.9196399986743927,3.0,0.004186030253224413,0.32284075972383636
M1,17,101,6,25,3,True,categorical_subset,0.288,,0.12,3,0.288,1.0,0.9196399986743927,3.0,0.004186030253224413,0.32284075972383636
M1,17,101,6,50,3,True,linear,0.12000000476837158,1.0,,,-0.056000009179115295,1.0,0.9196399986743927,3.0,0.004186030253224413,0.4309606682520273
M1,17,101,6,50,3,True,mlp,0.13600000739097595,1.0,,,-0.03200000524520874,1.0,0.9196399986743927,3.0,0.004186030253224413,0.4309606682520273
M1,17,101,6,50,3,True,categorical_subset,0.408,,0.248,3,0.408,1.0,0.9196399986743927,3.0,0.004186030253224413,0.4309606682520273
M1,17,101,7,25,4,True,linear,0.1600000113248825,1.0,,,-0.008000001311302185,1.0,0.9196399986743927,3.0,0.0012457622115230253,0.2
M1,17,101,7,25,4,True,mlp,0.13600000739097595,1.0,,,-0.01600000262260437,1.0,0.9196399986743927,3.0,0.0012457622115230253,0.2
M1,17,101,7,25,4,True,categorical_subset,0.184,,0.112,3,0.184,1.0,0.9196399986743927,3.0,0.0012457622115230253,0.2
M1,17,101,7,50,4,True,linear,0.18400001525878906,1.0,,,-0.007999986410140991,1.0,0.9196399986743927,3.0,0.0012457622115230253,0.2
M1,17,101,7,50,4,True,mlp,0.17600001394748688,1.0,,,0.040000006556510925,1.0,0.9196399986743927,3.0,0.0012457622115230253,0.2
M1,17,101,7,50,4,True,categorical_subset,0.2,,0.0,4,0.2,1.0,0.9196399986743927,3.0,0.0012457622115230253,0.2
M3,101,17,0,25,2,True,linear,0.15200001001358032,1.0,,,-0.024000003933906555,1.0,0.9195199981331825,3.25,0.00013005051349181777,0.7324894089285108
M3,101,17,0,25,2,True,mlp,0.15200001001358032,1.0,,,-0.024000003933906555,1.0,0.9195199981331825,3.25,0.00013005051349181777,0.7324894089285108
M3,101,17,0,25,2,True,categorical_subset,0.672,,0.608,2,0.672,1.0,0.9195199981331825,3.25,0.00013005051349181777,0.7324894089285108
M3,101,17,0,50,2,True,linear,0.14400000870227814,1.0,,,0.024000003933906555,1.0,0.9195199981331825,3.25,0.00013005051349181777,0.9151339579808615
M3,101,17,0,50,2,True,mlp,0.12800000607967377,1.0,,,0.0,1.0,0.9195199981331825,3.25,0.00013005051349181777,0.9151339579808615
M3,101,17,0,50,2,True,categorical_subset,0.92,,0.88,2,0.92,1.0,0.9195199981331825,3.25,0.00013005051349181777,0.9151339579808615
M3,101,17,1,25,3,True,linear,0.15200001001358032,1.0,,,-0.01600000262260437,1.0,0.9195199981331825,3.25,0.00010548264973660296,0.32284075972383636
M3,101,17,1,25,3,True,mlp,0.12800000607967377,1.0,,,0.0,1.0,0.9195199981331825,3.25,0.00010548264973660296,0.32284075972383636
M3,101,17,1,25,3,True,categorical_subset,0.304,,0.12,3,0.304,1.0,0.9195199981331825,3.25,0.00010548264973660296,0.32284075972383636
M3,101,17,1,50,3,True,linear,0.20000000298023224,1.0,,,0.06399999558925629,1.0,0.9195199981331825,3.25,0.00010548264973660296,0.4309606682520273
M3,101,17,1,50,3,True,mlp,0.14400000870227814,1.0,,,0.008000001311302185,1.0,0.9195199981331825,3.25,0.00010548264973660296,0.4309606682520273
M3,101,17,1,50,3,True,categorical_subset,0.408,,0.264,3,0.408,1.0,0.9195199981331825,3.25,0.00010548264973660296,0.4309606682520273
M3,101,17,2,25,3,True,linear,0.1680000126361847,1.0,,,0.0,1.0,0.9195199981331825,3.25,0.0003923003524861755,0.32284075972383636
M3,101,17,2,25,3,True,mlp,0.12800000607967377,1.0,,,-0.040000006556510925,1.0,0.9195199981331825,3.25,0.0003923003524861755,0.32284075972383636
M3,101,17,2,25,3,True,categorical_subset,0.32,,0.144,3,0.32,1.0,0.9195199981331825,3.25,0.0003923003524861755,0.32284075972383636
M3,101,17,2,50,3,True,linear,0.15200001001358032,1.0,,,0.01600000262260437,1.0,0.9195199981331825,3.25,0.0003923003524861755,0.4309606682520273
M3,101,17,2,50,3,True,mlp,0.12800000607967377,1.0,,,-0.056000009179115295,1.0,0.9195199981331825,3.25,0.0003923003524861755,0.4309606682520273
M3,101,17,2,50,3,True,categorical_subset,0.44,,0.288,3,0.44,1.0,0.9195199981331825,3.25,0.0003923003524861755,0.4309606682520273
M3,101,17,3,25,3,True,linear,0.18400001525878906,1.0,,,0.0,1.0,0.9195199981331825,3.25,0.0032536258447146697,0.32284075972383636
M3,101,17,3,25,3,True,mlp,0.14400000870227814,1.0,,,-0.03200000524520874,1.0,0.9195199981331825,3.25,0.0032536258447146697,0.32284075972383636
M3,101,17,3,25,3,True,categorical_subset,0.288,,0.088,3,0.288,1.0,0.9195199981331825,3.25,0.0032536258447146697,0.32284075972383636
M3,101,17,3,50,3,True,linear,0.20800000429153442,1.0,,,0.02399998903274536,1.0,0.9195199981331825,3.25,0.0032536258447146697,0.4309606682520273
M3,101,17,3,50,3,True,mlp,0.1600000113248825,1.0,,,-0.0559999942779541,1.0,0.9195199981331825,3.25,0.0032536258447146697,0.4309606682520273
M3,101,17,3,50,3,True,categorical_subset,0.392,,0.224,3,0.392,1.0,0.9195199981331825,3.25,0.0032536258447146697,0.4309606682520273
M3,101,17,4,25,2,True,linear,0.20800000429153442,1.0,,,0.031999990344047546,1.0,0.9195199981331825,3.25,9.059338810368793e-05,0.7324894089285108
M3,101,17,4,25,2,True,mlp,0.14400000870227814,1.0,,,-0.01600000262260437,1.0,0.9195199981331825,3.25,9.059338810368793e-05,0.7324894089285108
M3,101,17,4,25,2,True,categorical_subset,0.712,,0.68,2,0.712,1.0,0.9195199981331825,3.25,9.059338810368793e-05,0.7324894089285108
M3,101,17,4,50,2,True,linear,0.14400000870227814,1.0,,,-0.008000001311302185,1.0,0.9195199981331825,3.25,9.059338810368793e-05,0.9151339579808615
M3,101,17,4,50,2,True,mlp,0.12000000476837158,1.0,,,-0.040000006556510925,1.0,0.9195199981331825,3.25,9.059338810368793e-05,0.9151339579808615
M3,101,17,4,50,2,True,categorical_subset,0.952,,0.952,2,0.952,1.0,0.9195199981331825,3.25,9.059338810368793e-05,0.9151339579808615
M3,101,17,5,25,3,True,linear,0.20800000429153442,1.0,,,0.047999992966651917,1.0,0.9195199981331825,3.25,0.0008734810536575159,0.32284075972383636
M3,101,17,5,25,3,True,mlp,0.18400001525878906,1.0,,,0.0,1.0,0.9195199981331825,3.25,0.0008734810536575159,0.32284075972383636
M3,101,17,5,25,3,True,categorical_subset,0.312,,0.128,3,0.312,1.0,0.9195199981331825,3.25,0.0008734810536575159,0.32284075972383636
M3,101,17,5,50,3,True,linear,0.17600001394748688,1.0,,,0.01600000262260437,1.0,0.9195199981331825,3.25,0.0008734810536575159,0.4309606682520273
M3,101,17,5,50,3,True,mlp,0.1680000126361847,1.0,,,0.01600000262260437,1.0,0.9195199981331825,3.25,0.0008734810536575159,0.4309606682520273
M3,101,17,5,50,3,True,categorical_subset,0.464,,0.296,3,0.464,1.0,0.9195199981331825,3.25,0.0008734810536575159,0.4309606682520273
M3,101,17,6,25,4,True,linear,0.12000000476837158,1.0,,,-0.040000006556510925,1.0,0.9195199981331825,3.25,0.0001627180607568578,0.2
M3,101,17,6,25,4,True,mlp,0.1600000113248825,1.0,,,0.024000003933906555,1.0,0.9195199981331825,3.25,0.0001627180607568578,0.2
M3,101,17,6,25,4,True,categorical_subset,0.152,,0.128,3,0.152,1.0,0.9195199981331825,3.25,0.0001627180607568578,0.2
M3,101,17,6,50,4,True,linear,0.10400000214576721,1.0,,,-0.008000001311302185,1.0,0.9195199981331825,3.25,0.0001627180607568578,0.2
M3,101,17,6,50,4,True,mlp,0.12000000476837158,1.0,,,0.024000003933906555,1.0,0.9195199981331825,3.25,0.0001627180607568578,0.2
M3,101,17,6,50,4,True,categorical_subset,0.2,,0.0,4,0.2,1.0,0.9195199981331825,3.25,0.0001627180607568578,0.2
M3,101,17,7,25,4,True,linear,0.1600000113248825,1.0,,,0.008000001311302185,1.0,0.9195199981331825,3.25,0.00391685836246521,0.2
M3,101,17,7,25,4,True,mlp,0.2240000069141388,1.0,,,0.06399999558925629,1.0,0.9195199981331825,3.25,0.00391685836246521,0.2
M3,101,17,7,25,4,True,categorical_subset,0.16,,0.208,3,0.16,1.0,0.9195199981331825,3.25,0.00391685836246521,0.2
M3,101,17,7,50,4,True,linear,0.2639999985694885,1.0,,,0.09599998593330383,1.0,0.9195199981331825,3.25,0.00391685836246521,0.2
M3,101,17,7,50,4,True,mlp,0.2720000147819519,1.0,,,0.15200001001358032,1.0,0.9195199981331825,3.25,0.00391685836246521,0.2
M3,101,17,7,50,4,True,categorical_subset,0.2,,0.0,4,0.2,1.0,0.9195199981331825,3.25,0.00391685836246521,0.2
M4,42,101,0,25,2,True,linear,0.19200000166893005,1.0,,,0.015999987721443176,1.0,0.9200799986720085,3.25,0.0034769652016607877,0.7324894089285108
M4,42,101,0,25,2,True,mlp,0.20800000429153442,1.0,,,0.047999992966651917,1.0,0.9200799986720085,3.25,0.0034769652016607877,0.7324894089285108
M4,42,101,0,25,2,True,categorical_subset,0.696,,0.6,2,0.696,1.0,0.9200799986720085,3.25,0.0034769652016607877,0.7324894089285108
M4,42,101,0,50,2,True,linear,0.12800000607967377,1.0,,,-0.056000009179115295,1.0,0.9200799986720085,3.25,0.0034769652016607877,0.9151339579808615
M4,42,101,0,50,2,True,mlp,0.1600000113248825,1.0,,,-0.03999999165534973,1.0,0.9200799986720085,3.25,0.0034769652016607877,0.9151339579808615
M4,42,101,0,50,2,True,categorical_subset,0.872,,0.872,2,0.872,1.0,0.9200799986720085,3.25,0.0034769652016607877,0.9151339579808615
M4,42,101,1,25,3,True,linear,0.2240000069141388,1.0,,,0.047999992966651917,1.0,0.9200799986720085,3.25,0.002788200135804158,0.32284075972383636
M4,42,101,1,25,3,True,mlp,0.20000000298023224,1.0,,,0.02399998903274536,1.0,0.9200799986720085,3.25,0.002788200135804158,0.32284075972383636
M4,42,101,1,25,3,True,categorical_subset,0.312,,0.152,3,0.312,1.0,0.9200799986720085,3.25,0.002788200135804158,0.32284075972383636
M4,42,101,1,50,3,True,linear,0.1680000126361847,1.0,,,-0.07999999821186066,1.0,0.9200799986720085,3.25,0.002788200135804158,0.4309606682520273
M4,42,101,1,50,3,True,mlp,0.19200000166893005,1.0,,,-0.024000003933906555,1.0,0.9200799986720085,3.25,0.002788200135804158,0.4309606682520273
M4,42,101,1,50,3,True,categorical_subset,0.44,,0.312,3,0.44,1.0,0.9200799986720085,3.25,0.002788200135804158,0.4309606682520273
M4,42,101,2,25,3,True,linear,0.1680000126361847,1.0,,,-0.031999990344047546,1.0,0.9200799986720085,3.25,0.0016796022013683093,0.32284075972383636
M4,42,101,2,25,3,True,mlp,0.14400000870227814,1.0,,,-0.0559999942779541,1.0,0.9200799986720085,3.25,0.0016796022013683093,0.32284075972383636
M4,42,101,2,25,3,True,categorical_subset,0.328,,0.168,3,0.328,1.0,0.9200799986720085,3.25,0.0016796022013683093,0.32284075972383636
M4,42,101,2,50,3,True,linear,0.14400000870227814,1.0,,,-0.024000003933906555,1.0,0.9200799986720085,3.25,0.0016796022013683093,0.4309606682520273
M4,42,101,2,50,3,True,mlp,0.13600000739097595,1.0,,,-0.01600000262260437,1.0,0.9200799986720085,3.25,0.0016796022013683093,0.4309606682520273
M4,42,101,2,50,3,True,categorical_subset,0.472,,0.344,3,0.472,1.0,0.9200799986720085,3.25,0.0016796022013683093,0.4309606682520273
M4,42,101,3,25,3,True,linear,0.1680000126361847,1.0,,,0.056000009179115295,1.0,0.9200799986720085,3.25,0.0018761448547918653,0.32284075972383636
M4,42,101,3,25,3,True,mlp,0.14400000870227814,1.0,,,0.0,1.0,0.9200799986720085,3.25,0.0018761448547918653,0.32284075972383636
M4,42,101,3,25,3,True,categorical_subset,0.288,,0.136,3,0.288,1.0,0.9200799986720085,3.25,0.0018761448547918653,0.32284075972383636
M4,42,101,3,50,3,True,linear,0.20800000429153442,1.0,,,0.08799999952316284,1.0,0.9200799986720085,3.25,0.0018761448547918653,0.4309606682520273
M4,42,101,3,50,3,True,mlp,0.17600001394748688,1.0,,,0.04800000786781311,1.0,0.9200799986720085,3.25,0.0018761448547918653,0.4309606682520273
M4,42,101,3,50,3,True,categorical_subset,0.376,,0.24,3,0.376,1.0,0.9200799986720085,3.25,0.0018761448547918653,0.4309606682520273
M4,42,101,4,25,3,True,linear,0.2240000069141388,1.0,,,0.047999992966651917,1.0,0.9200799986720085,3.25,0.005658245314011028,0.32284075972383636
M4,42,101,4,25,3,True,mlp,0.18400001525878906,1.0,,,-0.047999992966651917,1.0,0.9200799986720085,3.25,0.005658245314011028,0.32284075972383636
M4,42,101,4,25,3,True,categorical_subset,0.304,,0.128,3,0.304,1.0,0.9200799986720085,3.25,0.005658245314011028,0.32284075972383636
M4,42,101,4,50,3,True,linear,0.18400001525878906,1.0,,,-0.047999992966651917,1.0,0.9200799986720085,3.25,0.005658245314011028,0.4309606682520273
M4,42,101,4,50,3,True,mlp,0.20000000298023224,1.0,,,-0.18400000035762787,1.0,0.9200799986720085,3.25,0.005658245314011028,0.4309606682520273
M4,42,101,4,50,3,True,categorical_subset,0.368,,0.216,3,0.368,1.0,0.9200799986720085,3.25,0.005658245314011028,0.4309606682520273
M4,42,101,5,25,2,True,linear,0.24000000953674316,1.0,,,0.040000006556510925,1.0,0.9200799986720085,3.25,0.0037945502296376217,0.7324894089285108
M4,42,101,5,25,2,True,mlp,0.2160000056028366,1.0,,,-0.008000001311302185,1.0,0.9200799986720085,3.25,0.0037945502296376217,0.7324894089285108
M4,42,101,5,25,2,True,categorical_subset,0.712,,0.68,2,0.712,1.0,0.9200799986720085,3.25,0.0037945502296376217,0.7324894089285108
M4,42,101,5,50,2,True,linear,0.20000000298023224,1.0,,,0.015999987721443176,1.0,0.9200799986720085,3.25,0.0037945502296376217,0.9151339579808615
M4,42,101,5,50,2,True,mlp,0.18400001525878906,1.0,,,0.008000001311302185,1.0,0.9200799986720085,3.25,0.0037945502296376217,0.9151339579808615
M4,42,101,5,50,2,True,categorical_subset,0.872,,0.84,2,0.872,1.0,0.9200799986720085,3.25,0.0037945502296376217,0.9151339579808615
M4,42,101,6,25,4,True,linear,0.15200001001358032,1.0,,,-0.024000003933906555,1.0,0.9200799986720085,3.25,0.004506973356040858,0.2
M4,42,101,6,25,4,True,mlp,0.17600001394748688,1.0,,,0.0,1.0,0.9200799986720085,3.25,0.004506973356040858,0.2
M4,42,101,6,25,4,True,categorical_subset,0.2,,0.0,4,0.2,1.0,0.9200799986720085,3.25,0.004506973356040858,0.2
M4,42,101,6,50,4,True,linear,0.20800000429153442,1.0,,,-0.01600000262260437,1.0,0.9200799986720085,3.25,0.004506973356040858,0.2
M4,42,101,6,50,4,True,mlp,0.20800000429153442,1.0,,,-0.008000001311302185,1.0,0.9200799986720085,3.25,0.004506973356040858,0.2
M4,42,101,6,50,4,True,categorical_subset,0.2,,0.0,4,0.2,1.0,0.9200799986720085,3.25,0.004506973356040858,0.2
M4,42,101,7,25,4,True,linear,0.24800001084804535,1.0,,,0.040000006556510925,1.0,0.9200799986720085,3.25,0.003050390016024967,0.2
M4,42,101,7,25,4,True,mlp,0.1680000126361847,1.0,,,-0.031999990344047546,1.0,0.9200799986720085,3.25,0.003050390016024967,0.2
M4,42,101,7,25,4,True,categorical_subset,0.2,,0.0,4,0.2,1.0,0.9200799986720085,3.25,0.003050390016024967,0.2
M4,42,101,7,50,4,True,linear,0.19200000166893005,1.0,,,-0.01600000262260437,1.0,0.9200799986720085,3.25,0.003050390016024967,0.2
M4,42,101,7,50,4,True,mlp,0.18400001525878906,1.0,,,-0.031999990344047546,1.0,0.9200799986720085,3.25,0.003050390016024967,0.2
M4,42,101,7,50,4,True,categorical_subset,0.2,,0.0,4,0.2,1.0,0.9200799986720085,3.25,0.003050390016024967,0.2
M3,17,101,0,25,2,True,linear,0.23200000822544098,1.0,,,0.06399999558925629,1.0,0.9200800001621247,3.0,0.01018510304802876,0.7324894089285108
M3,17,101,0,25,2,True,mlp,0.24800001084804535,1.0,,,0.07199999690055847,1.0,0.9200800001621247,3.0,0.01018510304802876,0.7324894089285108
M3,17,101,0,25,2,True,categorical_subset,0.768,,0.656,2,0.768,1.0,0.9200800001621247,3.0,0.01018510304802876,0.7324894089285108
M3,17,101,0,50,2,True,linear,0.2720000147819519,1.0,,,0.13600000739097595,1.0,0.9200800001621247,3.0,0.01018510304802876,0.9151339579808615
M3,17,101,0,50,2,True,mlp,0.31200000643730164,1.0,,,0.1120000034570694,1.0,0.9200800001621247,3.0,0.01018510304802876,0.9151339579808615
M3,17,101,0,50,2,True,categorical_subset,0.976,,0.92,2,0.976,1.0,0.9200800001621247,3.0,0.01018510304802876,0.9151339579808615
M3,17,101,1,25,3,True,linear,0.20000000298023224,1.0,,,0.0559999942779541,1.0,0.9200800001621247,3.0,0.0007852649242424853,0.32284075972383636
M3,17,101,1,25,3,True,mlp,0.1600000113248825,1.0,,,0.040000006556510925,1.0,0.9200800001621247,3.0,0.0007852649242424853,0.32284075972383636
M3,17,101,1,25,3,True,categorical_subset,0.328,,0.168,3,0.328,1.0,0.9200800001621247,3.0,0.0007852649242424853,0.32284075972383636
M3,17,101,1,50,3,True,linear,0.12000000476837158,1.0,,,-0.056000009179115295,1.0,0.9200800001621247,3.0,0.0007852649242424853,0.4309606682520273
M3,17,101,1,50,3,True,mlp,0.12000000476837158,1.0,,,-0.04800000786781311,1.0,0.9200800001621247,3.0,0.0007852649242424853,0.4309606682520273
M3,17,101,1,50,3,True,categorical_subset,0.408,,0.256,3,0.408,1.0,0.9200800001621247,3.0,0.0007852649242424853,0.4309606682520273
M3,17,101,2,25,3,True,linear,0.19200000166893005,1.0,,,0.015999987721443176,1.0,0.9200800001621247,3.0,0.0028343714294867687,0.32284075972383636
M3,17,101,2,25,3,True,mlp,0.20800000429153442,1.0,,,0.03999999165534973,1.0,0.9200800001621247,3.0,0.0028343714294867687,0.32284075972383636
M3,17,101,2,25,3,True,categorical_subset,0.312,,0.136,3,0.312,1.0,0.9200800001621247,3.0,0.0028343714294867687,0.32284075972383636
M3,17,101,2,50,3,True,linear,0.17600001394748688,1.0,,,-0.015999987721443176,1.0,0.9200800001621247,3.0,0.0028343714294867687,0.4309606682520273
M3,17,101,2,50,3,True,mlp,0.17600001394748688,1.0,,,0.024000003933906555,1.0,0.9200800001621247,3.0,0.0028343714294867687,0.4309606682520273
M3,17,101,2,50,3,True,categorical_subset,0.44,,0.304,3,0.44,1.0,0.9200800001621247,3.0,0.0028343714294867687,0.4309606682520273
M3,17,101,3,25,3,True,linear,0.19200000166893005,1.0,,,-0.01600000262260437,1.0,0.9200800001621247,3.0,0.0005798095172506992,0.32284075972383636
M3,17,101,3,25,3,True,mlp,0.2160000056028366,1.0,,,0.024000003933906555,1.0,0.9200800001621247,3.0,0.0005798095172506992,0.32284075972383636
M3,17,101,3,25,3,True,categorical_subset,0.312,,0.16,3,0.312,1.0,0.9200800001621247,3.0,0.0005798095172506992,0.32284075972383636
M3,17,101,3,50,3,True,linear,0.15200001001358032,1.0,,,0.0,1.0,0.9200800001621247,3.0,0.0005798095172506992,0.4309606682520273
M3,17,101,3,50,3,True,mlp,0.13600000739097595,1.0,,,-0.04800000786781311,1.0,0.9200800001621247,3.0,0.0005798095172506992,0.4309606682520273
M3,17,101,3,50,3,True,categorical_subset,0.392,,0.248,3,0.392,1.0,0.9200800001621247,3.0,0.0005798095172506992,0.4309606682520273
M3,17,101,4,25,2,True,linear,0.2880000174045563,1.0,,,0.09600001573562622,1.0,0.9200800001621247,3.0,0.021990713522241544,0.7324894089285108
M3,17,101,4,25,2,True,mlp,0.2880000174045563,1.0,,,0.008000016212463379,1.0,0.9200800001621247,3.0,0.021990713522241544,0.7324894089285108
M3,17,101,4,25,2,True,categorical_subset,0.488,,0.352,2,0.488,1.0,0.9200800001621247,3.0,0.021990713522241544,0.7324894089285108
M3,17,101,4,50,2,True,linear,0.2880000174045563,1.0,,,0.03200000524520874,1.0,0.9200800001621247,3.0,0.021990713522241544,0.9151339579808615
M3,17,101,4,50,2,True,mlp,0.328000009059906,1.0,,,-0.008000016212463379,1.0,0.9200800001621247,3.0,0.021990713522241544,0.9151339579808615
M3,17,101,4,50,2,True,categorical_subset,0.856,,0.8,2,0.856,1.0,0.9200800001621247,3.0,0.021990713522241544,0.9151339579808615
M3,17,101,5,25,3,True,linear,0.18400001525878906,1.0,,,0.01600000262260437,1.0,0.9200800001621247,3.0,0.0020327974749899027,0.32284075972383636
M3,17,101,5,25,3,True,mlp,0.1680000126361847,1.0,,,0.008000001311302185,1.0,0.9200800001621247,3.0,0.0020327974749899027,0.32284075972383636
M3,17,101,5,25,3,True,categorical_subset,0.296,,0.152,3,0.296,1.0,0.9200800001621247,3.0,0.0020327974749899027,0.32284075972383636
M3,17,101,5,50,3,True,linear,0.1680000126361847,1.0,,,-0.008000001311302185,1.0,0.9200800001621247,3.0,0.0020327974749899027,0.4309606682520273
M3,17,101,5,50,3,True,mlp,0.1600000113248825,1.0,,,0.024000003933906555,1.0,0.9200800001621247,3.0,0.0020327974749899027,0.4309606682520273
M3,17,101,5,50,3,True,categorical_subset,0.432,,0.296,3,0.432,1.0,0.9200800001621247,3.0,0.0020327974749899027,0.4309606682520273
M3,17,101,6,25,4,True,linear,0.24800001084804535,1.0,,,0.07999999821186066,1.0,0.9200800001621247,3.0,0.012593635928398617,0.2
M3,17,101,6,25,4,True,mlp,0.2800000011920929,1.0,,,0.13599999248981476,1.0,0.9200800001621247,3.0,0.012593635928398617,0.2
M3,17,101,6,25,4,True,categorical_subset,0.2,,0.0,4,0.2,1.0,0.9200800001621247,3.0,0.012593635928398617,0.2
M3,17,101,6,50,4,True,linear,0.328000009059906,1.0,,,0.15199999511241913,1.0,0.9200800001621247,3.0,0.012593635928398617,0.2
M3,17,101,6,50,4,True,mlp,0.30400002002716064,1.0,,,0.13600000739097595,1.0,0.9200800001621247,3.0,0.012593635928398617,0.2
M3,17,101,6,50,4,True,categorical_subset,0.2,,0.0,4,0.2,1.0,0.9200800001621247,3.0,0.012593635928398617,0.2
M3,17,101,7,25,4,True,linear,0.17600001394748688,1.0,,,0.008000001311302185,1.0,0.9200800001621247,3.0,0.0010036946632120977,0.2
M3,17,101,7,25,4,True,mlp,0.19200000166893005,1.0,,,0.03999999165534973,1.0,0.9200800001621247,3.0,0.0010036946632120977,0.2
M3,17,101,7,25,4,True,categorical_subset,0.2,,0.0,4,0.2,1.0,0.9200800001621247,3.0,0.0010036946632120977,0.2
M3,17,101,7,50,4,True,linear,0.19200000166893005,1.0,,,0.0,1.0,0.9200800001621247,3.0,0.0010036946632120977,0.2
M3,17,101,7,50,4,True,mlp,0.1680000126361847,1.0,,,0.03200000524520874,1.0,0.9200800001621247,3.0,0.0010036946632120977,0.2
M3,17,101,7,50,4,True,categorical_subset,0.2,,0.0,4,0.2,1.0,0.9200800001621247,3.0,0.0010036946632120977,0.2
P,17,101,0,25,2,True,linear,0.2240000069141388,1.0,,,0.0559999942779541,1.0,0.9196799993515015,3.25,0.019824872152848644,0.7324894089285108
P,17,101,0,25,2,True,mlp,0.24000000953674316,1.0,,,0.06399999558925629,1.0,0.9196799993515015,3.25,0.019824872152848644,0.7324894089285108
P,17,101,0,25,2,True,categorical_subset,0.768,,0.656,2,0.768,1.0,0.9196799993515015,3.25,0.019824872152848644,0.7324894089285108
P,17,101,0,50,2,True,linear,0.31200000643730164,1.0,,,0.17599999904632568,1.0,0.9196799993515015,3.25,0.019824872152848644,0.9151339579808615
P,17,101,0,50,2,True,mlp,0.3440000116825104,1.0,,,0.14400000870227814,1.0,0.9196799993515015,3.25,0.019824872152848644,0.9151339579808615
P,17,101,0,50,2,True,categorical_subset,0.976,,0.92,2,0.976,1.0,0.9196799993515015,3.25,0.019824872152848644,0.9151339579808615
P,17,101,1,25,2,True,linear,0.2720000147819519,1.0,,,0.12800000607967377,1.0,0.9196799993515015,3.25,0.004671639242043125,0.7324894089285108
P,17,101,1,25,2,True,mlp,0.24000000953674316,1.0,,,0.12000000476837158,1.0,0.9196799993515015,3.25,0.004671639242043125,0.7324894089285108
P,17,101,1,25,2,True,categorical_subset,0.696,,0.672,2,0.696,1.0,0.9196799993515015,3.25,0.004671639242043125,0.7324894089285108
P,17,101,1,50,2,True,linear,0.29600000381469727,1.0,,,0.11999998986721039,1.0,0.9196799993515015,3.25,0.004671639242043125,0.9151339579808615
P,17,101,1,50,2,True,mlp,0.30400002002716064,1.0,,,0.13600000739097595,1.0,0.9196799993515015,3.25,0.004671639242043125,0.9151339579808615
P,17,101,1,50,2,True,categorical_subset,0.816,,0.816,2,0.816,1.0,0.9196799993515015,3.25,0.004671639242043125,0.9151339579808615
P,17,101,2,25,3,True,linear,0.23200000822544098,1.0,,,0.0559999942779541,1.0,0.9196799993515015,3.25,0.0025192112000051196,0.32284075972383636
P,17,101,2,25,3,True,mlp,0.24000000953674316,1.0,,,0.07199999690055847,1.0,0.9196799993515015,3.25,0.0025192112000051196,0.32284075972383636
P,17,101,2,25,3,True,categorical_subset,0.312,,0.136,3,0.312,1.0,0.9196799993515015,3.25,0.0025192112000051196,0.32284075972383636
P,17,101,2,50,3,True,linear,0.24000000953674316,1.0,,,0.04800000786781311,1.0,0.9196799993515015,3.25,0.0025192112000051196,0.4309606682520273
P,17,101,2,50,3,True,mlp,0.2240000069141388,1.0,,,0.07199999690055847,1.0,0.9196799993515015,3.25,0.0025192112000051196,0.4309606682520273
P,17,101,2,50,3,True,categorical_subset,0.44,,0.304,3,0.44,1.0,0.9196799993515015,3.25,0.0025192112000051196,0.4309606682520273
P,17,101,3,25,3,True,linear,0.1680000126361847,1.0,,,-0.03999999165534973,1.0,0.9196799993515015,3.25,0.0005202107584162786,0.32284075972383636
P,17,101,3,25,3,True,mlp,0.18400001525878906,1.0,,,-0.007999986410140991,1.0,0.9196799993515015,3.25,0.0005202107584162786,0.32284075972383636
P,17,101,3,25,3,True,categorical_subset,0.312,,0.16,3,0.312,1.0,0.9196799993515015,3.25,0.0005202107584162786,0.32284075972383636
P,17,101,3,50,3,True,linear,0.13600000739097595,1.0,,,-0.01600000262260437,1.0,0.9196799993515015,3.25,0.0005202107584162786,0.4309606682520273
P,17,101,3,50,3,True,mlp,0.17600001394748688,1.0,,,-0.008000001311302185,1.0,0.9196799993515015,3.25,0.0005202107584162786,0.4309606682520273
P,17,101,3,50,3,True,categorical_subset,0.392,,0.248,3,0.392,1.0,0.9196799993515015,3.25,0.0005202107584162786,0.4309606682520273
P,17,101,4,25,3,True,linear,0.18400001525878906,1.0,,,-0.007999986410140991,1.0,0.9196799993515015,3.25,0.006270186761280047,0.32284075972383636
P,17,101,4,25,3,True,mlp,0.15200001001358032,1.0,,,-0.12799999117851257,1.0,0.9196799993515015,3.25,0.006270186761280047,0.32284075972383636
P,17,101,4,25,3,True,categorical_subset,0.304,,0.104,3,0.304,1.0,0.9196799993515015,3.25,0.006270186761280047,0.32284075972383636
P,17,101,4,50,3,True,linear,0.13600000739097595,1.0,,,-0.12000000476837158,1.0,0.9196799993515015,3.25,0.006270186761280047,0.4309606682520273
P,17,101,4,50,3,True,mlp,0.1680000126361847,1.0,,,-0.1680000126361847,1.0,0.9196799993515015,3.25,0.006270186761280047,0.4309606682520273
P,17,101,4,50,3,True,categorical_subset,0.4,,0.232,3,0.4,1.0,0.9196799993515015,3.25,0.006270186761280047,0.4309606682520273
P,17,101,5,25,3,True,linear,0.1680000126361847,1.0,,,0.0,1.0,0.9196799993515015,3.25,0.001985017208820417,0.32284075972383636
P,17,101,5,25,3,True,mlp,0.20800000429153442,1.0,,,0.047999992966651917,1.0,0.9196799993515015,3.25,0.001985017208820417,0.32284075972383636
P,17,101,5,25,3,True,categorical_subset,0.296,,0.152,3,0.296,1.0,0.9196799993515015,3.25,0.001985017208820417,0.32284075972383636
P,17,101,5,50,3,True,linear,0.20000000298023224,1.0,,,0.02399998903274536,1.0,0.9196799993515015,3.25,0.001985017208820417,0.4309606682520273
P,17,101,5,50,3,True,mlp,0.18400001525878906,1.0,,,0.04800000786781311,1.0,0.9196799993515015,3.25,0.001985017208820417,0.4309606682520273
P,17,101,5,50,3,True,categorical_subset,0.432,,0.296,3,0.432,1.0,0.9196799993515015,3.25,0.001985017208820417,0.4309606682520273
P,17,101,6,25,4,True,linear,0.25600001215934753,1.0,,,0.08799999952316284,1.0,0.9196799993515015,3.25,0.0023821469995586124,0.2
P,17,101,6,25,4,True,mlp,0.2160000056028366,1.0,,,0.07199999690055847,1.0,0.9196799993515015,3.25,0.0023821469995586124,0.2
P,17,101,6,25,4,True,categorical_subset,0.2,,0.0,4,0.2,1.0,0.9196799993515015,3.25,0.0023821469995586124,0.2
P,17,101,6,50,4,True,linear,0.24800001084804535,1.0,,,0.07199999690055847,1.0,0.9196799993515015,3.25,0.0023821469995586124,0.2
P,17,101,6,50,4,True,mlp,0.24800001084804535,1.0,,,0.07999999821186066,1.0,0.9196799993515015,3.25,0.0023821469995586124,0.2
P,17,101,6,50,4,True,categorical_subset,0.2,,0.0,4,0.2,1.0,0.9196799993515015,3.25,0.0023821469995586124,0.2
P,17,101,7,25,4,True,linear,0.1680000126361847,1.0,,,0.0,1.0,0.9196799993515015,3.25,0.001531958425880671,0.2
P,17,101,7,25,4,True,mlp,0.17600001394748688,1.0,,,0.024000003933906555,1.0,0.9196799993515015,3.25,0.001531958425880671,0.2
P,17,101,7,25,4,True,categorical_subset,0.2,,0.0,4,0.2,1.0,0.9196799993515015,3.25,0.001531958425880671,0.2
P,17,101,7,50,4,True,linear,0.17600001394748688,1.0,,,-0.015999987721443176,1.0,0.9196799993515015,3.25,0.001531958425880671,0.2
P,17,101,7,50,4,True,mlp,0.1680000126361847,1.0,,,0.03200000524520874,1.0,0.9196799993515015,3.25,0.001531958425880671,0.2
P,17,101,7,50,4,True,categorical_subset,0.2,,0.0,4,0.2,1.0,0.9196799993515015,3.25,0.001531958425880671,0.2
M4,101,101,0,25,2,True,linear,0.2160000056028366,1.0,,,0.07199999690055847,1.0,0.9210399985313416,3.25,0.0008074368818099431,0.7324894089285108
M4,101,101,0,25,2,True,mlp,0.20800000429153442,1.0,,,0.08799999952316284,1.0,0.9210399985313416,3.25,0.0008074368818099431,0.7324894089285108
M4,101,101,0,25,2,True,categorical_subset,0.672,,0.608,2,0.672,1.0,0.9210399985313416,3.25,0.0008074368818099431,0.7324894089285108
M4,101,101,0,50,2,True,linear,0.18400001525878906,1.0,,,0.08000001311302185,1.0,0.9210399985313416,3.25,0.0008074368818099431,0.9151339579808615
M4,101,101,0,50,2,True,mlp,0.18400001525878906,1.0,,,0.08800001442432404,1.0,0.9210399985313416,3.25,0.0008074368818099431,0.9151339579808615
M4,101,101,0,50,2,True,categorical_subset,0.92,,0.88,2,0.92,1.0,0.9210399985313416,3.25,0.0008074368818099431,0.9151339579808615
M4,101,101,1,25,3,True,linear,0.17600001394748688,1.0,,,0.01600000262260437,1.0,0.9210399985313416,3.25,0.005979570985517731,0.32284075972383636
M4,101,101,1,25,3,True,mlp,0.20800000429153442,1.0,,,0.07999999821186066,1.0,0.9210399985313416,3.25,0.005979570985517731,0.32284075972383636
M4,101,101,1,25,3,True,categorical_subset,0.304,,0.12,3,0.304,1.0,0.9210399985313416,3.25,0.005979570985517731,0.32284075972383636
M4,101,101,1,50,3,True,linear,0.2240000069141388,1.0,,,0.07199999690055847,1.0,0.9210399985313416,3.25,0.005979570985517731,0.4309606682520273
M4,101,101,1,50,3,True,mlp,0.2160000056028366,1.0,,,0.12000000476837158,1.0,0.9210399985313416,3.25,0.005979570985517731,0.4309606682520273
M4,101,101,1,50,3,True,categorical_subset,0.408,,0.264,3,0.408,1.0,0.9210399985313416,3.25,0.005979570985517731,0.4309606682520273
M4,101,101,2,25,3,True,linear,0.2160000056028366,1.0,,,0.01600000262260437,1.0,0.9210399985313416,3.25,0.0023557733865998184,0.32284075972383636
M4,101,101,2,25,3,True,mlp,0.17600001394748688,1.0,,,0.01600000262260437,1.0,0.9210399985313416,3.25,0.0023557733865998184,0.32284075972383636
M4,101,101,2,25,3,True,categorical_subset,0.32,,0.144,3,0.32,1.0,0.9210399985313416,3.25,0.0023557733865998184,0.32284075972383636
M4,101,101,2,50,3,True,linear,0.1680000126361847,1.0,,,-0.01600000262260437,1.0,0.9210399985313416,3.25,0.0023557733865998184,0.4309606682520273
M4,101,101,2,50,3,True,mlp,0.12800000607967377,1.0,,,-0.04800000786781311,1.0,0.9210399985313416,3.25,0.0023557733865998184,0.4309606682520273
M4,101,101,2,50,3,True,categorical_subset,0.44,,0.288,3,0.44,1.0,0.9210399985313416,3.25,0.0023557733865998184,0.4309606682520273
M4,101,101,3,25,3,True,linear,0.19200000166893005,1.0,,,0.031999990344047546,1.0,0.9210399985313416,3.25,0.0032958287554704824,0.32284075972383636
M4,101,101,3,25,3,True,mlp,0.1600000113248825,1.0,,,0.024000003933906555,1.0,0.9210399985313416,3.25,0.0032958287554704824,0.32284075972383636
M4,101,101,3,25,3,True,categorical_subset,0.288,,0.088,3,0.288,1.0,0.9210399985313416,3.25,0.0032958287554704824,0.32284075972383636
M4,101,101,3,50,3,True,linear,0.1680000126361847,1.0,,,-0.031999990344047546,1.0,0.9210399985313416,3.25,0.0032958287554704824,0.4309606682520273
M4,101,101,3,50,3,True,mlp,0.14400000870227814,1.0,,,-0.07199999690055847,1.0,0.9210399985313416,3.25,0.0032958287554704824,0.4309606682520273
M4,101,101,3,50,3,True,categorical_subset,0.392,,0.224,3,0.392,1.0,0.9210399985313416,3.25,0.0032958287554704824,0.4309606682520273
M4,101,101,4,25,3,True,linear,0.24800001084804535,1.0,,,0.08799999952316284,1.0,0.9210399985313416,3.25,0.0009873585769470082,0.32284075972383636
M4,101,101,4,25,3,True,mlp,0.20800000429153442,1.0,,,0.0559999942779541,1.0,0.9210399985313416,3.25,0.0009873585769470082,0.32284075972383636
M4,101,101,4,25,3,True,categorical_subset,0.384,,0.208,3,0.384,1.0,0.9210399985313416,3.25,0.0009873585769470082,0.32284075972383636
M4,101,101,4,50,3,True,linear,0.2160000056028366,1.0,,,0.09600000083446503,1.0,0.9210399985313416,3.25,0.0009873585769470082,0.4309606682520273
M4,101,101,4,50,3,True,mlp,0.2160000056028366,1.0,,,0.07199999690055847,1.0,0.9210399985313416,3.25,0.0009873585769470082,0.4309606682520273
M4,101,101,4,50,3,True,categorical_subset,0.52,,0.376,3,0.52,1.0,0.9210399985313416,3.25,0.0009873585769470082,0.4309606682520273
M4,101,101,5,25,2,True,linear,0.1600000113248825,1.0,,,-0.008000001311302185,1.0,0.9210399985313416,3.25,0.0026131966948774793,0.7324894089285108
M4,101,101,5,25,2,True,mlp,0.20800000429153442,1.0,,,0.047999992966651917,1.0,0.9210399985313416,3.25,0.0026131966948774793,0.7324894089285108
M4,101,101,5,25,2,True,categorical_subset,0.728,,0.656,2,0.728,1.0,0.9210399985313416,3.25,0.0026131966948774793,0.7324894089285108
M4,101,101,5,50,2,True,linear,0.2240000069141388,1.0,,,0.0559999942779541,1.0,0.9210399985313416,3.25,0.0026131966948774793,0.9151339579808615
M4,101,101,5,50,2,True,mlp,0.24800001084804535,1.0,,,0.07199999690055847,1.0,0.9210399985313416,3.25,0.0026131966948774793,0.9151339579808615
M4,101,101,5,50,2,True,categorical_subset,0.952,,0.928,2,0.952,1.0,0.9210399985313416,3.25,0.0026131966948774793,0.9151339579808615
M4,101,101,6,25,4,True,linear,0.1600000113248825,1.0,,,0.008000001311302185,1.0,0.9210399985313416,3.25,0.0009938738041413552,0.2
M4,101,101,6,25,4,True,mlp,0.1600000113248825,1.0,,,0.040000006556510925,1.0,0.9210399985313416,3.25,0.0009938738041413552,0.2
M4,101,101,6,25,4,True,categorical_subset,0.152,,0.128,3,0.152,1.0,0.9210399985313416,3.25,0.0009938738041413552,0.2
M4,101,101,6,50,4,True,linear,0.13600000739097595,1.0,,,0.008000001311302185,1.0,0.9210399985313416,3.25,0.0009938738041413552,0.2
M4,101,101,6,50,4,True,mlp,0.1600000113248825,1.0,,,0.07200000435113907,1.0,0.9210399985313416,3.25,0.0009938738041413552,0.2
M4,101,101,6,50,4,True,categorical_subset,0.2,,0.0,4,0.2,1.0,0.9210399985313416,3.25,0.0009938738041413552,0.2
M4,101,101,7,25,4,True,linear,0.20000000298023224,1.0,,,0.015999987721443176,1.0,0.9210399985313416,3.25,0.009156317068841825,0.2
M4,101,101,7,25,4,True,mlp,0.18400001525878906,1.0,,,0.056000009179115295,1.0,0.9210399985313416,3.25,0.009156317068841825,0.2
M4,101,101,7,25,4,True,categorical_subset,0.16,,0.208,3,0.16,1.0,0.9210399985313416,3.25,0.009156317068841825,0.2
M4,101,101,7,50,4,True,linear,0.24000000953674316,1.0,,,0.12800000607967377,1.0,0.9210399985313416,3.25,0.009156317068841825,0.2
M4,101,101,7,50,4,True,mlp,0.2240000069141388,1.0,,,0.08799999952316284,1.0,0.9210399985313416,3.25,0.009156317068841825,0.2
M4,101,101,7,50,4,True,categorical_subset,0.2,,0.0,4,0.2,1.0,0.9210399985313416,3.25,0.009156317068841825,0.2
M4,101,17,0,25,2,True,linear,0.15200001001358032,1.0,,,-0.024000003933906555,1.0,0.9201199978590011,3.25,0.0005825810432855815,0.7324894089285108
M4,101,17,0,25,2,True,mlp,0.15200001001358032,1.0,,,-0.024000003933906555,1.0,0.9201199978590011,3.25,0.0005825810432855815,0.7324894089285108
M4,101,17,0,25,2,True,categorical_subset,0.672,,0.608,2,0.672,1.0,0.9201199978590011,3.25,0.0005825810432855815,0.7324894089285108
M4,101,17,0,50,2,True,linear,0.20800000429153442,1.0,,,0.08799999952316284,1.0,0.9201199978590011,3.25,0.0005825810432855815,0.9151339579808615
M4,101,17,0,50,2,True,mlp,0.2160000056028366,1.0,,,0.08799999952316284,1.0,0.9201199978590011,3.25,0.0005825810432855815,0.9151339579808615
M4,101,17,0,50,2,True,categorical_subset,0.92,,0.88,2,0.92,1.0,0.9201199978590011,3.25,0.0005825810432855815,0.9151339579808615
M4,101,17,1,25,3,True,linear,0.20000000298023224,1.0,,,0.031999990344047546,1.0,0.9201199978590011,3.25,0.005772732515080796,0.32284075972383636
M4,101,17,1,25,3,True,mlp,0.1600000113248825,1.0,,,0.03200000524520874,1.0,0.9201199978590011,3.25,0.005772732515080796,0.32284075972383636
M4,101,17,1,25,3,True,categorical_subset,0.304,,0.12,3,0.304,1.0,0.9201199978590011,3.25,0.005772732515080796,0.32284075972383636
M4,101,17,1,50,3,True,linear,0.17600001394748688,1.0,,,0.040000006556510925,1.0,0.9201199978590011,3.25,0.005772732515080796,0.4309606682520273
M4,101,17,1,50,3,True,mlp,0.18400001525878906,1.0,,,0.04800000786781311,1.0,0.9201199978590011,3.25,0.005772732515080796,0.4309606682520273
M4,101,17,1,50,3,True,categorical_subset,0.408,,0.264,3,0.408,1.0,0.9201199978590011,3.25,0.005772732515080796,0.4309606682520273
M4,101,17,2,25,3,True,linear,0.18400001525878906,1.0,,,0.01600000262260437,1.0,0.9201199978590011,3.25,0.0021460467190761168,0.32284075972383636
M4,101,17,2,25,3,True,mlp,0.19200000166893005,1.0,,,0.02399998903274536,1.0,0.9201199978590011,3.25,0.0021460467190761168,0.32284075972383636
M4,101,17,2,25,3,True,categorical_subset,0.32,,0.144,3,0.32,1.0,0.9201199978590011,3.25,0.0021460467190761168,0.32284075972383636
M4,101,17,2,50,3,True,linear,0.14400000870227814,1.0,,,0.008000001311302185,1.0,0.9201199978590011,3.25,0.0021460467190761168,0.4309606682520273
M4,101,17,2,50,3,True,mlp,0.13600000739097595,1.0,,,-0.04800000786781311,1.0,0.9201199978590011,3.25,0.0021460467190761168,0.4309606682520273
M4,101,17,2,50,3,True,categorical_subset,0.44,,0.288,3,0.44,1.0,0.9201199978590011,3.25,0.0021460467190761168,0.4309606682520273
M4,101,17,3,25,3,True,linear,0.17600001394748688,1.0,,,-0.008000001311302185,1.0,0.9201199978590011,3.25,0.003588099921018383,0.32284075972383636
M4,101,17,3,25,3,True,mlp,0.24000000953674316,1.0,,,0.06399999558925629,1.0,0.9201199978590011,3.25,0.003588099921018383,0.32284075972383636
M4,101,17,3,25,3,True,categorical_subset,0.288,,0.088,3,0.288,1.0,0.9201199978590011,3.25,0.003588099921018383,0.32284075972383636
M4,101,17,3,50,3,True,linear,0.14400000870227814,1.0,,,-0.040000006556510925,1.0,0.9201199978590011,3.25,0.003588099921018383,0.4309606682520273
M4,101,17,3,50,3,True,mlp,0.17600001394748688,1.0,,,-0.03999999165534973,1.0,0.9201199978590011,3.25,0.003588099921018383,0.4309606682520273
M4,101,17,3,50,3,True,categorical_subset,0.392,,0.224,3,0.392,1.0,0.9201199978590011,3.25,0.003588099921018383,0.4309606682520273
M4,101,17,4,25,3,True,linear,0.13600000739097595,1.0,,,-0.040000006556510925,1.0,0.9201199978590011,3.25,0.0006431164209213345,0.32284075972383636
M4,101,17,4,25,3,True,mlp,0.2240000069141388,1.0,,,0.06399999558925629,1.0,0.9201199978590011,3.25,0.0006431164209213345,0.32284075972383636
M4,101,17,4,25,3,True,categorical_subset,0.384,,0.208,3,0.384,1.0,0.9201199978590011,3.25,0.0006431164209213345,0.32284075972383636
M4,101,17,4,50,3,True,linear,0.14400000870227814,1.0,,,-0.008000001311302185,1.0,0.9201199978590011,3.25,0.0006431164209213345,0.4309606682520273
M4,101,17,4,50,3,True,mlp,0.13600000739097595,1.0,,,-0.024000003933906555,1.0,0.9201199978590011,3.25,0.0006431164209213345,0.4309606682520273
M4,101,17,4,50,3,True,categorical_subset,0.52,,0.376,3,0.52,1.0,0.9201199978590011,3.25,0.0006431164209213345,0.4309606682520273
M4,101,17,5,25,2,True,linear,0.1680000126361847,1.0,,,0.008000001311302185,1.0,0.9201199978590011,3.25,0.003823538131465984,0.7324894089285108
M4,101,17,5,25,2,True,mlp,0.17600001394748688,1.0,,,-0.008000001311302185,1.0,0.9201199978590011,3.25,0.003823538131465984,0.7324894089285108
M4,101,17,5,25,2,True,categorical_subset,0.728,,0.656,2,0.728,1.0,0.9201199978590011,3.25,0.003823538131465984,0.7324894089285108
M4,101,17,5,50,2,True,linear,0.24000000953674316,1.0,,,0.07999999821186066,1.0,0.9201199978590011,3.25,0.003823538131465984,0.9151339579808615
M4,101,17,5,50,2,True,mlp,0.24000000953674316,1.0,,,0.08799999952316284,1.0,0.9201199978590011,3.25,0.003823538131465984,0.9151339579808615
M4,101,17,5,50,2,True,categorical_subset,0.952,,0.928,2,0.952,1.0,0.9201199978590011,3.25,0.003823538131465984,0.9151339579808615
M4,101,17,6,25,4,True,linear,0.17600001394748688,1.0,,,0.01600000262260437,1.0,0.9201199978590011,3.25,0.0009159571670748607,0.2
M4,101,17,6,25,4,True,mlp,0.1680000126361847,1.0,,,0.03200000524520874,1.0,0.9201199978590011,3.25,0.0009159571670748607,0.2
M4,101,17,6,25,4,True,categorical_subset,0.152,,0.128,3,0.152,1.0,0.9201199978590011,3.25,0.0009159571670748607,0.2
M4,101,17,6,50,4,True,linear,0.19200000166893005,1.0,,,0.07999999821186066,1.0,0.9201199978590011,3.25,0.0009159571670748607,0.2
M4,101,17,6,50,4,True,mlp,0.1680000126361847,1.0,,,0.07200001180171967,1.0,0.9201199978590011,3.25,0.0009159571670748607,0.2
M4,101,17,6,50,4,True,categorical_subset,0.2,,0.0,4,0.2,1.0,0.9201199978590011,3.25,0.0009159571670748607,0.2
M4,101,17,7,25,4,True,linear,0.19200000166893005,1.0,,,0.03999999165534973,1.0,0.9201199978590011,3.25,0.007271038290236091,0.2
M4,101,17,7,25,4,True,mlp,0.20800000429153442,1.0,,,0.047999992966651917,1.0,0.9201199978590011,3.25,0.007271038290236091,0.2
M4,101,17,7,25,4,True,categorical_subset,0.16,,0.208,3,0.16,1.0,0.9201199978590011,3.25,0.007271038290236091,0.2
M4,101,17,7,50,4,True,linear,0.24000000953674316,1.0,,,0.07199999690055847,1.0,0.9201199978590011,3.25,0.007271038290236091,0.2
M4,101,17,7,50,4,True,mlp,0.2639999985694885,1.0,,,0.14399999380111694,1.0,0.9201199978590011,3.25,0.007271038290236091,0.2
M4,101,17,7,50,4,True,categorical_subset,0.2,,0.0,4,0.2,1.0,0.9201199978590011,3.25,0.007271038290236091,0.2
M1,42,101,0,25,2,True,linear,0.23200000822544098,1.0,,,0.0559999942779541,1.0,0.9203599989414215,3.0,0.0019565654962595378,0.7324894089285108
M1,42,101,0,25,2,True,mlp,0.2240000069141388,1.0,,,0.06399999558925629,1.0,0.9203599989414215,3.0,0.0019565654962595378,0.7324894089285108
M1,42,101,0,25,2,True,categorical_subset,0.696,,0.6,2,0.696,1.0,0.9203599989414215,3.0,0.0019565654962595378,0.7324894089285108
M1,42,101,0,50,2,True,linear,0.23200000822544098,1.0,,,0.047999992966651917,1.0,0.9203599989414215,3.0,0.0019565654962595378,0.9151339579808615
M1,42,101,0,50,2,True,mlp,0.2240000069141388,1.0,,,0.024000003933906555,1.0,0.9203599989414215,3.0,0.0019565654962595378,0.9151339579808615
M1,42,101,0,50,2,True,categorical_subset,0.872,,0.872,2,0.872,1.0,0.9203599989414215,3.0,0.0019565654962595378,0.9151339579808615
M1,42,101,1,25,3,True,linear,0.13600000739097595,1.0,,,-0.040000006556510925,1.0,0.9203599989414215,3.0,0.003253328456280012,0.32284075972383636
M1,42,101,1,25,3,True,mlp,0.08800000697374344,1.0,,,-0.08800000697374344,1.0,0.9203599989414215,3.0,0.003253328456280012,0.32284075972383636
M1,42,101,1,25,3,True,categorical_subset,0.312,,0.152,3,0.312,1.0,0.9203599989414215,3.0,0.003253328456280012,0.32284075972383636
M1,42,101,1,50,3,True,linear,0.1600000113248825,1.0,,,-0.08799999952316284,1.0,0.9203599989414215,3.0,0.003253328456280012,0.4309606682520273
M1,42,101,1,50,3,True,mlp,0.17600001394748688,1.0,,,-0.03999999165534973,1.0,0.9203599989414215,3.0,0.003253328456280012,0.4309606682520273
M1,42,101,1,50,3,True,categorical_subset,0.44,,0.312,3,0.44,1.0,0.9203599989414215,3.0,0.003253328456280012,0.4309606682520273
M1,42,101,2,25,2,True,linear,0.1600000113248825,1.0,,,-0.03999999165534973,1.0,0.9203599989414215,3.0,0.0008810272226373208,0.7324894089285108
M1,42,101,2,25,2,True,mlp,0.19200000166893005,1.0,,,-0.008000001311302185,1.0,0.9203599989414215,3.0,0.0008810272226373208,0.7324894089285108
M1,42,101,2,25,2,True,categorical_subset,0.84,,0.736,2,0.84,1.0,0.9203599989414215,3.0,0.0008810272226373208,0.7324894089285108
M1,42,101,2,50,2,True,linear,0.19200000166893005,1.0,,,0.02399998903274536,1.0,0.9203599989414215,3.0,0.0008810272226373208,0.9151339579808615
M1,42,101,2,50,2,True,mlp,0.20000000298023224,1.0,,,0.047999992966651917,1.0,0.9203599989414215,3.0,0.0008810272226373208,0.9151339579808615
M1,42,101,2,50,2,True,categorical_subset,0.952,,0.952,2,0.952,1.0,0.9203599989414215,3.0,0.0008810272226373208,0.9151339579808615
M1,42,101,3,25,3,True,linear,0.15200001001358032,1.0,,,0.040000006556510925,1.0,0.9203599989414215,3.0,0.0011068993450641406,0.32284075972383636
M1,42,101,3,25,3,True,mlp,0.17600001394748688,1.0,,,0.03200000524520874,1.0,0.9203599989414215,3.0,0.0011068993450641406,0.32284075972383636
M1,42,101,3,25,3,True,categorical_subset,0.288,,0.136,3,0.288,1.0,0.9203599989414215,3.0,0.0011068993450641406,0.32284075972383636
M1,42,101,3,50,3,True,linear,0.1600000113248825,1.0,,,0.040000006556510925,1.0,0.9203599989414215,3.0,0.0011068993450641406,0.4309606682520273
M1,42,101,3,50,3,True,mlp,0.14400000870227814,1.0,,,0.01600000262260437,1.0,0.9203599989414215,3.0,0.0011068993450641406,0.4309606682520273
M1,42,101,3,50,3,True,categorical_subset,0.376,,0.24,3,0.376,1.0,0.9203599989414215,3.0,0.0011068993450641406,0.4309606682520273
M1,42,101,4,25,3,True,linear,0.1600000113248825,1.0,,,-0.01600000262260437,1.0,0.9203599989414215,3.0,0.003675648945082841,0.32284075972383636
M1,42,101,4,25,3,True,mlp,0.18400001525878906,1.0,,,-0.047999992966651917,1.0,0.9203599989414215,3.0,0.003675648945082841,0.32284075972383636
M1,42,101,4,25,3,True,categorical_subset,0.304,,0.128,3,0.304,1.0,0.9203599989414215,3.0,0.003675648945082841,0.32284075972383636
M1,42,101,4,50,3,True,linear,0.19200000166893005,1.0,,,-0.040000006556510925,1.0,0.9203599989414215,3.0,0.003675648945082841,0.4309606682520273
M1,42,101,4,50,3,True,mlp,0.1680000126361847,1.0,,,-0.21599999070167542,1.0,0.9203599989414215,3.0,0.003675648945082841,0.4309606682520273
M1,42,101,4,50,3,True,categorical_subset,0.368,,0.216,3,0.368,1.0,0.9203599989414215,3.0,0.003675648945082841,0.4309606682520273
M1,42,101,5,25,3,True,linear,0.20800000429153442,1.0,,,0.008000001311302185,1.0,0.9203599989414215,3.0,0.003789113931719657,0.32284075972383636
M1,42,101,5,25,3,True,mlp,0.17600001394748688,1.0,,,-0.047999992966651917,1.0,0.9203599989414215,3.0,0.003789113931719657,0.32284075972383636
M1,42,101,5,25,3,True,categorical_subset,0.304,,0.192,3,0.304,1.0,0.9203599989414215,3.0,0.003789113931719657,0.32284075972383636
M1,42,101,5,50,3,True,linear,0.1600000113248825,1.0,,,-0.024000003933906555,1.0,0.9203599989414215,3.0,0.003789113931719657,0.4309606682520273
M1,42,101,5,50,3,True,mlp,0.15200001001358032,1.0,,,-0.024000003933906555,1.0,0.9203599989414215,3.0,0.003789113931719657,0.4309606682520273
M1,42,101,5,50,3,True,categorical_subset,0.416,,0.312,3,0.416,1.0,0.9203599989414215,3.0,0.003789113931719657,0.4309606682520273
M1,42,101,6,25,3,True,linear,0.17600001394748688,1.0,,,0.0,1.0,0.9203599989414215,3.0,0.005156769632856929,0.32284075972383636
M1,42,101,6,25,3,True,mlp,0.15200001001358032,1.0,,,-0.024000003933906555,1.0,0.9203599989414215,3.0,0.005156769632856929,0.32284075972383636
M1,42,101,6,25,3,True,categorical_subset,0.384,,0.224,3,0.384,1.0,0.9203599989414215,3.0,0.005156769632856929,0.32284075972383636
M1,42,101,6,50,3,True,linear,0.19200000166893005,1.0,,,-0.03200000524520874,1.0,0.9203599989414215,3.0,0.005156769632856929,0.4309606682520273
M1,42,101,6,50,3,True,mlp,0.18400001525878906,1.0,,,-0.031999990344047546,1.0,0.9203599989414215,3.0,0.005156769632856929,0.4309606682520273
M1,42,101,6,50,3,True,categorical_subset,0.496,,0.384,3,0.496,1.0,0.9203599989414215,3.0,0.005156769632856929,0.4309606682520273
M1,42,101,7,25,4,True,linear,0.1680000126361847,1.0,,,-0.03999999165534973,1.0,0.9203599989414215,3.0,0.0015858773101617453,0.2
M1,42,101,7,25,4,True,mlp,0.17600001394748688,1.0,,,-0.02399998903274536,1.0,0.9203599989414215,3.0,0.0015858773101617453,0.2
M1,42,101,7,25,4,True,categorical_subset,0.2,,0.0,4,0.2,1.0,0.9203599989414215,3.0,0.0015858773101617453,0.2
M1,42,101,7,50,4,True,linear,0.2240000069141388,1.0,,,0.01600000262260437,1.0,0.9203599989414215,3.0,0.0015858773101617453,0.2
M1,42,101,7,50,4,True,mlp,0.2160000056028366,1.0,,,0.0,1.0,0.9203599989414215,3.0,0.0015858773101617453,0.2
M1,42,101,7,50,4,True,categorical_subset,0.2,,0.0,4,0.2,1.0,0.9203599989414215,3.0,0.0015858773101617453,0.2
M2,42,101,0,25,2,True,linear,0.2639999985694885,1.0,,,0.08799998462200165,1.0,0.92027999907732,3.0,0.005280948378602342,0.7324894089285108
M2,42,101,0,25,2,True,mlp,0.30400002002716064,1.0,,,0.14400000870227814,1.0,0.92027999907732,3.0,0.005280948378602342,0.7324894089285108
M2,42,101,0,25,2,True,categorical_subset,0.696,,0.6,2,0.696,1.0,0.92027999907732,3.0,0.005280948378602342,0.7324894089285108
M2,42,101,0,50,2,True,linear,0.24800001084804535,1.0,,,0.06399999558925629,1.0,0.92027999907732,3.0,0.005280948378602342,0.9151339579808615
M2,42,101,0,50,2,True,mlp,0.2639999985694885,1.0,,,0.06399999558925629,1.0,0.92027999907732,3.0,0.005280948378602342,0.9151339579808615
M2,42,101,0,50,2,True,categorical_subset,0.872,,0.872,2,0.872,1.0,0.92027999907732,3.0,0.005280948378602342,0.9151339579808615
M2,42,101,1,25,3,True,linear,0.17600001394748688,1.0,,,0.0,1.0,0.92027999907732,3.0,0.004493642555568313,0.32284075972383636
M2,42,101,1,25,3,True,mlp,0.19200000166893005,1.0,,,0.015999987721443176,1.0,0.92027999907732,3.0,0.004493642555568313,0.32284075972383636
M2,42,101,1,25,3,True,categorical_subset,0.312,,0.152,3,0.312,1.0,0.92027999907732,3.0,0.004493642555568313,0.32284075972383636
M2,42,101,1,50,3,True,linear,0.23200000822544098,1.0,,,-0.01600000262260437,1.0,0.92027999907732,3.0,0.004493642555568313,0.4309606682520273
M2,42,101,1,50,3,True,mlp,0.23200000822544098,1.0,,,0.01600000262260437,1.0,0.92027999907732,3.0,0.004493642555568313,0.4309606682520273
M2,42,101,1,50,3,True,categorical_subset,0.44,,0.312,3,0.44,1.0,0.92027999907732,3.0,0.004493642555568313,0.4309606682520273
M2,42,101,2,25,3,True,linear,0.1680000126361847,1.0,,,-0.031999990344047546,1.0,0.92027999907732,3.0,0.0008903048122841484,0.32284075972383636
M2,42,101,2,25,3,True,mlp,0.17600001394748688,1.0,,,-0.02399998903274536,1.0,0.92027999907732,3.0,0.0008903048122841484,0.32284075972383636
M2,42,101,2,25,3,True,categorical_subset,0.328,,0.168,3,0.328,1.0,0.92027999907732,3.0,0.0008903048122841484,0.32284075972383636
M2,42,101,2,50,3,True,linear,0.20800000429153442,1.0,,,0.03999999165534973,1.0,0.92027999907732,3.0,0.0008903048122841484,0.4309606682520273
M2,42,101,2,50,3,True,mlp,0.1600000113248825,1.0,,,0.008000001311302185,1.0,0.92027999907732,3.0,0.0008903048122841484,0.4309606682520273
M2,42,101,2,50,3,True,categorical_subset,0.472,,0.344,3,0.472,1.0,0.92027999907732,3.0,0.0008903048122841484,0.4309606682520273
M2,42,101,3,25,2,True,linear,0.2639999985694885,1.0,,,0.15199999511241913,1.0,0.92027999907732,3.0,0.0012645412056189781,0.7324894089285108
M2,42,101,3,25,2,True,mlp,0.23200000822544098,1.0,,,0.08799999952316284,1.0,0.92027999907732,3.0,0.0012645412056189781,0.7324894089285108
M2,42,101,3,25,2,True,categorical_subset,0.728,,0.704,2,0.728,1.0,0.92027999907732,3.0,0.0012645412056189781,0.7324894089285108
M2,42,101,3,50,2,True,linear,0.12800000607967377,1.0,,,0.008000001311302185,1.0,0.92027999907732,3.0,0.0012645412056189781,0.9151339579808615
M2,42,101,3,50,2,True,mlp,0.13600000739097595,1.0,,,0.008000001311302185,1.0,0.92027999907732,3.0,0.0012645412056189781,0.9151339579808615
M2,42,101,3,50,2,True,categorical_subset,0.92,,0.896,2,0.92,1.0,0.92027999907732,3.0,0.0012645412056189781,0.9151339579808615
M2,42,101,4,25,3,True,linear,0.24800001084804535,1.0,,,0.07199999690055847,1.0,0.92027999907732,3.0,0.009138031489165845,0.32284075972383636
M2,42,101,4,25,3,True,mlp,0.23200000822544098,1.0,,,0.0,1.0,0.92027999907732,3.0,0.009138031489165845,0.32284075972383636
M2,42,101,4,25,3,True,categorical_subset,0.304,,0.128,3,0.304,1.0,0.92027999907732,3.0,0.009138031489165845,0.32284075972383636
M2,42,101,4,50,3,True,linear,0.2160000056028366,1.0,,,-0.01600000262260437,1.0,0.92027999907732,3.0,0.009138031489165845,0.4309606682520273
M2,42,101,4,50,3,True,mlp,0.18400001525878906,1.0,,,-0.19999998807907104,1.0,0.92027999907732,3.0,0.009138031489165845,0.4309606682520273
M2,42,101,4,50,3,True,categorical_subset,0.368,,0.216,3,0.368,1.0,0.92027999907732,3.0,0.009138031489165845,0.4309606682520273
M2,42,101,5,25,3,True,linear,0.1680000126361847,1.0,,,-0.031999990344047546,1.0,0.92027999907732,3.0,0.00298025184649671,0.32284075972383636
M2,42,101,5,25,3,True,mlp,0.14400000870227814,1.0,,,-0.07999999821186066,1.0,0.92027999907732,3.0,0.00298025184649671,0.32284075972383636
M2,42,101,5,25,3,True,categorical_subset,0.304,,0.192,3,0.304,1.0,0.92027999907732,3.0,0.00298025184649671,0.32284075972383636
M2,42,101,5,50,3,True,linear,0.17600001394748688,1.0,,,-0.008000001311302185,1.0,0.92027999907732,3.0,0.00298025184649671,0.4309606682520273
M2,42,101,5,50,3,True,mlp,0.15200001001358032,1.0,,,-0.024000003933906555,1.0,0.92027999907732,3.0,0.00298025184649671,0.4309606682520273
M2,42,101,5,50,3,True,categorical_subset,0.416,,0.312,3,0.416,1.0,0.92027999907732,3.0,0.00298025184649671,0.4309606682520273
M2,42,101,6,25,4,True,linear,0.19200000166893005,1.0,,,0.015999987721443176,1.0,0.92027999907732,3.0,0.002580136778298501,0.2
M2,42,101,6,25,4,True,mlp,0.15200001001358032,1.0,,,-0.024000003933906555,1.0,0.92027999907732,3.0,0.002580136778298501,0.2
M2,42,101,6,25,4,True,categorical_subset,0.176,,0.088,3,0.176,1.0,0.92027999907732,3.0,0.002580136778298501,0.2
M2,42,101,6,50,4,True,linear,0.23200000822544098,1.0,,,0.008000001311302185,1.0,0.92027999907732,3.0,0.002580136778298501,0.2
M2,42,101,6,50,4,True,mlp,0.15200001001358032,1.0,,,-0.06399999558925629,1.0,0.92027999907732,3.0,0.002580136778298501,0.2
M2,42,101,6,50,4,True,categorical_subset,0.2,,0.0,4,0.2,1.0,0.92027999907732,3.0,0.002580136778298501,0.2
M2,42,101,7,25,3,True,linear,0.2240000069141388,1.0,,,0.01600000262260437,1.0,0.92027999907732,3.0,0.01294619899332881,0.32284075972383636
M2,42,101,7,25,3,True,mlp,0.20800000429153442,1.0,,,0.008000001311302185,1.0,0.92027999907732,3.0,0.01294619899332881,0.32284075972383636
M2,42,101,7,25,3,True,categorical_subset,0.344,,0.168,3,0.344,1.0,0.92027999907732,3.0,0.01294619899332881,0.32284075972383636
M2,42,101,7,50,3,True,linear,0.2880000174045563,1.0,,,0.08000001311302185,1.0,0.92027999907732,3.0,0.01294619899332881,0.4309606682520273
M2,42,101,7,50,3,True,mlp,0.24000000953674316,1.0,,,0.024000003933906555,1.0,0.92027999907732,3.0,0.01294619899332881,0.4309606682520273
M2,42,101,7,50,3,True,categorical_subset,0.448,,0.328,3,0.448,1.0,0.92027999907732,3.0,0.01294619899332881,0.4309606682520273
M3,42,17,0,25,2,True,linear,0.23200000822544098,1.0,,,0.0559999942779541,1.0,0.9207999989390373,3.0,0.0022023245726908924,0.7324894089285108
M3,42,17,0,25,2,True,mlp,0.2240000069141388,1.0,,,0.06399999558925629,1.0,0.9207999989390373,3.0,0.0022023245726908924,0.7324894089285108
M3,42,17,0,25,2,True,categorical_subset,0.696,,0.6,2,0.696,1.0,0.9207999989390373,3.0,0.0022023245726908924,0.7324894089285108
M3,42,17,0,50,2,True,linear,0.20800000429153442,1.0,,,0.03999999165534973,1.0,0.9207999989390373,3.0,0.0022023245726908924,0.9151339579808615
M3,42,17,0,50,2,True,mlp,0.25600001215934753,1.0,,,0.1120000034570694,1.0,0.9207999989390373,3.0,0.0022023245726908924,0.9151339579808615
M3,42,17,0,50,2,True,categorical_subset,0.872,,0.872,2,0.872,1.0,0.9207999989390373,3.0,0.0022023245726908924,0.9151339579808615
M3,42,17,1,25,3,True,linear,0.20000000298023224,1.0,,,0.03999999165534973,1.0,0.9207999989390373,3.0,0.001536367336775835,0.32284075972383636
M3,42,17,1,25,3,True,mlp,0.17600001394748688,1.0,,,-0.031999990344047546,1.0,0.9207999989390373,3.0,0.001536367336775835,0.32284075972383636
M3,42,17,1,25,3,True,categorical_subset,0.312,,0.152,3,0.312,1.0,0.9207999989390373,3.0,0.001536367336775835,0.32284075972383636
M3,42,17,1,50,3,True,linear,0.15200001001358032,1.0,,,-0.10400000214576721,1.0,0.9207999989390373,3.0,0.001536367336775835,0.4309606682520273
M3,42,17,1,50,3,True,mlp,0.12800000607967377,1.0,,,-0.12800000607967377,1.0,0.9207999989390373,3.0,0.001536367336775835,0.4309606682520273
M3,42,17,1,50,3,True,categorical_subset,0.44,,0.312,3,0.44,1.0,0.9207999989390373,3.0,0.001536367336775835,0.4309606682520273
M3,42,17,2,25,3,True,linear,0.17600001394748688,1.0,,,-0.031999990344047546,1.0,0.9207999989390373,3.0,0.0005581162576145644,0.32284075972383636
M3,42,17,2,25,3,True,mlp,0.19200000166893005,1.0,,,0.015999987721443176,1.0,0.9207999989390373,3.0,0.0005581162576145644,0.32284075972383636
M3,42,17,2,25,3,True,categorical_subset,0.328,,0.168,3,0.328,1.0,0.9207999989390373,3.0,0.0005581162576145644,0.32284075972383636
M3,42,17,2,50,3,True,linear,0.14400000870227814,1.0,,,-0.008000001311302185,1.0,0.9207999989390373,3.0,0.0005581162576145644,0.4309606682520273
M3,42,17,2,50,3,True,mlp,0.1600000113248825,1.0,,,0.03200000524520874,1.0,0.9207999989390373,3.0,0.0005581162576145644,0.4309606682520273
M3,42,17,2,50,3,True,categorical_subset,0.472,,0.344,3,0.472,1.0,0.9207999989390373,3.0,0.0005581162576145644,0.4309606682520273
M3,42,17,3,25,3,True,linear,0.19200000166893005,1.0,,,0.07999999821186066,1.0,0.9207999989390373,3.0,0.0013913851418882771,0.32284075972383636
M3,42,17,3,25,3,True,mlp,0.17600001394748688,1.0,,,0.04800000786781311,1.0,0.9207999989390373,3.0,0.0013913851418882771,0.32284075972383636
M3,42,17,3,25,3,True,categorical_subset,0.288,,0.136,3,0.288,1.0,0.9207999989390373,3.0,0.0013913851418882771,0.32284075972383636
M3,42,17,3,50,3,True,linear,0.12800000607967377,1.0,,,-0.04800000786781311,1.0,0.9207999989390373,3.0,0.0013913851418882771,0.4309606682520273
M3,42,17,3,50,3,True,mlp,0.15200001001358032,1.0,,,0.040000006556510925,1.0,0.9207999989390373,3.0,0.0013913851418882771,0.4309606682520273
M3,42,17,3,50,3,True,categorical_subset,0.376,,0.24,3,0.376,1.0,0.9207999989390373,3.0,0.0013913851418882771,0.4309606682520273
M3,42,17,4,25,2,True,linear,0.2160000056028366,1.0,,,-0.024000003933906555,1.0,0.9207999989390373,3.0,0.003916162213930645,0.7324894089285108
M3,42,17,4,25,2,True,mlp,0.2240000069141388,1.0,,,-0.13600000739097595,1.0,0.9207999989390373,3.0,0.003916162213930645,0.7324894089285108
M3,42,17,4,25,2,True,categorical_subset,0.76,,0.704,2,0.76,1.0,0.9207999989390373,3.0,0.003916162213930645,0.7324894089285108
M3,42,17,4,50,2,True,linear,0.25600001215934753,1.0,,,-0.03999999165534973,1.0,0.9207999989390373,3.0,0.003916162213930645,0.9151339579808615
M3,42,17,4,50,2,True,mlp,0.24800001084804535,1.0,,,-0.24800001084804535,1.0,0.9207999989390373,3.0,0.003916162213930645,0.9151339579808615
M3,42,17,4,50,2,True,categorical_subset,0.832,,0.776,2,0.832,1.0,0.9207999989390373,3.0,0.003916162213930645,0.9151339579808615
M3,42,17,5,25,3,True,linear,0.2240000069141388,1.0,,,0.047999992966651917,1.0,0.9207999989390373,3.0,0.003538781271976419,0.32284075972383636
M3,42,17,5,25,3,True,mlp,0.14400000870227814,1.0,,,0.0,1.0,0.9207999989390373,3.0,0.003538781271976419,0.32284075972383636
M3,42,17,5,25,3,True,categorical_subset,0.304,,0.192,3,0.304,1.0,0.9207999989390373,3.0,0.003538781271976419,0.32284075972383636
M3,42,17,5,50,3,True,linear,0.2240000069141388,1.0,,,0.06399999558925629,1.0,0.9207999989390373,3.0,0.003538781271976419,0.4309606682520273
M3,42,17,5,50,3,True,mlp,0.15200001001358032,1.0,,,0.03200000524520874,1.0,0.9207999989390373,3.0,0.003538781271976419,0.4309606682520273
M3,42,17,5,50,3,True,categorical_subset,0.416,,0.312,3,0.416,1.0,0.9207999989390373,3.0,0.003538781271976419,0.4309606682520273
M3,42,17,6,25,4,True,linear,0.14400000870227814,1.0,,,-0.07199999690055847,1.0,0.9207999989390373,3.0,0.0024661246037733925,0.2
M3,42,17,6,25,4,True,mlp,0.15200001001358032,1.0,,,-0.024000003933906555,1.0,0.9207999989390373,3.0,0.0024661246037733925,0.2
M3,42,17,6,25,4,True,categorical_subset,0.2,,0.0,4,0.2,1.0,0.9207999989390373,3.0,0.0024661246037733925,0.2
M3,42,17,6,50,4,True,linear,0.1600000113248825,1.0,,,-0.047999992966651917,1.0,0.9207999989390373,3.0,0.0024661246037733925,0.2
M3,42,17,6,50,4,True,mlp,0.1600000113248825,1.0,,,-0.03999999165534973,1.0,0.9207999989390373,3.0,0.0024661246037733925,0.2
M3,42,17,6,50,4,True,categorical_subset,0.2,,0.0,4,0.2,1.0,0.9207999989390373,3.0,0.0024661246037733925,0.2
M3,42,17,7,25,4,True,linear,0.1600000113248825,1.0,,,-0.10399998724460602,1.0,0.9207999989390373,3.0,0.001218534448203255,0.2
M3,42,17,7,25,4,True,mlp,0.10400000214576721,1.0,,,-0.17599999904632568,1.0,0.9207999989390373,3.0,0.001218534448203255,0.2
M3,42,17,7,25,4,True,categorical_subset,0.2,,0.0,4,0.2,1.0,0.9207999989390373,3.0,0.001218534448203255,0.2
M3,42,17,7,50,4,True,linear,0.2160000056028366,1.0,,,0.01600000262260437,1.0,0.9207999989390373,3.0,0.001218534448203255,0.2
M3,42,17,7,50,4,True,mlp,0.1680000126361847,1.0,,,-0.008000001311302185,1.0,0.9207999989390373,3.0,0.001218534448203255,0.2
M3,42,17,7,50,4,True,categorical_subset,0.2,,0.0,4,0.2,1.0,0.9207999989390373,3.0,0.001218534448203255,0.2
M3,17,42,0,25,2,True,linear,0.2639999985694885,1.0,,,0.1119999885559082,1.0,0.9209199994802475,3.0,0.00783250582757656,0.7324894089285108
M3,17,42,0,25,2,True,mlp,0.2720000147819519,1.0,,,0.08799999952316284,1.0,0.9209199994802475,3.0,0.00783250582757656,0.7324894089285108
M3,17,42,0,25,2,True,categorical_subset,0.768,,0.656,2,0.768,1.0,0.9209199994802475,3.0,0.00783250582757656,0.7324894089285108
M3,17,42,0,50,2,True,linear,0.3680000305175781,1.0,,,0.2240000218153,1.0,0.9209199994802475,3.0,0.00783250582757656,0.9151339579808615
M3,17,42,0,50,2,True,mlp,0.2880000174045563,1.0,,,0.1120000034570694,1.0,0.9209199994802475,3.0,0.00783250582757656,0.9151339579808615
M3,17,42,0,50,2,True,categorical_subset,0.976,,0.92,2,0.976,1.0,0.9209199994802475,3.0,0.00783250582757656,0.9151339579808615
M3,17,42,1,25,3,True,linear,0.1680000126361847,1.0,,,0.024000003933906555,1.0,0.9209199994802475,3.0,0.0006065768978520079,0.32284075972383636
M3,17,42,1,25,3,True,mlp,0.20800000429153442,1.0,,,0.03999999165534973,1.0,0.9209199994802475,3.0,0.0006065768978520079,0.32284075972383636
M3,17,42,1,25,3,True,categorical_subset,0.328,,0.168,3,0.328,1.0,0.9209199994802475,3.0,0.0006065768978520079,0.32284075972383636
M3,17,42,1,50,3,True,linear,0.2240000069141388,1.0,,,0.06399999558925629,1.0,0.9209199994802475,3.0,0.0006065768978520079,0.4309606682520273
M3,17,42,1,50,3,True,mlp,0.1680000126361847,1.0,,,0.040000006556510925,1.0,0.9209199994802475,3.0,0.0006065768978520079,0.4309606682520273
M3,17,42,1,50,3,True,categorical_subset,0.408,,0.256,3,0.408,1.0,0.9209199994802475,3.0,0.0006065768978520079,0.4309606682520273
M3,17,42,2,25,3,True,linear,0.17600001394748688,1.0,,,-0.02399998903274536,1.0,0.9209199994802475,3.0,0.002683073686189171,0.32284075972383636
M3,17,42,2,25,3,True,mlp,0.1680000126361847,1.0,,,0.008000001311302185,1.0,0.9209199994802475,3.0,0.002683073686189171,0.32284075972383636
M3,17,42,2,25,3,True,categorical_subset,0.312,,0.136,3,0.312,1.0,0.9209199994802475,3.0,0.002683073686189171,0.32284075972383636
M3,17,42,2,50,3,True,linear,0.15200001001358032,1.0,,,-0.008000001311302185,1.0,0.9209199994802475,3.0,0.002683073686189171,0.4309606682520273
M3,17,42,2,50,3,True,mlp,0.1600000113248825,1.0,,,0.0,1.0,0.9209199994802475,3.0,0.002683073686189171,0.4309606682520273
M3,17,42,2,50,3,True,categorical_subset,0.44,,0.304,3,0.44,1.0,0.9209199994802475,3.0,0.002683073686189171,0.4309606682520273
M3,17,42,3,25,3,True,linear,0.10400000214576721,1.0,,,-0.09600000083446503,1.0,0.9209199994802475,3.0,0.00047183840163416075,0.32284075972383636
M3,17,42,3,25,3,True,mlp,0.13600000739097595,1.0,,,-0.07199999690055847,1.0,0.9209199994802475,3.0,0.00047183840163416075,0.32284075972383636
M3,17,42,3,25,3,True,categorical_subset,0.312,,0.16,3,0.312,1.0,0.9209199994802475,3.0,0.00047183840163416075,0.32284075972383636
M3,17,42,3,50,3,True,linear,0.15200001001358032,1.0,,,-0.008000001311302185,1.0,0.9209199994802475,3.0,0.00047183840163416075,0.4309606682520273
M3,17,42,3,50,3,True,mlp,0.08800000697374344,1.0,,,-0.08800000697374344,1.0,0.9209199994802475,3.0,0.00047183840163416075,0.4309606682520273
M3,17,42,3,50,3,True,categorical_subset,0.392,,0.248,3,0.392,1.0,0.9209199994802475,3.0,0.00047183840163416075,0.4309606682520273
M3,17,42,4,25,2,True,linear,0.17600001394748688,1.0,,,-0.047999992966651917,1.0,0.9209199994802475,3.0,0.01432574861001568,0.7324894089285108
M3,17,42,4,25,2,True,mlp,0.19200000166893005,1.0,,,-0.08000001311302185,1.0,0.9209199994802475,3.0,0.01432574861001568,0.7324894089285108
M3,17,42,4,25,2,True,categorical_subset,0.488,,0.352,2,0.488,1.0,0.9209199994802475,3.0,0.01432574861001568,0.7324894089285108
M3,17,42,4,50,2,True,linear,0.2720000147819519,1.0,,,0.07200001180171967,1.0,0.9209199994802475,3.0,0.01432574861001568,0.9151339579808615
M3,17,42,4,50,2,True,mlp,0.30400002002716064,1.0,,,0.01600000262260437,1.0,0.9209199994802475,3.0,0.01432574861001568,0.9151339579808615
M3,17,42,4,50,2,True,categorical_subset,0.856,,0.8,2,0.856,1.0,0.9209199994802475,3.0,0.01432574861001568,0.9151339579808615
M3,17,42,5,25,3,True,linear,0.17600001394748688,1.0,,,-0.008000001311302185,1.0,0.9209199994802475,3.0,0.0013053785864650096,0.32284075972383636
M3,17,42,5,25,3,True,mlp,0.18400001525878906,1.0,,,0.0,1.0,0.9209199994802475,3.0,0.0013053785864650096,0.32284075972383636
M3,17,42,5,25,3,True,categorical_subset,0.296,,0.152,3,0.296,1.0,0.9209199994802475,3.0,0.0013053785864650096,0.32284075972383636
M3,17,42,5,50,3,True,linear,0.1600000113248825,1.0,,,-0.031999990344047546,1.0,0.9209199994802475,3.0,0.0013053785864650096,0.4309606682520273
M3,17,42,5,50,3,True,mlp,0.1600000113248825,1.0,,,-0.01600000262260437,1.0,0.9209199994802475,3.0,0.0013053785864650096,0.4309606682520273
M3,17,42,5,50,3,True,categorical_subset,0.432,,0.296,3,0.432,1.0,0.9209199994802475,3.0,0.0013053785864650096,0.4309606682520273
M3,17,42,6,25,4,True,linear,0.24800001084804535,1.0,,,0.12000000476837158,1.0,0.9209199994802475,3.0,0.01037261342681214,0.2
M3,17,42,6,25,4,True,mlp,0.24000000953674316,1.0,,,0.07199999690055847,1.0,0.9209199994802475,3.0,0.01037261342681214,0.2
M3,17,42,6,25,4,True,categorical_subset,0.2,,0.0,4,0.2,1.0,0.9209199994802475,3.0,0.01037261342681214,0.2
M3,17,42,6,50,4,True,linear,0.30400002002716064,1.0,,,0.1600000113248825,1.0,0.9209199994802475,3.0,0.01037261342681214,0.2
M3,17,42,6,50,4,True,mlp,0.328000009059906,1.0,,,0.1599999964237213,1.0,0.9209199994802475,3.0,0.01037261342681214,0.2
M3,17,42,6,50,4,True,categorical_subset,0.2,,0.0,4,0.2,1.0,0.9209199994802475,3.0,0.01037261342681214,0.2
M3,17,42,7,25,4,True,linear,0.13600000739097595,1.0,,,-0.0559999942779541,1.0,0.9209199994802475,3.0,0.0009938420719812484,0.2
M3,17,42,7,25,4,True,mlp,0.13600000739097595,1.0,,,-0.008000001311302185,1.0,0.9209199994802475,3.0,0.0009938420719812484,0.2
M3,17,42,7,25,4,True,categorical_subset,0.2,,0.0,4,0.2,1.0,0.9209199994802475,3.0,0.0009938420719812484,0.2
M3,17,42,7,50,4,True,linear,0.1680000126361847,1.0,,,0.056000009179115295,1.0,0.9209199994802475,3.0,0.0009938420719812484,0.2
M3,17,42,7,50,4,True,mlp,0.09600000083446503,1.0,,,-0.01600000262260437,1.0,0.9209199994802475,3.0,0.0009938420719812484,0.2
M3,17,42,7,50,4,True,categorical_subset,0.2,,0.0,4,0.2,1.0,0.9209199994802475,3.0,0.0009938420719812484,0.2
M2,42,42,0,25,2,True,linear,0.19200000166893005,1.0,,,0.0559999942779541,1.0,0.9200399994850159,3.0,0.005381320445218092,0.7324894089285108
M2,42,42,0,25,2,True,mlp,0.1680000126361847,1.0,,,0.0,1.0,0.9200399994850159,3.0,0.005381320445218092,0.7324894089285108
M2,42,42,0,25,2,True,categorical_subset,0.696,,0.6,2,0.696,1.0,0.9200399994850159,3.0,0.005381320445218092,0.7324894089285108
M2,42,42,0,50,2,True,linear,0.14400000870227814,1.0,,,-0.07199999690055847,1.0,0.9200399994850159,3.0,0.005381320445218092,0.9151339579808615
M2,42,42,0,50,2,True,mlp,0.20000000298023224,1.0,,,0.008000001311302185,1.0,0.9200399994850159,3.0,0.005381320445218092,0.9151339579808615
M2,42,42,0,50,2,True,categorical_subset,0.872,,0.872,2,0.872,1.0,0.9200399994850159,3.0,0.005381320445218092,0.9151339579808615
M2,42,42,1,25,3,True,linear,0.17600001394748688,1.0,,,-0.02399998903274536,1.0,0.9200399994850159,3.0,0.0042423605559909604,0.32284075972383636
M2,42,42,1,25,3,True,mlp,0.19200000166893005,1.0,,,0.007999986410140991,1.0,0.9200399994850159,3.0,0.0042423605559909604,0.32284075972383636
M2,42,42,1,25,3,True,categorical_subset,0.312,,0.152,3,0.312,1.0,0.9200399994850159,3.0,0.0042423605559909604,0.32284075972383636
M2,42,42,1,50,3,True,linear,0.18400001525878906,1.0,,,-0.015999987721443176,1.0,0.9200399994850159,3.0,0.0042423605559909604,0.4309606682520273
M2,42,42,1,50,3,True,mlp,0.18400001525878906,1.0,,,-0.10400000214576721,1.0,0.9200399994850159,3.0,0.0042423605559909604,0.4309606682520273
M2,42,42,1,50,3,True,categorical_subset,0.44,,0.312,3,0.44,1.0,0.9200399994850159,3.0,0.0042423605559909604,0.4309606682520273
M2,42,42,2,25,3,True,linear,0.10400000214576721,1.0,,,-0.1120000034570694,1.0,0.9200399994850159,3.0,0.000991898612263707,0.32284075972383636
M2,42,42,2,25,3,True,mlp,0.12000000476837158,1.0,,,-0.056000009179115295,1.0,0.9200399994850159,3.0,0.000991898612263707,0.32284075972383636
M2,42,42,2,25,3,True,categorical_subset,0.328,,0.168,3,0.328,1.0,0.9200399994850159,3.0,0.000991898612263707,0.32284075972383636
M2,42,42,2,50,3,True,linear,0.14400000870227814,1.0,,,-0.047999992966651917,1.0,0.9200399994850159,3.0,0.000991898612263707,0.4309606682520273
M2,42,42,2,50,3,True,mlp,0.14400000870227814,1.0,,,-0.07199999690055847,1.0,0.9200399994850159,3.0,0.000991898612263707,0.4309606682520273
M2,42,42,2,50,3,True,categorical_subset,0.472,,0.344,3,0.472,1.0,0.9200399994850159,3.0,0.000991898612263707,0.4309606682520273
M2,42,42,3,25,2,True,linear,0.2160000056028366,1.0,,,0.06399999558925629,1.0,0.9200399994850159,3.0,0.0008803070742371532,0.7324894089285108
M2,42,42,3,25,2,True,mlp,0.1680000126361847,1.0,,,0.04800000786781311,1.0,0.9200399994850159,3.0,0.0008803070742371532,0.7324894089285108
M2,42,42,3,25,2,True,categorical_subset,0.728,,0.704,2,0.728,1.0,0.9200399994850159,3.0,0.0008803070742371532,0.7324894089285108
M2,42,42,3,50,2,True,linear,0.25600001215934753,1.0,,,0.12000000476837158,1.0,0.9200399994850159,3.0,0.0008803070742371532,0.9151339579808615
M2,42,42,3,50,2,True,mlp,0.2160000056028366,1.0,,,0.12799999862909317,1.0,0.9200399994850159,3.0,0.0008803070742371532,0.9151339579808615
M2,42,42,3,50,2,True,categorical_subset,0.92,,0.896,2,0.92,1.0,0.9200399994850159,3.0,0.0008803070742371532,0.9151339579808615
M2,42,42,4,25,3,True,linear,0.20000000298023224,1.0,,,-0.024000003933906555,1.0,0.9200399994850159,3.0,0.009170370614558082,0.32284075972383636
M2,42,42,4,25,3,True,mlp,0.2240000069141388,1.0,,,-0.06400001049041748,1.0,0.9200399994850159,3.0,0.009170370614558082,0.32284075972383636
M2,42,42,4,25,3,True,categorical_subset,0.304,,0.128,3,0.304,1.0,0.9200399994850159,3.0,0.009170370614558082,0.32284075972383636
M2,42,42,4,50,3,True,linear,0.24000000953674316,1.0,,,-0.0559999942779541,1.0,0.9200399994850159,3.0,0.009170370614558082,0.4309606682520273
M2,42,42,4,50,3,True,mlp,0.20800000429153442,1.0,,,-0.24000000953674316,1.0,0.9200399994850159,3.0,0.009170370614558082,0.4309606682520273
M2,42,42,4,50,3,True,categorical_subset,0.368,,0.216,3,0.368,1.0,0.9200399994850159,3.0,0.009170370614558082,0.4309606682520273
M2,42,42,5,25,3,True,linear,0.2240000069141388,1.0,,,0.047999992966651917,1.0,0.9200399994850159,3.0,0.0033080151374687986,0.32284075972383636
M2,42,42,5,25,3,True,mlp,0.1680000126361847,1.0,,,0.04800000786781311,1.0,0.9200399994850159,3.0,0.0033080151374687986,0.32284075972383636
M2,42,42,5,25,3,True,categorical_subset,0.304,,0.192,3,0.304,1.0,0.9200399994850159,3.0,0.0033080151374687986,0.32284075972383636
M2,42,42,5,50,3,True,linear,0.20800000429153442,1.0,,,0.02399998903274536,1.0,0.9200399994850159,3.0,0.0033080151374687986,0.4309606682520273
M2,42,42,5,50,3,True,mlp,0.1680000126361847,1.0,,,0.03200000524520874,1.0,0.9200399994850159,3.0,0.0033080151374687986,0.4309606682520273
M2,42,42,5,50,3,True,categorical_subset,0.416,,0.312,3,0.416,1.0,0.9200399994850159,3.0,0.0033080151374687986,0.4309606682520273
M2,42,42,6,25,4,True,linear,0.24000000953674316,1.0,,,0.07999999821186066,1.0,0.9200399994850159,3.0,0.0038188300506258885,0.2
M2,42,42,6,25,4,True,mlp,0.1680000126361847,1.0,,,0.0,1.0,0.9200399994850159,3.0,0.0038188300506258885,0.2
M2,42,42,6,25,4,True,categorical_subset,0.176,,0.088,3,0.176,1.0,0.9200399994850159,3.0,0.0038188300506258885,0.2
M2,42,42,6,50,4,True,linear,0.1600000113248825,1.0,,,0.0,1.0,0.9200399994850159,3.0,0.0038188300506258885,0.2
M2,42,42,6,50,4,True,mlp,0.14400000870227814,1.0,,,-0.08799999952316284,1.0,0.9200399994850159,3.0,0.0038188300506258885,0.2
M2,42,42,6,50,4,True,categorical_subset,0.2,,0.0,4,0.2,1.0,0.9200399994850159,3.0,0.0038188300506258885,0.2
M2,42,42,7,25,3,True,linear,0.15200001001358032,1.0,,,-0.047999992966651917,1.0,0.9200399994850159,3.0,0.008877206610746521,0.32284075972383636
M2,42,42,7,25,3,True,mlp,0.15200001001358032,1.0,,,-0.07199999690055847,1.0,0.9200399994850159,3.0,0.008877206610746521,0.32284075972383636
M2,42,42,7,25,3,True,categorical_subset,0.344,,0.168,3,0.344,1.0,0.9200399994850159,3.0,0.008877206610746521,0.32284075972383636
M2,42,42,7,50,3,True,linear,0.2240000069141388,1.0,,,0.03999999165534973,1.0,0.9200399994850159,3.0,0.008877206610746521,0.4309606682520273
M2,42,42,7,50,3,True,mlp,0.20800000429153442,1.0,,,0.0,1.0,0.9200399994850159,3.0,0.008877206610746521,0.4309606682520273
M2,42,42,7,50,3,True,categorical_subset,0.448,,0.328,3,0.448,1.0,0.9200399994850159,3.0,0.008877206610746521,0.4309606682520273
P,101,42,0,25,2,True,linear,0.18400001525878906,1.0,,,-0.015999987721443176,1.0,0.9200000002980232,3.25,0.0018436532842113164,0.7324894089285108
P,101,42,0,25,2,True,mlp,0.18400001525878906,1.0,,,0.056000009179115295,1.0,0.9200000002980232,3.25,0.0018436532842113164,0.7324894089285108
P,101,42,0,25,2,True,categorical_subset,0.672,,0.608,2,0.672,1.0,0.9200000002980232,3.25,0.0018436532842113164,0.7324894089285108
P,101,42,0,50,2,True,linear,0.1680000126361847,1.0,,,-0.02399998903274536,1.0,0.9200000002980232,3.25,0.0018436532842113164,0.9151339579808615
P,101,42,0,50,2,True,mlp,0.19200000166893005,1.0,,,0.08799999952316284,1.0,0.9200000002980232,3.25,0.0018436532842113164,0.9151339579808615
P,101,42,0,50,2,True,categorical_subset,0.92,,0.88,2,0.92,1.0,0.9200000002980232,3.25,0.0018436532842113164,0.9151339579808615
P,101,42,1,25,2,True,linear,0.17600001394748688,1.0,,,0.03200000524520874,1.0,0.9200000002980232,3.25,0.0006105536207249262,0.7324894089285108
P,101,42,1,25,2,True,mlp,0.25600001215934753,1.0,,,0.1120000034570694,1.0,0.9200000002980232,3.25,0.0006105536207249262,0.7324894089285108
P,101,42,1,25,2,True,categorical_subset,0.712,,0.64,2,0.712,1.0,0.9200000002980232,3.25,0.0006105536207249262,0.7324894089285108
P,101,42,1,50,2,True,linear,0.17600001394748688,1.0,,,0.056000009179115295,1.0,0.9200000002980232,3.25,0.0006105536207249262,0.9151339579808615
P,101,42,1,50,2,True,mlp,0.19200000166893005,1.0,,,0.0559999942779541,1.0,0.9200000002980232,3.25,0.0006105536207249262,0.9151339579808615
P,101,42,1,50,2,True,categorical_subset,0.936,,0.864,2,0.936,1.0,0.9200000002980232,3.25,0.0006105536207249262,0.9151339579808615
P,101,42,2,25,3,True,linear,0.15200001001358032,1.0,,,-0.03200000524520874,1.0,0.9200000002980232,3.25,0.001989025450038211,0.32284075972383636
P,101,42,2,25,3,True,mlp,0.1680000126361847,1.0,,,0.03200000524520874,1.0,0.9200000002980232,3.25,0.001989025450038211,0.32284075972383636
P,101,42,2,25,3,True,categorical_subset,0.32,,0.144,3,0.32,1.0,0.9200000002980232,3.25,0.001989025450038211,0.32284075972383636
P,101,42,2,50,3,True,linear,0.15200001001358032,1.0,,,-0.03999999165534973,1.0,0.9200000002980232,3.25,0.001989025450038211,0.4309606682520273
P,101,42,2,50,3,True,mlp,0.1680000126361847,1.0,,,0.040000006556510925,1.0,0.9200000002980232,3.25,0.001989025450038211,0.4309606682520273
P,101,42,2,50,3,True,categorical_subset,0.44,,0.288,3,0.44,1.0,0.9200000002980232,3.25,0.001989025450038211,0.4309606682520273
P,101,42,3,25,3,True,linear,0.1600000113248825,1.0,,,-0.008000001311302185,1.0,0.9200000002980232,3.25,0.0056619381815454185,0.32284075972383636
P,101,42,3,25,3,True,mlp,0.14400000870227814,1.0,,,-0.0559999942779541,1.0,0.9200000002980232,3.25,0.0056619381815454185,0.32284075972383636
P,101,42,3,25,3,True,categorical_subset,0.288,,0.088,3,0.288,1.0,0.9200000002980232,3.25,0.0056619381815454185,0.32284075972383636
P,101,42,3,50,3,True,linear,0.19200000166893005,1.0,,,-0.024000003933906555,1.0,0.9200000002980232,3.25,0.0056619381815454185,0.4309606682520273
P,101,42,3,50,3,True,mlp,0.20800000429153442,1.0,,,0.01600000262260437,1.0,0.9200000002980232,3.25,0.0056619381815454185,0.4309606682520273
P,101,42,3,50,3,True,categorical_subset,0.392,,0.224,3,0.392,1.0,0.9200000002980232,3.25,0.0056619381815454185,0.4309606682520273
P,101,42,4,25,3,True,linear,0.09600000083446503,1.0,,,-0.04800000786781311,1.0,0.9200000002980232,3.25,0.0006320823624963159,0.32284075972383636
P,101,42,4,25,3,True,mlp,0.17600001394748688,1.0,,,0.040000006556510925,1.0,0.9200000002980232,3.25,0.0006320823624963159,0.32284075972383636
P,101,42,4,25,3,True,categorical_subset,0.384,,0.208,3,0.384,1.0,0.9200000002980232,3.25,0.0006320823624963159,0.32284075972383636
P,101,42,4,50,3,True,linear,0.13600000739097595,1.0,,,0.03200000524520874,1.0,0.9200000002980232,3.25,0.0006320823624963159,0.4309606682520273
P,101,42,4,50,3,True,mlp,0.13600000739097595,1.0,,,0.008000001311302185,1.0,0.9200000002980232,3.25,0.0006320823624963159,0.4309606682520273
P,101,42,4,50,3,True,categorical_subset,0.52,,0.376,3,0.52,1.0,0.9200000002980232,3.25,0.0006320823624963159,0.4309606682520273
P,101,42,5,25,3,True,linear,0.20800000429153442,1.0,,,0.031999990344047546,1.0,0.9200000002980232,3.25,0.0026340148509738977,0.32284075972383636
P,101,42,5,25,3,True,mlp,0.17600001394748688,1.0,,,0.01600000262260437,1.0,0.9200000002980232,3.25,0.0026340148509738977,0.32284075972383636
P,101,42,5,25,3,True,categorical_subset,0.312,,0.128,3,0.312,1.0,0.9200000002980232,3.25,0.0026340148509738977,0.32284075972383636
P,101,42,5,50,3,True,linear,0.20000000298023224,1.0,,,0.031999990344047546,1.0,0.9200000002980232,3.25,0.0026340148509738977,0.4309606682520273
P,101,42,5,50,3,True,mlp,0.1680000126361847,1.0,,,0.03200000524520874,1.0,0.9200000002980232,3.25,0.0026340148509738977,0.4309606682520273
P,101,42,5,50,3,True,categorical_subset,0.464,,0.296,3,0.464,1.0,0.9200000002980232,3.25,0.0026340148509738977,0.4309606682520273
P,101,42,6,25,4,True,linear,0.15200001001358032,1.0,,,-0.024000003933906555,1.0,0.9200000002980232,3.25,0.0007626313576306939,0.2
P,101,42,6,25,4,True,mlp,0.18400001525878906,1.0,,,0.008000001311302185,1.0,0.9200000002980232,3.25,0.0007626313576306939,0.2
P,101,42,6,25,4,True,categorical_subset,0.152,,0.128,3,0.152,1.0,0.9200000002980232,3.25,0.0007626313576306939,0.2
P,101,42,6,50,4,True,linear,0.13600000739097595,1.0,,,0.008000001311302185,1.0,0.9200000002980232,3.25,0.0007626313576306939,0.2
P,101,42,6,50,4,True,mlp,0.13600000739097595,1.0,,,0.01600000262260437,1.0,0.9200000002980232,3.25,0.0007626313576306939,0.2
P,101,42,6,50,4,True,categorical_subset,0.2,,0.0,4,0.2,1.0,0.9200000002980232,3.25,0.0007626313576306939,0.2
P,101,42,7,25,4,True,linear,0.2639999985694885,1.0,,,0.06399999558925629,1.0,0.9200000002980232,3.25,0.006231074435966834,0.2
P,101,42,7,25,4,True,mlp,0.24800001084804535,1.0,,,0.07999999821186066,1.0,0.9200000002980232,3.25,0.006231074435966834,0.2
P,101,42,7,25,4,True,categorical_subset,0.16,,0.208,3,0.16,1.0,0.9200000002980232,3.25,0.006231074435966834,0.2
P,101,42,7,50,4,True,linear,0.2880000174045563,1.0,,,0.08800001442432404,1.0,0.9200000002980232,3.25,0.006231074435966834,0.2
P,101,42,7,50,4,True,mlp,0.25600001215934753,1.0,,,0.10400000214576721,1.0,0.9200000002980232,3.25,0.006231074435966834,0.2
P,101,42,7,50,4,True,categorical_subset,0.2,,0.0,4,0.2,1.0,0.9200000002980232,3.25,0.006231074435966834,0.2
M2,101,101,0,25,2,True,linear,0.1600000113248825,1.0,,,0.01600000262260437,1.0,0.921279999613762,3.0,0.0003548901065034215,0.7324894089285108
M2,101,101,0,25,2,True,mlp,0.17600001394748688,1.0,,,0.056000009179115295,1.0,0.921279999613762,3.0,0.0003548901065034215,0.7324894089285108
M2,101,101,0,25,2,True,categorical_subset,0.672,,0.608,2,0.672,1.0,0.921279999613762,3.0,0.0003548901065034215,0.7324894089285108
M2,101,101,0,50,2,True,linear,0.14400000870227814,1.0,,,0.040000006556510925,1.0,0.921279999613762,3.0,0.0003548901065034215,0.9151339579808615
M2,101,101,0,50,2,True,mlp,0.1600000113248825,1.0,,,0.06400001049041748,1.0,0.921279999613762,3.0,0.0003548901065034215,0.9151339579808615
M2,101,101,0,50,2,True,categorical_subset,0.92,,0.88,2,0.92,1.0,0.921279999613762,3.0,0.0003548901065034215,0.9151339579808615
M2,101,101,1,25,3,True,linear,0.15200001001358032,1.0,,,-0.008000001311302185,1.0,0.921279999613762,3.0,0.0007508325436073585,0.32284075972383636
M2,101,101,1,25,3,True,mlp,0.17600001394748688,1.0,,,0.04800000786781311,1.0,0.921279999613762,3.0,0.0007508325436073585,0.32284075972383636
M2,101,101,1,25,3,True,categorical_subset,0.304,,0.12,3,0.304,1.0,0.921279999613762,3.0,0.0007508325436073585,0.32284075972383636
M2,101,101,1,50,3,True,linear,0.19200000166893005,1.0,,,0.03999999165534973,1.0,0.921279999613762,3.0,0.0007508325436073585,0.4309606682520273
M2,101,101,1,50,3,True,mlp,0.1600000113248825,1.0,,,0.06400001049041748,1.0,0.921279999613762,3.0,0.0007508325436073585,0.4309606682520273
M2,101,101,1,50,3,True,categorical_subset,0.408,,0.264,3,0.408,1.0,0.921279999613762,3.0,0.0007508325436073585,0.4309606682520273
M2,101,101,2,25,3,True,linear,0.19200000166893005,1.0,,,-0.008000001311302185,1.0,0.921279999613762,3.0,0.0042486861320850874,0.32284075972383636
M2,101,101,2,25,3,True,mlp,0.14400000870227814,1.0,,,-0.01600000262260437,1.0,0.921279999613762,3.0,0.0042486861320850874,0.32284075972383636
M2,101,101,2,25,3,True,categorical_subset,0.32,,0.144,3,0.32,1.0,0.921279999613762,3.0,0.0042486861320850874,0.32284075972383636
M2,101,101,2,50,3,True,linear,0.1680000126361847,1.0,,,-0.01600000262260437,1.0,0.921279999613762,3.0,0.0042486861320850874,0.4309606682520273
M2,101,101,2,50,3,True,mlp,0.15200001001358032,1.0,,,-0.024000003933906555,1.0,0.921279999613762,3.0,0.0042486861320850874,0.4309606682520273
M2,101,101,2,50,3,True,categorical_subset,0.44,,0.288,3,0.44,1.0,0.921279999613762,3.0,0.0042486861320850874,0.4309606682520273
M2,101,101,3,25,2,True,linear,0.2240000069141388,1.0,,,0.06399999558925629,1.0,0.921279999613762,3.0,0.002733742592033123,0.7324894089285108
M2,101,101,3,25,2,True,mlp,0.20000000298023224,1.0,,,0.06399999558925629,1.0,0.921279999613762,3.0,0.002733742592033123,0.7324894089285108
M2,101,101,3,25,2,True,categorical_subset,0.76,,0.68,2,0.76,1.0,0.921279999613762,3.0,0.002733742592033123,0.7324894089285108
M2,101,101,3,50,2,True,linear,0.1680000126361847,1.0,,,-0.031999990344047546,1.0,0.921279999613762,3.0,0.002733742592033123,0.9151339579808615
M2,101,101,3,50,2,True,mlp,0.19200000166893005,1.0,,,-0.024000003933906555,1.0,0.921279999613762,3.0,0.002733742592033123,0.9151339579808615
M2,101,101,3,50,2,True,categorical_subset,0.912,,0.872,2,0.912,1.0,0.921279999613762,3.0,0.002733742592033123,0.9151339579808615
M2,101,101,4,25,3,True,linear,0.18400001525878906,1.0,,,0.024000003933906555,1.0,0.921279999613762,3.0,0.000475703554673334,0.32284075972383636
M2,101,101,4,25,3,True,mlp,0.20000000298023224,1.0,,,0.047999992966651917,1.0,0.921279999613762,3.0,0.000475703554673334,0.32284075972383636
M2,101,101,4,25,3,True,categorical_subset,0.384,,0.208,3,0.384,1.0,0.921279999613762,3.0,0.000475703554673334,0.32284075972383636
M2,101,101,4,50,3,True,linear,0.12000000476837158,1.0,,,0.0,1.0,0.921279999613762,3.0,0.000475703554673334,0.4309606682520273
M2,101,101,4,50,3,True,mlp,0.15200001001358032,1.0,,,0.008000001311302185,1.0,0.921279999613762,3.0,0.000475703554673334,0.4309606682520273
M2,101,101,4,50,3,True,categorical_subset,0.52,,0.376,3,0.52,1.0,0.921279999613762,3.0,0.000475703554673334,0.4309606682520273
M2,101,101,5,25,3,True,linear,0.1680000126361847,1.0,,,0.0,1.0,0.921279999613762,3.0,0.0037417524742334417,0.32284075972383636
M2,101,101,5,25,3,True,mlp,0.18400001525878906,1.0,,,0.024000003933906555,1.0,0.921279999613762,3.0,0.0037417524742334417,0.32284075972383636
M2,101,101,5,25,3,True,categorical_subset,0.312,,0.128,3,0.312,1.0,0.921279999613762,3.0,0.0037417524742334417,0.32284075972383636
M2,101,101,5,50,3,True,linear,0.19200000166893005,1.0,,,0.02399998903274536,1.0,0.921279999613762,3.0,0.0037417524742334417,0.4309606682520273
M2,101,101,5,50,3,True,mlp,0.20800000429153442,1.0,,,0.031999990344047546,1.0,0.921279999613762,3.0,0.0037417524742334417,0.4309606682520273
M2,101,101,5,50,3,True,categorical_subset,0.464,,0.296,3,0.464,1.0,0.921279999613762,3.0,0.0037417524742334417,0.4309606682520273
M2,101,101,6,25,4,True,linear,0.14400000870227814,1.0,,,-0.008000001311302185,1.0,0.921279999613762,3.0,0.0009783416626996046,0.2
M2,101,101,6,25,4,True,mlp,0.1680000126361847,1.0,,,0.04800000786781311,1.0,0.921279999613762,3.0,0.0009783416626996046,0.2
M2,101,101,6,25,4,True,categorical_subset,0.152,,0.128,3,0.152,1.0,0.921279999613762,3.0,0.0009783416626996046,0.2
M2,101,101,6,50,4,True,linear,0.14400000870227814,1.0,,,0.01600000262260437,1.0,0.921279999613762,3.0,0.0009783416626996046,0.2
M2,101,101,6,50,4,True,mlp,0.12000000476837158,1.0,,,0.03199999779462814,1.0,0.921279999613762,3.0,0.0009783416626996046,0.2
M2,101,101,6,50,4,True,categorical_subset,0.2,,0.0,4,0.2,1.0,0.921279999613762,3.0,0.0009783416626996046,0.2
M2,101,101,7,25,3,True,linear,0.18400001525878906,1.0,,,0.0,1.0,0.921279999613762,3.0,0.0071454221717379245,0.32284075972383636
M2,101,101,7,25,3,True,mlp,0.20000000298023224,1.0,,,0.07199999690055847,1.0,0.921279999613762,3.0,0.0071454221717379245,0.32284075972383636
M2,101,101,7,25,3,True,categorical_subset,0.344,,0.184,3,0.344,1.0,0.921279999613762,3.0,0.0071454221717379245,0.32284075972383636
M2,101,101,7,50,3,True,linear,0.1600000113248825,1.0,,,0.04800000786781311,1.0,0.921279999613762,3.0,0.0071454221717379245,0.4309606682520273
M2,101,101,7,50,3,True,mlp,0.20800000429153442,1.0,,,0.07199999690055847,1.0,0.921279999613762,3.0,0.0071454221717379245,0.4309606682520273
M2,101,101,7,50,3,True,categorical_subset,0.464,,0.328,3,0.464,1.0,0.921279999613762,3.0,0.0071454221717379245,0.4309606682520273
P,42,17,0,25,2,True,linear,0.20800000429153442,1.0,,,0.031999990344047546,1.0,0.920559999346733,3.25,0.002917783628910014,0.7324894089285108
P,42,17,0,25,2,True,mlp,0.20000000298023224,1.0,,,0.03999999165534973,1.0,0.920559999346733,3.25,0.002917783628910014,0.7324894089285108
P,42,17,0,25,2,True,categorical_subset,0.696,,0.6,2,0.696,1.0,0.920559999346733,3.25,0.002917783628910014,0.7324894089285108
P,42,17,0,50,2,True,linear,0.2160000056028366,1.0,,,0.047999992966651917,1.0,0.920559999346733,3.25,0.002917783628910014,0.9151339579808615
P,42,17,0,50,2,True,mlp,0.24000000953674316,1.0,,,0.09600000083446503,1.0,0.920559999346733,3.25,0.002917783628910014,0.9151339579808615
P,42,17,0,50,2,True,categorical_subset,0.872,,0.872,2,0.872,1.0,0.920559999346733,3.25,0.002917783628910014,0.9151339579808615
P,42,17,1,25,2,True,linear,0.18400001525878906,1.0,,,0.024000003933906555,1.0,0.920559999346733,3.25,0.0028525995107943933,0.7324894089285108
P,42,17,1,25,2,True,mlp,0.24000000953674316,1.0,,,0.03200000524520874,1.0,0.920559999346733,3.25,0.0028525995107943933,0.7324894089285108
P,42,17,1,25,2,True,categorical_subset,0.752,,0.656,2,0.752,1.0,0.920559999346733,3.25,0.0028525995107943933,0.7324894089285108
P,42,17,1,50,2,True,linear,0.17600001394748688,1.0,,,-0.07999999821186066,1.0,0.920559999346733,3.25,0.0028525995107943933,0.9151339579808615
P,42,17,1,50,2,True,mlp,0.19200000166893005,1.0,,,-0.06400001049041748,1.0,0.920559999346733,3.25,0.0028525995107943933,0.9151339579808615
P,42,17,1,50,2,True,categorical_subset,0.8,,0.704,2,0.8,1.0,0.920559999346733,3.25,0.0028525995107943933,0.9151339579808615
P,42,17,2,25,3,True,linear,0.1680000126361847,1.0,,,-0.03999999165534973,1.0,0.920559999346733,3.25,0.0009951629050129044,0.32284075972383636
P,42,17,2,25,3,True,mlp,0.1680000126361847,1.0,,,-0.008000001311302185,1.0,0.920559999346733,3.25,0.0009951629050129044,0.32284075972383636
P,42,17,2,25,3,True,categorical_subset,0.328,,0.168,3,0.328,1.0,0.920559999346733,3.25,0.0009951629050129044,0.32284075972383636
P,42,17,2,50,3,True,linear,0.1600000113248825,1.0,,,0.008000001311302185,1.0,0.920559999346733,3.25,0.0009951629050129044,0.4309606682520273
P,42,17,2,50,3,True,mlp,0.15200001001358032,1.0,,,0.024000003933906555,1.0,0.920559999346733,3.25,0.0009951629050129044,0.4309606682520273
P,42,17,2,50,3,True,categorical_subset,0.472,,0.344,3,0.472,1.0,0.920559999346733,3.25,0.0009951629050129044,0.4309606682520273
P,42,17,3,25,3,True,linear,0.1680000126361847,1.0,,,0.056000009179115295,1.0,0.920559999346733,3.25,0.0012020447143109515,0.32284075972383636
P,42,17,3,25,3,True,mlp,0.17600001394748688,1.0,,,0.04800000786781311,1.0,0.920559999346733,3.25,0.0012020447143109515,0.32284075972383636
P,42,17,3,25,3,True,categorical_subset,0.288,,0.136,3,0.288,1.0,0.920559999346733,3.25,0.0012020447143109515,0.32284075972383636
P,42,17,3,50,3,True,linear,0.17600001394748688,1.0,,,0.0,1.0,0.920559999346733,3.25,0.0012020447143109515,0.4309606682520273
P,42,17,3,50,3,True,mlp,0.18400001525878906,1.0,,,0.07200001180171967,1.0,0.920559999346733,3.25,0.0012020447143109515,0.4309606682520273
P,42,17,3,50,3,True,categorical_subset,0.376,,0.24,3,0.376,1.0,0.920559999346733,3.25,0.0012020447143109515,0.4309606682520273
P,42,17,4,25,3,True,linear,0.25600001215934753,1.0,,,0.01600000262260437,1.0,0.920559999346733,3.25,0.0039404855116381855,0.32284075972383636
P,42,17,4,25,3,True,mlp,0.20800000429153442,1.0,,,-0.15200001001358032,1.0,0.920559999346733,3.25,0.0039404855116381855,0.32284075972383636
P,42,17,4,25,3,True,categorical_subset,0.304,,0.128,3,0.304,1.0,0.920559999346733,3.25,0.0039404855116381855,0.32284075972383636
P,42,17,4,50,3,True,linear,0.2639999985694885,1.0,,,-0.03200000524520874,1.0,0.920559999346733,3.25,0.0039404855116381855,0.4309606682520273
P,42,17,4,50,3,True,mlp,0.2240000069141388,1.0,,,-0.2720000147819519,1.0,0.920559999346733,3.25,0.0039404855116381855,0.4309606682520273
P,42,17,4,50,3,True,categorical_subset,0.368,,0.216,3,0.368,1.0,0.920559999346733,3.25,0.0039404855116381855,0.4309606682520273
P,42,17,5,25,3,True,linear,0.18400001525878906,1.0,,,0.008000001311302185,1.0,0.920559999346733,3.25,0.0031496653436860434,0.32284075972383636
P,42,17,5,25,3,True,mlp,0.18400001525878906,1.0,,,0.040000006556510925,1.0,0.920559999346733,3.25,0.0031496653436860434,0.32284075972383636
P,42,17,5,25,3,True,categorical_subset,0.304,,0.192,3,0.304,1.0,0.920559999346733,3.25,0.0031496653436860434,0.32284075972383636
P,42,17,5,50,3,True,linear,0.18400001525878906,1.0,,,0.024000003933906555,1.0,0.920559999346733,3.25,0.0031496653436860434,0.4309606682520273
P,42,17,5,50,3,True,mlp,0.17600001394748688,1.0,,,0.056000009179115295,1.0,0.920559999346733,3.25,0.0031496653436860434,0.4309606682520273
P,42,17,5,50,3,True,categorical_subset,0.416,,0.312,3,0.416,1.0,0.920559999346733,3.25,0.0031496653436860434,0.4309606682520273
P,42,17,6,25,4,True,linear,0.25600001215934753,1.0,,,0.040000006556510925,1.0,0.920559999346733,3.25,0.00319293691056303,0.2
P,42,17,6,25,4,True,mlp,0.23200000822544098,1.0,,,0.0559999942779541,1.0,0.920559999346733,3.25,0.00319293691056303,0.2
P,42,17,6,25,4,True,categorical_subset,0.2,,0.0,4,0.2,1.0,0.920559999346733,3.25,0.00319293691056303,0.2
P,42,17,6,50,4,True,linear,0.19200000166893005,1.0,,,-0.01600000262260437,1.0,0.920559999346733,3.25,0.00319293691056303,0.2
P,42,17,6,50,4,True,mlp,0.20800000429153442,1.0,,,0.008000001311302185,1.0,0.920559999346733,3.25,0.00319293691056303,0.2
P,42,17,6,50,4,True,categorical_subset,0.2,,0.0,4,0.2,1.0,0.920559999346733,3.25,0.00319293691056303,0.2
P,42,17,7,25,4,True,linear,0.15200001001358032,1.0,,,-0.1119999885559082,1.0,0.920559999346733,3.25,0.0017330200891295068,0.2
P,42,17,7,25,4,True,mlp,0.15200001001358032,1.0,,,-0.12799999117851257,1.0,0.920559999346733,3.25,0.0017330200891295068,0.2
P,42,17,7,25,4,True,categorical_subset,0.2,,0.0,4,0.2,1.0,0.920559999346733,3.25,0.0017330200891295068,0.2
P,42,17,7,50,4,True,linear,0.20000000298023224,1.0,,,0.0,1.0,0.920559999346733,3.25,0.0017330200891295068,0.2
P,42,17,7,50,4,True,mlp,0.20000000298023224,1.0,,,0.02399998903274536,1.0,0.920559999346733,3.25,0.0017330200891295068,0.2
P,42,17,7,50,4,True,categorical_subset,0.2,,0.0,4,0.2,1.0,0.920559999346733,3.25,0.0017330200891295068,0.2
M1,101,101,0,25,2,True,linear,0.12000000476837158,1.0,,,-0.024000003933906555,1.0,0.9213599994778633,3.0,0.000437811418530883,0.7324894089285108
M1,101,101,0,25,2,True,mlp,0.15200001001358032,1.0,,,0.03200000524520874,1.0,0.9213599994778633,3.0,0.000437811418530883,0.7324894089285108
M1,101,101,0,25,2,True,categorical_subset,0.672,,0.608,2,0.672,1.0,0.9213599994778633,3.0,0.000437811418530883,0.7324894089285108
M1,101,101,0,50,2,True,linear,0.20000000298023224,1.0,,,0.09600000083446503,1.0,0.9213599994778633,3.0,0.000437811418530883,0.9151339579808615
M1,101,101,0,50,2,True,mlp,0.17600001394748688,1.0,,,0.08000001311302185,1.0,0.9213599994778633,3.0,0.000437811418530883,0.9151339579808615
M1,101,101,0,50,2,True,categorical_subset,0.92,,0.88,2,0.92,1.0,0.9213599994778633,3.0,0.000437811418530883,0.9151339579808615
M1,101,101,1,25,3,True,linear,0.1680000126361847,1.0,,,0.008000001311302185,1.0,0.9213599994778633,3.0,0.0003960021112449813,0.32284075972383636
M1,101,101,1,25,3,True,mlp,0.14400000870227814,1.0,,,0.01600000262260437,1.0,0.9213599994778633,3.0,0.0003960021112449813,0.32284075972383636
M1,101,101,1,25,3,True,categorical_subset,0.304,,0.12,3,0.304,1.0,0.9213599994778633,3.0,0.0003960021112449813,0.32284075972383636
M1,101,101,1,50,3,True,linear,0.19200000166893005,1.0,,,0.03999999165534973,1.0,0.9213599994778633,3.0,0.0003960021112449813,0.4309606682520273
M1,101,101,1,50,3,True,mlp,0.18400001525878906,1.0,,,0.08800001442432404,1.0,0.9213599994778633,3.0,0.0003960021112449813,0.4309606682520273
M1,101,101,1,50,3,True,categorical_subset,0.408,,0.264,3,0.408,1.0,0.9213599994778633,3.0,0.0003960021112449813,0.4309606682520273
M1,101,101,2,25,2,True,linear,0.20800000429153442,1.0,,,0.008000001311302185,1.0,0.9213599994778633,3.0,0.0020813078104925924,0.7324894089285108
M1,101,101,2,25,2,True,mlp,0.23200000822544098,1.0,,,0.07199999690055847,1.0,0.9213599994778633,3.0,0.0020813078104925924,0.7324894089285108
M1,101,101,2,25,2,True,categorical_subset,0.712,,0.648,2,0.712,1.0,0.9213599994778633,3.0,0.0020813078104925924,0.7324894089285108
M1,101,101,2,50,2,True,linear,0.17600001394748688,1.0,,,-0.008000001311302185,1.0,0.9213599994778633,3.0,0.0020813078104925924,0.9151339579808615
M1,101,101,2,50,2,True,mlp,0.17600001394748688,1.0,,,0.0,1.0,0.9213599994778633,3.0,0.0020813078104925924,0.9151339579808615
M1,101,101,2,50,2,True,categorical_subset,0.952,,0.888,2,0.952,1.0,0.9213599994778633,3.0,0.0020813078104925924,0.9151339579808615
M1,101,101,3,25,3,True,linear,0.20000000298023224,1.0,,,0.03999999165534973,1.0,0.9213599994778633,3.0,0.0016686351255577945,0.32284075972383636
M1,101,101,3,25,3,True,mlp,0.1600000113248825,1.0,,,0.024000003933906555,1.0,0.9213599994778633,3.0,0.0016686351255577945,0.32284075972383636
M1,101,101,3,25,3,True,categorical_subset,0.288,,0.088,3,0.288,1.0,0.9213599994778633,3.0,0.0016686351255577945,0.32284075972383636
M1,101,101,3,50,3,True,linear,0.1600000113248825,1.0,,,-0.03999999165534973,1.0,0.9213599994778633,3.0,0.0016686351255577945,0.4309606682520273
M1,101,101,3,50,3,True,mlp,0.12800000607967377,1.0,,,-0.08799999952316284,1.0,0.9213599994778633,3.0,0.0016686351255577945,0.4309606682520273
M1,101,101,3,50,3,True,categorical_subset,0.392,,0.224,3,0.392,1.0,0.9213599994778633,3.0,0.0016686351255577945,0.4309606682520273
M1,101,101,4,25,3,True,linear,0.18400001525878906,1.0,,,0.024000003933906555,1.0,0.9213599994778633,3.0,0.00034452912803493416,0.32284075972383636
M1,101,101,4,25,3,True,mlp,0.15200001001358032,1.0,,,0.0,1.0,0.9213599994778633,3.0,0.00034452912803493416,0.32284075972383636
M1,101,101,4,25,3,True,categorical_subset,0.384,,0.208,3,0.384,1.0,0.9213599994778633,3.0,0.00034452912803493416,0.32284075972383636
M1,101,101,4,50,3,True,linear,0.15200001001358032,1.0,,,0.03200000524520874,1.0,0.9213599994778633,3.0,0.00034452912803493416,0.4309606682520273
M1,101,101,4,50,3,True,mlp,0.1600000113248825,1.0,,,0.01600000262260437,1.0,0.9213599994778633,3.0,0.00034452912803493416,0.4309606682520273
M1,101,101,4,50,3,True,categorical_subset,0.52,,0.376,3,0.52,1.0,0.9213599994778633,3.0,0.00034452912803493416,0.4309606682520273
M1,101,101,5,25,3,True,linear,0.20000000298023224,1.0,,,0.031999990344047546,1.0,0.9213599994778633,3.0,0.00515167343761967,0.32284075972383636
M1,101,101,5,25,3,True,mlp,0.13600000739097595,1.0,,,-0.024000003933906555,1.0,0.9213599994778633,3.0,0.00515167343761967,0.32284075972383636
M1,101,101,5,25,3,True,categorical_subset,0.312,,0.128,3,0.312,1.0,0.9213599994778633,3.0,0.00515167343761967,0.32284075972383636
M1,101,101,5,50,3,True,linear,0.15200001001358032,1.0,,,-0.01600000262260437,1.0,0.9213599994778633,3.0,0.00515167343761967,0.4309606682520273
M1,101,101,5,50,3,True,mlp,0.19200000166893005,1.0,,,0.015999987721443176,1.0,0.9213599994778633,3.0,0.00515167343761967,0.4309606682520273
M1,101,101,5,50,3,True,categorical_subset,0.464,,0.296,3,0.464,1.0,0.9213599994778633,3.0,0.00515167343761967,0.4309606682520273
M1,101,101,6,25,3,True,linear,0.17600001394748688,1.0,,,0.024000003933906555,1.0,0.9213599994778633,3.0,0.000517746599148195,0.32284075972383636
M1,101,101,6,25,3,True,mlp,0.17600001394748688,1.0,,,0.056000009179115295,1.0,0.9213599994778633,3.0,0.000517746599148195,0.32284075972383636
M1,101,101,6,25,3,True,categorical_subset,0.28,,0.128,3,0.28,1.0,0.9213599994778633,3.0,0.000517746599148195,0.32284075972383636
M1,101,101,6,50,3,True,linear,0.1680000126361847,1.0,,,0.040000006556510925,1.0,0.9213599994778633,3.0,0.000517746599148195,0.4309606682520273
M1,101,101,6,50,3,True,mlp,0.15200001001358032,1.0,,,0.06400000303983688,1.0,0.9213599994778633,3.0,0.000517746599148195,0.4309606682520273
M1,101,101,6,50,3,True,categorical_subset,0.4,,0.288,3,0.4,1.0,0.9213599994778633,3.0,0.000517746599148195,0.4309606682520273
M1,101,101,7,25,4,True,linear,0.15200001001358032,1.0,,,-0.03200000524520874,1.0,0.9213599994778633,3.0,0.006137586612396709,0.2
M1,101,101,7,25,4,True,mlp,0.19200000166893005,1.0,,,0.06399999558925629,1.0,0.9213599994778633,3.0,0.006137586612396709,0.2
M1,101,101,7,25,4,True,categorical_subset,0.16,,0.208,3,0.16,1.0,0.9213599994778633,3.0,0.006137586612396709,0.2
M1,101,101,7,50,4,True,linear,0.19200000166893005,1.0,,,0.07999999821186066,1.0,0.9213599994778633,3.0,0.006137586612396709,0.2
M1,101,101,7,50,4,True,mlp,0.2720000147819519,1.0,,,0.13600000739097595,1.0,0.9213599994778633,3.0,0.006137586612396709,0.2
M1,101,101,7,50,4,True,categorical_subset,0.2,,0.0,4,0.2,1.0,0.9213599994778633,3.0,0.006137586612396709,0.2
M1,17,42,0,25,2,True,linear,0.20800000429153442,1.0,,,0.0559999942779541,1.0,0.9208800002932549,3.0,0.008644725575065139,0.7324894089285108
M1,17,42,0,25,2,True,mlp,0.20800000429153442,1.0,,,0.02399998903274536,1.0,0.9208800002932549,3.0,0.008644725575065139,0.7324894089285108
M1,17,42,0,25,2,True,categorical_subset,0.768,,0.656,2,0.768,1.0,0.9208800002932549,3.0,0.008644725575065139,0.7324894089285108
M1,17,42,0,50,2,True,linear,0.2160000056028366,1.0,,,0.07199999690055847,1.0,0.9208800002932549,3.0,0.008644725575065139,0.9151339579808615
M1,17,42,0,50,2,True,mlp,0.2720000147819519,1.0,,,0.09600000083446503,1.0,0.9208800002932549,3.0,0.008644725575065139,0.9151339579808615
M1,17,42,0,50,2,True,categorical_subset,0.976,,0.92,2,0.976,1.0,0.9208800002932549,3.0,0.008644725575065139,0.9151339579808615
M1,17,42,1,25,3,True,linear,0.14400000870227814,1.0,,,0.0,1.0,0.9208800002932549,3.0,0.001212548764758209,0.32284075972383636
M1,17,42,1,25,3,True,mlp,0.17600001394748688,1.0,,,0.008000001311302185,1.0,0.9208800002932549,3.0,0.001212548764758209,0.32284075972383636
M1,17,42,1,25,3,True,categorical_subset,0.328,,0.168,3,0.328,1.0,0.9208800002932549,3.0,0.001212548764758209,0.32284075972383636
M1,17,42,1,50,3,True,linear,0.1680000126361847,1.0,,,0.008000001311302185,1.0,0.9208800002932549,3.0,0.001212548764758209,0.4309606682520273
M1,17,42,1,50,3,True,mlp,0.14400000870227814,1.0,,,0.01600000262260437,1.0,0.9208800002932549,3.0,0.001212548764758209,0.4309606682520273
M1,17,42,1,50,3,True,categorical_subset,0.408,,0.256,3,0.408,1.0,0.9208800002932549,3.0,0.001212548764758209,0.4309606682520273
M1,17,42,2,25,2,True,linear,0.2240000069141388,1.0,,,0.024000003933906555,1.0,0.9208800002932549,3.0,0.009076502994851134,0.7324894089285108
M1,17,42,2,25,2,True,mlp,0.2720000147819519,1.0,,,0.1120000034570694,1.0,0.9208800002932549,3.0,0.009076502994851134,0.7324894089285108
M1,17,42,2,25,2,True,categorical_subset,0.696,,0.6,2,0.696,1.0,0.9208800002932549,3.0,0.009076502994851134,0.7324894089285108
M1,17,42,2,50,2,True,linear,0.24800001084804535,1.0,,,0.08799999952316284,1.0,0.9208800002932549,3.0,0.009076502994851134,0.9151339579808615
M1,17,42,2,50,2,True,mlp,0.320000022649765,1.0,,,0.1600000113248825,1.0,0.9208800002932549,3.0,0.009076502994851134,0.9151339579808615
M1,17,42,2,50,2,True,categorical_subset,1.0,,0.936,2,1.0,1.0,0.9208800002932549,3.0,0.009076502994851134,0.9151339579808615
M1,17,42,3,25,3,True,linear,0.19200000166893005,1.0,,,-0.008000001311302185,1.0,0.9208800002932549,3.0,0.0006035753422520501,0.32284075972383636
M1,17,42,3,25,3,True,mlp,0.25600001215934753,1.0,,,0.04800000786781311,1.0,0.9208800002932549,3.0,0.0006035753422520501,0.32284075972383636
M1,17,42,3,25,3,True,categorical_subset,0.312,,0.16,3,0.312,1.0,0.9208800002932549,3.0,0.0006035753422520501,0.32284075972383636
M1,17,42,3,50,3,True,linear,0.17600001394748688,1.0,,,0.01600000262260437,1.0,0.9208800002932549,3.0,0.0006035753422520501,0.4309606682520273
M1,17,42,3,50,3,True,mlp,0.18400001525878906,1.0,,,0.008000001311302185,1.0,0.9208800002932549,3.0,0.0006035753422520501,0.4309606682520273
M1,17,42,3,50,3,True,categorical_subset,0.392,,0.248,3,0.392,1.0,0.9208800002932549,3.0,0.0006035753422520501,0.4309606682520273
M1,17,42,4,25,3,True,linear,0.20800000429153442,1.0,,,-0.01600000262260437,1.0,0.9208800002932549,3.0,0.010631303553278793,0.32284075972383636
M1,17,42,4,25,3,True,mlp,0.17600001394748688,1.0,,,-0.09600000083446503,1.0,0.9208800002932549,3.0,0.010631303553278793,0.32284075972383636
M1,17,42,4,25,3,True,categorical_subset,0.304,,0.104,3,0.304,1.0,0.9208800002932549,3.0,0.010631303553278793,0.32284075972383636
M1,17,42,4,50,3,True,linear,0.2240000069141388,1.0,,,0.024000003933906555,1.0,0.9208800002932549,3.0,0.010631303553278793,0.4309606682520273
M1,17,42,4,50,3,True,mlp,0.19200000166893005,1.0,,,-0.09600001573562622,1.0,0.9208800002932549,3.0,0.010631303553278793,0.4309606682520273
M1,17,42,4,50,3,True,categorical_subset,0.4,,0.232,3,0.4,1.0,0.9208800002932549,3.0,0.010631303553278793,0.4309606682520273
M1,17,42,5,25,3,True,linear,0.17600001394748688,1.0,,,-0.008000001311302185,1.0,0.9208800002932549,3.0,0.0012786270421229291,0.32284075972383636
M1,17,42,5,25,3,True,mlp,0.1600000113248825,1.0,,,-0.024000003933906555,1.0,0.9208800002932549,3.0,0.0012786270421229291,0.32284075972383636
M1,17,42,5,25,3,True,categorical_subset,0.296,,0.152,3,0.296,1.0,0.9208800002932549,3.0,0.0012786270421229291,0.32284075972383636
M1,17,42,5,50,3,True,linear,0.13600000739097595,1.0,,,-0.0559999942779541,1.0,0.9208800002932549,3.0,0.0012786270421229291,0.4309606682520273
M1,17,42,5,50,3,True,mlp,0.12800000607967377,1.0,,,-0.04800000786781311,1.0,0.9208800002932549,3.0,0.0012786270421229291,0.4309606682520273
M1,17,42,5,50,3,True,categorical_subset,0.432,,0.296,3,0.432,1.0,0.9208800002932549,3.0,0.0012786270421229291,0.4309606682520273
M1,17,42,6,25,3,True,linear,0.24000000953674316,1.0,,,0.1120000034570694,1.0,0.9208800002932549,3.0,0.00558421370810492,0.32284075972383636
M1,17,42,6,25,3,True,mlp,0.20800000429153442,1.0,,,0.03999999165534973,1.0,0.9208800002932549,3.0,0.00558421370810492,0.32284075972383636
M1,17,42,6,25,3,True,categorical_subset,0.288,,0.12,3,0.288,1.0,0.9208800002932549,3.0,0.00558421370810492,0.32284075972383636
M1,17,42,6,50,3,True,linear,0.15200001001358032,1.0,,,0.008000001311302185,1.0,0.9208800002932549,3.0,0.00558421370810492,0.4309606682520273
M1,17,42,6,50,3,True,mlp,0.1600000113248825,1.0,,,-0.008000001311302185,1.0,0.9208800002932549,3.0,0.00558421370810492,0.4309606682520273
M1,17,42,6,50,3,True,categorical_subset,0.408,,0.248,3,0.408,1.0,0.9208800002932549,3.0,0.00558421370810492,0.4309606682520273
M1,17,42,7,25,4,True,linear,0.1600000113248825,1.0,,,-0.031999990344047546,1.0,0.9208800002932549,3.0,0.0010121552057387084,0.2
M1,17,42,7,25,4,True,mlp,0.17600001394748688,1.0,,,0.03200000524520874,1.0,0.9208800002932549,3.0,0.0010121552057387084,0.2
M1,17,42,7,25,4,True,categorical_subset,0.184,,0.112,3,0.184,1.0,0.9208800002932549,3.0,0.0010121552057387084,0.2
M1,17,42,7,50,4,True,linear,0.1680000126361847,1.0,,,0.056000009179115295,1.0,0.9208800002932549,3.0,0.0010121552057387084,0.2
M1,17,42,7,50,4,True,mlp,0.1680000126361847,1.0,,,0.056000009179115295,1.0,0.9208800002932549,3.0,0.0010121552057387084,0.2
M1,17,42,7,50,4,True,categorical_subset,0.2,,0.0,4,0.2,1.0,0.9208800002932549,3.0,0.0010121552057387084,0.2
P,17,17,0,25,2,True,linear,0.23200000822544098,1.0,,,0.040000006556510925,1.0,0.9195199996232987,3.25,0.017069988598371263,0.7324894089285108
P,17,17,0,25,2,True,mlp,0.2240000069141388,1.0,,,0.024000003933906555,1.0,0.9195199996232987,3.25,0.017069988598371263,0.7324894089285108
P,17,17,0,25,2,True,categorical_subset,0.768,,0.656,2,0.768,1.0,0.9195199996232987,3.25,0.017069988598371263,0.7324894089285108
P,17,17,0,50,2,True,linear,0.2880000174045563,1.0,,,0.14400000870227814,1.0,0.9195199996232987,3.25,0.017069988598371263,0.9151339579808615
P,17,17,0,50,2,True,mlp,0.320000022649765,1.0,,,0.1600000113248825,1.0,0.9195199996232987,3.25,0.017069988598371263,0.9151339579808615
P,17,17,0,50,2,True,categorical_subset,0.976,,0.92,2,0.976,1.0,0.9195199996232987,3.25,0.017069988598371263,0.9151339579808615
P,17,17,1,25,2,True,linear,0.1600000113248825,1.0,,,-0.01600000262260437,1.0,0.9195199996232987,3.25,0.006777201696089995,0.7324894089285108
P,17,17,1,25,2,True,mlp,0.2639999985694885,1.0,,,0.10399998724460602,1.0,0.9195199996232987,3.25,0.006777201696089995,0.7324894089285108
P,17,17,1,25,2,True,categorical_subset,0.696,,0.672,2,0.696,1.0,0.9195199996232987,3.25,0.006777201696089995,0.7324894089285108
P,17,17,1,50,2,True,linear,0.20000000298023224,1.0,,,0.008000001311302185,1.0,0.9195199996232987,3.25,0.006777201696089995,0.9151339579808615
P,17,17,1,50,2,True,mlp,0.29600000381469727,1.0,,,0.10400000214576721,1.0,0.9195199996232987,3.25,0.006777201696089995,0.9151339579808615
P,17,17,1,50,2,True,categorical_subset,0.816,,0.816,2,0.816,1.0,0.9195199996232987,3.25,0.006777201696089995,0.9151339579808615
P,17,17,2,25,3,True,linear,0.18400001525878906,1.0,,,0.024000003933906555,1.0,0.9195199996232987,3.25,0.005859481565827199,0.32284075972383636
P,17,17,2,25,3,True,mlp,0.20800000429153442,1.0,,,0.06399999558925629,1.0,0.9195199996232987,3.25,0.005859481565827199,0.32284075972383636
P,17,17,2,25,3,True,categorical_subset,0.312,,0.136,3,0.312,1.0,0.9195199996232987,3.25,0.005859481565827199,0.32284075972383636
P,17,17,2,50,3,True,linear,0.17600001394748688,1.0,,,0.024000003933906555,1.0,0.9195199996232987,3.25,0.005859481565827199,0.4309606682520273
P,17,17,2,50,3,True,mlp,0.17600001394748688,1.0,,,0.03200000524520874,1.0,0.9195199996232987,3.25,0.005859481565827199,0.4309606682520273
P,17,17,2,50,3,True,categorical_subset,0.44,,0.304,3,0.44,1.0,0.9195199996232987,3.25,0.005859481565827199,0.4309606682520273
P,17,17,3,25,3,True,linear,0.24000000953674316,1.0,,,0.0559999942779541,1.0,0.9195199996232987,3.25,0.0006429802614183743,0.32284075972383636
P,17,17,3,25,3,True,mlp,0.2160000056028366,1.0,,,0.0559999942779541,1.0,0.9195199996232987,3.25,0.0006429802614183743,0.32284075972383636
P,17,17,3,25,3,True,categorical_subset,0.312,,0.16,3,0.312,1.0,0.9195199996232987,3.25,0.0006429802614183743,0.32284075972383636
P,17,17,3,50,3,True,linear,0.18400001525878906,1.0,,,0.04800000786781311,1.0,0.9195199996232987,3.25,0.0006429802614183743,0.4309606682520273
P,17,17,3,50,3,True,mlp,0.1600000113248825,1.0,,,0.01600000262260437,1.0,0.9195199996232987,3.25,0.0006429802614183743,0.4309606682520273
P,17,17,3,50,3,True,categorical_subset,0.392,,0.248,3,0.392,1.0,0.9195199996232987,3.25,0.0006429802614183743,0.4309606682520273
P,17,17,4,25,3,True,linear,0.1600000113248825,1.0,,,-0.07199999690055847,1.0,0.9195199996232987,3.25,0.005666925476600221,0.32284075972383636
P,17,17,4,25,3,True,mlp,0.15200001001358032,1.0,,,-0.18400001525878906,1.0,0.9195199996232987,3.25,0.005666925476600221,0.32284075972383636
P,17,17,4,25,3,True,categorical_subset,0.304,,0.104,3,0.304,1.0,0.9195199996232987,3.25,0.005666925476600221,0.32284075972383636
P,17,17,4,50,3,True,linear,0.1600000113248825,1.0,,,-0.07999999821186066,1.0,0.9195199996232987,3.25,0.005666925476600221,0.4309606682520273
P,17,17,4,50,3,True,mlp,0.12800000607967377,1.0,,,-0.24800001084804535,1.0,0.9195199996232987,3.25,0.005666925476600221,0.4309606682520273
P,17,17,4,50,3,True,categorical_subset,0.4,,0.232,3,0.4,1.0,0.9195199996232987,3.25,0.005666925476600221,0.4309606682520273
P,17,17,5,25,3,True,linear,0.18400001525878906,1.0,,,0.01600000262260437,1.0,0.9195199996232987,3.25,0.001063019943974861,0.32284075972383636
P,17,17,5,25,3,True,mlp,0.17600001394748688,1.0,,,0.024000003933906555,1.0,0.9195199996232987,3.25,0.001063019943974861,0.32284075972383636
P,17,17,5,25,3,True,categorical_subset,0.296,,0.152,3,0.296,1.0,0.9195199996232987,3.25,0.001063019943974861,0.32284075972383636
P,17,17,5,50,3,True,linear,0.12800000607967377,1.0,,,-0.040000006556510925,1.0,0.9195199996232987,3.25,0.001063019943974861,0.4309606682520273
P,17,17,5,50,3,True,mlp,0.12000000476837158,1.0,,,-0.03200000524520874,1.0,0.9195199996232987,3.25,0.001063019943974861,0.4309606682520273
P,17,17,5,50,3,True,categorical_subset,0.432,,0.296,3,0.432,1.0,0.9195199996232987,3.25,0.001063019943974861,0.4309606682520273
P,17,17,6,25,4,True,linear,0.20000000298023224,1.0,,,0.047999992966651917,1.0,0.9195199996232987,3.25,0.004667772325334773,0.2
P,17,17,6,25,4,True,mlp,0.20000000298023224,1.0,,,0.03999999165534973,1.0,0.9195199996232987,3.25,0.004667772325334773,0.2
P,17,17,6,25,4,True,categorical_subset,0.2,,0.0,4,0.2,1.0,0.9195199996232987,3.25,0.004667772325334773,0.2
P,17,17,6,50,4,True,linear,0.18400001525878906,1.0,,,0.04800000786781311,1.0,0.9195199996232987,3.25,0.004667772325334773,0.2
P,17,17,6,50,4,True,mlp,0.1680000126361847,1.0,,,0.056000009179115295,1.0,0.9195199996232987,3.25,0.004667772325334773,0.2
P,17,17,6,50,4,True,categorical_subset,0.2,,0.0,4,0.2,1.0,0.9195199996232987,3.25,0.004667772325334773,0.2
P,17,17,7,25,4,True,linear,0.2160000056028366,1.0,,,0.0,1.0,0.9195199996232987,3.25,0.0007191072138183576,0.2
P,17,17,7,25,4,True,mlp,0.1680000126361847,1.0,,,0.01600000262260437,1.0,0.9195199996232987,3.25,0.0007191072138183576,0.2
P,17,17,7,25,4,True,categorical_subset,0.2,,0.0,4,0.2,1.0,0.9195199996232987,3.25,0.0007191072138183576,0.2
P,17,17,7,50,4,True,linear,0.15200001001358032,1.0,,,-0.06399999558925629,1.0,0.9195199996232987,3.25,0.0007191072138183576,0.2
P,17,17,7,50,4,True,mlp,0.2240000069141388,1.0,,,0.047999992966651917,1.0,0.9195199996232987,3.25,0.0007191072138183576,0.2
P,17,17,7,50,4,True,categorical_subset,0.2,,0.0,4,0.2,1.0,0.9195199996232987,3.25,0.0007191072138183576,0.2
M1,101,42,0,25,2,True,linear,0.17600001394748688,1.0,,,-0.02399998903274536,1.0,0.9200000002980232,3.0,0.00046232792655902266,0.7324894089285108
M1,101,42,0,25,2,True,mlp,0.1680000126361847,1.0,,,0.040000006556510925,1.0,0.9200000002980232,3.0,0.00046232792655902266,0.7324894089285108
M1,101,42,0,25,2,True,categorical_subset,0.672,,0.608,2,0.672,1.0,0.9200000002980232,3.0,0.00046232792655902266,0.7324894089285108
M1,101,42,0,50,2,True,linear,0.12800000607967377,1.0,,,-0.06399999558925629,1.0,0.9200000002980232,3.0,0.00046232792655902266,0.9151339579808615
M1,101,42,0,50,2,True,mlp,0.10400000214576721,1.0,,,0.0,1.0,0.9200000002980232,3.0,0.00046232792655902266,0.9151339579808615
M1,101,42,0,50,2,True,categorical_subset,0.92,,0.88,2,0.92,1.0,0.9200000002980232,3.0,0.00046232792655902266,0.9151339579808615
M1,101,42,1,25,3,True,linear,0.17600001394748688,1.0,,,0.03200000524520874,1.0,0.9200000002980232,3.0,0.0004908048144251765,0.32284075972383636
M1,101,42,1,25,3,True,mlp,0.15200001001358032,1.0,,,0.008000001311302185,1.0,0.9200000002980232,3.0,0.0004908048144251765,0.32284075972383636
M1,101,42,1,25,3,True,categorical_subset,0.304,,0.12,3,0.304,1.0,0.9200000002980232,3.0,0.0004908048144251765,0.32284075972383636
M1,101,42,1,50,3,True,linear,0.17600001394748688,1.0,,,0.056000009179115295,1.0,0.9200000002980232,3.0,0.0004908048144251765,0.4309606682520273
M1,101,42,1,50,3,True,mlp,0.17600001394748688,1.0,,,0.040000006556510925,1.0,0.9200000002980232,3.0,0.0004908048144251765,0.4309606682520273
M1,101,42,1,50,3,True,categorical_subset,0.408,,0.264,3,0.408,1.0,0.9200000002980232,3.0,0.0004908048144251765,0.4309606682520273
M1,101,42,2,25,2,True,linear,0.17600001394748688,1.0,,,-0.008000001311302185,1.0,0.9200000002980232,3.0,0.0015975576776199691,0.7324894089285108
M1,101,42,2,25,2,True,mlp,0.20800000429153442,1.0,,,0.07199999690055847,1.0,0.9200000002980232,3.0,0.0015975576776199691,0.7324894089285108
M1,101,42,2,25,2,True,categorical_subset,0.712,,0.648,2,0.712,1.0,0.9200000002980232,3.0,0.0015975576776199691,0.7324894089285108
M1,101,42,2,50,2,True,linear,0.15200001001358032,1.0,,,-0.03999999165534973,1.0,0.9200000002980232,3.0,0.0015975576776199691,0.9151339579808615
M1,101,42,2,50,2,True,mlp,0.1600000113248825,1.0,,,0.03200000524520874,1.0,0.9200000002980232,3.0,0.0015975576776199691,0.9151339579808615
M1,101,42,2,50,2,True,categorical_subset,0.952,,0.888,2,0.952,1.0,0.9200000002980232,3.0,0.0015975576776199691,0.9151339579808615
M1,101,42,3,25,3,True,linear,0.18400001525878906,1.0,,,0.01600000262260437,1.0,0.9200000002980232,3.0,0.0012349425596609065,0.32284075972383636
M1,101,42,3,25,3,True,mlp,0.17600001394748688,1.0,,,-0.02399998903274536,1.0,0.9200000002980232,3.0,0.0012349425596609065,0.32284075972383636
M1,101,42,3,25,3,True,categorical_subset,0.288,,0.088,3,0.288,1.0,0.9200000002980232,3.0,0.0012349425596609065,0.32284075972383636
M1,101,42,3,50,3,True,linear,0.17600001394748688,1.0,,,-0.03999999165534973,1.0,0.9200000002980232,3.0,0.0012349425596609065,0.4309606682520273
M1,101,42,3,50,3,True,mlp,0.1600000113248825,1.0,,,-0.031999990344047546,1.0,0.9200000002980232,3.0,0.0012349425596609065,0.4309606682520273
M1,101,42,3,50,3,True,categorical_subset,0.392,,0.224,3,0.392,1.0,0.9200000002980232,3.0,0.0012349425596609065,0.4309606682520273
M1,101,42,4,25,3,True,linear,0.2160000056028366,1.0,,,0.07199999690055847,1.0,0.9200000002980232,3.0,0.0002955657204668616,0.32284075972383636
M1,101,42,4,25,3,True,mlp,0.20000000298023224,1.0,,,0.06399999558925629,1.0,0.9200000002980232,3.0,0.0002955657204668616,0.32284075972383636
M1,101,42,4,25,3,True,categorical_subset,0.384,,0.208,3,0.384,1.0,0.9200000002980232,3.0,0.0002955657204668616,0.32284075972383636
M1,101,42,4,50,3,True,linear,0.20800000429153442,1.0,,,0.10400000214576721,1.0,0.9200000002980232,3.0,0.0002955657204668616,0.4309606682520273
M1,101,42,4,50,3,True,mlp,0.20000000298023224,1.0,,,0.07199999690055847,1.0,0.9200000002980232,3.0,0.0002955657204668616,0.4309606682520273
M1,101,42,4,50,3,True,categorical_subset,0.52,,0.376,3,0.52,1.0,0.9200000002980232,3.0,0.0002955657204668616,0.4309606682520273
M1,101,42,5,25,3,True,linear,0.19200000166893005,1.0,,,0.015999987721443176,1.0,0.9200000002980232,3.0,0.0031488312043932076,0.32284075972383636
M1,101,42,5,25,3,True,mlp,0.15200001001358032,1.0,,,-0.008000001311302185,1.0,0.9200000002980232,3.0,0.0031488312043932076,0.32284075972383636
M1,101,42,5,25,3,True,categorical_subset,0.312,,0.128,3,0.312,1.0,0.9200000002980232,3.0,0.0031488312043932076,0.32284075972383636
M1,101,42,5,50,3,True,linear,0.23200000822544098,1.0,,,0.06399999558925629,1.0,0.9200000002980232,3.0,0.0031488312043932076,0.4309606682520273
M1,101,42,5,50,3,True,mlp,0.19200000166893005,1.0,,,0.0559999942779541,1.0,0.9200000002980232,3.0,0.0031488312043932076,0.4309606682520273
M1,101,42,5,50,3,True,categorical_subset,0.464,,0.296,3,0.464,1.0,0.9200000002980232,3.0,0.0031488312043932076,0.4309606682520273
M1,101,42,6,25,3,True,linear,0.13600000739097595,1.0,,,-0.040000006556510925,1.0,0.9200000002980232,3.0,0.0005206210244266516,0.32284075972383636
M1,101,42,6,25,3,True,mlp,0.1600000113248825,1.0,,,-0.01600000262260437,1.0,0.9200000002980232,3.0,0.0005206210244266516,0.32284075972383636
M1,101,42,6,25,3,True,categorical_subset,0.28,,0.128,3,0.28,1.0,0.9200000002980232,3.0,0.0005206210244266516,0.32284075972383636
M1,101,42,6,50,3,True,linear,0.1680000126361847,1.0,,,0.040000006556510925,1.0,0.9200000002980232,3.0,0.0005206210244266516,0.4309606682520273
M1,101,42,6,50,3,True,mlp,0.13600000739097595,1.0,,,0.01600000262260437,1.0,0.9200000002980232,3.0,0.0005206210244266516,0.4309606682520273
M1,101,42,6,50,3,True,categorical_subset,0.4,,0.288,3,0.4,1.0,0.9200000002980232,3.0,0.0005206210244266516,0.4309606682520273
M1,101,42,7,25,4,True,linear,0.18400001525878906,1.0,,,-0.015999987721443176,1.0,0.9200000002980232,3.0,0.004962873262438083,0.2
M1,101,42,7,25,4,True,mlp,0.20800000429153442,1.0,,,0.03999999165534973,1.0,0.9200000002980232,3.0,0.004962873262438083,0.2
M1,101,42,7,25,4,True,categorical_subset,0.16,,0.208,3,0.16,1.0,0.9200000002980232,3.0,0.004962873262438083,0.2
M1,101,42,7,50,4,True,linear,0.2720000147819519,1.0,,,0.07200001180171967,1.0,0.9200000002980232,3.0,0.004962873262438083,0.2
M1,101,42,7,50,4,True,mlp,0.24000000953674316,1.0,,,0.08799999952316284,1.0,0.9200000002980232,3.0,0.004962873262438083,0.2
M1,101,42,7,50,4,True,categorical_subset,0.2,,0.0,4,0.2,1.0,0.9200000002980232,3.0,0.004962873262438083,0.2
M3,42,101,0,25,2,True,linear,0.20000000298023224,1.0,,,0.02399998903274536,1.0,0.9199199989438057,3.0,0.002006684954508186,0.7324894089285108
M3,42,101,0,25,2,True,mlp,0.20800000429153442,1.0,,,0.047999992966651917,1.0,0.9199199989438057,3.0,0.002006684954508186,0.7324894089285108
M3,42,101,0,25,2,True,categorical_subset,0.696,,0.6,2,0.696,1.0,0.9199199989438057,3.0,0.002006684954508186,0.7324894089285108
M3,42,101,0,50,2,True,linear,0.20000000298023224,1.0,,,0.015999987721443176,1.0,0.9199199989438057,3.0,0.002006684954508186,0.9151339579808615
M3,42,101,0,50,2,True,mlp,0.24800001084804535,1.0,,,0.04800000786781311,1.0,0.9199199989438057,3.0,0.002006684954508186,0.9151339579808615
M3,42,101,0,50,2,True,categorical_subset,0.872,,0.872,2,0.872,1.0,0.9199199989438057,3.0,0.002006684954508186,0.9151339579808615
M3,42,101,1,25,3,True,linear,0.15200001001358032,1.0,,,-0.024000003933906555,1.0,0.9199199989438057,3.0,0.0025776776851686818,0.32284075972383636
M3,42,101,1,25,3,True,mlp,0.1680000126361847,1.0,,,-0.008000001311302185,1.0,0.9199199989438057,3.0,0.0025776776851686818,0.32284075972383636
M3,42,101,1,25,3,True,categorical_subset,0.312,,0.152,3,0.312,1.0,0.9199199989438057,3.0,0.0025776776851686818,0.32284075972383636
M3,42,101,1,50,3,True,linear,0.18400001525878906,1.0,,,-0.06399999558925629,1.0,0.9199199989438057,3.0,0.0025776776851686818,0.4309606682520273
M3,42,101,1,50,3,True,mlp,0.1600000113248825,1.0,,,-0.0559999942779541,1.0,0.9199199989438057,3.0,0.0025776776851686818,0.4309606682520273
M3,42,101,1,50,3,True,categorical_subset,0.44,,0.312,3,0.44,1.0,0.9199199989438057,3.0,0.0025776776851686818,0.4309606682520273
M3,42,101,2,25,3,True,linear,0.12000000476837158,1.0,,,-0.07999999821186066,1.0,0.9199199989438057,3.0,0.000593473103154786,0.32284075972383636
M3,42,101,2,25,3,True,mlp,0.10400000214576721,1.0,,,-0.09600000083446503,1.0,0.9199199989438057,3.0,0.000593473103154786,0.32284075972383636
M3,42,101,2,25,3,True,categorical_subset,0.328,,0.168,3,0.328,1.0,0.9199199989438057,3.0,0.000593473103154786,0.32284075972383636
M3,42,101,2,50,3,True,linear,0.1680000126361847,1.0,,,0.0,1.0,0.9199199989438057,3.0,0.000593473103154786,0.4309606682520273
M3,42,101,2,50,3,True,mlp,0.17600001394748688,1.0,,,0.024000003933906555,1.0,0.9199199989438057,3.0,0.000593473103154786,0.4309606682520273
M3,42,101,2,50,3,True,categorical_subset,0.472,,0.344,3,0.472,1.0,0.9199199989438057,3.0,0.000593473103154786,0.4309606682520273
M3,42,101,3,25,3,True,linear,0.20800000429153442,1.0,,,0.09600000083446503,1.0,0.9199199989438057,3.0,0.001367688843717945,0.32284075972383636
M3,42,101,3,25,3,True,mlp,0.2160000056028366,1.0,,,0.07199999690055847,1.0,0.9199199989438057,3.0,0.001367688843717945,0.32284075972383636
M3,42,101,3,25,3,True,categorical_subset,0.288,,0.136,3,0.288,1.0,0.9199199989438057,3.0,0.001367688843717945,0.32284075972383636
M3,42,101,3,50,3,True,linear,0.18400001525878906,1.0,,,0.06400001049041748,1.0,0.9199199989438057,3.0,0.001367688843717945,0.4309606682520273
M3,42,101,3,50,3,True,mlp,0.15200001001358032,1.0,,,0.024000003933906555,1.0,0.9199199989438057,3.0,0.001367688843717945,0.4309606682520273
M3,42,101,3,50,3,True,categorical_subset,0.376,,0.24,3,0.376,1.0,0.9199199989438057,3.0,0.001367688843717945,0.4309606682520273
M3,42,101,4,25,2,True,linear,0.2639999985694885,1.0,,,0.08799998462200165,1.0,0.9199199989438057,3.0,0.008169461275599072,0.7324894089285108
M3,42,101,4,25,2,True,mlp,0.2800000011920929,1.0,,,0.047999992966651917,1.0,0.9199199989438057,3.0,0.008169461275599072,0.7324894089285108
M3,42,101,4,25,2,True,categorical_subset,0.76,,0.704,2,0.76,1.0,0.9199199989438057,3.0,0.008169461275599072,0.7324894089285108
M3,42,101,4,50,2,True,linear,0.2639999985694885,1.0,,,0.031999990344047546,1.0,0.9199199989438057,3.0,0.008169461275599072,0.9151339579808615
M3,42,101,4,50,2,True,mlp,0.2880000174045563,1.0,,,-0.09599998593330383,1.0,0.9199199989438057,3.0,0.008169461275599072,0.9151339579808615
M3,42,101,4,50,2,True,categorical_subset,0.832,,0.776,2,0.832,1.0,0.9199199989438057,3.0,0.008169461275599072,0.9151339579808615
M3,42,101,5,25,3,True,linear,0.1600000113248825,1.0,,,-0.03999999165534973,1.0,0.9199199989438057,3.0,0.003995160137507445,0.32284075972383636
M3,42,101,5,25,3,True,mlp,0.12000000476837158,1.0,,,-0.10400000214576721,1.0,0.9199199989438057,3.0,0.003995160137507445,0.32284075972383636
M3,42,101,5,25,3,True,categorical_subset,0.304,,0.192,3,0.304,1.0,0.9199199989438057,3.0,0.003995160137507445,0.32284075972383636
M3,42,101,5,50,3,True,linear,0.2240000069141388,1.0,,,0.03999999165534973,1.0,0.9199199989438057,3.0,0.003995160137507445,0.4309606682520273
M3,42,101,5,50,3,True,mlp,0.1120000034570694,1.0,,,-0.06400001049041748,1.0,0.9199199989438057,3.0,0.003995160137507445,0.4309606682520273
M3,42,101,5,50,3,True,categorical_subset,0.416,,0.312,3,0.416,1.0,0.9199199989438057,3.0,0.003995160137507445,0.4309606682520273
M3,42,101,6,25,4,True,linear,0.20800000429153442,1.0,,,0.031999990344047546,1.0,0.9199199989438057,3.0,0.0031142394063720606,0.2
M3,42,101,6,25,4,True,mlp,0.20800000429153442,1.0,,,0.031999990344047546,1.0,0.9199199989438057,3.0,0.0031142394063720606,0.2
M3,42,101,6,25,4,True,categorical_subset,0.2,,0.0,4,0.2,1.0,0.9199199989438057,3.0,0.0031142394063720606,0.2
M3,42,101,6,50,4,True,linear,0.17600001394748688,1.0,,,-0.047999992966651917,1.0,0.9199199989438057,3.0,0.0031142394063720606,0.2
M3,42,101,6,50,4,True,mlp,0.1680000126361847,1.0,,,-0.047999992966651917,1.0,0.9199199989438057,3.0,0.0031142394063720606,0.2
M3,42,101,6,50,4,True,categorical_subset,0.2,,0.0,4,0.2,1.0,0.9199199989438057,3.0,0.0031142394063720606,0.2
M3,42,101,7,25,4,True,linear,0.14400000870227814,1.0,,,-0.06399999558925629,1.0,0.9199199989438057,3.0,0.0009457196855435263,0.2
M3,42,101,7,25,4,True,mlp,0.17600001394748688,1.0,,,-0.02399998903274536,1.0,0.9199199989438057,3.0,0.0009457196855435263,0.2
M3,42,101,7,25,4,True,categorical_subset,0.2,,0.0,4,0.2,1.0,0.9199199989438057,3.0,0.0009457196855435263,0.2
M3,42,101,7,50,4,True,linear,0.1680000126361847,1.0,,,-0.03999999165534973,1.0,0.9199199989438057,3.0,0.0009457196855435263,0.2
M3,42,101,7,50,4,True,mlp,0.20000000298023224,1.0,,,-0.01600000262260437,1.0,0.9199199989438057,3.0,0.0009457196855435263,0.2
M3,42,101,7,50,4,True,categorical_subset,0.2,,0.0,4,0.2,1.0,0.9199199989438057,3.0,0.0009457196855435263,0.2
M2,17,42,0,25,2,True,linear,0.23200000822544098,1.0,,,0.07999999821186066,1.0,0.9202399998903275,3.0,0.009017776333353222,0.7324894089285108
M2,17,42,0,25,2,True,mlp,0.20000000298023224,1.0,,,0.015999987721443176,1.0,0.9202399998903275,3.0,0.009017776333353222,0.7324894089285108
M2,17,42,0,25,2,True,categorical_subset,0.768,,0.656,2,0.768,1.0,0.9202399998903275,3.0,0.009017776333353222,0.7324894089285108
M2,17,42,0,50,2,True,linear,0.24000000953674316,1.0,,,0.09600000083446503,1.0,0.9202399998903275,3.0,0.009017776333353222,0.9151339579808615
M2,17,42,0,50,2,True,mlp,0.2160000056028366,1.0,,,0.03999999165534973,1.0,0.9202399998903275,3.0,0.009017776333353222,0.9151339579808615
M2,17,42,0,50,2,True,categorical_subset,0.976,,0.92,2,0.976,1.0,0.9202399998903275,3.0,0.009017776333353222,0.9151339579808615
M2,17,42,1,25,3,True,linear,0.17600001394748688,1.0,,,0.03200000524520874,1.0,0.9202399998903275,3.0,0.0018010321924867207,0.32284075972383636
M2,17,42,1,25,3,True,mlp,0.14400000870227814,1.0,,,-0.024000003933906555,1.0,0.9202399998903275,3.0,0.0018010321924867207,0.32284075972383636
M2,17,42,1,25,3,True,categorical_subset,0.328,,0.168,3,0.328,1.0,0.9202399998903275,3.0,0.0018010321924867207,0.32284075972383636
M2,17,42,1,50,3,True,linear,0.2160000056028366,1.0,,,0.0559999942779541,1.0,0.9202399998903275,3.0,0.0018010321924867207,0.4309606682520273
M2,17,42,1,50,3,True,mlp,0.1600000113248825,1.0,,,0.03200000524520874,1.0,0.9202399998903275,3.0,0.0018010321924867207,0.4309606682520273
M2,17,42,1,50,3,True,categorical_subset,0.408,,0.256,3,0.408,1.0,0.9202399998903275,3.0,0.0018010321924867207,0.4309606682520273
M2,17,42,2,25,3,True,linear,0.19200000166893005,1.0,,,-0.008000001311302185,1.0,0.9202399998903275,3.0,0.0027370990234541585,0.32284075972383636
M2,17,42,2,25,3,True,mlp,0.20800000429153442,1.0,,,0.047999992966651917,1.0,0.9202399998903275,3.0,0.0027370990234541585,0.32284075972383636
M2,17,42,2,25,3,True,categorical_subset,0.312,,0.136,3,0.312,1.0,0.9202399998903275,3.0,0.0027370990234541585,0.32284075972383636
M2,17,42,2,50,3,True,linear,0.20000000298023224,1.0,,,0.03999999165534973,1.0,0.9202399998903275,3.0,0.0027370990234541585,0.4309606682520273
M2,17,42,2,50,3,True,mlp,0.1600000113248825,1.0,,,0.0,1.0,0.9202399998903275,3.0,0.0027370990234541585,0.4309606682520273
M2,17,42,2,50,3,True,categorical_subset,0.44,,0.304,3,0.44,1.0,0.9202399998903275,3.0,0.0027370990234541585,0.4309606682520273
M2,17,42,3,25,2,True,linear,0.15200001001358032,1.0,,,-0.047999992966651917,1.0,0.9202399998903275,3.0,0.0008831823342173258,0.7324894089285108
M2,17,42,3,25,2,True,mlp,0.14400000870227814,1.0,,,-0.06399999558925629,1.0,0.9202399998903275,3.0,0.0008831823342173258,0.7324894089285108
M2,17,42,3,25,2,True,categorical_subset,0.792,,0.752,2,0.792,1.0,0.9202399998903275,3.0,0.0008831823342173258,0.7324894089285108
M2,17,42,3,50,2,True,linear,0.1600000113248825,1.0,,,0.0,1.0,0.9202399998903275,3.0,0.0008831823342173258,0.9151339579808615
M2,17,42,3,50,2,True,mlp,0.19200000166893005,1.0,,,0.015999987721443176,1.0,0.9202399998903275,3.0,0.0008831823342173258,0.9151339579808615
M2,17,42,3,50,2,True,categorical_subset,1.0,,1.0,2,1.0,1.0,0.9202399998903275,3.0,0.0008831823342173258,0.9151339579808615
M2,17,42,4,25,3,True,linear,0.18400001525878906,1.0,,,-0.03999999165534973,1.0,0.9202399998903275,3.0,0.009706531725995594,0.32284075972383636
M2,17,42,4,25,3,True,mlp,0.15200001001358032,1.0,,,-0.12000000476837158,1.0,0.9202399998903275,3.0,0.009706531725995594,0.32284075972383636
M2,17,42,4,25,3,True,categorical_subset,0.304,,0.104,3,0.304,1.0,0.9202399998903275,3.0,0.009706531725995594,0.32284075972383636
M2,17,42,4,50,3,True,linear,0.2160000056028366,1.0,,,0.01600000262260437,1.0,0.9202399998903275,3.0,0.009706531725995594,0.4309606682520273
M2,17,42,4,50,3,True,mlp,0.24800001084804535,1.0,,,-0.040000006556510925,1.0,0.9202399998903275,3.0,0.009706531725995594,0.4309606682520273
M2,17,42,4,50,3,True,categorical_subset,0.4,,0.232,3,0.4,1.0,0.9202399998903275,3.0,0.009706531725995594,0.4309606682520273
M2,17,42,5,25,3,True,linear,0.18400001525878906,1.0,,,0.0,1.0,0.9202399998903275,3.0,0.0012346874661642037,0.32284075972383636
M2,17,42,5,25,3,True,mlp,0.2160000056028366,1.0,,,0.031999990344047546,1.0,0.9202399998903275,3.0,0.0012346874661642037,0.32284075972383636
M2,17,42,5,25,3,True,categorical_subset,0.296,,0.152,3,0.296,1.0,0.9202399998903275,3.0,0.0012346874661642037,0.32284075972383636
M2,17,42,5,50,3,True,linear,0.20000000298023224,1.0,,,0.008000001311302185,1.0,0.9202399998903275,3.0,0.0012346874661642037,0.4309606682520273
M2,17,42,5,50,3,True,mlp,0.18400001525878906,1.0,,,0.008000001311302185,1.0,0.9202399998903275,3.0,0.0012346874661642037,0.4309606682520273
M2,17,42,5,50,3,True,categorical_subset,0.432,,0.296,3,0.432,1.0,0.9202399998903275,3.0,0.0012346874661642037,0.4309606682520273
M2,17,42,6,25,4,True,linear,0.18400001525878906,1.0,,,0.056000009179115295,1.0,0.9202399998903275,3.0,0.002589418828084078,0.2
M2,17,42,6,25,4,True,mlp,0.1600000113248825,1.0,,,-0.008000001311302185,1.0,0.9202399998903275,3.0,0.002589418828084078,0.2
M2,17,42,6,25,4,True,categorical_subset,0.2,,0.0,4,0.2,1.0,0.9202399998903275,3.0,0.002589418828084078,0.2
M2,17,42,6,50,4,True,linear,0.13600000739097595,1.0,,,-0.008000001311302185,1.0,0.9202399998903275,3.0,0.002589418828084078,0.2
M2,17,42,6,50,4,True,mlp,0.18400001525878906,1.0,,,0.01600000262260437,1.0,0.9202399998903275,3.0,0.002589418828084078,0.2
M2,17,42,6,50,4,True,categorical_subset,0.2,,0.0,4,0.2,1.0,0.9202399998903275,3.0,0.002589418828084078,0.2
M2,17,42,7,25,3,True,linear,0.12000000476837158,1.0,,,-0.07199999690055847,1.0,0.9202399998903275,3.0,0.000823017675892708,0.32284075972383636
M2,17,42,7,25,3,True,mlp,0.13600000739097595,1.0,,,-0.008000001311302185,1.0,0.9202399998903275,3.0,0.000823017675892708,0.32284075972383636
M2,17,42,7,25,3,True,categorical_subset,0.28,,0.096,3,0.28,1.0,0.9202399998903275,3.0,0.000823017675892708,0.32284075972383636
M2,17,42,7,50,3,True,linear,0.1120000034570694,1.0,,,0.0,1.0,0.9202399998903275,3.0,0.000823017675892708,0.4309606682520273
M2,17,42,7,50,3,True,mlp,0.13600000739097595,1.0,,,0.024000003933906555,1.0,0.9202399998903275,3.0,0.000823017675892708,0.4309606682520273
M2,17,42,7,50,3,True,categorical_subset,0.368,,0.192,3,0.368,1.0,0.9202399998903275,3.0,0.000823017675892708,0.4309606682520273
M2,42,17,0,25,2,True,linear,0.1680000126361847,1.0,,,-0.008000001311302185,1.0,0.9206399992108345,3.0,0.004615068230971535,0.7324894089285108
M2,42,17,0,25,2,True,mlp,0.20000000298023224,1.0,,,0.03999999165534973,1.0,0.9206399992108345,3.0,0.004615068230971535,0.7324894089285108
M2,42,17,0,25,2,True,categorical_subset,0.696,,0.6,2,0.696,1.0,0.9206399992108345,3.0,0.004615068230971535,0.7324894089285108
M2,42,17,0,50,2,True,linear,0.17600001394748688,1.0,,,0.008000001311302185,1.0,0.9206399992108345,3.0,0.004615068230971535,0.9151339579808615
M2,42,17,0,50,2,True,mlp,0.18400001525878906,1.0,,,0.040000006556510925,1.0,0.9206399992108345,3.0,0.004615068230971535,0.9151339579808615
M2,42,17,0,50,2,True,categorical_subset,0.872,,0.872,2,0.872,1.0,0.9206399992108345,3.0,0.004615068230971535,0.9151339579808615
M2,42,17,1,25,3,True,linear,0.1680000126361847,1.0,,,0.008000001311302185,1.0,0.9206399992108345,3.0,0.0043174539666362005,0.32284075972383636
M2,42,17,1,25,3,True,mlp,0.1680000126361847,1.0,,,-0.03999999165534973,1.0,0.9206399992108345,3.0,0.0043174539666362005,0.32284075972383636
M2,42,17,1,25,3,True,categorical_subset,0.312,,0.152,3,0.312,1.0,0.9206399992108345,3.0,0.0043174539666362005,0.32284075972383636
M2,42,17,1,50,3,True,linear,0.2240000069141388,1.0,,,-0.03200000524520874,1.0,0.9206399992108345,3.0,0.0043174539666362005,0.4309606682520273
M2,42,17,1,50,3,True,mlp,0.20000000298023224,1.0,,,-0.056000009179115295,1.0,0.9206399992108345,3.0,0.0043174539666362005,0.4309606682520273
M2,42,17,1,50,3,True,categorical_subset,0.44,,0.312,3,0.44,1.0,0.9206399992108345,3.0,0.0043174539666362005,0.4309606682520273
M2,42,17,2,25,3,True,linear,0.12800000607967377,1.0,,,-0.07999999821186066,1.0,0.9206399992108345,3.0,0.0008558018267761059,0.32284075972383636
M2,42,17,2,25,3,True,mlp,0.15200001001358032,1.0,,,-0.024000003933906555,1.0,0.9206399992108345,3.0,0.0008558018267761059,0.32284075972383636
M2,42,17,2,25,3,True,categorical_subset,0.328,,0.168,3,0.328,1.0,0.9206399992108345,3.0,0.0008558018267761059,0.32284075972383636
M2,42,17,2,50,3,True,linear,0.18400001525878906,1.0,,,0.03200000524520874,1.0,0.9206399992108345,3.0,0.0008558018267761059,0.4309606682520273
M2,42,17,2,50,3,True,mlp,0.17600001394748688,1.0,,,0.04800000786781311,1.0,0.9206399992108345,3.0,0.0008558018267761059,0.4309606682520273
M2,42,17,2,50,3,True,categorical_subset,0.472,,0.344,3,0.472,1.0,0.9206399992108345,3.0,0.0008558018267761059,0.4309606682520273
M2,42,17,3,25,2,True,linear,0.1680000126361847,1.0,,,0.056000009179115295,1.0,0.9206399992108345,3.0,0.00157260358744481,0.7324894089285108
M2,42,17,3,25,2,True,mlp,0.18400001525878906,1.0,,,0.056000009179115295,1.0,0.9206399992108345,3.0,0.00157260358744481,0.7324894089285108
M2,42,17,3,25,2,True,categorical_subset,0.728,,0.704,2,0.728,1.0,0.9206399992108345,3.0,0.00157260358744481,0.7324894089285108
M2,42,17,3,50,2,True,linear,0.15200001001358032,1.0,,,-0.024000003933906555,1.0,0.9206399992108345,3.0,0.00157260358744481,0.9151339579808615
M2,42,17,3,50,2,True,mlp,0.17600001394748688,1.0,,,0.06400001049041748,1.0,0.9206399992108345,3.0,0.00157260358744481,0.9151339579808615
M2,42,17,3,50,2,True,categorical_subset,0.92,,0.896,2,0.92,1.0,0.9206399992108345,3.0,0.00157260358744481,0.9151339579808615
M2,42,17,4,25,3,True,linear,0.1600000113248825,1.0,,,-0.07999999821186066,1.0,0.9206399992108345,3.0,0.006101147385259109,0.32284075972383636
M2,42,17,4,25,3,True,mlp,0.1680000126361847,1.0,,,-0.19200000166893005,1.0,0.9206399992108345,3.0,0.006101147385259109,0.32284075972383636
M2,42,17,4,25,3,True,categorical_subset,0.304,,0.128,3,0.304,1.0,0.9206399992108345,3.0,0.006101147385259109,0.32284075972383636
M2,42,17,4,50,3,True,linear,0.17600001394748688,1.0,,,-0.11999998986721039,1.0,0.9206399992108345,3.0,0.006101147385259109,0.4309606682520273
M2,42,17,4,50,3,True,mlp,0.20800000429153442,1.0,,,-0.2880000174045563,1.0,0.9206399992108345,3.0,0.006101147385259109,0.4309606682520273
M2,42,17,4,50,3,True,categorical_subset,0.368,,0.216,3,0.368,1.0,0.9206399992108345,3.0,0.006101147385259109,0.4309606682520273
M2,42,17,5,25,3,True,linear,0.24000000953674316,1.0,,,0.06399999558925629,1.0,0.9206399992108345,3.0,0.004627958161591412,0.32284075972383636
M2,42,17,5,25,3,True,mlp,0.2240000069141388,1.0,,,0.07999999821186066,1.0,0.9206399992108345,3.0,0.004627958161591412,0.32284075972383636
M2,42,17,5,25,3,True,categorical_subset,0.304,,0.192,3,0.304,1.0,0.9206399992108345,3.0,0.004627958161591412,0.32284075972383636
M2,42,17,5,50,3,True,linear,0.19200000166893005,1.0,,,0.031999990344047546,1.0,0.9206399992108345,3.0,0.004627958161591412,0.4309606682520273
M2,42,17,5,50,3,True,mlp,0.19200000166893005,1.0,,,0.07199999690055847,1.0,0.9206399992108345,3.0,0.004627958161591412,0.4309606682520273
M2,42,17,5,50,3,True,categorical_subset,0.416,,0.312,3,0.416,1.0,0.9206399992108345,3.0,0.004627958161591412,0.4309606682520273
M2,42,17,6,25,4,True,linear,0.17600001394748688,1.0,,,-0.03999999165534973,1.0,0.9206399992108345,3.0,0.003251172696477868,0.2
M2,42,17,6,25,4,True,mlp,0.1600000113248825,1.0,,,-0.01600000262260437,1.0,0.9206399992108345,3.0,0.003251172696477868,0.2
M2,42,17,6,25,4,True,categorical_subset,0.176,,0.088,3,0.176,1.0,0.9206399992108345,3.0,0.003251172696477868,0.2
M2,42,17,6,50,4,True,linear,0.1120000034570694,1.0,,,-0.09600000083446503,1.0,0.9206399992108345,3.0,0.003251172696477868,0.2
M2,42,17,6,50,4,True,mlp,0.12800000607967377,1.0,,,-0.07199999690055847,1.0,0.9206399992108345,3.0,0.003251172696477868,0.2
M2,42,17,6,50,4,True,categorical_subset,0.2,,0.0,4,0.2,1.0,0.9206399992108345,3.0,0.003251172696477868,0.2
M2,42,17,7,25,3,True,linear,0.19200000166893005,1.0,,,-0.07199999690055847,1.0,0.9206399992108345,3.0,0.0043878979936563325,0.32284075972383636
M2,42,17,7,25,3,True,mlp,0.18400001525878906,1.0,,,-0.09599998593330383,1.0,0.9206399992108345,3.0,0.0043878979936563325,0.32284075972383636
M2,42,17,7,25,3,True,categorical_subset,0.344,,0.168,3,0.344,1.0,0.9206399992108345,3.0,0.0043878979936563325,0.32284075972383636
M2,42,17,7,50,3,True,linear,0.20000000298023224,1.0,,,0.0,1.0,0.9206399992108345,3.0,0.0043878979936563325,0.4309606682520273
M2,42,17,7,50,3,True,mlp,0.1600000113248825,1.0,,,-0.01600000262260437,1.0,0.9206399992108345,3.0,0.0043878979936563325,0.4309606682520273
M2,42,17,7,50,3,True,categorical_subset,0.448,,0.328,3,0.448,1.0,0.9206399992108345,3.0,0.0043878979936563325,0.4309606682520273
P,17,42,0,25,2,True,linear,0.23200000822544098,1.0,,,0.07999999821186066,1.0,0.9208000004291534,3.25,0.019197703064431942,0.7324894089285108
P,17,42,0,25,2,True,mlp,0.23200000822544098,1.0,,,0.047999992966651917,1.0,0.9208000004291534,3.25,0.019197703064431942,0.7324894089285108
P,17,42,0,25,2,True,categorical_subset,0.768,,0.656,2,0.768,1.0,0.9208000004291534,3.25,0.019197703064431942,0.7324894089285108
P,17,42,0,50,2,True,linear,0.29600000381469727,1.0,,,0.15199999511241913,1.0,0.9208000004291534,3.25,0.019197703064431942,0.9151339579808615
P,17,42,0,50,2,True,mlp,0.328000009059906,1.0,,,0.15199999511241913,1.0,0.9208000004291534,3.25,0.019197703064431942,0.9151339579808615
P,17,42,0,50,2,True,categorical_subset,0.976,,0.92,2,0.976,1.0,0.9208000004291534,3.25,0.019197703064431942,0.9151339579808615
P,17,42,1,25,2,True,linear,0.23200000822544098,1.0,,,0.08799999952316284,1.0,0.9208000004291534,3.25,0.006027840464055821,0.7324894089285108
P,17,42,1,25,2,True,mlp,0.2720000147819519,1.0,,,0.10400000214576721,1.0,0.9208000004291534,3.25,0.006027840464055821,0.7324894089285108
P,17,42,1,25,2,True,categorical_subset,0.696,,0.672,2,0.696,1.0,0.9208000004291534,3.25,0.006027840464055821,0.7324894089285108
P,17,42,1,50,2,True,linear,0.24800001084804535,1.0,,,0.08799999952316284,1.0,0.9208000004291534,3.25,0.006027840464055821,0.9151339579808615
P,17,42,1,50,2,True,mlp,0.31200000643730164,1.0,,,0.18400000035762787,1.0,0.9208000004291534,3.25,0.006027840464055821,0.9151339579808615
P,17,42,1,50,2,True,categorical_subset,0.816,,0.816,2,0.816,1.0,0.9208000004291534,3.25,0.006027840464055821,0.9151339579808615
P,17,42,2,25,3,True,linear,0.15200001001358032,1.0,,,-0.047999992966651917,1.0,0.9208000004291534,3.25,0.003470013439941441,0.32284075972383636
P,17,42,2,25,3,True,mlp,0.1680000126361847,1.0,,,0.008000001311302185,1.0,0.9208000004291534,3.25,0.003470013439941441,0.32284075972383636
P,17,42,2,25,3,True,categorical_subset,0.312,,0.136,3,0.312,1.0,0.9208000004291534,3.25,0.003470013439941441,0.32284075972383636
P,17,42,2,50,3,True,linear,0.20800000429153442,1.0,,,0.047999992966651917,1.0,0.9208000004291534,3.25,0.003470013439941441,0.4309606682520273
P,17,42,2,50,3,True,mlp,0.1600000113248825,1.0,,,0.0,1.0,0.9208000004291534,3.25,0.003470013439941441,0.4309606682520273
P,17,42,2,50,3,True,categorical_subset,0.44,,0.304,3,0.44,1.0,0.9208000004291534,3.25,0.003470013439941441,0.4309606682520273
P,17,42,3,25,3,True,linear,0.13600000739097595,1.0,,,-0.06399999558925629,1.0,0.9208000004291534,3.25,0.0007799696242659846,0.32284075972383636
P,17,42,3,25,3,True,mlp,0.15200001001358032,1.0,,,-0.0559999942779541,1.0,0.9208000004291534,3.25,0.0007799696242659846,0.32284075972383636
P,17,42,3,25,3,True,categorical_subset,0.312,,0.16,3,0.312,1.0,0.9208000004291534,3.25,0.0007799696242659846,0.32284075972383636
P,17,42,3,50,3,True,linear,0.14400000870227814,1.0,,,-0.01600000262260437,1.0,0.9208000004291534,3.25,0.0007799696242659846,0.4309606682520273
P,17,42,3,50,3,True,mlp,0.12800000607967377,1.0,,,-0.04800000786781311,1.0,0.9208000004291534,3.25,0.0007799696242659846,0.4309606682520273
P,17,42,3,50,3,True,categorical_subset,0.392,,0.248,3,0.392,1.0,0.9208000004291534,3.25,0.0007799696242659846,0.4309606682520273
P,17,42,4,25,3,True,linear,0.1120000034570694,1.0,,,-0.1120000034570694,1.0,0.9208000004291534,3.25,0.008458671538113565,0.32284075972383636
P,17,42,4,25,3,True,mlp,0.12800000607967377,1.0,,,-0.14400000870227814,1.0,0.9208000004291534,3.25,0.008458671538113565,0.32284075972383636
P,17,42,4,25,3,True,categorical_subset,0.304,,0.104,3,0.304,1.0,0.9208000004291534,3.25,0.008458671538113565,0.32284075972383636
P,17,42,4,50,3,True,linear,0.24800001084804535,1.0,,,0.04800000786781311,1.0,0.9208000004291534,3.25,0.008458671538113565,0.4309606682520273
P,17,42,4,50,3,True,mlp,0.20000000298023224,1.0,,,-0.08800001442432404,1.0,0.9208000004291534,3.25,0.008458671538113565,0.4309606682520273
P,17,42,4,50,3,True,categorical_subset,0.4,,0.232,3,0.4,1.0,0.9208000004291534,3.25,0.008458671538113565,0.4309606682520273
P,17,42,5,25,3,True,linear,0.1680000126361847,1.0,,,-0.01600000262260437,1.0,0.9208000004291534,3.25,0.0009224988838897151,0.32284075972383636
P,17,42,5,25,3,True,mlp,0.13600000739097595,1.0,,,-0.04800000786781311,1.0,0.9208000004291534,3.25,0.0009224988838897151,0.32284075972383636
P,17,42,5,25,3,True,categorical_subset,0.296,,0.152,3,0.296,1.0,0.9208000004291534,3.25,0.0009224988838897151,0.32284075972383636
P,17,42,5,50,3,True,linear,0.2240000069141388,1.0,,,0.03200000524520874,1.0,0.9208000004291534,3.25,0.0009224988838897151,0.4309606682520273
P,17,42,5,50,3,True,mlp,0.17600001394748688,1.0,,,0.0,1.0,0.9208000004291534,3.25,0.0009224988838897151,0.4309606682520273
P,17,42,5,50,3,True,categorical_subset,0.432,,0.296,3,0.432,1.0,0.9208000004291534,3.25,0.0009224988838897151,0.4309606682520273
P,17,42,6,25,4,True,linear,0.19200000166893005,1.0,,,0.06399999558925629,1.0,0.9208000004291534,3.25,0.005114720139879655,0.2
P,17,42,6,25,4,True,mlp,0.20800000429153442,1.0,,,0.03999999165534973,1.0,0.9208000004291534,3.25,0.005114720139879655,0.2
P,17,42,6,25,4,True,categorical_subset,0.2,,0.0,4,0.2,1.0,0.9208000004291534,3.25,0.005114720139879655,0.2
P,17,42,6,50,4,True,linear,0.2240000069141388,1.0,,,0.07999999821186066,1.0,0.9208000004291534,3.25,0.005114720139879655,0.2
P,17,42,6,50,4,True,mlp,0.2720000147819519,1.0,,,0.10400000214576721,1.0,0.9208000004291534,3.25,0.005114720139879655,0.2
P,17,42,6,50,4,True,categorical_subset,0.2,,0.0,4,0.2,1.0,0.9208000004291534,3.25,0.005114720139879655,0.2
P,17,42,7,25,4,True,linear,0.12000000476837158,1.0,,,-0.07199999690055847,1.0,0.9208000004291534,3.25,0.0008778942761801416,0.2
P,17,42,7,25,4,True,mlp,0.1120000034570694,1.0,,,-0.03200000524520874,1.0,0.9208000004291534,3.25,0.0008778942761801416,0.2
P,17,42,7,25,4,True,categorical_subset,0.2,,0.0,4,0.2,1.0,0.9208000004291534,3.25,0.0008778942761801416,0.2
P,17,42,7,50,4,True,linear,0.18400001525878906,1.0,,,0.07200001180171967,1.0,0.9208000004291534,3.25,0.0008778942761801416,0.2
P,17,42,7,50,4,True,mlp,0.14400000870227814,1.0,,,0.03200000524520874,1.0,0.9208000004291534,3.25,0.0008778942761801416,0.2
P,17,42,7,50,4,True,categorical_subset,0.2,,0.0,4,0.2,1.0,0.9208000004291534,3.25,0.0008778942761801416,0.2
M4,101,42,0,25,2,True,linear,0.23200000822544098,1.0,,,0.03200000524520874,1.0,0.9200400009751319,3.25,0.0008102149475623955,0.7324894089285108
M4,101,42,0,25,2,True,mlp,0.2160000056028366,1.0,,,0.08799999952316284,1.0,0.9200400009751319,3.25,0.0008102149475623955,0.7324894089285108
M4,101,42,0,25,2,True,categorical_subset,0.672,,0.608,2,0.672,1.0,0.9200400009751319,3.25,0.0008102149475623955,0.7324894089285108
M4,101,42,0,50,2,True,linear,0.20000000298023224,1.0,,,0.008000001311302185,1.0,0.9200400009751319,3.25,0.0008102149475623955,0.9151339579808615
M4,101,42,0,50,2,True,mlp,0.18400001525878906,1.0,,,0.08000001311302185,1.0,0.9200400009751319,3.25,0.0008102149475623955,0.9151339579808615
M4,101,42,0,50,2,True,categorical_subset,0.92,,0.88,2,0.92,1.0,0.9200400009751319,3.25,0.0008102149475623955,0.9151339579808615
M4,101,42,1,25,3,True,linear,0.17600001394748688,1.0,,,0.03200000524520874,1.0,0.9200400009751319,3.25,0.010456685998844835,0.32284075972383636
M4,101,42,1,25,3,True,mlp,0.15200001001358032,1.0,,,0.008000001311302185,1.0,0.9200400009751319,3.25,0.010456685998844835,0.32284075972383636
M4,101,42,1,25,3,True,categorical_subset,0.304,,0.12,3,0.304,1.0,0.9200400009751319,3.25,0.010456685998844835,0.32284075972383636
M4,101,42,1,50,3,True,linear,0.20000000298023224,1.0,,,0.07999999821186066,1.0,0.9200400009751319,3.25,0.010456685998844835,0.4309606682520273
M4,101,42,1,50,3,True,mlp,0.15200001001358032,1.0,,,0.01600000262260437,1.0,0.9200400009751319,3.25,0.010456685998844835,0.4309606682520273
M4,101,42,1,50,3,True,categorical_subset,0.408,,0.264,3,0.408,1.0,0.9200400009751319,3.25,0.010456685998844835,0.4309606682520273
M4,101,42,2,25,3,True,linear,0.19200000166893005,1.0,,,0.007999986410140991,1.0,0.9200400009751319,3.25,0.0017964399757169252,0.32284075972383636
M4,101,42,2,25,3,True,mlp,0.13600000739097595,1.0,,,0.0,1.0,0.9200400009751319,3.25,0.0017964399757169252,0.32284075972383636
M4,101,42,2,25,3,True,categorical_subset,0.32,,0.144,3,0.32,1.0,0.9200400009751319,3.25,0.0017964399757169252,0.32284075972383636
M4,101,42,2,50,3,True,linear,0.13600000739097595,1.0,,,-0.0559999942779541,1.0,0.9200400009751319,3.25,0.0017964399757169252,0.4309606682520273
M4,101,42,2,50,3,True,mlp,0.10400000214576721,1.0,,,-0.024000003933906555,1.0,0.9200400009751319,3.25,0.0017964399757169252,0.4309606682520273
M4,101,42,2,50,3,True,categorical_subset,0.44,,0.288,3,0.44,1.0,0.9200400009751319,3.25,0.0017964399757169252,0.4309606682520273
M4,101,42,3,25,3,True,linear,0.1680000126361847,1.0,,,0.0,1.0,0.9200400009751319,3.25,0.005781164710934801,0.32284075972383636
M4,101,42,3,25,3,True,mlp,0.17600001394748688,1.0,,,-0.02399998903274536,1.0,0.9200400009751319,3.25,0.005781164710934801,0.32284075972383636
M4,101,42,3,25,3,True,categorical_subset,0.288,,0.088,3,0.288,1.0,0.9200400009751319,3.25,0.005781164710934801,0.32284075972383636
M4,101,42,3,50,3,True,linear,0.2160000056028366,1.0,,,0.0,1.0,0.9200400009751319,3.25,0.005781164710934801,0.4309606682520273
M4,101,42,3,50,3,True,mlp,0.19200000166893005,1.0,,,0.0,1.0,0.9200400009751319,3.25,0.005781164710934801,0.4309606682520273
M4,101,42,3,50,3,True,categorical_subset,0.392,,0.224,3,0.392,1.0,0.9200400009751319,3.25,0.005781164710934801,0.4309606682520273
M4,101,42,4,25,3,True,linear,0.1680000126361847,1.0,,,0.024000003933906555,1.0,0.9200400009751319,3.25,0.0007290323516112775,0.32284075972383636
M4,101,42,4,25,3,True,mlp,0.1600000113248825,1.0,,,0.024000003933906555,1.0,0.9200400009751319,3.25,0.0007290323516112775,0.32284075972383636
M4,101,42,4,25,3,True,categorical_subset,0.384,,0.208,3,0.384,1.0,0.9200400009751319,3.25,0.0007290323516112775,0.32284075972383636
M4,101,42,4,50,3,True,linear,0.15200001001358032,1.0,,,0.04800000786781311,1.0,0.9200400009751319,3.25,0.0007290323516112775,0.4309606682520273
M4,101,42,4,50,3,True,mlp,0.20000000298023224,1.0,,,0.07199999690055847,1.0,0.9200400009751319,3.25,0.0007290323516112775,0.4309606682520273
M4,101,42,4,50,3,True,categorical_subset,0.52,,0.376,3,0.52,1.0,0.9200400009751319,3.25,0.0007290323516112775,0.4309606682520273
M4,101,42,5,25,2,True,linear,0.17600001394748688,1.0,,,0.0,1.0,0.9200400009751319,3.25,0.0025290643997018,0.7324894089285108
M4,101,42,5,25,2,True,mlp,0.12800000607967377,1.0,,,-0.03200000524520874,1.0,0.9200400009751319,3.25,0.0025290643997018,0.7324894089285108
M4,101,42,5,25,2,True,categorical_subset,0.728,,0.656,2,0.728,1.0,0.9200400009751319,3.25,0.0025290643997018,0.7324894089285108
M4,101,42,5,50,2,True,linear,0.20000000298023224,1.0,,,0.031999990344047546,1.0,0.9200400009751319,3.25,0.0025290643997018,0.9151339579808615
M4,101,42,5,50,2,True,mlp,0.18400001525878906,1.0,,,0.04800000786781311,1.0,0.9200400009751319,3.25,0.0025290643997018,0.9151339579808615
M4,101,42,5,50,2,True,categorical_subset,0.952,,0.928,2,0.952,1.0,0.9200400009751319,3.25,0.0025290643997018,0.9151339579808615
M4,101,42,6,25,4,True,linear,0.20800000429153442,1.0,,,0.031999990344047546,1.0,0.9200400009751319,3.25,0.0011370111647627185,0.2
M4,101,42,6,25,4,True,mlp,0.15200001001358032,1.0,,,-0.024000003933906555,1.0,0.9200400009751319,3.25,0.0011370111647627185,0.2
M4,101,42,6,25,4,True,categorical_subset,0.152,,0.128,3,0.152,1.0,0.9200400009751319,3.25,0.0011370111647627185,0.2
M4,101,42,6,50,4,True,linear,0.12800000607967377,1.0,,,0.0,1.0,0.9200400009751319,3.25,0.0011370111647627185,0.2
M4,101,42,6,50,4,True,mlp,0.15200001001358032,1.0,,,0.03200000524520874,1.0,0.9200400009751319,3.25,0.0011370111647627185,0.2
M4,101,42,6,50,4,True,categorical_subset,0.2,,0.0,4,0.2,1.0,0.9200400009751319,3.25,0.0011370111647627185,0.2
M4,101,42,7,25,4,True,linear,0.20800000429153442,1.0,,,0.008000001311302185,1.0,0.9200400009751319,3.25,0.007745276422681937,0.2
M4,101,42,7,25,4,True,mlp,0.24800001084804535,1.0,,,0.07999999821186066,1.0,0.9200400009751319,3.25,0.007745276422681937,0.2
M4,101,42,7,25,4,True,categorical_subset,0.16,,0.208,3,0.16,1.0,0.9200400009751319,3.25,0.007745276422681937,0.2
M4,101,42,7,50,4,True,linear,0.24000000953674316,1.0,,,0.040000006556510925,1.0,0.9200400009751319,3.25,0.007745276422681937,0.2
M4,101,42,7,50,4,True,mlp,0.2800000011920929,1.0,,,0.12799999117851257,1.0,0.9200400009751319,3.25,0.007745276422681937,0.2
M4,101,42,7,50,4,True,categorical_subset,0.2,,0.0,4,0.2,1.0,0.9200400009751319,3.25,0.007745276422681937,0.2
M4,42,42,0,25,2,True,linear,0.20800000429153442,1.0,,,0.07199999690055847,1.0,0.9200399994850159,3.25,0.0035475837007904075,0.7324894089285108
M4,42,42,0,25,2,True,mlp,0.24800001084804535,1.0,,,0.07999999821186066,1.0,0.9200399994850159,3.25,0.0035475837007904075,0.7324894089285108
M4,42,42,0,25,2,True,categorical_subset,0.696,,0.6,2,0.696,1.0,0.9200399994850159,3.25,0.0035475837007904075,0.7324894089285108
M4,42,42,0,50,2,True,linear,0.18400001525878906,1.0,,,-0.031999990344047546,1.0,0.9200399994850159,3.25,0.0035475837007904075,0.9151339579808615
M4,42,42,0,50,2,True,mlp,0.2240000069141388,1.0,,,0.03200000524520874,1.0,0.9200399994850159,3.25,0.0035475837007904075,0.9151339579808615
M4,42,42,0,50,2,True,categorical_subset,0.872,,0.872,2,0.872,1.0,0.9200399994850159,3.25,0.0035475837007904075,0.9151339579808615
M4,42,42,1,25,3,True,linear,0.15200001001358032,1.0,,,-0.047999992966651917,1.0,0.9200399994850159,3.25,0.0033353120928259292,0.32284075972383636
M4,42,42,1,25,3,True,mlp,0.19200000166893005,1.0,,,0.007999986410140991,1.0,0.9200399994850159,3.25,0.0033353120928259292,0.32284075972383636
M4,42,42,1,25,3,True,categorical_subset,0.312,,0.152,3,0.312,1.0,0.9200399994850159,3.25,0.0033353120928259292,0.32284075972383636
M4,42,42,1,50,3,True,linear,0.24800001084804535,1.0,,,0.04800000786781311,1.0,0.9200399994850159,3.25,0.0033353120928259292,0.4309606682520273
M4,42,42,1,50,3,True,mlp,0.2160000056028366,1.0,,,-0.07200001180171967,1.0,0.9200399994850159,3.25,0.0033353120928259292,0.4309606682520273
M4,42,42,1,50,3,True,categorical_subset,0.44,,0.312,3,0.44,1.0,0.9200399994850159,3.25,0.0033353120928259292,0.4309606682520273
M4,42,42,2,25,3,True,linear,0.1600000113248825,1.0,,,-0.0559999942779541,1.0,0.9200399994850159,3.25,0.0013644121166427273,0.32284075972383636
M4,42,42,2,25,3,True,mlp,0.12800000607967377,1.0,,,-0.04800000786781311,1.0,0.9200399994850159,3.25,0.0013644121166427273,0.32284075972383636
M4,42,42,2,25,3,True,categorical_subset,0.328,,0.168,3,0.328,1.0,0.9200399994850159,3.25,0.0013644121166427273,0.32284075972383636
M4,42,42,2,50,3,True,linear,0.14400000870227814,1.0,,,-0.047999992966651917,1.0,0.9200399994850159,3.25,0.0013644121166427273,0.4309606682520273
M4,42,42,2,50,3,True,mlp,0.1680000126361847,1.0,,,-0.047999992966651917,1.0,0.9200399994850159,3.25,0.0013644121166427273,0.4309606682520273
M4,42,42,2,50,3,True,categorical_subset,0.472,,0.344,3,0.472,1.0,0.9200399994850159,3.25,0.0013644121166427273,0.4309606682520273
M4,42,42,3,25,3,True,linear,0.20000000298023224,1.0,,,0.047999992966651917,1.0,0.9200399994850159,3.25,0.0019164370197348748,0.32284075972383636
M4,42,42,3,25,3,True,mlp,0.20800000429153442,1.0,,,0.08799999952316284,1.0,0.9200399994850159,3.25,0.0019164370197348748,0.32284075972383636
M4,42,42,3,25,3,True,categorical_subset,0.288,,0.136,3,0.288,1.0,0.9200399994850159,3.25,0.0019164370197348748,0.32284075972383636
M4,42,42,3,50,3,True,linear,0.18400001525878906,1.0,,,0.04800000786781311,1.0,0.9200399994850159,3.25,0.0019164370197348748,0.4309606682520273
M4,42,42,3,50,3,True,mlp,0.2160000056028366,1.0,,,0.12799999862909317,1.0,0.9200399994850159,3.25,0.0019164370197348748,0.4309606682520273
M4,42,42,3,50,3,True,categorical_subset,0.376,,0.24,3,0.376,1.0,0.9200399994850159,3.25,0.0019164370197348748,0.4309606682520273
M4,42,42,4,25,3,True,linear,0.17600001394748688,1.0,,,-0.047999992966651917,1.0,0.9200399994850159,3.25,0.005913549720089962,0.32284075972383636
M4,42,42,4,25,3,True,mlp,0.2240000069141388,1.0,,,-0.06400001049041748,1.0,0.9200399994850159,3.25,0.005913549720089962,0.32284075972383636
M4,42,42,4,25,3,True,categorical_subset,0.304,,0.128,3,0.304,1.0,0.9200399994850159,3.25,0.005913549720089962,0.32284075972383636
M4,42,42,4,50,3,True,linear,0.20000000298023224,1.0,,,-0.09600000083446503,1.0,0.9200399994850159,3.25,0.005913549720089962,0.4309606682520273
M4,42,42,4,50,3,True,mlp,0.23200000822544098,1.0,,,-0.2160000056028366,1.0,0.9200399994850159,3.25,0.005913549720089962,0.4309606682520273
M4,42,42,4,50,3,True,categorical_subset,0.368,,0.216,3,0.368,1.0,0.9200399994850159,3.25,0.005913549720089962,0.4309606682520273
M4,42,42,5,25,2,True,linear,0.24800001084804535,1.0,,,0.07199999690055847,1.0,0.9200399994850159,3.25,0.005237739215134717,0.7324894089285108
M4,42,42,5,25,2,True,mlp,0.24000000953674316,1.0,,,0.12000000476837158,1.0,0.9200399994850159,3.25,0.005237739215134717,0.7324894089285108
M4,42,42,5,25,2,True,categorical_subset,0.712,,0.68,2,0.712,1.0,0.9200399994850159,3.25,0.005237739215134717,0.7324894089285108
M4,42,42,5,50,2,True,linear,0.24000000953674316,1.0,,,0.0559999942779541,1.0,0.9200399994850159,3.25,0.005237739215134717,0.9151339579808615
M4,42,42,5,50,2,True,mlp,0.24000000953674316,1.0,,,0.10400000214576721,1.0,0.9200399994850159,3.25,0.005237739215134717,0.9151339579808615
M4,42,42,5,50,2,True,categorical_subset,0.872,,0.84,2,0.872,1.0,0.9200399994850159,3.25,0.005237739215134717,0.9151339579808615
M4,42,42,6,25,4,True,linear,0.2240000069141388,1.0,,,0.06399999558925629,1.0,0.9200399994850159,3.25,0.0073914732269884514,0.2
M4,42,42,6,25,4,True,mlp,0.2240000069141388,1.0,,,0.0559999942779541,1.0,0.9200399994850159,3.25,0.0073914732269884514,0.2
M4,42,42,6,25,4,True,categorical_subset,0.2,,0.0,4,0.2,1.0,0.9200399994850159,3.25,0.0073914732269884514,0.2
M4,42,42,6,50,4,True,linear,0.1680000126361847,1.0,,,0.008000001311302185,1.0,0.9200399994850159,3.25,0.0073914732269884514,0.2
M4,42,42,6,50,4,True,mlp,0.18400001525878906,1.0,,,-0.047999992966651917,1.0,0.9200399994850159,3.25,0.0073914732269884514,0.2
M4,42,42,6,50,4,True,categorical_subset,0.2,,0.0,4,0.2,1.0,0.9200399994850159,3.25,0.0073914732269884514,0.2
M4,42,42,7,25,4,True,linear,0.1600000113248825,1.0,,,-0.03999999165534973,1.0,0.9200399994850159,3.25,0.003059793776593782,0.2
M4,42,42,7,25,4,True,mlp,0.14400000870227814,1.0,,,-0.07999999821186066,1.0,0.9200399994850159,3.25,0.003059793776593782,0.2
M4,42,42,7,25,4,True,categorical_subset,0.2,,0.0,4,0.2,1.0,0.9200399994850159,3.25,0.003059793776593782,0.2
M4,42,42,7,50,4,True,linear,0.17600001394748688,1.0,,,-0.008000001311302185,1.0,0.9200399994850159,3.25,0.003059793776593782,0.2
M4,42,42,7,50,4,True,mlp,0.14400000870227814,1.0,,,-0.06399999558925629,1.0,0.9200399994850159,3.25,0.003059793776593782,0.2
M4,42,42,7,50,4,True,categorical_subset,0.2,,0.0,4,0.2,1.0,0.9200399994850159,3.25,0.003059793776593782,0.2
M3,42,42,0,25,2,True,linear,0.23200000822544098,1.0,,,0.09600000083446503,1.0,0.920160000026226,3.0,0.002337880785998577,0.7324894089285108
M3,42,42,0,25,2,True,mlp,0.20000000298023224,1.0,,,0.031999990344047546,1.0,0.920160000026226,3.0,0.002337880785998577,0.7324894089285108
M3,42,42,0,25,2,True,categorical_subset,0.696,,0.6,2,0.696,1.0,0.920160000026226,3.0,0.002337880785998577,0.7324894089285108
M3,42,42,0,50,2,True,linear,0.18400001525878906,1.0,,,-0.031999990344047546,1.0,0.920160000026226,3.0,0.002337880785998577,0.9151339579808615
M3,42,42,0,50,2,True,mlp,0.18400001525878906,1.0,,,-0.007999986410140991,1.0,0.920160000026226,3.0,0.002337880785998577,0.9151339579808615
M3,42,42,0,50,2,True,categorical_subset,0.872,,0.872,2,0.872,1.0,0.920160000026226,3.0,0.002337880785998577,0.9151339579808615
M3,42,42,1,25,3,True,linear,0.17600001394748688,1.0,,,-0.02399998903274536,1.0,0.920160000026226,3.0,0.00312261013251911,0.32284075972383636
M3,42,42,1,25,3,True,mlp,0.2160000056028366,1.0,,,0.031999990344047546,1.0,0.920160000026226,3.0,0.00312261013251911,0.32284075972383636
M3,42,42,1,25,3,True,categorical_subset,0.312,,0.152,3,0.312,1.0,0.920160000026226,3.0,0.00312261013251911,0.32284075972383636
M3,42,42,1,50,3,True,linear,0.19200000166893005,1.0,,,-0.008000001311302185,1.0,0.920160000026226,3.0,0.00312261013251911,0.4309606682520273
M3,42,42,1,50,3,True,mlp,0.18400001525878906,1.0,,,-0.10400000214576721,1.0,0.920160000026226,3.0,0.00312261013251911,0.4309606682520273
M3,42,42,1,50,3,True,categorical_subset,0.44,,0.312,3,0.44,1.0,0.920160000026226,3.0,0.00312261013251911,0.4309606682520273
M3,42,42,2,25,3,True,linear,0.14400000870227814,1.0,,,-0.07199999690055847,1.0,0.920160000026226,3.0,0.0007763472329402308,0.32284075972383636
M3,42,42,2,25,3,True,mlp,0.1600000113248825,1.0,,,-0.01600000262260437,1.0,0.920160000026226,3.0,0.0007763472329402308,0.32284075972383636
M3,42,42,2,25,3,True,categorical_subset,0.328,,0.168,3,0.328,1.0,0.920160000026226,3.0,0.0007763472329402308,0.32284075972383636
M3,42,42,2,50,3,True,linear,0.1600000113248825,1.0,,,-0.031999990344047546,1.0,0.920160000026226,3.0,0.0007763472329402308,0.4309606682520273
M3,42,42,2,50,3,True,mlp,0.17600001394748688,1.0,,,-0.03999999165534973,1.0,0.920160000026226,3.0,0.0007763472329402308,0.4309606682520273
M3,42,42,2,50,3,True,categorical_subset,0.472,,0.344,3,0.472,1.0,0.920160000026226,3.0,0.0007763472329402308,0.4309606682520273
M3,42,42,3,25,3,True,linear,0.20800000429153442,1.0,,,0.0559999942779541,1.0,0.920160000026226,3.0,0.0009901941238049635,0.32284075972383636
M3,42,42,3,25,3,True,mlp,0.1680000126361847,1.0,,,0.04800000786781311,1.0,0.920160000026226,3.0,0.0009901941238049635,0.32284075972383636
M3,42,42,3,25,3,True,categorical_subset,0.288,,0.136,3,0.288,1.0,0.920160000026226,3.0,0.0009901941238049635,0.32284075972383636
M3,42,42,3,50,3,True,linear,0.20800000429153442,1.0,,,0.07199999690055847,1.0,0.920160000026226,3.0,0.0009901941238049635,0.4309606682520273
M3,42,42,3,50,3,True,mlp,0.2160000056028366,1.0,,,0.12799999862909317,1.0,0.920160000026226,3.0,0.0009901941238049635,0.4309606682520273
M3,42,42,3,50,3,True,categorical_subset,0.376,,0.24,3,0.376,1.0,0.920160000026226,3.0,0.0009901941238049635,0.4309606682520273
M3,42,42,4,25,2,True,linear,0.24800001084804535,1.0,,,0.024000003933906555,1.0,0.920160000026226,3.0,0.007622682403389397,0.7324894089285108
M3,42,42,4,25,2,True,mlp,0.2240000069141388,1.0,,,-0.06400001049041748,1.0,0.920160000026226,3.0,0.007622682403389397,0.7324894089285108
M3,42,42,4,25,2,True,categorical_subset,0.76,,0.704,2,0.76,1.0,0.920160000026226,3.0,0.007622682403389397,0.7324894089285108
M3,42,42,4,50,2,True,linear,0.25600001215934753,1.0,,,-0.03999999165534973,1.0,0.920160000026226,3.0,0.007622682403389397,0.9151339579808615
M3,42,42,4,50,2,True,mlp,0.29600000381469727,1.0,,,-0.15200001001358032,1.0,0.920160000026226,3.0,0.007622682403389397,0.9151339579808615
M3,42,42,4,50,2,True,categorical_subset,0.832,,0.776,2,0.832,1.0,0.920160000026226,3.0,0.007622682403389397,0.9151339579808615
M3,42,42,5,25,3,True,linear,0.20800000429153442,1.0,,,0.031999990344047546,1.0,0.920160000026226,3.0,0.002720095455587576,0.32284075972383636
M3,42,42,5,25,3,True,mlp,0.2240000069141388,1.0,,,0.10400000214576721,1.0,0.920160000026226,3.0,0.002720095455587576,0.32284075972383636
M3,42,42,5,25,3,True,categorical_subset,0.304,,0.192,3,0.304,1.0,0.920160000026226,3.0,0.002720095455587576,0.32284075972383636
M3,42,42,5,50,3,True,linear,0.1680000126361847,1.0,,,-0.01600000262260437,1.0,0.920160000026226,3.0,0.002720095455587576,0.4309606682520273
M3,42,42,5,50,3,True,mlp,0.20800000429153442,1.0,,,0.07199999690055847,1.0,0.920160000026226,3.0,0.002720095455587576,0.4309606682520273
M3,42,42,5,50,3,True,categorical_subset,0.416,,0.312,3,0.416,1.0,0.920160000026226,3.0,0.002720095455587576,0.4309606682520273
M3,42,42,6,25,4,True,linear,0.2160000056028366,1.0,,,0.0559999942779541,1.0,0.920160000026226,3.0,0.003512991208648321,0.2
M3,42,42,6,25,4,True,mlp,0.17600001394748688,1.0,,,0.008000001311302185,1.0,0.920160000026226,3.0,0.003512991208648321,0.2
M3,42,42,6,25,4,True,categorical_subset,0.2,,0.0,4,0.2,1.0,0.920160000026226,3.0,0.003512991208648321,0.2
M3,42,42,6,50,4,True,linear,0.20000000298023224,1.0,,,0.03999999165534973,1.0,0.920160000026226,3.0,0.003512991208648321,0.2
M3,42,42,6,50,4,True,mlp,0.19200000166893005,1.0,,,-0.040000006556510925,1.0,0.920160000026226,3.0,0.003512991208648321,0.2
M3,42,42,6,50,4,True,categorical_subset,0.2,,0.0,4,0.2,1.0,0.920160000026226,3.0,0.003512991208648321,0.2
M3,42,42,7,25,4,True,linear,0.18400001525878906,1.0,,,-0.015999987721443176,1.0,0.920160000026226,3.0,0.0015208465027917247,0.2
M3,42,42,7,25,4,True,mlp,0.19200000166893005,1.0,,,-0.03200000524520874,1.0,0.920160000026226,3.0,0.0015208465027917247,0.2
M3,42,42,7,25,4,True,categorical_subset,0.2,,0.0,4,0.2,1.0,0.920160000026226,3.0,0.0015208465027917247,0.2
M3,42,42,7,50,4,True,linear,0.15200001001358032,1.0,,,-0.03200000524520874,1.0,0.920160000026226,3.0,0.0015208465027917247,0.2
M3,42,42,7,50,4,True,mlp,0.2160000056028366,1.0,,,0.008000001311302185,1.0,0.920160000026226,3.0,0.0015208465027917247,0.2
M3,42,42,7,50,4,True,categorical_subset,0.2,,0.0,4,0.2,1.0,0.920160000026226,3.0,0.0015208465027917247,0.2
M2,17,101,0,25,2,True,linear,0.20000000298023224,1.0,,,0.031999990344047546,1.0,0.9199999988079071,3.0,0.00938355611802232,0.7324894089285108
M2,17,101,0,25,2,True,mlp,0.17600001394748688,1.0,,,0.0,1.0,0.9199999988079071,3.0,0.00938355611802232,0.7324894089285108
M2,17,101,0,25,2,True,categorical_subset,0.768,,0.656,2,0.768,1.0,0.9199999988079071,3.0,0.00938355611802232,0.7324894089285108
M2,17,101,0,50,2,True,linear,0.1680000126361847,1.0,,,0.03200000524520874,1.0,0.9199999988079071,3.0,0.00938355611802232,0.9151339579808615
M2,17,101,0,50,2,True,mlp,0.20800000429153442,1.0,,,0.008000001311302185,1.0,0.9199999988079071,3.0,0.00938355611802232,0.9151339579808615
M2,17,101,0,50,2,True,categorical_subset,0.976,,0.92,2,0.976,1.0,0.9199999988079071,3.0,0.00938355611802232,0.9151339579808615
M2,17,101,1,25,3,True,linear,0.2240000069141388,1.0,,,0.07999999821186066,1.0,0.9199999988079071,3.0,0.00127132947186659,0.32284075972383636
M2,17,101,1,25,3,True,mlp,0.20000000298023224,1.0,,,0.07999999821186066,1.0,0.9199999988079071,3.0,0.00127132947186659,0.32284075972383636
M2,17,101,1,25,3,True,categorical_subset,0.328,,0.168,3,0.328,1.0,0.9199999988079071,3.0,0.00127132947186659,0.32284075972383636
M2,17,101,1,50,3,True,linear,0.08800000697374344,1.0,,,-0.08800000697374344,1.0,0.9199999988079071,3.0,0.00127132947186659,0.4309606682520273
M2,17,101,1,50,3,True,mlp,0.14400000870227814,1.0,,,-0.024000003933906555,1.0,0.9199999988079071,3.0,0.00127132947186659,0.4309606682520273
M2,17,101,1,50,3,True,categorical_subset,0.408,,0.256,3,0.408,1.0,0.9199999988079071,3.0,0.00127132947186659,0.4309606682520273
M2,17,101,2,25,3,True,linear,0.2240000069141388,1.0,,,0.047999992966651917,1.0,0.9199999988079071,3.0,0.0026542458522497755,0.32284075972383636
M2,17,101,2,25,3,True,mlp,0.18400001525878906,1.0,,,0.01600000262260437,1.0,0.9199999988079071,3.0,0.0026542458522497755,0.32284075972383636
M2,17,101,2,25,3,True,categorical_subset,0.312,,0.136,3,0.312,1.0,0.9199999988079071,3.0,0.0026542458522497755,0.32284075972383636
M2,17,101,2,50,3,True,linear,0.15200001001358032,1.0,,,-0.03999999165534973,1.0,0.9199999988079071,3.0,0.0026542458522497755,0.4309606682520273
M2,17,101,2,50,3,True,mlp,0.15200001001358032,1.0,,,0.0,1.0,0.9199999988079071,3.0,0.0026542458522497755,0.4309606682520273
M2,17,101,2,50,3,True,categorical_subset,0.44,,0.304,3,0.44,1.0,0.9199999988079071,3.0,0.0026542458522497755,0.4309606682520273
M2,17,101,3,25,2,True,linear,0.1680000126361847,1.0,,,-0.03999999165534973,1.0,0.9199999988079071,3.0,0.0018814401424529599,0.7324894089285108
M2,17,101,3,25,2,True,mlp,0.1600000113248825,1.0,,,-0.031999990344047546,1.0,0.9199999988079071,3.0,0.0018814401424529599,0.7324894089285108
M2,17,101,3,25,2,True,categorical_subset,0.792,,0.752,2,0.792,1.0,0.9199999988079071,3.0,0.0018814401424529599,0.7324894089285108
M2,17,101,3,50,2,True,linear,0.2160000056028366,1.0,,,0.06399999558925629,1.0,0.9199999988079071,3.0,0.0018814401424529599,0.9151339579808615
M2,17,101,3,50,2,True,mlp,0.20000000298023224,1.0,,,0.015999987721443176,1.0,0.9199999988079071,3.0,0.0018814401424529599,0.9151339579808615
M2,17,101,3,50,2,True,categorical_subset,1.0,,1.0,2,1.0,1.0,0.9199999988079071,3.0,0.0018814401424529599,0.9151339579808615
M2,17,101,4,25,3,True,linear,0.18400001525878906,1.0,,,-0.007999986410140991,1.0,0.9199999988079071,3.0,0.012450120340346829,0.32284075972383636
M2,17,101,4,25,3,True,mlp,0.19200000166893005,1.0,,,-0.08799999952316284,1.0,0.9199999988079071,3.0,0.012450120340346829,0.32284075972383636
M2,17,101,4,25,3,True,categorical_subset,0.304,,0.104,3,0.304,1.0,0.9199999988079071,3.0,0.012450120340346829,0.32284075972383636
M2,17,101,4,50,3,True,linear,0.1680000126361847,1.0,,,-0.08799999952316284,1.0,0.9199999988079071,3.0,0.012450120340346829,0.4309606682520273
M2,17,101,4,50,3,True,mlp,0.17600001394748688,1.0,,,-0.1600000113248825,1.0,0.9199999988079071,3.0,0.012450120340346829,0.4309606682520273
M2,17,101,4,50,3,True,categorical_subset,0.4,,0.232,3,0.4,1.0,0.9199999988079071,3.0,0.012450120340346829,0.4309606682520273
M2,17,101,5,25,3,True,linear,0.17600001394748688,1.0,,,0.008000001311302185,1.0,0.9199999988079071,3.0,0.0014336417514636698,0.32284075972383636
M2,17,101,5,25,3,True,mlp,0.20000000298023224,1.0,,,0.03999999165534973,1.0,0.9199999988079071,3.0,0.0014336417514636698,0.32284075972383636
M2,17,101,5,25,3,True,categorical_subset,0.296,,0.152,3,0.296,1.0,0.9199999988079071,3.0,0.0014336417514636698,0.32284075972383636
M2,17,101,5,50,3,True,linear,0.14400000870227814,1.0,,,-0.03200000524520874,1.0,0.9199999988079071,3.0,0.0014336417514636698,0.4309606682520273
M2,17,101,5,50,3,True,mlp,0.19200000166893005,1.0,,,0.0559999942779541,1.0,0.9199999988079071,3.0,0.0014336417514636698,0.4309606682520273
M2,17,101,5,50,3,True,categorical_subset,0.432,,0.296,3,0.432,1.0,0.9199999988079071,3.0,0.0014336417514636698,0.4309606682520273
M2,17,101,6,25,4,True,linear,0.19200000166893005,1.0,,,0.02399998903274536,1.0,0.9199999988079071,3.0,0.0024216815442955055,0.2
M2,17,101,6,25,4,True,mlp,0.23200000822544098,1.0,,,0.08799999952316284,1.0,0.9199999988079071,3.0,0.0024216815442955055,0.2
M2,17,101,6,25,4,True,categorical_subset,0.2,,0.0,4,0.2,1.0,0.9199999988079071,3.0,0.0024216815442955055,0.2
M2,17,101,6,50,4,True,linear,0.19200000166893005,1.0,,,0.015999987721443176,1.0,0.9199999988079071,3.0,0.0024216815442955055,0.2
M2,17,101,6,50,4,True,mlp,0.20000000298023224,1.0,,,0.031999990344047546,1.0,0.9199999988079071,3.0,0.0024216815442955055,0.2
M2,17,101,6,50,4,True,categorical_subset,0.2,,0.0,4,0.2,1.0,0.9199999988079071,3.0,0.0024216815442955055,0.2
M2,17,101,7,25,3,True,linear,0.1600000113248825,1.0,,,-0.008000001311302185,1.0,0.9199999988079071,3.0,0.0012683838112956898,0.32284075972383636
M2,17,101,7,25,3,True,mlp,0.15200001001358032,1.0,,,0.0,1.0,0.9199999988079071,3.0,0.0012683838112956898,0.32284075972383636
M2,17,101,7,25,3,True,categorical_subset,0.28,,0.096,3,0.28,1.0,0.9199999988079071,3.0,0.0012683838112956898,0.32284075972383636
M2,17,101,7,50,3,True,linear,0.1600000113248825,1.0,,,-0.031999990344047546,1.0,0.9199999988079071,3.0,0.0012683838112956898,0.4309606682520273
M2,17,101,7,50,3,True,mlp,0.12800000607967377,1.0,,,-0.008000001311302185,1.0,0.9199999988079071,3.0,0.0012683838112956898,0.4309606682520273
M2,17,101,7,50,3,True,categorical_subset,0.368,,0.192,3,0.368,1.0,0.9199999988079071,3.0,0.0012683838112956898,0.4309606682520273
M3,17,17,0,25,2,True,linear,0.1680000126361847,1.0,,,-0.02399998903274536,1.0,0.9196799993515015,3.0,0.005442969842023528,0.7324894089285108
M3,17,17,0,25,2,True,mlp,0.1680000126361847,1.0,,,-0.031999990344047546,1.0,0.9196799993515015,3.0,0.005442969842023528,0.7324894089285108
M3,17,17,0,25,2,True,categorical_subset,0.768,,0.656,2,0.768,1.0,0.9196799993515015,3.0,0.005442969842023528,0.7324894089285108
M3,17,17,0,50,2,True,linear,0.2240000069141388,1.0,,,0.07999999821186066,1.0,0.9196799993515015,3.0,0.005442969842023528,0.9151339579808615
M3,17,17,0,50,2,True,mlp,0.19200000166893005,1.0,,,0.031999990344047546,1.0,0.9196799993515015,3.0,0.005442969842023528,0.9151339579808615
M3,17,17,0,50,2,True,categorical_subset,0.976,,0.92,2,0.976,1.0,0.9196799993515015,3.0,0.005442969842023528,0.9151339579808615
M3,17,17,1,25,3,True,linear,0.1680000126361847,1.0,,,-0.008000001311302185,1.0,0.9196799993515015,3.0,0.00037917423112005053,0.32284075972383636
M3,17,17,1,25,3,True,mlp,0.1600000113248825,1.0,,,0.0,1.0,0.9196799993515015,3.0,0.00037917423112005053,0.32284075972383636
M3,17,17,1,25,3,True,categorical_subset,0.328,,0.168,3,0.328,1.0,0.9196799993515015,3.0,0.00037917423112005053,0.32284075972383636
M3,17,17,1,50,3,True,linear,0.15200001001358032,1.0,,,-0.03999999165534973,1.0,0.9196799993515015,3.0,0.00037917423112005053,0.4309606682520273
M3,17,17,1,50,3,True,mlp,0.13600000739097595,1.0,,,-0.0559999942779541,1.0,0.9196799993515015,3.0,0.00037917423112005053,0.4309606682520273
M3,17,17,1,50,3,True,categorical_subset,0.408,,0.256,3,0.408,1.0,0.9196799993515015,3.0,0.00037917423112005053,0.4309606682520273
M3,17,17,2,25,3,True,linear,0.14400000870227814,1.0,,,-0.01600000262260437,1.0,0.9196799993515015,3.0,0.0015555959264350228,0.32284075972383636
M3,17,17,2,25,3,True,mlp,0.18400001525878906,1.0,,,0.040000006556510925,1.0,0.9196799993515015,3.0,0.0015555959264350228,0.32284075972383636
M3,17,17,2,25,3,True,categorical_subset,0.312,,0.136,3,0.312,1.0,0.9196799993515015,3.0,0.0015555959264350228,0.32284075972383636
M3,17,17,2,50,3,True,linear,0.19200000166893005,1.0,,,0.03999999165534973,1.0,0.9196799993515015,3.0,0.0015555959264350228,0.4309606682520273
M3,17,17,2,50,3,True,mlp,0.14400000870227814,1.0,,,0.0,1.0,0.9196799993515015,3.0,0.0015555959264350228,0.4309606682520273
M3,17,17,2,50,3,True,categorical_subset,0.44,,0.304,3,0.44,1.0,0.9196799993515015,3.0,0.0015555959264350228,0.4309606682520273
M3,17,17,3,25,3,True,linear,0.18400001525878906,1.0,,,0.0,1.0,0.9196799993515015,3.0,0.0002954550419431522,0.32284075972383636
M3,17,17,3,25,3,True,mlp,0.18400001525878906,1.0,,,0.024000003933906555,1.0,0.9196799993515015,3.0,0.0002954550419431522,0.32284075972383636
M3,17,17,3,25,3,True,categorical_subset,0.312,,0.16,3,0.312,1.0,0.9196799993515015,3.0,0.0002954550419431522,0.32284075972383636
M3,17,17,3,50,3,True,linear,0.19200000166893005,1.0,,,0.0559999942779541,1.0,0.9196799993515015,3.0,0.0002954550419431522,0.4309606682520273
M3,17,17,3,50,3,True,mlp,0.1600000113248825,1.0,,,0.01600000262260437,1.0,0.9196799993515015,3.0,0.0002954550419431522,0.4309606682520273
M3,17,17,3,50,3,True,categorical_subset,0.392,,0.248,3,0.392,1.0,0.9196799993515015,3.0,0.0002954550419431522,0.4309606682520273
M3,17,17,4,25,2,True,linear,0.24000000953674316,1.0,,,0.008000001311302185,1.0,0.9196799993515015,3.0,0.013607304684925728,0.7324894089285108
M3,17,17,4,25,2,True,mlp,0.2639999985694885,1.0,,,-0.07200002670288086,1.0,0.9196799993515015,3.0,0.013607304684925728,0.7324894089285108
M3,17,17,4,25,2,True,categorical_subset,0.488,,0.352,2,0.488,1.0,0.9196799993515015,3.0,0.013607304684925728,0.7324894089285108
M3,17,17,4,50,2,True,linear,0.24000000953674316,1.0,,,0.0,1.0,0.9196799993515015,3.0,0.013607304684925728,0.9151339579808615
M3,17,17,4,50,2,True,mlp,0.29600000381469727,1.0,,,-0.08000001311302185,1.0,0.9196799993515015,3.0,0.013607304684925728,0.9151339579808615
M3,17,17,4,50,2,True,categorical_subset,0.856,,0.8,2,0.856,1.0,0.9196799993515015,3.0,0.013607304684925728,0.9151339579808615
M3,17,17,5,25,3,True,linear,0.20800000429153442,1.0,,,0.03999999165534973,1.0,0.9196799993515015,3.0,0.0009515000599188831,0.32284075972383636
M3,17,17,5,25,3,True,mlp,0.23200000822544098,1.0,,,0.07999999821186066,1.0,0.9196799993515015,3.0,0.0009515000599188831,0.32284075972383636
M3,17,17,5,25,3,True,categorical_subset,0.296,,0.152,3,0.296,1.0,0.9196799993515015,3.0,0.0009515000599188831,0.32284075972383636
M3,17,17,5,50,3,True,linear,0.25600001215934753,1.0,,,0.08799999952316284,1.0,0.9196799993515015,3.0,0.0009515000599188831,0.4309606682520273
M3,17,17,5,50,3,True,mlp,0.2240000069141388,1.0,,,0.07199999690055847,1.0,0.9196799993515015,3.0,0.0009515000599188831,0.4309606682520273
M3,17,17,5,50,3,True,categorical_subset,0.432,,0.296,3,0.432,1.0,0.9196799993515015,3.0,0.0009515000599188831,0.4309606682520273
M3,17,17,6,25,4,True,linear,0.2160000056028366,1.0,,,0.06399999558925629,1.0,0.9196799993515015,3.0,0.007923491205519785,0.2
M3,17,17,6,25,4,True,mlp,0.2240000069141388,1.0,,,0.06399999558925629,1.0,0.9196799993515015,3.0,0.007923491205519785,0.2
M3,17,17,6,25,4,True,categorical_subset,0.2,,0.0,4,0.2,1.0,0.9196799993515015,3.0,0.007923491205519785,0.2
M3,17,17,6,50,4,True,linear,0.24800001084804535,1.0,,,0.1120000034570694,1.0,0.9196799993515015,3.0,0.007923491205519785,0.2
M3,17,17,6,50,4,True,mlp,0.25600001215934753,1.0,,,0.14400000870227814,1.0,0.9196799993515015,3.0,0.007923491205519785,0.2
M3,17,17,6,50,4,True,categorical_subset,0.2,,0.0,4,0.2,1.0,0.9196799993515015,3.0,0.007923491205519785,0.2
M3,17,17,7,25,4,True,linear,0.1600000113248825,1.0,,,-0.0559999942779541,1.0,0.9196799993515015,3.0,0.0006914618969922372,0.2
M3,17,17,7,25,4,True,mlp,0.20000000298023224,1.0,,,0.047999992966651917,1.0,0.9196799993515015,3.0,0.0006914618969922372,0.2
M3,17,17,7,25,4,True,categorical_subset,0.2,,0.0,4,0.2,1.0,0.9196799993515015,3.0,0.0006914618969922372,0.2
M3,17,17,7,50,4,True,linear,0.14400000870227814,1.0,,,-0.07199999690055847,1.0,0.9196799993515015,3.0,0.0006914618969922372,0.2
M3,17,17,7,50,4,True,mlp,0.14400000870227814,1.0,,,-0.03200000524520874,1.0,0.9196799993515015,3.0,0.0006914618969922372,0.2
M3,17,17,7,50,4,True,categorical_subset,0.2,,0.0,4,0.2,1.0,0.9196799993515015,3.0,0.0006914618969922372,0.2
M4,17,101,0,25,2,True,linear,0.24000000953674316,1.0,,,0.07199999690055847,1.0,0.9194799989461899,3.25,0.011487059458383783,0.7324894089285108
M4,17,101,0,25,2,True,mlp,0.2240000069141388,1.0,,,0.047999992966651917,1.0,0.9194799989461899,3.25,0.011487059458383783,0.7324894089285108
M4,17,101,0,25,2,True,categorical_subset,0.768,,0.656,2,0.768,1.0,0.9194799989461899,3.25,0.011487059458383783,0.7324894089285108
M4,17,101,0,50,2,True,linear,0.20000000298023224,1.0,,,0.06399999558925629,1.0,0.9194799989461899,3.25,0.011487059458383783,0.9151339579808615
M4,17,101,0,50,2,True,mlp,0.23200000822544098,1.0,,,0.03200000524520874,1.0,0.9194799989461899,3.25,0.011487059458383783,0.9151339579808615
M4,17,101,0,50,2,True,categorical_subset,0.976,,0.92,2,0.976,1.0,0.9194799989461899,3.25,0.011487059458383783,0.9151339579808615
M4,17,101,1,25,3,True,linear,0.20000000298023224,1.0,,,0.0559999942779541,1.0,0.9194799989461899,3.25,0.0009571245409020955,0.32284075972383636
M4,17,101,1,25,3,True,mlp,0.20000000298023224,1.0,,,0.07999999821186066,1.0,0.9194799989461899,3.25,0.0009571245409020955,0.32284075972383636
M4,17,101,1,25,3,True,categorical_subset,0.328,,0.168,3,0.328,1.0,0.9194799989461899,3.25,0.0009571245409020955,0.32284075972383636
M4,17,101,1,50,3,True,linear,0.20800000429153442,1.0,,,0.031999990344047546,1.0,0.9194799989461899,3.25,0.0009571245409020955,0.4309606682520273
M4,17,101,1,50,3,True,mlp,0.2240000069141388,1.0,,,0.0559999942779541,1.0,0.9194799989461899,3.25,0.0009571245409020955,0.4309606682520273
M4,17,101,1,50,3,True,categorical_subset,0.408,,0.256,3,0.408,1.0,0.9194799989461899,3.25,0.0009571245409020955,0.4309606682520273
M4,17,101,2,25,3,True,linear,0.20800000429153442,1.0,,,0.031999990344047546,1.0,0.9194799989461899,3.25,0.002176117850164559,0.32284075972383636
M4,17,101,2,25,3,True,mlp,0.13600000739097595,1.0,,,-0.03200000524520874,1.0,0.9194799989461899,3.25,0.002176117850164559,0.32284075972383636
M4,17,101,2,25,3,True,categorical_subset,0.312,,0.136,3,0.312,1.0,0.9194799989461899,3.25,0.002176117850164559,0.32284075972383636
M4,17,101,2,50,3,True,linear,0.15200001001358032,1.0,,,-0.03999999165534973,1.0,0.9194799989461899,3.25,0.002176117850164559,0.4309606682520273
M4,17,101,2,50,3,True,mlp,0.13600000739097595,1.0,,,-0.01600000262260437,1.0,0.9194799989461899,3.25,0.002176117850164559,0.4309606682520273
M4,17,101,2,50,3,True,categorical_subset,0.44,,0.304,3,0.44,1.0,0.9194799989461899,3.25,0.002176117850164559,0.4309606682520273
M4,17,101,3,25,3,True,linear,0.17600001394748688,1.0,,,-0.031999990344047546,1.0,0.9194799989461899,3.25,0.0007258892092837185,0.32284075972383636
M4,17,101,3,25,3,True,mlp,0.17600001394748688,1.0,,,-0.015999987721443176,1.0,0.9194799989461899,3.25,0.0007258892092837185,0.32284075972383636
M4,17,101,3,25,3,True,categorical_subset,0.312,,0.16,3,0.312,1.0,0.9194799989461899,3.25,0.0007258892092837185,0.32284075972383636
M4,17,101,3,50,3,True,linear,0.1680000126361847,1.0,,,0.01600000262260437,1.0,0.9194799989461899,3.25,0.0007258892092837185,0.4309606682520273
M4,17,101,3,50,3,True,mlp,0.12800000607967377,1.0,,,-0.056000009179115295,1.0,0.9194799989461899,3.25,0.0007258892092837185,0.4309606682520273
M4,17,101,3,50,3,True,categorical_subset,0.392,,0.248,3,0.392,1.0,0.9194799989461899,3.25,0.0007258892092837185,0.4309606682520273
M4,17,101,4,25,3,True,linear,0.2720000147819519,1.0,,,0.08000001311302185,1.0,0.9194799989461899,3.25,0.007800739599723046,0.32284075972383636
M4,17,101,4,25,3,True,mlp,0.24000000953674316,1.0,,,-0.03999999165534973,1.0,0.9194799989461899,3.25,0.007800739599723046,0.32284075972383636
M4,17,101,4,25,3,True,categorical_subset,0.304,,0.104,3,0.304,1.0,0.9194799989461899,3.25,0.007800739599723046,0.32284075972383636
M4,17,101,4,50,3,True,linear,0.23200000822544098,1.0,,,-0.024000003933906555,1.0,0.9194799989461899,3.25,0.007800739599723046,0.4309606682520273
M4,17,101,4,50,3,True,mlp,0.20800000429153442,1.0,,,-0.12800002098083496,1.0,0.9194799989461899,3.25,0.007800739599723046,0.4309606682520273
M4,17,101,4,50,3,True,categorical_subset,0.4,,0.232,3,0.4,1.0,0.9194799989461899,3.25,0.007800739599723046,0.4309606682520273
M4,17,101,5,25,2,True,linear,0.20000000298023224,1.0,,,0.031999990344047546,1.0,0.9194799989461899,3.25,0.002717728112346251,0.7324894089285108
M4,17,101,5,25,2,True,mlp,0.24800001084804535,1.0,,,0.08799999952316284,1.0,0.9194799989461899,3.25,0.002717728112346251,0.7324894089285108
M4,17,101,5,25,2,True,categorical_subset,0.784,,0.712,2,0.784,1.0,0.9194799989461899,3.25,0.002717728112346251,0.7324894089285108
M4,17,101,5,50,2,True,linear,0.20000000298023224,1.0,,,0.02399998903274536,1.0,0.9194799989461899,3.25,0.002717728112346251,0.9151339579808615
M4,17,101,5,50,2,True,mlp,0.24000000953674316,1.0,,,0.10400000214576721,1.0,0.9194799989461899,3.25,0.002717728112346251,0.9151339579808615
M4,17,101,5,50,2,True,categorical_subset,0.952,,0.952,2,0.952,1.0,0.9194799989461899,3.25,0.002717728112346251,0.9151339579808615
M4,17,101,6,25,4,True,linear,0.19200000166893005,1.0,,,0.02399998903274536,1.0,0.9194799989461899,3.25,0.0023730453203827926,0.2
M4,17,101,6,25,4,True,mlp,0.24800001084804535,1.0,,,0.10400000214576721,1.0,0.9194799989461899,3.25,0.0023730453203827926,0.2
M4,17,101,6,25,4,True,categorical_subset,0.2,,0.0,4,0.2,1.0,0.9194799989461899,3.25,0.0023730453203827926,0.2
M4,17,101,6,50,4,True,linear,0.24800001084804535,1.0,,,0.07199999690055847,1.0,0.9194799989461899,3.25,0.0023730453203827926,0.2
M4,17,101,6,50,4,True,mlp,0.23200000822544098,1.0,,,0.06399999558925629,1.0,0.9194799989461899,3.25,0.0023730453203827926,0.2
M4,17,101,6,50,4,True,categorical_subset,0.2,,0.0,4,0.2,1.0,0.9194799989461899,3.25,0.0023730453203827926,0.2
M4,17,101,7,25,4,True,linear,0.1680000126361847,1.0,,,0.0,1.0,0.9194799989461899,3.25,0.0009345617530854748,0.2
M4,17,101,7,25,4,True,mlp,0.17600001394748688,1.0,,,0.024000003933906555,1.0,0.9194799989461899,3.25,0.0009345617530854748,0.2
M4,17,101,7,25,4,True,categorical_subset,0.2,,0.0,4,0.2,1.0,0.9194799989461899,3.25,0.0009345617530854748,0.2
M4,17,101,7,50,4,True,linear,0.1680000126361847,1.0,,,-0.02399998903274536,1.0,0.9194799989461899,3.25,0.0009345617530854748,0.2
M4,17,101,7,50,4,True,mlp,0.18400001525878906,1.0,,,0.04800000786781311,1.0,0.9194799989461899,3.25,0.0009345617530854748,0.2
M4,17,101,7,50,4,True,categorical_subset,0.2,,0.0,4,0.2,1.0,0.9194799989461899,3.25,0.0009345617530854748,0.2
