group,world_seed,model_seed,target_id,budget,mode,source_final_accuracy,source_auc,source_physical_complexity,source_fingerprint,target_physical_complexity,target_composition_size,target_character_energy_fraction,oracle_occupancy
P,271,17,0,25,linear,1.0,0.9195599988102913,4.0,2a944ae1b79d66ce34abc2e63342aed2f89e9b27e7011565bf83f9ce81a892e2,2,2,0.012748822934481308,0.7324894089285108
P,271,17,0,25,mlp,1.0,0.9195599988102913,4.0,2a944ae1b79d66ce34abc2e63342aed2f89e9b27e7011565bf83f9ce81a892e2,2,2,0.012748822934481308,0.7324894089285108
P,271,17,0,25,categorical_subset,1.0,0.9195599988102913,4.0,2a944ae1b79d66ce34abc2e63342aed2f89e9b27e7011565bf83f9ce81a892e2,2,2,0.012748822934481308,0.7324894089285108
P,271,17,0,50,linear,1.0,0.9195599988102913,4.0,2a944ae1b79d66ce34abc2e63342aed2f89e9b27e7011565bf83f9ce81a892e2,2,2,0.012748822934481308,0.9151339579808615
P,271,17,0,50,mlp,1.0,0.9195599988102913,4.0,2a944ae1b79d66ce34abc2e63342aed2f89e9b27e7011565bf83f9ce81a892e2,2,2,0.012748822934481308,0.9151339579808615
P,271,17,0,50,categorical_subset,1.0,0.9195599988102913,4.0,2a944ae1b79d66ce34abc2e63342aed2f89e9b27e7011565bf83f9ce81a892e2,2,2,0.012748822934481308,0.9151339579808615
P,271,17,1,25,linear,1.0,0.9195599988102913,4.0,2a944ae1b79d66ce34abc2e63342aed2f89e9b27e7011565bf83f9ce81a892e2,2,2,0.007689694272697228,0.7324894089285108
P,271,17,1,25,mlp,1.0,0.9195599988102913,4.0,2a944ae1b79d66ce34abc2e63342aed2f89e9b27e7011565bf83f9ce81a892e2,2,2,0.007689694272697228,0.7324894089285108
P,271,17,1,25,categorical_subset,1.0,0.9195599988102913,4.0,2a944ae1b79d66ce34abc2e63342aed2f89e9b27e7011565bf83f9ce81a892e2,2,2,0.007689694272697228,0.7324894089285108
P,271,17,1,50,linear,1.0,0.9195599988102913,4.0,2a944ae1b79d66ce34abc2e63342aed2f89e9b27e7011565bf83f9ce81a892e2,2,2,0.007689694272697228,0.9151339579808615
P,271,17,1,50,mlp,1.0,0.9195599988102913,4.0,2a944ae1b79d66ce34abc2e63342aed2f89e9b27e7011565bf83f9ce81a892e2,2,2,0.007689694272697228,0.9151339579808615
P,271,17,1,50,categorical_subset,1.0,0.9195599988102913,4.0,2a944ae1b79d66ce34abc2e63342aed2f89e9b27e7011565bf83f9ce81a892e2,2,2,0.007689694272697228,0.9151339579808615
P,271,17,2,25,linear,1.0,0.9195599988102913,4.0,2a944ae1b79d66ce34abc2e63342aed2f89e9b27e7011565bf83f9ce81a892e2,3,3,0.005516264037261842,0.32284075972383636
P,271,17,2,25,mlp,1.0,0.9195599988102913,4.0,2a944ae1b79d66ce34abc2e63342aed2f89e9b27e7011565bf83f9ce81a892e2,3,3,0.005516264037261842,0.32284075972383636
P,271,17,2,25,categorical_subset,1.0,0.9195599988102913,4.0,2a944ae1b79d66ce34abc2e63342aed2f89e9b27e7011565bf83f9ce81a892e2,3,3,0.005516264037261842,0.32284075972383636
P,271,17,2,50,linear,1.0,0.9195599988102913,4.0,2a944ae1b79d66ce34abc2e63342aed2f89e9b27e7011565bf83f9ce81a892e2,3,3,0.005516264037261842,0.4309606682520273
P,271,17,2,50,mlp,1.0,0.9195599988102913,4.0,2a944ae1b79d66ce34abc2e63342aed2f89e9b27e7011565bf83f9ce81a892e2,3,3,0.005516264037261842,0.4309606682520273
P,271,17,2,50,categorical_subset,1.0,0.9195599988102913,4.0,2a944ae1b79d66ce34abc2e63342aed2f89e9b27e7011565bf83f9ce81a892e2,3,3,0.005516264037261842,0.4309606682520273
P,271,17,3,25,linear,1.0,0.9195599988102913,4.0,2a944ae1b79d66ce34abc2e63342aed2f89e9b27e7011565bf83f9ce81a892e2,4,3,0.002584039035882686,0.32284075972383636
P,271,17,3,25,mlp,1.0,0.9195599988102913,4.0,2a944ae1b79d66ce34abc2e63342aed2f89e9b27e7011565bf83f9ce81a892e2,4,3,0.002584039035882686,0.32284075972383636
P,271,17,3,25,categorical_subset,1.0,0.9195599988102913,4.0,2a944ae1b79d66ce34abc2e63342aed2f89e9b27e7011565bf83f9ce81a892e2,4,3,0.002584039035882686,0.32284075972383636
P,271,17,3,50,linear,1.0,0.9195599988102913,4.0,2a944ae1b79d66ce34abc2e63342aed2f89e9b27e7011565bf83f9ce81a892e2,4,3,0.002584039035882686,0.4309606682520273
P,271,17,3,50,mlp,1.0,0.9195599988102913,4.0,2a944ae1b79d66ce34abc2e63342aed2f89e9b27e7011565bf83f9ce81a892e2,4,3,0.002584039035882686,0.4309606682520273
P,271,17,3,50,categorical_subset,1.0,0.9195599988102913,4.0,2a944ae1b79d66ce34abc2e63342aed2f89e9b27e7011565bf83f9ce81a892e2,4,3,0.002584039035882686,0.4309606682520273
P,271,17,4,25,linear,1.0,0.9195599988102913,4.0,2a944ae1b79d66ce34abc2e63342aed2f89e9b27e7011565bf83f9ce81a892e2,4,3,0.0029894204552566067,0.32284075972383636
P,271,17,4,25,mlp,1.0,0.9195599988102913,4.0,2a944ae1b79d66ce34abc2e63342aed2f89e9b27e7011565bf83f9ce81a892e2,4,3,0.0029894204552566067,0.32284075972383636
P,271,17,4,25,categorical_subset,1.0,0.9195599988102913,4.0,2a944ae1b79d66ce34abc2e63342aed2f89e9b27e7011565bf83f9ce81a892e2,4,3,0.0029894204552566067,0.32284075972383636
P,271,17,4,50,linear,1.0,0.9195599988102913,4.0,2a944ae1b79d66ce34abc2e63342aed2f89e9b27e7011565bf83f9ce81a892e2,4,3,0.0029894204552566067,0.4309606682520273
P,271,17,4,50,mlp,1.0,0.9195599988102913,4.0,2a944ae1b79d66ce34abc2e63342aed2f89e9b27e7011565bf83f9ce81a892e2,4,3,0.0029894204552566067,0.4309606682520273
P,271,17,4,50,categorical_subset,1.0,0.9195599988102913,4.0,2a944ae1b79d66ce34abc2e63342aed2f89e9b27e7011565bf83f9ce81a892e2,4,3,0.0029894204552566067,0.4309606682520273
P,271,17,5,25,linear,1.0,0.9195599988102913,4.0,2a944ae1b79d66ce34abc2e63342aed2f89e9b27e7011565bf83f9ce81a892e2,4,3,0.003978679265413958,0.32284075972383636
P,271,17,5,25,mlp,1.0,0.9195599988102913,4.0,2a944ae1b79d66ce34abc2e63342aed2f89e9b27e7011565bf83f9ce81a892e2,4,3,0.003978679265413958,0.32284075972383636
P,271,17,5,25,categorical_subset,1.0,0.9195599988102913,4.0,2a944ae1b79d66ce34abc2e63342aed2f89e9b27e7011565bf83f9ce81a892e2,4,3,0.003978679265413958,0.32284075972383636
P,271,17,5,50,linear,1.0,0.9195599988102913,4.0,2a944ae1b79d66ce34abc2e63342aed2f89e9b27e7011565bf83f9ce81a892e2,4,3,0.003978679265413958,0.4309606682520273
P,271,17,5,50,mlp,1.0,0.9195599988102913,4.0,2a944ae1b79d66ce34abc2e63342aed2f89e9b27e7011565bf83f9ce81a892e2,4,3,0.003978679265413958,0.4309606682520273
P,271,17,5,50,categorical_subset,1.0,0.9195599988102913,4.0,2a944ae1b79d66ce34abc2e63342aed2f89e9b27e7011565bf83f9ce81a892e2,4,3,0.003978679265413958,0.4309606682520273
P,271,17,6,25,linear,1.0,0.9195599988102913,4.0,2a944ae1b79d66ce34abc2e63342aed2f89e9b27e7011565bf83f9ce81a892e2,4,4,0.002054936285360574,0.2
P,271,17,6,25,mlp,1.0,0.9195599988102913,4.0,2a944ae1b79d66ce34abc2e63342aed2f89e9b27e7011565bf83f9ce81a892e2,4,4,0.002054936285360574,0.2
P,271,17,6,25,categorical_subset,1.0,0.9195599988102913,4.0,2a944ae1b79d66ce34abc2e63342aed2f89e9b27e7011565bf83f9ce81a892e2,4,4,0.002054936285360574,0.2
P,271,17,6,50,linear,1.0,0.9195599988102913,4.0,2a944ae1b79d66ce34abc2e63342aed2f89e9b27e7011565bf83f9ce81a892e2,4,4,0.002054936285360574,0.2
P,271,17,6,50,mlp,1.0,0.9195599988102913,4.0,2a944ae1b79d66ce34abc2e63342aed2f89e9b27e7011565bf83f9ce81a892e2,4,4,0.002054936285360574,0.2
P,271,17,6,50,categorical_subset,1.0,0.9195599988102913,4.0,2a944ae1b79d66ce34abc2e63342aed2f89e9b27e7011565bf83f9ce81a892e2,4,4,0.002054936285360574,0.2
P,271,17,7,25,linear,1.0,0.9195599988102913,4.0,2a944ae1b79d66ce34abc2e63342aed2f89e9b27e7011565bf83f9ce81a892e2,4,4,0.0021761986035700146,0.2
P,271,17,7,25,mlp,1.0,0.9195599988102913,4.0,2a944ae1b79d66ce34abc2e63342aed2f89e9b27e7011565bf83f9ce81a892e2,4,4,0.0021761986035700146,0.2
P,271,17,7,25,categorical_subset,1.0,0.9195599988102913,4.0,2a944ae1b79d66ce34abc2e63342aed2f89e9b27e7011565bf83f9ce81a892e2,4,4,0.0021761986035700146,0.2
P,271,17,7,50,linear,1.0,0.9195599988102913,4.0,2a944ae1b79d66ce34abc2e63342aed2f89e9b27e7011565bf83f9ce81a892e2,4,4,0.0021761986035700146,0.2
P,271,17,7,50,mlp,1.0,0.9195599988102913,4.0,2a944ae1b79d66ce34abc2e63342aed2f89e9b27e7011565bf83f9ce81a892e2,4,4,0.0021761986035700146,0.2
P,271,17,7,50,categorical_subset,1.0,0.9195599988102913,4.0,2a944ae1b79d66ce34abc2e63342aed2f89e9b27e7011565bf83f9ce81a892e2,4,4,0.0021761986035700146,0.2
P,271,42,0,25,linear,1.0,0.9198399990797043,4.0,2a944ae1b79d66ce34abc2e63342aed2f89e9b27e7011565bf83f9ce81a892e2,2,2,0.008630791498611512,0.7324894089285108
P,271,42,0,25,mlp,1.0,0.9198399990797043,4.0,2a944ae1b79d66ce34abc2e63342aed2f89e9b27e7011565bf83f9ce81a892e2,2,2,0.008630791498611512,0.7324894089285108
P,271,42,0,25,categorical_subset,1.0,0.9198399990797043,4.0,2a944ae1b79d66ce34abc2e63342aed2f89e9b27e7011565bf83f9ce81a892e2,2,2,0.008630791498611512,0.7324894089285108
P,271,42,0,50,linear,1.0,0.9198399990797043,4.0,2a944ae1b79d66ce34abc2e63342aed2f89e9b27e7011565bf83f9ce81a892e2,2,2,0.008630791498611512,0.9151339579808615
P,271,42,0,50,mlp,1.0,0.9198399990797043,4.0,2a944ae1b79d66ce34abc2e63342aed2f89e9b27e7011565bf83f9ce81a892e2,2,2,0.008630791498611512,0.9151339579808615
P,271,42,0,50,categorical_subset,1.0,0.9198399990797043,4.0,2a944ae1b79d66ce34abc2e63342aed2f89e9b27e7011565bf83f9ce81a892e2,2,2,0.008630791498611512,0.9151339579808615
P,271,42,1,25,linear,1.0,0.9198399990797043,4.0,2a944ae1b79d66ce34abc2e63342aed2f89e9b27e7011565bf83f9ce81a892e2,2,2,0.011988811867041503,0.7324894089285108
P,271,42,1,25,mlp,1.0,0.9198399990797043,4.0,2a944ae1b79d66ce34abc2e63342aed2f89e9b27e7011565bf83f9ce81a892e2,2,2,0.011988811867041503,0.7324894089285108
P,271,42,1,25,categorical_subset,1.0,0.9198399990797043,4.0,2a944ae1b79d66ce34abc2e63342aed2f89e9b27e7011565bf83f9ce81a892e2,2,2,0.011988811867041503,0.7324894089285108
P,271,42,1,50,linear,1.0,0.9198399990797043,4.0,2a944ae1b79d66ce34abc2e63342aed2f89e9b27e7011565bf83f9ce81a892e2,2,2,0.011988811867041503,0.9151339579808615
P,271,42,1,50,mlp,1.0,0.9198399990797043,4.0,2a944ae1b79d66ce34abc2e63342aed2f89e9b27e7011565bf83f9ce81a892e2,2,2,0.011988811867041503,0.9151339579808615
P,271,42,1,50,categorical_subset,1.0,0.9198399990797043,4.0,2a944ae1b79d66ce34abc2e63342aed2f89e9b27e7011565bf83f9ce81a892e2,2,2,0.011988811867041503,0.9151339579808615
P,271,42,2,25,linear,1.0,0.9198399990797043,4.0,2a944ae1b79d66ce34abc2e63342aed2f89e9b27e7011565bf83f9ce81a892e2,3,3,0.007643878583806741,0.32284075972383636
P,271,42,2,25,mlp,1.0,0.9198399990797043,4.0,2a944ae1b79d66ce34abc2e63342aed2f89e9b27e7011565bf83f9ce81a892e2,3,3,0.007643878583806741,0.32284075972383636
P,271,42,2,25,categorical_subset,1.0,0.9198399990797043,4.0,2a944ae1b79d66ce34abc2e63342aed2f89e9b27e7011565bf83f9ce81a892e2,3,3,0.007643878583806741,0.32284075972383636
P,271,42,2,50,linear,1.0,0.9198399990797043,4.0,2a944ae1b79d66ce34abc2e63342aed2f89e9b27e7011565bf83f9ce81a892e2,3,3,0.007643878583806741,0.4309606682520273
P,271,42,2,50,mlp,1.0,0.9198399990797043,4.0,2a944ae1b79d66ce34abc2e63342aed2f89e9b27e7011565bf83f9ce81a892e2,3,3,0.007643878583806741,0.4309606682520273
P,271,42,2,50,categorical_subset,1.0,0.9198399990797043,4.0,2a944ae1b79d66ce34abc2e63342aed2f89e9b27e7011565bf83f9ce81a892e2,3,3,0.007643878583806741,0.4309606682520273
P,271,42,3,25,linear,1.0,0.9198399990797043,4.0,2a944ae1b79d66ce34abc2e63342aed2f89e9b27e7011565bf83f9ce81a892e2,4,3,0.004254563379151076,0.32284075972383636
P,271,42,3,25,mlp,1.0,0.9198399990797043,4.0,2a944ae1b79d66ce34abc2e63342aed2f89e9b27e7011565bf83f9ce81a892e2,4,3,0.004254563379151076,0.32284075972383636
P,271,42,3,25,categorical_subset,1.0,0.9198399990797043,4.0,2a944ae1b79d66ce34abc2e63342aed2f89e9b27e7011565bf83f9ce81a892e2,4,3,0.004254563379151076,0.32284075972383636
P,271,42,3,50,linear,1.0,0.9198399990797043,4.0,2a944ae1b79d66ce34abc2e63342aed2f89e9b27e7011565bf83f9ce81a892e2,4,3,0.004254563379151076,0.4309606682520273
P,271,42,3,50,mlp,1.0,0.9198399990797043,4.0,2a944ae1b79d66ce34abc2e63342aed2f89e9b27e7011565bf83f9ce81a892e2,4,3,0.004254563379151076,0.4309606682520273
P,271,42,3,50,categorical_subset,1.0,0.9198399990797043,4.0,2a944ae1b79d66ce34abc2e63342aed2f89e9b27e7011565bf83f9ce81a892e2,4,3,0.004254563379151076,0.4309606682520273
P,271,42,4,25,linear,1.0,0.9198399990797043,4.0,2a944ae1b79d66ce34abc2e63342aed2f89e9b27e7011565bf83f9ce81a892e2,4,3,0.00504848148565799,0.32284075972383636
P,271,42,4,25,mlp,1.0,0.9198399990797043,4.0,2a944ae1b79d66ce34abc2e63342aed2f89e9b27e7011565bf83f9ce81a892e2,4,3,0.00504848148565799,0.32284075972383636
P,271,42,4,25,categorical_subset,1.0,0.9198399990797043,4.0,2a944ae1b79d66ce34abc2e63342aed2f89e9b27e7011565bf83f9ce81a892e2,4,3,0.00504848148565799,0.32284075972383636
P,271,42,4,50,linear,1.0,0.9198399990797043,4.0,2a944ae1b79d66ce34abc2e63342aed2f89e9b27e7011565bf83f9ce81a892e2,4,3,0.00504848148565799,0.4309606682520273
P,271,42,4,50,mlp,1.0,0.9198399990797043,4.0,2a944ae1b79d66ce34abc2e63342aed2f89e9b27e7011565bf83f9ce81a892e2,4,3,0.00504848148565799,0.4309606682520273
P,271,42,4,50,categorical_subset,1.0,0.9198399990797043,4.0,2a944ae1b79d66ce34abc2e63342aed2f89e9b27e7011565bf83f9ce81a892e2,4,3,0.00504848148565799,0.4309606682520273
P,271,42,5,25,linear,1.0,0.9198399990797043,4.0,2a944ae1b79d66ce34abc2e63342aed2f89e9b27e7011565bf83f9ce81a892e2,4,3,0.005134477388883193,0.32284075972383636
P,271,42,5,25,mlp,1.0,0.9198399990797043,4.0,2a944ae1b79d66ce34abc2e63342aed2f89e9b27e7011565bf83f9ce81a892e2,4,3,0.005134477388883193,0.32284075972383636
P,271,42,5,25,categorical_subset,1.0,0.9198399990797043,4.0,2a944ae1b79d66ce34abc2e63342aed2f89e9b27e7011565bf83f9ce81a892e2,4,3,0.005134477388883193,0.32284075972383636
P,271,42,5,50,linear,1.0,0.9198399990797043,4.0,2a944ae1b79d66ce34abc2e63342aed2f89e9b27e7011565bf83f9ce81a892e2,4,3,0.005134477388883193,0.4309606682520273
P,271,42,5,50,mlp,1.0,0.9198399990797043,4.0,2a944ae1b79d66ce34abc2e63342aed2f89e9b27e7011565bf83f9ce81a892e2,4,3,0.005134477388883193,0.4309606682520273
P,271,42,5,50,categorical_subset,1.0,0.9198399990797043,4.0,2a944ae1b79d66ce34abc2e63342aed2f89e9b27e7011565bf83f9ce81a892e2,4,3,0.005134477388883193,0.4309606682520273
P,271,42,6,25,linear,1.0,0.9198399990797043,4.0,2a944ae1b79d66ce34abc2e63342aed2f89e9b27e7011565bf83f9ce81a892e2,4,4,0.002690815563745212,0.2
P,271,42,6,25,mlp,1.0,0.9198399990797043,4.0,2a944ae1b79d66ce34abc2e63342aed2f89e9b27e7011565bf83f9ce81a892e2,4,4,0.002690815563745212,0.2
P,271,42,6,25,categorical_subset,1.0,0.9198399990797043,4.0,2a944ae1b79d66ce34abc2e63342aed2f89e9b27e7011565bf83f9ce81a892e2,4,4,0.002690815563745212,0.2
P,271,42,6,50,linear,1.0,0.9198399990797043,4.0,2a944ae1b79d66ce34abc2e63342aed2f89e9b27e7011565bf83f9ce81a892e2,4,4,0.002690815563745212,0.2
P,271,42,6,50,mlp,1.0,0.9198399990797043,4.0,2a944ae1b79d66ce34abc2e63342aed2f89e9b27e7011565bf83f9ce81a892e2,4,4,0.002690815563745212,0.2
P,271,42,6,50,categorical_subset,1.0,0.9198399990797043,4.0,2a944ae1b79d66ce34abc2e63342aed2f89e9b27e7011565bf83f9ce81a892e2,4,4,0.002690815563745212,0.2
P,271,42,7,25,linear,1.0,0.9198399990797043,4.0,2a944ae1b79d66ce34abc2e63342aed2f89e9b27e7011565bf83f9ce81a892e2,4,4,0.0030998028059560662,0.2
P,271,42,7,25,mlp,1.0,0.9198399990797043,4.0,2a944ae1b79d66ce34abc2e63342aed2f89e9b27e7011565bf83f9ce81a892e2,4,4,0.0030998028059560662,0.2
P,271,42,7,25,categorical_subset,1.0,0.9198399990797043,4.0,2a944ae1b79d66ce34abc2e63342aed2f89e9b27e7011565bf83f9ce81a892e2,4,4,0.0030998028059560662,0.2
P,271,42,7,50,linear,1.0,0.9198399990797043,4.0,2a944ae1b79d66ce34abc2e63342aed2f89e9b27e7011565bf83f9ce81a892e2,4,4,0.0030998028059560662,0.2
P,271,42,7,50,mlp,1.0,0.9198399990797043,4.0,2a944ae1b79d66ce34abc2e63342aed2f89e9b27e7011565bf83f9ce81a892e2,4,4,0.0030998028059560662,0.2
P,271,42,7,50,categorical_subset,1.0,0.9198399990797043,4.0,2a944ae1b79d66ce34abc2e63342aed2f89e9b27e7011565bf83f9ce81a892e2,4,4,0.0030998028059560662,0.2
P,271,101,0,25,linear,1.0,0.9199200004339219,4.0,2a944ae1b79d66ce34abc2e63342aed2f89e9b27e7011565bf83f9ce81a892e2,2,2,0.00833887362037186,0.7324894089285108
P,271,101,0,25,mlp,1.0,0.9199200004339219,4.0,2a944ae1b79d66ce34abc2e63342aed2f89e9b27e7011565bf83f9ce81a892e2,2,2,0.00833887362037186,0.7324894089285108
P,271,101,0,25,categorical_subset,1.0,0.9199200004339219,4.0,2a944ae1b79d66ce34abc2e63342aed2f89e9b27e7011565bf83f9ce81a892e2,2,2,0.00833887362037186,0.7324894089285108
P,271,101,0,50,linear,1.0,0.9199200004339219,4.0,2a944ae1b79d66ce34abc2e63342aed2f89e9b27e7011565bf83f9ce81a892e2,2,2,0.00833887362037186,0.9151339579808615
P,271,101,0,50,mlp,1.0,0.9199200004339219,4.0,2a944ae1b79d66ce34abc2e63342aed2f89e9b27e7011565bf83f9ce81a892e2,2,2,0.00833887362037186,0.9151339579808615
P,271,101,0,50,categorical_subset,1.0,0.9199200004339219,4.0,2a944ae1b79d66ce34abc2e63342aed2f89e9b27e7011565bf83f9ce81a892e2,2,2,0.00833887362037186,0.9151339579808615
P,271,101,1,25,linear,1.0,0.9199200004339219,4.0,2a944ae1b79d66ce34abc2e63342aed2f89e9b27e7011565bf83f9ce81a892e2,2,2,0.01089200362359875,0.7324894089285108
P,271,101,1,25,mlp,1.0,0.9199200004339219,4.0,2a944ae1b79d66ce34abc2e63342aed2f89e9b27e7011565bf83f9ce81a892e2,2,2,0.01089200362359875,0.7324894089285108
P,271,101,1,25,categorical_subset,1.0,0.9199200004339219,4.0,2a944ae1b79d66ce34abc2e63342aed2f89e9b27e7011565bf83f9ce81a892e2,2,2,0.01089200362359875,0.7324894089285108
P,271,101,1,50,linear,1.0,0.9199200004339219,4.0,2a944ae1b79d66ce34abc2e63342aed2f89e9b27e7011565bf83f9ce81a892e2,2,2,0.01089200362359875,0.9151339579808615
P,271,101,1,50,mlp,1.0,0.9199200004339219,4.0,2a944ae1b79d66ce34abc2e63342aed2f89e9b27e7011565bf83f9ce81a892e2,2,2,0.01089200362359875,0.9151339579808615
P,271,101,1,50,categorical_subset,1.0,0.9199200004339219,4.0,2a944ae1b79d66ce34abc2e63342aed2f89e9b27e7011565bf83f9ce81a892e2,2,2,0.01089200362359875,0.9151339579808615
P,271,101,2,25,linear,1.0,0.9199200004339219,4.0,2a944ae1b79d66ce34abc2e63342aed2f89e9b27e7011565bf83f9ce81a892e2,3,3,0.007225088943125452,0.32284075972383636
P,271,101,2,25,mlp,1.0,0.9199200004339219,4.0,2a944ae1b79d66ce34abc2e63342aed2f89e9b27e7011565bf83f9ce81a892e2,3,3,0.007225088943125452,0.32284075972383636
P,271,101,2,25,categorical_subset,1.0,0.9199200004339219,4.0,2a944ae1b79d66ce34abc2e63342aed2f89e9b27e7011565bf83f9ce81a892e2,3,3,0.007225088943125452,0.32284075972383636
P,271,101,2,50,linear,1.0,0.9199200004339219,4.0,2a944ae1b79d66ce34abc2e63342aed2f89e9b27e7011565bf83f9ce81a892e2,3,3,0.007225088943125452,0.4309606682520273
P,271,101,2,50,mlp,1.0,0.9199200004339219,4.0,2a944ae1b79d66ce34abc2e63342aed2f89e9b27e7011565bf83f9ce81a892e2,3,3,0.007225088943125452,0.4309606682520273
P,271,101,2,50,categorical_subset,1.0,0.9199200004339219,4.0,2a944ae1b79d66ce34abc2e63342aed2f89e9b27e7011565bf83f9ce81a892e2,3,3,0.007225088943125452,0.4309606682520273
P,271,101,3,25,linear,1.0,0.9199200004339219,4.0,2a944ae1b79d66ce34abc2e63342aed2f89e9b27e7011565bf83f9ce81a892e2,4,3,0.0046319420641903145,0.32284075972383636
P,271,101,3,25,mlp,1.0,0.9199200004339219,4.0,2a944ae1b79d66ce34abc2e63342aed2f89e9b27e7011565bf83f9ce81a892e2,4,3,0.0046319420641903145,0.32284075972383636
P,271,101,3,25,categorical_subset,1.0,0.9199200004339219,4.0,2a944ae1b79d66ce34abc2e63342aed2f89e9b27e7011565bf83f9ce81a892e2,4,3,0.0046319420641903145,0.32284075972383636
P,271,101,3,50,linear,1.0,0.9199200004339219,4.0,2a944ae1b79d66ce34abc2e63342aed2f89e9b27e7011565bf83f9ce81a892e2,4,3,0.0046319420641903145,0.4309606682520273
P,271,101,3,50,mlp,1.0,0.9199200004339219,4.0,2a944ae1b79d66ce34abc2e63342aed2f89e9b27e7011565bf83f9ce81a892e2,4,3,0.0046319420641903145,0.4309606682520273
P,271,101,3,50,categorical_subset,1.0,0.9199200004339219,4.0,2a944ae1b79d66ce34abc2e63342aed2f89e9b27e7011565bf83f9ce81a892e2,4,3,0.0046319420641903145,0.4309606682520273
P,271,101,4,25,linear,1.0,0.9199200004339219,4.0,2a944ae1b79d66ce34abc2e63342aed2f89e9b27e7011565bf83f9ce81a892e2,4,3,0.0035874552756857475,0.32284075972383636
P,271,101,4,25,mlp,1.0,0.9199200004339219,4.0,2a944ae1b79d66ce34abc2e63342aed2f89e9b27e7011565bf83f9ce81a892e2,4,3,0.0035874552756857475,0.32284075972383636
P,271,101,4,25,categorical_subset,1.0,0.9199200004339219,4.0,2a944ae1b79d66ce34abc2e63342aed2f89e9b27e7011565bf83f9ce81a892e2,4,3,0.0035874552756857475,0.32284075972383636
P,271,101,4,50,linear,1.0,0.9199200004339219,4.0,2a944ae1b79d66ce34abc2e63342aed2f89e9b27e7011565bf83f9ce81a892e2,4,3,0.0035874552756857475,0.4309606682520273
P,271,101,4,50,mlp,1.0,0.9199200004339219,4.0,2a944ae1b79d66ce34abc2e63342aed2f89e9b27e7011565bf83f9ce81a892e2,4,3,0.0035874552756857475,0.4309606682520273
P,271,101,4,50,categorical_subset,1.0,0.9199200004339219,4.0,2a944ae1b79d66ce34abc2e63342aed2f89e9b27e7011565bf83f9ce81a892e2,4,3,0.0035874552756857475,0.4309606682520273
P,271,101,5,25,linear,1.0,0.9199200004339219,4.0,2a944ae1b79d66ce34abc2e63342aed2f89e9b27e7011565bf83f9ce81a892e2,4,3,0.007629824769403317,0.32284075972383636
P,271,101,5,25,mlp,1.0,0.9199200004339219,4.0,2a944ae1b79d66ce34abc2e63342aed2f89e9b27e7011565bf83f9ce81a892e2,4,3,0.007629824769403317,0.32284075972383636
P,271,101,5,25,categorical_subset,1.0,0.9199200004339219,4.0,2a944ae1b79d66ce34abc2e63342aed2f89e9b27e7011565bf83f9ce81a892e2,4,3,0.007629824769403317,0.32284075972383636
P,271,101,5,50,linear,1.0,0.9199200004339219,4.0,2a944ae1b79d66ce34abc2e63342aed2f89e9b27e7011565bf83f9ce81a892e2,4,3,0.007629824769403317,0.4309606682520273
P,271,101,5,50,mlp,1.0,0.9199200004339219,4.0,2a944ae1b79d66ce34abc2e63342aed2f89e9b27e7011565bf83f9ce81a892e2,4,3,0.007629824769403317,0.4309606682520273
P,271,101,5,50,categorical_subset,1.0,0.9199200004339219,4.0,2a944ae1b79d66ce34abc2e63342aed2f89e9b27e7011565bf83f9ce81a892e2,4,3,0.007629824769403317,0.4309606682520273
P,271,101,6,25,linear,1.0,0.9199200004339219,4.0,2a944ae1b79d66ce34abc2e63342aed2f89e9b27e7011565bf83f9ce81a892e2,4,4,0.002021286464103818,0.2
P,271,101,6,25,mlp,1.0,0.9199200004339219,4.0,2a944ae1b79d66ce34abc2e63342aed2f89e9b27e7011565bf83f9ce81a892e2,4,4,0.002021286464103818,0.2
P,271,101,6,25,categorical_subset,1.0,0.9199200004339219,4.0,2a944ae1b79d66ce34abc2e63342aed2f89e9b27e7011565bf83f9ce81a892e2,4,4,0.002021286464103818,0.2
P,271,101,6,50,linear,1.0,0.9199200004339219,4.0,2a944ae1b79d66ce34abc2e63342aed2f89e9b27e7011565bf83f9ce81a892e2,4,4,0.002021286464103818,0.2
P,271,101,6,50,mlp,1.0,0.9199200004339219,4.0,2a944ae1b79d66ce34abc2e63342aed2f89e9b27e7011565bf83f9ce81a892e2,4,4,0.002021286464103818,0.2
P,271,101,6,50,categorical_subset,1.0,0.9199200004339219,4.0,2a944ae1b79d66ce34abc2e63342aed2f89e9b27e7011565bf83f9ce81a892e2,4,4,0.002021286464103818,0.2
P,271,101,7,25,linear,1.0,0.9199200004339219,4.0,2a944ae1b79d66ce34abc2e63342aed2f89e9b27e7011565bf83f9ce81a892e2,4,4,0.0025705454773782394,0.2
P,271,101,7,25,mlp,1.0,0.9199200004339219,4.0,2a944ae1b79d66ce34abc2e63342aed2f89e9b27e7011565bf83f9ce81a892e2,4,4,0.0025705454773782394,0.2
P,271,101,7,25,categorical_subset,1.0,0.9199200004339219,4.0,2a944ae1b79d66ce34abc2e63342aed2f89e9b27e7011565bf83f9ce81a892e2,4,4,0.0025705454773782394,0.2
P,271,101,7,50,linear,1.0,0.9199200004339219,4.0,2a944ae1b79d66ce34abc2e63342aed2f89e9b27e7011565bf83f9ce81a892e2,4,4,0.0025705454773782394,0.2
P,271,101,7,50,mlp,1.0,0.9199200004339219,4.0,2a944ae1b79d66ce34abc2e63342aed2f89e9b27e7011565bf83f9ce81a892e2,4,4,0.0025705454773782394,0.2
P,271,101,7,50,categorical_subset,1.0,0.9199200004339219,4.0,2a944ae1b79d66ce34abc2e63342aed2f89e9b27e7011565bf83f9ce81a892e2,4,4,0.0025705454773782394,0.2
P,314,17,0,25,linear,1.0,0.9199599996209145,4.0,2a944ae1b79d66ce34abc2e63342aed2f89e9b27e7011565bf83f9ce81a892e2,3,2,0.004300135767777303,0.7324894089285108
P,314,17,0,25,mlp,1.0,0.9199599996209145,4.0,2a944ae1b79d66ce34abc2e63342aed2f89e9b27e7011565bf83f9ce81a892e2,3,2,0.004300135767777303,0.7324894089285108
P,314,17,0,25,categorical_subset,1.0,0.9199599996209145,4.0,2a944ae1b79d66ce34abc2e63342aed2f89e9b27e7011565bf83f9ce81a892e2,3,2,0.004300135767777303,0.7324894089285108
P,314,17,0,50,linear,1.0,0.9199599996209145,4.0,2a944ae1b79d66ce34abc2e63342aed2f89e9b27e7011565bf83f9ce81a892e2,3,2,0.004300135767777303,0.9151339579808615
P,314,17,0,50,mlp,1.0,0.9199599996209145,4.0,2a944ae1b79d66ce34abc2e63342aed2f89e9b27e7011565bf83f9ce81a892e2,3,2,0.004300135767777303,0.9151339579808615
P,314,17,0,50,categorical_subset,1.0,0.9199599996209145,4.0,2a944ae1b79d66ce34abc2e63342aed2f89e9b27e7011565bf83f9ce81a892e2,3,2,0.004300135767777303,0.9151339579808615
P,314,17,1,25,linear,1.0,0.9199599996209145,4.0,2a944ae1b79d66ce34abc2e63342aed2f89e9b27e7011565bf83f9ce81a892e2,3,2,0.004751708894965101,0.7324894089285108
P,314,17,1,25,mlp,1.0,0.9199599996209145,4.0,2a944ae1b79d66ce34abc2e63342aed2f89e9b27e7011565bf83f9ce81a892e2,3,2,0.004751708894965101,0.7324894089285108
P,314,17,1,25,categorical_subset,1.0,0.9199599996209145,4.0,2a944ae1b79d66ce34abc2e63342aed2f89e9b27e7011565bf83f9ce81a892e2,3,2,0.004751708894965101,0.7324894089285108
P,314,17,1,50,linear,1.0,0.9199599996209145,4.0,2a944ae1b79d66ce34abc2e63342aed2f89e9b27e7011565bf83f9ce81a892e2,3,2,0.004751708894965101,0.9151339579808615
P,314,17,1,50,mlp,1.0,0.9199599996209145,4.0,2a944ae1b79d66ce34abc2e63342aed2f89e9b27e7011565bf83f9ce81a892e2,3,2,0.004751708894965101,0.9151339579808615
P,314,17,1,50,categorical_subset,1.0,0.9199599996209145,4.0,2a944ae1b79d66ce34abc2e63342aed2f89e9b27e7011565bf83f9ce81a892e2,3,2,0.004751708894965101,0.9151339579808615
P,314,17,2,25,linear,1.0,0.9199599996209145,4.0,2a944ae1b79d66ce34abc2e63342aed2f89e9b27e7011565bf83f9ce81a892e2,4,3,0.004780658376851541,0.32284075972383636
P,314,17,2,25,mlp,1.0,0.9199599996209145,4.0,2a944ae1b79d66ce34abc2e63342aed2f89e9b27e7011565bf83f9ce81a892e2,4,3,0.004780658376851541,0.32284075972383636
P,314,17,2,25,categorical_subset,1.0,0.9199599996209145,4.0,2a944ae1b79d66ce34abc2e63342aed2f89e9b27e7011565bf83f9ce81a892e2,4,3,0.004780658376851541,0.32284075972383636
P,314,17,2,50,linear,1.0,0.9199599996209145,4.0,2a944ae1b79d66ce34abc2e63342aed2f89e9b27e7011565bf83f9ce81a892e2,4,3,0.004780658376851541,0.4309606682520273
P,314,17,2,50,mlp,1.0,0.9199599996209145,4.0,2a944ae1b79d66ce34abc2e63342aed2f89e9b27e7011565bf83f9ce81a892e2,4,3,0.004780658376851541,0.4309606682520273
P,314,17,2,50,categorical_subset,1.0,0.9199599996209145,4.0,2a944ae1b79d66ce34abc2e63342aed2f89e9b27e7011565bf83f9ce81a892e2,4,3,0.004780658376851541,0.4309606682520273
P,314,17,3,25,linear,1.0,0.9199599996209145,4.0,2a944ae1b79d66ce34abc2e63342aed2f89e9b27e7011565bf83f9ce81a892e2,1,3,0.016064883441919094,0.32284075972383636
P,314,17,3,25,mlp,1.0,0.9199599996209145,4.0,2a944ae1b79d66ce34abc2e63342aed2f89e9b27e7011565bf83f9ce81a892e2,1,3,0.016064883441919094,0.32284075972383636
P,314,17,3,25,categorical_subset,1.0,0.9199599996209145,4.0,2a944ae1b79d66ce34abc2e63342aed2f89e9b27e7011565bf83f9ce81a892e2,1,3,0.016064883441919094,0.32284075972383636
P,314,17,3,50,linear,1.0,0.9199599996209145,4.0,2a944ae1b79d66ce34abc2e63342aed2f89e9b27e7011565bf83f9ce81a892e2,1,3,0.016064883441919094,0.4309606682520273
P,314,17,3,50,mlp,1.0,0.9199599996209145,4.0,2a944ae1b79d66ce34abc2e63342aed2f89e9b27e7011565bf83f9ce81a892e2,1,3,0.016064883441919094,0.4309606682520273
P,314,17,3,50,categorical_subset,1.0,0.9199599996209145,4.0,2a944ae1b79d66ce34abc2e63342aed2f89e9b27e7011565bf83f9ce81a892e2,1,3,0.016064883441919094,0.4309606682520273
P,314,17,4,25,linear,1.0,0.9199599996209145,4.0,2a944ae1b79d66ce34abc2e63342aed2f89e9b27e7011565bf83f9ce81a892e2,4,3,0.003774256557836425,0.32284075972383636
P,314,17,4,25,mlp,1.0,0.9199599996209145,4.0,2a944ae1b79d66ce34abc2e63342aed2f89e9b27e7011565bf83f9ce81a892e2,4,3,0.003774256557836425,0.32284075972383636
P,314,17,4,25,categorical_subset,1.0,0.9199599996209145,4.0,2a944ae1b79d66ce34abc2e63342aed2f89e9b27e7011565bf83f9ce81a892e2,4,3,0.003774256557836425,0.32284075972383636
P,314,17,4,50,linear,1.0,0.9199599996209145,4.0,2a944ae1b79d66ce34abc2e63342aed2f89e9b27e7011565bf83f9ce81a892e2,4,3,0.003774256557836425,0.4309606682520273
P,314,17,4,50,mlp,1.0,0.9199599996209145,4.0,2a944ae1b79d66ce34abc2e63342aed2f89e9b27e7011565bf83f9ce81a892e2,4,3,0.003774256557836425,0.4309606682520273
P,314,17,4,50,categorical_subset,1.0,0.9199599996209145,4.0,2a944ae1b79d66ce34abc2e63342aed2f89e9b27e7011565bf83f9ce81a892e2,4,3,0.003774256557836425,0.4309606682520273
P,314,17,5,25,linear,1.0,0.9199599996209145,4.0,2a944ae1b79d66ce34abc2e63342aed2f89e9b27e7011565bf83f9ce81a892e2,3,3,0.0075697608434056865,0.32284075972383636
P,314,17,5,25,mlp,1.0,0.9199599996209145,4.0,2a944ae1b79d66ce34abc2e63342aed2f89e9b27e7011565bf83f9ce81a892e2,3,3,0.0075697608434056865,0.32284075972383636
P,314,17,5,25,categorical_subset,1.0,0.9199599996209145,4.0,2a944ae1b79d66ce34abc2e63342aed2f89e9b27e7011565bf83f9ce81a892e2,3,3,0.0075697608434056865,0.32284075972383636
P,314,17,5,50,linear,1.0,0.9199599996209145,4.0,2a944ae1b79d66ce34abc2e63342aed2f89e9b27e7011565bf83f9ce81a892e2,3,3,0.0075697608434056865,0.4309606682520273
P,314,17,5,50,mlp,1.0,0.9199599996209145,4.0,2a944ae1b79d66ce34abc2e63342aed2f89e9b27e7011565bf83f9ce81a892e2,3,3,0.0075697608434056865,0.4309606682520273
P,314,17,5,50,categorical_subset,1.0,0.9199599996209145,4.0,2a944ae1b79d66ce34abc2e63342aed2f89e9b27e7011565bf83f9ce81a892e2,3,3,0.0075697608434056865,0.4309606682520273
P,314,17,6,25,linear,1.0,0.9199599996209145,4.0,2a944ae1b79d66ce34abc2e63342aed2f89e9b27e7011565bf83f9ce81a892e2,2,4,0.006081877252796262,0.2
P,314,17,6,25,mlp,1.0,0.9199599996209145,4.0,2a944ae1b79d66ce34abc2e63342aed2f89e9b27e7011565bf83f9ce81a892e2,2,4,0.006081877252796262,0.2
P,314,17,6,25,categorical_subset,1.0,0.9199599996209145,4.0,2a944ae1b79d66ce34abc2e63342aed2f89e9b27e7011565bf83f9ce81a892e2,2,4,0.006081877252796262,0.2
P,314,17,6,50,linear,1.0,0.9199599996209145,4.0,2a944ae1b79d66ce34abc2e63342aed2f89e9b27e7011565bf83f9ce81a892e2,2,4,0.006081877252796262,0.2
P,314,17,6,50,mlp,1.0,0.9199599996209145,4.0,2a944ae1b79d66ce34abc2e63342aed2f89e9b27e7011565bf83f9ce81a892e2,2,4,0.006081877252796262,0.2
P,314,17,6,50,categorical_subset,1.0,0.9199599996209145,4.0,2a944ae1b79d66ce34abc2e63342aed2f89e9b27e7011565bf83f9ce81a892e2,2,4,0.006081877252796262,0.2
P,314,17,7,25,linear,1.0,0.9199599996209145,4.0,2a944ae1b79d66ce34abc2e63342aed2f89e9b27e7011565bf83f9ce81a892e2,3,4,0.006869765219316806,0.2
P,314,17,7,25,mlp,1.0,0.9199599996209145,4.0,2a944ae1b79d66ce34abc2e63342aed2f89e9b27e7011565bf83f9ce81a892e2,3,4,0.006869765219316806,0.2
P,314,17,7,25,categorical_subset,1.0,0.9199599996209145,4.0,2a944ae1b79d66ce34abc2e63342aed2f89e9b27e7011565bf83f9ce81a892e2,3,4,0.006869765219316806,0.2
P,314,17,7,50,linear,1.0,0.9199599996209145,4.0,2a944ae1b79d66ce34abc2e63342aed2f89e9b27e7011565bf83f9ce81a892e2,3,4,0.006869765219316806,0.2
P,314,17,7,50,mlp,1.0,0.9199599996209145,4.0,2a944ae1b79d66ce34abc2e63342aed2f89e9b27e7011565bf83f9ce81a892e2,3,4,0.006869765219316806,0.2
P,314,17,7,50,categorical_subset,1.0,0.9199599996209145,4.0,2a944ae1b79d66ce34abc2e63342aed2f89e9b27e7011565bf83f9ce81a892e2,3,4,0.006869765219316806,0.2
P,314,42,0,25,linear,1.0,0.9200399994850159,4.0,2a944ae1b79d66ce34abc2e63342aed2f89e9b27e7011565bf83f9ce81a892e2,3,2,0.003179707850565899,0.7324894089285108
P,314,42,0,25,mlp,1.0,0.9200399994850159,4.0,2a944ae1b79d66ce34abc2e63342aed2f89e9b27e7011565bf83f9ce81a892e2,3,2,0.003179707850565899,0.7324894089285108
P,314,42,0,25,categorical_subset,1.0,0.9200399994850159,4.0,2a944ae1b79d66ce34abc2e63342aed2f89e9b27e7011565bf83f9ce81a892e2,3,2,0.003179707850565899,0.7324894089285108
P,314,42,0,50,linear,1.0,0.9200399994850159,4.0,2a944ae1b79d66ce34abc2e63342aed2f89e9b27e7011565bf83f9ce81a892e2,3,2,0.003179707850565899,0.9151339579808615
P,314,42,0,50,mlp,1.0,0.9200399994850159,4.0,2a944ae1b79d66ce34abc2e63342aed2f89e9b27e7011565bf83f9ce81a892e2,3,2,0.003179707850565899,0.9151339579808615
P,314,42,0,50,categorical_subset,1.0,0.9200399994850159,4.0,2a944ae1b79d66ce34abc2e63342aed2f89e9b27e7011565bf83f9ce81a892e2,3,2,0.003179707850565899,0.9151339579808615
P,314,42,1,25,linear,1.0,0.9200399994850159,4.0,2a944ae1b79d66ce34abc2e63342aed2f89e9b27e7011565bf83f9ce81a892e2,3,2,0.005913571828769358,0.7324894089285108
P,314,42,1,25,mlp,1.0,0.9200399994850159,4.0,2a944ae1b79d66ce34abc2e63342aed2f89e9b27e7011565bf83f9ce81a892e2,3,2,0.005913571828769358,0.7324894089285108
P,314,42,1,25,categorical_subset,1.0,0.9200399994850159,4.0,2a944ae1b79d66ce34abc2e63342aed2f89e9b27e7011565bf83f9ce81a892e2,3,2,0.005913571828769358,0.7324894089285108
P,314,42,1,50,linear,1.0,0.9200399994850159,4.0,2a944ae1b79d66ce34abc2e63342aed2f89e9b27e7011565bf83f9ce81a892e2,3,2,0.005913571828769358,0.9151339579808615
P,314,42,1,50,mlp,1.0,0.9200399994850159,4.0,2a944ae1b79d66ce34abc2e63342aed2f89e9b27e7011565bf83f9ce81a892e2,3,2,0.005913571828769358,0.9151339579808615
P,314,42,1,50,categorical_subset,1.0,0.9200399994850159,4.0,2a944ae1b79d66ce34abc2e63342aed2f89e9b27e7011565bf83f9ce81a892e2,3,2,0.005913571828769358,0.9151339579808615
P,314,42,2,25,linear,1.0,0.9200399994850159,4.0,2a944ae1b79d66ce34abc2e63342aed2f89e9b27e7011565bf83f9ce81a892e2,4,3,0.0026494837153670124,0.32284075972383636
P,314,42,2,25,mlp,1.0,0.9200399994850159,4.0,2a944ae1b79d66ce34abc2e63342aed2f89e9b27e7011565bf83f9ce81a892e2,4,3,0.0026494837153670124,0.32284075972383636
P,314,42,2,25,categorical_subset,1.0,0.9200399994850159,4.0,2a944ae1b79d66ce34abc2e63342aed2f89e9b27e7011565bf83f9ce81a892e2,4,3,0.0026494837153670124,0.32284075972383636
P,314,42,2,50,linear,1.0,0.9200399994850159,4.0,2a944ae1b79d66ce34abc2e63342aed2f89e9b27e7011565bf83f9ce81a892e2,4,3,0.0026494837153670124,0.4309606682520273
P,314,42,2,50,mlp,1.0,0.9200399994850159,4.0,2a944ae1b79d66ce34abc2e63342aed2f89e9b27e7011565bf83f9ce81a892e2,4,3,0.0026494837153670124,0.4309606682520273
P,314,42,2,50,categorical_subset,1.0,0.9200399994850159,4.0,2a944ae1b79d66ce34abc2e63342aed2f89e9b27e7011565bf83f9ce81a892e2,4,3,0.0026494837153670124,0.4309606682520273
P,314,42,3,25,linear,1.0,0.9200399994850159,4.0,2a944ae1b79d66ce34abc2e63342aed2f89e9b27e7011565bf83f9ce81a892e2,1,3,0.014360445655845905,0.32284075972383636
P,314,42,3,25,mlp,1.0,0.9200399994850159,4.0,2a944ae1b79d66ce34abc2e63342aed2f89e9b27e7011565bf83f9ce81a892e2,1,3,0.014360445655845905,0.32284075972383636
P,314,42,3,25,categorical_subset,1.0,0.9200399994850159,4.0,2a944ae1b79d66ce34abc2e63342aed2f89e9b27e7011565bf83f9ce81a892e2,1,3,0.014360445655845905,0.32284075972383636
P,314,42,3,50,linear,1.0,0.9200399994850159,4.0,2a944ae1b79d66ce34abc2e63342aed2f89e9b27e7011565bf83f9ce81a892e2,1,3,0.014360445655845905,0.4309606682520273
P,314,42,3,50,mlp,1.0,0.9200399994850159,4.0,2a944ae1b79d66ce34abc2e63342aed2f89e9b27e7011565bf83f9ce81a892e2,1,3,0.014360445655845905,0.4309606682520273
P,314,42,3,50,categorical_subset,1.0,0.9200399994850159,4.0,2a944ae1b79d66ce34abc2e63342aed2f89e9b27e7011565bf83f9ce81a892e2,1,3,0.014360445655845905,0.4309606682520273
P,314,42,4,25,linear,1.0,0.9200399994850159,4.0,2a944ae1b79d66ce34abc2e63342aed2f89e9b27e7011565bf83f9ce81a892e2,4,3,0.0024943077423179947,0.32284075972383636
P,314,42,4,25,mlp,1.0,0.9200399994850159,4.0,2a944ae1b79d66ce34abc2e63342aed2f89e9b27e7011565bf83f9ce81a892e2,4,3,0.0024943077423179947,0.32284075972383636
P,314,42,4,25,categorical_subset,1.0,0.9200399994850159,4.0,2a944ae1b79d66ce34abc2e63342aed2f89e9b27e7011565bf83f9ce81a892e2,4,3,0.0024943077423179947,0.32284075972383636
P,314,42,4,50,linear,1.0,0.9200399994850159,4.0,2a944ae1b79d66ce34abc2e63342aed2f89e9b27e7011565bf83f9ce81a892e2,4,3,0.0024943077423179947,0.4309606682520273
P,314,42,4,50,mlp,1.0,0.9200399994850159,4.0,2a944ae1b79d66ce34abc2e63342aed2f89e9b27e7011565bf83f9ce81a892e2,4,3,0.0024943077423179947,0.4309606682520273
P,314,42,4,50,categorical_subset,1.0,0.9200399994850159,4.0,2a944ae1b79d66ce34abc2e63342aed2f89e9b27e7011565bf83f9ce81a892e2,4,3,0.0024943077423179947,0.4309606682520273
P,314,42,5,25,linear,1.0,0.9200399994850159,4.0,2a944ae1b79d66ce34abc2e63342aed2f89e9b27e7011565bf83f9ce81a892e2,3,3,0.004262202767029895,0.32284075972383636
P,314,42,5,25,mlp,1.0,0.9200399994850159,4.0,2a944ae1b79d66ce34abc2e63342aed2f89e9b27e7011565bf83f9ce81a892e2,3,3,0.004262202767029895,0.32284075972383636
P,314,42,5,25,categorical_subset,1.0,0.9200399994850159,4.0,2a944ae1b79d66ce34abc2e63342aed2f89e9b27e7011565bf83f9ce81a892e2,3,3,0.004262202767029895,0.32284075972383636
P,314,42,5,50,linear,1.0,0.9200399994850159,4.0,2a944ae1b79d66ce34abc2e63342aed2f89e9b27e7011565bf83f9ce81a892e2,3,3,0.004262202767029895,0.4309606682520273
P,314,42,5,50,mlp,1.0,0.9200399994850159,4.0,2a944ae1b79d66ce34abc2e63342aed2f89e9b27e7011565bf83f9ce81a892e2,3,3,0.004262202767029895,0.4309606682520273
P,314,42,5,50,categorical_subset,1.0,0.9200399994850159,4.0,2a944ae1b79d66ce34abc2e63342aed2f89e9b27e7011565bf83f9ce81a892e2,3,3,0.004262202767029895,0.4309606682520273
P,314,42,6,25,linear,1.0,0.9200399994850159,4.0,2a944ae1b79d66ce34abc2e63342aed2f89e9b27e7011565bf83f9ce81a892e2,2,4,0.004575041692254182,0.2
P,314,42,6,25,mlp,1.0,0.9200399994850159,4.0,2a944ae1b79d66ce34abc2e63342aed2f89e9b27e7011565bf83f9ce81a892e2,2,4,0.004575041692254182,0.2
P,314,42,6,25,categorical_subset,1.0,0.9200399994850159,4.0,2a944ae1b79d66ce34abc2e63342aed2f89e9b27e7011565bf83f9ce81a892e2,2,4,0.004575041692254182,0.2
P,314,42,6,50,linear,1.0,0.9200399994850159,4.0,2a944ae1b79d66ce34abc2e63342aed2f89e9b27e7011565bf83f9ce81a892e2,2,4,0.004575041692254182,0.2
P,314,42,6,50,mlp,1.0,0.9200399994850159,4.0,2a944ae1b79d66ce34abc2e63342aed2f89e9b27e7011565bf83f9ce81a892e2,2,4,0.004575041692254182,0.2
P,314,42,6,50,categorical_subset,1.0,0.9200399994850159,4.0,2a944ae1b79d66ce34abc2e63342aed2f89e9b27e7011565bf83f9ce81a892e2,2,4,0.004575041692254182,0.2
P,314,42,7,25,linear,1.0,0.9200399994850159,4.0,2a944ae1b79d66ce34abc2e63342aed2f89e9b27e7011565bf83f9ce81a892e2,3,4,0.003863523874076423,0.2
P,314,42,7,25,mlp,1.0,0.9200399994850159,4.0,2a944ae1b79d66ce34abc2e63342aed2f89e9b27e7011565bf83f9ce81a892e2,3,4,0.003863523874076423,0.2
P,314,42,7,25,categorical_subset,1.0,0.9200399994850159,4.0,2a944ae1b79d66ce34abc2e63342aed2f89e9b27e7011565bf83f9ce81a892e2,3,4,0.003863523874076423,0.2
P,314,42,7,50,linear,1.0,0.9200399994850159,4.0,2a944ae1b79d66ce34abc2e63342aed2f89e9b27e7011565bf83f9ce81a892e2,3,4,0.003863523874076423,0.2
P,314,42,7,50,mlp,1.0,0.9200399994850159,4.0,2a944ae1b79d66ce34abc2e63342aed2f89e9b27e7011565bf83f9ce81a892e2,3,4,0.003863523874076423,0.2
P,314,42,7,50,categorical_subset,1.0,0.9200399994850159,4.0,2a944ae1b79d66ce34abc2e63342aed2f89e9b27e7011565bf83f9ce81a892e2,3,4,0.003863523874076423,0.2
P,314,101,0,25,linear,1.0,0.9195600003004074,4.0,2a944ae1b79d66ce34abc2e63342aed2f89e9b27e7011565bf83f9ce81a892e2,3,2,0.003307795184002193,0.7324894089285108
P,314,101,0,25,mlp,1.0,0.9195600003004074,4.0,2a944ae1b79d66ce34abc2e63342aed2f89e9b27e7011565bf83f9ce81a892e2,3,2,0.003307795184002193,0.7324894089285108
P,314,101,0,25,categorical_subset,1.0,0.9195600003004074,4.0,2a944ae1b79d66ce34abc2e63342aed2f89e9b27e7011565bf83f9ce81a892e2,3,2,0.003307795184002193,0.7324894089285108
P,314,101,0,50,linear,1.0,0.9195600003004074,4.0,2a944ae1b79d66ce34abc2e63342aed2f89e9b27e7011565bf83f9ce81a892e2,3,2,0.003307795184002193,0.9151339579808615
P,314,101,0,50,mlp,1.0,0.9195600003004074,4.0,2a944ae1b79d66ce34abc2e63342aed2f89e9b27e7011565bf83f9ce81a892e2,3,2,0.003307795184002193,0.9151339579808615
P,314,101,0,50,categorical_subset,1.0,0.9195600003004074,4.0,2a944ae1b79d66ce34abc2e63342aed2f89e9b27e7011565bf83f9ce81a892e2,3,2,0.003307795184002193,0.9151339579808615
P,314,101,1,25,linear,1.0,0.9195600003004074,4.0,2a944ae1b79d66ce34abc2e63342aed2f89e9b27e7011565bf83f9ce81a892e2,3,2,0.003696609181831844,0.7324894089285108
P,314,101,1,25,mlp,1.0,0.9195600003004074,4.0,2a944ae1b79d66ce34abc2e63342aed2f89e9b27e7011565bf83f9ce81a892e2,3,2,0.003696609181831844,0.7324894089285108
P,314,101,1,25,categorical_subset,1.0,0.9195600003004074,4.0,2a944ae1b79d66ce34abc2e63342aed2f89e9b27e7011565bf83f9ce81a892e2,3,2,0.003696609181831844,0.7324894089285108
P,314,101,1,50,linear,1.0,0.9195600003004074,4.0,2a944ae1b79d66ce34abc2e63342aed2f89e9b27e7011565bf83f9ce81a892e2,3,2,0.003696609181831844,0.9151339579808615
P,314,101,1,50,mlp,1.0,0.9195600003004074,4.0,2a944ae1b79d66ce34abc2e63342aed2f89e9b27e7011565bf83f9ce81a892e2,3,2,0.003696609181831844,0.9151339579808615
P,314,101,1,50,categorical_subset,1.0,0.9195600003004074,4.0,2a944ae1b79d66ce34abc2e63342aed2f89e9b27e7011565bf83f9ce81a892e2,3,2,0.003696609181831844,0.9151339579808615
P,314,101,2,25,linear,1.0,0.9195600003004074,4.0,2a944ae1b79d66ce34abc2e63342aed2f89e9b27e7011565bf83f9ce81a892e2,4,3,0.0031264108171558266,0.32284075972383636
P,314,101,2,25,mlp,1.0,0.9195600003004074,4.0,2a944ae1b79d66ce34abc2e63342aed2f89e9b27e7011565bf83f9ce81a892e2,4,3,0.0031264108171558266,0.32284075972383636
P,314,101,2,25,categorical_subset,1.0,0.9195600003004074,4.0,2a944ae1b79d66ce34abc2e63342aed2f89e9b27e7011565bf83f9ce81a892e2,4,3,0.0031264108171558266,0.32284075972383636
P,314,101,2,50,linear,1.0,0.9195600003004074,4.0,2a944ae1b79d66ce34abc2e63342aed2f89e9b27e7011565bf83f9ce81a892e2,4,3,0.0031264108171558266,0.4309606682520273
P,314,101,2,50,mlp,1.0,0.9195600003004074,4.0,2a944ae1b79d66ce34abc2e63342aed2f89e9b27e7011565bf83f9ce81a892e2,4,3,0.0031264108171558266,0.4309606682520273
P,314,101,2,50,categorical_subset,1.0,0.9195600003004074,4.0,2a944ae1b79d66ce34abc2e63342aed2f89e9b27e7011565bf83f9ce81a892e2,4,3,0.0031264108171558266,0.4309606682520273
P,314,101,3,25,linear,1.0,0.9195600003004074,4.0,2a944ae1b79d66ce34abc2e63342aed2f89e9b27e7011565bf83f9ce81a892e2,1,3,0.01188110223227228,0.32284075972383636
P,314,101,3,25,mlp,1.0,0.9195600003004074,4.0,2a944ae1b79d66ce34abc2e63342aed2f89e9b27e7011565bf83f9ce81a892e2,1,3,0.01188110223227228,0.32284075972383636
P,314,101,3,25,categorical_subset,1.0,0.9195600003004074,4.0,2a944ae1b79d66ce34abc2e63342aed2f89e9b27e7011565bf83f9ce81a892e2,1,3,0.01188110223227228,0.32284075972383636
P,314,101,3,50,linear,1.0,0.9195600003004074,4.0,2a944ae1b79d66ce34abc2e63342aed2f89e9b27e7011565bf83f9ce81a892e2,1,3,0.01188110223227228,0.4309606682520273
P,314,101,3,50,mlp,1.0,0.9195600003004074,4.0,2a944ae1b79d66ce34abc2e63342aed2f89e9b27e7011565bf83f9ce81a892e2,1,3,0.01188110223227228,0.4309606682520273
P,314,101,3,50,categorical_subset,1.0,0.9195600003004074,4.0,2a944ae1b79d66ce34abc2e63342aed2f89e9b27e7011565bf83f9ce81a892e2,1,3,0.01188110223227228,0.4309606682520273
P,314,101,4,25,linear,1.0,0.9195600003004074,4.0,2a944ae1b79d66ce34abc2e63342aed2f89e9b27e7011565bf83f9ce81a892e2,4,3,0.003759502818979828,0.32284075972383636
P,314,101,4,25,mlp,1.0,0.9195600003004074,4.0,2a944ae1b79d66ce34abc2e63342aed2f89e9b27e7011565bf83f9ce81a892e2,4,3,0.003759502818979828,0.32284075972383636
P,314,101,4,25,categorical_subset,1.0,0.9195600003004074,4.0,2a944ae1b79d66ce34abc2e63342aed2f89e9b27e7011565bf83f9ce81a892e2,4,3,0.003759502818979828,0.32284075972383636
P,314,101,4,50,linear,1.0,0.9195600003004074,4.0,2a944ae1b79d66ce34abc2e63342aed2f89e9b27e7011565bf83f9ce81a892e2,4,3,0.003759502818979828,0.4309606682520273
P,314,101,4,50,mlp,1.0,0.9195600003004074,4.0,2a944ae1b79d66ce34abc2e63342aed2f89e9b27e7011565bf83f9ce81a892e2,4,3,0.003759502818979828,0.4309606682520273
P,314,101,4,50,categorical_subset,1.0,0.9195600003004074,4.0,2a944ae1b79d66ce34abc2e63342aed2f89e9b27e7011565bf83f9ce81a892e2,4,3,0.003759502818979828,0.4309606682520273
P,314,101,5,25,linear,1.0,0.9195600003004074,4.0,2a944ae1b79d66ce34abc2e63342aed2f89e9b27e7011565bf83f9ce81a892e2,3,3,0.0062672068101755065,0.32284075972383636
P,314,101,5,25,mlp,1.0,0.9195600003004074,4.0,2a944ae1b79d66ce34abc2e63342aed2f89e9b27e7011565bf83f9ce81a892e2,3,3,0.0062672068101755065,0.32284075972383636
P,314,101,5,25,categorical_subset,1.0,0.9195600003004074,4.0,2a944ae1b79d66ce34abc2e63342aed2f89e9b27e7011565bf83f9ce81a892e2,3,3,0.0062672068101755065,0.32284075972383636
P,314,101,5,50,linear,1.0,0.9195600003004074,4.0,2a944ae1b79d66ce34abc2e63342aed2f89e9b27e7011565bf83f9ce81a892e2,3,3,0.0062672068101755065,0.4309606682520273
P,314,101,5,50,mlp,1.0,0.9195600003004074,4.0,2a944ae1b79d66ce34abc2e63342aed2f89e9b27e7011565bf83f9ce81a892e2,3,3,0.0062672068101755065,0.4309606682520273
P,314,101,5,50,categorical_subset,1.0,0.9195600003004074,4.0,2a944ae1b79d66ce34abc2e63342aed2f89e9b27e7011565bf83f9ce81a892e2,3,3,0.0062672068101755065,0.4309606682520273
P,314,101,6,25,linear,1.0,0.9195600003004074,4.0,2a944ae1b79d66ce34abc2e63342aed2f89e9b27e7011565bf83f9ce81a892e2,2,4,0.0040983231932614364,0.2
P,314,101,6,25,mlp,1.0,0.9195600003004074,4.0,2a944ae1b79d66ce34abc2e63342aed2f89e9b27e7011565bf83f9ce81a892e2,2,4,0.0040983231932614364,0.2
P,314,101,6,25,categorical_subset,1.0,0.9195600003004074,4.0,2a944ae1b79d66ce34abc2e63342aed2f89e9b27e7011565bf83f9ce81a892e2,2,4,0.0040983231932614364,0.2
P,314,101,6,50,linear,1.0,0.9195600003004074,4.0,2a944ae1b79d66ce34abc2e63342aed2f89e9b27e7011565bf83f9ce81a892e2,2,4,0.0040983231932614364,0.2
P,314,101,6,50,mlp,1.0,0.9195600003004074,4.0,2a944ae1b79d66ce34abc2e63342aed2f89e9b27e7011565bf83f9ce81a892e2,2,4,0.0040983231932614364,0.2
P,314,101,6,50,categorical_subset,1.0,0.9195600003004074,4.0,2a944ae1b79d66ce34abc2e63342aed2f89e9b27e7011565bf83f9ce81a892e2,2,4,0.0040983231932614364,0.2
P,314,101,7,25,linear,1.0,0.9195600003004074,4.0,2a944ae1b79d66ce34abc2e63342aed2f89e9b27e7011565bf83f9ce81a892e2,3,4,0.0031475600538032797,0.2
P,314,101,7,25,mlp,1.0,0.9195600003004074,4.0,2a944ae1b79d66ce34abc2e63342aed2f89e9b27e7011565bf83f9ce81a892e2,3,4,0.0031475600538032797,0.2
P,314,101,7,25,categorical_subset,1.0,0.9195600003004074,4.0,2a944ae1b79d66ce34abc2e63342aed2f89e9b27e7011565bf83f9ce81a892e2,3,4,0.0031475600538032797,0.2
P,314,101,7,50,linear,1.0,0.9195600003004074,4.0,2a944ae1b79d66ce34abc2e63342aed2f89e9b27e7011565bf83f9ce81a892e2,3,4,0.0031475600538032797,0.2
P,314,101,7,50,mlp,1.0,0.9195600003004074,4.0,2a944ae1b79d66ce34abc2e63342aed2f89e9b27e7011565bf83f9ce81a892e2,3,4,0.0031475600538032797,0.2
P,314,101,7,50,categorical_subset,1.0,0.9195600003004074,4.0,2a944ae1b79d66ce34abc2e63342aed2f89e9b27e7011565bf83f9ce81a892e2,3,4,0.0031475600538032797,0.2
P,593,17,0,25,linear,1.0,0.9203199982643128,4.0,2a944ae1b79d66ce34abc2e63342aed2f89e9b27e7011565bf83f9ce81a892e2,3,2,0.0012470687465526828,0.7324894089285108
P,593,17,0,25,mlp,1.0,0.9203199982643128,4.0,2a944ae1b79d66ce34abc2e63342aed2f89e9b27e7011565bf83f9ce81a892e2,3,2,0.0012470687465526828,0.7324894089285108
P,593,17,0,25,categorical_subset,1.0,0.9203199982643128,4.0,2a944ae1b79d66ce34abc2e63342aed2f89e9b27e7011565bf83f9ce81a892e2,3,2,0.0012470687465526828,0.7324894089285108
P,593,17,0,50,linear,1.0,0.9203199982643128,4.0,2a944ae1b79d66ce34abc2e63342aed2f89e9b27e7011565bf83f9ce81a892e2,3,2,0.0012470687465526828,0.9151339579808615
P,593,17,0,50,mlp,1.0,0.9203199982643128,4.0,2a944ae1b79d66ce34abc2e63342aed2f89e9b27e7011565bf83f9ce81a892e2,3,2,0.0012470687465526828,0.9151339579808615
P,593,17,0,50,categorical_subset,1.0,0.9203199982643128,4.0,2a944ae1b79d66ce34abc2e63342aed2f89e9b27e7011565bf83f9ce81a892e2,3,2,0.0012470687465526828,0.9151339579808615
P,593,17,1,25,linear,1.0,0.9203199982643128,4.0,2a944ae1b79d66ce34abc2e63342aed2f89e9b27e7011565bf83f9ce81a892e2,2,2,0.009976557612487905,0.7324894089285108
P,593,17,1,25,mlp,1.0,0.9203199982643128,4.0,2a944ae1b79d66ce34abc2e63342aed2f89e9b27e7011565bf83f9ce81a892e2,2,2,0.009976557612487905,0.7324894089285108
P,593,17,1,25,categorical_subset,1.0,0.9203199982643128,4.0,2a944ae1b79d66ce34abc2e63342aed2f89e9b27e7011565bf83f9ce81a892e2,2,2,0.009976557612487905,0.7324894089285108
P,593,17,1,50,linear,1.0,0.9203199982643128,4.0,2a944ae1b79d66ce34abc2e63342aed2f89e9b27e7011565bf83f9ce81a892e2,2,2,0.009976557612487905,0.9151339579808615
P,593,17,1,50,mlp,1.0,0.9203199982643128,4.0,2a944ae1b79d66ce34abc2e63342aed2f89e9b27e7011565bf83f9ce81a892e2,2,2,0.009976557612487905,0.9151339579808615
P,593,17,1,50,categorical_subset,1.0,0.9203199982643128,4.0,2a944ae1b79d66ce34abc2e63342aed2f89e9b27e7011565bf83f9ce81a892e2,2,2,0.009976557612487905,0.9151339579808615
P,593,17,2,25,linear,1.0,0.9203199982643128,4.0,2a944ae1b79d66ce34abc2e63342aed2f89e9b27e7011565bf83f9ce81a892e2,2,3,0.008410732328782582,0.32284075972383636
P,593,17,2,25,mlp,1.0,0.9203199982643128,4.0,2a944ae1b79d66ce34abc2e63342aed2f89e9b27e7011565bf83f9ce81a892e2,2,3,0.008410732328782582,0.32284075972383636
P,593,17,2,25,categorical_subset,1.0,0.9203199982643128,4.0,2a944ae1b79d66ce34abc2e63342aed2f89e9b27e7011565bf83f9ce81a892e2,2,3,0.008410732328782582,0.32284075972383636
P,593,17,2,50,linear,1.0,0.9203199982643128,4.0,2a944ae1b79d66ce34abc2e63342aed2f89e9b27e7011565bf83f9ce81a892e2,2,3,0.008410732328782582,0.4309606682520273
P,593,17,2,50,mlp,1.0,0.9203199982643128,4.0,2a944ae1b79d66ce34abc2e63342aed2f89e9b27e7011565bf83f9ce81a892e2,2,3,0.008410732328782582,0.4309606682520273
P,593,17,2,50,categorical_subset,1.0,0.9203199982643128,4.0,2a944ae1b79d66ce34abc2e63342aed2f89e9b27e7011565bf83f9ce81a892e2,2,3,0.008410732328782582,0.4309606682520273
P,593,17,3,25,linear,1.0,0.9203199982643128,4.0,2a944ae1b79d66ce34abc2e63342aed2f89e9b27e7011565bf83f9ce81a892e2,4,3,0.0025474615290119857,0.32284075972383636
P,593,17,3,25,mlp,1.0,0.9203199982643128,4.0,2a944ae1b79d66ce34abc2e63342aed2f89e9b27e7011565bf83f9ce81a892e2,4,3,0.0025474615290119857,0.32284075972383636
P,593,17,3,25,categorical_subset,1.0,0.9203199982643128,4.0,2a944ae1b79d66ce34abc2e63342aed2f89e9b27e7011565bf83f9ce81a892e2,4,3,0.0025474615290119857,0.32284075972383636
P,593,17,3,50,linear,1.0,0.9203199982643128,4.0,2a944ae1b79d66ce34abc2e63342aed2f89e9b27e7011565bf83f9ce81a892e2,4,3,0.0025474615290119857,0.4309606682520273
P,593,17,3,50,mlp,1.0,0.9203199982643128,4.0,2a944ae1b79d66ce34abc2e63342aed2f89e9b27e7011565bf83f9ce81a892e2,4,3,0.0025474615290119857,0.4309606682520273
P,593,17,3,50,categorical_subset,1.0,0.9203199982643128,4.0,2a944ae1b79d66ce34abc2e63342aed2f89e9b27e7011565bf83f9ce81a892e2,4,3,0.0025474615290119857,0.4309606682520273
P,593,17,4,25,linear,1.0,0.9203199982643128,4.0,2a944ae1b79d66ce34abc2e63342aed2f89e9b27e7011565bf83f9ce81a892e2,4,3,0.0019941307393752873,0.32284075972383636
P,593,17,4,25,mlp,1.0,0.9203199982643128,4.0,2a944ae1b79d66ce34abc2e63342aed2f89e9b27e7011565bf83f9ce81a892e2,4,3,0.0019941307393752873,0.32284075972383636
P,593,17,4,25,categorical_subset,1.0,0.9203199982643128,4.0,2a944ae1b79d66ce34abc2e63342aed2f89e9b27e7011565bf83f9ce81a892e2,4,3,0.0019941307393752873,0.32284075972383636
P,593,17,4,50,linear,1.0,0.9203199982643128,4.0,2a944ae1b79d66ce34abc2e63342aed2f89e9b27e7011565bf83f9ce81a892e2,4,3,0.0019941307393752873,0.4309606682520273
P,593,17,4,50,mlp,1.0,0.9203199982643128,4.0,2a944ae1b79d66ce34abc2e63342aed2f89e9b27e7011565bf83f9ce81a892e2,4,3,0.0019941307393752873,0.4309606682520273
P,593,17,4,50,categorical_subset,1.0,0.9203199982643128,4.0,2a944ae1b79d66ce34abc2e63342aed2f89e9b27e7011565bf83f9ce81a892e2,4,3,0.0019941307393752873,0.4309606682520273
P,593,17,5,25,linear,1.0,0.9203199982643128,4.0,2a944ae1b79d66ce34abc2e63342aed2f89e9b27e7011565bf83f9ce81a892e2,3,3,0.005154406036863465,0.32284075972383636
P,593,17,5,25,mlp,1.0,0.9203199982643128,4.0,2a944ae1b79d66ce34abc2e63342aed2f89e9b27e7011565bf83f9ce81a892e2,3,3,0.005154406036863465,0.32284075972383636
P,593,17,5,25,categorical_subset,1.0,0.9203199982643128,4.0,2a944ae1b79d66ce34abc2e63342aed2f89e9b27e7011565bf83f9ce81a892e2,3,3,0.005154406036863465,0.32284075972383636
P,593,17,5,50,linear,1.0,0.9203199982643128,4.0,2a944ae1b79d66ce34abc2e63342aed2f89e9b27e7011565bf83f9ce81a892e2,3,3,0.005154406036863465,0.4309606682520273
P,593,17,5,50,mlp,1.0,0.9203199982643128,4.0,2a944ae1b79d66ce34abc2e63342aed2f89e9b27e7011565bf83f9ce81a892e2,3,3,0.005154406036863465,0.4309606682520273
P,593,17,5,50,categorical_subset,1.0,0.9203199982643128,4.0,2a944ae1b79d66ce34abc2e63342aed2f89e9b27e7011565bf83f9ce81a892e2,3,3,0.005154406036863465,0.4309606682520273
P,593,17,6,25,linear,1.0,0.9203199982643128,4.0,2a944ae1b79d66ce34abc2e63342aed2f89e9b27e7011565bf83f9ce81a892e2,4,4,0.0011450567114697874,0.2
P,593,17,6,25,mlp,1.0,0.9203199982643128,4.0,2a944ae1b79d66ce34abc2e63342aed2f89e9b27e7011565bf83f9ce81a892e2,4,4,0.0011450567114697874,0.2
P,593,17,6,25,categorical_subset,1.0,0.9203199982643128,4.0,2a944ae1b79d66ce34abc2e63342aed2f89e9b27e7011565bf83f9ce81a892e2,4,4,0.0011450567114697874,0.2
P,593,17,6,50,linear,1.0,0.9203199982643128,4.0,2a944ae1b79d66ce34abc2e63342aed2f89e9b27e7011565bf83f9ce81a892e2,4,4,0.0011450567114697874,0.2
P,593,17,6,50,mlp,1.0,0.9203199982643128,4.0,2a944ae1b79d66ce34abc2e63342aed2f89e9b27e7011565bf83f9ce81a892e2,4,4,0.0011450567114697874,0.2
P,593,17,6,50,categorical_subset,1.0,0.9203199982643128,4.0,2a944ae1b79d66ce34abc2e63342aed2f89e9b27e7011565bf83f9ce81a892e2,4,4,0.0011450567114697874,0.2
P,593,17,7,25,linear,1.0,0.9203199982643128,4.0,2a944ae1b79d66ce34abc2e63342aed2f89e9b27e7011565bf83f9ce81a892e2,3,4,0.0009915203088778878,0.2
P,593,17,7,25,mlp,1.0,0.9203199982643128,4.0,2a944ae1b79d66ce34abc2e63342aed2f89e9b27e7011565bf83f9ce81a892e2,3,4,0.0009915203088778878,0.2
P,593,17,7,25,categorical_subset,1.0,0.9203199982643128,4.0,2a944ae1b79d66ce34abc2e63342aed2f89e9b27e7011565bf83f9ce81a892e2,3,4,0.0009915203088778878,0.2
P,593,17,7,50,linear,1.0,0.9203199982643128,4.0,2a944ae1b79d66ce34abc2e63342aed2f89e9b27e7011565bf83f9ce81a892e2,3,4,0.0009915203088778878,0.2
P,593,17,7,50,mlp,1.0,0.9203199982643128,4.0,2a944ae1b79d66ce34abc2e63342aed2f89e9b27e7011565bf83f9ce81a892e2,3,4,0.0009915203088778878,0.2
P,593,17,7,50,categorical_subset,1.0,0.9203199982643128,4.0,2a944ae1b79d66ce34abc2e63342aed2f89e9b27e7011565bf83f9ce81a892e2,3,4,0.0009915203088778878,0.2
P,593,42,0,25,linear,1.0,0.9203199997544289,4.0,2a944ae1b79d66ce34abc2e63342aed2f89e9b27e7011565bf83f9ce81a892e2,3,2,0.0024148162480933924,0.7324894089285108
P,593,42,0,25,mlp,1.0,0.9203199997544289,4.0,2a944ae1b79d66ce34abc2e63342aed2f89e9b27e7011565bf83f9ce81a892e2,3,2,0.0024148162480933924,0.7324894089285108
P,593,42,0,25,categorical_subset,1.0,0.9203199997544289,4.0,2a944ae1b79d66ce34abc2e63342aed2f89e9b27e7011565bf83f9ce81a892e2,3,2,0.0024148162480933924,0.7324894089285108
P,593,42,0,50,linear,1.0,0.9203199997544289,4.0,2a944ae1b79d66ce34abc2e63342aed2f89e9b27e7011565bf83f9ce81a892e2,3,2,0.0024148162480933924,0.9151339579808615
P,593,42,0,50,mlp,1.0,0.9203199997544289,4.0,2a944ae1b79d66ce34abc2e63342aed2f89e9b27e7011565bf83f9ce81a892e2,3,2,0.0024148162480933924,0.9151339579808615
P,593,42,0,50,categorical_subset,1.0,0.9203199997544289,4.0,2a944ae1b79d66ce34abc2e63342aed2f89e9b27e7011565bf83f9ce81a892e2,3,2,0.0024148162480933924,0.9151339579808615
P,593,42,1,25,linear,1.0,0.9203199997544289,4.0,2a944ae1b79d66ce34abc2e63342aed2f89e9b27e7011565bf83f9ce81a892e2,2,2,0.013731155253542971,0.7324894089285108
P,593,42,1,25,mlp,1.0,0.9203199997544289,4.0,2a944ae1b79d66ce34abc2e63342aed2f89e9b27e7011565bf83f9ce81a892e2,2,2,0.013731155253542971,0.7324894089285108
P,593,42,1,25,categorical_subset,1.0,0.9203199997544289,4.0,2a944ae1b79d66ce34abc2e63342aed2f89e9b27e7011565bf83f9ce81a892e2,2,2,0.013731155253542971,0.7324894089285108
P,593,42,1,50,linear,1.0,0.9203199997544289,4.0,2a944ae1b79d66ce34abc2e63342aed2f89e9b27e7011565bf83f9ce81a892e2,2,2,0.013731155253542971,0.9151339579808615
P,593,42,1,50,mlp,1.0,0.9203199997544289,4.0,2a944ae1b79d66ce34abc2e63342aed2f89e9b27e7011565bf83f9ce81a892e2,2,2,0.013731155253542971,0.9151339579808615
P,593,42,1,50,categorical_subset,1.0,0.9203199997544289,4.0,2a944ae1b79d66ce34abc2e63342aed2f89e9b27e7011565bf83f9ce81a892e2,2,2,0.013731155253542971,0.9151339579808615
P,593,42,2,25,linear,1.0,0.9203199997544289,4.0,2a944ae1b79d66ce34abc2e63342aed2f89e9b27e7011565bf83f9ce81a892e2,2,3,0.007689132433343945,0.32284075972383636
P,593,42,2,25,mlp,1.0,0.9203199997544289,4.0,2a944ae1b79d66ce34abc2e63342aed2f89e9b27e7011565bf83f9ce81a892e2,2,3,0.007689132433343945,0.32284075972383636
P,593,42,2,25,categorical_subset,1.0,0.9203199997544289,4.0,2a944ae1b79d66ce34abc2e63342aed2f89e9b27e7011565bf83f9ce81a892e2,2,3,0.007689132433343945,0.32284075972383636
P,593,42,2,50,linear,1.0,0.9203199997544289,4.0,2a944ae1b79d66ce34abc2e63342aed2f89e9b27e7011565bf83f9ce81a892e2,2,3,0.007689132433343945,0.4309606682520273
P,593,42,2,50,mlp,1.0,0.9203199997544289,4.0,2a944ae1b79d66ce34abc2e63342aed2f89e9b27e7011565bf83f9ce81a892e2,2,3,0.007689132433343945,0.4309606682520273
P,593,42,2,50,categorical_subset,1.0,0.9203199997544289,4.0,2a944ae1b79d66ce34abc2e63342aed2f89e9b27e7011565bf83f9ce81a892e2,2,3,0.007689132433343945,0.4309606682520273
P,593,42,3,25,linear,1.0,0.9203199997544289,4.0,2a944ae1b79d66ce34abc2e63342aed2f89e9b27e7011565bf83f9ce81a892e2,4,3,0.004366603719829415,0.32284075972383636
P,593,42,3,25,mlp,1.0,0.9203199997544289,4.0,2a944ae1b79d66ce34abc2e63342aed2f89e9b27e7011565bf83f9ce81a892e2,4,3,0.004366603719829415,0.32284075972383636
P,593,42,3,25,categorical_subset,1.0,0.9203199997544289,4.0,2a944ae1b79d66ce34abc2e63342aed2f89e9b27e7011565bf83f9ce81a892e2,4,3,0.004366603719829415,0.32284075972383636
P,593,42,3,50,linear,1.0,0.9203199997544289,4.0,2a944ae1b79d66ce34abc2e63342aed2f89e9b27e7011565bf83f9ce81a892e2,4,3,0.004366603719829415,0.4309606682520273
P,593,42,3,50,mlp,1.0,0.9203199997544289,4.0,2a944ae1b79d66ce34abc2e63342aed2f89e9b27e7011565bf83f9ce81a892e2,4,3,0.004366603719829415,0.4309606682520273
P,593,42,3,50,categorical_subset,1.0,0.9203199997544289,4.0,2a944ae1b79d66ce34abc2e63342aed2f89e9b27e7011565bf83f9ce81a892e2,4,3,0.004366603719829415,0.4309606682520273
P,593,42,4,25,linear,1.0,0.9203199997544289,4.0,2a944ae1b79d66ce34abc2e63342aed2f89e9b27e7011565bf83f9ce81a892e2,4,3,0.0032929082342796944,0.32284075972383636
P,593,42,4,25,mlp,1.0,0.9203199997544289,4.0,2a944ae1b79d66ce34abc2e63342aed2f89e9b27e7011565bf83f9ce81a892e2,4,3,0.0032929082342796944,0.32284075972383636
P,593,42,4,25,categorical_subset,1.0,0.9203199997544289,4.0,2a944ae1b79d66ce34abc2e63342aed2f89e9b27e7011565bf83f9ce81a892e2,4,3,0.0032929082342796944,0.32284075972383636
P,593,42,4,50,linear,1.0,0.9203199997544289,4.0,2a944ae1b79d66ce34abc2e63342aed2f89e9b27e7011565bf83f9ce81a892e2,4,3,0.0032929082342796944,0.4309606682520273
P,593,42,4,50,mlp,1.0,0.9203199997544289,4.0,2a944ae1b79d66ce34abc2e63342aed2f89e9b27e7011565bf83f9ce81a892e2,4,3,0.0032929082342796944,0.4309606682520273
P,593,42,4,50,categorical_subset,1.0,0.9203199997544289,4.0,2a944ae1b79d66ce34abc2e63342aed2f89e9b27e7011565bf83f9ce81a892e2,4,3,0.0032929082342796944,0.4309606682520273
P,593,42,5,25,linear,1.0,0.9203199997544289,4.0,2a944ae1b79d66ce34abc2e63342aed2f89e9b27e7011565bf83f9ce81a892e2,3,3,0.008581376837087885,0.32284075972383636
P,593,42,5,25,mlp,1.0,0.9203199997544289,4.0,2a944ae1b79d66ce34abc2e63342aed2f89e9b27e7011565bf83f9ce81a892e2,3,3,0.008581376837087885,0.32284075972383636
P,593,42,5,25,categorical_subset,1.0,0.9203199997544289,4.0,2a944ae1b79d66ce34abc2e63342aed2f89e9b27e7011565bf83f9ce81a892e2,3,3,0.008581376837087885,0.32284075972383636
P,593,42,5,50,linear,1.0,0.9203199997544289,4.0,2a944ae1b79d66ce34abc2e63342aed2f89e9b27e7011565bf83f9ce81a892e2,3,3,0.008581376837087885,0.4309606682520273
P,593,42,5,50,mlp,1.0,0.9203199997544289,4.0,2a944ae1b79d66ce34abc2e63342aed2f89e9b27e7011565bf83f9ce81a892e2,3,3,0.008581376837087885,0.4309606682520273
P,593,42,5,50,categorical_subset,1.0,0.9203199997544289,4.0,2a944ae1b79d66ce34abc2e63342aed2f89e9b27e7011565bf83f9ce81a892e2,3,3,0.008581376837087885,0.4309606682520273
P,593,42,6,25,linear,1.0,0.9203199997544289,4.0,2a944ae1b79d66ce34abc2e63342aed2f89e9b27e7011565bf83f9ce81a892e2,4,4,0.0028362698014880415,0.2
P,593,42,6,25,mlp,1.0,0.9203199997544289,4.0,2a944ae1b79d66ce34abc2e63342aed2f89e9b27e7011565bf83f9ce81a892e2,4,4,0.0028362698014880415,0.2
P,593,42,6,25,categorical_subset,1.0,0.9203199997544289,4.0,2a944ae1b79d66ce34abc2e63342aed2f89e9b27e7011565bf83f9ce81a892e2,4,4,0.0028362698014880415,0.2
P,593,42,6,50,linear,1.0,0.9203199997544289,4.0,2a944ae1b79d66ce34abc2e63342aed2f89e9b27e7011565bf83f9ce81a892e2,4,4,0.0028362698014880415,0.2
P,593,42,6,50,mlp,1.0,0.9203199997544289,4.0,2a944ae1b79d66ce34abc2e63342aed2f89e9b27e7011565bf83f9ce81a892e2,4,4,0.0028362698014880415,0.2
P,593,42,6,50,categorical_subset,1.0,0.9203199997544289,4.0,2a944ae1b79d66ce34abc2e63342aed2f89e9b27e7011565bf83f9ce81a892e2,4,4,0.0028362698014880415,0.2
P,593,42,7,25,linear,1.0,0.9203199997544289,4.0,2a944ae1b79d66ce34abc2e63342aed2f89e9b27e7011565bf83f9ce81a892e2,3,4,0.0028651057827922587,0.2
P,593,42,7,25,mlp,1.0,0.9203199997544289,4.0,2a944ae1b79d66ce34abc2e63342aed2f89e9b27e7011565bf83f9ce81a892e2,3,4,0.0028651057827922587,0.2
P,593,42,7,25,categorical_subset,1.0,0.9203199997544289,4.0,2a944ae1b79d66ce34abc2e63342aed2f89e9b27e7011565bf83f9ce81a892e2,3,4,0.0028651057827922587,0.2
P,593,42,7,50,linear,1.0,0.9203199997544289,4.0,2a944ae1b79d66ce34abc2e63342aed2f89e9b27e7011565bf83f9ce81a892e2,3,4,0.0028651057827922587,0.2
P,593,42,7,50,mlp,1.0,0.9203199997544289,4.0,2a944ae1b79d66ce34abc2e63342aed2f89e9b27e7011565bf83f9ce81a892e2,3,4,0.0028651057827922587,0.2
P,593,42,7,50,categorical_subset,1.0,0.9203199997544289,4.0,2a944ae1b79d66ce34abc2e63342aed2f89e9b27e7011565bf83f9ce81a892e2,3,4,0.0028651057827922587,0.2
P,593,101,0,25,linear,1.0,0.9201199993491173,4.0,2a944ae1b79d66ce34abc2e63342aed2f89e9b27e7011565bf83f9ce81a892e2,3,2,0.0018548188967071862,0.7324894089285108
P,593,101,0,25,mlp,1.0,0.9201199993491173,4.0,2a944ae1b79d66ce34abc2e63342aed2f89e9b27e7011565bf83f9ce81a892e2,3,2,0.0018548188967071862,0.7324894089285108
P,593,101,0,25,categorical_subset,1.0,0.9201199993491173,4.0,2a944ae1b79d66ce34abc2e63342aed2f89e9b27e7011565bf83f9ce81a892e2,3,2,0.0018548188967071862,0.7324894089285108
P,593,101,0,50,linear,1.0,0.9201199993491173,4.0,2a944ae1b79d66ce34abc2e63342aed2f89e9b27e7011565bf83f9ce81a892e2,3,2,0.0018548188967071862,0.9151339579808615
P,593,101,0,50,mlp,1.0,0.9201199993491173,4.0,2a944ae1b79d66ce34abc2e63342aed2f89e9b27e7011565bf83f9ce81a892e2,3,2,0.0018548188967071862,0.9151339579808615
P,593,101,0,50,categorical_subset,1.0,0.9201199993491173,4.0,2a944ae1b79d66ce34abc2e63342aed2f89e9b27e7011565bf83f9ce81a892e2,3,2,0.0018548188967071862,0.9151339579808615
P,593,101,1,25,linear,1.0,0.9201199993491173,4.0,2a944ae1b79d66ce34abc2e63342aed2f89e9b27e7011565bf83f9ce81a892e2,2,2,0.009809881290426451,0.7324894089285108
P,593,101,1,25,mlp,1.0,0.9201199993491173,4.0,2a944ae1b79d66ce34abc2e63342aed2f89e9b27e7011565bf83f9ce81a892e2,2,2,0.009809881290426451,0.7324894089285108
P,593,101,1,25,categorical_subset,1.0,0.9201199993491173,4.0,2a944ae1b79d66ce34abc2e63342aed2f89e9b27e7011565bf83f9ce81a892e2,2,2,0.009809881290426451,0.7324894089285108
P,593,101,1,50,linear,1.0,0.9201199993491173,4.0,2a944ae1b79d66ce34abc2e63342aed2f89e9b27e7011565bf83f9ce81a892e2,2,2,0.009809881290426451,0.9151339579808615
P,593,101,1,50,mlp,1.0,0.9201199993491173,4.0,2a944ae1b79d66ce34abc2e63342aed2f89e9b27e7011565bf83f9ce81a892e2,2,2,0.009809881290426451,0.9151339579808615
P,593,101,1,50,categorical_subset,1.0,0.9201199993491173,4.0,2a944ae1b79d66ce34abc2e63342aed2f89e9b27e7011565bf83f9ce81a892e2,2,2,0.009809881290426451,0.9151339579808615
P,593,101,2,25,linear,1.0,0.9201199993491173,4.0,2a944ae1b79d66ce34abc2e63342aed2f89e9b27e7011565bf83f9ce81a892e2,2,3,0.006166737460115595,0.32284075972383636
P,593,101,2,25,mlp,1.0,0.9201199993491173,4.0,2a944ae1b79d66ce34abc2e63342aed2f89e9b27e7011565bf83f9ce81a892e2,2,3,0.006166737460115595,0.32284075972383636
P,593,101,2,25,categorical_subset,1.0,0.9201199993491173,4.0,2a944ae1b79d66ce34abc2e63342aed2f89e9b27e7011565bf83f9ce81a892e2,2,3,0.006166737460115595,0.32284075972383636
P,593,101,2,50,linear,1.0,0.9201199993491173,4.0,2a944ae1b79d66ce34abc2e63342aed2f89e9b27e7011565bf83f9ce81a892e2,2,3,0.006166737460115595,0.4309606682520273
P,593,101,2,50,mlp,1.0,0.9201199993491173,4.0,2a944ae1b79d66ce34abc2e63342aed2f89e9b27e7011565bf83f9ce81a892e2,2,3,0.006166737460115595,0.4309606682520273
P,593,101,2,50,categorical_subset,1.0,0.9201199993491173,4.0,2a944ae1b79d66ce34abc2e63342aed2f89e9b27e7011565bf83f9ce81a892e2,2,3,0.006166737460115595,0.4309606682520273
P,593,101,3,25,linear,1.0,0.9201199993491173,4.0,2a944ae1b79d66ce34abc2e63342aed2f89e9b27e7011565bf83f9ce81a892e2,4,3,0.0020964252445076327,0.32284075972383636
P,593,101,3,25,mlp,1.0,0.9201199993491173,4.0,2a944ae1b79d66ce34abc2e63342aed2f89e9b27e7011565bf83f9ce81a892e2,4,3,0.0020964252445076327,0.32284075972383636
P,593,101,3,25,categorical_subset,1.0,0.9201199993491173,4.0,2a944ae1b79d66ce34abc2e63342aed2f89e9b27e7011565bf83f9ce81a892e2,4,3,0.0020964252445076327,0.32284075972383636
P,593,101,3,50,linear,1.0,0.9201199993491173,4.0,2a944ae1b79d66ce34abc2e63342aed2f89e9b27e7011565bf83f9ce81a892e2,4,3,0.0020964252445076327,0.4309606682520273
P,593,101,3,50,mlp,1.0,0.9201199993491173,4.0,2a944ae1b79d66ce34abc2e63342aed2f89e9b27e7011565bf83f9ce81a892e2,4,3,0.0020964252445076327,0.4309606682520273
P,593,101,3,50,categorical_subset,1.0,0.9201199993491173,4.0,2a944ae1b79d66ce34abc2e63342aed2f89e9b27e7011565bf83f9ce81a892e2,4,3,0.0020964252445076327,0.4309606682520273
P,593,101,4,25,linear,1.0,0.9201199993491173,4.0,2a944ae1b79d66ce34abc2e63342aed2f89e9b27e7011565bf83f9ce81a892e2,4,3,0.0019046845458255079,0.32284075972383636
P,593,101,4,25,mlp,1.0,0.9201199993491173,4.0,2a944ae1b79d66ce34abc2e63342aed2f89e9b27e7011565bf83f9ce81a892e2,4,3,0.0019046845458255079,0.32284075972383636
P,593,101,4,25,categorical_subset,1.0,0.9201199993491173,4.0,2a944ae1b79d66ce34abc2e63342aed2f89e9b27e7011565bf83f9ce81a892e2,4,3,0.0019046845458255079,0.32284075972383636
P,593,101,4,50,linear,1.0,0.9201199993491173,4.0,2a944ae1b79d66ce34abc2e63342aed2f89e9b27e7011565bf83f9ce81a892e2,4,3,0.0019046845458255079,0.4309606682520273
P,593,101,4,50,mlp,1.0,0.9201199993491173,4.0,2a944ae1b79d66ce34abc2e63342aed2f89e9b27e7011565bf83f9ce81a892e2,4,3,0.0019046845458255079,0.4309606682520273
P,593,101,4,50,categorical_subset,1.0,0.9201199993491173,4.0,2a944ae1b79d66ce34abc2e63342aed2f89e9b27e7011565bf83f9ce81a892e2,4,3,0.0019046845458255079,0.4309606682520273
P,593,101,5,25,linear,1.0,0.9201199993491173,4.0,2a944ae1b79d66ce34abc2e63342aed2f89e9b27e7011565bf83f9ce81a892e2,3,3,0.0043399653695901045,0.32284075972383636
P,593,101,5,25,mlp,1.0,0.9201199993491173,4.0,2a944ae1b79d66ce34abc2e63342aed2f89e9b27e7011565bf83f9ce81a892e2,3,3,0.0043399653695901045,0.32284075972383636
P,593,101,5,25,categorical_subset,1.0,0.9201199993491173,4.0,2a944ae1b79d66ce34abc2e63342aed2f89e9b27e7011565bf83f9ce81a892e2,3,3,0.0043399653695901045,0.32284075972383636
P,593,101,5,50,linear,1.0,0.9201199993491173,4.0,2a944ae1b79d66ce34abc2e63342aed2f89e9b27e7011565bf83f9ce81a892e2,3,3,0.0043399653695901045,0.4309606682520273
P,593,101,5,50,mlp,1.0,0.9201199993491173,4.0,2a944ae1b79d66ce34abc2e63342aed2f89e9b27e7011565bf83f9ce81a892e2,3,3,0.0043399653695901045,0.4309606682520273
P,593,101,5,50,categorical_subset,1.0,0.9201199993491173,4.0,2a944ae1b79d66ce34abc2e63342aed2f89e9b27e7011565bf83f9ce81a892e2,3,3,0.0043399653695901045,0.4309606682520273
P,593,101,6,25,linear,1.0,0.9201199993491173,4.0,2a944ae1b79d66ce34abc2e63342aed2f89e9b27e7011565bf83f9ce81a892e2,4,4,0.001116863032020221,0.2
P,593,101,6,25,mlp,1.0,0.9201199993491173,4.0,2a944ae1b79d66ce34abc2e63342aed2f89e9b27e7011565bf83f9ce81a892e2,4,4,0.001116863032020221,0.2
P,593,101,6,25,categorical_subset,1.0,0.9201199993491173,4.0,2a944ae1b79d66ce34abc2e63342aed2f89e9b27e7011565bf83f9ce81a892e2,4,4,0.001116863032020221,0.2
P,593,101,6,50,linear,1.0,0.9201199993491173,4.0,2a944ae1b79d66ce34abc2e63342aed2f89e9b27e7011565bf83f9ce81a892e2,4,4,0.001116863032020221,0.2
P,593,101,6,50,mlp,1.0,0.9201199993491173,4.0,2a944ae1b79d66ce34abc2e63342aed2f89e9b27e7011565bf83f9ce81a892e2,4,4,0.001116863032020221,0.2
P,593,101,6,50,categorical_subset,1.0,0.9201199993491173,4.0,2a944ae1b79d66ce34abc2e63342aed2f89e9b27e7011565bf83f9ce81a892e2,4,4,0.001116863032020221,0.2
P,593,101,7,25,linear,1.0,0.9201199993491173,4.0,2a944ae1b79d66ce34abc2e63342aed2f89e9b27e7011565bf83f9ce81a892e2,3,4,0.0013887707866445489,0.2
P,593,101,7,25,mlp,1.0,0.9201199993491173,4.0,2a944ae1b79d66ce34abc2e63342aed2f89e9b27e7011565bf83f9ce81a892e2,3,4,0.0013887707866445489,0.2
P,593,101,7,25,categorical_subset,1.0,0.9201199993491173,4.0,2a944ae1b79d66ce34abc2e63342aed2f89e9b27e7011565bf83f9ce81a892e2,3,4,0.0013887707866445489,0.2
P,593,101,7,50,linear,1.0,0.9201199993491173,4.0,2a944ae1b79d66ce34abc2e63342aed2f89e9b27e7011565bf83f9ce81a892e2,3,4,0.0013887707866445489,0.2
P,593,101,7,50,mlp,1.0,0.9201199993491173,4.0,2a944ae1b79d66ce34abc2e63342aed2f89e9b27e7011565bf83f9ce81a892e2,3,4,0.0013887707866445489,0.2
P,593,101,7,50,categorical_subset,1.0,0.9201199993491173,4.0,2a944ae1b79d66ce34abc2e63342aed2f89e9b27e7011565bf83f9ce81a892e2,3,4,0.0013887707866445489,0.2
M1,271,17,0,25,linear,1.0,0.919480000436306,4.0,2a944ae1b79d66ce34abc2e63342aed2f89e9b27e7011565bf83f9ce81a892e2,2,2,0.010549446232598798,0.7324894089285108
M1,271,17,0,25,mlp,1.0,0.919480000436306,4.0,2a944ae1b79d66ce34abc2e63342aed2f89e9b27e7011565bf83f9ce81a892e2,2,2,0.010549446232598798,0.7324894089285108
M1,271,17,0,25,categorical_subset,1.0,0.919480000436306,4.0,2a944ae1b79d66ce34abc2e63342aed2f89e9b27e7011565bf83f9ce81a892e2,2,2,0.010549446232598798,0.7324894089285108
M1,271,17,0,50,linear,1.0,0.919480000436306,4.0,2a944ae1b79d66ce34abc2e63342aed2f89e9b27e7011565bf83f9ce81a892e2,2,2,0.010549446232598798,0.9151339579808615
M1,271,17,0,50,mlp,1.0,0.919480000436306,4.0,2a944ae1b79d66ce34abc2e63342aed2f89e9b27e7011565bf83f9ce81a892e2,2,2,0.010549446232598798,0.9151339579808615
M1,271,17,0,50,categorical_subset,1.0,0.919480000436306,4.0,2a944ae1b79d66ce34abc2e63342aed2f89e9b27e7011565bf83f9ce81a892e2,2,2,0.010549446232598798,0.9151339579808615
M1,271,17,1,25,linear,1.0,0.919480000436306,4.0,2a944ae1b79d66ce34abc2e63342aed2f89e9b27e7011565bf83f9ce81a892e2,2,3,0.009667255976897984,0.32284075972383636
M1,271,17,1,25,mlp,1.0,0.919480000436306,4.0,2a944ae1b79d66ce34abc2e63342aed2f89e9b27e7011565bf83f9ce81a892e2,2,3,0.009667255976897984,0.32284075972383636
M1,271,17,1,25,categorical_subset,1.0,0.919480000436306,4.0,2a944ae1b79d66ce34abc2e63342aed2f89e9b27e7011565bf83f9ce81a892e2,2,3,0.009667255976897984,0.32284075972383636
M1,271,17,1,50,linear,1.0,0.919480000436306,4.0,2a944ae1b79d66ce34abc2e63342aed2f89e9b27e7011565bf83f9ce81a892e2,2,3,0.009667255976897984,0.4309606682520273
M1,271,17,1,50,mlp,1.0,0.919480000436306,4.0,2a944ae1b79d66ce34abc2e63342aed2f89e9b27e7011565bf83f9ce81a892e2,2,3,0.009667255976897984,0.4309606682520273
M1,271,17,1,50,categorical_subset,1.0,0.919480000436306,4.0,2a944ae1b79d66ce34abc2e63342aed2f89e9b27e7011565bf83f9ce81a892e2,2,3,0.009667255976897984,0.4309606682520273
M1,271,17,2,25,linear,1.0,0.919480000436306,4.0,2a944ae1b79d66ce34abc2e63342aed2f89e9b27e7011565bf83f9ce81a892e2,3,2,0.004412628131684606,0.7324894089285108
M1,271,17,2,25,mlp,1.0,0.919480000436306,4.0,2a944ae1b79d66ce34abc2e63342aed2f89e9b27e7011565bf83f9ce81a892e2,3,2,0.004412628131684606,0.7324894089285108
M1,271,17,2,25,categorical_subset,1.0,0.919480000436306,4.0,2a944ae1b79d66ce34abc2e63342aed2f89e9b27e7011565bf83f9ce81a892e2,3,2,0.004412628131684606,0.7324894089285108
M1,271,17,2,50,linear,1.0,0.919480000436306,4.0,2a944ae1b79d66ce34abc2e63342aed2f89e9b27e7011565bf83f9ce81a892e2,3,2,0.004412628131684606,0.9151339579808615
M1,271,17,2,50,mlp,1.0,0.919480000436306,4.0,2a944ae1b79d66ce34abc2e63342aed2f89e9b27e7011565bf83f9ce81a892e2,3,2,0.004412628131684606,0.9151339579808615
M1,271,17,2,50,categorical_subset,1.0,0.919480000436306,4.0,2a944ae1b79d66ce34abc2e63342aed2f89e9b27e7011565bf83f9ce81a892e2,3,2,0.004412628131684606,0.9151339579808615
M1,271,17,3,25,linear,1.0,0.919480000436306,4.0,2a944ae1b79d66ce34abc2e63342aed2f89e9b27e7011565bf83f9ce81a892e2,4,3,0.0030561454828636637,0.32284075972383636
M1,271,17,3,25,mlp,1.0,0.919480000436306,4.0,2a944ae1b79d66ce34abc2e63342aed2f89e9b27e7011565bf83f9ce81a892e2,4,3,0.0030561454828636637,0.32284075972383636
M1,271,17,3,25,categorical_subset,1.0,0.919480000436306,4.0,2a944ae1b79d66ce34abc2e63342aed2f89e9b27e7011565bf83f9ce81a892e2,4,3,0.0030561454828636637,0.32284075972383636
M1,271,17,3,50,linear,1.0,0.919480000436306,4.0,2a944ae1b79d66ce34abc2e63342aed2f89e9b27e7011565bf83f9ce81a892e2,4,3,0.0030561454828636637,0.4309606682520273
M1,271,17,3,50,mlp,1.0,0.919480000436306,4.0,2a944ae1b79d66ce34abc2e63342aed2f89e9b27e7011565bf83f9ce81a892e2,4,3,0.0030561454828636637,0.4309606682520273
M1,271,17,3,50,categorical_subset,1.0,0.919480000436306,4.0,2a944ae1b79d66ce34abc2e63342aed2f89e9b27e7011565bf83f9ce81a892e2,4,3,0.0030561454828636637,0.4309606682520273
M1,271,17,4,25,linear,1.0,0.919480000436306,4.0,2a944ae1b79d66ce34abc2e63342aed2f89e9b27e7011565bf83f9ce81a892e2,4,3,0.003727965329739469,0.32284075972383636
M1,271,17,4,25,mlp,1.0,0.919480000436306,4.0,2a944ae1b79d66ce34abc2e63342aed2f89e9b27e7011565bf83f9ce81a892e2,4,3,0.003727965329739469,0.32284075972383636
M1,271,17,4,25,categorical_subset,1.0,0.919480000436306,4.0,2a944ae1b79d66ce34abc2e63342aed2f89e9b27e7011565bf83f9ce81a892e2,4,3,0.003727965329739469,0.32284075972383636
M1,271,17,4,50,linear,1.0,0.919480000436306,4.0,2a944ae1b79d66ce34abc2e63342aed2f89e9b27e7011565bf83f9ce81a892e2,4,3,0.003727965329739469,0.4309606682520273
M1,271,17,4,50,mlp,1.0,0.919480000436306,4.0,2a944ae1b79d66ce34abc2e63342aed2f89e9b27e7011565bf83f9ce81a892e2,4,3,0.003727965329739469,0.4309606682520273
M1,271,17,4,50,categorical_subset,1.0,0.919480000436306,4.0,2a944ae1b79d66ce34abc2e63342aed2f89e9b27e7011565bf83f9ce81a892e2,4,3,0.003727965329739469,0.4309606682520273
M1,271,17,5,25,linear,1.0,0.919480000436306,4.0,2a944ae1b79d66ce34abc2e63342aed2f89e9b27e7011565bf83f9ce81a892e2,4,3,0.0029077383648317937,0.32284075972383636
M1,271,17,5,25,mlp,1.0,0.919480000436306,4.0,2a944ae1b79d66ce34abc2e63342aed2f89e9b27e7011565bf83f9ce81a892e2,4,3,0.0029077383648317937,0.32284075972383636
M1,271,17,5,25,categorical_subset,1.0,0.919480000436306,4.0,2a944ae1b79d66ce34abc2e63342aed2f89e9b27e7011565bf83f9ce81a892e2,4,3,0.0029077383648317937,0.32284075972383636
M1,271,17,5,50,linear,1.0,0.919480000436306,4.0,2a944ae1b79d66ce34abc2e63342aed2f89e9b27e7011565bf83f9ce81a892e2,4,3,0.0029077383648317937,0.4309606682520273
M1,271,17,5,50,mlp,1.0,0.919480000436306,4.0,2a944ae1b79d66ce34abc2e63342aed2f89e9b27e7011565bf83f9ce81a892e2,4,3,0.0029077383648317937,0.4309606682520273
M1,271,17,5,50,categorical_subset,1.0,0.919480000436306,4.0,2a944ae1b79d66ce34abc2e63342aed2f89e9b27e7011565bf83f9ce81a892e2,4,3,0.0029077383648317937,0.4309606682520273
M1,271,17,6,25,linear,1.0,0.919480000436306,4.0,2a944ae1b79d66ce34abc2e63342aed2f89e9b27e7011565bf83f9ce81a892e2,4,3,0.002505810193094138,0.32284075972383636
M1,271,17,6,25,mlp,1.0,0.919480000436306,4.0,2a944ae1b79d66ce34abc2e63342aed2f89e9b27e7011565bf83f9ce81a892e2,4,3,0.002505810193094138,0.32284075972383636
M1,271,17,6,25,categorical_subset,1.0,0.919480000436306,4.0,2a944ae1b79d66ce34abc2e63342aed2f89e9b27e7011565bf83f9ce81a892e2,4,3,0.002505810193094138,0.32284075972383636
M1,271,17,6,50,linear,1.0,0.919480000436306,4.0,2a944ae1b79d66ce34abc2e63342aed2f89e9b27e7011565bf83f9ce81a892e2,4,3,0.002505810193094138,0.4309606682520273
M1,271,17,6,50,mlp,1.0,0.919480000436306,4.0,2a944ae1b79d66ce34abc2e63342aed2f89e9b27e7011565bf83f9ce81a892e2,4,3,0.002505810193094138,0.4309606682520273
M1,271,17,6,50,categorical_subset,1.0,0.919480000436306,4.0,2a944ae1b79d66ce34abc2e63342aed2f89e9b27e7011565bf83f9ce81a892e2,4,3,0.002505810193094138,0.4309606682520273
M1,271,17,7,25,linear,1.0,0.919480000436306,4.0,2a944ae1b79d66ce34abc2e63342aed2f89e9b27e7011565bf83f9ce81a892e2,4,4,0.0025656897520080625,0.2
M1,271,17,7,25,mlp,1.0,0.919480000436306,4.0,2a944ae1b79d66ce34abc2e63342aed2f89e9b27e7011565bf83f9ce81a892e2,4,4,0.0025656897520080625,0.2
M1,271,17,7,25,categorical_subset,1.0,0.919480000436306,4.0,2a944ae1b79d66ce34abc2e63342aed2f89e9b27e7011565bf83f9ce81a892e2,4,4,0.0025656897520080625,0.2
M1,271,17,7,50,linear,1.0,0.919480000436306,4.0,2a944ae1b79d66ce34abc2e63342aed2f89e9b27e7011565bf83f9ce81a892e2,4,4,0.0025656897520080625,0.2
M1,271,17,7,50,mlp,1.0,0.919480000436306,4.0,2a944ae1b79d66ce34abc2e63342aed2f89e9b27e7011565bf83f9ce81a892e2,4,4,0.0025656897520080625,0.2
M1,271,17,7,50,categorical_subset,1.0,0.919480000436306,4.0,2a944ae1b79d66ce34abc2e63342aed2f89e9b27e7011565bf83f9ce81a892e2,4,4,0.0025656897520080625,0.2
M1,271,42,0,25,linear,1.0,0.9197200000286102,4.0,2a944ae1b79d66ce34abc2e63342aed2f89e9b27e7011565bf83f9ce81a892e2,2,2,0.01199125651675782,0.7324894089285108
M1,271,42,0,25,mlp,1.0,0.9197200000286102,4.0,2a944ae1b79d66ce34abc2e63342aed2f89e9b27e7011565bf83f9ce81a892e2,2,2,0.01199125651675782,0.7324894089285108
M1,271,42,0,25,categorical_subset,1.0,0.9197200000286102,4.0,2a944ae1b79d66ce34abc2e63342aed2f89e9b27e7011565bf83f9ce81a892e2,2,2,0.01199125651675782,0.7324894089285108
M1,271,42,0,50,linear,1.0,0.9197200000286102,4.0,2a944ae1b79d66ce34abc2e63342aed2f89e9b27e7011565bf83f9ce81a892e2,2,2,0.01199125651675782,0.9151339579808615
M1,271,42,0,50,mlp,1.0,0.9197200000286102,4.0,2a944ae1b79d66ce34abc2e63342aed2f89e9b27e7011565bf83f9ce81a892e2,2,2,0.01199125651675782,0.9151339579808615
M1,271,42,0,50,categorical_subset,1.0,0.9197200000286102,4.0,2a944ae1b79d66ce34abc2e63342aed2f89e9b27e7011565bf83f9ce81a892e2,2,2,0.01199125651675782,0.9151339579808615
M1,271,42,1,25,linear,1.0,0.9197200000286102,4.0,2a944ae1b79d66ce34abc2e63342aed2f89e9b27e7011565bf83f9ce81a892e2,2,3,0.005148038382818431,0.32284075972383636
M1,271,42,1,25,mlp,1.0,0.9197200000286102,4.0,2a944ae1b79d66ce34abc2e63342aed2f89e9b27e7011565bf83f9ce81a892e2,2,3,0.005148038382818431,0.32284075972383636
M1,271,42,1,25,categorical_subset,1.0,0.9197200000286102,4.0,2a944ae1b79d66ce34abc2e63342aed2f89e9b27e7011565bf83f9ce81a892e2,2,3,0.005148038382818431,0.32284075972383636
M1,271,42,1,50,linear,1.0,0.9197200000286102,4.0,2a944ae1b79d66ce34abc2e63342aed2f89e9b27e7011565bf83f9ce81a892e2,2,3,0.005148038382818431,0.4309606682520273
M1,271,42,1,50,mlp,1.0,0.9197200000286102,4.0,2a944ae1b79d66ce34abc2e63342aed2f89e9b27e7011565bf83f9ce81a892e2,2,3,0.005148038382818431,0.4309606682520273
M1,271,42,1,50,categorical_subset,1.0,0.9197200000286102,4.0,2a944ae1b79d66ce34abc2e63342aed2f89e9b27e7011565bf83f9ce81a892e2,2,3,0.005148038382818431,0.4309606682520273
M1,271,42,2,25,linear,1.0,0.9197200000286102,4.0,2a944ae1b79d66ce34abc2e63342aed2f89e9b27e7011565bf83f9ce81a892e2,3,2,0.002004601659321964,0.7324894089285108
M1,271,42,2,25,mlp,1.0,0.9197200000286102,4.0,2a944ae1b79d66ce34abc2e63342aed2f89e9b27e7011565bf83f9ce81a892e2,3,2,0.002004601659321964,0.7324894089285108
M1,271,42,2,25,categorical_subset,1.0,0.9197200000286102,4.0,2a944ae1b79d66ce34abc2e63342aed2f89e9b27e7011565bf83f9ce81a892e2,3,2,0.002004601659321964,0.7324894089285108
M1,271,42,2,50,linear,1.0,0.9197200000286102,4.0,2a944ae1b79d66ce34abc2e63342aed2f89e9b27e7011565bf83f9ce81a892e2,3,2,0.002004601659321964,0.9151339579808615
M1,271,42,2,50,mlp,1.0,0.9197200000286102,4.0,2a944ae1b79d66ce34abc2e63342aed2f89e9b27e7011565bf83f9ce81a892e2,3,2,0.002004601659321964,0.9151339579808615
M1,271,42,2,50,categorical_subset,1.0,0.9197200000286102,4.0,2a944ae1b79d66ce34abc2e63342aed2f89e9b27e7011565bf83f9ce81a892e2,3,2,0.002004601659321964,0.9151339579808615
M1,271,42,3,25,linear,1.0,0.9197200000286102,4.0,2a944ae1b79d66ce34abc2e63342aed2f89e9b27e7011565bf83f9ce81a892e2,4,3,0.0018801524446061682,0.32284075972383636
M1,271,42,3,25,mlp,1.0,0.9197200000286102,4.0,2a944ae1b79d66ce34abc2e63342aed2f89e9b27e7011565bf83f9ce81a892e2,4,3,0.0018801524446061682,0.32284075972383636
M1,271,42,3,25,categorical_subset,1.0,0.9197200000286102,4.0,2a944ae1b79d66ce34abc2e63342aed2f89e9b27e7011565bf83f9ce81a892e2,4,3,0.0018801524446061682,0.32284075972383636
M1,271,42,3,50,linear,1.0,0.9197200000286102,4.0,2a944ae1b79d66ce34abc2e63342aed2f89e9b27e7011565bf83f9ce81a892e2,4,3,0.0018801524446061682,0.4309606682520273
M1,271,42,3,50,mlp,1.0,0.9197200000286102,4.0,2a944ae1b79d66ce34abc2e63342aed2f89e9b27e7011565bf83f9ce81a892e2,4,3,0.0018801524446061682,0.4309606682520273
M1,271,42,3,50,categorical_subset,1.0,0.9197200000286102,4.0,2a944ae1b79d66ce34abc2e63342aed2f89e9b27e7011565bf83f9ce81a892e2,4,3,0.0018801524446061682,0.4309606682520273
M1,271,42,4,25,linear,1.0,0.9197200000286102,4.0,2a944ae1b79d66ce34abc2e63342aed2f89e9b27e7011565bf83f9ce81a892e2,4,3,0.003218213394090042,0.32284075972383636
M1,271,42,4,25,mlp,1.0,0.9197200000286102,4.0,2a944ae1b79d66ce34abc2e63342aed2f89e9b27e7011565bf83f9ce81a892e2,4,3,0.003218213394090042,0.32284075972383636
M1,271,42,4,25,categorical_subset,1.0,0.9197200000286102,4.0,2a944ae1b79d66ce34abc2e63342aed2f89e9b27e7011565bf83f9ce81a892e2,4,3,0.003218213394090042,0.32284075972383636
M1,271,42,4,50,linear,1.0,0.9197200000286102,4.0,2a944ae1b79d66ce34abc2e63342aed2f89e9b27e7011565bf83f9ce81a892e2,4,3,0.003218213394090042,0.4309606682520273
M1,271,42,4,50,mlp,1.0,0.9197200000286102,4.0,2a944ae1b79d66ce34abc2e63342aed2f89e9b27e7011565bf83f9ce81a892e2,4,3,0.003218213394090042,0.4309606682520273
M1,271,42,4,50,categorical_subset,1.0,0.9197200000286102,4.0,2a944ae1b79d66ce34abc2e63342aed2f89e9b27e7011565bf83f9ce81a892e2,4,3,0.003218213394090042,0.4309606682520273
M1,271,42,5,25,linear,1.0,0.9197200000286102,4.0,2a944ae1b79d66ce34abc2e63342aed2f89e9b27e7011565bf83f9ce81a892e2,4,3,0.002514113022611873,0.32284075972383636
M1,271,42,5,25,mlp,1.0,0.9197200000286102,4.0,2a944ae1b79d66ce34abc2e63342aed2f89e9b27e7011565bf83f9ce81a892e2,4,3,0.002514113022611873,0.32284075972383636
M1,271,42,5,25,categorical_subset,1.0,0.9197200000286102,4.0,2a944ae1b79d66ce34abc2e63342aed2f89e9b27e7011565bf83f9ce81a892e2,4,3,0.002514113022611873,0.32284075972383636
M1,271,42,5,50,linear,1.0,0.9197200000286102,4.0,2a944ae1b79d66ce34abc2e63342aed2f89e9b27e7011565bf83f9ce81a892e2,4,3,0.002514113022611873,0.4309606682520273
M1,271,42,5,50,mlp,1.0,0.9197200000286102,4.0,2a944ae1b79d66ce34abc2e63342aed2f89e9b27e7011565bf83f9ce81a892e2,4,3,0.002514113022611873,0.4309606682520273
M1,271,42,5,50,categorical_subset,1.0,0.9197200000286102,4.0,2a944ae1b79d66ce34abc2e63342aed2f89e9b27e7011565bf83f9ce81a892e2,4,3,0.002514113022611873,0.4309606682520273
M1,271,42,6,25,linear,1.0,0.9197200000286102,4.0,2a944ae1b79d66ce34abc2e63342aed2f89e9b27e7011565bf83f9ce81a892e2,4,3,0.0011832623000526841,0.32284075972383636
M1,271,42,6,25,mlp,1.0,0.9197200000286102,4.0,2a944ae1b79d66ce34abc2e63342aed2f89e9b27e7011565bf83f9ce81a892e2,4,3,0.0011832623000526841,0.32284075972383636
M1,271,42,6,25,categorical_subset,1.0,0.9197200000286102,4.0,2a944ae1b79d66ce34abc2e63342aed2f89e9b27e7011565bf83f9ce81a892e2,4,3,0.0011832623000526841,0.32284075972383636
M1,271,42,6,50,linear,1.0,0.9197200000286102,4.0,2a944ae1b79d66ce34abc2e63342aed2f89e9b27e7011565bf83f9ce81a892e2,4,3,0.0011832623000526841,0.4309606682520273
M1,271,42,6,50,mlp,1.0,0.9197200000286102,4.0,2a944ae1b79d66ce34abc2e63342aed2f89e9b27e7011565bf83f9ce81a892e2,4,3,0.0011832623000526841,0.4309606682520273
M1,271,42,6,50,categorical_subset,1.0,0.9197200000286102,4.0,2a944ae1b79d66ce34abc2e63342aed2f89e9b27e7011565bf83f9ce81a892e2,4,3,0.0011832623000526841,0.4309606682520273
M1,271,42,7,25,linear,1.0,0.9197200000286102,4.0,2a944ae1b79d66ce34abc2e63342aed2f89e9b27e7011565bf83f9ce81a892e2,4,4,0.0014877899638994453,0.2
M1,271,42,7,25,mlp,1.0,0.9197200000286102,4.0,2a944ae1b79d66ce34abc2e63342aed2f89e9b27e7011565bf83f9ce81a892e2,4,4,0.0014877899638994453,0.2
M1,271,42,7,25,categorical_subset,1.0,0.9197200000286102,4.0,2a944ae1b79d66ce34abc2e63342aed2f89e9b27e7011565bf83f9ce81a892e2,4,4,0.0014877899638994453,0.2
M1,271,42,7,50,linear,1.0,0.9197200000286102,4.0,2a944ae1b79d66ce34abc2e63342aed2f89e9b27e7011565bf83f9ce81a892e2,4,4,0.0014877899638994453,0.2
M1,271,42,7,50,mlp,1.0,0.9197200000286102,4.0,2a944ae1b79d66ce34abc2e63342aed2f89e9b27e7011565bf83f9ce81a892e2,4,4,0.0014877899638994453,0.2
M1,271,42,7,50,categorical_subset,1.0,0.9197200000286102,4.0,2a944ae1b79d66ce34abc2e63342aed2f89e9b27e7011565bf83f9ce81a892e2,4,4,0.0014877899638994453,0.2
M1,271,101,0,25,linear,1.0,0.9200399994850159,4.0,2a944ae1b79d66ce34abc2e63342aed2f89e9b27e7011565bf83f9ce81a892e2,2,2,0.00830491035937081,0.7324894089285108
M1,271,101,0,25,mlp,1.0,0.9200399994850159,4.0,2a944ae1b79d66ce34abc2e63342aed2f89e9b27e7011565bf83f9ce81a892e2,2,2,0.00830491035937081,0.7324894089285108
M1,271,101,0,25,categorical_subset,1.0,0.9200399994850159,4.0,2a944ae1b79d66ce34abc2e63342aed2f89e9b27e7011565bf83f9ce81a892e2,2,2,0.00830491035937081,0.7324894089285108
M1,271,101,0,50,linear,1.0,0.9200399994850159,4.0,2a944ae1b79d66ce34abc2e63342aed2f89e9b27e7011565bf83f9ce81a892e2,2,2,0.00830491035937081,0.9151339579808615
M1,271,101,0,50,mlp,1.0,0.9200399994850159,4.0,2a944ae1b79d66ce34abc2e63342aed2f89e9b27e7011565bf83f9ce81a892e2,2,2,0.00830491035937081,0.9151339579808615
M1,271,101,0,50,categorical_subset,1.0,0.9200399994850159,4.0,2a944ae1b79d66ce34abc2e63342aed2f89e9b27e7011565bf83f9ce81a892e2,2,2,0.00830491035937081,0.9151339579808615
M1,271,101,1,25,linear,1.0,0.9200399994850159,4.0,2a944ae1b79d66ce34abc2e63342aed2f89e9b27e7011565bf83f9ce81a892e2,2,3,0.006910123124865035,0.32284075972383636
M1,271,101,1,25,mlp,1.0,0.9200399994850159,4.0,2a944ae1b79d66ce34abc2e63342aed2f89e9b27e7011565bf83f9ce81a892e2,2,3,0.006910123124865035,0.32284075972383636
M1,271,101,1,25,categorical_subset,1.0,0.9200399994850159,4.0,2a944ae1b79d66ce34abc2e63342aed2f89e9b27e7011565bf83f9ce81a892e2,2,3,0.006910123124865035,0.32284075972383636
M1,271,101,1,50,linear,1.0,0.9200399994850159,4.0,2a944ae1b79d66ce34abc2e63342aed2f89e9b27e7011565bf83f9ce81a892e2,2,3,0.006910123124865035,0.4309606682520273
M1,271,101,1,50,mlp,1.0,0.9200399994850159,4.0,2a944ae1b79d66ce34abc2e63342aed2f89e9b27e7011565bf83f9ce81a892e2,2,3,0.006910123124865035,0.4309606682520273
M1,271,101,1,50,categorical_subset,1.0,0.9200399994850159,4.0,2a944ae1b79d66ce34abc2e63342aed2f89e9b27e7011565bf83f9ce81a892e2,2,3,0.006910123124865035,0.4309606682520273
M1,271,101,2,25,linear,1.0,0.9200399994850159,4.0,2a944ae1b79d66ce34abc2e63342aed2f89e9b27e7011565bf83f9ce81a892e2,3,2,0.003999641828411639,0.7324894089285108
M1,271,101,2,25,mlp,1.0,0.9200399994850159,4.0,2a944ae1b79d66ce34abc2e63342aed2f89e9b27e7011565bf83f9ce81a892e2,3,2,0.003999641828411639,0.7324894089285108
M1,271,101,2,25,categorical_subset,1.0,0.9200399994850159,4.0,2a944ae1b79d66ce34abc2e63342aed2f89e9b27e7011565bf83f9ce81a892e2,3,2,0.003999641828411639,0.7324894089285108
M1,271,101,2,50,linear,1.0,0.9200399994850159,4.0,2a944ae1b79d66ce34abc2e63342aed2f89e9b27e7011565bf83f9ce81a892e2,3,2,0.003999641828411639,0.9151339579808615
M1,271,101,2,50,mlp,1.0,0.9200399994850159,4.0,2a944ae1b79d66ce34abc2e63342aed2f89e9b27e7011565bf83f9ce81a892e2,3,2,0.003999641828411639,0.9151339579808615
M1,271,101,2,50,categorical_subset,1.0,0.9200399994850159,4.0,2a944ae1b79d66ce34abc2e63342aed2f89e9b27e7011565bf83f9ce81a892e2,3,2,0.003999641828411639,0.9151339579808615
M1,271,101,3,25,linear,1.0,0.9200399994850159,4.0,2a944ae1b79d66ce34abc2e63342aed2f89e9b27e7011565bf83f9ce81a892e2,4,3,0.002907725920248088,0.32284075972383636
M1,271,101,3,25,mlp,1.0,0.9200399994850159,4.0,2a944ae1b79d66ce34abc2e63342aed2f89e9b27e7011565bf83f9ce81a892e2,4,3,0.002907725920248088,0.32284075972383636
M1,271,101,3,25,categorical_subset,1.0,0.9200399994850159,4.0,2a944ae1b79d66ce34abc2e63342aed2f89e9b27e7011565bf83f9ce81a892e2,4,3,0.002907725920248088,0.32284075972383636
M1,271,101,3,50,linear,1.0,0.9200399994850159,4.0,2a944ae1b79d66ce34abc2e63342aed2f89e9b27e7011565bf83f9ce81a892e2,4,3,0.002907725920248088,0.4309606682520273
M1,271,101,3,50,mlp,1.0,0.9200399994850159,4.0,2a944ae1b79d66ce34abc2e63342aed2f89e9b27e7011565bf83f9ce81a892e2,4,3,0.002907725920248088,0.4309606682520273
M1,271,101,3,50,categorical_subset,1.0,0.9200399994850159,4.0,2a944ae1b79d66ce34abc2e63342aed2f89e9b27e7011565bf83f9ce81a892e2,4,3,0.002907725920248088,0.4309606682520273
M1,271,101,4,25,linear,1.0,0.9200399994850159,4.0,2a944ae1b79d66ce34abc2e63342aed2f89e9b27e7011565bf83f9ce81a892e2,4,3,0.003618885184229873,0.32284075972383636
M1,271,101,4,25,mlp,1.0,0.9200399994850159,4.0,2a944ae1b79d66ce34abc2e63342aed2f89e9b27e7011565bf83f9ce81a892e2,4,3,0.003618885184229873,0.32284075972383636
M1,271,101,4,25,categorical_subset,1.0,0.9200399994850159,4.0,2a944ae1b79d66ce34abc2e63342aed2f89e9b27e7011565bf83f9ce81a892e2,4,3,0.003618885184229873,0.32284075972383636
M1,271,101,4,50,linear,1.0,0.9200399994850159,4.0,2a944ae1b79d66ce34abc2e63342aed2f89e9b27e7011565bf83f9ce81a892e2,4,3,0.003618885184229873,0.4309606682520273
M1,271,101,4,50,mlp,1.0,0.9200399994850159,4.0,2a944ae1b79d66ce34abc2e63342aed2f89e9b27e7011565bf83f9ce81a892e2,4,3,0.003618885184229873,0.4309606682520273
M1,271,101,4,50,categorical_subset,1.0,0.9200399994850159,4.0,2a944ae1b79d66ce34abc2e63342aed2f89e9b27e7011565bf83f9ce81a892e2,4,3,0.003618885184229873,0.4309606682520273
M1,271,101,5,25,linear,1.0,0.9200399994850159,4.0,2a944ae1b79d66ce34abc2e63342aed2f89e9b27e7011565bf83f9ce81a892e2,4,3,0.004483540964647575,0.32284075972383636
M1,271,101,5,25,mlp,1.0,0.9200399994850159,4.0,2a944ae1b79d66ce34abc2e63342aed2f89e9b27e7011565bf83f9ce81a892e2,4,3,0.004483540964647575,0.32284075972383636
M1,271,101,5,25,categorical_subset,1.0,0.9200399994850159,4.0,2a944ae1b79d66ce34abc2e63342aed2f89e9b27e7011565bf83f9ce81a892e2,4,3,0.004483540964647575,0.32284075972383636
M1,271,101,5,50,linear,1.0,0.9200399994850159,4.0,2a944ae1b79d66ce34abc2e63342aed2f89e9b27e7011565bf83f9ce81a892e2,4,3,0.004483540964647575,0.4309606682520273
M1,271,101,5,50,mlp,1.0,0.9200399994850159,4.0,2a944ae1b79d66ce34abc2e63342aed2f89e9b27e7011565bf83f9ce81a892e2,4,3,0.004483540964647575,0.4309606682520273
M1,271,101,5,50,categorical_subset,1.0,0.9200399994850159,4.0,2a944ae1b79d66ce34abc2e63342aed2f89e9b27e7011565bf83f9ce81a892e2,4,3,0.004483540964647575,0.4309606682520273
M1,271,101,6,25,linear,1.0,0.9200399994850159,4.0,2a944ae1b79d66ce34abc2e63342aed2f89e9b27e7011565bf83f9ce81a892e2,4,3,0.001551090005266574,0.32284075972383636
M1,271,101,6,25,mlp,1.0,0.9200399994850159,4.0,2a944ae1b79d66ce34abc2e63342aed2f89e9b27e7011565bf83f9ce81a892e2,4,3,0.001551090005266574,0.32284075972383636
M1,271,101,6,25,categorical_subset,1.0,0.9200399994850159,4.0,2a944ae1b79d66ce34abc2e63342aed2f89e9b27e7011565bf83f9ce81a892e2,4,3,0.001551090005266574,0.32284075972383636
M1,271,101,6,50,linear,1.0,0.9200399994850159,4.0,2a944ae1b79d66ce34abc2e63342aed2f89e9b27e7011565bf83f9ce81a892e2,4,3,0.001551090005266574,0.4309606682520273
M1,271,101,6,50,mlp,1.0,0.9200399994850159,4.0,2a944ae1b79d66ce34abc2e63342aed2f89e9b27e7011565bf83f9ce81a892e2,4,3,0.001551090005266574,0.4309606682520273
M1,271,101,6,50,categorical_subset,1.0,0.9200399994850159,4.0,2a944ae1b79d66ce34abc2e63342aed2f89e9b27e7011565bf83f9ce81a892e2,4,3,0.001551090005266574,0.4309606682520273
M1,271,101,7,25,linear,1.0,0.9200399994850159,4.0,2a944ae1b79d66ce34abc2e63342aed2f89e9b27e7011565bf83f9ce81a892e2,4,4,0.002022299788460903,0.2
M1,271,101,7,25,mlp,1.0,0.9200399994850159,4.0,2a944ae1b79d66ce34abc2e63342aed2f89e9b27e7011565bf83f9ce81a892e2,4,4,0.002022299788460903,0.2
M1,271,101,7,25,categorical_subset,1.0,0.9200399994850159,4.0,2a944ae1b79d66ce34abc2e63342aed2f89e9b27e7011565bf83f9ce81a892e2,4,4,0.002022299788460903,0.2
M1,271,101,7,50,linear,1.0,0.9200399994850159,4.0,2a944ae1b79d66ce34abc2e63342aed2f89e9b27e7011565bf83f9ce81a892e2,4,4,0.002022299788460903,0.2
M1,271,101,7,50,mlp,1.0,0.9200399994850159,4.0,2a944ae1b79d66ce34abc2e63342aed2f89e9b27e7011565bf83f9ce81a892e2,4,4,0.002022299788460903,0.2
M1,271,101,7,50,categorical_subset,1.0,0.9200399994850159,4.0,2a944ae1b79d66ce34abc2e63342aed2f89e9b27e7011565bf83f9ce81a892e2,4,4,0.002022299788460903,0.2
M1,314,17,0,25,linear,1.0,0.9202000007033349,4.0,2a944ae1b79d66ce34abc2e63342aed2f89e9b27e7011565bf83f9ce81a892e2,3,2,0.004255944988168728,0.7324894089285108
M1,314,17,0,25,mlp,1.0,0.9202000007033349,4.0,2a944ae1b79d66ce34abc2e63342aed2f89e9b27e7011565bf83f9ce81a892e2,3,2,0.004255944988168728,0.7324894089285108
M1,314,17,0,25,categorical_subset,1.0,0.9202000007033349,4.0,2a944ae1b79d66ce34abc2e63342aed2f89e9b27e7011565bf83f9ce81a892e2,3,2,0.004255944988168728,0.7324894089285108
M1,314,17,0,50,linear,1.0,0.9202000007033349,4.0,2a944ae1b79d66ce34abc2e63342aed2f89e9b27e7011565bf83f9ce81a892e2,3,2,0.004255944988168728,0.9151339579808615
M1,314,17,0,50,mlp,1.0,0.9202000007033349,4.0,2a944ae1b79d66ce34abc2e63342aed2f89e9b27e7011565bf83f9ce81a892e2,3,2,0.004255944988168728,0.9151339579808615
M1,314,17,0,50,categorical_subset,1.0,0.9202000007033349,4.0,2a944ae1b79d66ce34abc2e63342aed2f89e9b27e7011565bf83f9ce81a892e2,3,2,0.004255944988168728,0.9151339579808615
M1,314,17,1,25,linear,1.0,0.9202000007033349,4.0,2a944ae1b79d66ce34abc2e63342aed2f89e9b27e7011565bf83f9ce81a892e2,3,3,0.007292254918801918,0.32284075972383636
M1,314,17,1,25,mlp,1.0,0.9202000007033349,4.0,2a944ae1b79d66ce34abc2e63342aed2f89e9b27e7011565bf83f9ce81a892e2,3,3,0.007292254918801918,0.32284075972383636
M1,314,17,1,25,categorical_subset,1.0,0.9202000007033349,4.0,2a944ae1b79d66ce34abc2e63342aed2f89e9b27e7011565bf83f9ce81a892e2,3,3,0.007292254918801918,0.32284075972383636
M1,314,17,1,50,linear,1.0,0.9202000007033349,4.0,2a944ae1b79d66ce34abc2e63342aed2f89e9b27e7011565bf83f9ce81a892e2,3,3,0.007292254918801918,0.4309606682520273
M1,314,17,1,50,mlp,1.0,0.9202000007033349,4.0,2a944ae1b79d66ce34abc2e63342aed2f89e9b27e7011565bf83f9ce81a892e2,3,3,0.007292254918801918,0.4309606682520273
M1,314,17,1,50,categorical_subset,1.0,0.9202000007033349,4.0,2a944ae1b79d66ce34abc2e63342aed2f89e9b27e7011565bf83f9ce81a892e2,3,3,0.007292254918801918,0.4309606682520273
M1,314,17,2,25,linear,1.0,0.9202000007033349,4.0,2a944ae1b79d66ce34abc2e63342aed2f89e9b27e7011565bf83f9ce81a892e2,4,2,0.002211025027841708,0.7324894089285108
M1,314,17,2,25,mlp,1.0,0.9202000007033349,4.0,2a944ae1b79d66ce34abc2e63342aed2f89e9b27e7011565bf83f9ce81a892e2,4,2,0.002211025027841708,0.7324894089285108
M1,314,17,2,25,categorical_subset,1.0,0.9202000007033349,4.0,2a944ae1b79d66ce34abc2e63342aed2f89e9b27e7011565bf83f9ce81a892e2,4,2,0.002211025027841708,0.7324894089285108
M1,314,17,2,50,linear,1.0,0.9202000007033349,4.0,2a944ae1b79d66ce34abc2e63342aed2f89e9b27e7011565bf83f9ce81a892e2,4,2,0.002211025027841708,0.9151339579808615
M1,314,17,2,50,mlp,1.0,0.9202000007033349,4.0,2a944ae1b79d66ce34abc2e63342aed2f89e9b27e7011565bf83f9ce81a892e2,4,2,0.002211025027841708,0.9151339579808615
M1,314,17,2,50,categorical_subset,1.0,0.9202000007033349,4.0,2a944ae1b79d66ce34abc2e63342aed2f89e9b27e7011565bf83f9ce81a892e2,4,2,0.002211025027841708,0.9151339579808615
M1,314,17,3,25,linear,1.0,0.9202000007033349,4.0,2a944ae1b79d66ce34abc2e63342aed2f89e9b27e7011565bf83f9ce81a892e2,1,3,0.009415091496863686,0.32284075972383636
M1,314,17,3,25,mlp,1.0,0.9202000007033349,4.0,2a944ae1b79d66ce34abc2e63342aed2f89e9b27e7011565bf83f9ce81a892e2,1,3,0.009415091496863686,0.32284075972383636
M1,314,17,3,25,categorical_subset,1.0,0.9202000007033349,4.0,2a944ae1b79d66ce34abc2e63342aed2f89e9b27e7011565bf83f9ce81a892e2,1,3,0.009415091496863686,0.32284075972383636
M1,314,17,3,50,linear,1.0,0.9202000007033349,4.0,2a944ae1b79d66ce34abc2e63342aed2f89e9b27e7011565bf83f9ce81a892e2,1,3,0.009415091496863686,0.4309606682520273
M1,314,17,3,50,mlp,1.0,0.9202000007033349,4.0,2a944ae1b79d66ce34abc2e63342aed2f89e9b27e7011565bf83f9ce81a892e2,1,3,0.009415091496863686,0.4309606682520273
M1,314,17,3,50,categorical_subset,1.0,0.9202000007033349,4.0,2a944ae1b79d66ce34abc2e63342aed2f89e9b27e7011565bf83f9ce81a892e2,1,3,0.009415091496863686,0.4309606682520273
M1,314,17,4,25,linear,1.0,0.9202000007033349,4.0,2a944ae1b79d66ce34abc2e63342aed2f89e9b27e7011565bf83f9ce81a892e2,4,3,0.00386929630859146,0.32284075972383636
M1,314,17,4,25,mlp,1.0,0.9202000007033349,4.0,2a944ae1b79d66ce34abc2e63342aed2f89e9b27e7011565bf83f9ce81a892e2,4,3,0.00386929630859146,0.32284075972383636
M1,314,17,4,25,categorical_subset,1.0,0.9202000007033349,4.0,2a944ae1b79d66ce34abc2e63342aed2f89e9b27e7011565bf83f9ce81a892e2,4,3,0.00386929630859146,0.32284075972383636
M1,314,17,4,50,linear,1.0,0.9202000007033349,4.0,2a944ae1b79d66ce34abc2e63342aed2f89e9b27e7011565bf83f9ce81a892e2,4,3,0.00386929630859146,0.4309606682520273
M1,314,17,4,50,mlp,1.0,0.9202000007033349,4.0,2a944ae1b79d66ce34abc2e63342aed2f89e9b27e7011565bf83f9ce81a892e2,4,3,0.00386929630859146,0.4309606682520273
M1,314,17,4,50,categorical_subset,1.0,0.9202000007033349,4.0,2a944ae1b79d66ce34abc2e63342aed2f89e9b27e7011565bf83f9ce81a892e2,4,3,0.00386929630859146,0.4309606682520273
M1,314,17,5,25,linear,1.0,0.9202000007033349,4.0,2a944ae1b79d66ce34abc2e63342aed2f89e9b27e7011565bf83f9ce81a892e2,3,3,0.004371426972087945,0.32284075972383636
M1,314,17,5,25,mlp,1.0,0.9202000007033349,4.0,2a944ae1b79d66ce34abc2e63342aed2f89e9b27e7011565bf83f9ce81a892e2,3,3,0.004371426972087945,0.32284075972383636
M1,314,17,5,25,categorical_subset,1.0,0.9202000007033349,4.0,2a944ae1b79d66ce34abc2e63342aed2f89e9b27e7011565bf83f9ce81a892e2,3,3,0.004371426972087945,0.32284075972383636
M1,314,17,5,50,linear,1.0,0.9202000007033349,4.0,2a944ae1b79d66ce34abc2e63342aed2f89e9b27e7011565bf83f9ce81a892e2,3,3,0.004371426972087945,0.4309606682520273
M1,314,17,5,50,mlp,1.0,0.9202000007033349,4.0,2a944ae1b79d66ce34abc2e63342aed2f89e9b27e7011565bf83f9ce81a892e2,3,3,0.004371426972087945,0.4309606682520273
M1,314,17,5,50,categorical_subset,1.0,0.9202000007033349,4.0,2a944ae1b79d66ce34abc2e63342aed2f89e9b27e7011565bf83f9ce81a892e2,3,3,0.004371426972087945,0.4309606682520273
M1,314,17,6,25,linear,1.0,0.9202000007033349,4.0,2a944ae1b79d66ce34abc2e63342aed2f89e9b27e7011565bf83f9ce81a892e2,2,3,0.004146807275337221,0.32284075972383636
M1,314,17,6,25,mlp,1.0,0.9202000007033349,4.0,2a944ae1b79d66ce34abc2e63342aed2f89e9b27e7011565bf83f9ce81a892e2,2,3,0.004146807275337221,0.32284075972383636
M1,314,17,6,25,categorical_subset,1.0,0.9202000007033349,4.0,2a944ae1b79d66ce34abc2e63342aed2f89e9b27e7011565bf83f9ce81a892e2,2,3,0.004146807275337221,0.32284075972383636
M1,314,17,6,50,linear,1.0,0.9202000007033349,4.0,2a944ae1b79d66ce34abc2e63342aed2f89e9b27e7011565bf83f9ce81a892e2,2,3,0.004146807275337221,0.4309606682520273
M1,314,17,6,50,mlp,1.0,0.9202000007033349,4.0,2a944ae1b79d66ce34abc2e63342aed2f89e9b27e7011565bf83f9ce81a892e2,2,3,0.004146807275337221,0.4309606682520273
M1,314,17,6,50,categorical_subset,1.0,0.9202000007033349,4.0,2a944ae1b79d66ce34abc2e63342aed2f89e9b27e7011565bf83f9ce81a892e2,2,3,0.004146807275337221,0.4309606682520273
M1,314,17,7,25,linear,1.0,0.9202000007033349,4.0,2a944ae1b79d66ce34abc2e63342aed2f89e9b27e7011565bf83f9ce81a892e2,3,4,0.004938605060001586,0.2
M1,314,17,7,25,mlp,1.0,0.9202000007033349,4.0,2a944ae1b79d66ce34abc2e63342aed2f89e9b27e7011565bf83f9ce81a892e2,3,4,0.004938605060001586,0.2
M1,314,17,7,25,categorical_subset,1.0,0.9202000007033349,4.0,2a944ae1b79d66ce34abc2e63342aed2f89e9b27e7011565bf83f9ce81a892e2,3,4,0.004938605060001586,0.2
M1,314,17,7,50,linear,1.0,0.9202000007033349,4.0,2a944ae1b79d66ce34abc2e63342aed2f89e9b27e7011565bf83f9ce81a892e2,3,4,0.004938605060001586,0.2
M1,314,17,7,50,mlp,1.0,0.9202000007033349,4.0,2a944ae1b79d66ce34abc2e63342aed2f89e9b27e7011565bf83f9ce81a892e2,3,4,0.004938605060001586,0.2
M1,314,17,7,50,categorical_subset,1.0,0.9202000007033349,4.0,2a944ae1b79d66ce34abc2e63342aed2f89e9b27e7011565bf83f9ce81a892e2,3,4,0.004938605060001586,0.2
M1,314,42,0,25,linear,1.0,0.9200800001621247,4.0,2a944ae1b79d66ce34abc2e63342aed2f89e9b27e7011565bf83f9ce81a892e2,3,2,0.0036841291400397658,0.7324894089285108
M1,314,42,0,25,mlp,1.0,0.9200800001621247,4.0,2a944ae1b79d66ce34abc2e63342aed2f89e9b27e7011565bf83f9ce81a892e2,3,2,0.0036841291400397658,0.7324894089285108
M1,314,42,0,25,categorical_subset,1.0,0.9200800001621247,4.0,2a944ae1b79d66ce34abc2e63342aed2f89e9b27e7011565bf83f9ce81a892e2,3,2,0.0036841291400397658,0.7324894089285108
M1,314,42,0,50,linear,1.0,0.9200800001621247,4.0,2a944ae1b79d66ce34abc2e63342aed2f89e9b27e7011565bf83f9ce81a892e2,3,2,0.0036841291400397658,0.9151339579808615
M1,314,42,0,50,mlp,1.0,0.9200800001621247,4.0,2a944ae1b79d66ce34abc2e63342aed2f89e9b27e7011565bf83f9ce81a892e2,3,2,0.0036841291400397658,0.9151339579808615
M1,314,42,0,50,categorical_subset,1.0,0.9200800001621247,4.0,2a944ae1b79d66ce34abc2e63342aed2f89e9b27e7011565bf83f9ce81a892e2,3,2,0.0036841291400397658,0.9151339579808615
M1,314,42,1,25,linear,1.0,0.9200800001621247,4.0,2a944ae1b79d66ce34abc2e63342aed2f89e9b27e7011565bf83f9ce81a892e2,3,3,0.007292590931627513,0.32284075972383636
M1,314,42,1,25,mlp,1.0,0.9200800001621247,4.0,2a944ae1b79d66ce34abc2e63342aed2f89e9b27e7011565bf83f9ce81a892e2,3,3,0.007292590931627513,0.32284075972383636
M1,314,42,1,25,categorical_subset,1.0,0.9200800001621247,4.0,2a944ae1b79d66ce34abc2e63342aed2f89e9b27e7011565bf83f9ce81a892e2,3,3,0.007292590931627513,0.32284075972383636
M1,314,42,1,50,linear,1.0,0.9200800001621247,4.0,2a944ae1b79d66ce34abc2e63342aed2f89e9b27e7011565bf83f9ce81a892e2,3,3,0.007292590931627513,0.4309606682520273
M1,314,42,1,50,mlp,1.0,0.9200800001621247,4.0,2a944ae1b79d66ce34abc2e63342aed2f89e9b27e7011565bf83f9ce81a892e2,3,3,0.007292590931627513,0.4309606682520273
M1,314,42,1,50,categorical_subset,1.0,0.9200800001621247,4.0,2a944ae1b79d66ce34abc2e63342aed2f89e9b27e7011565bf83f9ce81a892e2,3,3,0.007292590931627513,0.4309606682520273
M1,314,42,2,25,linear,1.0,0.9200800001621247,4.0,2a944ae1b79d66ce34abc2e63342aed2f89e9b27e7011565bf83f9ce81a892e2,4,2,0.003398303100932615,0.7324894089285108
M1,314,42,2,25,mlp,1.0,0.9200800001621247,4.0,2a944ae1b79d66ce34abc2e63342aed2f89e9b27e7011565bf83f9ce81a892e2,4,2,0.003398303100932615,0.7324894089285108
M1,314,42,2,25,categorical_subset,1.0,0.9200800001621247,4.0,2a944ae1b79d66ce34abc2e63342aed2f89e9b27e7011565bf83f9ce81a892e2,4,2,0.003398303100932615,0.7324894089285108
M1,314,42,2,50,linear,1.0,0.9200800001621247,4.0,2a944ae1b79d66ce34abc2e63342aed2f89e9b27e7011565bf83f9ce81a892e2,4,2,0.003398303100932615,0.9151339579808615
M1,314,42,2,50,mlp,1.0,0.9200800001621247,4.0,2a944ae1b79d66ce34abc2e63342aed2f89e9b27e7011565bf83f9ce81a892e2,4,2,0.003398303100932615,0.9151339579808615
M1,314,42,2,50,categorical_subset,1.0,0.9200800001621247,4.0,2a944ae1b79d66ce34abc2e63342aed2f89e9b27e7011565bf83f9ce81a892e2,4,2,0.003398303100932615,0.9151339579808615
M1,314,42,3,25,linear,1.0,0.9200800001621247,4.0,2a944ae1b79d66ce34abc2e63342aed2f89e9b27e7011565bf83f9ce81a892e2,1,3,0.015742573316030295,0.32284075972383636
M1,314,42,3,25,mlp,1.0,0.9200800001621247,4.0,2a944ae1b79d66ce34abc2e63342aed2f89e9b27e7011565bf83f9ce81a892e2,1,3,0.015742573316030295,0.32284075972383636
M1,314,42,3,25,categorical_subset,1.0,0.9200800001621247,4.0,2a944ae1b79d66ce34abc2e63342aed2f89e9b27e7011565bf83f9ce81a892e2,1,3,0.015742573316030295,0.32284075972383636
M1,314,42,3,50,linear,1.0,0.9200800001621247,4.0,2a944ae1b79d66ce34abc2e63342aed2f89e9b27e7011565bf83f9ce81a892e2,1,3,0.015742573316030295,0.4309606682520273
M1,314,42,3,50,mlp,1.0,0.9200800001621247,4.0,2a944ae1b79d66ce34abc2e63342aed2f89e9b27e7011565bf83f9ce81a892e2,1,3,0.015742573316030295,0.4309606682520273
M1,314,42,3,50,categorical_subset,1.0,0.9200800001621247,4.0,2a944ae1b79d66ce34abc2e63342aed2f89e9b27e7011565bf83f9ce81a892e2,1,3,0.015742573316030295,0.4309606682520273
M1,314,42,4,25,linear,1.0,0.9200800001621247,4.0,2a944ae1b79d66ce34abc2e63342aed2f89e9b27e7011565bf83f9ce81a892e2,4,3,0.004233322338874398,0.32284075972383636
M1,314,42,4,25,mlp,1.0,0.9200800001621247,4.0,2a944ae1b79d66ce34abc2e63342aed2f89e9b27e7011565bf83f9ce81a892e2,4,3,0.004233322338874398,0.32284075972383636
M1,314,42,4,25,categorical_subset,1.0,0.9200800001621247,4.0,2a944ae1b79d66ce34abc2e63342aed2f89e9b27e7011565bf83f9ce81a892e2,4,3,0.004233322338874398,0.32284075972383636
M1,314,42,4,50,linear,1.0,0.9200800001621247,4.0,2a944ae1b79d66ce34abc2e63342aed2f89e9b27e7011565bf83f9ce81a892e2,4,3,0.004233322338874398,0.4309606682520273
M1,314,42,4,50,mlp,1.0,0.9200800001621247,4.0,2a944ae1b79d66ce34abc2e63342aed2f89e9b27e7011565bf83f9ce81a892e2,4,3,0.004233322338874398,0.4309606682520273
M1,314,42,4,50,categorical_subset,1.0,0.9200800001621247,4.0,2a944ae1b79d66ce34abc2e63342aed2f89e9b27e7011565bf83f9ce81a892e2,4,3,0.004233322338874398,0.4309606682520273
M1,314,42,5,25,linear,1.0,0.9200800001621247,4.0,2a944ae1b79d66ce34abc2e63342aed2f89e9b27e7011565bf83f9ce81a892e2,3,3,0.004591237882592613,0.32284075972383636
M1,314,42,5,25,mlp,1.0,0.9200800001621247,4.0,2a944ae1b79d66ce34abc2e63342aed2f89e9b27e7011565bf83f9ce81a892e2,3,3,0.004591237882592613,0.32284075972383636
M1,314,42,5,25,categorical_subset,1.0,0.9200800001621247,4.0,2a944ae1b79d66ce34abc2e63342aed2f89e9b27e7011565bf83f9ce81a892e2,3,3,0.004591237882592613,0.32284075972383636
M1,314,42,5,50,linear,1.0,0.9200800001621247,4.0,2a944ae1b79d66ce34abc2e63342aed2f89e9b27e7011565bf83f9ce81a892e2,3,3,0.004591237882592613,0.4309606682520273
M1,314,42,5,50,mlp,1.0,0.9200800001621247,4.0,2a944ae1b79d66ce34abc2e63342aed2f89e9b27e7011565bf83f9ce81a892e2,3,3,0.004591237882592613,0.4309606682520273
M1,314,42,5,50,categorical_subset,1.0,0.9200800001621247,4.0,2a944ae1b79d66ce34abc2e63342aed2f89e9b27e7011565bf83f9ce81a892e2,3,3,0.004591237882592613,0.4309606682520273
M1,314,42,6,25,linear,1.0,0.9200800001621247,4.0,2a944ae1b79d66ce34abc2e63342aed2f89e9b27e7011565bf83f9ce81a892e2,2,3,0.0037117344576230627,0.32284075972383636
M1,314,42,6,25,mlp,1.0,0.9200800001621247,4.0,2a944ae1b79d66ce34abc2e63342aed2f89e9b27e7011565bf83f9ce81a892e2,2,3,0.0037117344576230627,0.32284075972383636
M1,314,42,6,25,categorical_subset,1.0,0.9200800001621247,4.0,2a944ae1b79d66ce34abc2e63342aed2f89e9b27e7011565bf83f9ce81a892e2,2,3,0.0037117344576230627,0.32284075972383636
M1,314,42,6,50,linear,1.0,0.9200800001621247,4.0,2a944ae1b79d66ce34abc2e63342aed2f89e9b27e7011565bf83f9ce81a892e2,2,3,0.0037117344576230627,0.4309606682520273
M1,314,42,6,50,mlp,1.0,0.9200800001621247,4.0,2a944ae1b79d66ce34abc2e63342aed2f89e9b27e7011565bf83f9ce81a892e2,2,3,0.0037117344576230627,0.4309606682520273
M1,314,42,6,50,categorical_subset,1.0,0.9200800001621247,4.0,2a944ae1b79d66ce34abc2e63342aed2f89e9b27e7011565bf83f9ce81a892e2,2,3,0.0037117344576230627,0.4309606682520273
M1,314,42,7,25,linear,1.0,0.9200800001621247,4.0,2a944ae1b79d66ce34abc2e63342aed2f89e9b27e7011565bf83f9ce81a892e2,3,4,0.003730411141327733,0.2
M1,314,42,7,25,mlp,1.0,0.9200800001621247,4.0,2a944ae1b79d66ce34abc2e63342aed2f89e9b27e7011565bf83f9ce81a892e2,3,4,0.003730411141327733,0.2
M1,314,42,7,25,categorical_subset,1.0,0.9200800001621247,4.0,2a944ae1b79d66ce34abc2e63342aed2f89e9b27e7011565bf83f9ce81a892e2,3,4,0.003730411141327733,0.2
M1,314,42,7,50,linear,1.0,0.9200800001621247,4.0,2a944ae1b79d66ce34abc2e63342aed2f89e9b27e7011565bf83f9ce81a892e2,3,4,0.003730411141327733,0.2
M1,314,42,7,50,mlp,1.0,0.9200800001621247,4.0,2a944ae1b79d66ce34abc2e63342aed2f89e9b27e7011565bf83f9ce81a892e2,3,4,0.003730411141327733,0.2
M1,314,42,7,50,categorical_subset,1.0,0.9200800001621247,4.0,2a944ae1b79d66ce34abc2e63342aed2f89e9b27e7011565bf83f9ce81a892e2,3,4,0.003730411141327733,0.2
M1,314,101,0,25,linear,1.0,0.9199999988079071,4.0,2a944ae1b79d66ce34abc2e63342aed2f89e9b27e7011565bf83f9ce81a892e2,3,2,0.00489363346693753,0.7324894089285108
M1,314,101,0,25,mlp,1.0,0.9199999988079071,4.0,2a944ae1b79d66ce34abc2e63342aed2f89e9b27e7011565bf83f9ce81a892e2,3,2,0.00489363346693753,0.7324894089285108
M1,314,101,0,25,categorical_subset,1.0,0.9199999988079071,4.0,2a944ae1b79d66ce34abc2e63342aed2f89e9b27e7011565bf83f9ce81a892e2,3,2,0.00489363346693753,0.7324894089285108
M1,314,101,0,50,linear,1.0,0.9199999988079071,4.0,2a944ae1b79d66ce34abc2e63342aed2f89e9b27e7011565bf83f9ce81a892e2,3,2,0.00489363346693753,0.9151339579808615
M1,314,101,0,50,mlp,1.0,0.9199999988079071,4.0,2a944ae1b79d66ce34abc2e63342aed2f89e9b27e7011565bf83f9ce81a892e2,3,2,0.00489363346693753,0.9151339579808615
M1,314,101,0,50,categorical_subset,1.0,0.9199999988079071,4.0,2a944ae1b79d66ce34abc2e63342aed2f89e9b27e7011565bf83f9ce81a892e2,3,2,0.00489363346693753,0.9151339579808615
M1,314,101,1,25,linear,1.0,0.9199999988079071,4.0,2a944ae1b79d66ce34abc2e63342aed2f89e9b27e7011565bf83f9ce81a892e2,3,3,0.005617520420268644,0.32284075972383636
M1,314,101,1,25,mlp,1.0,0.9199999988079071,4.0,2a944ae1b79d66ce34abc2e63342aed2f89e9b27e7011565bf83f9ce81a892e2,3,3,0.005617520420268644,0.32284075972383636
M1,314,101,1,25,categorical_subset,1.0,0.9199999988079071,4.0,2a944ae1b79d66ce34abc2e63342aed2f89e9b27e7011565bf83f9ce81a892e2,3,3,0.005617520420268644,0.32284075972383636
M1,314,101,1,50,linear,1.0,0.9199999988079071,4.0,2a944ae1b79d66ce34abc2e63342aed2f89e9b27e7011565bf83f9ce81a892e2,3,3,0.005617520420268644,0.4309606682520273
M1,314,101,1,50,mlp,1.0,0.9199999988079071,4.0,2a944ae1b79d66ce34abc2e63342aed2f89e9b27e7011565bf83f9ce81a892e2,3,3,0.005617520420268644,0.4309606682520273
M1,314,101,1,50,categorical_subset,1.0,0.9199999988079071,4.0,2a944ae1b79d66ce34abc2e63342aed2f89e9b27e7011565bf83f9ce81a892e2,3,3,0.005617520420268644,0.4309606682520273
M1,314,101,2,25,linear,1.0,0.9199999988079071,4.0,2a944ae1b79d66ce34abc2e63342aed2f89e9b27e7011565bf83f9ce81a892e2,4,2,0.0025925325053234027,0.7324894089285108
M1,314,101,2,25,mlp,1.0,0.9199999988079071,4.0,2a944ae1b79d66ce34abc2e63342aed2f89e9b27e7011565bf83f9ce81a892e2,4,2,0.0025925325053234027,0.7324894089285108
M1,314,101,2,25,categorical_subset,1.0,0.9199999988079071,4.0,2a944ae1b79d66ce34abc2e63342aed2f89e9b27e7011565bf83f9ce81a892e2,4,2,0.0025925325053234027,0.7324894089285108
M1,314,101,2,50,linear,1.0,0.9199999988079071,4.0,2a944ae1b79d66ce34abc2e63342aed2f89e9b27e7011565bf83f9ce81a892e2,4,2,0.0025925325053234027,0.9151339579808615
M1,314,101,2,50,mlp,1.0,0.9199999988079071,4.0,2a944ae1b79d66ce34abc2e63342aed2f89e9b27e7011565bf83f9ce81a892e2,4,2,0.0025925325053234027,0.9151339579808615
M1,314,101,2,50,categorical_subset,1.0,0.9199999988079071,4.0,2a944ae1b79d66ce34abc2e63342aed2f89e9b27e7011565bf83f9ce81a892e2,4,2,0.0025925325053234027,0.9151339579808615
M1,314,101,3,25,linear,1.0,0.9199999988079071,4.0,2a944ae1b79d66ce34abc2e63342aed2f89e9b27e7011565bf83f9ce81a892e2,1,3,0.009698000102885664,0.32284075972383636
M1,314,101,3,25,mlp,1.0,0.9199999988079071,4.0,2a944ae1b79d66ce34abc2e63342aed2f89e9b27e7011565bf83f9ce81a892e2,1,3,0.009698000102885664,0.32284075972383636
M1,314,101,3,25,categorical_subset,1.0,0.9199999988079071,4.0,2a944ae1b79d66ce34abc2e63342aed2f89e9b27e7011565bf83f9ce81a892e2,1,3,0.009698000102885664,0.32284075972383636
M1,314,101,3,50,linear,1.0,0.9199999988079071,4.0,2a944ae1b79d66ce34abc2e63342aed2f89e9b27e7011565bf83f9ce81a892e2,1,3,0.009698000102885664,0.4309606682520273
M1,314,101,3,50,mlp,1.0,0.9199999988079071,4.0,2a944ae1b79d66ce34abc2e63342aed2f89e9b27e7011565bf83f9ce81a892e2,1,3,0.009698000102885664,0.4309606682520273
M1,314,101,3,50,categorical_subset,1.0,0.9199999988079071,4.0,2a944ae1b79d66ce34abc2e63342aed2f89e9b27e7011565bf83f9ce81a892e2,1,3,0.009698000102885664,0.4309606682520273
M1,314,101,4,25,linear,1.0,0.9199999988079071,4.0,2a944ae1b79d66ce34abc2e63342aed2f89e9b27e7011565bf83f9ce81a892e2,4,3,0.0037848669589748783,0.32284075972383636
M1,314,101,4,25,mlp,1.0,0.9199999988079071,4.0,2a944ae1b79d66ce34abc2e63342aed2f89e9b27e7011565bf83f9ce81a892e2,4,3,0.0037848669589748783,0.32284075972383636
M1,314,101,4,25,categorical_subset,1.0,0.9199999988079071,4.0,2a944ae1b79d66ce34abc2e63342aed2f89e9b27e7011565bf83f9ce81a892e2,4,3,0.0037848669589748783,0.32284075972383636
M1,314,101,4,50,linear,1.0,0.9199999988079071,4.0,2a944ae1b79d66ce34abc2e63342aed2f89e9b27e7011565bf83f9ce81a892e2,4,3,0.0037848669589748783,0.4309606682520273
M1,314,101,4,50,mlp,1.0,0.9199999988079071,4.0,2a944ae1b79d66ce34abc2e63342aed2f89e9b27e7011565bf83f9ce81a892e2,4,3,0.0037848669589748783,0.4309606682520273
M1,314,101,4,50,categorical_subset,1.0,0.9199999988079071,4.0,2a944ae1b79d66ce34abc2e63342aed2f89e9b27e7011565bf83f9ce81a892e2,4,3,0.0037848669589748783,0.4309606682520273
M1,314,101,5,25,linear,1.0,0.9199999988079071,4.0,2a944ae1b79d66ce34abc2e63342aed2f89e9b27e7011565bf83f9ce81a892e2,3,3,0.0043622273993795995,0.32284075972383636
M1,314,101,5,25,mlp,1.0,0.9199999988079071,4.0,2a944ae1b79d66ce34abc2e63342aed2f89e9b27e7011565bf83f9ce81a892e2,3,3,0.0043622273993795995,0.32284075972383636
M1,314,101,5,25,categorical_subset,1.0,0.9199999988079071,4.0,2a944ae1b79d66ce34abc2e63342aed2f89e9b27e7011565bf83f9ce81a892e2,3,3,0.0043622273993795995,0.32284075972383636
M1,314,101,5,50,linear,1.0,0.9199999988079071,4.0,2a944ae1b79d66ce34abc2e63342aed2f89e9b27e7011565bf83f9ce81a892e2,3,3,0.0043622273993795995,0.4309606682520273
M1,314,101,5,50,mlp,1.0,0.9199999988079071,4.0,2a944ae1b79d66ce34abc2e63342aed2f89e9b27e7011565bf83f9ce81a892e2,3,3,0.0043622273993795995,0.4309606682520273
M1,314,101,5,50,categorical_subset,1.0,0.9199999988079071,4.0,2a944ae1b79d66ce34abc2e63342aed2f89e9b27e7011565bf83f9ce81a892e2,3,3,0.0043622273993795995,0.4309606682520273
M1,314,101,6,25,linear,1.0,0.9199999988079071,4.0,2a944ae1b79d66ce34abc2e63342aed2f89e9b27e7011565bf83f9ce81a892e2,2,3,0.004337009513732908,0.32284075972383636
M1,314,101,6,25,mlp,1.0,0.9199999988079071,4.0,2a944ae1b79d66ce34abc2e63342aed2f89e9b27e7011565bf83f9ce81a892e2,2,3,0.004337009513732908,0.32284075972383636
M1,314,101,6,25,categorical_subset,1.0,0.9199999988079071,4.0,2a944ae1b79d66ce34abc2e63342aed2f89e9b27e7011565bf83f9ce81a892e2,2,3,0.004337009513732908,0.32284075972383636
M1,314,101,6,50,linear,1.0,0.9199999988079071,4.0,2a944ae1b79d66ce34abc2e63342aed2f89e9b27e7011565bf83f9ce81a892e2,2,3,0.004337009513732908,0.4309606682520273
M1,314,101,6,50,mlp,1.0,0.9199999988079071,4.0,2a944ae1b79d66ce34abc2e63342aed2f89e9b27e7011565bf83f9ce81a892e2,2,3,0.004337009513732908,0.4309606682520273
M1,314,101,6,50,categorical_subset,1.0,0.9199999988079071,4.0,2a944ae1b79d66ce34abc2e63342aed2f89e9b27e7011565bf83f9ce81a892e2,2,3,0.004337009513732908,0.4309606682520273
M1,314,101,7,25,linear,1.0,0.9199999988079071,4.0,2a944ae1b79d66ce34abc2e63342aed2f89e9b27e7011565bf83f9ce81a892e2,3,4,0.005078408188110364,0.2
M1,314,101,7,25,mlp,1.0,0.9199999988079071,4.0,2a944ae1b79d66ce34abc2e63342aed2f89e9b27e7011565bf83f9ce81a892e2,3,4,0.005078408188110364,0.2
M1,314,101,7,25,categorical_subset,1.0,0.9199999988079071,4.0,2a944ae1b79d66ce34abc2e63342aed2f89e9b27e7011565bf83f9ce81a892e2,3,4,0.005078408188110364,0.2
M1,314,101,7,50,linear,1.0,0.9199999988079071,4.0,2a944ae1b79d66ce34abc2e63342aed2f89e9b27e7011565bf83f9ce81a892e2,3,4,0.005078408188110364,0.2
M1,314,101,7,50,mlp,1.0,0.9199999988079071,4.0,2a944ae1b79d66ce34abc2e63342aed2f89e9b27e7011565bf83f9ce81a892e2,3,4,0.005078408188110364,0.2
M1,314,101,7,50,categorical_subset,1.0,0.9199999988079071,4.0,2a944ae1b79d66ce34abc2e63342aed2f89e9b27e7011565bf83f9ce81a892e2,3,4,0.005078408188110364,0.2
M1,593,17,0,25,linear,1.0,0.9201200008392334,4.0,2a944ae1b79d66ce34abc2e63342aed2f89e9b27e7011565bf83f9ce81a892e2,3,2,0.0011590717727058037,0.7324894089285108
M1,593,17,0,25,mlp,1.0,0.9201200008392334,4.0,2a944ae1b79d66ce34abc2e63342aed2f89e9b27e7011565bf83f9ce81a892e2,3,2,0.0011590717727058037,0.7324894089285108
M1,593,17,0,25,categorical_subset,1.0,0.9201200008392334,4.0,2a944ae1b79d66ce34abc2e63342aed2f89e9b27e7011565bf83f9ce81a892e2,3,2,0.0011590717727058037,0.7324894089285108
M1,593,17,0,50,linear,1.0,0.9201200008392334,4.0,2a944ae1b79d66ce34abc2e63342aed2f89e9b27e7011565bf83f9ce81a892e2,3,2,0.0011590717727058037,0.9151339579808615
M1,593,17,0,50,mlp,1.0,0.9201200008392334,4.0,2a944ae1b79d66ce34abc2e63342aed2f89e9b27e7011565bf83f9ce81a892e2,3,2,0.0011590717727058037,0.9151339579808615
M1,593,17,0,50,categorical_subset,1.0,0.9201200008392334,4.0,2a944ae1b79d66ce34abc2e63342aed2f89e9b27e7011565bf83f9ce81a892e2,3,2,0.0011590717727058037,0.9151339579808615
M1,593,17,1,25,linear,1.0,0.9201200008392334,4.0,2a944ae1b79d66ce34abc2e63342aed2f89e9b27e7011565bf83f9ce81a892e2,2,3,0.010034050828365839,0.32284075972383636
M1,593,17,1,25,mlp,1.0,0.9201200008392334,4.0,2a944ae1b79d66ce34abc2e63342aed2f89e9b27e7011565bf83f9ce81a892e2,2,3,0.010034050828365839,0.32284075972383636
M1,593,17,1,25,categorical_subset,1.0,0.9201200008392334,4.0,2a944ae1b79d66ce34abc2e63342aed2f89e9b27e7011565bf83f9ce81a892e2,2,3,0.010034050828365839,0.32284075972383636
M1,593,17,1,50,linear,1.0,0.9201200008392334,4.0,2a944ae1b79d66ce34abc2e63342aed2f89e9b27e7011565bf83f9ce81a892e2,2,3,0.010034050828365839,0.4309606682520273
M1,593,17,1,50,mlp,1.0,0.9201200008392334,4.0,2a944ae1b79d66ce34abc2e63342aed2f89e9b27e7011565bf83f9ce81a892e2,2,3,0.010034050828365839,0.4309606682520273
M1,593,17,1,50,categorical_subset,1.0,0.9201200008392334,4.0,2a944ae1b79d66ce34abc2e63342aed2f89e9b27e7011565bf83f9ce81a892e2,2,3,0.010034050828365839,0.4309606682520273
M1,593,17,2,25,linear,1.0,0.9201200008392334,4.0,2a944ae1b79d66ce34abc2e63342aed2f89e9b27e7011565bf83f9ce81a892e2,2,2,0.007947594740905738,0.7324894089285108
M1,593,17,2,25,mlp,1.0,0.9201200008392334,4.0,2a944ae1b79d66ce34abc2e63342aed2f89e9b27e7011565bf83f9ce81a892e2,2,2,0.007947594740905738,0.7324894089285108
M1,593,17,2,25,categorical_subset,1.0,0.9201200008392334,4.0,2a944ae1b79d66ce34abc2e63342aed2f89e9b27e7011565bf83f9ce81a892e2,2,2,0.007947594740905738,0.7324894089285108
M1,593,17,2,50,linear,1.0,0.9201200008392334,4.0,2a944ae1b79d66ce34abc2e63342aed2f89e9b27e7011565bf83f9ce81a892e2,2,2,0.007947594740905738,0.9151339579808615
M1,593,17,2,50,mlp,1.0,0.9201200008392334,4.0,2a944ae1b79d66ce34abc2e63342aed2f89e9b27e7011565bf83f9ce81a892e2,2,2,0.007947594740905738,0.9151339579808615
M1,593,17,2,50,categorical_subset,1.0,0.9201200008392334,4.0,2a944ae1b79d66ce34abc2e63342aed2f89e9b27e7011565bf83f9ce81a892e2,2,2,0.007947594740905738,0.9151339579808615
M1,593,17,3,25,linear,1.0,0.9201200008392334,4.0,2a944ae1b79d66ce34abc2e63342aed2f89e9b27e7011565bf83f9ce81a892e2,4,3,0.0021726383703643765,0.32284075972383636
M1,593,17,3,25,mlp,1.0,0.9201200008392334,4.0,2a944ae1b79d66ce34abc2e63342aed2f89e9b27e7011565bf83f9ce81a892e2,4,3,0.0021726383703643765,0.32284075972383636
M1,593,17,3,25,categorical_subset,1.0,0.9201200008392334,4.0,2a944ae1b79d66ce34abc2e63342aed2f89e9b27e7011565bf83f9ce81a892e2,4,3,0.0021726383703643765,0.32284075972383636
M1,593,17,3,50,linear,1.0,0.9201200008392334,4.0,2a944ae1b79d66ce34abc2e63342aed2f89e9b27e7011565bf83f9ce81a892e2,4,3,0.0021726383703643765,0.4309606682520273
M1,593,17,3,50,mlp,1.0,0.9201200008392334,4.0,2a944ae1b79d66ce34abc2e63342aed2f89e9b27e7011565bf83f9ce81a892e2,4,3,0.0021726383703643765,0.4309606682520273
M1,593,17,3,50,categorical_subset,1.0,0.9201200008392334,4.0,2a944ae1b79d66ce34abc2e63342aed2f89e9b27e7011565bf83f9ce81a892e2,4,3,0.0021726383703643765,0.4309606682520273
M1,593,17,4,25,linear,1.0,0.9201200008392334,4.0,2a944ae1b79d66ce34abc2e63342aed2f89e9b27e7011565bf83f9ce81a892e2,4,3,0.0010047828593381092,0.32284075972383636
M1,593,17,4,25,mlp,1.0,0.9201200008392334,4.0,2a944ae1b79d66ce34abc2e63342aed2f89e9b27e7011565bf83f9ce81a892e2,4,3,0.0010047828593381092,0.32284075972383636
M1,593,17,4,25,categorical_subset,1.0,0.9201200008392334,4.0,2a944ae1b79d66ce34abc2e63342aed2f89e9b27e7011565bf83f9ce81a892e2,4,3,0.0010047828593381092,0.32284075972383636
M1,593,17,4,50,linear,1.0,0.9201200008392334,4.0,2a944ae1b79d66ce34abc2e63342aed2f89e9b27e7011565bf83f9ce81a892e2,4,3,0.0010047828593381092,0.4309606682520273
M1,593,17,4,50,mlp,1.0,0.9201200008392334,4.0,2a944ae1b79d66ce34abc2e63342aed2f89e9b27e7011565bf83f9ce81a892e2,4,3,0.0010047828593381092,0.4309606682520273
M1,593,17,4,50,categorical_subset,1.0,0.9201200008392334,4.0,2a944ae1b79d66ce34abc2e63342aed2f89e9b27e7011565bf83f9ce81a892e2,4,3,0.0010047828593381092,0.4309606682520273
M1,593,17,5,25,linear,1.0,0.9201200008392334,4.0,2a944ae1b79d66ce34abc2e63342aed2f89e9b27e7011565bf83f9ce81a892e2,3,3,0.004103501809320304,0.32284075972383636
M1,593,17,5,25,mlp,1.0,0.9201200008392334,4.0,2a944ae1b79d66ce34abc2e63342aed2f89e9b27e7011565bf83f9ce81a892e2,3,3,0.004103501809320304,0.32284075972383636
M1,593,17,5,25,categorical_subset,1.0,0.9201200008392334,4.0,2a944ae1b79d66ce34abc2e63342aed2f89e9b27e7011565bf83f9ce81a892e2,3,3,0.004103501809320304,0.32284075972383636
M1,593,17,5,50,linear,1.0,0.9201200008392334,4.0,2a944ae1b79d66ce34abc2e63342aed2f89e9b27e7011565bf83f9ce81a892e2,3,3,0.004103501809320304,0.4309606682520273
M1,593,17,5,50,mlp,1.0,0.9201200008392334,4.0,2a944ae1b79d66ce34abc2e63342aed2f89e9b27e7011565bf83f9ce81a892e2,3,3,0.004103501809320304,0.4309606682520273
M1,593,17,5,50,categorical_subset,1.0,0.9201200008392334,4.0,2a944ae1b79d66ce34abc2e63342aed2f89e9b27e7011565bf83f9ce81a892e2,3,3,0.004103501809320304,0.4309606682520273
M1,593,17,6,25,linear,1.0,0.9201200008392334,4.0,2a944ae1b79d66ce34abc2e63342aed2f89e9b27e7011565bf83f9ce81a892e2,4,3,0.0010139889553304493,0.32284075972383636
M1,593,17,6,25,mlp,1.0,0.9201200008392334,4.0,2a944ae1b79d66ce34abc2e63342aed2f89e9b27e7011565bf83f9ce81a892e2,4,3,0.0010139889553304493,0.32284075972383636
M1,593,17,6,25,categorical_subset,1.0,0.9201200008392334,4.0,2a944ae1b79d66ce34abc2e63342aed2f89e9b27e7011565bf83f9ce81a892e2,4,3,0.0010139889553304493,0.32284075972383636
M1,593,17,6,50,linear,1.0,0.9201200008392334,4.0,2a944ae1b79d66ce34abc2e63342aed2f89e9b27e7011565bf83f9ce81a892e2,4,3,0.0010139889553304493,0.4309606682520273
M1,593,17,6,50,mlp,1.0,0.9201200008392334,4.0,2a944ae1b79d66ce34abc2e63342aed2f89e9b27e7011565bf83f9ce81a892e2,4,3,0.0010139889553304493,0.4309606682520273
M1,593,17,6,50,categorical_subset,1.0,0.9201200008392334,4.0,2a944ae1b79d66ce34abc2e63342aed2f89e9b27e7011565bf83f9ce81a892e2,4,3,0.0010139889553304493,0.4309606682520273
M1,593,17,7,25,linear,1.0,0.9201200008392334,4.0,2a944ae1b79d66ce34abc2e63342aed2f89e9b27e7011565bf83f9ce81a892e2,3,4,0.0009784328749757323,0.2
M1,593,17,7,25,mlp,1.0,0.9201200008392334,4.0,2a944ae1b79d66ce34abc2e63342aed2f89e9b27e7011565bf83f9ce81a892e2,3,4,0.0009784328749757323,0.2
M1,593,17,7,25,categorical_subset,1.0,0.9201200008392334,4.0,2a944ae1b79d66ce34abc2e63342aed2f89e9b27e7011565bf83f9ce81a892e2,3,4,0.0009784328749757323,0.2
M1,593,17,7,50,linear,1.0,0.9201200008392334,4.0,2a944ae1b79d66ce34abc2e63342aed2f89e9b27e7011565bf83f9ce81a892e2,3,4,0.0009784328749757323,0.2
M1,593,17,7,50,mlp,1.0,0.9201200008392334,4.0,2a944ae1b79d66ce34abc2e63342aed2f89e9b27e7011565bf83f9ce81a892e2,3,4,0.0009784328749757323,0.2
M1,593,17,7,50,categorical_subset,1.0,0.9201200008392334,4.0,2a944ae1b79d66ce34abc2e63342aed2f89e9b27e7011565bf83f9ce81a892e2,3,4,0.0009784328749757323,0.2
M1,593,42,0,25,linear,1.0,0.9201199993491173,4.0,2a944ae1b79d66ce34abc2e63342aed2f89e9b27e7011565bf83f9ce81a892e2,3,2,0.001686871043128672,0.7324894089285108
M1,593,42,0,25,mlp,1.0,0.9201199993491173,4.0,2a944ae1b79d66ce34abc2e63342aed2f89e9b27e7011565bf83f9ce81a892e2,3,2,0.001686871043128672,0.7324894089285108
M1,593,42,0,25,categorical_subset,1.0,0.9201199993491173,4.0,2a944ae1b79d66ce34abc2e63342aed2f89e9b27e7011565bf83f9ce81a892e2,3,2,0.001686871043128672,0.7324894089285108
M1,593,42,0,50,linear,1.0,0.9201199993491173,4.0,2a944ae1b79d66ce34abc2e63342aed2f89e9b27e7011565bf83f9ce81a892e2,3,2,0.001686871043128672,0.9151339579808615
M1,593,42,0,50,mlp,1.0,0.9201199993491173,4.0,2a944ae1b79d66ce34abc2e63342aed2f89e9b27e7011565bf83f9ce81a892e2,3,2,0.001686871043128672,0.9151339579808615
M1,593,42,0,50,categorical_subset,1.0,0.9201199993491173,4.0,2a944ae1b79d66ce34abc2e63342aed2f89e9b27e7011565bf83f9ce81a892e2,3,2,0.001686871043128672,0.9151339579808615
M1,593,42,1,25,linear,1.0,0.9201199993491173,4.0,2a944ae1b79d66ce34abc2e63342aed2f89e9b27e7011565bf83f9ce81a892e2,2,3,0.009625921366294997,0.32284075972383636
M1,593,42,1,25,mlp,1.0,0.9201199993491173,4.0,2a944ae1b79d66ce34abc2e63342aed2f89e9b27e7011565bf83f9ce81a892e2,2,3,0.009625921366294997,0.32284075972383636
M1,593,42,1,25,categorical_subset,1.0,0.9201199993491173,4.0,2a944ae1b79d66ce34abc2e63342aed2f89e9b27e7011565bf83f9ce81a892e2,2,3,0.009625921366294997,0.32284075972383636
M1,593,42,1,50,linear,1.0,0.9201199993491173,4.0,2a944ae1b79d66ce34abc2e63342aed2f89e9b27e7011565bf83f9ce81a892e2,2,3,0.009625921366294997,0.4309606682520273
M1,593,42,1,50,mlp,1.0,0.9201199993491173,4.0,2a944ae1b79d66ce34abc2e63342aed2f89e9b27e7011565bf83f9ce81a892e2,2,3,0.009625921366294997,0.4309606682520273
M1,593,42,1,50,categorical_subset,1.0,0.9201199993491173,4.0,2a944ae1b79d66ce34abc2e63342aed2f89e9b27e7011565bf83f9ce81a892e2,2,3,0.009625921366294997,0.4309606682520273
M1,593,42,2,25,linear,1.0,0.9201199993491173,4.0,2a944ae1b79d66ce34abc2e63342aed2f89e9b27e7011565bf83f9ce81a892e2,2,2,0.01075119506303716,0.7324894089285108
M1,593,42,2,25,mlp,1.0,0.9201199993491173,4.0,2a944ae1b79d66ce34abc2e63342aed2f89e9b27e7011565bf83f9ce81a892e2,2,2,0.01075119506303716,0.7324894089285108
M1,593,42,2,25,categorical_subset,1.0,0.9201199993491173,4.0,2a944ae1b79d66ce34abc2e63342aed2f89e9b27e7011565bf83f9ce81a892e2,2,2,0.01075119506303716,0.7324894089285108
M1,593,42,2,50,linear,1.0,0.9201199993491173,4.0,2a944ae1b79d66ce34abc2e63342aed2f89e9b27e7011565bf83f9ce81a892e2,2,2,0.01075119506303716,0.9151339579808615
M1,593,42,2,50,mlp,1.0,0.9201199993491173,4.0,2a944ae1b79d66ce34abc2e63342aed2f89e9b27e7011565bf83f9ce81a892e2,2,2,0.01075119506303716,0.9151339579808615
M1,593,42,2,50,categorical_subset,1.0,0.9201199993491173,4.0,2a944ae1b79d66ce34abc2e63342aed2f89e9b27e7011565bf83f9ce81a892e2,2,2,0.01075119506303716,0.9151339579808615
M1,593,42,3,25,linear,1.0,0.9201199993491173,4.0,2a944ae1b79d66ce34abc2e63342aed2f89e9b27e7011565bf83f9ce81a892e2,4,3,0.0038848905359634266,0.32284075972383636
M1,593,42,3,25,mlp,1.0,0.9201199993491173,4.0,2a944ae1b79d66ce34abc2e63342aed2f89e9b27e7011565bf83f9ce81a892e2,4,3,0.0038848905359634266,0.32284075972383636
M1,593,42,3,25,categorical_subset,1.0,0.9201199993491173,4.0,2a944ae1b79d66ce34abc2e63342aed2f89e9b27e7011565bf83f9ce81a892e2,4,3,0.0038848905359634266,0.32284075972383636
M1,593,42,3,50,linear,1.0,0.9201199993491173,4.0,2a944ae1b79d66ce34abc2e63342aed2f89e9b27e7011565bf83f9ce81a892e2,4,3,0.0038848905359634266,0.4309606682520273
M1,593,42,3,50,mlp,1.0,0.9201199993491173,4.0,2a944ae1b79d66ce34abc2e63342aed2f89e9b27e7011565bf83f9ce81a892e2,4,3,0.0038848905359634266,0.4309606682520273
M1,593,42,3,50,categorical_subset,1.0,0.9201199993491173,4.0,2a944ae1b79d66ce34abc2e63342aed2f89e9b27e7011565bf83f9ce81a892e2,4,3,0.0038848905359634266,0.4309606682520273
M1,593,42,4,25,linear,1.0,0.9201199993491173,4.0,2a944ae1b79d66ce34abc2e63342aed2f89e9b27e7011565bf83f9ce81a892e2,4,3,0.0037341057791140894,0.32284075972383636
M1,593,42,4,25,mlp,1.0,0.9201199993491173,4.0,2a944ae1b79d66ce34abc2e63342aed2f89e9b27e7011565bf83f9ce81a892e2,4,3,0.0037341057791140894,0.32284075972383636
M1,593,42,4,25,categorical_subset,1.0,0.9201199993491173,4.0,2a944ae1b79d66ce34abc2e63342aed2f89e9b27e7011565bf83f9ce81a892e2,4,3,0.0037341057791140894,0.32284075972383636
M1,593,42,4,50,linear,1.0,0.9201199993491173,4.0,2a944ae1b79d66ce34abc2e63342aed2f89e9b27e7011565bf83f9ce81a892e2,4,3,0.0037341057791140894,0.4309606682520273
M1,593,42,4,50,mlp,1.0,0.9201199993491173,4.0,2a944ae1b79d66ce34abc2e63342aed2f89e9b27e7011565bf83f9ce81a892e2,4,3,0.0037341057791140894,0.4309606682520273
M1,593,42,4,50,categorical_subset,1.0,0.9201199993491173,4.0,2a944ae1b79d66ce34abc2e63342aed2f89e9b27e7011565bf83f9ce81a892e2,4,3,0.0037341057791140894,0.4309606682520273
M1,593,42,5,25,linear,1.0,0.9201199993491173,4.0,2a944ae1b79d66ce34abc2e63342aed2f89e9b27e7011565bf83f9ce81a892e2,3,3,0.004362044428117922,0.32284075972383636
M1,593,42,5,25,mlp,1.0,0.9201199993491173,4.0,2a944ae1b79d66ce34abc2e63342aed2f89e9b27e7011565bf83f9ce81a892e2,3,3,0.004362044428117922,0.32284075972383636
M1,593,42,5,25,categorical_subset,1.0,0.9201199993491173,4.0,2a944ae1b79d66ce34abc2e63342aed2f89e9b27e7011565bf83f9ce81a892e2,3,3,0.004362044428117922,0.32284075972383636
M1,593,42,5,50,linear,1.0,0.9201199993491173,4.0,2a944ae1b79d66ce34abc2e63342aed2f89e9b27e7011565bf83f9ce81a892e2,3,3,0.004362044428117922,0.4309606682520273
M1,593,42,5,50,mlp,1.0,0.9201199993491173,4.0,2a944ae1b79d66ce34abc2e63342aed2f89e9b27e7011565bf83f9ce81a892e2,3,3,0.004362044428117922,0.4309606682520273
M1,593,42,5,50,categorical_subset,1.0,0.9201199993491173,4.0,2a944ae1b79d66ce34abc2e63342aed2f89e9b27e7011565bf83f9ce81a892e2,3,3,0.004362044428117922,0.4309606682520273
M1,593,42,6,25,linear,1.0,0.9201199993491173,4.0,2a944ae1b79d66ce34abc2e63342aed2f89e9b27e7011565bf83f9ce81a892e2,4,3,0.0023095092867652226,0.32284075972383636
M1,593,42,6,25,mlp,1.0,0.9201199993491173,4.0,2a944ae1b79d66ce34abc2e63342aed2f89e9b27e7011565bf83f9ce81a892e2,4,3,0.0023095092867652226,0.32284075972383636
M1,593,42,6,25,categorical_subset,1.0,0.9201199993491173,4.0,2a944ae1b79d66ce34abc2e63342aed2f89e9b27e7011565bf83f9ce81a892e2,4,3,0.0023095092867652226,0.32284075972383636
M1,593,42,6,50,linear,1.0,0.9201199993491173,4.0,2a944ae1b79d66ce34abc2e63342aed2f89e9b27e7011565bf83f9ce81a892e2,4,3,0.0023095092867652226,0.4309606682520273
M1,593,42,6,50,mlp,1.0,0.9201199993491173,4.0,2a944ae1b79d66ce34abc2e63342aed2f89e9b27e7011565bf83f9ce81a892e2,4,3,0.0023095092867652226,0.4309606682520273
M1,593,42,6,50,categorical_subset,1.0,0.9201199993491173,4.0,2a944ae1b79d66ce34abc2e63342aed2f89e9b27e7011565bf83f9ce81a892e2,4,3,0.0023095092867652226,0.4309606682520273
M1,593,42,7,25,linear,1.0,0.9201199993491173,4.0,2a944ae1b79d66ce34abc2e63342aed2f89e9b27e7011565bf83f9ce81a892e2,3,4,0.0016255584576466316,0.2
M1,593,42,7,25,mlp,1.0,0.9201199993491173,4.0,2a944ae1b79d66ce34abc2e63342aed2f89e9b27e7011565bf83f9ce81a892e2,3,4,0.0016255584576466316,0.2
M1,593,42,7,25,categorical_subset,1.0,0.9201199993491173,4.0,2a944ae1b79d66ce34abc2e63342aed2f89e9b27e7011565bf83f9ce81a892e2,3,4,0.0016255584576466316,0.2
M1,593,42,7,50,linear,1.0,0.9201199993491173,4.0,2a944ae1b79d66ce34abc2e63342aed2f89e9b27e7011565bf83f9ce81a892e2,3,4,0.0016255584576466316,0.2
M1,593,42,7,50,mlp,1.0,0.9201199993491173,4.0,2a944ae1b79d66ce34abc2e63342aed2f89e9b27e7011565bf83f9ce81a892e2,3,4,0.0016255584576466316,0.2
M1,593,42,7,50,categorical_subset,1.0,0.9201199993491173,4.0,2a944ae1b79d66ce34abc2e63342aed2f89e9b27e7011565bf83f9ce81a892e2,3,4,0.0016255584576466316,0.2
M1,593,101,0,25,linear,1.0,0.9199199989438057,4.0,2a944ae1b79d66ce34abc2e63342aed2f89e9b27e7011565bf83f9ce81a892e2,3,2,0.0010312764828345408,0.7324894089285108
M1,593,101,0,25,mlp,1.0,0.9199199989438057,4.0,2a944ae1b79d66ce34abc2e63342aed2f89e9b27e7011565bf83f9ce81a892e2,3,2,0.0010312764828345408,0.7324894089285108
M1,593,101,0,25,categorical_subset,1.0,0.9199199989438057,4.0,2a944ae1b79d66ce34abc2e63342aed2f89e9b27e7011565bf83f9ce81a892e2,3,2,0.0010312764828345408,0.7324894089285108
M1,593,101,0,50,linear,1.0,0.9199199989438057,4.0,2a944ae1b79d66ce34abc2e63342aed2f89e9b27e7011565bf83f9ce81a892e2,3,2,0.0010312764828345408,0.9151339579808615
M1,593,101,0,50,mlp,1.0,0.9199199989438057,4.0,2a944ae1b79d66ce34abc2e63342aed2f89e9b27e7011565bf83f9ce81a892e2,3,2,0.0010312764828345408,0.9151339579808615
M1,593,101,0,50,categorical_subset,1.0,0.9199199989438057,4.0,2a944ae1b79d66ce34abc2e63342aed2f89e9b27e7011565bf83f9ce81a892e2,3,2,0.0010312764828345408,0.9151339579808615
M1,593,101,1,25,linear,1.0,0.9199199989438057,4.0,2a944ae1b79d66ce34abc2e63342aed2f89e9b27e7011565bf83f9ce81a892e2,2,3,0.0058448745473798,0.32284075972383636
M1,593,101,1,25,mlp,1.0,0.9199199989438057,4.0,2a944ae1b79d66ce34abc2e63342aed2f89e9b27e7011565bf83f9ce81a892e2,2,3,0.0058448745473798,0.32284075972383636
M1,593,101,1,25,categorical_subset,1.0,0.9199199989438057,4.0,2a944ae1b79d66ce34abc2e63342aed2f89e9b27e7011565bf83f9ce81a892e2,2,3,0.0058448745473798,0.32284075972383636
M1,593,101,1,50,linear,1.0,0.9199199989438057,4.0,2a944ae1b79d66ce34abc2e63342aed2f89e9b27e7011565bf83f9ce81a892e2,2,3,0.0058448745473798,0.4309606682520273
M1,593,101,1,50,mlp,1.0,0.9199199989438057,4.0,2a944ae1b79d66ce34abc2e63342aed2f89e9b27e7011565bf83f9ce81a892e2,2,3,0.0058448745473798,0.4309606682520273
M1,593,101,1,50,categorical_subset,1.0,0.9199199989438057,4.0,2a944ae1b79d66ce34abc2e63342aed2f89e9b27e7011565bf83f9ce81a892e2,2,3,0.0058448745473798,0.4309606682520273
M1,593,101,2,25,linear,1.0,0.9199199989438057,4.0,2a944ae1b79d66ce34abc2e63342aed2f89e9b27e7011565bf83f9ce81a892e2,2,2,0.01061847980283215,0.7324894089285108
M1,593,101,2,25,mlp,1.0,0.9199199989438057,4.0,2a944ae1b79d66ce34abc2e63342aed2f89e9b27e7011565bf83f9ce81a892e2,2,2,0.01061847980283215,0.7324894089285108
M1,593,101,2,25,categorical_subset,1.0,0.9199199989438057,4.0,2a944ae1b79d66ce34abc2e63342aed2f89e9b27e7011565bf83f9ce81a892e2,2,2,0.01061847980283215,0.7324894089285108
M1,593,101,2,50,linear,1.0,0.9199199989438057,4.0,2a944ae1b79d66ce34abc2e63342aed2f89e9b27e7011565bf83f9ce81a892e2,2,2,0.01061847980283215,0.9151339579808615
M1,593,101,2,50,mlp,1.0,0.9199199989438057,4.0,2a944ae1b79d66ce34abc2e63342aed2f89e9b27e7011565bf83f9ce81a892e2,2,2,0.01061847980283215,0.9151339579808615
M1,593,101,2,50,categorical_subset,1.0,0.9199199989438057,4.0,2a944ae1b79d66ce34abc2e63342aed2f89e9b27e7011565bf83f9ce81a892e2,2,2,0.01061847980283215,0.9151339579808615
M1,593,101,3,25,linear,1.0,0.9199199989438057,4.0,2a944ae1b79d66ce34abc2e63342aed2f89e9b27e7011565bf83f9ce81a892e2,4,3,0.002659170770156324,0.32284075972383636
M1,593,101,3,25,mlp,1.0,0.9199199989438057,4.0,2a944ae1b79d66ce34abc2e63342aed2f89e9b27e7011565bf83f9ce81a892e2,4,3,0.002659170770156324,0.32284075972383636
M1,593,101,3,25,categorical_subset,1.0,0.9199199989438057,4.0,2a944ae1b79d66ce34abc2e63342aed2f89e9b27e7011565bf83f9ce81a892e2,4,3,0.002659170770156324,0.32284075972383636
M1,593,101,3,50,linear,1.0,0.9199199989438057,4.0,2a944ae1b79d66ce34abc2e63342aed2f89e9b27e7011565bf83f9ce81a892e2,4,3,0.002659170770156324,0.4309606682520273
M1,593,101,3,50,mlp,1.0,0.9199199989438057,4.0,2a944ae1b79d66ce34abc2e63342aed2f89e9b27e7011565bf83f9ce81a892e2,4,3,0.002659170770156324,0.4309606682520273
M1,593,101,3,50,categorical_subset,1.0,0.9199199989438057,4.0,2a944ae1b79d66ce34abc2e63342aed2f89e9b27e7011565bf83f9ce81a892e2,4,3,0.002659170770156324,0.4309606682520273
M1,593,101,4,25,linear,1.0,0.9199199989438057,4.0,2a944ae1b79d66ce34abc2e63342aed2f89e9b27e7011565bf83f9ce81a892e2,4,3,0.0022787299320340608,0.32284075972383636
M1,593,101,4,25,mlp,1.0,0.9199199989438057,4.0,2a944ae1b79d66ce34abc2e63342aed2f89e9b27e7011565bf83f9ce81a892e2,4,3,0.0022787299320340608,0.32284075972383636
M1,593,101,4,25,categorical_subset,1.0,0.9199199989438057,4.0,2a944ae1b79d66ce34abc2e63342aed2f89e9b27e7011565bf83f9ce81a892e2,4,3,0.0022787299320340608,0.32284075972383636
M1,593,101,4,50,linear,1.0,0.9199199989438057,4.0,2a944ae1b79d66ce34abc2e63342aed2f89e9b27e7011565bf83f9ce81a892e2,4,3,0.0022787299320340608,0.4309606682520273
M1,593,101,4,50,mlp,1.0,0.9199199989438057,4.0,2a944ae1b79d66ce34abc2e63342aed2f89e9b27e7011565bf83f9ce81a892e2,4,3,0.0022787299320340608,0.4309606682520273
M1,593,101,4,50,categorical_subset,1.0,0.9199199989438057,4.0,2a944ae1b79d66ce34abc2e63342aed2f89e9b27e7011565bf83f9ce81a892e2,4,3,0.0022787299320340608,0.4309606682520273
M1,593,101,5,25,linear,1.0,0.9199199989438057,4.0,2a944ae1b79d66ce34abc2e63342aed2f89e9b27e7011565bf83f9ce81a892e2,3,3,0.003992761110292148,0.32284075972383636
M1,593,101,5,25,mlp,1.0,0.9199199989438057,4.0,2a944ae1b79d66ce34abc2e63342aed2f89e9b27e7011565bf83f9ce81a892e2,3,3,0.003992761110292148,0.32284075972383636
M1,593,101,5,25,categorical_subset,1.0,0.9199199989438057,4.0,2a944ae1b79d66ce34abc2e63342aed2f89e9b27e7011565bf83f9ce81a892e2,3,3,0.003992761110292148,0.32284075972383636
M1,593,101,5,50,linear,1.0,0.9199199989438057,4.0,2a944ae1b79d66ce34abc2e63342aed2f89e9b27e7011565bf83f9ce81a892e2,3,3,0.003992761110292148,0.4309606682520273
M1,593,101,5,50,mlp,1.0,0.9199199989438057,4.0,2a944ae1b79d66ce34abc2e63342aed2f89e9b27e7011565bf83f9ce81a892e2,3,3,0.003992761110292148,0.4309606682520273
M1,593,101,5,50,categorical_subset,1.0,0.9199199989438057,4.0,2a944ae1b79d66ce34abc2e63342aed2f89e9b27e7011565bf83f9ce81a892e2,3,3,0.003992761110292148,0.4309606682520273
M1,593,101,6,25,linear,1.0,0.9199199989438057,4.0,2a944ae1b79d66ce34abc2e63342aed2f89e9b27e7011565bf83f9ce81a892e2,4,3,0.0012004331016323515,0.32284075972383636
M1,593,101,6,25,mlp,1.0,0.9199199989438057,4.0,2a944ae1b79d66ce34abc2e63342aed2f89e9b27e7011565bf83f9ce81a892e2,4,3,0.0012004331016323515,0.32284075972383636
M1,593,101,6,25,categorical_subset,1.0,0.9199199989438057,4.0,2a944ae1b79d66ce34abc2e63342aed2f89e9b27e7011565bf83f9ce81a892e2,4,3,0.0012004331016323515,0.32284075972383636
M1,593,101,6,50,linear,1.0,0.9199199989438057,4.0,2a944ae1b79d66ce34abc2e63342aed2f89e9b27e7011565bf83f9ce81a892e2,4,3,0.0012004331016323515,0.4309606682520273
M1,593,101,6,50,mlp,1.0,0.9199199989438057,4.0,2a944ae1b79d66ce34abc2e63342aed2f89e9b27e7011565bf83f9ce81a892e2,4,3,0.0012004331016323515,0.4309606682520273
M1,593,101,6,50,categorical_subset,1.0,0.9199199989438057,4.0,2a944ae1b79d66ce34abc2e63342aed2f89e9b27e7011565bf83f9ce81a892e2,4,3,0.0012004331016323515,0.4309606682520273
M1,593,101,7,25,linear,1.0,0.9199199989438057,4.0,2a944ae1b79d66ce34abc2e63342aed2f89e9b27e7011565bf83f9ce81a892e2,3,4,0.0008839607953524816,0.2
M1,593,101,7,25,mlp,1.0,0.9199199989438057,4.0,2a944ae1b79d66ce34abc2e63342aed2f89e9b27e7011565bf83f9ce81a892e2,3,4,0.0008839607953524816,0.2
M1,593,101,7,25,categorical_subset,1.0,0.9199199989438057,4.0,2a944ae1b79d66ce34abc2e63342aed2f89e9b27e7011565bf83f9ce81a892e2,3,4,0.0008839607953524816,0.2
M1,593,101,7,50,linear,1.0,0.9199199989438057,4.0,2a944ae1b79d66ce34abc2e63342aed2f89e9b27e7011565bf83f9ce81a892e2,3,4,0.0008839607953524816,0.2
M1,593,101,7,50,mlp,1.0,0.9199199989438057,4.0,2a944ae1b79d66ce34abc2e63342aed2f89e9b27e7011565bf83f9ce81a892e2,3,4,0.0008839607953524816,0.2
M1,593,101,7,50,categorical_subset,1.0,0.9199199989438057,4.0,2a944ae1b79d66ce34abc2e63342aed2f89e9b27e7011565bf83f9ce81a892e2,3,4,0.0008839607953524816,0.2
M2,271,17,0,25,linear,1.0,0.9193999990820885,4.0,2a944ae1b79d66ce34abc2e63342aed2f89e9b27e7011565bf83f9ce81a892e2,2,2,0.008867549548198277,0.7324894089285108
M2,271,17,0,25,mlp,1.0,0.9193999990820885,4.0,2a944ae1b79d66ce34abc2e63342aed2f89e9b27e7011565bf83f9ce81a892e2,2,2,0.008867549548198277,0.7324894089285108
M2,271,17,0,25,categorical_subset,1.0,0.9193999990820885,4.0,2a944ae1b79d66ce34abc2e63342aed2f89e9b27e7011565bf83f9ce81a892e2,2,2,0.008867549548198277,0.7324894089285108
M2,271,17,0,50,linear,1.0,0.9193999990820885,4.0,2a944ae1b79d66ce34abc2e63342aed2f89e9b27e7011565bf83f9ce81a892e2,2,2,0.008867549548198277,0.9151339579808615
M2,271,17,0,50,mlp,1.0,0.9193999990820885,4.0,2a944ae1b79d66ce34abc2e63342aed2f89e9b27e7011565bf83f9ce81a892e2,2,2,0.008867549548198277,0.9151339579808615
M2,271,17,0,50,categorical_subset,1.0,0.9193999990820885,4.0,2a944ae1b79d66ce34abc2e63342aed2f89e9b27e7011565bf83f9ce81a892e2,2,2,0.008867549548198277,0.9151339579808615
M2,271,17,1,25,linear,1.0,0.9193999990820885,4.0,2a944ae1b79d66ce34abc2e63342aed2f89e9b27e7011565bf83f9ce81a892e2,2,3,0.007744319704995421,0.32284075972383636
M2,271,17,1,25,mlp,1.0,0.9193999990820885,4.0,2a944ae1b79d66ce34abc2e63342aed2f89e9b27e7011565bf83f9ce81a892e2,2,3,0.007744319704995421,0.32284075972383636
M2,271,17,1,25,categorical_subset,1.0,0.9193999990820885,4.0,2a944ae1b79d66ce34abc2e63342aed2f89e9b27e7011565bf83f9ce81a892e2,2,3,0.007744319704995421,0.32284075972383636
M2,271,17,1,50,linear,1.0,0.9193999990820885,4.0,2a944ae1b79d66ce34abc2e63342aed2f89e9b27e7011565bf83f9ce81a892e2,2,3,0.007744319704995421,0.4309606682520273
M2,271,17,1,50,mlp,1.0,0.9193999990820885,4.0,2a944ae1b79d66ce34abc2e63342aed2f89e9b27e7011565bf83f9ce81a892e2,2,3,0.007744319704995421,0.4309606682520273
M2,271,17,1,50,categorical_subset,1.0,0.9193999990820885,4.0,2a944ae1b79d66ce34abc2e63342aed2f89e9b27e7011565bf83f9ce81a892e2,2,3,0.007744319704995421,0.4309606682520273
M2,271,17,2,25,linear,1.0,0.9193999990820885,4.0,2a944ae1b79d66ce34abc2e63342aed2f89e9b27e7011565bf83f9ce81a892e2,3,3,0.004780589018525122,0.32284075972383636
M2,271,17,2,25,mlp,1.0,0.9193999990820885,4.0,2a944ae1b79d66ce34abc2e63342aed2f89e9b27e7011565bf83f9ce81a892e2,3,3,0.004780589018525122,0.32284075972383636
M2,271,17,2,25,categorical_subset,1.0,0.9193999990820885,4.0,2a944ae1b79d66ce34abc2e63342aed2f89e9b27e7011565bf83f9ce81a892e2,3,3,0.004780589018525122,0.32284075972383636
M2,271,17,2,50,linear,1.0,0.9193999990820885,4.0,2a944ae1b79d66ce34abc2e63342aed2f89e9b27e7011565bf83f9ce81a892e2,3,3,0.004780589018525122,0.4309606682520273
M2,271,17,2,50,mlp,1.0,0.9193999990820885,4.0,2a944ae1b79d66ce34abc2e63342aed2f89e9b27e7011565bf83f9ce81a892e2,3,3,0.004780589018525122,0.4309606682520273
M2,271,17,2,50,categorical_subset,1.0,0.9193999990820885,4.0,2a944ae1b79d66ce34abc2e63342aed2f89e9b27e7011565bf83f9ce81a892e2,3,3,0.004780589018525122,0.4309606682520273
M2,271,17,3,25,linear,1.0,0.9193999990820885,4.0,2a944ae1b79d66ce34abc2e63342aed2f89e9b27e7011565bf83f9ce81a892e2,4,2,0.003148658850489377,0.7324894089285108
M2,271,17,3,25,mlp,1.0,0.9193999990820885,4.0,2a944ae1b79d66ce34abc2e63342aed2f89e9b27e7011565bf83f9ce81a892e2,4,2,0.003148658850489377,0.7324894089285108
M2,271,17,3,25,categorical_subset,1.0,0.9193999990820885,4.0,2a944ae1b79d66ce34abc2e63342aed2f89e9b27e7011565bf83f9ce81a892e2,4,2,0.003148658850489377,0.7324894089285108
M2,271,17,3,50,linear,1.0,0.9193999990820885,4.0,2a944ae1b79d66ce34abc2e63342aed2f89e9b27e7011565bf83f9ce81a892e2,4,2,0.003148658850489377,0.9151339579808615
M2,271,17,3,50,mlp,1.0,0.9193999990820885,4.0,2a944ae1b79d66ce34abc2e63342aed2f89e9b27e7011565bf83f9ce81a892e2,4,2,0.003148658850489377,0.9151339579808615
M2,271,17,3,50,categorical_subset,1.0,0.9193999990820885,4.0,2a944ae1b79d66ce34abc2e63342aed2f89e9b27e7011565bf83f9ce81a892e2,4,2,0.003148658850489377,0.9151339579808615
M2,271,17,4,25,linear,1.0,0.9193999990820885,4.0,2a944ae1b79d66ce34abc2e63342aed2f89e9b27e7011565bf83f9ce81a892e2,4,3,0.0030036772123551306,0.32284075972383636
M2,271,17,4,25,mlp,1.0,0.9193999990820885,4.0,2a944ae1b79d66ce34abc2e63342aed2f89e9b27e7011565bf83f9ce81a892e2,4,3,0.0030036772123551306,0.32284075972383636
M2,271,17,4,25,categorical_subset,1.0,0.9193999990820885,4.0,2a944ae1b79d66ce34abc2e63342aed2f89e9b27e7011565bf83f9ce81a892e2,4,3,0.0030036772123551306,0.32284075972383636
M2,271,17,4,50,linear,1.0,0.9193999990820885,4.0,2a944ae1b79d66ce34abc2e63342aed2f89e9b27e7011565bf83f9ce81a892e2,4,3,0.0030036772123551306,0.4309606682520273
M2,271,17,4,50,mlp,1.0,0.9193999990820885,4.0,2a944ae1b79d66ce34abc2e63342aed2f89e9b27e7011565bf83f9ce81a892e2,4,3,0.0030036772123551306,0.4309606682520273
M2,271,17,4,50,categorical_subset,1.0,0.9193999990820885,4.0,2a944ae1b79d66ce34abc2e63342aed2f89e9b27e7011565bf83f9ce81a892e2,4,3,0.0030036772123551306,0.4309606682520273
M2,271,17,5,25,linear,1.0,0.9193999990820885,4.0,2a944ae1b79d66ce34abc2e63342aed2f89e9b27e7011565bf83f9ce81a892e2,4,3,0.0037088434532354655,0.32284075972383636
M2,271,17,5,25,mlp,1.0,0.9193999990820885,4.0,2a944ae1b79d66ce34abc2e63342aed2f89e9b27e7011565bf83f9ce81a892e2,4,3,0.0037088434532354655,0.32284075972383636
M2,271,17,5,25,categorical_subset,1.0,0.9193999990820885,4.0,2a944ae1b79d66ce34abc2e63342aed2f89e9b27e7011565bf83f9ce81a892e2,4,3,0.0037088434532354655,0.32284075972383636
M2,271,17,5,50,linear,1.0,0.9193999990820885,4.0,2a944ae1b79d66ce34abc2e63342aed2f89e9b27e7011565bf83f9ce81a892e2,4,3,0.0037088434532354655,0.4309606682520273
M2,271,17,5,50,mlp,1.0,0.9193999990820885,4.0,2a944ae1b79d66ce34abc2e63342aed2f89e9b27e7011565bf83f9ce81a892e2,4,3,0.0037088434532354655,0.4309606682520273
M2,271,17,5,50,categorical_subset,1.0,0.9193999990820885,4.0,2a944ae1b79d66ce34abc2e63342aed2f89e9b27e7011565bf83f9ce81a892e2,4,3,0.0037088434532354655,0.4309606682520273
M2,271,17,6,25,linear,1.0,0.9193999990820885,4.0,2a944ae1b79d66ce34abc2e63342aed2f89e9b27e7011565bf83f9ce81a892e2,4,4,0.0018099059308345476,0.2
M2,271,17,6,25,mlp,1.0,0.9193999990820885,4.0,2a944ae1b79d66ce34abc2e63342aed2f89e9b27e7011565bf83f9ce81a892e2,4,4,0.0018099059308345476,0.2
M2,271,17,6,25,categorical_subset,1.0,0.9193999990820885,4.0,2a944ae1b79d66ce34abc2e63342aed2f89e9b27e7011565bf83f9ce81a892e2,4,4,0.0018099059308345476,0.2
M2,271,17,6,50,linear,1.0,0.9193999990820885,4.0,2a944ae1b79d66ce34abc2e63342aed2f89e9b27e7011565bf83f9ce81a892e2,4,4,0.0018099059308345476,0.2
M2,271,17,6,50,mlp,1.0,0.9193999990820885,4.0,2a944ae1b79d66ce34abc2e63342aed2f89e9b27e7011565bf83f9ce81a892e2,4,4,0.0018099059308345476,0.2
M2,271,17,6,50,categorical_subset,1.0,0.9193999990820885,4.0,2a944ae1b79d66ce34abc2e63342aed2f89e9b27e7011565bf83f9ce81a892e2,4,4,0.0018099059308345476,0.2
M2,271,17,7,25,linear,1.0,0.9193999990820885,4.0,2a944ae1b79d66ce34abc2e63342aed2f89e9b27e7011565bf83f9ce81a892e2,4,3,0.0030322173930097604,0.32284075972383636
M2,271,17,7,25,mlp,1.0,0.9193999990820885,4.0,2a944ae1b79d66ce34abc2e63342aed2f89e9b27e7011565bf83f9ce81a892e2,4,3,0.0030322173930097604,0.32284075972383636
M2,271,17,7,25,categorical_subset,1.0,0.9193999990820885,4.0,2a944ae1b79d66ce34abc2e63342aed2f89e9b27e7011565bf83f9ce81a892e2,4,3,0.0030322173930097604,0.32284075972383636
M2,271,17,7,50,linear,1.0,0.9193999990820885,4.0,2a944ae1b79d66ce34abc2e63342aed2f89e9b27e7011565bf83f9ce81a892e2,4,3,0.0030322173930097604,0.4309606682520273
M2,271,17,7,50,mlp,1.0,0.9193999990820885,4.0,2a944ae1b79d66ce34abc2e63342aed2f89e9b27e7011565bf83f9ce81a892e2,4,3,0.0030322173930097604,0.4309606682520273
M2,271,17,7,50,categorical_subset,1.0,0.9193999990820885,4.0,2a944ae1b79d66ce34abc2e63342aed2f89e9b27e7011565bf83f9ce81a892e2,4,3,0.0030322173930097604,0.4309606682520273
M2,271,42,0,25,linear,1.0,0.9200399994850159,4.0,2a944ae1b79d66ce34abc2e63342aed2f89e9b27e7011565bf83f9ce81a892e2,2,2,0.015581008467534081,0.7324894089285108
M2,271,42,0,25,mlp,1.0,0.9200399994850159,4.0,2a944ae1b79d66ce34abc2e63342aed2f89e9b27e7011565bf83f9ce81a892e2,2,2,0.015581008467534081,0.7324894089285108
M2,271,42,0,25,categorical_subset,1.0,0.9200399994850159,4.0,2a944ae1b79d66ce34abc2e63342aed2f89e9b27e7011565bf83f9ce81a892e2,2,2,0.015581008467534081,0.7324894089285108
M2,271,42,0,50,linear,1.0,0.9200399994850159,4.0,2a944ae1b79d66ce34abc2e63342aed2f89e9b27e7011565bf83f9ce81a892e2,2,2,0.015581008467534081,0.9151339579808615
M2,271,42,0,50,mlp,1.0,0.9200399994850159,4.0,2a944ae1b79d66ce34abc2e63342aed2f89e9b27e7011565bf83f9ce81a892e2,2,2,0.015581008467534081,0.9151339579808615
M2,271,42,0,50,categorical_subset,1.0,0.9200399994850159,4.0,2a944ae1b79d66ce34abc2e63342aed2f89e9b27e7011565bf83f9ce81a892e2,2,2,0.015581008467534081,0.9151339579808615
M2,271,42,1,25,linear,1.0,0.9200399994850159,4.0,2a944ae1b79d66ce34abc2e63342aed2f89e9b27e7011565bf83f9ce81a892e2,2,3,0.008566099254616521,0.32284075972383636
M2,271,42,1,25,mlp,1.0,0.9200399994850159,4.0,2a944ae1b79d66ce34abc2e63342aed2f89e9b27e7011565bf83f9ce81a892e2,2,3,0.008566099254616521,0.32284075972383636
M2,271,42,1,25,categorical_subset,1.0,0.9200399994850159,4.0,2a944ae1b79d66ce34abc2e63342aed2f89e9b27e7011565bf83f9ce81a892e2,2,3,0.008566099254616521,0.32284075972383636
M2,271,42,1,50,linear,1.0,0.9200399994850159,4.0,2a944ae1b79d66ce34abc2e63342aed2f89e9b27e7011565bf83f9ce81a892e2,2,3,0.008566099254616521,0.4309606682520273
M2,271,42,1,50,mlp,1.0,0.9200399994850159,4.0,2a944ae1b79d66ce34abc2e63342aed2f89e9b27e7011565bf83f9ce81a892e2,2,3,0.008566099254616521,0.4309606682520273
M2,271,42,1,50,categorical_subset,1.0,0.9200399994850159,4.0,2a944ae1b79d66ce34abc2e63342aed2f89e9b27e7011565bf83f9ce81a892e2,2,3,0.008566099254616521,0.4309606682520273
M2,271,42,2,25,linear,1.0,0.9200399994850159,4.0,2a944ae1b79d66ce34abc2e63342aed2f89e9b27e7011565bf83f9ce81a892e2,3,3,0.0032608670464016527,0.32284075972383636
M2,271,42,2,25,mlp,1.0,0.9200399994850159,4.0,2a944ae1b79d66ce34abc2e63342aed2f89e9b27e7011565bf83f9ce81a892e2,3,3,0.0032608670464016527,0.32284075972383636
M2,271,42,2,25,categorical_subset,1.0,0.9200399994850159,4.0,2a944ae1b79d66ce34abc2e63342aed2f89e9b27e7011565bf83f9ce81a892e2,3,3,0.0032608670464016527,0.32284075972383636
M2,271,42,2,50,linear,1.0,0.9200399994850159,4.0,2a944ae1b79d66ce34abc2e63342aed2f89e9b27e7011565bf83f9ce81a892e2,3,3,0.0032608670464016527,0.4309606682520273
M2,271,42,2,50,mlp,1.0,0.9200399994850159,4.0,2a944ae1b79d66ce34abc2e63342aed2f89e9b27e7011565bf83f9ce81a892e2,3,3,0.0032608670464016527,0.4309606682520273
M2,271,42,2,50,categorical_subset,1.0,0.9200399994850159,4.0,2a944ae1b79d66ce34abc2e63342aed2f89e9b27e7011565bf83f9ce81a892e2,3,3,0.0032608670464016527,0.4309606682520273
M2,271,42,3,25,linear,1.0,0.9200399994850159,4.0,2a944ae1b79d66ce34abc2e63342aed2f89e9b27e7011565bf83f9ce81a892e2,4,2,0.002682867372619587,0.7324894089285108
M2,271,42,3,25,mlp,1.0,0.9200399994850159,4.0,2a944ae1b79d66ce34abc2e63342aed2f89e9b27e7011565bf83f9ce81a892e2,4,2,0.002682867372619587,0.7324894089285108
M2,271,42,3,25,categorical_subset,1.0,0.9200399994850159,4.0,2a944ae1b79d66ce34abc2e63342aed2f89e9b27e7011565bf83f9ce81a892e2,4,2,0.002682867372619587,0.7324894089285108
M2,271,42,3,50,linear,1.0,0.9200399994850159,4.0,2a944ae1b79d66ce34abc2e63342aed2f89e9b27e7011565bf83f9ce81a892e2,4,2,0.002682867372619587,0.9151339579808615
M2,271,42,3,50,mlp,1.0,0.9200399994850159,4.0,2a944ae1b79d66ce34abc2e63342aed2f89e9b27e7011565bf83f9ce81a892e2,4,2,0.002682867372619587,0.9151339579808615
M2,271,42,3,50,categorical_subset,1.0,0.9200399994850159,4.0,2a944ae1b79d66ce34abc2e63342aed2f89e9b27e7011565bf83f9ce81a892e2,4,2,0.002682867372619587,0.9151339579808615
M2,271,42,4,25,linear,1.0,0.9200399994850159,4.0,2a944ae1b79d66ce34abc2e63342aed2f89e9b27e7011565bf83f9ce81a892e2,4,3,0.003314869435797167,0.32284075972383636
M2,271,42,4,25,mlp,1.0,0.9200399994850159,4.0,2a944ae1b79d66ce34abc2e63342aed2f89e9b27e7011565bf83f9ce81a892e2,4,3,0.003314869435797167,0.32284075972383636
M2,271,42,4,25,categorical_subset,1.0,0.9200399994850159,4.0,2a944ae1b79d66ce34abc2e63342aed2f89e9b27e7011565bf83f9ce81a892e2,4,3,0.003314869435797167,0.32284075972383636
M2,271,42,4,50,linear,1.0,0.9200399994850159,4.0,2a944ae1b79d66ce34abc2e63342aed2f89e9b27e7011565bf83f9ce81a892e2,4,3,0.003314869435797167,0.4309606682520273
M2,271,42,4,50,mlp,1.0,0.9200399994850159,4.0,2a944ae1b79d66ce34abc2e63342aed2f89e9b27e7011565bf83f9ce81a892e2,4,3,0.003314869435797167,0.4309606682520273
M2,271,42,4,50,categorical_subset,1.0,0.9200399994850159,4.0,2a944ae1b79d66ce34abc2e63342aed2f89e9b27e7011565bf83f9ce81a892e2,4,3,0.003314869435797167,0.4309606682520273
M2,271,42,5,25,linear,1.0,0.9200399994850159,4.0,2a944ae1b79d66ce34abc2e63342aed2f89e9b27e7011565bf83f9ce81a892e2,4,3,0.003424483526700564,0.32284075972383636
M2,271,42,5,25,mlp,1.0,0.9200399994850159,4.0,2a944ae1b79d66ce34abc2e63342aed2f89e9b27e7011565bf83f9ce81a892e2,4,3,0.003424483526700564,0.32284075972383636
M2,271,42,5,25,categorical_subset,1.0,0.9200399994850159,4.0,2a944ae1b79d66ce34abc2e63342aed2f89e9b27e7011565bf83f9ce81a892e2,4,3,0.003424483526700564,0.32284075972383636
M2,271,42,5,50,linear,1.0,0.9200399994850159,4.0,2a944ae1b79d66ce34abc2e63342aed2f89e9b27e7011565bf83f9ce81a892e2,4,3,0.003424483526700564,0.4309606682520273
M2,271,42,5,50,mlp,1.0,0.9200399994850159,4.0,2a944ae1b79d66ce34abc2e63342aed2f89e9b27e7011565bf83f9ce81a892e2,4,3,0.003424483526700564,0.4309606682520273
M2,271,42,5,50,categorical_subset,1.0,0.9200399994850159,4.0,2a944ae1b79d66ce34abc2e63342aed2f89e9b27e7011565bf83f9ce81a892e2,4,3,0.003424483526700564,0.4309606682520273
M2,271,42,6,25,linear,1.0,0.9200399994850159,4.0,2a944ae1b79d66ce34abc2e63342aed2f89e9b27e7011565bf83f9ce81a892e2,4,4,0.0015829302547715504,0.2
M2,271,42,6,25,mlp,1.0,0.9200399994850159,4.0,2a944ae1b79d66ce34abc2e63342aed2f89e9b27e7011565bf83f9ce81a892e2,4,4,0.0015829302547715504,0.2
M2,271,42,6,25,categorical_subset,1.0,0.9200399994850159,4.0,2a944ae1b79d66ce34abc2e63342aed2f89e9b27e7011565bf83f9ce81a892e2,4,4,0.0015829302547715504,0.2
M2,271,42,6,50,linear,1.0,0.9200399994850159,4.0,2a944ae1b79d66ce34abc2e63342aed2f89e9b27e7011565bf83f9ce81a892e2,4,4,0.0015829302547715504,0.2
M2,271,42,6,50,mlp,1.0,0.9200399994850159,4.0,2a944ae1b79d66ce34abc2e63342aed2f89e9b27e7011565bf83f9ce81a892e2,4,4,0.0015829302547715504,0.2
M2,271,42,6,50,categorical_subset,1.0,0.9200399994850159,4.0,2a944ae1b79d66ce34abc2e63342aed2f89e9b27e7011565bf83f9ce81a892e2,4,4,0.0015829302547715504,0.2
M2,271,42,7,25,linear,1.0,0.9200399994850159,4.0,2a944ae1b79d66ce34abc2e63342aed2f89e9b27e7011565bf83f9ce81a892e2,4,3,0.0019277545582329133,0.32284075972383636
M2,271,42,7,25,mlp,1.0,0.9200399994850159,4.0,2a944ae1b79d66ce34abc2e63342aed2f89e9b27e7011565bf83f9ce81a892e2,4,3,0.0019277545582329133,0.32284075972383636
M2,271,42,7,25,categorical_subset,1.0,0.9200399994850159,4.0,2a944ae1b79d66ce34abc2e63342aed2f89e9b27e7011565bf83f9ce81a892e2,4,3,0.0019277545582329133,0.32284075972383636
M2,271,42,7,50,linear,1.0,0.9200399994850159,4.0,2a944ae1b79d66ce34abc2e63342aed2f89e9b27e7011565bf83f9ce81a892e2,4,3,0.0019277545582329133,0.4309606682520273
M2,271,42,7,50,mlp,1.0,0.9200399994850159,4.0,2a944ae1b79d66ce34abc2e63342aed2f89e9b27e7011565bf83f9ce81a892e2,4,3,0.0019277545582329133,0.4309606682520273
M2,271,42,7,50,categorical_subset,1.0,0.9200399994850159,4.0,2a944ae1b79d66ce34abc2e63342aed2f89e9b27e7011565bf83f9ce81a892e2,4,3,0.0019277545582329133,0.4309606682520273
M2,271,101,0,25,linear,1.0,0.9201199978590011,4.0,2a944ae1b79d66ce34abc2e63342aed2f89e9b27e7011565bf83f9ce81a892e2,2,2,0.01998184121055301,0.7324894089285108
M2,271,101,0,25,mlp,1.0,0.9201199978590011,4.0,2a944ae1b79d66ce34abc2e63342aed2f89e9b27e7011565bf83f9ce81a892e2,2,2,0.01998184121055301,0.7324894089285108
M2,271,101,0,25,categorical_subset,1.0,0.9201199978590011,4.0,2a944ae1b79d66ce34abc2e63342aed2f89e9b27e7011565bf83f9ce81a892e2,2,2,0.01998184121055301,0.7324894089285108
M2,271,101,0,50,linear,1.0,0.9201199978590011,4.0,2a944ae1b79d66ce34abc2e63342aed2f89e9b27e7011565bf83f9ce81a892e2,2,2,0.01998184121055301,0.9151339579808615
M2,271,101,0,50,mlp,1.0,0.9201199978590011,4.0,2a944ae1b79d66ce34abc2e63342aed2f89e9b27e7011565bf83f9ce81a892e2,2,2,0.01998184121055301,0.9151339579808615
M2,271,101,0,50,categorical_subset,1.0,0.9201199978590011,4.0,2a944ae1b79d66ce34abc2e63342aed2f89e9b27e7011565bf83f9ce81a892e2,2,2,0.01998184121055301,0.9151339579808615
M2,271,101,1,25,linear,1.0,0.9201199978590011,4.0,2a944ae1b79d66ce34abc2e63342aed2f89e9b27e7011565bf83f9ce81a892e2,2,3,0.006473936978546978,0.32284075972383636
M2,271,101,1,25,mlp,1.0,0.9201199978590011,4.0,2a944ae1b79d66ce34abc2e63342aed2f89e9b27e7011565bf83f9ce81a892e2,2,3,0.006473936978546978,0.32284075972383636
M2,271,101,1,25,categorical_subset,1.0,0.9201199978590011,4.0,2a944ae1b79d66ce34abc2e63342aed2f89e9b27e7011565bf83f9ce81a892e2,2,3,0.006473936978546978,0.32284075972383636
M2,271,101,1,50,linear,1.0,0.9201199978590011,4.0,2a944ae1b79d66ce34abc2e63342aed2f89e9b27e7011565bf83f9ce81a892e2,2,3,0.006473936978546978,0.4309606682520273
M2,271,101,1,50,mlp,1.0,0.9201199978590011,4.0,2a944ae1b79d66ce34abc2e63342aed2f89e9b27e7011565bf83f9ce81a892e2,2,3,0.006473936978546978,0.4309606682520273
M2,271,101,1,50,categorical_subset,1.0,0.9201199978590011,4.0,2a944ae1b79d66ce34abc2e63342aed2f89e9b27e7011565bf83f9ce81a892e2,2,3,0.006473936978546978,0.4309606682520273
M2,271,101,2,25,linear,1.0,0.9201199978590011,4.0,2a944ae1b79d66ce34abc2e63342aed2f89e9b27e7011565bf83f9ce81a892e2,3,3,0.002939426384548513,0.32284075972383636
M2,271,101,2,25,mlp,1.0,0.9201199978590011,4.0,2a944ae1b79d66ce34abc2e63342aed2f89e9b27e7011565bf83f9ce81a892e2,3,3,0.002939426384548513,0.32284075972383636
M2,271,101,2,25,categorical_subset,1.0,0.9201199978590011,4.0,2a944ae1b79d66ce34abc2e63342aed2f89e9b27e7011565bf83f9ce81a892e2,3,3,0.002939426384548513,0.32284075972383636
M2,271,101,2,50,linear,1.0,0.9201199978590011,4.0,2a944ae1b79d66ce34abc2e63342aed2f89e9b27e7011565bf83f9ce81a892e2,3,3,0.002939426384548513,0.4309606682520273
M2,271,101,2,50,mlp,1.0,0.9201199978590011,4.0,2a944ae1b79d66ce34abc2e63342aed2f89e9b27e7011565bf83f9ce81a892e2,3,3,0.002939426384548513,0.4309606682520273
M2,271,101,2,50,categorical_subset,1.0,0.9201199978590011,4.0,2a944ae1b79d66ce34abc2e63342aed2f89e9b27e7011565bf83f9ce81a892e2,3,3,0.002939426384548513,0.4309606682520273
M2,271,101,3,25,linear,1.0,0.9201199978590011,4.0,2a944ae1b79d66ce34abc2e63342aed2f89e9b27e7011565bf83f9ce81a892e2,4,2,0.0016328847380204013,0.7324894089285108
M2,271,101,3,25,mlp,1.0,0.9201199978590011,4.0,2a944ae1b79d66ce34abc2e63342aed2f89e9b27e7011565bf83f9ce81a892e2,4,2,0.0016328847380204013,0.7324894089285108
M2,271,101,3,25,categorical_subset,1.0,0.9201199978590011,4.0,2a944ae1b79d66ce34abc2e63342aed2f89e9b27e7011565bf83f9ce81a892e2,4,2,0.0016328847380204013,0.7324894089285108
M2,271,101,3,50,linear,1.0,0.9201199978590011,4.0,2a944ae1b79d66ce34abc2e63342aed2f89e9b27e7011565bf83f9ce81a892e2,4,2,0.0016328847380204013,0.9151339579808615
M2,271,101,3,50,mlp,1.0,0.9201199978590011,4.0,2a944ae1b79d66ce34abc2e63342aed2f89e9b27e7011565bf83f9ce81a892e2,4,2,0.0016328847380204013,0.9151339579808615
M2,271,101,3,50,categorical_subset,1.0,0.9201199978590011,4.0,2a944ae1b79d66ce34abc2e63342aed2f89e9b27e7011565bf83f9ce81a892e2,4,2,0.0016328847380204013,0.9151339579808615
M2,271,101,4,25,linear,1.0,0.9201199978590011,4.0,2a944ae1b79d66ce34abc2e63342aed2f89e9b27e7011565bf83f9ce81a892e2,4,3,0.003186157522529485,0.32284075972383636
M2,271,101,4,25,mlp,1.0,0.9201199978590011,4.0,2a944ae1b79d66ce34abc2e63342aed2f89e9b27e7011565bf83f9ce81a892e2,4,3,0.003186157522529485,0.32284075972383636
M2,271,101,4,25,categorical_subset,1.0,0.9201199978590011,4.0,2a944ae1b79d66ce34abc2e63342aed2f89e9b27e7011565bf83f9ce81a892e2,4,3,0.003186157522529485,0.32284075972383636
M2,271,101,4,50,linear,1.0,0.9201199978590011,4.0,2a944ae1b79d66ce34abc2e63342aed2f89e9b27e7011565bf83f9ce81a892e2,4,3,0.003186157522529485,0.4309606682520273
M2,271,101,4,50,mlp,1.0,0.9201199978590011,4.0,2a944ae1b79d66ce34abc2e63342aed2f89e9b27e7011565bf83f9ce81a892e2,4,3,0.003186157522529485,0.4309606682520273
M2,271,101,4,50,categorical_subset,1.0,0.9201199978590011,4.0,2a944ae1b79d66ce34abc2e63342aed2f89e9b27e7011565bf83f9ce81a892e2,4,3,0.003186157522529485,0.4309606682520273
M2,271,101,5,25,linear,1.0,0.9201199978590011,4.0,2a944ae1b79d66ce34abc2e63342aed2f89e9b27e7011565bf83f9ce81a892e2,4,3,0.0028851870559851553,0.32284075972383636
M2,271,101,5,25,mlp,1.0,0.9201199978590011,4.0,2a944ae1b79d66ce34abc2e63342aed2f89e9b27e7011565bf83f9ce81a892e2,4,3,0.0028851870559851553,0.32284075972383636
M2,271,101,5,25,categorical_subset,1.0,0.9201199978590011,4.0,2a944ae1b79d66ce34abc2e63342aed2f89e9b27e7011565bf83f9ce81a892e2,4,3,0.0028851870559851553,0.32284075972383636
M2,271,101,5,50,linear,1.0,0.9201199978590011,4.0,2a944ae1b79d66ce34abc2e63342aed2f89e9b27e7011565bf83f9ce81a892e2,4,3,0.0028851870559851553,0.4309606682520273
M2,271,101,5,50,mlp,1.0,0.9201199978590011,4.0,2a944ae1b79d66ce34abc2e63342aed2f89e9b27e7011565bf83f9ce81a892e2,4,3,0.0028851870559851553,0.4309606682520273
M2,271,101,5,50,categorical_subset,1.0,0.9201199978590011,4.0,2a944ae1b79d66ce34abc2e63342aed2f89e9b27e7011565bf83f9ce81a892e2,4,3,0.0028851870559851553,0.4309606682520273
M2,271,101,6,25,linear,1.0,0.9201199978590011,4.0,2a944ae1b79d66ce34abc2e63342aed2f89e9b27e7011565bf83f9ce81a892e2,4,4,0.0010980897584406087,0.2
M2,271,101,6,25,mlp,1.0,0.9201199978590011,4.0,2a944ae1b79d66ce34abc2e63342aed2f89e9b27e7011565bf83f9ce81a892e2,4,4,0.0010980897584406087,0.2
M2,271,101,6,25,categorical_subset,1.0,0.9201199978590011,4.0,2a944ae1b79d66ce34abc2e63342aed2f89e9b27e7011565bf83f9ce81a892e2,4,4,0.0010980897584406087,0.2
M2,271,101,6,50,linear,1.0,0.9201199978590011,4.0,2a944ae1b79d66ce34abc2e63342aed2f89e9b27e7011565bf83f9ce81a892e2,4,4,0.0010980897584406087,0.2
M2,271,101,6,50,mlp,1.0,0.9201199978590011,4.0,2a944ae1b79d66ce34abc2e63342aed2f89e9b27e7011565bf83f9ce81a892e2,4,4,0.0010980897584406087,0.2
M2,271,101,6,50,categorical_subset,1.0,0.9201199978590011,4.0,2a944ae1b79d66ce34abc2e63342aed2f89e9b27e7011565bf83f9ce81a892e2,4,4,0.0010980897584406087,0.2
M2,271,101,7,25,linear,1.0,0.9201199978590011,4.0,2a944ae1b79d66ce34abc2e63342aed2f89e9b27e7011565bf83f9ce81a892e2,4,3,0.0013538857444186717,0.32284075972383636
M2,271,101,7,25,mlp,1.0,0.9201199978590011,4.0,2a944ae1b79d66ce34abc2e63342aed2f89e9b27e7011565bf83f9ce81a892e2,4,3,0.0013538857444186717,0.32284075972383636
M2,271,101,7,25,categorical_subset,1.0,0.9201199978590011,4.0,2a944ae1b79d66ce34abc2e63342aed2f89e9b27e7011565bf83f9ce81a892e2,4,3,0.0013538857444186717,0.32284075972383636
M2,271,101,7,50,linear,1.0,0.9201199978590011,4.0,2a944ae1b79d66ce34abc2e63342aed2f89e9b27e7011565bf83f9ce81a892e2,4,3,0.0013538857444186717,0.4309606682520273
M2,271,101,7,50,mlp,1.0,0.9201199978590011,4.0,2a944ae1b79d66ce34abc2e63342aed2f89e9b27e7011565bf83f9ce81a892e2,4,3,0.0013538857444186717,0.4309606682520273
M2,271,101,7,50,categorical_subset,1.0,0.9201199978590011,4.0,2a944ae1b79d66ce34abc2e63342aed2f89e9b27e7011565bf83f9ce81a892e2,4,3,0.0013538857444186717,0.4309606682520273
M2,314,17,0,25,linear,1.0,0.9200000002980232,4.0,2a944ae1b79d66ce34abc2e63342aed2f89e9b27e7011565bf83f9ce81a892e2,3,2,0.0026566371720272686,0.7324894089285108
M2,314,17,0,25,mlp,1.0,0.9200000002980232,4.0,2a944ae1b79d66ce34abc2e63342aed2f89e9b27e7011565bf83f9ce81a892e2,3,2,0.0026566371720272686,0.7324894089285108
M2,314,17,0,25,categorical_subset,1.0,0.9200000002980232,4.0,2a944ae1b79d66ce34abc2e63342aed2f89e9b27e7011565bf83f9ce81a892e2,3,2,0.0026566371720272686,0.7324894089285108
M2,314,17,0,50,linear,1.0,0.9200000002980232,4.0,2a944ae1b79d66ce34abc2e63342aed2f89e9b27e7011565bf83f9ce81a892e2,3,2,0.0026566371720272686,0.9151339579808615
M2,314,17,0,50,mlp,1.0,0.9200000002980232,4.0,2a944ae1b79d66ce34abc2e63342aed2f89e9b27e7011565bf83f9ce81a892e2,3,2,0.0026566371720272686,0.9151339579808615
M2,314,17,0,50,categorical_subset,1.0,0.9200000002980232,4.0,2a944ae1b79d66ce34abc2e63342aed2f89e9b27e7011565bf83f9ce81a892e2,3,2,0.0026566371720272686,0.9151339579808615
M2,314,17,1,25,linear,1.0,0.9200000002980232,4.0,2a944ae1b79d66ce34abc2e63342aed2f89e9b27e7011565bf83f9ce81a892e2,3,3,0.004484530591953019,0.32284075972383636
M2,314,17,1,25,mlp,1.0,0.9200000002980232,4.0,2a944ae1b79d66ce34abc2e63342aed2f89e9b27e7011565bf83f9ce81a892e2,3,3,0.004484530591953019,0.32284075972383636
M2,314,17,1,25,categorical_subset,1.0,0.9200000002980232,4.0,2a944ae1b79d66ce34abc2e63342aed2f89e9b27e7011565bf83f9ce81a892e2,3,3,0.004484530591953019,0.32284075972383636
M2,314,17,1,50,linear,1.0,0.9200000002980232,4.0,2a944ae1b79d66ce34abc2e63342aed2f89e9b27e7011565bf83f9ce81a892e2,3,3,0.004484530591953019,0.4309606682520273
M2,314,17,1,50,mlp,1.0,0.9200000002980232,4.0,2a944ae1b79d66ce34abc2e63342aed2f89e9b27e7011565bf83f9ce81a892e2,3,3,0.004484530591953019,0.4309606682520273
M2,314,17,1,50,categorical_subset,1.0,0.9200000002980232,4.0,2a944ae1b79d66ce34abc2e63342aed2f89e9b27e7011565bf83f9ce81a892e2,3,3,0.004484530591953019,0.4309606682520273
M2,314,17,2,25,linear,1.0,0.9200000002980232,4.0,2a944ae1b79d66ce34abc2e63342aed2f89e9b27e7011565bf83f9ce81a892e2,4,3,0.002228947329422342,0.32284075972383636
M2,314,17,2,25,mlp,1.0,0.9200000002980232,4.0,2a944ae1b79d66ce34abc2e63342aed2f89e9b27e7011565bf83f9ce81a892e2,4,3,0.002228947329422342,0.32284075972383636
M2,314,17,2,25,categorical_subset,1.0,0.9200000002980232,4.0,2a944ae1b79d66ce34abc2e63342aed2f89e9b27e7011565bf83f9ce81a892e2,4,3,0.002228947329422342,0.32284075972383636
M2,314,17,2,50,linear,1.0,0.9200000002980232,4.0,2a944ae1b79d66ce34abc2e63342aed2f89e9b27e7011565bf83f9ce81a892e2,4,3,0.002228947329422342,0.4309606682520273
M2,314,17,2,50,mlp,1.0,0.9200000002980232,4.0,2a944ae1b79d66ce34abc2e63342aed2f89e9b27e7011565bf83f9ce81a892e2,4,3,0.002228947329422342,0.4309606682520273
M2,314,17,2,50,categorical_subset,1.0,0.9200000002980232,4.0,2a944ae1b79d66ce34abc2e63342aed2f89e9b27e7011565bf83f9ce81a892e2,4,3,0.002228947329422342,0.4309606682520273
M2,314,17,3,25,linear,1.0,0.9200000002980232,4.0,2a944ae1b79d66ce34abc2e63342aed2f89e9b27e7011565bf83f9ce81a892e2,1,2,0.02382387431057892,0.7324894089285108
M2,314,17,3,25,mlp,1.0,0.9200000002980232,4.0,2a944ae1b79d66ce34abc2e63342aed2f89e9b27e7011565bf83f9ce81a892e2,1,2,0.02382387431057892,0.7324894089285108
M2,314,17,3,25,categorical_subset,1.0,0.9200000002980232,4.0,2a944ae1b79d66ce34abc2e63342aed2f89e9b27e7011565bf83f9ce81a892e2,1,2,0.02382387431057892,0.7324894089285108
M2,314,17,3,50,linear,1.0,0.9200000002980232,4.0,2a944ae1b79d66ce34abc2e63342aed2f89e9b27e7011565bf83f9ce81a892e2,1,2,0.02382387431057892,0.9151339579808615
M2,314,17,3,50,mlp,1.0,0.9200000002980232,4.0,2a944ae1b79d66ce34abc2e63342aed2f89e9b27e7011565bf83f9ce81a892e2,1,2,0.02382387431057892,0.9151339579808615
M2,314,17,3,50,categorical_subset,1.0,0.9200000002980232,4.0,2a944ae1b79d66ce34abc2e63342aed2f89e9b27e7011565bf83f9ce81a892e2,1,2,0.02382387431057892,0.9151339579808615
M2,314,17,4,25,linear,1.0,0.9200000002980232,4.0,2a944ae1b79d66ce34abc2e63342aed2f89e9b27e7011565bf83f9ce81a892e2,4,3,0.002109513092872655,0.32284075972383636
M2,314,17,4,25,mlp,1.0,0.9200000002980232,4.0,2a944ae1b79d66ce34abc2e63342aed2f89e9b27e7011565bf83f9ce81a892e2,4,3,0.002109513092872655,0.32284075972383636
M2,314,17,4,25,categorical_subset,1.0,0.9200000002980232,4.0,2a944ae1b79d66ce34abc2e63342aed2f89e9b27e7011565bf83f9ce81a892e2,4,3,0.002109513092872655,0.32284075972383636
M2,314,17,4,50,linear,1.0,0.9200000002980232,4.0,2a944ae1b79d66ce34abc2e63342aed2f89e9b27e7011565bf83f9ce81a892e2,4,3,0.002109513092872655,0.4309606682520273
M2,314,17,4,50,mlp,1.0,0.9200000002980232,4.0,2a944ae1b79d66ce34abc2e63342aed2f89e9b27e7011565bf83f9ce81a892e2,4,3,0.002109513092872655,0.4309606682520273
M2,314,17,4,50,categorical_subset,1.0,0.9200000002980232,4.0,2a944ae1b79d66ce34abc2e63342aed2f89e9b27e7011565bf83f9ce81a892e2,4,3,0.002109513092872655,0.4309606682520273
M2,314,17,5,25,linear,1.0,0.9200000002980232,4.0,2a944ae1b79d66ce34abc2e63342aed2f89e9b27e7011565bf83f9ce81a892e2,3,3,0.003975147393770268,0.32284075972383636
M2,314,17,5,25,mlp,1.0,0.9200000002980232,4.0,2a944ae1b79d66ce34abc2e63342aed2f89e9b27e7011565bf83f9ce81a892e2,3,3,0.003975147393770268,0.32284075972383636
M2,314,17,5,25,categorical_subset,1.0,0.9200000002980232,4.0,2a944ae1b79d66ce34abc2e63342aed2f89e9b27e7011565bf83f9ce81a892e2,3,3,0.003975147393770268,0.32284075972383636
M2,314,17,5,50,linear,1.0,0.9200000002980232,4.0,2a944ae1b79d66ce34abc2e63342aed2f89e9b27e7011565bf83f9ce81a892e2,3,3,0.003975147393770268,0.4309606682520273
M2,314,17,5,50,mlp,1.0,0.9200000002980232,4.0,2a944ae1b79d66ce34abc2e63342aed2f89e9b27e7011565bf83f9ce81a892e2,3,3,0.003975147393770268,0.4309606682520273
M2,314,17,5,50,categorical_subset,1.0,0.9200000002980232,4.0,2a944ae1b79d66ce34abc2e63342aed2f89e9b27e7011565bf83f9ce81a892e2,3,3,0.003975147393770268,0.4309606682520273
M2,314,17,6,25,linear,1.0,0.9200000002980232,4.0,2a944ae1b79d66ce34abc2e63342aed2f89e9b27e7011565bf83f9ce81a892e2,2,4,0.004275590585478694,0.2
M2,314,17,6,25,mlp,1.0,0.9200000002980232,4.0,2a944ae1b79d66ce34abc2e63342aed2f89e9b27e7011565bf83f9ce81a892e2,2,4,0.004275590585478694,0.2
M2,314,17,6,25,categorical_subset,1.0,0.9200000002980232,4.0,2a944ae1b79d66ce34abc2e63342aed2f89e9b27e7011565bf83f9ce81a892e2,2,4,0.004275590585478694,0.2
M2,314,17,6,50,linear,1.0,0.9200000002980232,4.0,2a944ae1b79d66ce34abc2e63342aed2f89e9b27e7011565bf83f9ce81a892e2,2,4,0.004275590585478694,0.2
M2,314,17,6,50,mlp,1.0,0.9200000002980232,4.0,2a944ae1b79d66ce34abc2e63342aed2f89e9b27e7011565bf83f9ce81a892e2,2,4,0.004275590585478694,0.2
M2,314,17,6,50,categorical_subset,1.0,0.9200000002980232,4.0,2a944ae1b79d66ce34abc2e63342aed2f89e9b27e7011565bf83f9ce81a892e2,2,4,0.004275590585478694,0.2
M2,314,17,7,25,linear,1.0,0.9200000002980232,4.0,2a944ae1b79d66ce34abc2e63342aed2f89e9b27e7011565bf83f9ce81a892e2,3,3,0.008921422969618165,0.32284075972383636
M2,314,17,7,25,mlp,1.0,0.9200000002980232,4.0,2a944ae1b79d66ce34abc2e63342aed2f89e9b27e7011565bf83f9ce81a892e2,3,3,0.008921422969618165,0.32284075972383636
M2,314,17,7,25,categorical_subset,1.0,0.9200000002980232,4.0,2a944ae1b79d66ce34abc2e63342aed2f89e9b27e7011565bf83f9ce81a892e2,3,3,0.008921422969618165,0.32284075972383636
M2,314,17,7,50,linear,1.0,0.9200000002980232,4.0,2a944ae1b79d66ce34abc2e63342aed2f89e9b27e7011565bf83f9ce81a892e2,3,3,0.008921422969618165,0.4309606682520273
M2,314,17,7,50,mlp,1.0,0.9200000002980232,4.0,2a944ae1b79d66ce34abc2e63342aed2f89e9b27e7011565bf83f9ce81a892e2,3,3,0.008921422969618165,0.4309606682520273
M2,314,17,7,50,categorical_subset,1.0,0.9200000002980232,4.0,2a944ae1b79d66ce34abc2e63342aed2f89e9b27e7011565bf83f9ce81a892e2,3,3,0.008921422969618165,0.4309606682520273
M2,314,42,0,25,linear,1.0,0.9202399998903275,4.0,2a944ae1b79d66ce34abc2e63342aed2f89e9b27e7011565bf83f9ce81a892e2,3,2,0.00433649762701225,0.7324894089285108
M2,314,42,0,25,mlp,1.0,0.9202399998903275,4.0,2a944ae1b79d66ce34abc2e63342aed2f89e9b27e7011565bf83f9ce81a892e2,3,2,0.00433649762701225,0.7324894089285108
M2,314,42,0,25,categorical_subset,1.0,0.9202399998903275,4.0,2a944ae1b79d66ce34abc2e63342aed2f89e9b27e7011565bf83f9ce81a892e2,3,2,0.00433649762701225,0.7324894089285108
M2,314,42,0,50,linear,1.0,0.9202399998903275,4.0,2a944ae1b79d66ce34abc2e63342aed2f89e9b27e7011565bf83f9ce81a892e2,3,2,0.00433649762701225,0.9151339579808615
M2,314,42,0,50,mlp,1.0,0.9202399998903275,4.0,2a944ae1b79d66ce34abc2e63342aed2f89e9b27e7011565bf83f9ce81a892e2,3,2,0.00433649762701225,0.9151339579808615
M2,314,42,0,50,categorical_subset,1.0,0.9202399998903275,4.0,2a944ae1b79d66ce34abc2e63342aed2f89e9b27e7011565bf83f9ce81a892e2,3,2,0.00433649762701225,0.9151339579808615
M2,314,42,1,25,linear,1.0,0.9202399998903275,4.0,2a944ae1b79d66ce34abc2e63342aed2f89e9b27e7011565bf83f9ce81a892e2,3,3,0.005131882811010382,0.32284075972383636
M2,314,42,1,25,mlp,1.0,0.9202399998903275,4.0,2a944ae1b79d66ce34abc2e63342aed2f89e9b27e7011565bf83f9ce81a892e2,3,3,0.005131882811010382,0.32284075972383636
M2,314,42,1,25,categorical_subset,1.0,0.9202399998903275,4.0,2a944ae1b79d66ce34abc2e63342aed2f89e9b27e7011565bf83f9ce81a892e2,3,3,0.005131882811010382,0.32284075972383636
M2,314,42,1,50,linear,1.0,0.9202399998903275,4.0,2a944ae1b79d66ce34abc2e63342aed2f89e9b27e7011565bf83f9ce81a892e2,3,3,0.005131882811010382,0.4309606682520273
M2,314,42,1,50,mlp,1.0,0.9202399998903275,4.0,2a944ae1b79d66ce34abc2e63342aed2f89e9b27e7011565bf83f9ce81a892e2,3,3,0.005131882811010382,0.4309606682520273
M2,314,42,1,50,categorical_subset,1.0,0.9202399998903275,4.0,2a944ae1b79d66ce34abc2e63342aed2f89e9b27e7011565bf83f9ce81a892e2,3,3,0.005131882811010382,0.4309606682520273
M2,314,42,2,25,linear,1.0,0.9202399998903275,4.0,2a944ae1b79d66ce34abc2e63342aed2f89e9b27e7011565bf83f9ce81a892e2,4,3,0.002950650885901837,0.32284075972383636
M2,314,42,2,25,mlp,1.0,0.9202399998903275,4.0,2a944ae1b79d66ce34abc2e63342aed2f89e9b27e7011565bf83f9ce81a892e2,4,3,0.002950650885901837,0.32284075972383636
M2,314,42,2,25,categorical_subset,1.0,0.9202399998903275,4.0,2a944ae1b79d66ce34abc2e63342aed2f89e9b27e7011565bf83f9ce81a892e2,4,3,0.002950650885901837,0.32284075972383636
M2,314,42,2,50,linear,1.0,0.9202399998903275,4.0,2a944ae1b79d66ce34abc2e63342aed2f89e9b27e7011565bf83f9ce81a892e2,4,3,0.002950650885901837,0.4309606682520273
M2,314,42,2,50,mlp,1.0,0.9202399998903275,4.0,2a944ae1b79d66ce34abc2e63342aed2f89e9b27e7011565bf83f9ce81a892e2,4,3,0.002950650885901837,0.4309606682520273
M2,314,42,2,50,categorical_subset,1.0,0.9202399998903275,4.0,2a944ae1b79d66ce34abc2e63342aed2f89e9b27e7011565bf83f9ce81a892e2,4,3,0.002950650885901837,0.4309606682520273
M2,314,42,3,25,linear,1.0,0.9202399998903275,4.0,2a944ae1b79d66ce34abc2e63342aed2f89e9b27e7011565bf83f9ce81a892e2,1,2,0.023106699612419054,0.7324894089285108
M2,314,42,3,25,mlp,1.0,0.9202399998903275,4.0,2a944ae1b79d66ce34abc2e63342aed2f89e9b27e7011565bf83f9ce81a892e2,1,2,0.023106699612419054,0.7324894089285108
M2,314,42,3,25,categorical_subset,1.0,0.9202399998903275,4.0,2a944ae1b79d66ce34abc2e63342aed2f89e9b27e7011565bf83f9ce81a892e2,1,2,0.023106699612419054,0.7324894089285108
M2,314,42,3,50,linear,1.0,0.9202399998903275,4.0,2a944ae1b79d66ce34abc2e63342aed2f89e9b27e7011565bf83f9ce81a892e2,1,2,0.023106699612419054,0.9151339579808615
M2,314,42,3,50,mlp,1.0,0.9202399998903275,4.0,2a944ae1b79d66ce34abc2e63342aed2f89e9b27e7011565bf83f9ce81a892e2,1,2,0.023106699612419054,0.9151339579808615
M2,314,42,3,50,categorical_subset,1.0,0.9202399998903275,4.0,2a944ae1b79d66ce34abc2e63342aed2f89e9b27e7011565bf83f9ce81a892e2,1,2,0.023106699612419054,0.9151339579808615
M2,314,42,4,25,linear,1.0,0.9202399998903275,4.0,2a944ae1b79d66ce34abc2e63342aed2f89e9b27e7011565bf83f9ce81a892e2,4,3,0.0029252340638869566,0.32284075972383636
M2,314,42,4,25,mlp,1.0,0.9202399998903275,4.0,2a944ae1b79d66ce34abc2e63342aed2f89e9b27e7011565bf83f9ce81a892e2,4,3,0.0029252340638869566,0.32284075972383636
M2,314,42,4,25,categorical_subset,1.0,0.9202399998903275,4.0,2a944ae1b79d66ce34abc2e63342aed2f89e9b27e7011565bf83f9ce81a892e2,4,3,0.0029252340638869566,0.32284075972383636
M2,314,42,4,50,linear,1.0,0.9202399998903275,4.0,2a944ae1b79d66ce34abc2e63342aed2f89e9b27e7011565bf83f9ce81a892e2,4,3,0.0029252340638869566,0.4309606682520273
M2,314,42,4,50,mlp,1.0,0.9202399998903275,4.0,2a944ae1b79d66ce34abc2e63342aed2f89e9b27e7011565bf83f9ce81a892e2,4,3,0.0029252340638869566,0.4309606682520273
M2,314,42,4,50,categorical_subset,1.0,0.9202399998903275,4.0,2a944ae1b79d66ce34abc2e63342aed2f89e9b27e7011565bf83f9ce81a892e2,4,3,0.0029252340638869566,0.4309606682520273
M2,314,42,5,25,linear,1.0,0.9202399998903275,4.0,2a944ae1b79d66ce34abc2e63342aed2f89e9b27e7011565bf83f9ce81a892e2,3,3,0.003910648219840714,0.32284075972383636
M2,314,42,5,25,mlp,1.0,0.9202399998903275,4.0,2a944ae1b79d66ce34abc2e63342aed2f89e9b27e7011565bf83f9ce81a892e2,3,3,0.003910648219840714,0.32284075972383636
M2,314,42,5,25,categorical_subset,1.0,0.9202399998903275,4.0,2a944ae1b79d66ce34abc2e63342aed2f89e9b27e7011565bf83f9ce81a892e2,3,3,0.003910648219840714,0.32284075972383636
M2,314,42,5,50,linear,1.0,0.9202399998903275,4.0,2a944ae1b79d66ce34abc2e63342aed2f89e9b27e7011565bf83f9ce81a892e2,3,3,0.003910648219840714,0.4309606682520273
M2,314,42,5,50,mlp,1.0,0.9202399998903275,4.0,2a944ae1b79d66ce34abc2e63342aed2f89e9b27e7011565bf83f9ce81a892e2,3,3,0.003910648219840714,0.4309606682520273
M2,314,42,5,50,categorical_subset,1.0,0.9202399998903275,4.0,2a944ae1b79d66ce34abc2e63342aed2f89e9b27e7011565bf83f9ce81a892e2,3,3,0.003910648219840714,0.4309606682520273
M2,314,42,6,25,linear,1.0,0.9202399998903275,4.0,2a944ae1b79d66ce34abc2e63342aed2f89e9b27e7011565bf83f9ce81a892e2,2,4,0.006184199495307125,0.2
M2,314,42,6,25,mlp,1.0,0.9202399998903275,4.0,2a944ae1b79d66ce34abc2e63342aed2f89e9b27e7011565bf83f9ce81a892e2,2,4,0.006184199495307125,0.2
M2,314,42,6,25,categorical_subset,1.0,0.9202399998903275,4.0,2a944ae1b79d66ce34abc2e63342aed2f89e9b27e7011565bf83f9ce81a892e2,2,4,0.006184199495307125,0.2
M2,314,42,6,50,linear,1.0,0.9202399998903275,4.0,2a944ae1b79d66ce34abc2e63342aed2f89e9b27e7011565bf83f9ce81a892e2,2,4,0.006184199495307125,0.2
M2,314,42,6,50,mlp,1.0,0.9202399998903275,4.0,2a944ae1b79d66ce34abc2e63342aed2f89e9b27e7011565bf83f9ce81a892e2,2,4,0.006184199495307125,0.2
M2,314,42,6,50,categorical_subset,1.0,0.9202399998903275,4.0,2a944ae1b79d66ce34abc2e63342aed2f89e9b27e7011565bf83f9ce81a892e2,2,4,0.006184199495307125,0.2
M2,314,42,7,25,linear,1.0,0.9202399998903275,4.0,2a944ae1b79d66ce34abc2e63342aed2f89e9b27e7011565bf83f9ce81a892e2,3,3,0.004189389550809532,0.32284075972383636
M2,314,42,7,25,mlp,1.0,0.9202399998903275,4.0,2a944ae1b79d66ce34abc2e63342aed2f89e9b27e7011565bf83f9ce81a892e2,3,3,0.004189389550809532,0.32284075972383636
M2,314,42,7,25,categorical_subset,1.0,0.9202399998903275,4.0,2a944ae1b79d66ce34abc2e63342aed2f89e9b27e7011565bf83f9ce81a892e2,3,3,0.004189389550809532,0.32284075972383636
M2,314,42,7,50,linear,1.0,0.9202399998903275,4.0,2a944ae1b79d66ce34abc2e63342aed2f89e9b27e7011565bf83f9ce81a892e2,3,3,0.004189389550809532,0.4309606682520273
M2,314,42,7,50,mlp,1.0,0.9202399998903275,4.0,2a944ae1b79d66ce34abc2e63342aed2f89e9b27e7011565bf83f9ce81a892e2,3,3,0.004189389550809532,0.4309606682520273
M2,314,42,7,50,categorical_subset,1.0,0.9202399998903275,4.0,2a944ae1b79d66ce34abc2e63342aed2f89e9b27e7011565bf83f9ce81a892e2,3,3,0.004189389550809532,0.4309606682520273
M2,314,101,0,25,linear,1.0,0.9197599977254868,4.0,2a944ae1b79d66ce34abc2e63342aed2f89e9b27e7011565bf83f9ce81a892e2,3,2,0.0019030089433891878,0.7324894089285108
M2,314,101,0,25,mlp,1.0,0.9197599977254868,4.0,2a944ae1b79d66ce34abc2e63342aed2f89e9b27e7011565bf83f9ce81a892e2,3,2,0.0019030089433891878,0.7324894089285108
M2,314,101,0,25,categorical_subset,1.0,0.9197599977254868,4.0,2a944ae1b79d66ce34abc2e63342aed2f89e9b27e7011565bf83f9ce81a892e2,3,2,0.0019030089433891878,0.7324894089285108
M2,314,101,0,50,linear,1.0,0.9197599977254868,4.0,2a944ae1b79d66ce34abc2e63342aed2f89e9b27e7011565bf83f9ce81a892e2,3,2,0.0019030089433891878,0.9151339579808615
M2,314,101,0,50,mlp,1.0,0.9197599977254868,4.0,2a944ae1b79d66ce34abc2e63342aed2f89e9b27e7011565bf83f9ce81a892e2,3,2,0.0019030089433891878,0.9151339579808615
M2,314,101,0,50,categorical_subset,1.0,0.9197599977254868,4.0,2a944ae1b79d66ce34abc2e63342aed2f89e9b27e7011565bf83f9ce81a892e2,3,2,0.0019030089433891878,0.9151339579808615
M2,314,101,1,25,linear,1.0,0.9197599977254868,4.0,2a944ae1b79d66ce34abc2e63342aed2f89e9b27e7011565bf83f9ce81a892e2,3,3,0.003693698661250738,0.32284075972383636
M2,314,101,1,25,mlp,1.0,0.9197599977254868,4.0,2a944ae1b79d66ce34abc2e63342aed2f89e9b27e7011565bf83f9ce81a892e2,3,3,0.003693698661250738,0.32284075972383636
M2,314,101,1,25,categorical_subset,1.0,0.9197599977254868,4.0,2a944ae1b79d66ce34abc2e63342aed2f89e9b27e7011565bf83f9ce81a892e2,3,3,0.003693698661250738,0.32284075972383636
M2,314,101,1,50,linear,1.0,0.9197599977254868,4.0,2a944ae1b79d66ce34abc2e63342aed2f89e9b27e7011565bf83f9ce81a892e2,3,3,0.003693698661250738,0.4309606682520273
M2,314,101,1,50,mlp,1.0,0.9197599977254868,4.0,2a944ae1b79d66ce34abc2e63342aed2f89e9b27e7011565bf83f9ce81a892e2,3,3,0.003693698661250738,0.4309606682520273
M2,314,101,1,50,categorical_subset,1.0,0.9197599977254868,4.0,2a944ae1b79d66ce34abc2e63342aed2f89e9b27e7011565bf83f9ce81a892e2,3,3,0.003693698661250738,0.4309606682520273
M2,314,101,2,25,linear,1.0,0.9197599977254868,4.0,2a944ae1b79d66ce34abc2e63342aed2f89e9b27e7011565bf83f9ce81a892e2,4,3,0.0021970005441057892,0.32284075972383636
M2,314,101,2,25,mlp,1.0,0.9197599977254868,4.0,2a944ae1b79d66ce34abc2e63342aed2f89e9b27e7011565bf83f9ce81a892e2,4,3,0.0021970005441057892,0.32284075972383636
M2,314,101,2,25,categorical_subset,1.0,0.9197599977254868,4.0,2a944ae1b79d66ce34abc2e63342aed2f89e9b27e7011565bf83f9ce81a892e2,4,3,0.0021970005441057892,0.32284075972383636
M2,314,101,2,50,linear,1.0,0.9197599977254868,4.0,2a944ae1b79d66ce34abc2e63342aed2f89e9b27e7011565bf83f9ce81a892e2,4,3,0.0021970005441057892,0.4309606682520273
M2,314,101,2,50,mlp,1.0,0.9197599977254868,4.0,2a944ae1b79d66ce34abc2e63342aed2f89e9b27e7011565bf83f9ce81a892e2,4,3,0.0021970005441057892,0.4309606682520273
M2,314,101,2,50,categorical_subset,1.0,0.9197599977254868,4.0,2a944ae1b79d66ce34abc2e63342aed2f89e9b27e7011565bf83f9ce81a892e2,4,3,0.0021970005441057892,0.4309606682520273
M2,314,101,3,25,linear,1.0,0.9197599977254868,4.0,2a944ae1b79d66ce34abc2e63342aed2f89e9b27e7011565bf83f9ce81a892e2,1,2,0.03259292075177823,0.7324894089285108
M2,314,101,3,25,mlp,1.0,0.9197599977254868,4.0,2a944ae1b79d66ce34abc2e63342aed2f89e9b27e7011565bf83f9ce81a892e2,1,2,0.03259292075177823,0.7324894089285108
M2,314,101,3,25,categorical_subset,1.0,0.9197599977254868,4.0,2a944ae1b79d66ce34abc2e63342aed2f89e9b27e7011565bf83f9ce81a892e2,1,2,0.03259292075177823,0.7324894089285108
M2,314,101,3,50,linear,1.0,0.9197599977254868,4.0,2a944ae1b79d66ce34abc2e63342aed2f89e9b27e7011565bf83f9ce81a892e2,1,2,0.03259292075177823,0.9151339579808615
M2,314,101,3,50,mlp,1.0,0.9197599977254868,4.0,2a944ae1b79d66ce34abc2e63342aed2f89e9b27e7011565bf83f9ce81a892e2,1,2,0.03259292075177823,0.9151339579808615
M2,314,101,3,50,categorical_subset,1.0,0.9197599977254868,4.0,2a944ae1b79d66ce34abc2e63342aed2f89e9b27e7011565bf83f9ce81a892e2,1,2,0.03259292075177823,0.9151339579808615
M2,314,101,4,25,linear,1.0,0.9197599977254868,4.0,2a944ae1b79d66ce34abc2e63342aed2f89e9b27e7011565bf83f9ce81a892e2,4,3,0.002172115382618065,0.32284075972383636
M2,314,101,4,25,mlp,1.0,0.9197599977254868,4.0,2a944ae1b79d66ce34abc2e63342aed2f89e9b27e7011565bf83f9ce81a892e2,4,3,0.002172115382618065,0.32284075972383636
M2,314,101,4,25,categorical_subset,1.0,0.9197599977254868,4.0,2a944ae1b79d66ce34abc2e63342aed2f89e9b27e7011565bf83f9ce81a892e2,4,3,0.002172115382618065,0.32284075972383636
M2,314,101,4,50,linear,1.0,0.9197599977254868,4.0,2a944ae1b79d66ce34abc2e63342aed2f89e9b27e7011565bf83f9ce81a892e2,4,3,0.002172115382618065,0.4309606682520273
M2,314,101,4,50,mlp,1.0,0.9197599977254868,4.0,2a944ae1b79d66ce34abc2e63342aed2f89e9b27e7011565bf83f9ce81a892e2,4,3,0.002172115382618065,0.4309606682520273
M2,314,101,4,50,categorical_subset,1.0,0.9197599977254868,4.0,2a944ae1b79d66ce34abc2e63342aed2f89e9b27e7011565bf83f9ce81a892e2,4,3,0.002172115382618065,0.4309606682520273
M2,314,101,5,25,linear,1.0,0.9197599977254868,4.0,2a944ae1b79d66ce34abc2e63342aed2f89e9b27e7011565bf83f9ce81a892e2,3,3,0.002802951340085725,0.32284075972383636
M2,314,101,5,25,mlp,1.0,0.9197599977254868,4.0,2a944ae1b79d66ce34abc2e63342aed2f89e9b27e7011565bf83f9ce81a892e2,3,3,0.002802951340085725,0.32284075972383636
M2,314,101,5,25,categorical_subset,1.0,0.9197599977254868,4.0,2a944ae1b79d66ce34abc2e63342aed2f89e9b27e7011565bf83f9ce81a892e2,3,3,0.002802951340085725,0.32284075972383636
M2,314,101,5,50,linear,1.0,0.9197599977254868,4.0,2a944ae1b79d66ce34abc2e63342aed2f89e9b27e7011565bf83f9ce81a892e2,3,3,0.002802951340085725,0.4309606682520273
M2,314,101,5,50,mlp,1.0,0.9197599977254868,4.0,2a944ae1b79d66ce34abc2e63342aed2f89e9b27e7011565bf83f9ce81a892e2,3,3,0.002802951340085725,0.4309606682520273
M2,314,101,5,50,categorical_subset,1.0,0.9197599977254868,4.0,2a944ae1b79d66ce34abc2e63342aed2f89e9b27e7011565bf83f9ce81a892e2,3,3,0.002802951340085725,0.4309606682520273
M2,314,101,6,25,linear,1.0,0.9197599977254868,4.0,2a944ae1b79d66ce34abc2e63342aed2f89e9b27e7011565bf83f9ce81a892e2,2,4,0.0037129017785197498,0.2
M2,314,101,6,25,mlp,1.0,0.9197599977254868,4.0,2a944ae1b79d66ce34abc2e63342aed2f89e9b27e7011565bf83f9ce81a892e2,2,4,0.0037129017785197498,0.2
M2,314,101,6,25,categorical_subset,1.0,0.9197599977254868,4.0,2a944ae1b79d66ce34abc2e63342aed2f89e9b27e7011565bf83f9ce81a892e2,2,4,0.0037129017785197498,0.2
M2,314,101,6,50,linear,1.0,0.9197599977254868,4.0,2a944ae1b79d66ce34abc2e63342aed2f89e9b27e7011565bf83f9ce81a892e2,2,4,0.0037129017785197498,0.2
M2,314,101,6,50,mlp,1.0,0.9197599977254868,4.0,2a944ae1b79d66ce34abc2e63342aed2f89e9b27e7011565bf83f9ce81a892e2,2,4,0.0037129017785197498,0.2
M2,314,101,6,50,categorical_subset,1.0,0.9197599977254868,4.0,2a944ae1b79d66ce34abc2e63342aed2f89e9b27e7011565bf83f9ce81a892e2,2,4,0.0037129017785197498,0.2
M2,314,101,7,25,linear,1.0,0.9197599977254868,4.0,2a944ae1b79d66ce34abc2e63342aed2f89e9b27e7011565bf83f9ce81a892e2,3,3,0.004710634645919644,0.32284075972383636
M2,314,101,7,25,mlp,1.0,0.9197599977254868,4.0,2a944ae1b79d66ce34abc2e63342aed2f89e9b27e7011565bf83f9ce81a892e2,3,3,0.004710634645919644,0.32284075972383636
M2,314,101,7,25,categorical_subset,1.0,0.9197599977254868,4.0,2a944ae1b79d66ce34abc2e63342aed2f89e9b27e7011565bf83f9ce81a892e2,3,3,0.004710634645919644,0.32284075972383636
M2,314,101,7,50,linear,1.0,0.9197599977254868,4.0,2a944ae1b79d66ce34abc2e63342aed2f89e9b27e7011565bf83f9ce81a892e2,3,3,0.004710634645919644,0.4309606682520273
M2,314,101,7,50,mlp,1.0,0.9197599977254868,4.0,2a944ae1b79d66ce34abc2e63342aed2f89e9b27e7011565bf83f9ce81a892e2,3,3,0.004710634645919644,0.4309606682520273
M2,314,101,7,50,categorical_subset,1.0,0.9197599977254868,4.0,2a944ae1b79d66ce34abc2e63342aed2f89e9b27e7011565bf83f9ce81a892e2,3,3,0.004710634645919644,0.4309606682520273
M2,593,17,0,25,linear,1.0,0.9200399994850159,4.0,2a944ae1b79d66ce34abc2e63342aed2f89e9b27e7011565bf83f9ce81a892e2,3,2,0.0007509998586933827,0.7324894089285108
M2,593,17,0,25,mlp,1.0,0.9200399994850159,4.0,2a944ae1b79d66ce34abc2e63342aed2f89e9b27e7011565bf83f9ce81a892e2,3,2,0.0007509998586933827,0.7324894089285108
M2,593,17,0,25,categorical_subset,1.0,0.9200399994850159,4.0,2a944ae1b79d66ce34abc2e63342aed2f89e9b27e7011565bf83f9ce81a892e2,3,2,0.0007509998586933827,0.7324894089285108
M2,593,17,0,50,linear,1.0,0.9200399994850159,4.0,2a944ae1b79d66ce34abc2e63342aed2f89e9b27e7011565bf83f9ce81a892e2,3,2,0.0007509998586933827,0.9151339579808615
M2,593,17,0,50,mlp,1.0,0.9200399994850159,4.0,2a944ae1b79d66ce34abc2e63342aed2f89e9b27e7011565bf83f9ce81a892e2,3,2,0.0007509998586933827,0.9151339579808615
M2,593,17,0,50,categorical_subset,1.0,0.9200399994850159,4.0,2a944ae1b79d66ce34abc2e63342aed2f89e9b27e7011565bf83f9ce81a892e2,3,2,0.0007509998586933827,0.9151339579808615
M2,593,17,1,25,linear,1.0,0.9200399994850159,4.0,2a944ae1b79d66ce34abc2e63342aed2f89e9b27e7011565bf83f9ce81a892e2,2,3,0.008485970613405232,0.32284075972383636
M2,593,17,1,25,mlp,1.0,0.9200399994850159,4.0,2a944ae1b79d66ce34abc2e63342aed2f89e9b27e7011565bf83f9ce81a892e2,2,3,0.008485970613405232,0.32284075972383636
M2,593,17,1,25,categorical_subset,1.0,0.9200399994850159,4.0,2a944ae1b79d66ce34abc2e63342aed2f89e9b27e7011565bf83f9ce81a892e2,2,3,0.008485970613405232,0.32284075972383636
M2,593,17,1,50,linear,1.0,0.9200399994850159,4.0,2a944ae1b79d66ce34abc2e63342aed2f89e9b27e7011565bf83f9ce81a892e2,2,3,0.008485970613405232,0.4309606682520273
M2,593,17,1,50,mlp,1.0,0.9200399994850159,4.0,2a944ae1b79d66ce34abc2e63342aed2f89e9b27e7011565bf83f9ce81a892e2,2,3,0.008485970613405232,0.4309606682520273
M2,593,17,1,50,categorical_subset,1.0,0.9200399994850159,4.0,2a944ae1b79d66ce34abc2e63342aed2f89e9b27e7011565bf83f9ce81a892e2,2,3,0.008485970613405232,0.4309606682520273
M2,593,17,2,25,linear,1.0,0.9200399994850159,4.0,2a944ae1b79d66ce34abc2e63342aed2f89e9b27e7011565bf83f9ce81a892e2,2,3,0.005455507938881822,0.32284075972383636
M2,593,17,2,25,mlp,1.0,0.9200399994850159,4.0,2a944ae1b79d66ce34abc2e63342aed2f89e9b27e7011565bf83f9ce81a892e2,2,3,0.005455507938881822,0.32284075972383636
M2,593,17,2,25,categorical_subset,1.0,0.9200399994850159,4.0,2a944ae1b79d66ce34abc2e63342aed2f89e9b27e7011565bf83f9ce81a892e2,2,3,0.005455507938881822,0.32284075972383636
M2,593,17,2,50,linear,1.0,0.9200399994850159,4.0,2a944ae1b79d66ce34abc2e63342aed2f89e9b27e7011565bf83f9ce81a892e2,2,3,0.005455507938881822,0.4309606682520273
M2,593,17,2,50,mlp,1.0,0.9200399994850159,4.0,2a944ae1b79d66ce34abc2e63342aed2f89e9b27e7011565bf83f9ce81a892e2,2,3,0.005455507938881822,0.4309606682520273
M2,593,17,2,50,categorical_subset,1.0,0.9200399994850159,4.0,2a944ae1b79d66ce34abc2e63342aed2f89e9b27e7011565bf83f9ce81a892e2,2,3,0.005455507938881822,0.4309606682520273
M2,593,17,3,25,linear,1.0,0.9200399994850159,4.0,2a944ae1b79d66ce34abc2e63342aed2f89e9b27e7011565bf83f9ce81a892e2,4,2,0.0034937834070211575,0.7324894089285108
M2,593,17,3,25,mlp,1.0,0.9200399994850159,4.0,2a944ae1b79d66ce34abc2e63342aed2f89e9b27e7011565bf83f9ce81a892e2,4,2,0.0034937834070211575,0.7324894089285108
M2,593,17,3,25,categorical_subset,1.0,0.9200399994850159,4.0,2a944ae1b79d66ce34abc2e63342aed2f89e9b27e7011565bf83f9ce81a892e2,4,2,0.0034937834070211575,0.7324894089285108
M2,593,17,3,50,linear,1.0,0.9200399994850159,4.0,2a944ae1b79d66ce34abc2e63342aed2f89e9b27e7011565bf83f9ce81a892e2,4,2,0.0034937834070211575,0.9151339579808615
M2,593,17,3,50,mlp,1.0,0.9200399994850159,4.0,2a944ae1b79d66ce34abc2e63342aed2f89e9b27e7011565bf83f9ce81a892e2,4,2,0.0034937834070211575,0.9151339579808615
M2,593,17,3,50,categorical_subset,1.0,0.9200399994850159,4.0,2a944ae1b79d66ce34abc2e63342aed2f89e9b27e7011565bf83f9ce81a892e2,4,2,0.0034937834070211575,0.9151339579808615
M2,593,17,4,25,linear,1.0,0.9200399994850159,4.0,2a944ae1b79d66ce34abc2e63342aed2f89e9b27e7011565bf83f9ce81a892e2,4,3,0.0017381082336446942,0.32284075972383636
M2,593,17,4,25,mlp,1.0,0.9200399994850159,4.0,2a944ae1b79d66ce34abc2e63342aed2f89e9b27e7011565bf83f9ce81a892e2,4,3,0.0017381082336446942,0.32284075972383636
M2,593,17,4,25,categorical_subset,1.0,0.9200399994850159,4.0,2a944ae1b79d66ce34abc2e63342aed2f89e9b27e7011565bf83f9ce81a892e2,4,3,0.0017381082336446942,0.32284075972383636
M2,593,17,4,50,linear,1.0,0.9200399994850159,4.0,2a944ae1b79d66ce34abc2e63342aed2f89e9b27e7011565bf83f9ce81a892e2,4,3,0.0017381082336446942,0.4309606682520273
M2,593,17,4,50,mlp,1.0,0.9200399994850159,4.0,2a944ae1b79d66ce34abc2e63342aed2f89e9b27e7011565bf83f9ce81a892e2,4,3,0.0017381082336446942,0.4309606682520273
M2,593,17,4,50,categorical_subset,1.0,0.9200399994850159,4.0,2a944ae1b79d66ce34abc2e63342aed2f89e9b27e7011565bf83f9ce81a892e2,4,3,0.0017381082336446942,0.4309606682520273
M2,593,17,5,25,linear,1.0,0.9200399994850159,4.0,2a944ae1b79d66ce34abc2e63342aed2f89e9b27e7011565bf83f9ce81a892e2,3,3,0.0035085828178373353,0.32284075972383636
M2,593,17,5,25,mlp,1.0,0.9200399994850159,4.0,2a944ae1b79d66ce34abc2e63342aed2f89e9b27e7011565bf83f9ce81a892e2,3,3,0.0035085828178373353,0.32284075972383636
M2,593,17,5,25,categorical_subset,1.0,0.9200399994850159,4.0,2a944ae1b79d66ce34abc2e63342aed2f89e9b27e7011565bf83f9ce81a892e2,3,3,0.0035085828178373353,0.32284075972383636
M2,593,17,5,50,linear,1.0,0.9200399994850159,4.0,2a944ae1b79d66ce34abc2e63342aed2f89e9b27e7011565bf83f9ce81a892e2,3,3,0.0035085828178373353,0.4309606682520273
M2,593,17,5,50,mlp,1.0,0.9200399994850159,4.0,2a944ae1b79d66ce34abc2e63342aed2f89e9b27e7011565bf83f9ce81a892e2,3,3,0.0035085828178373353,0.4309606682520273
M2,593,17,5,50,categorical_subset,1.0,0.9200399994850159,4.0,2a944ae1b79d66ce34abc2e63342aed2f89e9b27e7011565bf83f9ce81a892e2,3,3,0.0035085828178373353,0.4309606682520273
M2,593,17,6,25,linear,1.0,0.9200399994850159,4.0,2a944ae1b79d66ce34abc2e63342aed2f89e9b27e7011565bf83f9ce81a892e2,4,4,0.0011380038862584666,0.2
M2,593,17,6,25,mlp,1.0,0.9200399994850159,4.0,2a944ae1b79d66ce34abc2e63342aed2f89e9b27e7011565bf83f9ce81a892e2,4,4,0.0011380038862584666,0.2
M2,593,17,6,25,categorical_subset,1.0,0.9200399994850159,4.0,2a944ae1b79d66ce34abc2e63342aed2f89e9b27e7011565bf83f9ce81a892e2,4,4,0.0011380038862584666,0.2
M2,593,17,6,50,linear,1.0,0.9200399994850159,4.0,2a944ae1b79d66ce34abc2e63342aed2f89e9b27e7011565bf83f9ce81a892e2,4,4,0.0011380038862584666,0.2
M2,593,17,6,50,mlp,1.0,0.9200399994850159,4.0,2a944ae1b79d66ce34abc2e63342aed2f89e9b27e7011565bf83f9ce81a892e2,4,4,0.0011380038862584666,0.2
M2,593,17,6,50,categorical_subset,1.0,0.9200399994850159,4.0,2a944ae1b79d66ce34abc2e63342aed2f89e9b27e7011565bf83f9ce81a892e2,4,4,0.0011380038862584666,0.2
M2,593,17,7,25,linear,1.0,0.9200399994850159,4.0,2a944ae1b79d66ce34abc2e63342aed2f89e9b27e7011565bf83f9ce81a892e2,3,3,0.000987421329936818,0.32284075972383636
M2,593,17,7,25,mlp,1.0,0.9200399994850159,4.0,2a944ae1b79d66ce34abc2e63342aed2f89e9b27e7011565bf83f9ce81a892e2,3,3,0.000987421329936818,0.32284075972383636
M2,593,17,7,25,categorical_subset,1.0,0.9200399994850159,4.0,2a944ae1b79d66ce34abc2e63342aed2f89e9b27e7011565bf83f9ce81a892e2,3,3,0.000987421329936818,0.32284075972383636
M2,593,17,7,50,linear,1.0,0.9200399994850159,4.0,2a944ae1b79d66ce34abc2e63342aed2f89e9b27e7011565bf83f9ce81a892e2,3,3,0.000987421329936818,0.4309606682520273
M2,593,17,7,50,mlp,1.0,0.9200399994850159,4.0,2a944ae1b79d66ce34abc2e63342aed2f89e9b27e7011565bf83f9ce81a892e2,3,3,0.000987421329936818,0.4309606682520273
M2,593,17,7,50,categorical_subset,1.0,0.9200399994850159,4.0,2a944ae1b79d66ce34abc2e63342aed2f89e9b27e7011565bf83f9ce81a892e2,3,3,0.000987421329936818,0.4309606682520273
M2,593,42,0,25,linear,1.0,0.9201199993491173,4.0,2a944ae1b79d66ce34abc2e63342aed2f89e9b27e7011565bf83f9ce81a892e2,3,2,0.0009429896887166184,0.7324894089285108
M2,593,42,0,25,mlp,1.0,0.9201199993491173,4.0,2a944ae1b79d66ce34abc2e63342aed2f89e9b27e7011565bf83f9ce81a892e2,3,2,0.0009429896887166184,0.7324894089285108
M2,593,42,0,25,categorical_subset,1.0,0.9201199993491173,4.0,2a944ae1b79d66ce34abc2e63342aed2f89e9b27e7011565bf83f9ce81a892e2,3,2,0.0009429896887166184,0.7324894089285108
M2,593,42,0,50,linear,1.0,0.9201199993491173,4.0,2a944ae1b79d66ce34abc2e63342aed2f89e9b27e7011565bf83f9ce81a892e2,3,2,0.0009429896887166184,0.9151339579808615
M2,593,42,0,50,mlp,1.0,0.9201199993491173,4.0,2a944ae1b79d66ce34abc2e63342aed2f89e9b27e7011565bf83f9ce81a892e2,3,2,0.0009429896887166184,0.9151339579808615
M2,593,42,0,50,categorical_subset,1.0,0.9201199993491173,4.0,2a944ae1b79d66ce34abc2e63342aed2f89e9b27e7011565bf83f9ce81a892e2,3,2,0.0009429896887166184,0.9151339579808615
M2,593,42,1,25,linear,1.0,0.9201199993491173,4.0,2a944ae1b79d66ce34abc2e63342aed2f89e9b27e7011565bf83f9ce81a892e2,2,3,0.005920770957163937,0.32284075972383636
M2,593,42,1,25,mlp,1.0,0.9201199993491173,4.0,2a944ae1b79d66ce34abc2e63342aed2f89e9b27e7011565bf83f9ce81a892e2,2,3,0.005920770957163937,0.32284075972383636
M2,593,42,1,25,categorical_subset,1.0,0.9201199993491173,4.0,2a944ae1b79d66ce34abc2e63342aed2f89e9b27e7011565bf83f9ce81a892e2,2,3,0.005920770957163937,0.32284075972383636
M2,593,42,1,50,linear,1.0,0.9201199993491173,4.0,2a944ae1b79d66ce34abc2e63342aed2f89e9b27e7011565bf83f9ce81a892e2,2,3,0.005920770957163937,0.4309606682520273
M2,593,42,1,50,mlp,1.0,0.9201199993491173,4.0,2a944ae1b79d66ce34abc2e63342aed2f89e9b27e7011565bf83f9ce81a892e2,2,3,0.005920770957163937,0.4309606682520273
M2,593,42,1,50,categorical_subset,1.0,0.9201199993491173,4.0,2a944ae1b79d66ce34abc2e63342aed2f89e9b27e7011565bf83f9ce81a892e2,2,3,0.005920770957163937,0.4309606682520273
M2,593,42,2,25,linear,1.0,0.9201199993491173,4.0,2a944ae1b79d66ce34abc2e63342aed2f89e9b27e7011565bf83f9ce81a892e2,2,3,0.00583028199715642,0.32284075972383636
M2,593,42,2,25,mlp,1.0,0.9201199993491173,4.0,2a944ae1b79d66ce34abc2e63342aed2f89e9b27e7011565bf83f9ce81a892e2,2,3,0.00583028199715642,0.32284075972383636
M2,593,42,2,25,categorical_subset,1.0,0.9201199993491173,4.0,2a944ae1b79d66ce34abc2e63342aed2f89e9b27e7011565bf83f9ce81a892e2,2,3,0.00583028199715642,0.32284075972383636
M2,593,42,2,50,linear,1.0,0.9201199993491173,4.0,2a944ae1b79d66ce34abc2e63342aed2f89e9b27e7011565bf83f9ce81a892e2,2,3,0.00583028199715642,0.4309606682520273
M2,593,42,2,50,mlp,1.0,0.9201199993491173,4.0,2a944ae1b79d66ce34abc2e63342aed2f89e9b27e7011565bf83f9ce81a892e2,2,3,0.00583028199715642,0.4309606682520273
M2,593,42,2,50,categorical_subset,1.0,0.9201199993491173,4.0,2a944ae1b79d66ce34abc2e63342aed2f89e9b27e7011565bf83f9ce81a892e2,2,3,0.00583028199715642,0.4309606682520273
M2,593,42,3,25,linear,1.0,0.9201199993491173,4.0,2a944ae1b79d66ce34abc2e63342aed2f89e9b27e7011565bf83f9ce81a892e2,4,2,0.004680018230623959,0.7324894089285108
M2,593,42,3,25,mlp,1.0,0.9201199993491173,4.0,2a944ae1b79d66ce34abc2e63342aed2f89e9b27e7011565bf83f9ce81a892e2,4,2,0.004680018230623959,0.7324894089285108
M2,593,42,3,25,categorical_subset,1.0,0.9201199993491173,4.0,2a944ae1b79d66ce34abc2e63342aed2f89e9b27e7011565bf83f9ce81a892e2,4,2,0.004680018230623959,0.7324894089285108
M2,593,42,3,50,linear,1.0,0.9201199993491173,4.0,2a944ae1b79d66ce34abc2e63342aed2f89e9b27e7011565bf83f9ce81a892e2,4,2,0.004680018230623959,0.9151339579808615
M2,593,42,3,50,mlp,1.0,0.9201199993491173,4.0,2a944ae1b79d66ce34abc2e63342aed2f89e9b27e7011565bf83f9ce81a892e2,4,2,0.004680018230623959,0.9151339579808615
M2,593,42,3,50,categorical_subset,1.0,0.9201199993491173,4.0,2a944ae1b79d66ce34abc2e63342aed2f89e9b27e7011565bf83f9ce81a892e2,4,2,0.004680018230623959,0.9151339579808615
M2,593,42,4,25,linear,1.0,0.9201199993491173,4.0,2a944ae1b79d66ce34abc2e63342aed2f89e9b27e7011565bf83f9ce81a892e2,4,3,0.0025923103449741604,0.32284075972383636
M2,593,42,4,25,mlp,1.0,0.9201199993491173,4.0,2a944ae1b79d66ce34abc2e63342aed2f89e9b27e7011565bf83f9ce81a892e2,4,3,0.0025923103449741604,0.32284075972383636
M2,593,42,4,25,categorical_subset,1.0,0.9201199993491173,4.0,2a944ae1b79d66ce34abc2e63342aed2f89e9b27e7011565bf83f9ce81a892e2,4,3,0.0025923103449741604,0.32284075972383636
M2,593,42,4,50,linear,1.0,0.9201199993491173,4.0,2a944ae1b79d66ce34abc2e63342aed2f89e9b27e7011565bf83f9ce81a892e2,4,3,0.0025923103449741604,0.4309606682520273
M2,593,42,4,50,mlp,1.0,0.9201199993491173,4.0,2a944ae1b79d66ce34abc2e63342aed2f89e9b27e7011565bf83f9ce81a892e2,4,3,0.0025923103449741604,0.4309606682520273
M2,593,42,4,50,categorical_subset,1.0,0.9201199993491173,4.0,2a944ae1b79d66ce34abc2e63342aed2f89e9b27e7011565bf83f9ce81a892e2,4,3,0.0025923103449741604,0.4309606682520273
M2,593,42,5,25,linear,1.0,0.9201199993491173,4.0,2a944ae1b79d66ce34abc2e63342aed2f89e9b27e7011565bf83f9ce81a892e2,3,3,0.005219917822058695,0.32284075972383636
M2,593,42,5,25,mlp,1.0,0.9201199993491173,4.0,2a944ae1b79d66ce34abc2e63342aed2f89e9b27e7011565bf83f9ce81a892e2,3,3,0.005219917822058695,0.32284075972383636
M2,593,42,5,25,categorical_subset,1.0,0.9201199993491173,4.0,2a944ae1b79d66ce34abc2e63342aed2f89e9b27e7011565bf83f9ce81a892e2,3,3,0.005219917822058695,0.32284075972383636
M2,593,42,5,50,linear,1.0,0.9201199993491173,4.0,2a944ae1b79d66ce34abc2e63342aed2f89e9b27e7011565bf83f9ce81a892e2,3,3,0.005219917822058695,0.4309606682520273
M2,593,42,5,50,mlp,1.0,0.9201199993491173,4.0,2a944ae1b79d66ce34abc2e63342aed2f89e9b27e7011565bf83f9ce81a892e2,3,3,0.005219917822058695,0.4309606682520273
M2,593,42,5,50,categorical_subset,1.0,0.9201199993491173,4.0,2a944ae1b79d66ce34abc2e63342aed2f89e9b27e7011565bf83f9ce81a892e2,3,3,0.005219917822058695,0.4309606682520273
M2,593,42,6,25,linear,1.0,0.9201199993491173,4.0,2a944ae1b79d66ce34abc2e63342aed2f89e9b27e7011565bf83f9ce81a892e2,4,4,0.0013207168620442097,0.2
M2,593,42,6,25,mlp,1.0,0.9201199993491173,4.0,2a944ae1b79d66ce34abc2e63342aed2f89e9b27e7011565bf83f9ce81a892e2,4,4,0.0013207168620442097,0.2
M2,593,42,6,25,categorical_subset,1.0,0.9201199993491173,4.0,2a944ae1b79d66ce34abc2e63342aed2f89e9b27e7011565bf83f9ce81a892e2,4,4,0.0013207168620442097,0.2
M2,593,42,6,50,linear,1.0,0.9201199993491173,4.0,2a944ae1b79d66ce34abc2e63342aed2f89e9b27e7011565bf83f9ce81a892e2,4,4,0.0013207168620442097,0.2
M2,593,42,6,50,mlp,1.0,0.9201199993491173,4.0,2a944ae1b79d66ce34abc2e63342aed2f89e9b27e7011565bf83f9ce81a892e2,4,4,0.0013207168620442097,0.2
M2,593,42,6,50,categorical_subset,1.0,0.9201199993491173,4.0,2a944ae1b79d66ce34abc2e63342aed2f89e9b27e7011565bf83f9ce81a892e2,4,4,0.0013207168620442097,0.2
M2,593,42,7,25,linear,1.0,0.9201199993491173,4.0,2a944ae1b79d66ce34abc2e63342aed2f89e9b27e7011565bf83f9ce81a892e2,3,3,0.0010537990326498392,0.32284075972383636
M2,593,42,7,25,mlp,1.0,0.9201199993491173,4.0,2a944ae1b79d66ce34abc2e63342aed2f89e9b27e7011565bf83f9ce81a892e2,3,3,0.0010537990326498392,0.32284075972383636
M2,593,42,7,25,categorical_subset,1.0,0.9201199993491173,4.0,2a944ae1b79d66ce34abc2e63342aed2f89e9b27e7011565bf83f9ce81a892e2,3,3,0.0010537990326498392,0.32284075972383636
M2,593,42,7,50,linear,1.0,0.9201199993491173,4.0,2a944ae1b79d66ce34abc2e63342aed2f89e9b27e7011565bf83f9ce81a892e2,3,3,0.0010537990326498392,0.4309606682520273
M2,593,42,7,50,mlp,1.0,0.9201199993491173,4.0,2a944ae1b79d66ce34abc2e63342aed2f89e9b27e7011565bf83f9ce81a892e2,3,3,0.0010537990326498392,0.4309606682520273
M2,593,42,7,50,categorical_subset,1.0,0.9201199993491173,4.0,2a944ae1b79d66ce34abc2e63342aed2f89e9b27e7011565bf83f9ce81a892e2,3,3,0.0010537990326498392,0.4309606682520273
M2,593,101,0,25,linear,1.0,0.9198399990797043,4.0,2a944ae1b79d66ce34abc2e63342aed2f89e9b27e7011565bf83f9ce81a892e2,3,2,0.0007578346599154971,0.7324894089285108
M2,593,101,0,25,mlp,1.0,0.9198399990797043,4.0,2a944ae1b79d66ce34abc2e63342aed2f89e9b27e7011565bf83f9ce81a892e2,3,2,0.0007578346599154971,0.7324894089285108
M2,593,101,0,25,categorical_subset,1.0,0.9198399990797043,4.0,2a944ae1b79d66ce34abc2e63342aed2f89e9b27e7011565bf83f9ce81a892e2,3,2,0.0007578346599154971,0.7324894089285108
M2,593,101,0,50,linear,1.0,0.9198399990797043,4.0,2a944ae1b79d66ce34abc2e63342aed2f89e9b27e7011565bf83f9ce81a892e2,3,2,0.0007578346599154971,0.9151339579808615
M2,593,101,0,50,mlp,1.0,0.9198399990797043,4.0,2a944ae1b79d66ce34abc2e63342aed2f89e9b27e7011565bf83f9ce81a892e2,3,2,0.0007578346599154971,0.9151339579808615
M2,593,101,0,50,categorical_subset,1.0,0.9198399990797043,4.0,2a944ae1b79d66ce34abc2e63342aed2f89e9b27e7011565bf83f9ce81a892e2,3,2,0.0007578346599154971,0.9151339579808615
M2,593,101,1,25,linear,1.0,0.9198399990797043,4.0,2a944ae1b79d66ce34abc2e63342aed2f89e9b27e7011565bf83f9ce81a892e2,2,3,0.006266576923313294,0.32284075972383636
M2,593,101,1,25,mlp,1.0,0.9198399990797043,4.0,2a944ae1b79d66ce34abc2e63342aed2f89e9b27e7011565bf83f9ce81a892e2,2,3,0.006266576923313294,0.32284075972383636
M2,593,101,1,25,categorical_subset,1.0,0.9198399990797043,4.0,2a944ae1b79d66ce34abc2e63342aed2f89e9b27e7011565bf83f9ce81a892e2,2,3,0.006266576923313294,0.32284075972383636
M2,593,101,1,50,linear,1.0,0.9198399990797043,4.0,2a944ae1b79d66ce34abc2e63342aed2f89e9b27e7011565bf83f9ce81a892e2,2,3,0.006266576923313294,0.4309606682520273
M2,593,101,1,50,mlp,1.0,0.9198399990797043,4.0,2a944ae1b79d66ce34abc2e63342aed2f89e9b27e7011565bf83f9ce81a892e2,2,3,0.006266576923313294,0.4309606682520273
M2,593,101,1,50,categorical_subset,1.0,0.9198399990797043,4.0,2a944ae1b79d66ce34abc2e63342aed2f89e9b27e7011565bf83f9ce81a892e2,2,3,0.006266576923313294,0.4309606682520273
M2,593,101,2,25,linear,1.0,0.9198399990797043,4.0,2a944ae1b79d66ce34abc2e63342aed2f89e9b27e7011565bf83f9ce81a892e2,2,3,0.007126367975633728,0.32284075972383636
M2,593,101,2,25,mlp,1.0,0.9198399990797043,4.0,2a944ae1b79d66ce34abc2e63342aed2f89e9b27e7011565bf83f9ce81a892e2,2,3,0.007126367975633728,0.32284075972383636
M2,593,101,2,25,categorical_subset,1.0,0.9198399990797043,4.0,2a944ae1b79d66ce34abc2e63342aed2f89e9b27e7011565bf83f9ce81a892e2,2,3,0.007126367975633728,0.32284075972383636
M2,593,101,2,50,linear,1.0,0.9198399990797043,4.0,2a944ae1b79d66ce34abc2e63342aed2f89e9b27e7011565bf83f9ce81a892e2,2,3,0.007126367975633728,0.4309606682520273
M2,593,101,2,50,mlp,1.0,0.9198399990797043,4.0,2a944ae1b79d66ce34abc2e63342aed2f89e9b27e7011565bf83f9ce81a892e2,2,3,0.007126367975633728,0.4309606682520273
M2,593,101,2,50,categorical_subset,1.0,0.9198399990797043,4.0,2a944ae1b79d66ce34abc2e63342aed2f89e9b27e7011565bf83f9ce81a892e2,2,3,0.007126367975633728,0.4309606682520273
M2,593,101,3,25,linear,1.0,0.9198399990797043,4.0,2a944ae1b79d66ce34abc2e63342aed2f89e9b27e7011565bf83f9ce81a892e2,4,2,0.004402611114076673,0.7324894089285108
M2,593,101,3,25,mlp,1.0,0.9198399990797043,4.0,2a944ae1b79d66ce34abc2e63342aed2f89e9b27e7011565bf83f9ce81a892e2,4,2,0.004402611114076673,0.7324894089285108
M2,593,101,3,25,categorical_subset,1.0,0.9198399990797043,4.0,2a944ae1b79d66ce34abc2e63342aed2f89e9b27e7011565bf83f9ce81a892e2,4,2,0.004402611114076673,0.7324894089285108
M2,593,101,3,50,linear,1.0,0.9198399990797043,4.0,2a944ae1b79d66ce34abc2e63342aed2f89e9b27e7011565bf83f9ce81a892e2,4,2,0.004402611114076673,0.9151339579808615
M2,593,101,3,50,mlp,1.0,0.9198399990797043,4.0,2a944ae1b79d66ce34abc2e63342aed2f89e9b27e7011565bf83f9ce81a892e2,4,2,0.004402611114076673,0.9151339579808615
M2,593,101,3,50,categorical_subset,1.0,0.9198399990797043,4.0,2a944ae1b79d66ce34abc2e63342aed2f89e9b27e7011565bf83f9ce81a892e2,4,2,0.004402611114076673,0.9151339579808615
M2,593,101,4,25,linear,1.0,0.9198399990797043,4.0,2a944ae1b79d66ce34abc2e63342aed2f89e9b27e7011565bf83f9ce81a892e2,4,3,0.0027179987948622777,0.32284075972383636
M2,593,101,4,25,mlp,1.0,0.9198399990797043,4.0,2a944ae1b79d66ce34abc2e63342aed2f89e9b27e7011565bf83f9ce81a892e2,4,3,0.0027179987948622777,0.32284075972383636
M2,593,101,4,25,categorical_subset,1.0,0.9198399990797043,4.0,2a944ae1b79d66ce34abc2e63342aed2f89e9b27e7011565bf83f9ce81a892e2,4,3,0.0027179987948622777,0.32284075972383636
M2,593,101,4,50,linear,1.0,0.9198399990797043,4.0,2a944ae1b79d66ce34abc2e63342aed2f89e9b27e7011565bf83f9ce81a892e2,4,3,0.0027179987948622777,0.4309606682520273
M2,593,101,4,50,mlp,1.0,0.9198399990797043,4.0,2a944ae1b79d66ce34abc2e63342aed2f89e9b27e7011565bf83f9ce81a892e2,4,3,0.0027179987948622777,0.4309606682520273
M2,593,101,4,50,categorical_subset,1.0,0.9198399990797043,4.0,2a944ae1b79d66ce34abc2e63342aed2f89e9b27e7011565bf83f9ce81a892e2,4,3,0.0027179987948622777,0.4309606682520273
M2,593,101,5,25,linear,1.0,0.9198399990797043,4.0,2a944ae1b79d66ce34abc2e63342aed2f89e9b27e7011565bf83f9ce81a892e2,3,3,0.004987594781183465,0.32284075972383636
M2,593,101,5,25,mlp,1.0,0.9198399990797043,4.0,2a944ae1b79d66ce34abc2e63342aed2f89e9b27e7011565bf83f9ce81a892e2,3,3,0.004987594781183465,0.32284075972383636
M2,593,101,5,25,categorical_subset,1.0,0.9198399990797043,4.0,2a944ae1b79d66ce34abc2e63342aed2f89e9b27e7011565bf83f9ce81a892e2,3,3,0.004987594781183465,0.32284075972383636
M2,593,101,5,50,linear,1.0,0.9198399990797043,4.0,2a944ae1b79d66ce34abc2e63342aed2f89e9b27e7011565bf83f9ce81a892e2,3,3,0.004987594781183465,0.4309606682520273
M2,593,101,5,50,mlp,1.0,0.9198399990797043,4.0,2a944ae1b79d66ce34abc2e63342aed2f89e9b27e7011565bf83f9ce81a892e2,3,3,0.004987594781183465,0.4309606682520273
M2,593,101,5,50,categorical_subset,1.0,0.9198399990797043,4.0,2a944ae1b79d66ce34abc2e63342aed2f89e9b27e7011565bf83f9ce81a892e2,3,3,0.004987594781183465,0.4309606682520273
M2,593,101,6,25,linear,1.0,0.9198399990797043,4.0,2a944ae1b79d66ce34abc2e63342aed2f89e9b27e7011565bf83f9ce81a892e2,4,4,0.0013172449287409392,0.2
M2,593,101,6,25,mlp,1.0,0.9198399990797043,4.0,2a944ae1b79d66ce34abc2e63342aed2f89e9b27e7011565bf83f9ce81a892e2,4,4,0.0013172449287409392,0.2
M2,593,101,6,25,categorical_subset,1.0,0.9198399990797043,4.0,2a944ae1b79d66ce34abc2e63342aed2f89e9b27e7011565bf83f9ce81a892e2,4,4,0.0013172449287409392,0.2
M2,593,101,6,50,linear,1.0,0.9198399990797043,4.0,2a944ae1b79d66ce34abc2e63342aed2f89e9b27e7011565bf83f9ce81a892e2,4,4,0.0013172449287409392,0.2
M2,593,101,6,50,mlp,1.0,0.9198399990797043,4.0,2a944ae1b79d66ce34abc2e63342aed2f89e9b27e7011565bf83f9ce81a892e2,4,4,0.0013172449287409392,0.2
M2,593,101,6,50,categorical_subset,1.0,0.9198399990797043,4.0,2a944ae1b79d66ce34abc2e63342aed2f89e9b27e7011565bf83f9ce81a892e2,4,4,0.0013172449287409392,0.2
M2,593,101,7,25,linear,1.0,0.9198399990797043,4.0,2a944ae1b79d66ce34abc2e63342aed2f89e9b27e7011565bf83f9ce81a892e2,3,3,0.0012088688072522738,0.32284075972383636
M2,593,101,7,25,mlp,1.0,0.9198399990797043,4.0,2a944ae1b79d66ce34abc2e63342aed2f89e9b27e7011565bf83f9ce81a892e2,3,3,0.0012088688072522738,0.32284075972383636
M2,593,101,7,25,categorical_subset,1.0,0.9198399990797043,4.0,2a944ae1b79d66ce34abc2e63342aed2f89e9b27e7011565bf83f9ce81a892e2,3,3,0.0012088688072522738,0.32284075972383636
M2,593,101,7,50,linear,1.0,0.9198399990797043,4.0,2a944ae1b79d66ce34abc2e63342aed2f89e9b27e7011565bf83f9ce81a892e2,3,3,0.0012088688072522738,0.4309606682520273
M2,593,101,7,50,mlp,1.0,0.9198399990797043,4.0,2a944ae1b79d66ce34abc2e63342aed2f89e9b27e7011565bf83f9ce81a892e2,3,3,0.0012088688072522738,0.4309606682520273
M2,593,101,7,50,categorical_subset,1.0,0.9198399990797043,4.0,2a944ae1b79d66ce34abc2e63342aed2f89e9b27e7011565bf83f9ce81a892e2,3,3,0.0012088688072522738,0.4309606682520273
