group,seed,operator,landmark,centering,trained_cka,initial_cka,change_from_initial,categorical_code_cka,closure_status,transformed_source_training_overlap
cycle_none,17,complement,ONE_END,raw,0.1530616807550696,0.9659887482926198,-0.8129270675375502,0.11185099132807405,not a function of source answers alone,0
cycle_none,17,complement,ONE_END,within_length,0.0142297281730831,0.0314328730868182,-0.017203144913735098,0.01495646244278713,not a function of source answers alone,0
cycle_none,17,reverse,ONE_END,raw,0.1412638483677869,0.9497896485118754,-0.8085258001440885,0.11233609580323156,not a function of source answers alone,0
cycle_none,17,reverse,ONE_END,within_length,0.010304640603358825,0.6364639843997207,-0.626159343796362,0.01572435275807528,not a function of source answers alone,0
cycle_none,17,reverse_complement,ONE_END,raw,0.1409186912214405,0.9663945022829926,-0.8254758110615521,0.8743588200348241,not a function of source answers alone,0
cycle_none,17,reverse_complement,ONE_END,within_length,0.021768995681073575,0.022939746614102554,-0.0011707509330289786,0.8779500518980007,not a function of source answers alone,0
cycle_none,17,inverse,ONE_END,raw,0.14616524276132162,0.967960311150079,-0.8217950683887574,0.8743588200348241,not a function of source answers alone,0
cycle_none,17,inverse,ONE_END,within_length,0.025772414752406516,0.03941711872692118,-0.013644703974514661,0.8779500518980007,not a function of source answers alone,0
cycle_none,17,complement,heldout_query,raw,0.09201743348512949,0.9731434838690143,-0.8811260503838848,0.11185099132807405,not a function of source answers alone,0
cycle_none,17,complement,heldout_query,within_length,0.015516858527068522,0.03415783678455542,-0.018640978257486895,0.01495646244278713,not a function of source answers alone,0
cycle_none,17,reverse,heldout_query,raw,0.08622572468465996,0.9593538151408663,-0.8731280904562063,0.11233609580323156,not a function of source answers alone,0
cycle_none,17,reverse,heldout_query,within_length,0.014617723382971836,0.627843808058518,-0.6132260846755462,0.01572435275807528,not a function of source answers alone,0
cycle_none,17,reverse_complement,heldout_query,raw,0.09987751775751097,0.9739708382136448,-0.8740933204561339,0.8743588200348241,not a function of source answers alone,0
cycle_none,17,reverse_complement,heldout_query,within_length,0.025624048628403385,0.025007812457318243,0.0006162361710851418,0.8779500518980007,not a function of source answers alone,0
cycle_none,17,inverse,heldout_query,raw,0.11299356810491253,0.9745376715423221,-0.8615441034374095,0.8743588200348241,not a function of source answers alone,0
cycle_none,17,inverse,heldout_query,within_length,0.030840687372663277,0.0425566498377098,-0.011715962465046522,0.8779500518980007,not a function of source answers alone,0
cycle_none,17,complement,prefix_mean,raw,0.7441236473208032,0.708332048218696,0.03579159910210716,0.11185099132807405,not a function of source answers alone,0
cycle_none,17,complement,prefix_mean,within_length,0.06995950663286969,0.03266913512696986,0.03729037150589983,0.01495646244278713,not a function of source answers alone,0
cycle_none,17,reverse,prefix_mean,raw,0.7454088903913052,0.6202841376283014,0.12512475276300383,0.11233609580323156,not a function of source answers alone,0
cycle_none,17,reverse,prefix_mean,within_length,0.11421998536674904,0.46136907643693975,-0.3471490910701907,0.01572435275807528,not a function of source answers alone,0
cycle_none,17,reverse_complement,prefix_mean,raw,0.7898876968711788,0.7108340954676858,0.07905360140349293,0.8743588200348241,not a function of source answers alone,0
cycle_none,17,reverse_complement,prefix_mean,within_length,0.10350089395497755,0.020615972669001257,0.0828849212859763,0.8779500518980007,not a function of source answers alone,0
cycle_none,17,inverse,prefix_mean,raw,0.8368845634982548,0.7208228097864358,0.11606175371181904,0.8743588200348241,not a function of source answers alone,0
cycle_none,17,inverse,prefix_mean,within_length,0.3634111649820689,0.03770965012773261,0.3257015148543363,0.8779500518980007,not a function of source answers alone,0
cycle_none,17,complement,source_query_concat,raw,0.6272175656490739,0.9731617380522187,-0.3459441724031448,0.11185099132807405,not a function of source answers alone,0
cycle_none,17,complement,source_query_concat,within_length,0.012142649149283586,0.034116456692863534,-0.02197380754357995,0.01495646244278713,not a function of source answers alone,0
cycle_none,17,reverse,source_query_concat,raw,0.6286097394245002,0.9593549562274849,-0.33074521680298474,0.11233609580323156,not a function of source answers alone,0
cycle_none,17,reverse,source_query_concat,within_length,0.011035029873847997,0.6279888097885041,-0.6169537799146562,0.01572435275807528,not a function of source answers alone,0
cycle_none,17,reverse_complement,source_query_concat,raw,0.766925568468559,0.9739210681170257,-0.20699549964846675,0.8743588200348241,not a function of source answers alone,0
cycle_none,17,reverse_complement,source_query_concat,within_length,0.40330070772112286,0.024983487008303676,0.3783172207128192,0.8779500518980007,not a function of source answers alone,0
cycle_none,17,inverse,source_query_concat,raw,0.7734749898799274,0.9745176481645872,-0.20104265828465984,0.8743588200348241,not a function of source answers alone,0
cycle_none,17,inverse,source_query_concat,within_length,0.4180703100761536,0.04250723664082739,0.3755630734353262,0.8779500518980007,not a function of source answers alone,0
cycle_three,17,complement,ONE_END,raw,0.024932519329601974,0.9659887482926198,-0.9410562289630179,0.0148916962007111,not a function of source answers alone,0
cycle_three,17,complement,ONE_END,within_length,0.007905406329026964,0.0314328730868182,-0.023527466757791236,0.014570761067180403,not a function of source answers alone,0
cycle_three,17,reverse,ONE_END,raw,0.021011732558500536,0.9497896485118754,-0.9287779159533749,0.0148916962007111,not a function of source answers alone,0
cycle_three,17,reverse,ONE_END,within_length,0.004959137246593073,0.6364639843997207,-0.6315048471531277,0.014570761067180403,not a function of source answers alone,0
cycle_three,17,reverse_complement,ONE_END,raw,0.2895900552356064,0.9663945022829926,-0.6768044470473862,1.0,proved linear task-vector closure,0
cycle_three,17,reverse_complement,ONE_END,within_length,0.2798088251219153,0.022939746614102554,0.25686907850781276,1.0,proved linear task-vector closure,0
cycle_three,17,inverse,ONE_END,raw,0.8509598527117725,0.967960311150079,-0.11700045843830642,1.0,proved linear task-vector closure,0
cycle_three,17,inverse,ONE_END,within_length,0.8490938036802941,0.03941711872692118,0.8096766849533729,1.0,proved linear task-vector closure,0
cycle_three,17,complement,heldout_query,raw,0.005583076572857492,0.9731434838690143,-0.9675604072961568,0.0148916962007111,not a function of source answers alone,0
cycle_three,17,complement,heldout_query,within_length,0.004510509431530439,0.03415783678455542,-0.02964732735302498,0.014570761067180403,not a function of source answers alone,0
cycle_three,17,reverse,heldout_query,raw,0.005688332853959744,0.9593538151408663,-0.9536654822869065,0.0148916962007111,not a function of source answers alone,0
cycle_three,17,reverse,heldout_query,within_length,0.003934452683110559,0.627843808058518,-0.6239093553754075,0.014570761067180403,not a function of source answers alone,0
cycle_three,17,reverse_complement,heldout_query,raw,0.8761748982542162,0.9739708382136448,-0.09779593995942859,1.0,proved linear task-vector closure,0
cycle_three,17,reverse_complement,heldout_query,within_length,0.8791290292110917,0.025007812457318243,0.8541212167537735,1.0,proved linear task-vector closure,0
cycle_three,17,inverse,heldout_query,raw,0.9450370173181453,0.9745376715423221,-0.029500654224176803,1.0,proved linear task-vector closure,0
cycle_three,17,inverse,heldout_query,within_length,0.9456967041606987,0.0425566498377098,0.9031400543229889,1.0,proved linear task-vector closure,0
cycle_three,17,complement,prefix_mean,raw,0.06370267904000727,0.708332048218696,-0.6446293691786887,0.0148916962007111,not a function of source answers alone,0
cycle_three,17,complement,prefix_mean,within_length,0.015541239024034693,0.03266913512696986,-0.017127896102935167,0.014570761067180403,not a function of source answers alone,0
cycle_three,17,reverse,prefix_mean,raw,0.07337752027414687,0.6202841376283014,-0.5469066173541545,0.0148916962007111,not a function of source answers alone,0
cycle_three,17,reverse,prefix_mean,within_length,0.012014264418830186,0.46136907643693975,-0.44935481201810956,0.014570761067180403,not a function of source answers alone,0
cycle_three,17,reverse_complement,prefix_mean,raw,0.11035916093492447,0.7108340954676858,-0.6004749345327614,1.0,proved linear task-vector closure,0
cycle_three,17,reverse_complement,prefix_mean,within_length,0.027825980190514125,0.020615972669001257,0.0072100075215128685,1.0,proved linear task-vector closure,0
cycle_three,17,inverse,prefix_mean,raw,0.944610390890793,0.7208228097864358,0.22378758110435726,1.0,proved linear task-vector closure,0
cycle_three,17,inverse,prefix_mean,within_length,0.9474851841527414,0.03770965012773261,0.9097755340250088,1.0,proved linear task-vector closure,0
cycle_three,17,complement,source_query_concat,raw,0.04490406390165149,0.9731490453728434,-0.9282449814711919,0.0148916962007111,not a function of source answers alone,0
cycle_three,17,complement,source_query_concat,within_length,0.007672010011751379,0.03408995875416952,-0.026417948742418144,0.014570761067180403,not a function of source answers alone,0
cycle_three,17,reverse,source_query_concat,raw,0.04384546751680537,0.9593337115287961,-0.9154882440119907,0.0148916962007111,not a function of source answers alone,0
cycle_three,17,reverse,source_query_concat,within_length,0.0067255020982632165,0.6277284300115876,-0.6210029279133245,0.014570761067180403,not a function of source answers alone,0
cycle_three,17,reverse_complement,source_query_concat,raw,0.9554550931456113,0.9739162500639077,-0.018461156918296417,1.0,proved linear task-vector closure,0
cycle_three,17,reverse_complement,source_query_concat,within_length,0.9585963185972167,0.024961373789260652,0.9336349448079561,1.0,proved linear task-vector closure,0
cycle_three,17,inverse,source_query_concat,raw,0.9795234032874367,0.9745070448811922,0.005016358406244481,1.0,proved linear task-vector closure,0
cycle_three,17,inverse,source_query_concat,within_length,0.9814950727101527,0.04250062677675197,0.9389944459334008,1.0,proved linear task-vector closure,0
cycle_four,17,complement,ONE_END,raw,0.07902927389151683,0.9659887482926198,-0.886959474401103,0.07246885639895795,not a function of source answers alone,0
cycle_four,17,complement,ONE_END,within_length,0.007588222839115847,0.0314328730868182,-0.023844650247702354,0.013472840703865339,not a function of source answers alone,0
cycle_four,17,reverse,ONE_END,raw,0.0795927324260313,0.9497896485118754,-0.8701969160858442,0.07246885639895795,not a function of source answers alone,0
cycle_four,17,reverse,ONE_END,within_length,0.005128706813670658,0.6364639843997207,-0.6313352775860501,0.013472840703865339,not a function of source answers alone,0
cycle_four,17,reverse_complement,ONE_END,raw,0.26611383193129545,0.9663945022829926,-0.7002806703516972,1.0,proved linear task-vector closure,0
cycle_four,17,reverse_complement,ONE_END,within_length,0.12551615987113468,0.022939746614102554,0.10257641325703212,1.0,proved linear task-vector closure,0
cycle_four,17,inverse,ONE_END,raw,0.770916438346422,0.967960311150079,-0.19704387280365698,1.0,proved linear task-vector closure,0
cycle_four,17,inverse,ONE_END,within_length,0.7190444208147445,0.03941711872692118,0.6796273020878233,1.0,proved linear task-vector closure,0
cycle_four,17,complement,heldout_query,raw,0.003641404116758575,0.9731434838690143,-0.9695020797522557,0.07246885639895795,not a function of source answers alone,0
cycle_four,17,complement,heldout_query,within_length,0.0029392617507513737,0.03415783678455542,-0.031218575033804045,0.013472840703865339,not a function of source answers alone,0
cycle_four,17,reverse,heldout_query,raw,0.003128113541242686,0.9593538151408663,-0.9562257015996236,0.07246885639895795,not a function of source answers alone,0
cycle_four,17,reverse,heldout_query,within_length,0.0025447383000566687,0.627843808058518,-0.6252990697584614,0.013472840703865339,not a function of source answers alone,0
cycle_four,17,reverse_complement,heldout_query,raw,0.9383824862635893,0.9739708382136448,-0.0355883519500555,1.0,proved linear task-vector closure,0
cycle_four,17,reverse_complement,heldout_query,within_length,0.9389168766612677,0.025007812457318243,0.9139090642039495,1.0,proved linear task-vector closure,0
cycle_four,17,inverse,heldout_query,raw,0.9751948507666109,0.9745376715423221,0.000657179224288873,1.0,proved linear task-vector closure,0
cycle_four,17,inverse,heldout_query,within_length,0.9751502049630962,0.0425566498377098,0.9325935551253864,1.0,proved linear task-vector closure,0
cycle_four,17,complement,prefix_mean,raw,0.1931449466401036,0.708332048218696,-0.5151871015785924,0.07246885639895795,not a function of source answers alone,0
cycle_four,17,complement,prefix_mean,within_length,0.006193763266431568,0.03266913512696986,-0.02647537186053829,0.013472840703865339,not a function of source answers alone,0
cycle_four,17,reverse,prefix_mean,raw,0.18305099412283735,0.6202841376283014,-0.43723314350546405,0.07246885639895795,not a function of source answers alone,0
cycle_four,17,reverse,prefix_mean,within_length,0.01498866806753596,0.46136907643693975,-0.4463804083694038,0.013472840703865339,not a function of source answers alone,0
cycle_four,17,reverse_complement,prefix_mean,raw,0.2502356987610428,0.7108340954676858,-0.46059839670664304,1.0,proved linear task-vector closure,0
cycle_four,17,reverse_complement,prefix_mean,within_length,0.027891095524712063,0.020615972669001257,0.007275122855710806,1.0,proved linear task-vector closure,0
cycle_four,17,inverse,prefix_mean,raw,0.9163795101756511,0.7208228097864358,0.19555670038921535,1.0,proved linear task-vector closure,0
cycle_four,17,inverse,prefix_mean,within_length,0.9099724728592691,0.03770965012773261,0.8722628227315364,1.0,proved linear task-vector closure,0
cycle_four,17,complement,source_query_concat,raw,0.5094396428931288,0.9732232157105337,-0.4637835728174049,0.07246885639895795,not a function of source answers alone,0
cycle_four,17,complement,source_query_concat,within_length,0.0037147270664103778,0.034117349285586164,-0.030402622219175786,0.013472840703865339,not a function of source answers alone,0
cycle_four,17,reverse,source_query_concat,raw,0.5082674071651059,0.9594320613554824,-0.45116465419037655,0.07246885639895795,not a function of source answers alone,0
cycle_four,17,reverse,source_query_concat,within_length,0.003686813461880821,0.6279517523259049,-0.6242649388640241,0.013472840703865339,not a function of source answers alone,0
cycle_four,17,reverse_complement,source_query_concat,raw,0.9808343749933917,0.9739962464121273,0.006838128581264313,1.0,proved linear task-vector closure,0
cycle_four,17,reverse_complement,source_query_concat,within_length,0.9714532458625644,0.02499497510051389,0.9464582707620506,1.0,proved linear task-vector closure,0
cycle_four,17,inverse,source_query_concat,raw,0.992593880901116,0.9745856239178828,0.018008256983233162,1.0,proved linear task-vector closure,0
cycle_four,17,inverse,source_query_concat,within_length,0.988548341446485,0.042502388331710265,0.9460459531147747,1.0,proved linear task-vector closure,0
interior_none,17,complement,ONE_END,raw,0.5619749015990789,0.9659887482926198,-0.4040138466935409,0.49253219412176724,not a function of source answers alone,0
interior_none,17,complement,ONE_END,within_length,0.18484040746278416,0.0314328730868182,0.15340753437596596,0.3697585446225355,not a function of source answers alone,0
interior_none,17,reverse,ONE_END,raw,0.5999646491843381,0.9497896485118754,-0.3498249993275373,1.0,proved linear task-vector closure,0
interior_none,17,reverse,ONE_END,within_length,0.316937572989663,0.6364639843997207,-0.3195264114100577,1.0,proved linear task-vector closure,0
interior_none,17,reverse_complement,ONE_END,raw,0.5846365251726473,0.9663945022829926,-0.3817579771103453,0.4925321941217673,not a function of source answers alone,0
interior_none,17,reverse_complement,ONE_END,within_length,0.17975988133534374,0.022939746614102554,0.15682013472124118,0.36975854462253555,not a function of source answers alone,0
interior_none,17,inverse,ONE_END,raw,0.42770050926978304,0.967960311150079,-0.540259801880296,0.3631500673280833,not a function of source answers alone,0
interior_none,17,inverse,ONE_END,within_length,0.19540207684537417,0.03941711872692118,0.15598495811845298,0.3385783087001135,not a function of source answers alone,0
interior_none,17,complement,heldout_query,raw,0.6575510576035529,0.9731434838690143,-0.31559242626546136,0.49253219412176724,not a function of source answers alone,0
interior_none,17,complement,heldout_query,within_length,0.1185453594071348,0.03415783678455542,0.08438752262257938,0.3697585446225355,not a function of source answers alone,0
interior_none,17,reverse,heldout_query,raw,0.7156347480369695,0.9593538151408663,-0.2437190671038968,1.0,proved linear task-vector closure,0
interior_none,17,reverse,heldout_query,within_length,0.11077825506005341,0.627843808058518,-0.5170655529984646,1.0,proved linear task-vector closure,0
interior_none,17,reverse_complement,heldout_query,raw,0.6559893738677235,0.9739708382136448,-0.31798146434592134,0.4925321941217673,not a function of source answers alone,0
interior_none,17,reverse_complement,heldout_query,within_length,0.03635454533525997,0.025007812457318243,0.011346732877941725,0.36975854462253555,not a function of source answers alone,0
interior_none,17,inverse,heldout_query,raw,0.6465492046790613,0.9745376715423221,-0.3279884668632608,0.3631500673280833,not a function of source answers alone,0
interior_none,17,inverse,heldout_query,within_length,0.04423564124856052,0.0425566498377098,0.0016789914108507192,0.3385783087001135,not a function of source answers alone,0
interior_none,17,complement,prefix_mean,raw,0.8384908881338521,0.708332048218696,0.1301588399151561,0.49253219412176724,not a function of source answers alone,0
interior_none,17,complement,prefix_mean,within_length,0.17398319956730432,0.03266913512696986,0.14131406444033445,0.3697585446225355,not a function of source answers alone,0
interior_none,17,reverse,prefix_mean,raw,0.8122642606675096,0.6202841376283014,0.1919801230392082,1.0,proved linear task-vector closure,0
interior_none,17,reverse,prefix_mean,within_length,0.045445291507131724,0.46136907643693975,-0.415923784929808,1.0,proved linear task-vector closure,0
interior_none,17,reverse_complement,prefix_mean,raw,0.8382377152385304,0.7108340954676858,0.12740361977084458,0.4925321941217673,not a function of source answers alone,0
interior_none,17,reverse_complement,prefix_mean,within_length,0.08925839229885658,0.020615972669001257,0.06864241962985533,0.36975854462253555,not a function of source answers alone,0
interior_none,17,inverse,prefix_mean,raw,0.7977713206510144,0.7208228097864358,0.07694851086457866,0.3631500673280833,not a function of source answers alone,0
interior_none,17,inverse,prefix_mean,within_length,0.022967056760576966,0.03770965012773261,-0.014742593367155641,0.3385783087001135,not a function of source answers alone,0
interior_none,17,complement,source_query_concat,raw,0.6595555241385336,0.9732027005149363,-0.3136471763764027,0.49253219412176724,not a function of source answers alone,0
interior_none,17,complement,source_query_concat,within_length,0.08218659772655607,0.034167197449735495,0.04801940027682057,0.3697585446225355,not a function of source answers alone,0
interior_none,17,reverse,source_query_concat,raw,0.8718808778601981,0.9594175732937661,-0.08753669543356801,1.0,proved linear task-vector closure,0
interior_none,17,reverse,source_query_concat,within_length,0.702393910231778,0.6277588654347369,0.07463504479704108,1.0,proved linear task-vector closure,0
interior_none,17,reverse_complement,source_query_concat,raw,0.6581399449092316,0.9739515824031691,-0.3158116374939376,0.4925321941217673,not a function of source answers alone,0
interior_none,17,reverse_complement,source_query_concat,within_length,0.07416930199124612,0.025005318305415806,0.04916398368583032,0.36975854462253555,not a function of source answers alone,0
interior_none,17,inverse,source_query_concat,raw,0.6652451674579386,0.9745664847183851,-0.30932131726044654,0.3631500673280833,not a function of source answers alone,0
interior_none,17,inverse,source_query_concat,within_length,0.3109691695327219,0.04261114272412253,0.2683580268085994,0.3385783087001135,not a function of source answers alone,0
interior_four,17,complement,ONE_END,raw,0.827160935259975,0.9659887482926198,-0.1388278130326448,0.9999999999999999,proved linear task-vector closure,0
interior_four,17,complement,ONE_END,within_length,0.31110387111918136,0.0314328730868182,0.27967099803236317,0.9999999999999998,proved linear task-vector closure,0
interior_four,17,reverse,ONE_END,raw,0.745382591434626,0.9497896485118754,-0.20440705707724938,0.9999999999999999,proved linear task-vector closure,0
interior_four,17,reverse,ONE_END,within_length,0.19312335214360524,0.6364639843997207,-0.44334063225611553,1.0,proved linear task-vector closure,0
interior_four,17,reverse_complement,ONE_END,raw,0.755564993300948,0.9663945022829926,-0.21082950898204467,0.9999999999999999,proved linear task-vector closure,0
interior_four,17,reverse_complement,ONE_END,within_length,0.20426571665568363,0.022939746614102554,0.18132597004158107,1.0,proved linear task-vector closure,0
interior_four,17,inverse,ONE_END,raw,0.6515451428170882,0.967960311150079,-0.31641516833299077,0.16613483434674406,not a function of source answers alone,0
interior_four,17,inverse,ONE_END,within_length,0.006685330574118225,0.03941711872692118,-0.03273178815280295,0.03019974584374056,not a function of source answers alone,0
interior_four,17,complement,heldout_query,raw,0.790695622238466,0.9731434838690143,-0.18244786163054827,0.9999999999999999,proved linear task-vector closure,0
interior_four,17,complement,heldout_query,within_length,0.2368552672727214,0.03415783678455542,0.202697430488166,0.9999999999999998,proved linear task-vector closure,0
interior_four,17,reverse,heldout_query,raw,0.7531183753574242,0.9593538151408663,-0.20623543978344205,0.9999999999999999,proved linear task-vector closure,0
interior_four,17,reverse,heldout_query,within_length,0.2255254686788786,0.627843808058518,-0.40231833937963946,1.0,proved linear task-vector closure,0
interior_four,17,reverse_complement,heldout_query,raw,0.7214775595934827,0.9739708382136448,-0.25249327862016213,0.9999999999999999,proved linear task-vector closure,0
interior_four,17,reverse_complement,heldout_query,within_length,0.13915398985506378,0.025007812457318243,0.11414617739774553,1.0,proved linear task-vector closure,0
interior_four,17,inverse,heldout_query,raw,0.6249039268471529,0.9745376715423221,-0.34963374469516917,0.16613483434674406,not a function of source answers alone,0
interior_four,17,inverse,heldout_query,within_length,0.01077917059902614,0.0425566498377098,-0.03177747923868366,0.03019974584374056,not a function of source answers alone,0
interior_four,17,complement,prefix_mean,raw,0.9128286421467078,0.708332048218696,0.20449659392801178,0.9999999999999999,proved linear task-vector closure,0
interior_four,17,complement,prefix_mean,within_length,0.3707045562182623,0.03266913512696986,0.3380354210912925,0.9999999999999998,proved linear task-vector closure,0
interior_four,17,reverse,prefix_mean,raw,0.8888814079869876,0.6202841376283014,0.2685972703586862,0.9999999999999999,proved linear task-vector closure,0
interior_four,17,reverse,prefix_mean,within_length,0.027754350180934587,0.46136907643693975,-0.43361472625600517,1.0,proved linear task-vector closure,0
interior_four,17,reverse_complement,prefix_mean,raw,0.8922227710261225,0.7108340954676858,0.18138867555843663,0.9999999999999999,proved linear task-vector closure,0
interior_four,17,reverse_complement,prefix_mean,within_length,0.031021724022904058,0.020615972669001257,0.0104057513539028,1.0,proved linear task-vector closure,0
interior_four,17,inverse,prefix_mean,raw,0.8896517196138771,0.7208228097864358,0.16882890982744136,0.16613483434674406,not a function of source answers alone,0
interior_four,17,inverse,prefix_mean,within_length,0.00848844458001303,0.03770965012773261,-0.029221205547719578,0.03019974584374056,not a function of source answers alone,0
interior_four,17,complement,source_query_concat,raw,0.942278732474745,0.9731493134960711,-0.030870581021326116,0.9999999999999999,proved linear task-vector closure,0
interior_four,17,complement,source_query_concat,within_length,0.6993147866635446,0.03414201302710953,0.6651727736364351,0.9999999999999998,proved linear task-vector closure,0
interior_four,17,reverse,source_query_concat,raw,0.8686474901378428,0.9593437042765295,-0.09069621413868667,0.9999999999999999,proved linear task-vector closure,0
interior_four,17,reverse,source_query_concat,within_length,0.330418280425955,0.6278036395479174,-0.2973853591219624,1.0,proved linear task-vector closure,0
interior_four,17,reverse_complement,source_query_concat,raw,0.865963624196687,0.9738968542641606,-0.10793323006747357,0.9999999999999999,proved linear task-vector closure,0
interior_four,17,reverse_complement,source_query_concat,within_length,0.34270065739229444,0.02497631081762101,0.3177243465746734,1.0,proved linear task-vector closure,0
interior_four,17,inverse,source_query_concat,raw,0.7811606480202455,0.974509244467829,-0.1933485964475835,0.16613483434674406,not a function of source answers alone,0
interior_four,17,inverse,source_query_concat,within_length,0.019562866200897585,0.042567000986947795,-0.02300413478605021,0.03019974584374056,not a function of source answers alone,0
position_none,17,complement,ONE_END,raw,0.16040172053785579,0.9659887482926198,-0.8055870277547641,0.7134035679371824,proved linear task-vector closure,0
position_none,17,complement,ONE_END,within_length,0.1925611233890861,0.0314328730868182,0.1611282503022679,0.7029171838373484,proved linear task-vector closure,0
position_none,17,reverse,ONE_END,raw,0.03786627361522213,0.9497896485118754,-0.9119233748966533,0.7134035679371824,proved linear task-vector closure,0
position_none,17,reverse,ONE_END,within_length,0.012030219287886324,0.6364639843997207,-0.6244337651118345,0.7029171838373484,proved linear task-vector closure,0
position_none,17,reverse_complement,ONE_END,raw,0.07154340313906916,0.9663945022829926,-0.8948510991439235,1.0,proved linear task-vector closure,0
position_none,17,reverse_complement,ONE_END,within_length,0.009534227608929574,0.022939746614102554,-0.01340551900517298,1.0,proved linear task-vector closure,0
position_none,17,inverse,ONE_END,raw,0.05803451507837335,0.967960311150079,-0.9099257960717057,0.6362759804879538,not a function of source answers alone,0
position_none,17,inverse,ONE_END,within_length,0.007168565845320523,0.03941711872692118,-0.03224855288160065,0.6447718989335887,not a function of source answers alone,0
position_none,17,complement,heldout_query,raw,0.44742677912610473,0.9731434838690143,-0.5257167047429095,0.7134035679371824,proved linear task-vector closure,0
position_none,17,complement,heldout_query,within_length,0.08954863480827606,0.03415783678455542,0.05539079802372064,0.7029171838373484,proved linear task-vector closure,0
position_none,17,reverse,heldout_query,raw,0.39310404163630003,0.9593538151408663,-0.5662497735045662,0.7134035679371824,proved linear task-vector closure,0
position_none,17,reverse,heldout_query,within_length,0.024166713056955558,0.627843808058518,-0.6036770950015624,0.7029171838373484,proved linear task-vector closure,0
position_none,17,reverse_complement,heldout_query,raw,0.4935904605902584,0.9739708382136448,-0.4803803776233864,1.0,proved linear task-vector closure,0
position_none,17,reverse_complement,heldout_query,within_length,0.1745037364636562,0.025007812457318243,0.14949592400633793,1.0,proved linear task-vector closure,0
position_none,17,inverse,heldout_query,raw,0.4169209489899277,0.9745376715423221,-0.5576167225523944,0.6362759804879538,not a function of source answers alone,0
position_none,17,inverse,heldout_query,within_length,0.02986299213168334,0.0425566498377098,-0.01269365770602646,0.6447718989335887,not a function of source answers alone,0
position_none,17,complement,prefix_mean,raw,0.3186923063445374,0.708332048218696,-0.3896397418741586,0.7134035679371824,proved linear task-vector closure,0
position_none,17,complement,prefix_mean,within_length,0.38664408964962366,0.03266913512696986,0.3539749545226538,0.7029171838373484,proved linear task-vector closure,0
position_none,17,reverse,prefix_mean,raw,0.032670371300735385,0.6202841376283014,-0.587613766327566,0.7134035679371824,proved linear task-vector closure,0
position_none,17,reverse,prefix_mean,within_length,0.009515849442996027,0.46136907643693975,-0.4518532269939437,0.7029171838373484,proved linear task-vector closure,0
position_none,17,reverse_complement,prefix_mean,raw,0.05228766179880379,0.7108340954676858,-0.658546433668882,1.0,proved linear task-vector closure,0
position_none,17,reverse_complement,prefix_mean,within_length,0.007481297815225717,0.020615972669001257,-0.013134674853775539,1.0,proved linear task-vector closure,0
position_none,17,inverse,prefix_mean,raw,0.07353731658408198,0.7208228097864358,-0.6472854932023537,0.6362759804879538,not a function of source answers alone,0
position_none,17,inverse,prefix_mean,within_length,0.01644098410778272,0.03770965012773261,-0.021268666019949888,0.6447718989335887,not a function of source answers alone,0
position_none,17,complement,source_query_concat,raw,0.8150709280067272,0.9731627429467328,-0.15809181494000557,0.7134035679371824,proved linear task-vector closure,0
position_none,17,complement,source_query_concat,within_length,0.6041865881182721,0.03409857784500717,0.570088010273265,0.7029171838373484,proved linear task-vector closure,0
position_none,17,reverse,source_query_concat,raw,0.6860179803838771,0.9593503860027003,-0.2733324056188232,0.7134035679371824,proved linear task-vector closure,0
position_none,17,reverse,source_query_concat,within_length,0.18426000826839792,0.6274423431156136,-0.4431823348472157,0.7029171838373484,proved linear task-vector closure,0
position_none,17,reverse_complement,source_query_concat,raw,0.6918227090287036,0.9739073720891477,-0.2820846630604441,1.0,proved linear task-vector closure,0
position_none,17,reverse_complement,source_query_concat,within_length,0.19759994264275424,0.024940754218145088,0.17265918842460914,1.0,proved linear task-vector closure,0
position_none,17,inverse,source_query_concat,raw,0.6149511036033649,0.97451739536421,-0.3595662917608451,0.6362759804879538,not a function of source answers alone,0
position_none,17,inverse,source_query_concat,within_length,0.0610323349217046,0.04250691600376178,0.01852541891794282,0.6447718989335887,not a function of source answers alone,0
position_three,17,complement,ONE_END,raw,0.7562483121299226,0.9659887482926198,-0.20974043616269722,0.0789050648388075,not a function of source answers alone,0
position_three,17,complement,ONE_END,within_length,0.014310783586361306,0.0314328730868182,-0.01712208950045689,0.02815329125134258,not a function of source answers alone,0
position_three,17,reverse,ONE_END,raw,0.7469073533505548,0.9497896485118754,-0.2028822951613206,0.07720638753407105,not a function of source answers alone,0
position_three,17,reverse,ONE_END,within_length,0.027579689261626055,0.6364639843997207,-0.6088842951380947,0.026407293328134407,not a function of source answers alone,0
position_three,17,reverse_complement,ONE_END,raw,0.8222916196427771,0.9663945022829926,-0.14410288264021553,0.7119064593919502,not a function of source answers alone,0
position_three,17,reverse_complement,ONE_END,within_length,0.35003115850503935,0.022939746614102554,0.3270914118909368,0.6893463128785957,not a function of source answers alone,0
position_three,17,inverse,ONE_END,raw,0.8789694016853699,0.967960311150079,-0.08899090946470911,0.7119064593919502,not a function of source answers alone,0
position_three,17,inverse,ONE_END,within_length,0.4967309157866084,0.03941711872692118,0.4573137970596872,0.6893463128785957,not a function of source answers alone,0
position_three,17,complement,heldout_query,raw,0.07585753576342334,0.9731434838690143,-0.8972859481055909,0.0789050648388075,not a function of source answers alone,0
position_three,17,complement,heldout_query,within_length,0.009474644349840307,0.03415783678455542,-0.02468319243471511,0.02815329125134258,not a function of source answers alone,0
position_three,17,reverse,heldout_query,raw,0.08693811851487689,0.9593538151408663,-0.8724156966259894,0.07720638753407105,not a function of source answers alone,0
position_three,17,reverse,heldout_query,within_length,0.009998376848383407,0.627843808058518,-0.6178454312101346,0.026407293328134407,not a function of source answers alone,0
position_three,17,reverse_complement,heldout_query,raw,0.20108715042797257,0.9739708382136448,-0.7728836877856723,0.7119064593919502,not a function of source answers alone,0
position_three,17,reverse_complement,heldout_query,within_length,0.06931092883602763,0.025007812457318243,0.04430311637870939,0.6893463128785957,not a function of source answers alone,0
position_three,17,inverse,heldout_query,raw,0.21745685743619347,0.9745376715423221,-0.7570808141061286,0.7119064593919502,not a function of source answers alone,0
position_three,17,inverse,heldout_query,within_length,0.08433519921760886,0.0425566498377098,0.04177854937989906,0.6893463128785957,not a function of source answers alone,0
position_three,17,complement,prefix_mean,raw,0.1227352272092289,0.708332048218696,-0.5855968210094671,0.0789050648388075,not a function of source answers alone,0
position_three,17,complement,prefix_mean,within_length,0.01246010647508315,0.03266913512696986,-0.020209028651886708,0.02815329125134258,not a function of source answers alone,0
position_three,17,reverse,prefix_mean,raw,0.6052423670474059,0.6202841376283014,-0.015041770580895508,0.07720638753407105,not a function of source answers alone,0
position_three,17,reverse,prefix_mean,within_length,0.670657877216923,0.46136907643693975,0.2092888007799833,0.026407293328134407,not a function of source answers alone,0
position_three,17,reverse_complement,prefix_mean,raw,0.12028219106687642,0.7108340954676858,-0.5905519044008094,0.7119064593919502,not a function of source answers alone,0
position_three,17,reverse_complement,prefix_mean,within_length,0.019131347455753026,0.020615972669001257,-0.0014846252132482314,0.6893463128785957,not a function of source answers alone,0
position_three,17,inverse,prefix_mean,raw,0.16375600834284088,0.7208228097864358,-0.5570668014435949,0.7119064593919502,not a function of source answers alone,0
position_three,17,inverse,prefix_mean,within_length,0.05498966424469295,0.03770965012773261,0.01728001411696034,0.6893463128785957,not a function of source answers alone,0
position_three,17,complement,source_query_concat,raw,0.05866571827062073,0.9733074545978294,-0.9146417363272087,0.0789050648388075,not a function of source answers alone,0
position_three,17,complement,source_query_concat,within_length,0.02958236184499379,0.03407965300606475,-0.004497291161070956,0.02815329125134258,not a function of source answers alone,0
position_three,17,reverse,source_query_concat,raw,0.057758957346567066,0.9595699633665731,-0.901811006020006,0.07720638753407105,not a function of source answers alone,0
position_three,17,reverse,source_query_concat,within_length,0.029478698344022974,0.627923290207995,-0.598444591863972,0.026407293328134407,not a function of source answers alone,0
position_three,17,reverse_complement,source_query_concat,raw,0.6976258813880892,0.9740728405932888,-0.27644695920519957,0.7119064593919502,not a function of source answers alone,0
position_three,17,reverse_complement,source_query_concat,within_length,0.6785199940518087,0.02495954452509082,0.6535604495267179,0.6893463128785957,not a function of source answers alone,0
position_three,17,inverse,source_query_concat,raw,0.7072178676296137,0.9746551875512327,-0.267437319921619,0.7119064593919502,not a function of source answers alone,0
position_three,17,inverse,source_query_concat,within_length,0.688457187161751,0.04254453286907206,0.645912654292679,0.6893463128785957,not a function of source answers alone,0
position_four,17,complement,ONE_END,raw,0.1250990447150738,0.9659887482926198,-0.840889703577546,0.08130881489803163,not a function of source answers alone,0
position_four,17,complement,ONE_END,within_length,0.011160417290142763,0.0314328730868182,-0.020272455796675436,0.02618214059817384,not a function of source answers alone,0
position_four,17,reverse,ONE_END,raw,0.132199642154424,0.9497896485118754,-0.8175900063574514,0.08130881489803163,not a function of source answers alone,0
position_four,17,reverse,ONE_END,within_length,0.009638239327998777,0.6364639843997207,-0.626825745071722,0.02618214059817383,not a function of source answers alone,0
position_four,17,reverse_complement,ONE_END,raw,0.14639780978661102,0.9663945022829926,-0.8199966924963816,1.0,proved linear task-vector closure,0
position_four,17,reverse_complement,ONE_END,within_length,0.0497407719123707,0.022939746614102554,0.02680102529826815,1.0,proved linear task-vector closure,0
position_four,17,inverse,ONE_END,raw,0.14167315896822227,0.967960311150079,-0.8262871521818567,1.0,proved linear task-vector closure,0
position_four,17,inverse,ONE_END,within_length,0.04884531292502723,0.03941711872692118,0.009428194198106053,1.0,proved linear task-vector closure,0
position_four,17,complement,heldout_query,raw,0.11954515863149344,0.9731434838690143,-0.8535983252375209,0.08130881489803163,not a function of source answers alone,0
position_four,17,complement,heldout_query,within_length,0.012719328231513269,0.03415783678455542,-0.02143850855304215,0.02618214059817384,not a function of source answers alone,0
position_four,17,reverse,heldout_query,raw,0.12647443126989227,0.9593538151408663,-0.832879383870974,0.08130881489803163,not a function of source answers alone,0
position_four,17,reverse,heldout_query,within_length,0.013659869638771468,0.627843808058518,-0.6141839384197466,0.02618214059817383,not a function of source answers alone,0
position_four,17,reverse_complement,heldout_query,raw,0.13111994109591524,0.9739708382136448,-0.8428508971177295,1.0,proved linear task-vector closure,0
position_four,17,reverse_complement,heldout_query,within_length,0.0378481217661087,0.025007812457318243,0.01284030930879046,1.0,proved linear task-vector closure,0
position_four,17,inverse,heldout_query,raw,0.13129122215610917,0.9745376715423221,-0.8432464493862128,1.0,proved linear task-vector closure,0
position_four,17,inverse,heldout_query,within_length,0.0389121103646361,0.0425566498377098,-0.0036445394730737005,1.0,proved linear task-vector closure,0
position_four,17,complement,prefix_mean,raw,0.5172914037278822,0.708332048218696,-0.19104064449081382,0.08130881489803163,not a function of source answers alone,0
position_four,17,complement,prefix_mean,within_length,0.020524993535398342,0.03266913512696986,-0.012144141591571518,0.02618214059817384,not a function of source answers alone,0
position_four,17,reverse,prefix_mean,raw,0.5268108295167672,0.6202841376283014,-0.0934733081115342,0.08130881489803163,not a function of source answers alone,0
position_four,17,reverse,prefix_mean,within_length,0.0451507091018167,0.46136907643693975,-0.4162183673351231,0.02618214059817383,not a function of source answers alone,0
position_four,17,reverse_complement,prefix_mean,raw,0.5570113723279311,0.7108340954676858,-0.15382272313975476,1.0,proved linear task-vector closure,0
position_four,17,reverse_complement,prefix_mean,within_length,0.04285010033080406,0.020615972669001257,0.022234127661802803,1.0,proved linear task-vector closure,0
position_four,17,inverse,prefix_mean,raw,0.5705029460143184,0.7208228097864358,-0.15031986377211737,1.0,proved linear task-vector closure,0
position_four,17,inverse,prefix_mean,within_length,0.18856823081989085,0.03770965012773261,0.15085858069215824,1.0,proved linear task-vector closure,0
position_four,17,complement,source_query_concat,raw,0.13810026061078853,0.973104862287651,-0.8350046016768625,0.08130881489803163,not a function of source answers alone,0
position_four,17,complement,source_query_concat,within_length,0.019889128074556915,0.034109557266691,-0.014220429192134086,0.02618214059817384,not a function of source answers alone,0
position_four,17,reverse,source_query_concat,raw,0.14083006136659057,0.959245445441029,-0.8184153840744384,0.08130881489803163,not a function of source answers alone,0
position_four,17,reverse,source_query_concat,within_length,0.02262982353424515,0.627842921857302,-0.6052130983230568,0.02618214059817383,not a function of source answers alone,0
position_four,17,reverse_complement,source_query_concat,raw,0.8936355872005,0.9738693823225897,-0.08023379512208972,1.0,proved linear task-vector closure,0
position_four,17,reverse_complement,source_query_concat,within_length,0.8823204521192196,0.02496869691434735,0.8573517552048723,1.0,proved linear task-vector closure,0
position_four,17,inverse,source_query_concat,raw,0.9087689429078568,0.9744601692254278,-0.06569122631757096,1.0,proved linear task-vector closure,0
position_four,17,inverse,source_query_concat,within_length,0.9020622999553748,0.04249004407451611,0.8595722558808587,1.0,proved linear task-vector closure,0
cycle_none,42,complement,ONE_END,raw,0.5555341597995734,0.9721785148334582,-0.41664435503388475,0.11185099132807405,not a function of source answers alone,0
cycle_none,42,complement,ONE_END,within_length,0.012928744567764229,0.03232632014538769,-0.019397575577623456,0.01495646244278713,not a function of source answers alone,0
cycle_none,42,reverse,ONE_END,raw,0.5788515351940791,0.9575405148256191,-0.37868897963154,0.11233609580323156,not a function of source answers alone,0
cycle_none,42,reverse,ONE_END,within_length,0.015157893771432503,0.6299940486735618,-0.6148361549021293,0.01572435275807528,not a function of source answers alone,0
cycle_none,42,reverse_complement,ONE_END,raw,0.7046157522595335,0.9735420223531553,-0.2689262700936218,0.8743588200348241,not a function of source answers alone,0
cycle_none,42,reverse_complement,ONE_END,within_length,0.41642346132415287,0.026865811009079206,0.38955765031507367,0.8779500518980007,not a function of source answers alone,0
cycle_none,42,inverse,ONE_END,raw,0.834846385788218,0.9752864917455223,-0.14044010595730427,0.8743588200348241,not a function of source answers alone,0
cycle_none,42,inverse,ONE_END,within_length,0.7606356017721396,0.03836502696003961,0.7222705748121,0.8779500518980007,not a function of source answers alone,0
cycle_none,42,complement,heldout_query,raw,0.04761434530800272,0.9722825298141496,-0.924668184506147,0.11185099132807405,not a function of source answers alone,0
cycle_none,42,complement,heldout_query,within_length,0.013814545153123076,0.03082055906961574,-0.017006013916492667,0.01495646244278713,not a function of source answers alone,0
cycle_none,42,reverse,heldout_query,raw,0.04660206206055159,0.9572548796032796,-0.910652817542728,0.11233609580323156,not a function of source answers alone,0
cycle_none,42,reverse,heldout_query,within_length,0.013966545468002052,0.6216827140196179,-0.6077161685516159,0.01572435275807528,not a function of source answers alone,0
cycle_none,42,reverse_complement,heldout_query,raw,0.04198050169809666,0.9735135611379194,-0.9315330594398228,0.8743588200348241,not a function of source answers alone,0
cycle_none,42,reverse_complement,heldout_query,within_length,0.02323675848886785,0.025970694015021497,-0.0027339355261536483,0.8779500518980007,not a function of source answers alone,0
cycle_none,42,inverse,heldout_query,raw,0.043436126205391855,0.975314632859701,-0.9318785066543092,0.8743588200348241,not a function of source answers alone,0
cycle_none,42,inverse,heldout_query,within_length,0.025752303961917567,0.038551668219928996,-0.012799364258011429,0.8779500518980007,not a function of source answers alone,0
cycle_none,42,complement,prefix_mean,raw,0.7479804933593025,0.7896085919470964,-0.04162809858779393,0.11185099132807405,not a function of source answers alone,0
cycle_none,42,complement,prefix_mean,within_length,0.049167894762757694,0.034450506421394106,0.014717388341363588,0.01495646244278713,not a function of source answers alone,0
cycle_none,42,reverse,prefix_mean,raw,0.7650475745941538,0.7185525473329901,0.046495027261163724,0.11233609580323156,not a function of source answers alone,0
cycle_none,42,reverse,prefix_mean,within_length,0.057132832725054754,0.454098610658302,-0.3969657779332472,0.01572435275807528,not a function of source answers alone,0
cycle_none,42,reverse_complement,prefix_mean,raw,0.7694757613424196,0.7966964711677607,-0.027220709825341083,0.8743588200348241,not a function of source answers alone,0
cycle_none,42,reverse_complement,prefix_mean,within_length,0.16321865062630617,0.02576939322974803,0.13744925739655814,0.8779500518980007,not a function of source answers alone,0
cycle_none,42,inverse,prefix_mean,raw,0.883050494190632,0.8086387806003574,0.07441171359027454,0.8743588200348241,not a function of source answers alone,0
cycle_none,42,inverse,prefix_mean,within_length,0.745628002075077,0.03883004127133665,0.7067979608037404,0.8779500518980007,not a function of source answers alone,0
cycle_none,42,complement,source_query_concat,raw,0.6448166632152291,0.9727232646914071,-0.327906601476178,0.11185099132807405,not a function of source answers alone,0
cycle_none,42,complement,source_query_concat,within_length,0.013884194942394762,0.030910566346954705,-0.017026371404559943,0.01495646244278713,not a function of source answers alone,0
cycle_none,42,reverse,source_query_concat,raw,0.6449636371228117,0.9578941337281117,-0.31293049660530003,0.11233609580323156,not a function of source answers alone,0
cycle_none,42,reverse,source_query_concat,within_length,0.014024739640385794,0.6214080041642492,-0.6073832645238635,0.01572435275807528,not a function of source answers alone,0
cycle_none,42,reverse_complement,source_query_concat,raw,0.786884806033556,0.9739687687799868,-0.1870839627464308,0.8743588200348241,not a function of source answers alone,0
cycle_none,42,reverse_complement,source_query_concat,within_length,0.44427343169517314,0.026033112399397155,0.418240319295776,0.8779500518980007,not a function of source answers alone,0
cycle_none,42,inverse,source_query_concat,raw,0.7960369553213409,0.9757074429684366,-0.1796704876470957,0.8743588200348241,not a function of source answers alone,0
cycle_none,42,inverse,source_query_concat,within_length,0.4682438854740962,0.03868252512953745,0.4295613603445587,0.8779500518980007,not a function of source answers alone,0
cycle_three,42,complement,ONE_END,raw,0.25011272966837644,0.9721785148334582,-0.7220657851650818,0.0148916962007111,not a function of source answers alone,0
cycle_three,42,complement,ONE_END,within_length,0.00860770942158851,0.03232632014538769,-0.023718610723799174,0.014570761067180403,not a function of source answers alone,0
cycle_three,42,reverse,ONE_END,raw,0.24567709704499385,0.9575405148256191,-0.7118634177806252,0.0148916962007111,not a function of source answers alone,0
cycle_three,42,reverse,ONE_END,within_length,0.008567006354176484,0.6299940486735618,-0.6214270423193853,0.014570761067180403,not a function of source answers alone,0
cycle_three,42,reverse_complement,ONE_END,raw,0.3644888797051501,0.9735420223531553,-0.6090531426480053,1.0,proved linear task-vector closure,0
cycle_three,42,reverse_complement,ONE_END,within_length,0.08091842361526219,0.026865811009079206,0.054052612606182986,1.0,proved linear task-vector closure,0
cycle_three,42,inverse,ONE_END,raw,0.8969496143627623,0.9752864917455223,-0.07833687738275996,1.0,proved linear task-vector closure,0
cycle_three,42,inverse,ONE_END,within_length,0.8956797765262036,0.03836502696003961,0.8573147495661639,1.0,proved linear task-vector closure,0
cycle_three,42,complement,heldout_query,raw,0.23891700413781986,0.9722825298141496,-0.7333655256763298,0.0148916962007111,not a function of source answers alone,0
cycle_three,42,complement,heldout_query,within_length,0.0035309453661849866,0.03082055906961574,-0.027289613703430755,0.014570761067180403,not a function of source answers alone,0
cycle_three,42,reverse,heldout_query,raw,0.24381348711986128,0.9572548796032796,-0.7134413924834183,0.0148916962007111,not a function of source answers alone,0
cycle_three,42,reverse,heldout_query,within_length,0.002819596186535476,0.6216827140196179,-0.6188631178330825,0.014570761067180403,not a function of source answers alone,0
cycle_three,42,reverse_complement,heldout_query,raw,0.5624900062403068,0.9735135611379194,-0.41102355489761266,1.0,proved linear task-vector closure,0
cycle_three,42,reverse_complement,heldout_query,within_length,0.4562122962500677,0.025970694015021497,0.4302416022350462,1.0,proved linear task-vector closure,0
cycle_three,42,inverse,heldout_query,raw,0.9224297040366974,0.975314632859701,-0.05288492882300355,1.0,proved linear task-vector closure,0
cycle_three,42,inverse,heldout_query,within_length,0.9356711086671431,0.038551668219928996,0.8971194404472141,1.0,proved linear task-vector closure,0
cycle_three,42,complement,prefix_mean,raw,0.49998597011872536,0.7896085919470964,-0.28962262182837106,0.0148916962007111,not a function of source answers alone,0
cycle_three,42,complement,prefix_mean,within_length,0.027939307136939415,0.034450506421394106,-0.006511199284454691,0.014570761067180403,not a function of source answers alone,0
cycle_three,42,reverse,prefix_mean,raw,0.4356516445172918,0.7185525473329901,-0.2829009028156983,0.0148916962007111,not a function of source answers alone,0
cycle_three,42,reverse,prefix_mean,within_length,0.04557030008898972,0.454098610658302,-0.40852831056931227,0.014570761067180403,not a function of source answers alone,0
cycle_three,42,reverse_complement,prefix_mean,raw,0.6019458601444254,0.7966964711677607,-0.19475061102333524,1.0,proved linear task-vector closure,0
cycle_three,42,reverse_complement,prefix_mean,within_length,0.09507826080680061,0.02576939322974803,0.06930886757705258,1.0,proved linear task-vector closure,0
cycle_three,42,inverse,prefix_mean,raw,0.839625537705831,0.8086387806003574,0.030986757105473606,1.0,proved linear task-vector closure,0
cycle_three,42,inverse,prefix_mean,within_length,0.7858582387869235,0.03883004127133665,0.7470281975155869,1.0,proved linear task-vector closure,0
cycle_three,42,complement,source_query_concat,raw,0.03670271469816876,0.972646051106934,-0.9359433364087653,0.0148916962007111,not a function of source answers alone,0
cycle_three,42,complement,source_query_concat,within_length,0.009513775112547742,0.030908076569509207,-0.021394301456961466,0.014570761067180403,not a function of source answers alone,0
cycle_three,42,reverse,source_query_concat,raw,0.03566497270712377,0.9577499462872018,-0.922084973580078,0.0148916962007111,not a function of source answers alone,0
cycle_three,42,reverse,source_query_concat,within_length,0.009118861863743399,0.6215139085904525,-0.6123950467267091,0.014570761067180403,not a function of source answers alone,0
cycle_three,42,reverse_complement,source_query_concat,raw,0.9410744140092344,0.9738678159759515,-0.032793401966717095,1.0,proved linear task-vector closure,0
cycle_three,42,reverse_complement,source_query_concat,within_length,0.9435337757523508,0.02605190511893981,0.9174818706334109,1.0,proved linear task-vector closure,0
cycle_three,42,inverse,source_query_concat,raw,0.9828511119115205,0.9756289047934934,0.007222207118027124,1.0,proved linear task-vector closure,0
cycle_three,42,inverse,source_query_concat,within_length,0.983863714849154,0.03870538782047361,0.9451583270286804,1.0,proved linear task-vector closure,0
cycle_four,42,complement,ONE_END,raw,0.014730954181871486,0.9721785148334582,-0.9574475606515866,0.07246885639895795,not a function of source answers alone,0
cycle_four,42,complement,ONE_END,within_length,0.0028619855555707613,0.03232632014538769,-0.029464334589816926,0.013472840703865339,not a function of source answers alone,0
cycle_four,42,reverse,ONE_END,raw,0.014550162894517191,0.9575405148256191,-0.9429903519311019,0.07246885639895795,not a function of source answers alone,0
cycle_four,42,reverse,ONE_END,within_length,0.003047964730637491,0.6299940486735618,-0.6269460839429243,0.013472840703865339,not a function of source answers alone,0
cycle_four,42,reverse_complement,ONE_END,raw,0.8393031114121776,0.9735420223531553,-0.13423891094097773,1.0,proved linear task-vector closure,0
cycle_four,42,reverse_complement,ONE_END,within_length,0.837635471148513,0.026865811009079206,0.8107696601394337,1.0,proved linear task-vector closure,0
cycle_four,42,inverse,ONE_END,raw,0.9446510547544905,0.9752864917455223,-0.030635436991031773,1.0,proved linear task-vector closure,0
cycle_four,42,inverse,ONE_END,within_length,0.9432964328015596,0.03836502696003961,0.90493140584152,1.0,proved linear task-vector closure,0
cycle_four,42,complement,heldout_query,raw,0.012159573251595562,0.9722825298141496,-0.9601229565625541,0.07246885639895795,not a function of source answers alone,0
cycle_four,42,complement,heldout_query,within_length,0.0024681153463227425,0.03082055906961574,-0.028352443723293,0.013472840703865339,not a function of source answers alone,0
cycle_four,42,reverse,heldout_query,raw,0.012472855393844257,0.9572548796032796,-0.9447820242094354,0.07246885639895795,not a function of source answers alone,0
cycle_four,42,reverse,heldout_query,within_length,0.0023688778257182947,0.6216827140196179,-0.6193138361938997,0.013472840703865339,not a function of source answers alone,0
cycle_four,42,reverse_complement,heldout_query,raw,0.8408674838863287,0.9735135611379194,-0.13264607725159072,1.0,proved linear task-vector closure,0
cycle_four,42,reverse_complement,heldout_query,within_length,0.8417225293417769,0.025970694015021497,0.8157518353267554,1.0,proved linear task-vector closure,0
cycle_four,42,inverse,heldout_query,raw,0.9213436324334323,0.975314632859701,-0.05397100042626868,1.0,proved linear task-vector closure,0
cycle_four,42,inverse,heldout_query,within_length,0.9220841541440367,0.038551668219928996,0.8835324859241077,1.0,proved linear task-vector closure,0
cycle_four,42,complement,prefix_mean,raw,0.1103104891537161,0.7896085919470964,-0.6792981027933803,0.07246885639895795,not a function of source answers alone,0
cycle_four,42,complement,prefix_mean,within_length,0.008277276977569642,0.034450506421394106,-0.026173229443824463,0.013472840703865339,not a function of source answers alone,0
cycle_four,42,reverse,prefix_mean,raw,0.10543726906834198,0.7185525473329901,-0.6131152782646482,0.07246885639895795,not a function of source answers alone,0
cycle_four,42,reverse,prefix_mean,within_length,0.006186087263514278,0.454098610658302,-0.4479125233947877,0.013472840703865339,not a function of source answers alone,0
cycle_four,42,reverse_complement,prefix_mean,raw,0.20010439976044578,0.7966964711677607,-0.5965920714073149,1.0,proved linear task-vector closure,0
cycle_four,42,reverse_complement,prefix_mean,within_length,0.041765546316111124,0.02576939322974803,0.015996153086363093,1.0,proved linear task-vector closure,0
cycle_four,42,inverse,prefix_mean,raw,0.7760678778861765,0.8086387806003574,-0.03257090271418095,1.0,proved linear task-vector closure,0
cycle_four,42,inverse,prefix_mean,within_length,0.7551034070006093,0.03883004127133665,0.7162733657292727,1.0,proved linear task-vector closure,0
cycle_four,42,complement,source_query_concat,raw,0.4985949118582488,0.972617395004547,-0.47402248314629825,0.07246885639895795,not a function of source answers alone,0
cycle_four,42,complement,source_query_concat,within_length,0.0028353859836215784,0.030904548925147976,-0.028069162941526397,0.013472840703865339,not a function of source answers alone,0
cycle_four,42,reverse,source_query_concat,raw,0.49888322830858206,0.9577055892547341,-0.4588223609461521,0.07246885639895795,not a function of source answers alone,0
cycle_four,42,reverse,source_query_concat,within_length,0.0030220594982243365,0.6216581036876115,-0.6186360441893872,0.013472840703865339,not a function of source answers alone,0
cycle_four,42,reverse_complement,source_query_concat,raw,0.9758496573952045,0.9738492314044743,0.002000425990730137,1.0,proved linear task-vector closure,0
cycle_four,42,reverse_complement,source_query_concat,within_length,0.9589178375919654,0.026059258864892406,0.932858578727073,1.0,proved linear task-vector closure,0
cycle_four,42,inverse,source_query_concat,raw,0.993696643620002,0.975603281482693,0.018093362137308944,1.0,proved linear task-vector closure,0
cycle_four,42,inverse,source_query_concat,within_length,0.9897419991590202,0.03870362451924363,0.9510383746397766,1.0,proved linear task-vector closure,0
interior_none,42,complement,ONE_END,raw,0.05597228413005105,0.9721785148334582,-0.9162062307034071,0.49253219412176724,not a function of source answers alone,0
interior_none,42,complement,ONE_END,within_length,0.04527876913829107,0.03232632014538769,0.012952448992903383,0.3697585446225355,not a function of source answers alone,0
interior_none,42,reverse,ONE_END,raw,0.052646045774407825,0.9575405148256191,-0.9048944690512113,1.0,proved linear task-vector closure,0
interior_none,42,reverse,ONE_END,within_length,0.04210967062880954,0.6299940486735618,-0.5878843780447522,1.0,proved linear task-vector closure,0
interior_none,42,reverse_complement,ONE_END,raw,0.023435472910492965,0.9735420223531553,-0.9501065494426624,0.4925321941217673,not a function of source answers alone,0
interior_none,42,reverse_complement,ONE_END,within_length,0.008186645786493713,0.026865811009079206,-0.018679165222585493,0.36975854462253555,not a function of source answers alone,0
interior_none,42,inverse,ONE_END,raw,0.7713864280002222,0.9752864917455223,-0.20390006374530012,0.3631500673280833,not a function of source answers alone,0
interior_none,42,inverse,ONE_END,within_length,0.7631043035038946,0.03836502696003961,0.724739276543855,0.3385783087001135,not a function of source answers alone,0
interior_none,42,complement,heldout_query,raw,0.5605967493560365,0.9722825298141496,-0.4116857804581131,0.49253219412176724,not a function of source answers alone,0
interior_none,42,complement,heldout_query,within_length,0.046095378765940706,0.03082055906961574,0.015274819696324965,0.3697585446225355,not a function of source answers alone,0
interior_none,42,reverse,heldout_query,raw,0.6084498773375593,0.9572548796032796,-0.3488050022657203,1.0,proved linear task-vector closure,0
interior_none,42,reverse,heldout_query,within_length,0.06304874215712873,0.6216827140196179,-0.5586339718624892,1.0,proved linear task-vector closure,0
interior_none,42,reverse_complement,heldout_query,raw,0.5859591451960056,0.9735135611379194,-0.38755441594191387,0.4925321941217673,not a function of source answers alone,0
interior_none,42,reverse_complement,heldout_query,within_length,0.04121510407515365,0.025970694015021497,0.015244410060132153,0.36975854462253555,not a function of source answers alone,0
interior_none,42,inverse,heldout_query,raw,0.6247827047322886,0.975314632859701,-0.3505319281274124,0.3631500673280833,not a function of source answers alone,0
interior_none,42,inverse,heldout_query,within_length,0.05220785828433393,0.038551668219928996,0.013656190064404931,0.3385783087001135,not a function of source answers alone,0
interior_none,42,complement,prefix_mean,raw,0.4953680128431423,0.7896085919470964,-0.2942405791039541,0.49253219412176724,not a function of source answers alone,0
interior_none,42,complement,prefix_mean,within_length,0.06522116158654506,0.034450506421394106,0.030770655165150956,0.3697585446225355,not a function of source answers alone,0
interior_none,42,reverse,prefix_mean,raw,0.5288234484787189,0.7185525473329901,-0.18972909885427125,1.0,proved linear task-vector closure,0
interior_none,42,reverse,prefix_mean,within_length,0.2582495007191688,0.454098610658302,-0.19584910993913318,1.0,proved linear task-vector closure,0
interior_none,42,reverse_complement,prefix_mean,raw,0.5265331630394501,0.7966964711677607,-0.2701633081283106,0.4925321941217673,not a function of source answers alone,0
interior_none,42,reverse_complement,prefix_mean,within_length,0.013273022489459453,0.02576939322974803,-0.012496370740288578,0.36975854462253555,not a function of source answers alone,0
interior_none,42,inverse,prefix_mean,raw,0.5247438410243688,0.8086387806003574,-0.28389493957598866,0.3631500673280833,not a function of source answers alone,0
interior_none,42,inverse,prefix_mean,within_length,0.017964976014808485,0.03883004127133665,-0.020865065256528165,0.3385783087001135,not a function of source answers alone,0
interior_none,42,complement,source_query_concat,raw,0.5982598207450729,0.9726092311770431,-0.37434941043197023,0.49253219412176724,not a function of source answers alone,0
interior_none,42,complement,source_query_concat,within_length,0.030171970019264506,0.030938736100387908,-0.0007667660811234017,0.3697585446225355,not a function of source answers alone,0
interior_none,42,reverse,source_query_concat,raw,0.9182954368684418,0.9577307220374058,-0.039435285168963996,1.0,proved linear task-vector closure,0
interior_none,42,reverse,source_query_concat,within_length,0.8369273076251713,0.6214571658551007,0.21547014177007062,1.0,proved linear task-vector closure,0
interior_none,42,reverse_complement,source_query_concat,raw,0.5939893659989164,0.9738734569003964,-0.37988409090148,0.4925321941217673,not a function of source answers alone,0
interior_none,42,reverse_complement,source_query_concat,within_length,0.028275865810544875,0.02605518881201884,0.002220676998526034,0.36975854462253555,not a function of source answers alone,0
interior_none,42,inverse,source_query_concat,raw,0.7287721219307532,0.975601677131776,-0.2468295552010228,0.3631500673280833,not a function of source answers alone,0
interior_none,42,inverse,source_query_concat,within_length,0.4024399520112332,0.03873960140957491,0.36370035060165834,0.3385783087001135,not a function of source answers alone,0
interior_four,42,complement,ONE_END,raw,0.7306064661628486,0.9721785148334582,-0.24157204867060955,0.9999999999999999,proved linear task-vector closure,0
interior_four,42,complement,ONE_END,within_length,0.154565765595366,0.03232632014538769,0.1222394454499783,0.9999999999999998,proved linear task-vector closure,0
interior_four,42,reverse,ONE_END,raw,0.6934678805853983,0.9575405148256191,-0.26407263424022076,0.9999999999999999,proved linear task-vector closure,0
interior_four,42,reverse,ONE_END,within_length,0.05986751634657065,0.6299940486735618,-0.5701265323269912,1.0,proved linear task-vector closure,0
interior_four,42,reverse_complement,ONE_END,raw,0.6930173700180438,0.9735420223531553,-0.2805246523351116,0.9999999999999999,proved linear task-vector closure,0
interior_four,42,reverse_complement,ONE_END,within_length,0.06475281262068358,0.026865811009079206,0.037887001611604375,1.0,proved linear task-vector closure,0
interior_four,42,inverse,ONE_END,raw,0.6649766481872236,0.9752864917455223,-0.3103098435582987,0.16613483434674406,not a function of source answers alone,0
interior_four,42,inverse,ONE_END,within_length,0.010679941535510934,0.03836502696003961,-0.027685085424528674,0.03019974584374056,not a function of source answers alone,0
interior_four,42,complement,heldout_query,raw,0.7762511809767434,0.9722825298141496,-0.19603134883740625,0.9999999999999999,proved linear task-vector closure,0
interior_four,42,complement,heldout_query,within_length,0.22369651120264378,0.03082055906961574,0.19287595213302805,0.9999999999999998,proved linear task-vector closure,0
interior_four,42,reverse,heldout_query,raw,0.7409714229336515,0.9572548796032796,-0.21628345666962812,0.9999999999999999,proved linear task-vector closure,0
interior_four,42,reverse,heldout_query,within_length,0.0814250535116427,0.6216827140196179,-0.5402576605079752,1.0,proved linear task-vector closure,0
interior_four,42,reverse_complement,heldout_query,raw,0.7376844073659627,0.9735135611379194,-0.23582915377195668,0.9999999999999999,proved linear task-vector closure,0
interior_four,42,reverse_complement,heldout_query,within_length,0.0793297485160094,0.025970694015021497,0.05335905450098789,1.0,proved linear task-vector closure,0
interior_four,42,inverse,heldout_query,raw,0.7028195640738546,0.975314632859701,-0.2724950687858464,0.16613483434674406,not a function of source answers alone,0
interior_four,42,inverse,heldout_query,within_length,0.007867464709179232,0.038551668219928996,-0.030684203510749762,0.03019974584374056,not a function of source answers alone,0
interior_four,42,complement,prefix_mean,raw,0.6262478647271456,0.7896085919470964,-0.16336072721995087,0.9999999999999999,proved linear task-vector closure,0
interior_four,42,complement,prefix_mean,within_length,0.26681626480957776,0.034450506421394106,0.23236575838818366,0.9999999999999998,proved linear task-vector closure,0
interior_four,42,reverse,prefix_mean,raw,0.6192443812519679,0.7185525473329901,-0.09930816608102222,0.9999999999999999,proved linear task-vector closure,0
interior_four,42,reverse,prefix_mean,within_length,0.021582649373364012,0.454098610658302,-0.43251596128493797,1.0,proved linear task-vector closure,0
interior_four,42,reverse_complement,prefix_mean,raw,0.6869620359380868,0.7966964711677607,-0.10973443522967385,0.9999999999999999,proved linear task-vector closure,0
interior_four,42,reverse_complement,prefix_mean,within_length,0.016648505703544984,0.02576939322974803,-0.009120887526203048,1.0,proved linear task-vector closure,0
interior_four,42,inverse,prefix_mean,raw,0.7096506560537956,0.8086387806003574,-0.0989881245465618,0.16613483434674406,not a function of source answers alone,0
interior_four,42,inverse,prefix_mean,within_length,0.023553115277220735,0.03883004127133665,-0.015276925994115915,0.03019974584374056,not a function of source answers alone,0
interior_four,42,complement,source_query_concat,raw,0.9477263489915998,0.9724792625254179,-0.024752913533818144,0.9999999999999999,proved linear task-vector closure,0
interior_four,42,complement,source_query_concat,within_length,0.5889494862264469,0.030915863694313345,0.5580336225321336,0.9999999999999998,proved linear task-vector closure,0
interior_four,42,reverse,source_query_concat,raw,0.9097532523737873,0.9575248596725703,-0.04777160729878294,0.9999999999999999,proved linear task-vector closure,0
interior_four,42,reverse,source_query_concat,within_length,0.20603966070307128,0.6212469304095787,-0.4152072697065074,1.0,proved linear task-vector closure,0
interior_four,42,reverse_complement,source_query_concat,raw,0.9122795142874215,0.9737346787807599,-0.06145516449333843,0.9999999999999999,proved linear task-vector closure,0
interior_four,42,reverse_complement,source_query_concat,within_length,0.20657988212893838,0.026037188087403462,0.18054269404153492,1.0,proved linear task-vector closure,0
interior_four,42,inverse,source_query_concat,raw,0.8800576592220847,0.9754840149583582,-0.09542635573627356,0.16613483434674406,not a function of source answers alone,0
interior_four,42,inverse,source_query_concat,within_length,0.015835341452188578,0.03867597854987725,-0.02284063709768867,0.03019974584374056,not a function of source answers alone,0
position_none,42,complement,ONE_END,raw,0.598287544761212,0.9721785148334582,-0.37389097007224614,0.7134035679371824,proved linear task-vector closure,0
position_none,42,complement,ONE_END,within_length,0.13795088230267996,0.03232632014538769,0.10562456215729227,0.7029171838373484,proved linear task-vector closure,0
position_none,42,reverse,ONE_END,raw,0.5528566192660092,0.9575405148256191,-0.40468389555960993,0.7134035679371824,proved linear task-vector closure,0
position_none,42,reverse,ONE_END,within_length,0.022692110111829023,0.6299940486735618,-0.6073019385617328,0.7029171838373484,proved linear task-vector closure,0
position_none,42,reverse_complement,ONE_END,raw,0.5615409615364253,0.9735420223531553,-0.41200106081673005,1.0,proved linear task-vector closure,0
position_none,42,reverse_complement,ONE_END,within_length,0.006096953530609673,0.026865811009079206,-0.020768857478469533,1.0,proved linear task-vector closure,0
position_none,42,inverse,ONE_END,raw,0.5669054483390923,0.9752864917455223,-0.40838104340643,0.6362759804879538,not a function of source answers alone,0
position_none,42,inverse,ONE_END,within_length,0.0074459113265617225,0.03836502696003961,-0.030919115633477885,0.6447718989335887,not a function of source answers alone,0
position_none,42,complement,heldout_query,raw,0.82739648782866,0.9722825298141496,-0.1448860419854896,0.7134035679371824,proved linear task-vector closure,0
position_none,42,complement,heldout_query,within_length,0.19212303314152354,0.03082055906961574,0.1613024740719078,0.7029171838373484,proved linear task-vector closure,0
position_none,42,reverse,heldout_query,raw,0.7956673684347667,0.9572548796032796,-0.1615875111685129,0.7134035679371824,proved linear task-vector closure,0
position_none,42,reverse,heldout_query,within_length,0.01860480925087493,0.6216827140196179,-0.603077904768743,0.7029171838373484,proved linear task-vector closure,0
position_none,42,reverse_complement,heldout_query,raw,0.7991259765133831,0.9735135611379194,-0.1743875846245363,1.0,proved linear task-vector closure,0
position_none,42,reverse_complement,heldout_query,within_length,0.015870299875980445,0.025970694015021497,-0.010100394139041052,1.0,proved linear task-vector closure,0
position_none,42,inverse,heldout_query,raw,0.7965434458797943,0.975314632859701,-0.17877118697990668,0.6362759804879538,not a function of source answers alone,0
position_none,42,inverse,heldout_query,within_length,0.00808493038026472,0.038551668219928996,-0.030466737839664276,0.6447718989335887,not a function of source answers alone,0
position_none,42,complement,prefix_mean,raw,0.8124742994970744,0.7896085919470964,0.022865707549977965,0.7134035679371824,proved linear task-vector closure,0
position_none,42,complement,prefix_mean,within_length,0.1732541751326086,0.034450506421394106,0.1388036687112145,0.7029171838373484,proved linear task-vector closure,0
position_none,42,reverse,prefix_mean,raw,0.7917197001091772,0.7185525473329901,0.07316715277618713,0.7134035679371824,proved linear task-vector closure,0
position_none,42,reverse,prefix_mean,within_length,0.008658628951107267,0.454098610658302,-0.44543998170719473,0.7029171838373484,proved linear task-vector closure,0
position_none,42,reverse_complement,prefix_mean,raw,0.8151701987501682,0.7966964711677607,0.018473727582407506,1.0,proved linear task-vector closure,0
position_none,42,reverse_complement,prefix_mean,within_length,0.0048565189326647724,0.02576939322974803,-0.02091287429708326,1.0,proved linear task-vector closure,0
position_none,42,inverse,prefix_mean,raw,0.8248544024941896,0.8086387806003574,0.01621562189383219,0.6362759804879538,not a function of source answers alone,0
position_none,42,inverse,prefix_mean,within_length,0.009017509584539105,0.03883004127133665,-0.029812531686797546,0.6447718989335887,not a function of source answers alone,0
position_none,42,complement,source_query_concat,raw,0.7858463236276186,0.9727005688401951,-0.18685424521257643,0.7134035679371824,proved linear task-vector closure,0
position_none,42,complement,source_query_concat,within_length,0.36309596327982124,0.03087785992694329,0.33221810335287794,0.7029171838373484,proved linear task-vector closure,0
position_none,42,reverse,source_query_concat,raw,0.6933094635952212,0.9578950141072062,-0.26458555051198507,0.7134035679371824,proved linear task-vector closure,0
position_none,42,reverse,source_query_concat,within_length,0.02884150264778005,0.6212333439106492,-0.5923918412628691,0.7029171838373484,proved linear task-vector closure,0
position_none,42,reverse_complement,source_query_concat,raw,0.6853313755799497,0.9739210883672381,-0.2885897127872884,1.0,proved linear task-vector closure,0
position_none,42,reverse_complement,source_query_concat,within_length,0.03695149394867944,0.02601330271623172,0.010938191232447724,1.0,proved linear task-vector closure,0
position_none,42,inverse,source_query_concat,raw,0.7081636309148835,0.9756825024428117,-0.2675188715279282,0.6362759804879538,not a function of source answers alone,0
position_none,42,inverse,source_query_concat,within_length,0.10681906550585828,0.03876031591356,0.06805874959229827,0.6447718989335887,not a function of source answers alone,0
position_three,42,complement,ONE_END,raw,0.13177784781680857,0.9721785148334582,-0.8404006670166496,0.0789050648388075,not a function of source answers alone,0
position_three,42,complement,ONE_END,within_length,0.012915100922944931,0.03232632014538769,-0.019411219222442756,0.02815329125134258,not a function of source answers alone,0
position_three,42,reverse,ONE_END,raw,0.13188407230675395,0.9575405148256191,-0.8256564425188652,0.07720638753407105,not a function of source answers alone,0
position_three,42,reverse,ONE_END,within_length,0.008179646423652898,0.6299940486735618,-0.6218144022499089,0.026407293328134407,not a function of source answers alone,0
position_three,42,reverse_complement,ONE_END,raw,0.29216077426828146,0.9735420223531553,-0.6813812480848739,0.7119064593919502,not a function of source answers alone,0
position_three,42,reverse_complement,ONE_END,within_length,0.18675855305243533,0.026865811009079206,0.15989274204335613,0.6893463128785957,not a function of source answers alone,0
position_three,42,inverse,ONE_END,raw,0.2880918265075096,0.9752864917455223,-0.6871946652380128,0.7119064593919502,not a function of source answers alone,0
position_three,42,inverse,ONE_END,within_length,0.17802256538576575,0.03836502696003961,0.13965753842572615,0.6893463128785957,not a function of source answers alone,0
position_three,42,complement,heldout_query,raw,0.02300827970992982,0.9722825298141496,-0.9492742501042198,0.0789050648388075,not a function of source answers alone,0
position_three,42,complement,heldout_query,within_length,0.010072777846071851,0.03082055906961574,-0.02074778122354389,0.02815329125134258,not a function of source answers alone,0
position_three,42,reverse,heldout_query,raw,0.023398794575701192,0.9572548796032796,-0.9338560850275784,0.07720638753407105,not a function of source answers alone,0
position_three,42,reverse,heldout_query,within_length,0.011308732597517813,0.6216827140196179,-0.6103739814221001,0.026407293328134407,not a function of source answers alone,0
position_three,42,reverse_complement,heldout_query,raw,0.026305882524802388,0.9735135611379194,-0.947207678613117,0.7119064593919502,not a function of source answers alone,0
position_three,42,reverse_complement,heldout_query,within_length,0.01776016362205114,0.025970694015021497,-0.008210530392970358,0.6893463128785957,not a function of source answers alone,0
position_three,42,inverse,heldout_query,raw,0.025482182874196697,0.975314632859701,-0.9498324499855043,0.7119064593919502,not a function of source answers alone,0
position_three,42,inverse,heldout_query,within_length,0.016833020387045344,0.038551668219928996,-0.02171864783288365,0.6893463128785957,not a function of source answers alone,0
position_three,42,complement,prefix_mean,raw,0.18339229921294206,0.7896085919470964,-0.6062162927341543,0.0789050648388075,not a function of source answers alone,0
position_three,42,complement,prefix_mean,within_length,0.016842989423666067,0.034450506421394106,-0.01760751699772804,0.02815329125134258,not a function of source answers alone,0
position_three,42,reverse,prefix_mean,raw,0.6090695706480977,0.7185525473329901,-0.10948297668489237,0.07720638753407105,not a function of source answers alone,0
position_three,42,reverse,prefix_mean,within_length,0.6765885951778998,0.454098610658302,0.22248998451959784,0.026407293328134407,not a function of source answers alone,0
position_three,42,reverse_complement,prefix_mean,raw,0.17534368810888634,0.7966964711677607,-0.6213527830588743,0.7119064593919502,not a function of source answers alone,0
position_three,42,reverse_complement,prefix_mean,within_length,0.016474695011746452,0.02576939322974803,-0.00929469821800158,0.6893463128785957,not a function of source answers alone,0
position_three,42,inverse,prefix_mean,raw,0.3182559196099421,0.8086387806003574,-0.49038286099041534,0.7119064593919502,not a function of source answers alone,0
position_three,42,inverse,prefix_mean,within_length,0.17909610071196505,0.03883004127133665,0.1402660594406284,0.6893463128785957,not a function of source answers alone,0
position_three,42,complement,source_query_concat,raw,0.06029747375301778,0.9725330154732376,-0.9122355417202198,0.0789050648388075,not a function of source answers alone,0
position_three,42,complement,source_query_concat,within_length,0.029942968661194346,0.030891662567049387,-0.0009486939058550407,0.02815329125134258,not a function of source answers alone,0
position_three,42,reverse,source_query_concat,raw,0.06089918491814528,0.9575988248453746,-0.8966996399272293,0.07720638753407105,not a function of source answers alone,0
position_three,42,reverse,source_query_concat,within_length,0.0309669271944692,0.6215770268452433,-0.590610099650774,0.026407293328134407,not a function of source answers alone,0
position_three,42,reverse_complement,source_query_concat,raw,0.6569922591989026,0.9737893454398395,-0.31679708624093694,0.7119064593919502,not a function of source answers alone,0
position_three,42,reverse_complement,source_query_concat,within_length,0.6418956843212011,0.026034855518285764,0.6158608288029154,0.6893463128785957,not a function of source answers alone,0
position_three,42,inverse,source_query_concat,raw,0.6642279752474264,0.9755345340808108,-0.31130655883338443,0.7119064593919502,not a function of source answers alone,0
position_three,42,inverse,source_query_concat,within_length,0.6496303886271372,0.03867905329122074,0.6109513353359164,0.6893463128785957,not a function of source answers alone,0
position_four,42,complement,ONE_END,raw,0.594421733501178,0.9721785148334582,-0.3777567813322802,0.08130881489803163,not a function of source answers alone,0
position_four,42,complement,ONE_END,within_length,0.017584814881327758,0.03232632014538769,-0.014741505264059929,0.02618214059817384,not a function of source answers alone,0
position_four,42,reverse,ONE_END,raw,0.5984151625704688,0.9575405148256191,-0.3591253522551503,0.08130881489803163,not a function of source answers alone,0
position_four,42,reverse,ONE_END,within_length,0.015687263393712687,0.6299940486735618,-0.614306785279849,0.02618214059817383,not a function of source answers alone,0
position_four,42,reverse_complement,ONE_END,raw,0.7043711131998387,0.9735420223531553,-0.26917090915331665,1.0,proved linear task-vector closure,0
position_four,42,reverse_complement,ONE_END,within_length,0.17824353137639645,0.026865811009079206,0.15137772036731725,1.0,proved linear task-vector closure,0
position_four,42,inverse,ONE_END,raw,0.8901817990185752,0.9752864917455223,-0.0851046927269471,1.0,proved linear task-vector closure,0
position_four,42,inverse,ONE_END,within_length,0.6544232394972135,0.03836502696003961,0.6160582125371739,1.0,proved linear task-vector closure,0
position_four,42,complement,heldout_query,raw,0.39555585365350915,0.9722825298141496,-0.5767266761606404,0.08130881489803163,not a function of source answers alone,0
position_four,42,complement,heldout_query,within_length,0.01602088486089707,0.03082055906961574,-0.01479967420871867,0.02618214059817384,not a function of source answers alone,0
position_four,42,reverse,heldout_query,raw,0.40198900981835783,0.9572548796032796,-0.5552658697849218,0.08130881489803163,not a function of source answers alone,0
position_four,42,reverse,heldout_query,within_length,0.016302889913147208,0.6216827140196179,-0.6053798241064707,0.02618214059817383,not a function of source answers alone,0
position_four,42,reverse_complement,heldout_query,raw,0.5436140913928877,0.9735135611379194,-0.4298994697450317,1.0,proved linear task-vector closure,0
position_four,42,reverse_complement,heldout_query,within_length,0.11363217134990809,0.025970694015021497,0.08766147733488659,1.0,proved linear task-vector closure,0
position_four,42,inverse,heldout_query,raw,0.6001362248812975,0.975314632859701,-0.3751784079784035,1.0,proved linear task-vector closure,0
position_four,42,inverse,heldout_query,within_length,0.17998791040353043,0.038551668219928996,0.14143624218360143,1.0,proved linear task-vector closure,0
position_four,42,complement,prefix_mean,raw,0.350802665610775,0.7896085919470964,-0.43880592633632143,0.08130881489803163,not a function of source answers alone,0
position_four,42,complement,prefix_mean,within_length,0.008425324464274771,0.034450506421394106,-0.026025181957119337,0.02618214059817384,not a function of source answers alone,0
position_four,42,reverse,prefix_mean,raw,0.36506920178634433,0.7185525473329901,-0.3534833455466458,0.08130881489803163,not a function of source answers alone,0
position_four,42,reverse,prefix_mean,within_length,0.0033152983690025095,0.454098610658302,-0.45078331228929946,0.02618214059817383,not a function of source answers alone,0
position_four,42,reverse_complement,prefix_mean,raw,0.4461743665321498,0.7966964711677607,-0.35052210463561084,1.0,proved linear task-vector closure,0
position_four,42,reverse_complement,prefix_mean,within_length,0.08614140239637337,0.02576939322974803,0.06037200916662534,1.0,proved linear task-vector closure,0
position_four,42,inverse,prefix_mean,raw,0.9620105901069655,0.8086387806003574,0.15337180950660811,1.0,proved linear task-vector closure,0
position_four,42,inverse,prefix_mean,within_length,0.9481279031734763,0.03883004127133665,0.9092978619021397,1.0,proved linear task-vector closure,0
position_four,42,complement,source_query_concat,raw,0.15558357228223996,0.972624946421695,-0.817041374139455,0.08130881489803163,not a function of source answers alone,0
position_four,42,complement,source_query_concat,within_length,0.023166197214334886,0.030911102619789754,-0.0077449054054548674,0.02618214059817384,not a function of source answers alone,0
position_four,42,reverse,source_query_concat,raw,0.15425009398248662,0.9577381799301183,-0.8034880859476317,0.08130881489803163,not a function of source answers alone,0
position_four,42,reverse,source_query_concat,within_length,0.02346917716191374,0.6213421902434478,-0.5978730130815341,0.02618214059817383,not a function of source answers alone,0
position_four,42,reverse_complement,source_query_concat,raw,0.9199606674283896,0.9738694657155467,-0.05390879828715711,1.0,proved linear task-vector closure,0
position_four,42,reverse_complement,source_query_concat,within_length,0.9118349293014069,0.02604590512733521,0.8857890241740717,1.0,proved linear task-vector closure,0
position_four,42,inverse,source_query_concat,raw,0.9418306526464153,0.9756131786101415,-0.03378252596372622,1.0,proved linear task-vector closure,0
position_four,42,inverse,source_query_concat,within_length,0.9369077523867988,0.03868475209590318,0.8982230002908956,1.0,proved linear task-vector closure,0
cycle_none,101,complement,ONE_END,raw,0.5741560341859095,0.973632268615983,-0.3994762344300734,0.11185099132807405,not a function of source answers alone,0
cycle_none,101,complement,ONE_END,within_length,0.02162637342289158,0.04418961989998919,-0.022563246477097607,0.01495646244278713,not a function of source answers alone,0
cycle_none,101,reverse,ONE_END,raw,0.58113003963591,0.9601896592841876,-0.3790596196482776,0.11233609580323156,not a function of source answers alone,0
cycle_none,101,reverse,ONE_END,within_length,0.022780595683475707,0.6267706643371289,-0.6039900686536532,0.01572435275807528,not a function of source answers alone,0
cycle_none,101,reverse_complement,ONE_END,raw,0.5679471768356529,0.9752956567339996,-0.40734847989834677,0.8743588200348241,not a function of source answers alone,0
cycle_none,101,reverse_complement,ONE_END,within_length,0.0742737450369774,0.0348155543901318,0.039458190646845595,0.8779500518980007,not a function of source answers alone,0
cycle_none,101,inverse,ONE_END,raw,0.5631555384005997,0.9765526804957851,-0.4133971420951854,0.8743588200348241,not a function of source answers alone,0
cycle_none,101,inverse,ONE_END,within_length,0.06385081139565678,0.047068598016598004,0.016782213379058775,0.8779500518980007,not a function of source answers alone,0
cycle_none,101,complement,heldout_query,raw,0.14413648086599049,0.9755950854556381,-0.8314586045896476,0.11185099132807405,not a function of source answers alone,0
cycle_none,101,complement,heldout_query,within_length,0.01726443885912278,0.04711301118318943,-0.029848572324066652,0.01495646244278713,not a function of source answers alone,0
cycle_none,101,reverse,heldout_query,raw,0.12870092905134584,0.9643443591696859,-0.83564343011834,0.11233609580323156,not a function of source answers alone,0
cycle_none,101,reverse,heldout_query,within_length,0.020508024070947782,0.6287466702079937,-0.6082386461370459,0.01572435275807528,not a function of source answers alone,0
cycle_none,101,reverse_complement,heldout_query,raw,0.1799741560740008,0.9780077334064464,-0.7980335773324456,0.8743588200348241,not a function of source answers alone,0
cycle_none,101,reverse_complement,heldout_query,within_length,0.08112466173892947,0.03625943826077826,0.044865223478151216,0.8779500518980007,not a function of source answers alone,0
cycle_none,101,inverse,heldout_query,raw,0.22301135797711624,0.9792783015023352,-0.756266943525219,0.8743588200348241,not a function of source answers alone,0
cycle_none,101,inverse,heldout_query,within_length,0.1240808598800211,0.049656407462935,0.07442445241708609,0.8779500518980007,not a function of source answers alone,0
cycle_none,101,complement,prefix_mean,raw,0.6463603469235942,0.7622522164391634,-0.11589186951556918,0.11185099132807405,not a function of source answers alone,0
cycle_none,101,complement,prefix_mean,within_length,0.026835165054782683,0.042608609961436214,-0.01577344490665353,0.01495646244278713,not a function of source answers alone,0
cycle_none,101,reverse,prefix_mean,raw,0.661786019698922,0.680769522826952,-0.018983503128029988,0.11233609580323156,not a function of source answers alone,0
cycle_none,101,reverse,prefix_mean,within_length,0.07065454777725119,0.48442257202516154,-0.41376802424791037,0.01572435275807528,not a function of source answers alone,0
cycle_none,101,reverse_complement,prefix_mean,raw,0.6648909869544928,0.7781239806909388,-0.11323299373644602,0.8743588200348241,not a function of source answers alone,0
cycle_none,101,reverse_complement,prefix_mean,within_length,0.05319390676798837,0.027549989369047848,0.025643917398940525,0.8779500518980007,not a function of source answers alone,0
cycle_none,101,inverse,prefix_mean,raw,0.8270275892415027,0.7825519559851053,0.04447563325639736,0.8743588200348241,not a function of source answers alone,0
cycle_none,101,inverse,prefix_mean,within_length,0.5568144469475519,0.036797837577658636,0.5200166093698932,0.8779500518980007,not a function of source answers alone,0
cycle_none,101,complement,source_query_concat,raw,0.615544896109191,0.9749775173781622,-0.35943262126897113,0.11185099132807405,not a function of source answers alone,0
cycle_none,101,complement,source_query_concat,within_length,0.012808814699867693,0.04709557569809017,-0.034286760998222476,0.01495646244278713,not a function of source answers alone,0
cycle_none,101,reverse,source_query_concat,raw,0.6176250322364771,0.9635195931228467,-0.3458945608863696,0.11233609580323156,not a function of source answers alone,0
cycle_none,101,reverse,source_query_concat,within_length,0.013157652243464268,0.6286160076532166,-0.6154583554097524,0.01572435275807528,not a function of source answers alone,0
cycle_none,101,reverse_complement,source_query_concat,raw,0.7634681138044587,0.9775362873982804,-0.2140681735938217,0.8743588200348241,not a function of source answers alone,0
cycle_none,101,reverse_complement,source_query_concat,within_length,0.4302184249674222,0.03626948995088965,0.39394893501653255,0.8779500518980007,not a function of source answers alone,0
cycle_none,101,inverse,source_query_concat,raw,0.7808201321953977,0.9788438316429419,-0.19802369944754417,0.8743588200348241,not a function of source answers alone,0
cycle_none,101,inverse,source_query_concat,within_length,0.4679783406767563,0.04974138240042446,0.41823695827633184,0.8779500518980007,not a function of source answers alone,0
cycle_three,101,complement,ONE_END,raw,0.0063666893005033046,0.973632268615983,-0.9672655793154796,0.0148916962007111,not a function of source answers alone,0
cycle_three,101,complement,ONE_END,within_length,0.006119889420250366,0.04418961989998919,-0.03806973047973882,0.014570761067180403,not a function of source answers alone,0
cycle_three,101,reverse,ONE_END,raw,0.008875871376344555,0.9601896592841876,-0.951313787907843,0.0148916962007111,not a function of source answers alone,0
cycle_three,101,reverse,ONE_END,within_length,0.008731189762122595,0.6267706643371289,-0.6180394745750063,0.014570761067180403,not a function of source answers alone,0
cycle_three,101,reverse_complement,ONE_END,raw,0.0824281991756978,0.9752956567339996,-0.8928674575583019,1.0,proved linear task-vector closure,0
cycle_three,101,reverse_complement,ONE_END,within_length,0.07710415753737282,0.0348155543901318,0.04228860314724102,1.0,proved linear task-vector closure,0
cycle_three,101,inverse,ONE_END,raw,0.9096275013019088,0.9765526804957851,-0.0669251791938763,1.0,proved linear task-vector closure,0
cycle_three,101,inverse,ONE_END,within_length,0.9094774451744733,0.047068598016598004,0.8624088471578752,1.0,proved linear task-vector closure,0
cycle_three,101,complement,heldout_query,raw,0.00807346433950643,0.9755950854556381,-0.9675216211161317,0.0148916962007111,not a function of source answers alone,0
cycle_three,101,complement,heldout_query,within_length,0.00461276445754395,0.04711301118318943,-0.04250024672564548,0.014570761067180403,not a function of source answers alone,0
cycle_three,101,reverse,heldout_query,raw,0.008011880836283866,0.9643443591696859,-0.956332478333402,0.0148916962007111,not a function of source answers alone,0
cycle_three,101,reverse,heldout_query,within_length,0.004474484215163531,0.6287466702079937,-0.6242721859928302,0.014570761067180403,not a function of source answers alone,0
cycle_three,101,reverse_complement,heldout_query,raw,0.30925163564259245,0.9780077334064464,-0.668756097763854,1.0,proved linear task-vector closure,0
cycle_three,101,reverse_complement,heldout_query,within_length,0.31284127789732225,0.03625943826077826,0.276581839636544,1.0,proved linear task-vector closure,0
cycle_three,101,inverse,heldout_query,raw,0.8482347430237385,0.9792783015023352,-0.13104355847859672,1.0,proved linear task-vector closure,0
cycle_three,101,inverse,heldout_query,within_length,0.8502718449929403,0.049656407462935,0.8006154375300053,1.0,proved linear task-vector closure,0
cycle_three,101,complement,prefix_mean,raw,0.023878700789191947,0.7622522164391634,-0.7383735156499714,0.0148916962007111,not a function of source answers alone,0
cycle_three,101,complement,prefix_mean,within_length,0.00827221823715866,0.042608609961436214,-0.034336391724277555,0.014570761067180403,not a function of source answers alone,0
cycle_three,101,reverse,prefix_mean,raw,0.02754936859652827,0.680769522826952,-0.6532201542304238,0.0148916962007111,not a function of source answers alone,0
cycle_three,101,reverse,prefix_mean,within_length,0.010803512871077224,0.48442257202516154,-0.4736190591540843,0.014570761067180403,not a function of source answers alone,0
cycle_three,101,reverse_complement,prefix_mean,raw,0.13409932194150562,0.7781239806909388,-0.6440246587494332,1.0,proved linear task-vector closure,0
cycle_three,101,reverse_complement,prefix_mean,within_length,0.11676087348526511,0.027549989369047848,0.08921088411621726,1.0,proved linear task-vector closure,0
cycle_three,101,inverse,prefix_mean,raw,0.7338634918068463,0.7825519559851053,-0.048688464178259006,1.0,proved linear task-vector closure,0
cycle_three,101,inverse,prefix_mean,within_length,0.7291653330484638,0.036797837577658636,0.6923674954708051,1.0,proved linear task-vector closure,0
cycle_three,101,complement,source_query_concat,raw,0.027201065237254747,0.974821787475887,-0.9476207222386323,0.0148916962007111,not a function of source answers alone,0
cycle_three,101,complement,source_query_concat,within_length,0.006375805022373808,0.04710991071534523,-0.04073410569297142,0.014570761067180403,not a function of source answers alone,0
cycle_three,101,reverse,source_query_concat,raw,0.027238424606803265,0.9632905611506033,-0.9360521365438,0.0148916962007111,not a function of source answers alone,0
cycle_three,101,reverse,source_query_concat,within_length,0.0065225499740921185,0.628555202723007,-0.622032652748915,0.014570761067180403,not a function of source answers alone,0
cycle_three,101,reverse_complement,source_query_concat,raw,0.9581782200809318,0.9773655861451211,-0.01918736606418936,1.0,proved linear task-vector closure,0
cycle_three,101,reverse_complement,source_query_concat,within_length,0.9616337281339952,0.036270244168565995,0.9253634839654292,1.0,proved linear task-vector closure,0
cycle_three,101,inverse,source_query_concat,raw,0.98655807136483,0.9786873412923499,0.00787073007248007,1.0,proved linear task-vector closure,0
cycle_three,101,inverse,source_query_concat,within_length,0.9885809178932432,0.049751289671236314,0.9388296282220069,1.0,proved linear task-vector closure,0
cycle_four,101,complement,ONE_END,raw,0.6678345375297317,0.973632268615983,-0.3057977310862513,0.07246885639895795,not a function of source answers alone,0
cycle_four,101,complement,ONE_END,within_length,0.017435456696861324,0.04418961989998919,-0.026754163203127863,0.013472840703865339,not a function of source answers alone,0
cycle_four,101,reverse,ONE_END,raw,0.7157496437467877,0.9601896592841876,-0.2444400155373999,0.07246885639895795,not a function of source answers alone,0
cycle_four,101,reverse,ONE_END,within_length,0.017984688068591603,0.6267706643371289,-0.6087859762685373,0.013472840703865339,not a function of source answers alone,0
cycle_four,101,reverse_complement,ONE_END,raw,0.715197559419383,0.9752956567339996,-0.26009809731461664,1.0,proved linear task-vector closure,0
cycle_four,101,reverse_complement,ONE_END,within_length,0.05414061457159149,0.0348155543901318,0.019325060181459693,1.0,proved linear task-vector closure,0
cycle_four,101,inverse,ONE_END,raw,0.8406744849211082,0.9765526804957851,-0.13587819557467695,1.0,proved linear task-vector closure,0
cycle_four,101,inverse,ONE_END,within_length,0.39412473831991174,0.047068598016598004,0.3470561403033137,1.0,proved linear task-vector closure,0
cycle_four,101,complement,heldout_query,raw,0.04886086546167281,0.9755950854556381,-0.9267342199939653,0.07246885639895795,not a function of source answers alone,0
cycle_four,101,complement,heldout_query,within_length,0.006360873759141388,0.04711301118318943,-0.04075213742404804,0.013472840703865339,not a function of source answers alone,0
cycle_four,101,reverse,heldout_query,raw,0.05311527657746919,0.9643443591696859,-0.9112290825922167,0.07246885639895795,not a function of source answers alone,0
cycle_four,101,reverse,heldout_query,within_length,0.003397698366766361,0.6287466702079937,-0.6253489718412273,0.013472840703865339,not a function of source answers alone,0
cycle_four,101,reverse_complement,heldout_query,raw,0.7035548916739802,0.9780077334064464,-0.2744528417324662,1.0,proved linear task-vector closure,0
cycle_four,101,reverse_complement,heldout_query,within_length,0.7211604434523554,0.03625943826077826,0.6849010051915772,1.0,proved linear task-vector closure,0
cycle_four,101,inverse,heldout_query,raw,0.85162607386831,0.9792783015023352,-0.12765222763402517,1.0,proved linear task-vector closure,0
cycle_four,101,inverse,heldout_query,within_length,0.8553931553036739,0.049656407462935,0.8057367478407389,1.0,proved linear task-vector closure,0
cycle_four,101,complement,prefix_mean,raw,0.6145069943153197,0.7622522164391634,-0.14774522212384367,0.07246885639895795,not a function of source answers alone,0
cycle_four,101,complement,prefix_mean,within_length,0.028128521467445038,0.042608609961436214,-0.014480088493991176,0.013472840703865339,not a function of source answers alone,0
cycle_four,101,reverse,prefix_mean,raw,0.609694803023365,0.680769522826952,-0.07107471980358704,0.07246885639895795,not a function of source answers alone,0
cycle_four,101,reverse,prefix_mean,within_length,0.028190528979370532,0.48442257202516154,-0.456232043045791,0.013472840703865339,not a function of source answers alone,0
cycle_four,101,reverse_complement,prefix_mean,raw,0.694773754131828,0.7781239806909388,-0.08335022655911084,1.0,proved linear task-vector closure,0
cycle_four,101,reverse_complement,prefix_mean,within_length,0.037496223655496166,0.027549989369047848,0.009946234286448318,1.0,proved linear task-vector closure,0
cycle_four,101,inverse,prefix_mean,raw,0.894521315874853,0.7825519559851053,0.11196935988974765,1.0,proved linear task-vector closure,0
cycle_four,101,inverse,prefix_mean,within_length,0.7884578848260881,0.036797837577658636,0.7516600472484295,1.0,proved linear task-vector closure,0
cycle_four,101,complement,source_query_concat,raw,0.5232528806049316,0.9749083424582853,-0.4516554618533537,0.07246885639895795,not a function of source answers alone,0
cycle_four,101,complement,source_query_concat,within_length,0.0041241197742540574,0.047099628382818254,-0.042975508608564195,0.013472840703865339,not a function of source answers alone,0
cycle_four,101,reverse,source_query_concat,raw,0.5232539195585246,0.963385647328584,-0.4401317277700594,0.07246885639895795,not a function of source answers alone,0
cycle_four,101,reverse,source_query_concat,within_length,0.0035671116392059126,0.6286996758017662,-0.6251325641625604,0.013472840703865339,not a function of source answers alone,0
cycle_four,101,reverse_complement,source_query_concat,raw,0.9823960101444631,0.9774324432285626,0.004963566915900497,1.0,proved linear task-vector closure,0
cycle_four,101,reverse_complement,source_query_concat,within_length,0.9706028338870595,0.03628058825539423,0.9343222456316652,1.0,proved linear task-vector closure,0
cycle_four,101,inverse,source_query_concat,raw,0.9941396824650532,0.9787649137293669,0.015374768735686328,1.0,proved linear task-vector closure,0
cycle_four,101,inverse,source_query_concat,within_length,0.9907820826002585,0.049748013209779035,0.9410340693904794,1.0,proved linear task-vector closure,0
interior_none,101,complement,ONE_END,raw,0.18845480886114344,0.973632268615983,-0.7851774597548395,0.49253219412176724,not a function of source answers alone,0
interior_none,101,complement,ONE_END,within_length,0.19455109794570138,0.04418961989998919,0.1503614780457122,0.3697585446225355,not a function of source answers alone,0
interior_none,101,reverse,ONE_END,raw,0.027378906589251455,0.9601896592841876,-0.9328107526949362,1.0,proved linear task-vector closure,0
interior_none,101,reverse,ONE_END,within_length,0.019250936858518582,0.6267706643371289,-0.6075197274786104,1.0,proved linear task-vector closure,0
interior_none,101,reverse_complement,ONE_END,raw,0.019682509124697666,0.9752956567339996,-0.9556131476093019,0.4925321941217673,not a function of source answers alone,0
interior_none,101,reverse_complement,ONE_END,within_length,0.009801512563523733,0.0348155543901318,-0.025014041826608067,0.36975854462253555,not a function of source answers alone,0
interior_none,101,inverse,ONE_END,raw,0.2281080035636817,0.9765526804957851,-0.7484446769321035,0.3631500673280833,not a function of source answers alone,0
interior_none,101,inverse,ONE_END,within_length,0.21396227419855096,0.047068598016598004,0.16689367618195294,0.3385783087001135,not a function of source answers alone,0
interior_none,101,complement,heldout_query,raw,0.17971801201715135,0.9755950854556381,-0.7958770734384868,0.49253219412176724,not a function of source answers alone,0
interior_none,101,complement,heldout_query,within_length,0.22071932311035938,0.04711301118318943,0.17360631192716997,0.3697585446225355,not a function of source answers alone,0
interior_none,101,reverse,heldout_query,raw,0.090269956243836,0.9643443591696859,-0.8740744029258498,1.0,proved linear task-vector closure,0
interior_none,101,reverse,heldout_query,within_length,0.01296873499573827,0.6287466702079937,-0.6157779352122554,1.0,proved linear task-vector closure,0
interior_none,101,reverse_complement,heldout_query,raw,0.08716168916509819,0.9780077334064464,-0.8908460442413483,0.4925321941217673,not a function of source answers alone,0
interior_none,101,reverse_complement,heldout_query,within_length,0.014900268977677735,0.03625943826077826,-0.021359169283100523,0.36975854462253555,not a function of source answers alone,0
interior_none,101,inverse,heldout_query,raw,0.14650931484523239,0.9792783015023352,-0.8327689866571029,0.3631500673280833,not a function of source answers alone,0
interior_none,101,inverse,heldout_query,within_length,0.07178380319660611,0.049656407462935,0.02212739573367111,0.3385783087001135,not a function of source answers alone,0
interior_none,101,complement,prefix_mean,raw,0.3033795610679749,0.7622522164391634,-0.4588726553711885,0.49253219412176724,not a function of source answers alone,0
interior_none,101,complement,prefix_mean,within_length,0.08124952733124018,0.042608609961436214,0.03864091736980396,0.3697585446225355,not a function of source answers alone,0
interior_none,101,reverse,prefix_mean,raw,0.6797120322489189,0.680769522826952,-0.0010574905780331711,1.0,proved linear task-vector closure,0
interior_none,101,reverse,prefix_mean,within_length,0.6444044930089917,0.48442257202516154,0.15998192098383018,1.0,proved linear task-vector closure,0
interior_none,101,reverse_complement,prefix_mean,raw,0.30788924577875965,0.7781239806909388,-0.47023473491217915,0.4925321941217673,not a function of source answers alone,0
interior_none,101,reverse_complement,prefix_mean,within_length,0.04119501420295852,0.027549989369047848,0.013645024833910672,0.36975854462253555,not a function of source answers alone,0
interior_none,101,inverse,prefix_mean,raw,0.30736766746962385,0.7825519559851053,-0.47518428851548145,0.3631500673280833,not a function of source answers alone,0
interior_none,101,inverse,prefix_mean,within_length,0.04207159269629495,0.036797837577658636,0.005273755118636314,0.3385783087001135,not a function of source answers alone,0
interior_none,101,complement,source_query_concat,raw,0.6231077244849461,0.974803579893038,-0.3516958554080919,0.49253219412176724,not a function of source answers alone,0
interior_none,101,complement,source_query_concat,within_length,0.358443858911215,0.0470592142824618,0.3113846446287532,0.3697585446225355,not a function of source answers alone,0
interior_none,101,reverse,source_query_concat,raw,0.9037622580370708,0.9632400682467579,-0.05947781020968712,1.0,proved linear task-vector closure,0
interior_none,101,reverse,source_query_concat,within_length,0.8582638878214834,0.6286233621597538,0.22964052566172966,1.0,proved linear task-vector closure,0
interior_none,101,reverse_complement,source_query_concat,raw,0.6198708021437844,0.9773560414575788,-0.3574852393137944,0.4925321941217673,not a function of source answers alone,0
interior_none,101,reverse_complement,source_query_concat,within_length,0.3538398022075532,0.03622887082095362,0.31761093138659957,0.36975854462253555,not a function of source answers alone,0
interior_none,101,inverse,source_query_concat,raw,0.29552186501725813,0.9786665315157603,-0.6831446664985021,0.3631500673280833,not a function of source answers alone,0
interior_none,101,inverse,source_query_concat,within_length,0.2518642693436814,0.04969611773360674,0.20216815161007465,0.3385783087001135,not a function of source answers alone,0
interior_four,101,complement,ONE_END,raw,0.6435783335847525,0.973632268615983,-0.3300539350312305,0.9999999999999999,proved linear task-vector closure,0
interior_four,101,complement,ONE_END,within_length,0.1943696190250521,0.04418961989998919,0.1501799991250629,0.9999999999999998,proved linear task-vector closure,0
interior_four,101,reverse,ONE_END,raw,0.6126622783939651,0.9601896592841876,-0.3475273808902225,0.9999999999999999,proved linear task-vector closure,0
interior_four,101,reverse,ONE_END,within_length,0.0900142231181042,0.6267706643371289,-0.5367564412190247,1.0,proved linear task-vector closure,0
interior_four,101,reverse_complement,ONE_END,raw,0.6171495102635964,0.9752956567339996,-0.3581461464704032,0.9999999999999999,proved linear task-vector closure,0
interior_four,101,reverse_complement,ONE_END,within_length,0.14053736314440324,0.0348155543901318,0.10572180875427144,1.0,proved linear task-vector closure,0
interior_four,101,inverse,ONE_END,raw,0.5646318805725455,0.9765526804957851,-0.4119207999232396,0.16613483434674406,not a function of source answers alone,0
interior_four,101,inverse,ONE_END,within_length,0.007997550219752422,0.047068598016598004,-0.03907104779684558,0.03019974584374056,not a function of source answers alone,0
interior_four,101,complement,heldout_query,raw,0.7632585440784151,0.9755950854556381,-0.21233654137722302,0.9999999999999999,proved linear task-vector closure,0
interior_four,101,complement,heldout_query,within_length,0.22378626106492983,0.04711301118318943,0.17667324988174038,0.9999999999999998,proved linear task-vector closure,0
interior_four,101,reverse,heldout_query,raw,0.7103664392678967,0.9643443591696859,-0.2539779199017892,0.9999999999999999,proved linear task-vector closure,0
interior_four,101,reverse,heldout_query,within_length,0.12060793635042413,0.6287466702079937,-0.5081387338575696,1.0,proved linear task-vector closure,0
interior_four,101,reverse_complement,heldout_query,raw,0.7489383891899395,0.9780077334064464,-0.22906934421650693,0.9999999999999999,proved linear task-vector closure,0
interior_four,101,reverse_complement,heldout_query,within_length,0.24893300511532795,0.03625943826077826,0.2126735668545497,1.0,proved linear task-vector closure,0
interior_four,101,inverse,heldout_query,raw,0.620426097940308,0.9792783015023352,-0.3588522035620272,0.16613483434674406,not a function of source answers alone,0
interior_four,101,inverse,heldout_query,within_length,0.008286189564893714,0.049656407462935,-0.04137021789804129,0.03019974584374056,not a function of source answers alone,0
interior_four,101,complement,prefix_mean,raw,0.9059560530621438,0.7622522164391634,0.14370383662298036,0.9999999999999999,proved linear task-vector closure,0
interior_four,101,complement,prefix_mean,within_length,0.3522531547653761,0.042608609961436214,0.3096445448039399,0.9999999999999998,proved linear task-vector closure,0
interior_four,101,reverse,prefix_mean,raw,0.9035955835375997,0.680769522826952,0.2228260607106477,0.9999999999999999,proved linear task-vector closure,0
interior_four,101,reverse,prefix_mean,within_length,0.021406853086375768,0.48442257202516154,-0.4630157189387858,1.0,proved linear task-vector closure,0
interior_four,101,reverse_complement,prefix_mean,raw,0.9188528285073376,0.7781239806909388,0.14072884781639883,0.9999999999999999,proved linear task-vector closure,0
interior_four,101,reverse_complement,prefix_mean,within_length,0.01939615470424148,0.027549989369047848,-0.008153834664806368,1.0,proved linear task-vector closure,0
interior_four,101,inverse,prefix_mean,raw,0.9107032051586755,0.7825519559851053,0.12815124917357024,0.16613483434674406,not a function of source answers alone,0
interior_four,101,inverse,prefix_mean,within_length,0.011284921479364454,0.036797837577658636,-0.025512916098294182,0.03019974584374056,not a function of source answers alone,0
interior_four,101,complement,source_query_concat,raw,0.9408908423323292,0.9746548216035011,-0.03376397927117192,0.9999999999999999,proved linear task-vector closure,0
interior_four,101,complement,source_query_concat,within_length,0.6985314630989007,0.04706154378962995,0.6514699193092708,0.9999999999999998,proved linear task-vector closure,0
interior_four,101,reverse,source_query_concat,raw,0.8830049881409217,0.9630365829575539,-0.08003159481663225,0.9999999999999999,proved linear task-vector closure,0
interior_four,101,reverse,source_query_concat,within_length,0.37319784845038023,0.6286319263655176,-0.25543407791513734,1.0,proved linear task-vector closure,0
interior_four,101,reverse_complement,source_query_concat,raw,0.8890302338635371,0.977219194396371,-0.08818896053283387,0.9999999999999999,proved linear task-vector closure,0
interior_four,101,reverse_complement,source_query_concat,within_length,0.4012324616734309,0.03623348106728088,0.36499898060615005,1.0,proved linear task-vector closure,0
interior_four,101,inverse,source_query_concat,raw,0.8024926117946394,0.9785453842226225,-0.17605277242798312,0.16613483434674406,not a function of source answers alone,0
interior_four,101,inverse,source_query_concat,within_length,0.01974335990704498,0.04974767831234292,-0.03000431840529794,0.03019974584374056,not a function of source answers alone,0
position_none,101,complement,ONE_END,raw,0.5151513420962903,0.973632268615983,-0.45848092651969263,0.7134035679371824,proved linear task-vector closure,0
position_none,101,complement,ONE_END,within_length,0.12100629104177571,0.04418961989998919,0.07681667114178653,0.7029171838373484,proved linear task-vector closure,0
position_none,101,reverse,ONE_END,raw,0.4038443495729331,0.9601896592841876,-0.5563453097112545,0.7134035679371824,proved linear task-vector closure,0
position_none,101,reverse,ONE_END,within_length,0.008954530492654166,0.6267706643371289,-0.6178161338444748,0.7029171838373484,proved linear task-vector closure,0
position_none,101,reverse_complement,ONE_END,raw,0.4494437876908339,0.9752956567339996,-0.5258518690431657,1.0,proved linear task-vector closure,0
position_none,101,reverse_complement,ONE_END,within_length,0.03171227538553904,0.0348155543901318,-0.003103279004592757,1.0,proved linear task-vector closure,0
position_none,101,inverse,ONE_END,raw,0.4655385324117438,0.9765526804957851,-0.5110141480840413,0.6362759804879538,not a function of source answers alone,0
position_none,101,inverse,ONE_END,within_length,0.020547824880799502,0.047068598016598004,-0.026520773135798502,0.6447718989335887,not a function of source answers alone,0
position_none,101,complement,heldout_query,raw,0.7899316560923655,0.9755950854556381,-0.18566342936327263,0.7134035679371824,proved linear task-vector closure,0
position_none,101,complement,heldout_query,within_length,0.17254291231293592,0.04711301118318943,0.1254299011297465,0.7029171838373484,proved linear task-vector closure,0
position_none,101,reverse,heldout_query,raw,0.7141631531290691,0.9643443591696859,-0.2501812060406168,0.7134035679371824,proved linear task-vector closure,0
position_none,101,reverse,heldout_query,within_length,0.028826461399673833,0.6287466702079937,-0.5999202088083199,0.7029171838373484,proved linear task-vector closure,0
position_none,101,reverse_complement,heldout_query,raw,0.7156347268599771,0.9780077334064464,-0.26237300654646933,1.0,proved linear task-vector closure,0
position_none,101,reverse_complement,heldout_query,within_length,0.07950309201725378,0.03625943826077826,0.04324365375647552,1.0,proved linear task-vector closure,0
position_none,101,inverse,heldout_query,raw,0.7049255235816766,0.9792783015023352,-0.2743527779206586,0.6362759804879538,not a function of source answers alone,0
position_none,101,inverse,heldout_query,within_length,0.020486537681360873,0.049656407462935,-0.02916986978157413,0.6447718989335887,not a function of source answers alone,0
position_none,101,complement,prefix_mean,raw,0.32080334853835524,0.7622522164391634,-0.4414488679008082,0.7134035679371824,proved linear task-vector closure,0
position_none,101,complement,prefix_mean,within_length,0.18604391534770873,0.042608609961436214,0.14343530538627253,0.7029171838373484,proved linear task-vector closure,0
position_none,101,reverse,prefix_mean,raw,0.1772934599864311,0.680769522826952,-0.5034760628405209,0.7134035679371824,proved linear task-vector closure,0
position_none,101,reverse,prefix_mean,within_length,0.004113784611686486,0.48442257202516154,-0.48030878741347505,0.7029171838373484,proved linear task-vector closure,0
position_none,101,reverse_complement,prefix_mean,raw,0.20401619857989528,0.7781239806909388,-0.5741077821110435,1.0,proved linear task-vector closure,0
position_none,101,reverse_complement,prefix_mean,within_length,0.008075225831750682,0.027549989369047848,-0.019474763537297164,1.0,proved linear task-vector closure,0
position_none,101,inverse,prefix_mean,raw,0.22863883979050903,0.7825519559851053,-0.5539131161945963,0.6362759804879538,not a function of source answers alone,0
position_none,101,inverse,prefix_mean,within_length,0.013604320764835242,0.036797837577658636,-0.023193516812823396,0.6447718989335887,not a function of source answers alone,0
position_none,101,complement,source_query_concat,raw,0.8272935078315962,0.9747021990932211,-0.14740869126162492,0.7134035679371824,proved linear task-vector closure,0
position_none,101,complement,source_query_concat,within_length,0.2658242333800649,0.0470869769834774,0.21873725639658748,0.7029171838373484,proved linear task-vector closure,0
position_none,101,reverse,source_query_concat,raw,0.7400372548578287,0.9631125547745226,-0.22307529991669395,0.7134035679371824,proved linear task-vector closure,0
position_none,101,reverse,source_query_concat,within_length,0.0647113122263406,0.6286074103550626,-0.563896098128722,0.7029171838373484,proved linear task-vector closure,0
position_none,101,reverse_complement,source_query_concat,raw,0.7534181828876765,0.9772524602030078,-0.22383427731533134,1.0,proved linear task-vector closure,0
position_none,101,reverse_complement,source_query_concat,within_length,0.08881345518048141,0.036231964254693015,0.05258149092578839,1.0,proved linear task-vector closure,0
position_none,101,inverse,source_query_concat,raw,0.7468133749637693,0.9785732711395614,-0.23175989617579207,0.6362759804879538,not a function of source answers alone,0
position_none,101,inverse,source_query_concat,within_length,0.07286835409929132,0.04975445994921572,0.0231138941500756,0.6447718989335887,not a function of source answers alone,0
position_three,101,complement,ONE_END,raw,0.549676788207111,0.973632268615983,-0.423955480408872,0.0789050648388075,not a function of source answers alone,0
position_three,101,complement,ONE_END,within_length,0.014101884151868057,0.04418961989998919,-0.030087735748121132,0.02815329125134258,not a function of source answers alone,0
position_three,101,reverse,ONE_END,raw,0.5719090772708885,0.9601896592841876,-0.3882805820132992,0.07720638753407105,not a function of source answers alone,0
position_three,101,reverse,ONE_END,within_length,0.010737149133729865,0.6267706643371289,-0.616033515203399,0.026407293328134407,not a function of source answers alone,0
position_three,101,reverse_complement,ONE_END,raw,0.509718416743406,0.9752956567339996,-0.46557723999059364,0.7119064593919502,not a function of source answers alone,0
position_three,101,reverse_complement,ONE_END,within_length,0.19349221352144538,0.0348155543901318,0.15867665913131357,0.6893463128785957,not a function of source answers alone,0
position_three,101,inverse,ONE_END,raw,0.5241411464435738,0.9765526804957851,-0.45241153405221135,0.7119064593919502,not a function of source answers alone,0
position_three,101,inverse,ONE_END,within_length,0.16803881798241255,0.047068598016598004,0.12097021996581454,0.6893463128785957,not a function of source answers alone,0
position_three,101,complement,heldout_query,raw,0.0432891871682667,0.9755950854556381,-0.9323058982873714,0.0789050648388075,not a function of source answers alone,0
position_three,101,complement,heldout_query,within_length,0.012239060529501699,0.04711301118318943,-0.03487395065368773,0.02815329125134258,not a function of source answers alone,0
position_three,101,reverse,heldout_query,raw,0.05199094288661496,0.9643443591696859,-0.9123534162830709,0.07720638753407105,not a function of source answers alone,0
position_three,101,reverse,heldout_query,within_length,0.00837714453965823,0.6287466702079937,-0.6203695256683355,0.026407293328134407,not a function of source answers alone,0
position_three,101,reverse_complement,heldout_query,raw,0.07818357893405498,0.9780077334064464,-0.8998241544723915,0.7119064593919502,not a function of source answers alone,0
position_three,101,reverse_complement,heldout_query,within_length,0.024280076279173498,0.03625943826077826,-0.01197936198160476,0.6893463128785957,not a function of source answers alone,0
position_three,101,inverse,heldout_query,raw,0.08458758885655014,0.9792783015023352,-0.894690712645785,0.7119064593919502,not a function of source answers alone,0
position_three,101,inverse,heldout_query,within_length,0.026285141914296786,0.049656407462935,-0.023371265548638217,0.6893463128785957,not a function of source answers alone,0
position_three,101,complement,prefix_mean,raw,0.042866146529055085,0.7622522164391634,-0.7193860699101083,0.0789050648388075,not a function of source answers alone,0
position_three,101,complement,prefix_mean,within_length,0.013343882516632719,0.042608609961436214,-0.029264727444803497,0.02815329125134258,not a function of source answers alone,0
position_three,101,reverse,prefix_mean,raw,0.5909593559715342,0.680769522826952,-0.08981016685541787,0.07720638753407105,not a function of source answers alone,0
position_three,101,reverse,prefix_mean,within_length,0.6539395394561066,0.48442257202516154,0.16951696743094508,0.026407293328134407,not a function of source answers alone,0
position_three,101,reverse_complement,prefix_mean,raw,0.04326857067086796,0.7781239806909388,-0.7348554100200708,0.7119064593919502,not a function of source answers alone,0
position_three,101,reverse_complement,prefix_mean,within_length,0.01701690685280418,0.027549989369047848,-0.010533082516243669,0.6893463128785957,not a function of source answers alone,0
position_three,101,inverse,prefix_mean,raw,0.08668139829265235,0.7825519559851053,-0.695870557692453,0.7119064593919502,not a function of source answers alone,0
position_three,101,inverse,prefix_mean,within_length,0.06715430140619856,0.036797837577658636,0.030356463828539924,0.6893463128785957,not a function of source answers alone,0
position_three,101,complement,source_query_concat,raw,0.055011167539778076,0.9748390100359163,-0.9198278424961382,0.0789050648388075,not a function of source answers alone,0
position_three,101,complement,source_query_concat,within_length,0.028275400934423482,0.04701700652093311,-0.018741605586509627,0.02815329125134258,not a function of source answers alone,0
position_three,101,reverse,source_query_concat,raw,0.05592661261644004,0.9633033740571574,-0.9073767614407173,0.07720638753407105,not a function of source answers alone,0
position_three,101,reverse,source_query_concat,within_length,0.02882501292102876,0.6287091920100081,-0.5998841790889793,0.026407293328134407,not a function of source answers alone,0
position_three,101,reverse_complement,source_query_concat,raw,0.6937284911981197,0.97739374812103,-0.2836652569229102,0.7119064593919502,not a function of source answers alone,0
position_three,101,reverse_complement,source_query_concat,within_length,0.6774005130993812,0.03621159061667472,0.6411889224827065,0.6893463128785957,not a function of source answers alone,0
position_three,101,inverse,source_query_concat,raw,0.705713513293331,0.9787039551910875,-0.27299044189775656,0.7119064593919502,not a function of source answers alone,0
position_three,101,inverse,source_query_concat,within_length,0.690345465630655,0.049680822243773314,0.6406646433868817,0.6893463128785957,not a function of source answers alone,0
position_four,101,complement,ONE_END,raw,0.14020982786268515,0.973632268615983,-0.8334224407532977,0.08130881489803163,not a function of source answers alone,0
position_four,101,complement,ONE_END,within_length,0.01866340197222646,0.04418961989998919,-0.025526217927762728,0.02618214059817384,not a function of source answers alone,0
position_four,101,reverse,ONE_END,raw,0.1460683361714437,0.9601896592841876,-0.814121323112744,0.08130881489803163,not a function of source answers alone,0
position_four,101,reverse,ONE_END,within_length,0.018200956122246377,0.6267706643371289,-0.6085697082148825,0.02618214059817383,not a function of source answers alone,0
position_four,101,reverse_complement,ONE_END,raw,0.14083774895058052,0.9752956567339996,-0.8344579077834191,1.0,proved linear task-vector closure,0
position_four,101,reverse_complement,ONE_END,within_length,0.027693135096039285,0.0348155543901318,-0.007122419294092516,1.0,proved linear task-vector closure,0
position_four,101,inverse,ONE_END,raw,0.14392257027418684,0.9765526804957851,-0.8326301102215983,1.0,proved linear task-vector closure,0
position_four,101,inverse,ONE_END,within_length,0.026699457987230325,0.047068598016598004,-0.02036914002936768,1.0,proved linear task-vector closure,0
position_four,101,complement,heldout_query,raw,0.06270089545343883,0.9755950854556381,-0.9128941900021993,0.08130881489803163,not a function of source answers alone,0
position_four,101,complement,heldout_query,within_length,0.013407107609603409,0.04711301118318943,-0.03370590357358602,0.02618214059817384,not a function of source answers alone,0
position_four,101,reverse,heldout_query,raw,0.05720124161804619,0.9643443591696859,-0.9071431175516397,0.08130881489803163,not a function of source answers alone,0
position_four,101,reverse,heldout_query,within_length,0.009434510194196626,0.6287466702079937,-0.6193121600137971,0.02618214059817383,not a function of source answers alone,0
position_four,101,reverse_complement,heldout_query,raw,0.06455574052162799,0.9780077334064464,-0.9134519928848184,1.0,proved linear task-vector closure,0
position_four,101,reverse_complement,heldout_query,within_length,0.018508725391699215,0.03625943826077826,-0.017750712869079043,1.0,proved linear task-vector closure,0
position_four,101,inverse,heldout_query,raw,0.06712057064037251,0.9792783015023352,-0.9121577308619627,1.0,proved linear task-vector closure,0
position_four,101,inverse,heldout_query,within_length,0.021844071969909395,0.049656407462935,-0.027812335493025607,1.0,proved linear task-vector closure,0
position_four,101,complement,prefix_mean,raw,0.6770923745261417,0.7622522164391634,-0.08515984191302173,0.08130881489803163,not a function of source answers alone,0
position_four,101,complement,prefix_mean,within_length,0.040486233380940824,0.042608609961436214,-0.00212237658049539,0.02618214059817384,not a function of source answers alone,0
position_four,101,reverse,prefix_mean,raw,0.6481956451565938,0.680769522826952,-0.03257387767035824,0.08130881489803163,not a function of source answers alone,0
position_four,101,reverse,prefix_mean,within_length,0.0489936486787392,0.48442257202516154,-0.43542892334642236,0.02618214059817383,not a function of source answers alone,0
position_four,101,reverse_complement,prefix_mean,raw,0.6697645061401042,0.7781239806909388,-0.10835947455083461,1.0,proved linear task-vector closure,0
position_four,101,reverse_complement,prefix_mean,within_length,0.08270451897146269,0.027549989369047848,0.05515452960241485,1.0,proved linear task-vector closure,0
position_four,101,inverse,prefix_mean,raw,0.6798719455634146,0.7825519559851053,-0.10268001042169073,1.0,proved linear task-vector closure,0
position_four,101,inverse,prefix_mean,within_length,0.23717970686624712,0.036797837577658636,0.20038186928858848,1.0,proved linear task-vector closure,0
position_four,101,complement,source_query_concat,raw,0.16066668995264805,0.9746987536103442,-0.8140320636576961,0.08130881489803163,not a function of source answers alone,0
position_four,101,complement,source_query_concat,within_length,0.024763670439346158,0.04713778005660084,-0.02237410961725468,0.02618214059817384,not a function of source answers alone,0
position_four,101,reverse,source_query_concat,raw,0.16124841887655184,0.963083425910722,-0.8018350070341702,0.08130881489803163,not a function of source answers alone,0
position_four,101,reverse,source_query_concat,within_length,0.024720701504790915,0.6287447108329762,-0.6040240093281853,0.02618214059817383,not a function of source answers alone,0
position_four,101,reverse_complement,source_query_concat,raw,0.9153154974322554,0.9772487905793633,-0.06193329314710794,1.0,proved linear task-vector closure,0
position_four,101,reverse_complement,source_query_concat,within_length,0.9058090779186773,0.03629622252840302,0.8695128553902742,1.0,proved linear task-vector closure,0
position_four,101,inverse,source_query_concat,raw,0.9259126016108141,0.9785775160289542,-0.05266491441814003,1.0,proved linear task-vector closure,0
position_four,101,inverse,source_query_concat,within_length,0.9168109503825999,0.049803753334051466,0.8670071970485483,1.0,proved linear task-vector closure,0
